timestamp,trip_id,route_id,lat,lon,bearing,speed_kmh,delay_sec,delay_min,on_time
2026-10-10T17:33:29+11:00,2741411,700015_3AT4,-33.88010787963867,151.2074737548828,281.0,4.3,,,
2026-10-10T17:33:29+11:00,2290708,2459_433,-33.87821960449219,151.18360900878906,54.0,22.0,-5,-0.08,True
2026-10-10T17:33:29+11:00,2288532,2459_433,-33.87771224975586,151.18435668945312,236.0,10.8,26,0.43,True
2026-10-10T17:33:29+11:00,2707943,2504_607X,-33.863765716552734,151.2053985595703,169.0,35.3,18,0.3,True
2026-10-10T17:33:29+11:00,2636774,2459_504,-33.873775482177734,151.21229553222656,261.0,24.8,-29,-0.48,True
2026-10-10T17:33:29+11:00,2374272,2508_144,-33.80288314819336,151.1796112060547,188.0,49.3,157,2.62,True
2026-10-10T17:33:29+11:00,2424284,2508_230,-33.848934173583984,151.21168518066406,351.0,36.7,230,3.83,True
2026-10-10T17:33:29+11:00,2285202,2459_389,-33.874820709228516,151.1968231201172,258.0,18.4,217,3.62,True
2026-10-10T17:33:29+11:00,2211222,2459_464,-33.85633087158203,151.10321044921875,352.0,11.2,-411,-6.85,False
2026-10-10T17:33:29+11:00,2636636,2459_504,-33.85129165649414,151.1360626220703,229.0,15.5,86,1.43,True
2026-10-10T17:33:29+11:00,2736925,2459_445,-33.89653778076172,151.1531524658203,252.0,0.0,44,0.73,True
2026-10-10T17:33:29+11:00,2377159,2508_173X,-33.827880859375,151.2305145263672,59.0,46.8,149,2.48,True
2026-10-10T17:33:29+11:00,2211357,2459_464,-33.88832092285156,151.12411499023438,299.0,13.3,78,1.3,True
2026-10-10T17:33:29+11:00,2620112,2459_530,-33.814918518066406,151.15452575683594,273.0,0.0,337,5.62,True
2026-10-10T17:33:29+11:00,2475160,2459_389,-33.86382293701172,151.1931610107422,329.0,0.0,168,2.8,True
2026-10-10T17:33:29+11:00,2718886,2514_270,-33.869285583496094,151.20559692382812,353.0,18.0,14,0.23,True
2026-10-10T17:33:29+11:00,2475109,2459_389,-33.87847900390625,151.2173614501953,193.0,14.8,97,1.62,True
2026-10-10T17:33:29+11:00,2550526,2508_263,-33.835960388183594,151.215576171875,179.0,31.7,53,0.88,True
2026-10-10T17:33:29+11:00,2036866,2459_440,-33.88463592529297,151.1910400390625,81.0,16.9,-461,-7.68,False
2026-10-10T17:33:29+11:00,2686178,2459_423,-33.9119758605957,151.16041564941406,225.0,13.3,168,2.8,True
2026-10-10T17:33:29+11:00,2377290,2508_172X,-33.83081817626953,151.2252655029297,246.0,9.7,274,4.57,True
2026-10-10T17:33:29+11:00,2288283,2459_422,-33.9128303527832,151.17909240722656,217.0,26.6,-40,-0.67,True
2026-10-10T17:33:29+11:00,2288976,2459_422,-33.89696502685547,151.17919921875,34.0,14.0,-67,-1.12,False
2026-10-10T17:33:29+11:00,2736967,2459_308,-33.90604019165039,151.17381286621094,337.0,37.8,100,1.67,True
2026-10-10T17:33:29+11:00,2415961,2508_B1,-33.85498046875,151.2090606689453,28.0,51.1,48,0.8,True
2026-10-10T17:33:29+11:00,2388888,2508_173X,-33.84038162231445,151.2108917236328,181.0,60.8,344,5.73,True
2026-10-10T17:33:29+11:00,2375018,2508_100,-33.87250518798828,151.20648193359375,174.0,0.0,-9,-0.15,True
2026-10-10T17:33:29+11:00,2211869,2459_464,-33.87763214111328,151.10362243652344,190.0,0.0,-10,-0.17,True
2026-10-10T17:33:29+11:00,2608968,2459_430,-33.89109420776367,151.18856811523438,41.0,35.3,-13,-0.22,True
2026-10-10T17:33:29+11:00,2713923,2508_144,-33.82357406616211,151.19363403320312,254.0,32.0,355,5.92,True
2026-10-10T17:33:29+11:00,2710912,2504_610X,-33.871761322021484,151.2064208984375,176.0,0.0,0,0.0,True
2026-10-10T17:33:29+11:00,2375684,2508_243,-33.8286247253418,151.2257843017578,60.0,26.3,78,1.3,True
2026-10-10T17:33:29+11:00,2090257,2508_160X,-33.78671646118164,151.18165588378906,249.0,0.0,-332,-5.53,False
2026-10-10T17:33:29+11:00,2211668,2459_464,-33.84605407714844,151.10716247558594,166.0,28.1,130,2.17,True
2026-10-10T17:33:29+11:00,2377105,2508_144,-33.8145751953125,151.24356079101562,32.0,42.1,-92,-1.53,False
2026-10-10T17:33:29+11:00,2740988,7016_7T4,-33.91566848754883,151.16635131835938,169.0,0.0,25,0.42,True
2026-10-10T17:33:29+11:00,2374986,2508_B1,-33.805965423583984,151.2465362548828,168.0,15.1,94,1.57,True
2026-10-10T17:33:29+11:00,2704825,2504_610X,-33.87224197387695,151.20645141601562,179.0,0.0,0,0.0,True
2026-10-10T17:33:29+11:00,2036867,2459_440,-33.87113952636719,151.160888671875,227.0,43.6,-99,-1.65,False
2026-10-10T17:33:29+11:00,2554440,2459_358,-33.92328643798828,151.209228515625,279.0,29.2,428,7.13,False
2026-10-10T17:33:29+11:00,2283147,2459_442,-33.858028411865234,151.18312072753906,289.0,22.3,-57,-0.95,True
2026-10-10T17:33:29+11:00,2286261,2459_438X,-33.846923828125,151.12844848632812,5.0,0.0,30,0.5,True
2026-10-10T17:33:29+11:00,2708776,2504_610X,-33.865230560302734,151.2056427001953,175.0,25.9,-469,-7.82,False
2026-10-10T17:33:29+11:00,2036863,2459_440,-33.89042282104492,151.24276733398438,111.0,0.0,223,3.72,True
2026-10-10T17:33:29+11:00,2415949,2508_B1,-33.806419372558594,151.2465057373047,348.0,33.1,-9,-0.15,True
2026-10-10T17:33:29+11:00,2596605,2459_490,-33.8782844543457,151.10337829589844,190.0,0.4,260,4.33,True
2026-10-10T17:33:29+11:00,2283679,2459_428,-33.903724670410156,151.1410675048828,241.0,15.8,0,0.0,True
2026-10-10T17:33:29+11:00,2718761,2514_194,-33.87074279785156,151.2054901123047,349.0,24.5,205,3.42,True
2026-10-10T17:33:29+11:00,2286766,2459_348,-33.92878341674805,151.1537628173828,100.0,0.0,2,0.03,True
2026-10-10T17:33:29+11:00,2284420,2459_470,-33.88021469116211,151.20892333984375,194.0,0.0,3,0.05,True
2026-10-10T17:33:29+11:00,2289541,2459_303,-33.945865631103516,151.17445373535156,90.0,64.4,196,3.27,True
2026-10-10T17:33:29+11:00,2375941,2508_144,-33.79391860961914,151.2617645263672,99.0,8.6,160,2.67,True
2026-10-10T17:33:29+11:00,2677126,2503_M90,-33.87472915649414,151.10752868652344,7.0,0.0,0,0.0,True
2026-10-10T17:33:29+11:00,2220748,2459_412,-33.899749755859375,151.15354919433594,187.0,29.5,142,2.37,True
2026-10-10T17:33:29+11:00,2036865,2459_440,-33.88203811645508,151.207275390625,121.0,4.0,-111,-1.85,False
2026-10-10T17:33:29+11:00,2036864,2459_440,-33.889320373535156,151.23301696777344,119.0,27.0,-567,-9.45,False
2026-10-10T17:33:29+11:00,2377128,2508_144,-33.79662322998047,151.18035888671875,176.0,0.0,0,0.0,True
2026-10-10T17:33:29+11:00,1961836,2459_412,-33.89141082763672,151.17759704589844,73.0,4.0,269,4.48,True
2026-10-10T17:33:29+11:00,2349476,2459_418,-33.87815475463867,151.1033935546875,191.0,0.0,-15,-0.25,True
2026-10-10T17:33:29+11:00,2290541,2459_426,-33.86671447753906,151.21072387695312,184.0,19.8,85,1.42,True
2026-10-10T17:33:29+11:00,1904012,2459_461X,-33.88520050048828,151.13685607910156,117.0,0.0,-60,-1.0,False
2026-10-10T17:33:29+11:00,2283212,2459_438X,-33.88440704345703,151.19627380371094,267.0,31.0,306,5.1,True
2026-10-10T17:33:29+11:00,2289293,2459_438X,-33.88033676147461,151.20681762695312,12.0,0.0,307,5.12,True
2026-10-10T17:33:29+11:00,2289718,2459_438X,-33.880802154541016,151.1389617919922,321.0,0.0,266,4.43,True
2026-10-10T17:33:29+11:00,2740937,7016_7T4,-33.9155158996582,151.16566467285156,11.0,0.7,0,0.0,True
2026-10-10T17:33:29+11:00,2714060,2508_144,-33.83097457885742,151.22479248046875,251.0,24.5,184,3.07,True
2026-10-10T17:33:29+11:00,2420898,2508_230,-33.832149505615234,151.23745727539062,50.0,0.0,343,5.72,True
2026-10-10T17:33:29+11:00,2738801,7063_13T4,-33.93485641479492,151.15147399902344,230.0,52.6,169,2.82,True
2026-10-10T17:33:29+11:00,2713926,2508_114,-33.82793426513672,151.20266723632812,281.0,11.5,240,4.0,True
2026-10-10T17:33:29+11:00,2309685,7083_SW3,-33.905574798583984,151.13404846191406,122.0,40.0,-102,-1.7,False
2026-10-10T17:33:29+11:00,2740928,7016_7T4,-33.93130111694336,151.1545867919922,37.0,0.0,169,2.82,True
2026-10-10T17:33:29+11:00,2288816,2459_426,-33.8801383972168,151.20687866210938,16.0,22.3,94,1.57,True
2026-10-10T17:33:29+11:00,2147019,2508_161,-33.817298889160156,151.2923126220703,308.0,36.4,300,5.0,True
2026-10-10T17:33:29+11:00,2737127,2459_428,-33.86661911010742,151.21072387695312,6.0,22.7,0,0.0,True
2026-10-10T17:33:29+11:00,2636668,2459_415,-33.84780502319336,151.14132690429688,32.0,0.0,0,0.0,True
2026-10-10T17:33:29+11:00,2686036,2459_423,-33.86599349975586,151.2100830078125,194.0,0.0,0,0.0,True
2026-10-10T17:33:29+11:00,2686041,2459_423,-33.89291763305664,151.18539428710938,255.0,7.9,73,1.22,True
2026-10-10T17:33:29+11:00,2741505,700015_3AT4,-33.945472717285156,151.1836700439453,73.0,70.6,50,0.83,True
2026-10-10T17:33:29+11:00,2739181,7057_26T4,-33.90568542480469,151.2138214111328,190.0,52.2,46,0.77,True
2026-10-10T17:33:29+11:00,2288260,2459_442,-33.857295989990234,151.19345092773438,73.0,0.0,275,4.58,True
2026-10-10T17:33:29+11:00,2719289,2514_194,-33.78923034667969,151.20700073242188,133.0,45.0,275,4.58,True
2026-10-10T17:33:29+11:00,2210527,2459_413,-33.88502883911133,151.18763732910156,267.0,3.2,41,0.68,True
2026-10-10T17:33:29+11:00,2287168,2459_418,-33.888572692871094,151.1181640625,273.0,15.1,523,8.72,False
2026-10-10T17:33:29+11:00,1904013,2459_461X,-33.8770637512207,151.1024627685547,97.0,0.0,25,0.42,True
2026-10-10T17:33:29+11:00,2554028,2459_358,-33.916908264160156,151.23919677734375,257.0,20.5,107,1.78,True
2026-10-10T17:33:29+11:00,2739254,7057_26T4,-33.94803237915039,151.16641235351562,52.0,54.7,-78,-1.3,False
2026-10-10T17:33:29+11:00,2286443,2459_428,-33.90065002441406,151.1448974609375,14.0,30.6,90,1.5,True
2026-10-10T17:33:29+11:00,2349584,2459_418,-33.90437316894531,151.12701416015625,184.0,19.8,331,5.52,True
2026-10-10T17:33:29+11:00,2283853,2459_433,-33.88395309448242,151.2026824951172,250.0,15.1,-45,-0.75,True
2026-10-10T17:33:29+11:00,2287371,2459_440,-33.89166259765625,151.24691772460938,289.0,0.0,24,0.4,True
2026-10-10T17:33:29+11:00,2660169,2459_320,-33.88182067871094,151.20562744140625,44.0,0.0,96,1.6,True
2026-10-10T17:33:29+11:00,2308882,2459_445,-33.8712043762207,151.16070556640625,62.0,38.2,-189,-3.15,False
2026-10-10T17:33:29+11:00,2288808,2459_437,-33.87199020385742,151.1598663330078,167.0,38.2,31,0.52,True
2026-10-10T17:33:29+11:00,1940658,2459_412,-33.87626266479492,151.20953369140625,191.0,24.5,215,3.58,True
2026-10-10T17:33:29+11:00,2609038,2459_430,-33.91445541381836,151.16580200195312,229.0,0.0,0,0.0,True
2026-10-10T17:33:29+11:00,1962446,2459_412,-33.86568069458008,151.2102508544922,215.0,0.0,0,0.0,True
2026-10-10T17:33:29+11:00,2373637,2508_144,-33.79390335083008,151.2601776123047,71.0,37.4,747,12.45,False
2026-10-10T17:33:29+11:00,2377017,2508_B1,-33.831581115722656,151.22276306152344,267.0,0.0,2,0.03,True
2026-10-10T17:33:29+11:00,2290511,2459_422,-33.8852653503418,151.18310546875,78.0,1.1,641,10.68,False
2026-10-10T17:33:29+11:00,2424291,2508_230,-33.82697677612305,151.2440643310547,170.0,0.0,94,1.57,True
2026-10-10T17:33:29+11:00,2290836,2459_438X,-33.876861572265625,151.13597106933594,148.0,18.7,33,0.55,True
2026-10-10T17:33:29+11:00,2289174,2459_348,-33.91282272338867,151.17906188964844,218.0,37.1,21,0.35,True
2026-10-10T17:33:29+11:00,2741378,700015_3AT4,-33.8846435546875,151.20814514160156,356.0,16.2,2005,33.42,False
2026-10-10T17:33:29+11:00,2284222,2459_437,-33.86387252807617,151.13864135742188,75.0,32.4,43,0.72,True
2026-10-10T17:33:29+11:00,2210319,2459_413,-33.90212631225586,151.11924743652344,200.0,41.0,105,1.75,True
2026-10-10T17:33:29+11:00,1906653,2459_461X,-33.884742736816406,151.19320678710938,264.0,0.0,439,7.32,False
2026-10-10T17:33:29+11:00,2287793,2459_438X,-33.88129425048828,151.20516967773438,302.0,0.0,-76,-1.27,False
2026-10-10T17:33:29+11:00,2484388,2459_480,-33.88991165161133,151.1270294189453,292.0,29.5,286,4.77,True
2026-10-10T17:33:29+11:00,2743216,700002_5T1,-33.92093276977539,151.1729278564453,49.0,67.0,-2490,-41.5,False
2026-10-10T17:33:29+11:00,2374838,2508_100,-33.83097457885742,151.24423217773438,175.0,29.2,-159,-2.65,False
2026-10-10T17:33:29+11:00,2636604,2459_504,-33.85316467285156,151.15663146972656,142.0,35.3,339,5.65,True
2026-10-10T17:33:29+11:00,1911853,2459_483,-33.884098052978516,151.19650268554688,90.0,18.4,7,0.12,True
2026-10-10T17:33:29+11:00,2210528,2459_464,-33.88801956176758,151.12631225585938,114.0,0.0,0,0.0,True
2026-10-10T17:33:29+11:00,2288112,2459_469,-33.88444519042969,151.15005493164062,0.0,23.4,188,3.13,True
2026-10-10T17:33:29+11:00,2281092,7083_SW3,-33.91291809082031,151.16128540039062,310.0,42.5,106,1.77,True
2026-10-10T17:33:29+11:00,2090364,2508_160X,-33.79016876220703,151.1827392578125,69.0,0.0,123,2.05,True
2026-10-10T17:33:29+11:00,2288558,2459_438X,-33.88789749145508,151.15765380859375,173.0,0.0,79,1.32,True
2026-10-10T17:33:29+11:00,2377295,2508_100,-33.83401870727539,151.24546813964844,152.0,42.5,192,3.2,True
2026-10-10T17:33:29+11:00,2290979,2459_441,-33.85929489135742,151.177490234375,188.0,0.0,29,0.48,True
2026-10-10T17:33:29+11:00,2714028,2508_144,-33.797977447509766,151.1783905029297,343.0,0.0,-240,-4.0,False
2026-10-10T17:33:29+11:00,2285613,2459_442,-33.8735237121582,151.20274353027344,245.0,51.8,666,11.1,False
2026-10-10T17:33:29+11:00,2287870,2459_428,-33.896480560302734,151.1798553466797,54.0,20.2,-109,-1.82,False
2026-10-10T17:33:29+11:00,2283871,2459_423,-33.89105987548828,151.1884765625,40.0,33.1,276,4.6,True
2026-10-10T17:33:29+11:00,2388841,2508_173X,-33.805721282958984,151.24644470214844,169.0,11.5,358,5.97,True
2026-10-10T17:33:29+11:00,2420895,2508_238,-33.84577178955078,151.2397918701172,278.0,0.0,265,4.42,True
2026-10-10T17:33:29+11:00,1961796,2459_406,-33.913455963134766,151.1276397705078,194.0,0.0,0,0.0,True
2026-10-10T17:33:29+11:00,2284592,2459_437,-33.88166809082031,151.15692138671875,181.0,8.6,82,1.37,True
2026-10-10T17:33:29+11:00,2709463,2504_607X,-33.86470413208008,151.2047882080078,354.0,0.0,248,4.13,True
2026-10-10T17:33:29+11:00,2475288,2459_389,-33.89036560058594,151.24256896972656,110.0,0.0,99,1.65,True
2026-10-10T17:33:29+11:00,2415968,2508_B1,-33.83671569824219,151.2105255126953,9.0,58.7,155,2.58,True
2026-10-10T17:33:29+11:00,2288538,2459_470,-33.87948226928711,151.1647491455078,276.0,0.0,230,3.83,True
2026-10-10T17:33:29+11:00,2284573,2459_426,-33.893741607666016,151.1500244140625,211.0,0.0,34,0.57,True
2026-10-10T17:33:29+11:00,2739218,7057_26T4,-33.89151382446289,151.21286010742188,279.0,27.7,-218,-3.63,False
2026-10-10T17:33:29+11:00,2484436,2459_483,-33.88024139404297,151.2078399658203,282.0,5.4,0,0.0,True
2026-10-10T17:33:29+11:00,2682861,7083_SW1,-33.91128921508789,151.15562438964844,219.0,0.0,51,0.85,True
2026-10-10T17:33:29+11:00,1906652,2459_461X,-33.878292083740234,151.13050842285156,332.0,9.4,133,2.22,True
2026-10-10T17:33:29+11:00,2288139,2459_438X,-33.865596771240234,151.2103271484375,220.0,0.0,10,0.17,True
2026-10-10T17:33:29+11:00,2660514,2459_320,-33.90799331665039,151.20706176757812,115.0,13.3,-45,-0.75,True
2026-10-10T17:33:29+11:00,2377206,2508_111,-33.83323669433594,151.25994873046875,187.0,42.1,-67,-1.12,False
2026-10-10T17:33:29+11:00,2738774,7063_13T4,-33.937408447265625,151.14915466308594,34.0,50.4,235,3.92,True
2026-10-10T17:33:29+11:00,2285486,2459_433,-33.88437271118164,151.19459533691406,86.0,10.8,96,1.6,True
2026-10-10T17:33:29+11:00,2374613,2508_B1,-33.83159255981445,151.22288513183594,268.0,0.0,-310,-5.17,False
2026-10-10T17:33:29+11:00,2393143,2508_114,-33.829322814941406,151.21141052246094,100.0,41.4,206,3.43,True
2026-10-10T17:33:29+11:00,2704612,2504_610X,-33.819236755371094,151.20297241210938,325.0,76.7,253,4.22,True
2026-10-10T17:33:29+11:00,1904011,2459_461X,-33.88505935668945,151.1846160888672,74.0,27.7,-165,-2.75,False
2026-10-10T17:33:29+11:00,2209962,2459_464,-33.89392852783203,151.114013671875,75.0,31.3,-310,-5.17,False
2026-10-10T17:33:29+11:00,2609080,2459_430,-33.88249206542969,151.20484924316406,221.0,37.8,93,1.55,True
2026-10-10T17:33:29+11:00,2286920,2459_438X,-33.85503387451172,151.13034057617188,167.0,39.2,-90,-1.5,False
2026-10-10T17:33:29+11:00,2210351,2459_415,-33.871097564697266,151.1212615966797,97.0,40.7,-139,-2.32,False
2026-10-10T17:33:29+11:00,2290264,2459_431,-33.88413619995117,151.20008850097656,268.0,28.1,228,3.8,True
2026-10-10T17:33:29+11:00,1959416,2459_413,-33.89008712768555,151.1489715576172,7.0,0.0,53,0.88,True
2026-10-10T17:33:29+11:00,2210840,2459_464,-33.84792709350586,151.10739135742188,76.0,19.4,155,2.58,True
2026-10-10T17:33:29+11:00,2374084,2508_100,-33.83015441894531,151.244140625,355.0,32.0,208,3.47,True
2026-10-10T17:33:29+11:00,2558725,7083_SW1,-33.90958023071289,151.13694763183594,62.0,16.9,182,3.03,True
2026-10-10T17:33:29+11:00,2287989,2459_418,-33.91007614135742,151.13462829589844,232.0,10.8,164,2.73,True
2026-10-10T17:33:29+11:00,2420931,2508_230,-33.84238052368164,151.20533752441406,216.0,0.0,47,0.78,True
2026-10-10T17:33:29+11:00,2287116,2459_303,-33.92113494873047,151.23793029785156,280.0,0.0,0,0.0,True
2026-10-10T17:33:29+11:00,2415934,2508_B1,-33.80875015258789,151.24612426757812,36.0,29.9,214,3.57,True
2026-10-10T17:33:29+11:00,2374030,2508_144,-33.82958221435547,151.2138214111328,100.0,4.7,148,2.47,True
2026-10-10T17:33:29+11:00,2668280,2459_420,-33.93280792236328,151.17947387695312,91.0,28.4,-40,-0.67,True
2026-10-10T17:33:29+11:00,2713922,2508_114,-33.831016540527344,151.2445831298828,264.0,0.0,154,2.57,True
2026-10-10T17:33:29+11:00,2737151,2459_428,-33.867591857910156,151.21058654785156,185.0,23.8,25,0.42,True
2026-10-10T17:33:29+11:00,2718996,2514_271,-33.7921257019043,151.20704650878906,343.0,0.0,47,0.78,True
2026-10-10T17:33:29+11:00,2737038,2459_428,-33.88328552246094,151.2035369873047,221.0,37.4,135,2.25,True
2026-10-10T17:33:29+11:00,2415904,2508_B1,-33.86642074584961,151.20632934570312,8.0,0.0,0,0.0,True
2026-10-10T17:33:29+11:00,2286532,2459_437,-33.870887756347656,151.20584106445312,84.0,0.0,0,0.0,True
2026-10-10T17:33:29+11:00,2579182,7084_SW2,-33.90096664428711,151.144775390625,8.0,23.4,26,0.43,True
2026-10-10T17:33:29+11:00,2415958,2508_B1,-33.86643981933594,151.20631408691406,5.0,0.0,0,0.0,True
2026-10-10T17:33:29+11:00,2288535,2459_438X,-33.867462158203125,151.21063232421875,185.0,0.0,0,0.0,True
2026-10-10T17:33:29+11:00,2210502,2459_473,-33.93548583984375,151.14593505859375,47.0,17.3,-7,-0.12,True
2026-10-10T17:33:29+11:00,2660251,2459_320,-33.88608169555664,151.20309448242188,207.0,0.0,0,0.0,True
2026-10-10T17:33:29+11:00,2714037,2508_114,-33.824459075927734,151.25083923339844,351.0,0.0,0,0.0,True
2026-10-10T17:33:29+11:00,2283456,2459_437,-33.86922073364258,151.1300811767578,255.0,0.0,0,0.0,True
2026-10-10T17:33:29+11:00,2596589,2459_490,-33.87630844116211,151.11837768554688,8.0,26.6,805,13.42,False
2026-10-10T17:33:29+11:00,2280239,7083_SW3,-33.905174255371094,151.13763427734375,245.0,45.4,183,3.05,True
2026-10-10T17:33:29+11:00,2373936,2508_100,-33.83135223388672,151.22216796875,115.0,24.5,98,1.63,True
2026-10-10T17:33:29+11:00,2596536,2459_492,-33.878143310546875,151.103515625,10.0,19.4,353,5.88,True
2026-10-10T17:33:29+11:00,2529977,7084_SW2,-33.9047966003418,151.1386260986328,245.0,46.4,207,3.45,True
2026-10-10T17:33:29+11:00,2529845,7084_SW2,-33.91007614135742,151.17068481445312,234.0,0.0,-711,-11.85,False
2026-10-10T17:33:29+11:00,2736950,2459_428,-33.904964447021484,151.1308135986328,274.0,38.2,-99,-1.65,False
2026-10-10T17:33:29+11:00,2741338,700015_3AT4,-33.907737731933594,151.21351623535156,191.0,61.6,372,6.2,False
2026-10-10T17:33:29+11:00,2741338_2,700015_3AT4,-33.8819694519043,151.20675659179688,120.0,0.0,372,6.2,False
2026-10-10T17:33:29+11:00,1911987,2459_483,-33.886417388916016,151.110595703125,87.0,22.3,-35,-0.58,True
2026-10-10T17:33:29+11:00,2530291,7084_SW2,-33.91343307495117,151.16683959960938,49.0,3.6,-50,-0.83,True
2026-10-10T17:33:29+11:00,2596510,2459_492,-33.87012481689453,151.12925720214844,188.0,4.0,147,2.45,True
2026-10-10T17:33:29+11:00,2475921,2459_530,-33.83672332763672,151.14505004882812,360.0,58.7,-209,-3.48,False
2026-10-10T17:33:29+11:00,2374723,2508_100,-33.84187316894531,151.24362182617188,352.0,0.0,0,0.0,True
2026-10-10T17:33:29+11:00,2283640,2459_423,-33.898616790771484,151.1743927001953,81.0,0.0,-104,-1.73,False
2026-10-10T17:33:29+11:00,2288500,2459_442,-33.874149322509766,151.1994171142578,73.0,51.5,-260,-4.33,False
2026-10-10T17:33:29+11:00,2741483,700015_3AT4,-33.93815612792969,151.15232849121094,233.0,4.0,-689,-11.48,False
2026-10-10T17:33:29+11:00,2682999,7083_SW1,-33.917301177978516,151.14529418945312,254.0,26.3,2872,47.87,False
2026-10-10T17:33:29+11:00,2290550,2459_438X,-33.884700775146484,151.19126892089844,85.0,0.0,65,1.08,True
2026-10-10T17:33:29+11:00,2376404,2508_100,-33.86856460571289,151.20602416992188,174.0,0.0,-305,-5.08,False
2026-10-10T17:33:29+11:00,2287352,2459_470,-33.884239196777344,151.20074462890625,88.0,33.5,164,2.73,True
2026-10-10T17:33:29+11:00,2375614,2508_100,-33.82817077636719,151.2303009033203,241.0,38.5,322,5.37,True
2026-10-10T17:33:29+11:00,2740729,7066_28T4,-33.89485549926758,151.19830322265625,13.0,46.4,-526,-8.77,False
2026-10-10T17:33:29+11:00,2740930,7016_7T4,-33.92185592651367,151.16424560546875,226.0,52.2,15,0.25,True
2026-10-10T17:33:29+11:00,2287790,2459_470,-33.8828010559082,151.18267822265625,324.0,24.5,-63,-1.05,False
2026-10-10T17:33:29+11:00,2668359,2459_420,-33.92341613769531,151.1717987060547,133.0,56.9,314,5.23,True
2026-10-10T17:33:29+11:00,2211283,2459_466,-33.87318420410156,151.10452270507812,189.0,0.0,-57,-0.95,True
2026-10-10T17:33:29+11:00,2377674,2508_173X,-33.79379653930664,151.2607421875,77.0,36.0,503,8.38,False
2026-10-10T17:33:29+11:00,1904010,2459_461X,-33.87322235107422,151.21087646484375,101.0,1.1,-309,-5.15,False
2026-10-10T17:33:29+11:00,2713901,2508_144,-33.79604721069336,151.25318908691406,251.0,0.0,117,1.95,True
2026-10-10T17:33:29+11:00,2713901_2,2508_144,-33.800193786621094,151.24789428710938,250.0,28.4,6,0.1,True
2026-10-10T17:33:29+11:00,2515202,2459_410,-33.87449645996094,151.10430908203125,10.0,0.0,282,4.7,True
2026-10-10T17:33:29+11:00,2737129,2459_308,-33.88015365600586,151.20741271972656,284.0,0.0,262,4.37,True
2026-10-10T17:33:29+11:00,2515290,2459_410,-33.880096435546875,151.1032257080078,189.0,39.2,520,8.67,False
2026-10-10T17:33:29+11:00,2737158,2459_428,-33.897769927978516,151.17855834960938,239.0,0.0,184,3.07,True
2026-10-10T17:33:29+11:00,2288421,2459_440,-33.8843879699707,151.1997833251953,267.0,23.0,103,1.72,True
2026-10-10T17:33:29+11:00,2530324,7084_SW2,-33.91487121582031,151.16485595703125,221.0,0.4,0,0.0,True
2026-10-10T17:33:29+11:00,2736938,2459_445,-33.85801315307617,151.18341064453125,111.0,0.0,6,0.1,True
2026-10-10T17:33:29+11:00,2376120,2508_100,-33.87208557128906,151.2064208984375,174.0,18.4,479,7.98,False
2026-10-10T17:33:29+11:00,2719184,2514_283,-33.795387268066406,151.18125915527344,209.0,0.0,-125,-2.08,False
2026-10-10T17:33:29+11:00,2288721,2459_431,-33.866722106933594,151.21070861816406,186.0,0.0,3,0.05,True
2026-10-10T17:33:29+11:00,2713921,2508_144,-33.83009719848633,151.2177734375,274.0,11.2,418,6.97,False
2026-10-10T17:33:29+11:00,1906654,2459_461X,-33.8784294128418,151.2092742919922,187.0,34.6,165,2.75,True
2026-10-10T17:33:29+11:00,2283024,2459_440,-33.881080627441406,151.21788024902344,300.0,29.9,202,3.37,True
2026-10-10T17:33:29+11:00,2287282,2459_502,-33.86763381958008,151.12294006347656,107.0,22.7,-65,-1.08,False
2026-10-10T17:33:29+11:00,2287117,2459_426,-33.89862823486328,151.17420959472656,81.0,0.0,-45,-0.75,True
2026-10-10T17:33:29+11:00,2415869,2508_B1,-33.866519927978516,151.20632934570312,14.0,19.8,0,0.0,True
2026-10-10T17:33:29+11:00,2741333,700015_3AT4,-33.892822265625,151.2165985107422,10.0,0.0,-668,-11.13,False
2026-10-10T17:33:29+11:00,2308686,2459_445,-33.90330123901367,151.14234924316406,61.0,33.5,194,3.23,True
2026-10-10T17:33:29+11:00,1904014,2459_461X,-33.87705993652344,151.10208129882812,94.0,0.0,0,0.0,True
2026-10-10T17:33:29+11:00,2289543,2459_348,-33.917083740234375,151.2411346435547,10.0,38.2,38,0.63,True
2026-10-10T17:33:29+11:00,2636643,2459_504,-33.860687255859375,151.1638641357422,303.0,51.8,72,1.2,True
2026-10-10T17:33:29+11:00,2036868,2459_440,-33.86854553222656,151.1835479736328,288.0,55.1,11,0.18,True
2026-10-10T17:33:29+11:00,2290347,2459_438X,-33.884212493896484,151.1495819091797,270.0,0.0,-72,-1.2,False
2026-10-10T17:33:29+11:00,2718762,2514_270,-33.863548278808594,151.205322265625,167.0,36.7,-98,-1.63,False
2026-10-10T17:33:29+11:00,2415966,2508_B1,-33.82572555541992,151.23309326171875,38.0,52.6,128,2.13,True
2026-10-10T17:33:29+11:00,2554454,2459_358,-33.920654296875,151.1879119873047,13.0,0.0,211,3.52,True
2026-10-10T17:33:29+11:00,2740900,7016_7T4,-33.93061828613281,151.15548706054688,218.0,45.4,78,1.3,True
2026-10-10T17:33:29+11:00,2484364,2459_483,-33.887245178222656,151.13687133789062,238.0,6.1,86,1.43,True
2026-10-10T17:33:29+11:00,2740621,7066_28T4,-33.88103103637695,151.2064971923828,213.0,27.0,0,0.0,True
2026-10-10T17:33:29+11:00,2340891,2459_412,-33.88317108154297,151.2037353515625,217.0,27.4,676,11.27,False
2026-10-10T17:33:29+11:00,2289984,2459_442,-33.874114990234375,151.19500732421875,325.0,59.8,-2,-0.03,True
2026-10-10T17:33:29+11:00,2286685,2459_431,-33.87771987915039,151.2093505859375,2.0,27.0,-266,-4.43,False
2026-10-10T17:33:29+11:00,2285619,2459_348,-33.90430450439453,151.20481872558594,57.0,37.8,-61,-1.02,False
2026-10-10T17:33:29+11:00,2638199,2459_407,-33.8740234375,151.10421752929688,189.0,22.7,86,1.43,True
2026-10-10T17:33:29+11:00,2349611,2459_418,-33.912471771240234,151.16061401367188,120.0,35.3,634,10.57,False
2026-10-10T17:33:29+11:00,2290831,2459_428,-33.884307861328125,151.19528198242188,77.0,6.1,257,4.28,True
2026-10-10T17:33:29+11:00,2737023,2459_445,-33.88401412963867,151.1500244140625,191.0,0.4,-95,-1.58,False
2026-10-10T17:33:29+11:00,2290634,2459_440,-33.88510513305664,151.1846923828125,257.0,0.0,656,10.93,False
2026-10-10T17:33:29+11:00,2530349,7084_SW2,-33.907779693603516,151.1494903564453,290.0,42.8,10,0.17,True
2026-10-10T17:33:29+11:00,2090449,2508_160X,-33.79661560058594,151.18087768554688,182.0,0.0,0,0.0,True
2026-10-10T17:33:29+11:00,2374145,2508_144,-33.825862884521484,151.19915771484375,140.0,0.0,-36,-0.6,True
2026-10-10T17:33:29+11:00,2608976,2459_430,-33.914527893066406,151.1657257080078,206.0,0.0,-154,-2.57,False
2026-10-10T17:33:29+11:00,2290670,2459_418,-33.91520309448242,151.1659393310547,80.0,0.0,33,0.55,True
2026-10-10T17:33:29+11:00,2285887,2459_433,-33.88334655761719,151.20350646972656,46.0,0.0,358,5.97,True
2026-10-10T17:33:29+11:00,2283256,2459_428,-33.91169738769531,151.11874389648438,320.0,0.0,136,2.27,True
2026-10-10T17:33:29+11:00,2289972,2459_470,-33.86685562133789,151.210693359375,186.0,0.0,0,0.0,True
2026-10-10T17:33:29+11:00,2377174,2508_144,-33.81721496582031,151.2434844970703,339.0,0.0,408,6.8,False
2026-10-10T17:33:29+11:00,2286747,2459_389,-33.88126754760742,151.2246551513672,299.0,23.8,385,6.42,False
2026-10-10T17:33:29+11:00,2686073,2459_423,-33.87723159790039,151.2094268798828,183.0,32.4,79,1.32,True
2026-10-10T17:33:29+11:00,2515300,2459_410,-33.86083221435547,151.10438537597656,297.0,0.4,865,14.42,False
2026-10-10T17:33:29+11:00,2618765,2459_422,-33.88468551635742,151.19334411621094,263.0,0.0,176,2.93,True
2026-10-10T17:33:29+11:00,2374595,2508_B1,-33.830841064453125,151.2253875732422,246.0,11.5,-204,-3.4,False
2026-10-10T17:33:29+11:00,2596525,2459_491,-33.88774108886719,151.12527465820312,298.0,26.6,-98,-1.63,False
2026-10-10T17:33:29+11:00,2284932,2459_426,-33.885032653808594,151.19459533691406,199.0,0.0,304,5.07,True
2026-10-10T17:33:29+11:00,2589793,2508_280,-33.79623794555664,151.18092346191406,184.0,0.0,0,0.0,True
2026-10-10T17:33:29+11:00,2596489,2459_490,-33.85133361816406,151.154296875,231.0,0.0,104,1.73,True
2026-10-10T17:33:29+11:00,2288341,2459_433,-33.86659622192383,151.17494201660156,131.0,5.8,0,0.0,True
2026-10-10T17:33:29+11:00,2289565,2459_433,-33.85744857788086,151.17239379882812,17.0,36.7,-282,-4.7,False
2026-10-10T17:33:29+11:00,2608986,2459_430,-33.91520309448242,151.16578674316406,51.0,0.0,0,0.0,True
2026-10-10T17:33:29+11:00,2290564,2459_423,-33.9119758605957,151.15499877929688,46.0,26.6,-143,-2.38,False
2026-10-10T17:33:29+11:00,2286516,2459_389,-33.89027786254883,151.24227905273438,290.0,23.4,52,0.87,True
2026-10-10T17:33:29+11:00,2643489,2507_120,-33.87148666381836,151.20639038085938,174.0,0.0,-157,-2.62,False
2026-10-10T17:33:29+11:00,2581617,2507_538,-33.819576263427734,151.13597106933594,233.0,13.7,96,1.6,True
2026-10-10T17:33:29+11:00,2407748,2507_265,-33.828468322753906,151.2014617919922,149.0,1.8,13,0.22,True
2026-10-10T17:33:29+11:00,2643082,2507_120,-33.79631042480469,151.18075561523438,4.0,0.0,0,0.0,True
2026-10-10T17:33:29+11:00,2621031,2507_252,-33.827232360839844,151.2001190185547,321.0,0.7,211,3.52,True
2026-10-10T17:33:29+11:00,2744752,2507_292,-33.822654724121094,151.2062530517578,132.0,55.1,-117,-1.95,False
2026-10-10T17:33:29+11:00,2643561,2507_52,-33.87303161621094,151.20745849609375,279.0,13.0,149,2.48,True
2026-10-10T17:33:29+11:00,2644355,2507_52,-33.873085021972656,151.20785522460938,98.0,0.0,11,0.18,True
2026-10-10T17:33:29+11:00,2672527,2507_115,-33.79388427734375,151.1907196044922,249.0,37.4,-525,-8.75,False
2026-10-10T17:33:29+11:00,2642860,2507_501,-33.836639404296875,151.12950134277344,295.0,37.1,157,2.62,True
2026-10-10T17:33:29+11:00,2643911,2507_120,-33.81787872314453,151.1714630126953,64.0,15.5,3,0.05,True
2026-10-10T17:33:29+11:00,2538567,2507_506,-33.8408317565918,151.14666748046875,142.0,51.5,136,2.27,True
2026-10-10T17:33:29+11:00,2643961,2507_52,-33.87306213378906,151.20762634277344,98.0,0.0,-587,-9.78,False
2026-10-10T17:33:29+11:00,2230038,2507_261,-33.82783126831055,151.20028686523438,237.0,0.0,55,0.92,True
2026-10-10T17:33:29+11:00,2322599,2507_506,-33.87104797363281,151.21437072753906,318.0,0.0,261,4.35,True
2026-10-10T17:33:29+11:00,2620991,2507_516,-33.79241180419922,151.1581573486328,262.0,0.0,382,6.37,False
2026-10-10T17:33:29+11:00,2642849,2507_501,-33.87709426879883,151.19818115234375,154.0,0.0,-344,-5.73,False
2026-10-10T17:33:29+11:00,2672518,2507_115,-33.83913040161133,151.20657348632812,9.0,0.0,-69,-1.15,False
2026-10-10T17:33:29+11:00,2643158,2507_52,-33.85089874267578,151.15423583984375,317.0,29.2,-78,-1.3,False
2026-10-10T17:33:29+11:00,2643701,2507_120,-33.86009979248047,151.20587158203125,22.0,50.4,210,3.5,True
2026-10-10T17:33:29+11:00,2643645,2507_207,-33.79967498779297,151.2104034423828,340.0,52.6,-90,-1.5,False
2026-10-10T17:33:29+11:00,2643787,2507_120,-33.81439971923828,151.2001190185547,336.0,54.4,380,6.33,False
2026-10-10T17:33:29+11:00,2442218,2507_207,-33.864078521728516,151.20948791503906,168.0,0.0,0,0.0,True
2026-10-10T17:33:29+11:00,2643284,2507_207,-33.839454650878906,151.20993041992188,39.0,0.0,-401,-6.68,False
2026-10-10T17:33:29+11:00,2620569,2507_288,-33.86572265625,151.2032928466797,177.0,18.0,-96,-1.6,False
2026-10-10T17:33:29+11:00,2672475,2507_267,-33.810394287109375,151.20835876464844,281.0,20.5,-211,-3.52,False
2026-10-10T17:33:29+11:00,2643482,2507_120,-33.814823150634766,151.20046997070312,155.0,45.7,96,1.6,True
2026-10-10T17:33:29+11:00,2682119,2507_267,-33.79926681518555,151.1936798095703,100.0,37.1,90,1.5,True
2026-10-10T17:33:29+11:00,2322523,2507_506,-33.81888961791992,151.12686157226562,289.0,40.7,16,0.27,True
2026-10-10T17:33:29+11:00,2643153,2507_501,-33.86164474487305,151.1663818359375,117.0,11.9,-107,-1.78,False
2026-10-10T17:33:29+11:00,2682030,2507_202,-33.83957290649414,151.2066650390625,10.0,27.4,1,0.02,True
2026-10-10T17:33:29+11:00,2731757,2507_291,-33.815284729003906,151.17848205566406,160.0,44.6,428,7.13,False
2026-10-10T17:33:29+11:00,2644785,2507_120,-33.79247283935547,151.19520568847656,70.0,0.0,126,2.1,True
2026-10-10T17:33:29+11:00,2407449,2507_252,-33.81281661987305,151.17083740234375,23.0,0.0,32,0.53,True
2026-10-10T17:33:29+11:00,2643557,2507_52,-33.83649444580078,151.1293487548828,295.0,28.4,202,3.37,True
2026-10-10T17:33:29+11:00,2227355,2507_288,-33.868011474609375,151.20518493652344,355.0,0.0,-72,-1.2,False
2026-10-10T17:33:29+11:00,2672513,2507_115,-33.814208984375,151.20013427734375,155.0,38.2,-61,-1.02,False
2026-10-10T17:33:29+11:00,2642958,2507_501,-33.869789123535156,151.1880340576172,291.0,45.4,227,3.78,True
2026-10-10T17:33:29+11:00,2643735,2507_52,-33.84706115722656,151.1520233154297,154.0,0.0,123,2.05,True
2026-10-10T17:33:29+11:00,2643653,2507_501,-33.879825592041016,151.20838928222656,181.0,0.0,0,0.0,True
2026-10-10T17:33:29+11:00,2557231,2507_291,-33.84886169433594,151.2053985595703,288.0,14.8,86,1.43,True
2026-10-10T17:33:29+11:00,2643203,2507_501,-33.88136672973633,151.2061004638672,225.0,27.7,206,3.43,True
2026-10-10T17:33:29+11:00,2644621,2507_120,-33.79607009887695,151.18359375,256.0,3.2,-477,-7.95,False
2026-10-10T17:33:29+11:00,2744630,2507_292,-33.81383514404297,151.1845703125,283.0,79.6,-19,-0.32,True
2026-10-10T17:33:29+11:00,2644373,2507_120,-33.796138763427734,151.18092346191406,189.0,0.0,0,0.0,True
2026-10-10T17:33:29+11:00,2399831,2509_390X,-33.92835235595703,151.23312377929688,311.0,4.3,14,0.23,True
2026-10-10T17:33:29+11:00,2532630,2509_333,-33.88131332397461,151.21856689453125,119.0,28.8,388,6.47,False
2026-10-10T17:33:29+11:00,2434773,2509_390X,-33.89113998413086,151.24880981445312,276.0,0.0,0,0.0,True
2026-10-10T17:33:29+11:00,2137543,2509_396,-33.876853942871094,151.21058654785156,91.0,12.6,980,16.33,False
2026-10-10T17:33:29+11:00,2357104,2509_370,-33.877079010009766,151.18490600585938,326.0,6.1,-29,-0.48,True
2026-10-10T17:33:29+11:00,2300952,2509_399,-33.934715270996094,151.237548828125,350.0,0.0,207,3.45,True
2026-10-10T17:33:29+11:00,2356092,2509_373,-33.91970443725586,151.25717163085938,188.0,0.0,7,0.12,True
2026-10-10T17:33:29+11:00,2403084,2509_311,-33.87266540527344,151.2064971923828,174.0,0.0,288,4.8,True
2026-10-10T17:33:29+11:00,2740398,2509_370,-33.91508865356445,151.22732543945312,100.0,40.3,75,1.25,True
2026-10-10T17:33:29+11:00,2357841,2509_339,-33.902889251708984,151.2417755126953,300.0,0.0,225,3.75,True
2026-10-10T17:33:29+11:00,2356410,2509_343,-33.91875457763672,151.20367431640625,15.0,1.4,217,3.62,True
2026-10-10T17:33:29+11:00,2356705,2509_343,-33.87898254394531,151.20919799804688,187.0,34.9,250,4.17,True
2026-10-10T17:33:29+11:00,2357232,2509_370,-33.911582946777344,151.22312927246094,337.0,43.9,-67,-1.12,False
2026-10-10T17:33:29+11:00,2352350,2509_356,-33.92167282104492,151.24313354492188,158.0,21.2,-19,-0.32,True
2026-10-10T17:33:29+11:00,2532437,2509_387,-33.85799789428711,151.28126525878906,219.0,28.4,206,3.43,True
2026-10-10T17:33:29+11:00,2532300,2509_313,-33.90686798095703,151.2523193359375,187.0,37.1,132,2.2,True
2026-10-10T17:33:29+11:00,2533763,2509_333,-33.8895378112793,151.28335571289062,218.0,0.0,2100,35.0,False
2026-10-10T17:33:29+11:00,2533791,2509_380,-33.843292236328125,151.28408813476562,346.0,0.0,84,1.4,True
2026-10-10T17:33:29+11:00,2488471,2509_392,-33.90400314331055,151.2137908935547,101.0,0.0,157,2.62,True
2026-10-10T17:33:29+11:00,2740446,2509_379,-33.884769439697266,151.27609252929688,191.0,11.9,-142,-2.37,False
2026-10-10T17:33:29+11:00,2691479,2509_324,-33.87395477294922,151.2139892578125,278.0,0.0,-310,-5.17,False
2026-10-10T17:33:29+11:00,2740391,2509_370,-33.907012939453125,151.18276977539062,102.0,33.5,233,3.88,True
2026-10-10T17:33:29+11:00,2740383,2509_379,-33.88926315307617,151.2595977783203,227.0,7.2,-165,-2.75,False
2026-10-10T17:33:29+11:00,2398256,2509_392,-33.90147018432617,151.208984375,43.0,35.3,193,3.22,True
2026-10-10T17:33:29+11:00,2533247,2509_360,-33.897518157958984,151.2620086669922,284.0,22.7,325,5.42,True
2026-10-10T17:33:29+11:00,2534178,2509_325,-33.86709213256836,151.2720489501953,175.0,37.4,257,4.28,True
2026-10-10T17:33:29+11:00,2533040,2509_350,-33.92829895019531,151.25514221191406,8.0,0.0,464,7.73,False
2026-10-10T17:33:29+11:00,2534350,2509_333,-33.86285400390625,151.2111358642578,8.0,0.0,0,0.0,True
2026-10-10T17:33:29+11:00,2531465,2509_350,-33.94743728637695,151.25062561035156,284.0,36.7,108,1.8,True
2026-10-10T17:33:29+11:00,2534594,2509_324,-33.872764587402344,151.24810791015625,250.0,35.6,254,4.23,True
2026-10-10T17:33:29+11:00,2488387,2509_392,-33.893638610839844,151.19869995117188,21.0,0.0,0,0.0,True
2026-10-10T17:33:29+11:00,2357684,2509_339,-33.90461349487305,151.2358856201172,55.0,44.6,910,15.17,False
2026-10-10T17:33:29+11:00,2402987,2509_311,-33.880027770996094,151.21615600585938,318.0,14.4,160,2.67,True
2026-10-10T17:33:29+11:00,2532902,2509_333,-33.863067626953125,151.21192932128906,190.0,1.4,55,0.92,True
2026-10-10T17:33:29+11:00,2533844,2509_350,-33.94229507446289,151.2170867919922,131.0,51.1,148,2.47,True
2026-10-10T17:33:29+11:00,2352349,2509_307,-33.94110107421875,151.2281036376953,199.0,0.0,-155,-2.58,False
2026-10-10T17:33:29+11:00,2534265,2509_333,-33.8720588684082,151.21005249023438,5.0,0.4,-356,-5.93,False
2026-10-10T17:33:29+11:00,2675037,2509_309,-33.914302825927734,151.20098876953125,195.0,0.0,756,12.6,False
2026-10-10T17:33:29+11:00,2470832,2509_397,-33.94894027709961,151.2509765625,202.0,0.7,40,0.67,True
2026-10-10T17:33:29+11:00,2434793,2509_390X,-33.889198303222656,151.24891662597656,163.0,18.4,206,3.43,True
2026-10-10T17:33:29+11:00,2357537,2509_370,-33.89811325073242,151.17831420898438,32.0,3.2,651,10.85,False
2026-10-10T17:33:29+11:00,2531760,2509_325,-33.87911605834961,151.23611450195312,40.0,13.0,22,0.37,True
2026-10-10T17:33:29+11:00,2532717,2509_333,-33.8895263671875,151.2330780029297,296.0,27.4,-227,-3.78,False
2026-10-10T17:33:29+11:00,2138362,2509_396,-33.868865966796875,151.21046447753906,195.0,6.8,633,10.55,False
2026-10-10T17:33:29+11:00,2137439,2509_375,-33.950164794921875,151.25009155273438,39.0,31.7,215,3.58,True
2026-10-10T17:33:29+11:00,2346456,2509_390X,-33.90169906616211,151.25433349609375,334.0,0.0,-152,-2.53,False
2026-10-10T17:33:29+11:00,2357797,2509_374,-33.893489837646484,151.2191619873047,131.0,29.9,429,7.15,False
2026-10-10T17:33:29+11:00,2138204,2509_375,-33.91810989379883,151.24122619628906,265.0,0.0,448,7.47,False
2026-10-10T17:33:29+11:00,2357112,2509_339,-33.88560104370117,151.21856689453125,157.0,51.1,231,3.85,True
2026-10-10T17:33:29+11:00,2532478,2509_355,-33.89894104003906,151.17190551757812,255.0,31.3,497,8.28,False
2026-10-10T17:33:29+11:00,2531735,2509_324,-33.879947662353516,151.237548828125,74.0,33.8,375,6.25,False
2026-10-10T17:33:29+11:00,2356128,2509_311,-33.87378692626953,151.2239990234375,53.0,23.0,174,2.9,True
2026-10-10T17:33:29+11:00,2352481,2509_392,-33.92677307128906,151.22862243652344,164.0,45.4,-38,-0.63,True
2026-10-10T17:33:29+11:00,2740439,2509_379,-33.8915901184082,151.251953125,50.0,22.7,197,3.28,True
2026-10-10T17:33:29+11:00,2356371,2509_343,-33.86565017700195,151.21299743652344,68.0,5.4,0,0.0,True
2026-10-10T17:33:29+11:00,2564442,2509_386,-33.886932373046875,151.25888061523438,21.0,20.2,228,3.8,True
2026-10-10T17:33:29+11:00,2533260,2509_324,-33.872398376464844,151.25985717773438,95.0,36.4,396,6.6,False
2026-10-10T17:33:29+11:00,2533335,2509_333,-33.88938522338867,151.28347778320312,216.0,0.0,0,0.0,True
2026-10-10T17:33:29+11:00,2355995,2509_370,-33.920597076416016,151.25486755371094,279.0,24.8,106,1.77,True
2026-10-10T17:33:29+11:00,2532124,2509_360,-33.89133071899414,151.2486572265625,100.0,23.4,0,0.0,True
2026-10-10T17:33:29+11:00,2356546,2509_370,-33.910762786865234,151.20648193359375,277.0,29.9,94,1.57,True
2026-10-10T17:33:29+11:00,2352772,2509_307,-33.93144989013672,151.1943359375,191.0,10.4,-108,-1.8,False
2026-10-10T17:33:29+11:00,2356447,2509_370,-33.89936065673828,151.17779541015625,348.0,38.9,61,1.02,True
2026-10-10T17:33:29+11:00,2531365,2509_333,-33.8916015625,151.27374267578125,225.0,29.5,54,0.9,True
2026-10-10T17:33:29+11:00,2534723,2509_333,-33.893672943115234,151.26141357421875,101.0,0.0,285,4.75,True
2026-10-10T17:33:29+11:00,2531987,2509_313,-33.92222213745117,151.2519989013672,279.0,0.0,85,1.42,True
2026-10-10T17:33:29+11:00,2470840,2509_356,-33.91360855102539,151.23971557617188,336.0,33.8,-156,-2.6,False
2026-10-10T17:33:29+11:00,2356627,2509_343,-33.91639709472656,151.20449829101562,194.0,23.4,335,5.58,True
2026-10-10T17:33:29+11:00,2138932,2509_396,-33.86328125,151.21189880371094,186.0,1.1,148,2.47,True
2026-10-10T17:33:29+11:00,2533112,2509_333,-33.86570358276367,151.2113037109375,25.0,33.5,-11,-0.18,True
2026-10-10T17:33:29+11:00,2300867,2509_399,-33.942195892333984,151.23974609375,169.0,0.0,348,5.8,True
2026-10-10T17:33:29+11:00,2357166,2509_343,-33.88129806518555,151.20872497558594,9.0,39.2,149,2.48,True
2026-10-10T17:33:29+11:00,2533655,2509_362,-33.87191390991211,151.2649688720703,67.0,43.2,-91,-1.52,False
2026-10-10T17:33:29+11:00,2628590,2509_304,-33.8827018737793,151.2145538330078,11.0,17.3,517,8.62,False
2026-10-10T17:33:29+11:00,2740364,2509_379,-33.904605865478516,151.26719665527344,110.0,0.0,0,0.0,True
2026-10-10T17:33:29+11:00,2470847,2509_356,-33.94015884399414,151.22830200195312,26.0,19.8,33,0.55,True
2026-10-10T17:33:29+11:00,2534653,2509_350,-33.94047546386719,151.23097229003906,280.0,50.8,213,3.55,True
2026-10-10T17:33:29+11:00,2532528,2509_333,-33.88986587524414,151.23138427734375,93.0,37.1,175,2.92,True
2026-10-10T17:33:29+11:00,2357787,2509_373,-33.89567184448242,151.2219696044922,171.0,0.0,167,2.78,True
2026-10-10T17:33:29+11:00,2434882,2509_390X,-33.929115295410156,151.23529052734375,124.0,48.6,60,1.0,True
2026-10-10T17:33:29+11:00,2534283,2509_333,-33.8940544128418,151.2643585205078,275.0,29.2,-48,-0.8,True
2026-10-10T17:33:29+11:00,2533617,2509_350,-33.92538070678711,151.19480895996094,281.0,35.3,414,6.9,False
2026-10-10T17:33:29+11:00,2533825,2509_350,-33.90742874145508,151.25457763671875,157.0,40.3,94,1.57,True
2026-10-10T17:33:29+11:00,2675045,2509_309,-33.91389083862305,151.20103454589844,196.0,35.3,193,3.22,True
2026-10-10T17:33:29+11:00,2346462,2509_390X,-33.915496826171875,151.24021911621094,74.0,7.2,-26,-0.43,True
2026-10-10T17:33:29+11:00,2532189,2509_352,-33.9068717956543,151.17416381835938,158.0,49.0,1087,18.12,False
2026-10-10T17:33:29+11:00,2628599,2509_304,-33.899288177490234,151.2124481201172,278.0,17.3,653,10.88,False
2026-10-10T17:33:29+11:00,2533272,2509_333,-33.87495803833008,151.20970153808594,5.0,0.0,-17,-0.28,True
2026-10-10T17:33:29+11:00,2138792,2509_396,-33.863426208496094,151.21286010742188,7.0,5.4,81,1.35,True
2026-10-10T17:33:29+11:00,2531709,2509_333,-33.89018630981445,151.23977661132812,62.0,0.0,196,3.27,True
2026-10-10T17:33:29+11:00,2532979,2509_362,-33.893035888671875,151.2729034423828,358.0,30.6,168,2.8,True
2026-10-10T17:33:29+11:00,2357431,2509_343,-33.90287399291992,151.20545959472656,12.0,0.7,338,5.63,True
2026-10-10T17:33:29+11:00,2400271,2509_309,-33.95601272583008,151.23025512695312,345.0,0.0,-13,-0.22,True
2026-10-10T17:33:29+11:00,2532805,2509_333,-33.88191223144531,151.21971130371094,313.0,14.8,153,2.55,True
2026-10-10T17:33:29+11:00,2628748,2509_304,-33.88337707519531,151.2144012451172,186.0,0.0,366,6.1,False
2026-10-10T17:33:29+11:00,2532322,2509_350,-33.92223358154297,151.25657653808594,190.0,30.6,222,3.7,True
2026-10-10T17:33:29+11:00,2532293,2509_333,-33.88972473144531,151.2812042236328,84.0,41.0,402,6.7,False
2026-10-10T17:33:29+11:00,2534704,2509_380,-33.88525390625,151.28390502929688,140.0,35.6,684,11.4,False
2026-10-10T17:33:29+11:00,2357172,2509_343,-33.86530685424805,151.2126007080078,186.0,0.0,44,0.73,True
2026-10-10T17:33:29+11:00,2335862,2509_309,-33.94347381591797,151.19577026367188,334.0,0.0,-97,-1.62,False
2026-10-10T17:33:29+11:00,2533621,2509_355,-33.89147186279297,151.24951171875,96.0,0.0,0,0.0,True
2026-10-10T17:33:29+11:00,2628669,2509_304,-33.89842224121094,151.2119140625,215.0,29.9,376,6.27,False
2026-10-10T17:33:29+11:00,2140631,2509_306,-33.92682647705078,151.18807983398438,218.0,0.0,-288,-4.8,False
2026-10-10T17:33:29+11:00,2532332,2509_333,-33.890499114990234,151.24302673339844,109.0,0.0,274,4.57,True
2026-10-10T17:33:29+11:00,2138919,2509_396,-33.88707733154297,151.2194061279297,155.0,43.2,1211,20.18,False
2026-10-10T17:33:29+11:00,2740434,2509_370,-33.895591735839844,151.18138122558594,212.0,18.7,40,0.67,True
2026-10-10T17:33:29+11:00,2533169,2509_333,-33.86266326904297,151.21115112304688,6.0,0.0,11,0.18,True
2026-10-10T17:33:29+11:00,2533018,2509_333,-33.86512756347656,151.21157836914062,39.0,9.4,-215,-3.58,False
2026-10-10T17:33:29+11:00,2434799,2509_390X,-33.914833068847656,151.22567749023438,278.0,0.0,63,1.05,True
2026-10-10T17:33:29+11:00,2532419,2509_380,-33.89154815673828,151.25205993652344,52.0,24.1,166,2.77,True
2026-10-10T17:33:29+11:00,2532440,2509_333,-33.886451721191406,151.2292938232422,310.0,36.7,-169,-2.82,False
2026-10-10T17:33:29+11:00,2534246,2509_350,-33.92508316040039,151.192626953125,280.0,35.6,989,16.48,False
2026-10-10T17:33:29+11:00,2534247,2509_352,-33.890159606933594,151.24195861816406,288.0,29.5,-4,-0.07,True
2026-10-10T17:33:29+11:00,2533707,2509_333,-33.86402130126953,151.21278381347656,187.0,34.6,124,2.07,True
2026-10-10T17:33:29+11:00,2356740,2509_373,-33.87944793701172,151.2154541015625,134.0,26.3,-44,-0.73,True
2026-10-10T17:33:29+11:00,2740351,2509_379,-33.88451385498047,151.27618408203125,11.0,28.4,-80,-1.33,False
2026-10-10T17:33:29+11:00,2628720,2509_304,-33.86654281616211,151.21217346191406,278.0,15.5,242,4.03,True
2026-10-10T17:33:29+11:00,2532338,2509_381,-33.8942756652832,151.26544189453125,101.0,40.0,434,7.23,False
2026-10-10T17:33:29+11:00,2357161,2509_373,-33.918121337890625,151.2414093017578,266.0,0.0,-37,-0.62,True
2026-10-10T17:33:29+11:00,2534169,2509_327,-33.891048431396484,151.24795532226562,277.0,0.0,0,0.0,True
2026-10-10T17:33:29+11:00,2532270,2509_324,-33.875091552734375,151.22093200683594,102.0,28.8,-101,-1.68,False
2026-10-10T17:33:29+11:00,2532270_2,2509_324,-33.87489700317383,151.21981811523438,100.0,0.0,-81,-1.35,False
2026-10-10T17:33:29+11:00,2400564,2509_309,-33.92222595214844,151.19618225097656,10.0,31.7,-75,-1.25,False
2026-10-10T17:33:29+11:00,2534557,2509_326,-33.878841400146484,151.23939514160156,51.0,30.6,80,1.33,True
2026-10-10T17:33:29+11:00,2534346,2509_352,-33.88936233520508,151.20364379882812,280.0,1.1,506,8.43,False
2026-10-10T17:33:29+11:00,2533415,2509_352,-33.885009765625,151.21409606933594,10.0,34.9,512,8.53,False
2026-10-10T17:33:29+11:00,2398242,2509_392,-33.94472122192383,151.2262420654297,193.0,0.0,59,0.98,True
2026-10-10T17:33:29+11:00,2534732,2509_325,-33.853416442871094,151.26947021484375,245.0,0.0,41,0.68,True
2026-10-10T17:33:29+11:00,2357367,2509_373,-33.9167366027832,151.24114990234375,162.0,0.0,-48,-0.8,True
2026-10-10T17:33:29+11:00,2532384,2509_355,-33.89072799682617,151.20982360839844,295.0,43.6,131,2.18,True
2026-10-10T17:33:29+11:00,2534701,2509_350,-33.94438171386719,151.22634887695312,189.0,17.6,677,11.28,False
2026-10-10T17:33:29+11:00,2357478,2509_373,-33.92042541503906,151.2568817138672,190.0,0.0,0,0.0,True
2026-10-10T17:33:29+11:00,2575719,2509_374,-33.89613723754883,151.22161865234375,352.0,47.2,-250,-4.17,False
2026-10-10T17:33:29+11:00,2531239,2509_333,-33.89248275756836,151.25477600097656,327.0,30.2,251,4.18,True
2026-10-10T17:33:29+11:00,2398269,2509_392,-33.93186950683594,151.22982788085938,347.0,28.1,40,0.67,True
2026-10-10T17:33:29+11:00,2531950,2509_333,-33.88319778442383,151.22073364257812,323.0,23.4,24,0.4,True
2026-10-10T17:33:29+11:00,2139714,2509_396,-33.916404724121094,151.22564697265625,352.0,17.3,-41,-0.68,True
2026-10-10T17:33:29+11:00,2628588,2509_304,-33.86555862426758,151.2122344970703,132.0,3.6,-38,-0.63,True
2026-10-10T17:33:29+11:00,2533134,2509_350,-33.94761657714844,151.2516326904297,106.0,34.6,-108,-1.8,False
2026-10-10T17:33:29+11:00,2740297,2509_370,-33.91177749633789,151.2098846435547,112.0,3.2,-48,-0.8,True
2026-10-10T17:33:29+11:00,2740425,2509_379,-33.88899612426758,151.26808166503906,274.0,32.0,651,10.85,False
2026-10-10T17:33:29+11:00,2531505,2509_324,-33.855655670166016,151.20724487304688,105.0,12.6,0,0.0,True
2026-10-10T17:33:29+11:00,2357640,2509_373,-33.88413619995117,151.21759033203125,334.0,4.0,104,1.73,True
2026-10-10T17:33:29+11:00,2138648,2509_396,-33.91545486450195,151.2255096435547,348.0,49.7,551,9.18,False
2026-10-10T17:33:29+11:00,2531765,2509_362,-33.909881591796875,151.2592010498047,187.0,0.0,36,0.6,True
2026-10-10T17:33:29+11:00,2355984,2509_370,-33.91954803466797,151.25717163085938,189.0,0.0,0,0.0,True
2026-10-10T17:33:29+11:00,2356479,2509_343,-33.925601959228516,151.2229461669922,271.0,0.7,-26,-0.43,True
2026-10-10T17:33:29+11:00,2352257,2509_307,-33.944679260253906,151.22625732421875,196.0,0.0,0,0.0,True
2026-10-10T17:33:29+11:00,2356913,2509_343,-33.89345169067383,151.20730590820312,190.0,36.0,398,6.63,False
2026-10-10T17:33:29+11:00,2531289,2509_325,-33.85715866088867,151.2046356201172,265.0,26.3,98,1.63,True
2026-10-10T17:33:29+11:00,2434469,2509_390X,-33.908233642578125,151.2479705810547,243.0,0.0,199,3.32,True
2026-10-10T17:33:29+11:00,2136784,2509_396,-33.94206619262695,151.2506561279297,211.0,34.2,190,3.17,True
2026-10-10T17:33:29+11:00,2532203,2509_386,-33.89093017578125,151.25360107421875,238.0,0.0,45,0.75,True
2026-10-10T17:33:29+11:00,2532776,2509_325,-33.84376525878906,151.28407287597656,3.0,0.0,0,0.0,True
2026-10-10T17:33:29+11:00,2138315,2509_375,-33.924468994140625,151.24386596679688,153.0,13.3,718,11.97,False
2026-10-10T17:33:29+11:00,2356798,2509_311,-33.864166259765625,151.20330810546875,310.0,0.0,49,0.82,True
2026-10-10T17:33:29+11:00,2352607,2509_392,-33.89314651489258,151.198974609375,22.0,0.0,0,0.0,True
2026-10-10T17:33:29+11:00,2533851,2509_333,-33.88954544067383,151.2832489013672,213.0,0.0,0,0.0,True
2026-10-10T17:33:29+11:00,2138764,2509_396,-33.91283416748047,151.22434997558594,137.0,0.0,1234,20.57,False
2026-10-10T17:33:29+11:00,2675155,2509_309,-33.89270782470703,151.20042419433594,202.0,0.0,26,0.43,True
2026-10-10T17:33:29+11:00,2740544,2509_370,-33.916648864746094,151.23756408691406,99.0,42.5,528,8.8,False
2026-10-10T17:33:29+11:00,2531191,2509_355,-33.90178298950195,151.19989013671875,76.0,0.0,400,6.67,False
2026-10-10T17:33:29+11:00,2575698,2509_374,-33.882450103759766,151.20742797851562,292.0,20.9,278,4.63,True
2026-10-10T17:33:29+11:00,2531426,2509_325,-33.874229431152344,151.2156982421875,280.0,0.0,44,0.73,True
2026-10-10T17:33:29+11:00,2740313,2509_370,-33.88420104980469,151.19284057617188,129.0,0.0,12,0.2,True
2026-10-10T17:33:29+11:00,2352756,2509_307,-33.94866943359375,151.20924377441406,277.0,0.0,87,1.45,True
2026-10-10T17:33:29+11:00,2352288,2509_392,-33.89628982543945,151.20681762695312,7.0,1.1,-39,-0.65,True
2026-10-10T17:33:29+11:00,2532701,2509_324,-33.84357452392578,151.28399658203125,6.0,0.0,0,0.0,True
2026-10-10T17:33:29+11:00,2628747,2509_304,-33.90196990966797,151.21307373046875,187.0,0.0,716,11.93,False
2026-10-10T17:33:29+11:00,2356771,2509_370,-33.90314483642578,151.2019805908203,338.0,45.0,390,6.5,False
2026-10-10T17:33:29+11:00,2532537,2509_333,-33.8911018371582,151.24916076660156,349.0,4.0,-98,-1.63,False
2026-10-10T17:33:29+11:00,2533749,2509_333,-33.865474700927734,151.21290588378906,186.0,0.0,299,4.98,True
2026-10-10T17:33:29+11:00,2533307,2509_360,-33.91385269165039,151.26914978027344,172.0,4.7,0,0.0,True
2026-10-10T17:33:29+11:00,2398270,2509_392,-33.920013427734375,151.2264404296875,352.0,12.6,378,6.3,False
2026-10-10T17:33:29+11:00,2532744,2509_333,-33.88918685913086,151.2784881591797,288.0,29.2,5,0.08,True
2026-10-10T17:33:29+11:00,2740396,2509_379,-33.90072250366211,151.25376892089844,330.0,0.4,108,1.8,True
2026-10-10T17:33:29+11:00,2533492,2509_333,-33.89130401611328,151.2479248046875,97.0,15.5,400,6.67,False
2026-10-10T17:33:29+11:00,2488485,2509_392,-33.94585418701172,151.22723388671875,114.0,21.6,63,1.05,True
2026-10-10T17:33:29+11:00,2740424,2509_379,-33.888431549072266,151.27818298339844,39.0,33.1,620,10.33,False
2026-10-10T17:33:29+11:00,2534631,2509_350,-33.89242172241211,151.249755859375,10.0,24.5,462,7.7,False
2026-10-10T17:33:29+11:00,2470853,2509_356,-33.901119232177734,151.24465942382812,278.0,27.4,613,10.22,False
2026-10-10T17:33:29+11:00,2136833,2509_306,-33.90108871459961,151.20101928710938,155.0,0.0,216,3.6,True
2026-10-10T17:33:29+11:00,2335450,2509_309,-33.921875,151.1961669921875,10.0,0.0,534,8.9,False
2026-10-10T17:33:29+11:00,2531252,2509_350,-33.92856979370117,151.2550811767578,317.0,13.7,-82,-1.37,False
2026-10-10T17:33:29+11:00,2533310,2509_333,-33.89115524291992,151.2529754638672,253.0,24.8,-224,-3.73,False
2026-10-10T17:33:29+11:00,2532857,2509_333,-33.886009216308594,151.22879028320312,313.0,0.7,-21,-0.35,True
2026-10-10T17:33:29+11:00,2748035,700011_27T4,-33.88968276977539,151.2062225341797,277.0,0.0,166,2.77,True
2026-10-10T17:33:29+11:00,2701987,700011_27T4,-33.934814453125,151.1923828125,344.0,53.3,1103,18.38,False
2026-10-10T17:33:29+11:00,2747972,700011_27T4,-33.88417434692383,151.20811462402344,327.0,0.0,,,
2026-10-10T17:33:29+11:00,2722562,700012_36SC,-33.885746002197266,151.20327758789062,1.0,0.0,-1258,-20.97,False
2026-10-10T17:33:29+11:00,2722428,700012_36SC,-33.89232635498047,151.2166748046875,8.0,14.8,-118,-1.97,False
2026-10-10T17:45:00+11:00,2741411,700015_3AT4,-33.89271545410156,151.21688842773438,182.0,49.3,-87,-1.45,False
2026-10-10T17:45:00+11:00,2288532,2459_433,-33.86407470703125,151.17054748535156,312.0,10.4,16,0.27,True
2026-10-10T17:45:00+11:00,2636774,2459_504,-33.86201858520508,151.16639709472656,282.0,39.2,-116,-1.93,False
2026-10-10T17:45:00+11:00,2374272,2508_144,-33.824161529541016,151.19769287109375,140.0,0.0,239,3.98,True
2026-10-10T17:45:00+11:00,2424284,2508_230,-33.82917404174805,151.2111358642578,100.0,45.0,357,5.95,True
2026-10-10T17:45:00+11:00,1961837,2459_412,-33.91393280029297,151.1454315185547,79.0,29.5,283,4.72,True
2026-10-10T17:45:00+11:00,2374725,2508_100,-33.841793060302734,151.2434539794922,31.0,0.0,0,0.0,True
2026-10-10T17:45:00+11:00,2636636,2459_504,-33.85423278808594,151.1576385498047,141.0,44.3,113,1.88,True
2026-10-10T17:45:00+11:00,2736925,2459_445,-33.91263198852539,151.11843872070312,231.0,9.4,1,0.02,True
2026-10-10T17:45:00+11:00,2376585,2508_111,-33.833152770996094,151.24847412109375,269.0,46.8,61,1.02,True
2026-10-10T17:45:00+11:00,2377159,2508_173X,-33.79895782470703,151.25108337402344,68.0,58.3,265,4.42,True
2026-10-10T17:45:00+11:00,2211357,2459_464,-33.895774841308594,151.10665893554688,250.0,31.3,304,5.07,True
2026-10-10T17:45:00+11:00,2620112,2459_530,-33.851829528808594,151.1534881591797,209.0,12.6,240,4.0,True
2026-10-10T17:45:00+11:00,2475160,2459_389,-33.870872497558594,151.2061004638672,98.0,12.2,125,2.08,True
2026-10-10T17:45:00+11:00,2718886,2514_270,-33.814117431640625,151.20571899414062,350.0,55.1,70,1.17,True
2026-10-10T17:45:00+11:00,2475109,2459_389,-33.88798904418945,151.23971557617188,78.0,0.0,114,1.9,True
2026-10-10T17:45:00+11:00,2550526,2508_263,-33.8246955871582,151.22007751464844,338.0,32.8,-6,-0.1,True
2026-10-10T17:45:00+11:00,2036866,2459_440,-33.8792839050293,151.2097930908203,45.0,0.0,-551,-9.18,False
2026-10-10T17:45:00+11:00,2686178,2459_423,-33.92365646362305,151.1361846923828,230.0,1.8,82,1.37,True
2026-10-10T17:45:00+11:00,2289750,2459_423,-33.92654800415039,151.1268768310547,101.0,35.3,331,5.52,True
2026-10-10T17:45:00+11:00,2421023,2508_225,-33.84598922729492,151.22984313964844,322.0,29.9,45,0.75,True
2026-10-10T17:45:00+11:00,2288976,2459_422,-33.884620666503906,151.19166564941406,83.0,20.9,-70,-1.17,False
2026-10-10T17:45:00+11:00,2736967,2459_308,-33.8973388671875,151.1964111328125,75.0,28.8,53,0.88,True
2026-10-10T17:45:00+11:00,2415961,2508_B1,-33.824188232421875,151.2412872314453,51.0,9.4,44,0.73,True
2026-10-10T17:45:00+11:00,2377064,2508_172X,-33.86630630493164,151.20632934570312,3.0,6.1,10,0.17,True
2026-10-10T17:45:00+11:00,2375018,2508_100,-33.82950973510742,151.21359252929688,101.0,0.0,20,0.33,True
2026-10-10T17:45:00+11:00,2608968,2459_430,-33.882442474365234,151.2074432373047,121.0,0.0,220,3.67,True
2026-10-10T17:45:00+11:00,2713923,2508_144,-33.799461364746094,151.17898559570312,337.0,26.3,80,1.33,True
2026-10-10T17:45:00+11:00,2710912,2504_610X,-33.85982894897461,151.20590209960938,23.0,59.0,-17,-0.28,True
2026-10-10T17:45:00+11:00,2211668,2459_464,-33.8687629699707,151.10545349121094,187.0,0.0,178,2.97,True
2026-10-10T17:45:00+11:00,2377105,2508_144,-33.79433059692383,151.2645263671875,99.0,0.0,-207,-3.45,False
2026-10-10T17:45:00+11:00,2668433,2459_420,-33.87456512451172,151.10752868652344,7.0,0.0,0,0.0,True
2026-10-10T17:45:00+11:00,2740988,7016_7T4,-33.928932189941406,151.15695190429688,219.0,44.3,253,4.22,True
2026-10-10T17:45:00+11:00,2374986,2508_B1,-33.831390380859375,151.22189331054688,295.0,32.0,-230,-3.83,False
2026-10-10T17:45:00+11:00,2704825,2504_610X,-33.81915283203125,151.20278930664062,325.0,72.4,331,5.52,True
2026-10-10T17:45:00+11:00,2036867,2459_440,-33.88791275024414,151.16673278808594,84.0,31.3,-234,-3.9,False
2026-10-10T17:45:00+11:00,2554440,2459_358,-33.922523498535156,151.18394470214844,9.0,19.1,398,6.63,False
2026-10-10T17:45:00+11:00,2283147,2459_442,-33.87352752685547,151.2012176513672,68.0,42.8,-198,-3.3,False
2026-10-10T17:45:00+11:00,2283679,2459_428,-33.91166687011719,151.11874389648438,320.0,0.0,0,0.0,True
2026-10-10T17:45:00+11:00,2718761,2514_194,-33.822418212890625,151.21022033691406,10.0,0.0,308,5.13,True
2026-10-10T17:45:00+11:00,2286766,2459_348,-33.928794860839844,151.15380859375,100.0,4.3,175,2.92,True
2026-10-10T17:45:00+11:00,2284420,2459_470,-33.88397216796875,151.18988037109375,271.0,34.9,-55,-0.92,True
2026-10-10T17:45:00+11:00,2289541,2459_303,-33.92458724975586,151.2093505859375,105.0,22.7,292,4.87,True
2026-10-10T17:45:00+11:00,2719103,2514_271,-33.871620178222656,151.20559692382812,355.0,0.0,0,0.0,True
2026-10-10T17:45:00+11:00,2220748,2459_412,-33.91740036010742,151.1248779296875,188.0,31.3,-156,-2.6,False
2026-10-10T17:45:00+11:00,2036865,2459_440,-33.88298034667969,151.22064208984375,144.0,30.2,-233,-3.88,False
2026-10-10T17:45:00+11:00,2596642,2459_490,-33.887447357177734,151.1132354736328,6.0,37.1,404,6.73,False
2026-10-10T17:45:00+11:00,2377128,2508_144,-33.79756164550781,151.1785888671875,246.0,0.0,46,0.77,True
2026-10-10T17:45:00+11:00,1961836,2459_412,-33.884307861328125,151.19610595703125,91.0,14.4,223,3.72,True
2026-10-10T17:45:00+11:00,2714019,2508_144,-33.80033493041992,151.2473907470703,249.0,51.8,200,3.33,True
2026-10-10T17:45:00+11:00,2718860,2514_283,-33.796478271484375,151.18118286132812,0.0,0.0,0,0.0,True
2026-10-10T17:45:00+11:00,2349476,2459_418,-33.890254974365234,151.12789916992188,110.0,0.0,2,0.03,True
2026-10-10T17:45:00+11:00,2737014,2459_445,-33.86696243286133,151.16552734375,223.0,42.1,429,7.15,False
2026-10-10T17:45:00+11:00,2290541,2459_426,-33.88362121582031,151.2032470703125,227.0,0.0,-16,-0.27,True
2026-10-10T17:45:00+11:00,1904012,2459_461X,-33.887046813964844,151.1754608154297,74.0,46.4,-108,-1.8,False
2026-10-10T17:45:00+11:00,2741159,7016_7T4,-33.91628646850586,151.16644287109375,154.0,0.0,343,5.72,True
2026-10-10T17:45:00+11:00,2283212,2459_438X,-33.883872985839844,151.15692138671875,343.0,11.5,146,2.43,True
2026-10-10T17:45:00+11:00,2596891,2508_263,-33.826026916503906,151.20228576660156,10.0,0.0,401,6.68,False
2026-10-10T17:45:00+11:00,2289718,2459_438X,-33.85837173461914,151.13104248046875,356.0,40.0,319,5.32,True
2026-10-10T17:45:00+11:00,2714060,2508_144,-33.8232421875,151.19517517089844,255.0,38.2,171,2.85,True
2026-10-10T17:45:00+11:00,2420898,2508_230,-33.83026885986328,151.2266845703125,243.0,28.1,544,9.07,False
2026-10-10T17:45:00+11:00,2388868,2508_173X,-33.79417037963867,151.26492309570312,190.0,0.0,189,3.15,True
2026-10-10T17:45:00+11:00,2558786,7083_SW1,-33.91013717651367,151.1326446533203,179.0,1.4,1435,23.92,False
2026-10-10T17:45:00+11:00,2288115,2459_433,-33.85767364501953,151.1814422607422,283.0,6.8,12,0.2,True
2026-10-10T17:45:00+11:00,2739216,7057_26T4,-33.88187026977539,151.2086181640625,11.0,0.0,0,0.0,True
2026-10-10T17:45:00+11:00,2737127,2459_428,-33.8657112121582,151.21022033691406,217.0,0.0,0,0.0,True
2026-10-10T17:45:00+11:00,2515282,2459_458,-33.87491226196289,151.10438537597656,90.0,0.0,4,0.07,True
2026-10-10T17:45:00+11:00,2620101,2459_530,-33.79743194580078,151.1793975830078,248.0,25.2,115,1.92,True
2026-10-10T17:45:00+11:00,2636668,2459_415,-33.85716247558594,151.13084411621094,165.0,2.5,129,2.15,True
2026-10-10T17:45:00+11:00,2686036,2459_423,-33.876583099365234,151.20950317382812,182.0,1.1,15,0.25,True
2026-10-10T17:45:00+11:00,2287513,2459_426,-33.86499786376953,151.21087646484375,219.0,0.0,5,0.08,True
2026-10-10T17:45:00+11:00,2686041,2459_423,-33.904945373535156,151.16793823242188,204.0,28.8,167,2.78,True
2026-10-10T17:45:00+11:00,2741505,700015_3AT4,-33.89678192138672,151.21578979492188,11.0,8.3,-294,-4.9,False
2026-10-10T17:45:00+11:00,2719289,2514_194,-33.82475662231445,151.21237182617188,126.0,49.3,230,3.83,True
2026-10-10T17:45:00+11:00,2210527,2459_413,-33.8905143737793,151.1488800048828,191.0,17.3,-39,-0.65,True
2026-10-10T17:45:00+11:00,1973460,2508_162,-33.79684829711914,151.2651824951172,279.0,38.9,-7,-0.12,True
2026-10-10T17:45:00+11:00,2579241,7084_SW2,-33.90156173706055,151.1446990966797,11.0,40.3,12,0.2,True
2026-10-10T17:45:00+11:00,2287168,2459_418,-33.87771987915039,151.10340881347656,18.0,0.0,506,8.43,False
2026-10-10T17:45:00+11:00,2287238,2459_426,-33.907684326171875,151.1258087158203,49.0,35.3,0,0.0,True
2026-10-10T17:45:00+11:00,1904013,2459_461X,-33.8780632019043,151.13055419921875,153.0,36.7,-67,-1.12,False
2026-10-10T17:45:00+11:00,2596619,2459_491,-33.880165100097656,151.1232147216797,223.0,40.3,546,9.1,False
2026-10-10T17:45:00+11:00,2554028,2459_358,-33.925575256347656,151.2245635986328,257.0,37.1,117,1.95,True
2026-10-10T17:45:00+11:00,2739254,7057_26T4,-33.89909744262695,151.21531677246094,10.0,24.1,-481,-8.02,False
2026-10-10T17:45:00+11:00,2286443,2459_428,-33.90159606933594,151.16976928710938,25.0,35.6,116,1.93,True
2026-10-10T17:45:00+11:00,2349584,2459_418,-33.90871047973633,151.15261840820312,115.0,0.0,231,3.85,True
2026-10-10T17:45:00+11:00,2283853,2459_433,-33.880409240722656,151.17974853515625,262.0,16.9,-29,-0.48,True
2026-10-10T17:45:00+11:00,2287371,2459_440,-33.88209533691406,151.21990966796875,326.0,7.9,44,0.73,True
2026-10-10T17:45:00+11:00,2660169,2459_320,-33.898826599121094,151.21168518066406,226.0,1.4,105,1.75,True
2026-10-10T17:45:00+11:00,2741448,700015_3AT4,-33.9359245300293,151.20095825195312,79.0,70.9,-149,-2.48,False
2026-10-10T17:45:00+11:00,2308882,2459_445,-33.85762023925781,151.1817169189453,102.0,21.6,-325,-5.42,False
2026-10-10T17:45:00+11:00,2288808,2459_437,-33.86941146850586,151.2036895751953,175.0,31.0,49,0.82,True
2026-10-10T17:45:00+11:00,1940658,2459_412,-33.88437271118164,151.197021484375,268.0,20.2,349,5.82,True
2026-10-10T17:45:00+11:00,1962446,2459_412,-33.878448486328125,151.20733642578125,191.0,18.7,-148,-2.47,False
2026-10-10T17:45:00+11:00,2628282,2508_166,-33.786956787109375,151.18150329589844,337.0,0.0,0,0.0,True
2026-10-10T17:45:00+11:00,2320219,2459_410,-33.87925338745117,151.10337829589844,9.0,0.0,303,5.05,True
2026-10-10T17:45:00+11:00,2740669,7066_28T4,-33.886714935302734,151.20672607421875,8.0,0.0,0,0.0,True
2026-10-10T17:45:00+11:00,2290836,2459_438X,-33.88816452026367,151.16427612304688,84.0,25.6,13,0.22,True
2026-10-10T17:45:00+11:00,2289174,2459_348,-33.9304313659668,151.15371704101562,234.0,20.2,132,2.2,True
2026-10-10T17:45:00+11:00,2741378,700015_3AT4,-33.883975982666016,151.2082061767578,346.0,0.4,2005,33.42,False
2026-10-10T17:45:00+11:00,2284222,2459_437,-33.883872985839844,151.154541015625,86.0,36.7,-4,-0.07,True
2026-10-10T17:45:00+11:00,1906653,2459_461X,-33.88991928100586,151.14585876464844,280.0,43.9,359,5.98,True
2026-10-10T17:45:00+11:00,2375351,2508_B1,-33.83021926879883,151.22691345214844,241.0,28.1,-80,-1.33,False
2026-10-10T17:45:00+11:00,2454872,2508_225,-33.84054946899414,151.22109985351562,10.0,4.0,128,2.13,True
2026-10-10T17:45:00+11:00,2285387,2459_433,-33.88093185424805,151.20655822753906,31.0,0.0,0,0.0,True
2026-10-10T17:45:00+11:00,2287793,2459_438X,-33.8880615234375,151.16586303710938,265.0,34.9,-150,-2.5,False
2026-10-10T17:45:00+11:00,2288593,2459_470,-33.88034439086914,151.16757202148438,122.0,27.4,-30,-0.5,True
2026-10-10T17:45:00+11:00,2682859,7083_SW1,-33.91399383544922,151.16651916503906,0.0,0.0,2823,47.05,False
2026-10-10T17:45:00+11:00,2636604,2459_504,-33.870914459228516,151.19102478027344,107.0,51.8,285,4.75,True
2026-10-10T17:45:00+11:00,2288112,2459_469,-33.880794525146484,151.1804962158203,123.0,47.5,76,1.27,True
2026-10-10T17:45:00+11:00,2281092,7083_SW3,-33.91306686401367,151.1177520751953,235.0,44.3,45,0.75,True
2026-10-10T17:45:00+11:00,2288558,2459_438X,-33.88306427001953,151.20394897460938,47.0,0.0,-166,-2.77,False
2026-10-10T17:45:00+11:00,2290979,2459_441,-33.87263107299805,151.2064971923828,175.0,0.0,-102,-1.7,False
2026-10-10T17:45:00+11:00,2554405,2459_358,-33.9155387878418,151.16558837890625,8.0,0.0,0,0.0,True
2026-10-10T17:45:00+11:00,2377092,2508_173X,-33.86545181274414,151.2064208984375,7.0,0.0,295,4.92,True
2026-10-10T17:45:00+11:00,2285613,2459_442,-33.85790252685547,151.1830596923828,115.0,23.8,590,9.83,False
2026-10-10T17:45:00+11:00,2421040,2508_230,-33.83811569213867,151.23306274414062,25.0,0.0,0,0.0,True
2026-10-10T17:45:00+11:00,2287870,2459_428,-33.88312911987305,151.20350646972656,46.0,12.2,-212,-3.53,False
2026-10-10T17:45:00+11:00,2283871,2459_423,-33.879329681396484,151.2070770263672,11.0,12.2,318,5.3,True
2026-10-10T17:45:00+11:00,2388841,2508_173X,-33.82988357543945,151.2274169921875,227.0,23.8,416,6.93,False
2026-10-10T17:45:00+11:00,2285280,2459_431,-33.86555862426758,151.21035766601562,217.0,0.0,0,0.0,True
2026-10-10T17:45:00+11:00,2420895,2508_238,-33.830692291259766,151.24725341796875,81.0,22.3,300,5.0,True
2026-10-10T17:45:00+11:00,2415993,2508_B1,-33.8666877746582,151.206298828125,5.0,0.0,0,0.0,True
2026-10-10T17:45:00+11:00,2703941,2504_607X,-33.853389739990234,151.21005249023438,208.0,58.0,-427,-7.12,False
2026-10-10T17:45:00+11:00,1961796,2459_406,-33.902862548828125,151.13014221191406,35.0,0.0,-53,-0.88,True
2026-10-10T17:45:00+11:00,2284592,2459_437,-33.867706298828125,151.14158630371094,349.0,31.3,58,0.97,True
2026-10-10T17:45:00+11:00,2709463,2504_607X,-33.800323486328125,151.1431121826172,304.0,78.5,325,5.42,True
2026-10-10T17:45:00+11:00,2415968,2508_B1,-33.81397247314453,151.24386596679688,10.0,43.6,218,3.63,True
2026-10-10T17:45:00+11:00,2375744,2508_144,-33.81932067871094,151.1838836669922,140.0,48.2,-12,-0.2,True
2026-10-10T17:45:00+11:00,2284573,2459_426,-33.90586853027344,151.14512634277344,139.0,36.4,407,6.78,False
2026-10-10T17:45:00+11:00,2484436,2459_483,-33.884490966796875,151.19549560546875,266.0,10.8,19,0.32,True
2026-10-10T17:45:00+11:00,2682861,7083_SW1,-33.90629959106445,151.12733459472656,-48.0,0.0,140,2.33,True
2026-10-10T17:45:00+11:00,1906652,2459_461X,-33.86907958984375,151.10523986816406,197.0,18.4,203,3.38,True
2026-10-10T17:45:00+11:00,2288139,2459_438X,-33.86895751953125,151.21044921875,188.0,31.3,19,0.32,True
2026-10-10T17:45:00+11:00,2660514,2459_320,-33.89322280883789,151.20713806152344,338.0,19.1,40,0.67,True
2026-10-10T17:45:00+11:00,2738774,7063_13T4,-33.93360137939453,151.1529541015625,210.0,53.3,319,5.32,True
2026-10-10T17:45:00+11:00,2376717,2508_B1,-33.79908752441406,151.25119018554688,243.0,52.2,-18,-0.3,True
2026-10-10T17:45:00+11:00,2393143,2508_114,-33.82843780517578,151.2440948486328,176.0,23.4,108,1.8,True
2026-10-10T17:45:00+11:00,2740775,7066_28T4,-33.90108871459961,151.20321655273438,254.0,8.6,1075,17.92,False
2026-10-10T17:45:00+11:00,2515165,2459_410,-33.867679595947266,151.10562133789062,188.0,20.9,333,5.55,True
2026-10-10T17:45:00+11:00,1904011,2459_461X,-33.88007354736328,151.2089385986328,15.0,12.6,-206,-3.43,False
2026-10-10T17:45:00+11:00,2393234,2508_114,-33.824462890625,151.19798278808594,145.0,0.0,6,0.1,True
2026-10-10T17:45:00+11:00,2636741,2459_504,-33.87045669555664,151.21319580078125,286.0,3.6,-121,-2.02,False
2026-10-10T17:45:00+11:00,2609080,2459_430,-33.894466400146484,151.18235778808594,219.0,9.7,100,1.67,True
2026-10-10T17:45:00+11:00,2286920,2459_438X,-33.88116455078125,151.13943481445312,145.0,29.5,2,0.03,True
2026-10-10T17:45:00+11:00,2210351,2459_415,-33.85115432739258,151.12893676757812,81.0,12.2,-421,-7.02,False
2026-10-10T17:45:00+11:00,2290264,2459_431,-33.87380599975586,151.18223571777344,323.0,0.0,381,6.35,False
2026-10-10T17:45:00+11:00,1959416,2459_413,-33.88469314575195,151.19178771972656,83.0,27.4,-248,-4.13,False
2026-10-10T17:45:00+11:00,2374084,2508_100,-33.830326080322266,151.21905517578125,295.0,31.0,229,3.82,True
2026-10-10T17:45:00+11:00,2211375,2459_466,-33.87446594238281,151.10415649414062,9.0,0.0,195,3.25,True
2026-10-10T17:45:00+11:00,2287989,2459_418,-33.887550354003906,151.12228393554688,283.0,37.1,67,1.12,True
2026-10-10T17:45:00+11:00,2287116,2459_303,-33.924598693847656,151.2091064453125,280.0,37.8,4,0.07,True
2026-10-10T17:45:00+11:00,2283931,2459_433,-33.86669158935547,151.17507934570312,134.0,7.9,75,1.25,True
2026-10-10T17:45:00+11:00,2374030,2508_144,-33.81264877319336,151.2444305419922,50.0,40.3,80,1.33,True
2026-10-10T17:45:00+11:00,2668280,2459_420,-33.93782043457031,151.15274047851562,233.0,39.6,50,0.83,True
2026-10-10T17:45:00+11:00,2286472,2459_438X,-33.870697021484375,151.210205078125,5.0,31.0,82,1.37,True
2026-10-10T17:45:00+11:00,2713922,2508_114,-33.830604553222656,151.22593688964844,243.0,27.4,235,3.92,True
2026-10-10T17:45:00+11:00,2668189,2459_420,-33.924476623535156,151.18826293945312,280.0,0.0,219,3.65,True
2026-10-10T17:45:00+11:00,2737151,2459_428,-33.88372802734375,151.20315551757812,228.0,0.0,-75,-1.25,False
2026-10-10T17:45:00+11:00,2289804,2459_438X,-33.857418060302734,151.13099670410156,176.0,14.4,-45,-0.75,True
2026-10-10T17:45:00+11:00,2211356,2459_464,-33.887916564941406,151.12612915039062,113.0,0.0,0,0.0,True
2026-10-10T17:45:00+11:00,2738862,7063_13T4,-33.930782318115234,151.15496826171875,11.0,0.0,150,2.5,True
2026-10-10T17:45:00+11:00,2211284,2459_413,-33.88032913208008,151.20681762695312,181.0,0.0,0,0.0,True
2026-10-10T17:45:00+11:00,2284014,2459_470,-33.865394592285156,151.21141052246094,23.0,0.0,103,1.72,True
2026-10-10T17:45:00+11:00,2677013,2503_M90,-33.87502670288086,151.1046142578125,97.0,0.0,0,0.0,True
2026-10-10T17:45:00+11:00,2530164,7084_SW2,-33.91480255126953,151.1649627685547,38.0,0.0,0,0.0,True
2026-10-10T17:45:00+11:00,2737038,2459_428,-33.89458084106445,151.18234252929688,218.0,2.5,154,2.57,True
2026-10-10T17:45:00+11:00,2558792,7083_SW1,-33.912086486816406,151.11911010742188,54.0,0.0,344,5.73,True
2026-10-10T17:45:00+11:00,2290801,2459_440,-33.89091873168945,151.24879455566406,95.0,0.0,0,0.0,True
2026-10-10T17:45:00+11:00,2415904,2508_B1,-33.859317779541016,151.20614624023438,27.0,56.5,150,2.5,True
2026-10-10T17:45:00+11:00,2286532,2459_437,-33.87459945678711,151.1617889404297,256.0,0.0,-112,-1.87,False
2026-10-10T17:45:00+11:00,2554206,2459_358,-33.91896438598633,151.16920471191406,140.0,0.0,199,3.32,True
2026-10-10T17:45:00+11:00,2415958,2508_B1,-33.86601257324219,151.20635986328125,3.0,0.0,0,0.0,True
2026-10-10T17:45:00+11:00,2288535,2459_438X,-33.8817253112793,151.20611572265625,303.0,0.0,112,1.87,True
2026-10-10T17:45:00+11:00,2740726,7066_28T4,-33.90703201293945,151.19088745117188,39.0,41.8,0,0.0,True
2026-10-10T17:45:00+11:00,2374971,2508_100,-33.8342399597168,151.2454376220703,332.0,37.1,31,0.52,True
2026-10-10T17:45:00+11:00,2283456,2459_437,-33.86922073364258,151.1300811767578,255.0,0.0,0,0.0,True
2026-10-10T17:45:00+11:00,2596589,2459_490,-33.86440658569336,151.14491271972656,333.0,36.7,844,14.07,False
2026-10-10T17:45:00+11:00,2373936,2508_100,-33.83405685424805,151.24546813964844,151.0,41.0,-71,-1.18,False
2026-10-10T17:45:00+11:00,2596536,2459_492,-33.86644744873047,151.1301727294922,10.0,18.4,250,4.17,True
2026-10-10T17:45:00+11:00,2709770,2504_610X,-33.85511779785156,151.208984375,208.0,68.4,-136,-2.27,False
2026-10-10T17:45:00+11:00,2529845,7084_SW2,-33.91007614135742,151.17068481445312,234.0,0.0,-20,-0.33,True
2026-10-10T17:45:00+11:00,2376295,2508_199,-33.82670593261719,151.20753479003906,100.0,36.4,0,0.0,True
2026-10-10T17:45:00+11:00,2741338,700015_3AT4,-33.939212799072266,151.14553833007812,267.0,34.6,-786,-13.1,False
2026-10-10T17:45:00+11:00,2741338_2,700015_3AT4,-33.90683364868164,151.21368408203125,189.0,45.4,338,5.63,True
2026-10-10T17:45:00+11:00,1911987,2459_483,-33.88615036010742,151.138671875,51.0,0.0,28,0.47,True
2026-10-10T17:45:00+11:00,2530291,7084_SW2,-33.90829849243164,151.12489318847656,230.0,54.0,39,0.65,True
2026-10-10T17:45:00+11:00,2596510,2459_492,-33.87416458129883,151.10696411132812,280.0,0.0,133,2.22,True
2026-10-10T17:45:00+11:00,2285571,2459_431,-33.88440704345703,151.19480895996094,87.0,18.4,-120,-2.0,False
2026-10-10T17:45:00+11:00,2475921,2459_530,-33.81304168701172,151.17066955566406,39.0,0.0,-278,-4.63,False
2026-10-10T17:45:00+11:00,2374723,2508_100,-33.827091217041016,151.23182678222656,220.0,35.3,82,1.37,True
2026-10-10T17:45:00+11:00,2283640,2459_423,-33.884273529052734,151.19517517089844,84.0,0.0,-124,-2.07,False
2026-10-10T17:45:00+11:00,2288500,2459_442,-33.86812973022461,151.17581176757812,341.0,45.4,-118,-1.97,False
2026-10-10T17:45:00+11:00,2682999,7083_SW1,-33.91365051269531,151.11557006835938,235.0,2.2,289,4.82,True
2026-10-10T17:45:00+11:00,2037080,2459_440,-33.869285583496094,151.19784545898438,199.0,0.0,45,0.75,True
2026-10-10T17:45:00+11:00,2290550,2459_438X,-33.8770866394043,151.20944213867188,6.0,0.0,123,2.05,True
2026-10-10T17:45:00+11:00,2376404,2508_100,-33.86519241333008,151.20486450195312,354.0,24.8,-19,-0.32,True
2026-10-10T17:45:00+11:00,2375614,2508_100,-33.859375,151.20640563964844,200.0,61.6,196,3.27,True
2026-10-10T17:45:00+11:00,2287790,2459_470,-33.874454498291016,151.16253662109375,265.0,3.6,-124,-2.07,False
2026-10-10T17:45:00+11:00,2415992,2508_B1,-33.86658477783203,151.20631408691406,5.0,9.7,0,0.0,True
2026-10-10T17:45:00+11:00,2713901,2508_144,-33.829383850097656,151.22796630859375,224.0,29.5,-28,-0.47,True
2026-10-10T17:45:00+11:00,2713901_2,2508_144,-33.82878112792969,151.22891235351562,241.0,23.8,4,0.07,True
2026-10-10T17:45:00+11:00,2737129,2459_308,-33.89272689819336,151.20291137695312,279.0,27.0,222,3.7,True
2026-10-10T17:45:00+11:00,2737158,2459_428,-33.89710235595703,151.1533660888672,320.0,34.9,228,3.8,True
2026-10-10T17:45:00+11:00,2288421,2459_440,-33.88780975341797,151.16009521484375,269.0,23.0,-26,-0.43,True
2026-10-10T17:45:00+11:00,2530324,7084_SW2,-33.90871810913086,151.1525115966797,294.0,36.0,79,1.32,True
2026-10-10T17:45:00+11:00,2415873,2508_B1,-33.86652374267578,151.20631408691406,6.0,0.0,0,0.0,True
2026-10-10T17:45:00+11:00,2281166,7083_SW3,-33.91340637207031,151.16676330566406,35.0,8.6,-205,-3.42,False
2026-10-10T17:45:00+11:00,2736938,2459_445,-33.856468200683594,151.17283630371094,233.0,13.3,15,0.25,True
2026-10-10T17:45:00+11:00,2376120,2508_100,-33.829551696777344,151.21359252929688,98.0,0.0,510,8.5,False
2026-10-10T17:45:00+11:00,2288721,2459_431,-33.88033676147461,151.2089080810547,194.0,7.2,153,2.55,True
2026-10-10T17:45:00+11:00,2713921,2508_144,-33.824493408203125,151.19102478027344,250.0,41.8,529,8.82,False
2026-10-10T17:45:00+11:00,1906654,2459_461X,-33.88452911376953,151.19541931152344,266.0,11.2,306,5.1,True
2026-10-10T17:45:00+11:00,2283024,2459_440,-33.882694244384766,151.20803833007812,299.0,25.6,304,5.07,True
2026-10-10T17:45:00+11:00,2287117,2459_426,-33.88427734375,151.1949920654297,82.0,9.7,-66,-1.1,False
2026-10-10T17:45:00+11:00,2415869,2508_B1,-33.82951736450195,151.21372985839844,100.0,0.0,138,2.3,True
2026-10-10T17:45:00+11:00,2718743,2514_271,-33.824615478515625,151.2120361328125,121.0,34.9,46,0.77,True
2026-10-10T17:45:00+11:00,1959417,2459_413,-33.90083694458008,151.11505126953125,128.0,36.7,-7,-0.12,True
2026-10-10T17:45:00+11:00,2741333,700015_3AT4,-33.88688659667969,151.20672607421875,7.0,0.0,,,
2026-10-10T17:45:00+11:00,2308686,2459_445,-33.88883590698242,151.15870666503906,19.0,1.8,259,4.32,True
2026-10-10T17:45:00+11:00,1904014,2459_461X,-33.87705993652344,151.10208129882812,94.0,0.0,0,0.0,True
2026-10-10T17:45:00+11:00,2288277,2459_440,-33.89152526855469,151.2474822998047,187.0,0.0,-2,-0.03,True
2026-10-10T17:45:00+11:00,2289543,2459_348,-33.9073371887207,151.21737670898438,323.0,28.4,-6,-0.1,True
2026-10-10T17:45:00+11:00,2636643,2459_504,-33.85557174682617,151.13055419921875,268.0,0.0,133,2.22,True
2026-10-10T17:45:00+11:00,2720813,2514_558,-33.7868537902832,151.1810760498047,71.0,0.0,143,2.38,True
2026-10-10T17:45:00+11:00,2036868,2459_440,-33.86420822143555,151.16946411132812,236.0,0.0,11,0.18,True
2026-10-10T17:45:00+11:00,2290347,2459_438X,-33.86440658569336,151.13034057617188,2.0,11.9,-83,-1.38,False
2026-10-10T17:45:00+11:00,2741031,7016_7T4,-33.91544723510742,151.16566467285156,12.0,0.0,0,0.0,True
2026-10-10T17:45:00+11:00,2554454,2459_358,-33.92496109008789,151.22705078125,77.0,0.0,231,3.85,True
2026-10-10T17:45:00+11:00,2740621,7066_28T4,-33.89403533935547,151.20712280273438,190.0,35.6,0,0.0,True
2026-10-10T17:45:00+11:00,2340891,2459_412,-33.889408111572266,151.18206787109375,165.0,21.6,746,12.43,False
2026-10-10T17:45:00+11:00,2289984,2459_442,-33.85810852050781,151.1875762939453,87.0,38.2,-122,-2.03,False
2026-10-10T17:45:00+11:00,2285619,2459_348,-33.915103912353516,151.2274169921875,100.0,31.7,-90,-1.5,False
2026-10-10T17:45:00+11:00,2290831,2459_428,-33.8746223449707,151.20974731445312,6.0,28.4,253,4.22,True
2026-10-10T17:45:00+11:00,2374655,2508_B1,-33.817134857177734,151.2435302734375,160.0,53.6,40,0.67,True
2026-10-10T17:45:00+11:00,2737023,2459_445,-33.89400100708008,151.1574249267578,203.0,25.9,-35,-0.58,True
2026-10-10T17:45:00+11:00,2290634,2459_440,-33.884464263916016,151.15701293945312,348.0,29.5,709,11.82,False
2026-10-10T17:45:00+11:00,2718934,2514_565,-33.79423141479492,151.1791534423828,214.0,41.8,-237,-3.95,False
2026-10-10T17:45:00+11:00,2090449,2508_160X,-33.787147521972656,151.1815185546875,339.0,0.0,157,2.62,True
2026-10-10T17:45:00+11:00,2374145,2508_144,-33.82637023925781,151.2322998046875,41.0,0.0,-149,-2.48,False
2026-10-10T17:45:00+11:00,2285074,2459_422,-33.87947463989258,151.20762634277344,101.0,11.2,507,8.45,False
2026-10-10T17:45:00+11:00,2579174,7084_SW2,-33.912193298339844,151.15988159179688,119.0,10.4,2331,38.85,False
2026-10-10T17:45:00+11:00,2290670,2459_418,-33.90410232543945,151.14317321777344,320.0,17.6,-16,-0.27,True
2026-10-10T17:45:00+11:00,2283256,2459_428,-33.905033111572266,151.1331024169922,95.0,4.7,119,1.98,True
2026-10-10T17:45:00+11:00,2289972,2459_470,-33.8792610168457,151.20916748046875,185.0,0.0,-162,-2.7,False
2026-10-10T17:45:00+11:00,2377174,2508_144,-33.79456329345703,151.26625061035156,100.0,37.4,245,4.08,True
2026-10-10T17:45:00+11:00,2286747,2459_389,-33.87314224243164,151.2083740234375,277.0,0.0,475,7.92,False
2026-10-10T17:45:00+11:00,2686073,2459_423,-33.889320373535156,151.19032287597656,224.0,3.2,6,0.1,True
2026-10-10T17:45:00+11:00,2515300,2459_410,-33.869773864746094,151.1089324951172,196.0,0.4,1292,21.53,False
2026-10-10T17:45:00+11:00,2618765,2459_422,-33.893821716308594,151.18325805664062,222.0,0.4,112,1.87,True
2026-10-10T17:45:00+11:00,2706859,2504_607X,-33.87180709838867,151.2064208984375,176.0,0.0,0,0.0,True
2026-10-10T17:45:00+11:00,2596525,2459_491,-33.877811431884766,151.12782287597656,59.0,0.0,316,5.27,True
2026-10-10T17:45:00+11:00,2090519,2508_160X,-33.79536437988281,151.1813201904297,214.0,4.7,-425,-7.08,False
2026-10-10T17:45:00+11:00,2284932,2459_426,-33.898799896240234,151.17408752441406,260.0,3.2,273,4.55,True
2026-10-10T17:45:00+11:00,2589793,2508_280,-33.79643630981445,151.180908203125,182.0,0.0,0,0.0,True
2026-10-10T17:45:00+11:00,2596489,2459_490,-33.86924362182617,151.12974548339844,254.0,0.0,125,2.08,True
2026-10-10T17:45:00+11:00,2288341,2459_433,-33.882110595703125,151.1898651123047,131.0,9.0,-235,-3.92,False
2026-10-10T17:45:00+11:00,2289167,2459_442,-33.86016845703125,151.17726135253906,189.0,25.6,-187,-3.12,False
2026-10-10T17:45:00+11:00,2608986,2459_430,-33.89896011352539,151.17166137695312,73.0,10.1,19,0.32,True
2026-10-10T17:45:00+11:00,2290564,2459_423,-33.89964294433594,151.17080688476562,23.0,4.0,-70,-1.17,False
2026-10-10T17:45:00+11:00,2458242,2508_238,-33.83230209350586,151.24734497070312,81.0,27.0,170,2.83,True
2026-10-10T17:45:00+11:00,2286516,2459_389,-33.880882263183594,151.22349548339844,296.0,32.4,132,2.2,True
2026-10-10T17:45:00+11:00,2287600,2459_433,-33.858150482177734,151.18336486816406,295.0,0.0,0,0.0,True
2026-10-10T17:45:00+11:00,2644401,2507_52,-33.84657287597656,151.1516876220703,153.0,34.6,219,3.65,True
2026-10-10T17:45:00+11:00,2643489,2507_120,-33.819313049316406,151.20277404785156,325.0,68.8,-89,-1.48,False
2026-10-10T17:45:00+11:00,2258459,2507_516,-33.79603576660156,151.16738891601562,164.0,0.0,-174,-2.9,False
2026-10-10T17:45:00+11:00,2643108,2507_501,-33.850257873535156,151.15386962890625,149.0,34.2,-9,-0.15,True
2026-10-10T17:45:00+11:00,2407748,2507_265,-33.841854095458984,151.20327758789062,113.0,36.7,-142,-2.37,False
2026-10-10T17:45:00+11:00,2744496,2507_292,-33.86574935913086,151.2032928466797,173.0,0.0,0,0.0,True
2026-10-10T17:45:00+11:00,2643082,2507_120,-33.79256057739258,151.1958770751953,162.0,16.9,205,3.42,True
2026-10-10T17:45:00+11:00,2621031,2507_252,-33.814876556396484,151.16650390625,253.0,34.6,174,2.9,True
2026-10-10T17:45:00+11:00,2643561,2507_52,-33.85818099975586,151.1608123779297,326.0,55.1,198,3.3,True
2026-10-10T17:45:00+11:00,2643911,2507_120,-33.79664993286133,151.17881774902344,68.0,32.4,3,0.05,True
2026-10-10T17:45:00+11:00,2538567,2507_506,-33.87466049194336,151.19561767578125,132.0,46.1,-124,-2.07,False
2026-10-10T17:45:00+11:00,2672514,2507_115,-33.79319381713867,151.19302368164062,68.0,37.4,58,0.97,True
2026-10-10T17:45:00+11:00,2644551,2507_52,-33.87294387817383,151.20436096191406,243.0,9.4,168,2.8,True
2026-10-10T17:45:00+11:00,2643965,2507_207,-33.792118072509766,151.20713806152344,162.0,33.1,-112,-1.87,False
2026-10-10T17:45:00+11:00,2230038,2507_261,-33.8328971862793,151.168212890625,312.0,42.8,47,0.78,True
2026-10-10T17:45:00+11:00,2322599,2507_506,-33.870399475097656,151.1897430419922,299.0,47.5,211,3.52,True
2026-10-10T17:45:00+11:00,2620482,2507_288,-33.82363510131836,151.2082977294922,110.0,59.0,-21,-0.35,True
2026-10-10T17:45:00+11:00,2681999,2507_202,-33.8638801574707,151.21031188964844,6.0,0.0,0,0.0,True
2026-10-10T17:45:00+11:00,2643253,2507_52,-33.872440338134766,151.21275329589844,186.0,0.0,2,0.03,True
2026-10-10T17:45:00+11:00,2738322,2507_533,-33.80607604980469,151.16580200195312,97.0,0.0,913,15.22,False
2026-10-10T17:45:00+11:00,2230553,2507_275,-33.795936584472656,151.1811981201172,344.0,0.0,0,0.0,True
2026-10-10T17:45:00+11:00,2672518,2507_115,-33.81690216064453,151.2014923095703,358.0,31.0,77,1.28,True
2026-10-10T17:45:00+11:00,2643701,2507_120,-33.803367614746094,151.1985321044922,280.0,0.0,232,3.87,True
2026-10-10T17:45:00+11:00,2643787,2507_120,-33.79599380493164,151.18350219726562,259.0,18.0,-390,-6.5,False
2026-10-10T17:45:00+11:00,2643539,2507_501,-33.879581451416016,151.2081298828125,103.0,0.0,0,0.0,True
2026-10-10T17:45:00+11:00,2672521,2507_115,-33.796512603759766,151.18077087402344,185.0,0.0,0,0.0,True
2026-10-10T17:45:00+11:00,2442218,2507_207,-33.852874755859375,151.2094268798828,24.0,55.1,35,0.58,True
2026-10-10T17:45:00+11:00,2744550,2507_292,-33.81056213378906,151.16429138183594,241.0,0.0,-60,-1.0,False
2026-10-10T17:45:00+11:00,2744667,2507_292,-33.864566802978516,151.2047882080078,354.0,34.9,22,0.37,True
2026-10-10T17:45:00+11:00,2672475,2507_267,-33.79812240600586,151.1863555908203,339.0,29.2,-483,-8.05,False
2026-10-10T17:45:00+11:00,2643482,2507_120,-33.872413635253906,151.20648193359375,173.0,10.8,-99,-1.65,False
2026-10-10T17:45:00+11:00,2682119,2507_267,-33.8152961730957,151.2122802734375,194.0,21.2,13,0.22,True
2026-10-10T17:45:00+11:00,2643153,2507_501,-33.8711051940918,151.19473266601562,152.0,0.4,-172,-2.87,False
2026-10-10T17:45:00+11:00,2682030,2507_202,-33.81194305419922,151.21051025390625,11.0,38.9,37,0.62,True
2026-10-10T17:45:00+11:00,2738387,2507_533,-33.80629348754883,151.16664123535156,302.0,0.0,-10,-0.17,True
2026-10-10T17:45:00+11:00,2731757,2507_291,-33.83350372314453,151.20472717285156,159.0,0.0,496,8.27,False
2026-10-10T17:45:00+11:00,2644785,2507_120,-33.836299896240234,151.2115020751953,182.0,56.5,-6,-0.1,True
2026-10-10T17:45:00+11:00,2407449,2507_252,-33.826141357421875,151.19935607910156,143.0,22.7,131,2.18,True
2026-10-10T17:45:00+11:00,2227355,2507_288,-33.81244659423828,151.17166137695312,259.0,0.0,-44,-0.73,True
2026-10-10T17:45:00+11:00,2672513,2507_115,-33.836692810058594,151.2070770263672,101.0,0.0,-170,-2.83,False
2026-10-10T17:45:00+11:00,2407341,2507_252,-33.828575134277344,151.12928771972656,52.0,29.5,-18,-0.3,True
2026-10-10T17:45:00+11:00,2642958,2507_501,-33.8400993347168,151.1458740234375,318.0,67.3,130,2.17,True
2026-10-10T17:45:00+11:00,2643735,2507_52,-33.873512268066406,151.1946258544922,148.0,62.6,63,1.05,True
2026-10-10T17:45:00+11:00,2643653,2507_501,-33.88087844848633,151.2066192626953,215.0,14.4,0,0.0,True
2026-10-10T17:45:00+11:00,2557231,2507_291,-33.826141357421875,151.19923400878906,321.0,21.6,241,4.02,True
2026-10-10T17:45:00+11:00,2643203,2507_501,-33.8704719543457,151.19198608398438,244.0,0.0,114,1.9,True
2026-10-10T17:45:00+11:00,2744630,2507_292,-33.804168701171875,151.15280151367188,280.0,42.1,115,1.92,True
2026-10-10T17:45:00+11:00,2644373,2507_120,-33.79615783691406,151.1813201904297,353.0,16.6,0,0.0,True
2026-10-10T17:45:00+11:00,2399831,2509_390X,-33.91651916503906,151.23719787597656,100.0,42.8,145,2.42,True
2026-10-10T17:45:00+11:00,2532630,2509_333,-33.890323638916016,151.24278259277344,110.0,0.0,532,8.87,False
2026-10-10T17:45:00+11:00,2434773,2509_390X,-33.89981460571289,151.25320434570312,133.0,0.0,85,1.42,True
2026-10-10T17:45:00+11:00,2137543,2509_396,-33.903564453125,151.22364807128906,157.0,47.9,956,15.93,False
2026-10-10T17:45:00+11:00,2300952,2509_399,-33.928123474121094,151.2335662841797,136.0,33.8,122,2.03,True
2026-10-10T17:45:00+11:00,2403195,2509_311,-33.858524322509766,151.2046661376953,279.0,0.0,0,0.0,True
2026-10-10T17:45:00+11:00,2356092,2509_373,-33.92158126831055,151.24742126464844,297.0,0.0,238,3.97,True
2026-10-10T17:45:00+11:00,2357767,2509_373,-33.88438415527344,151.2177734375,333.0,1.8,185,3.08,True
2026-10-10T17:45:00+11:00,2403084,2509_311,-33.86908721923828,151.2192840576172,7.0,15.8,567,9.45,False
2026-10-10T17:45:00+11:00,2740398,2509_370,-33.920753479003906,151.2564239501953,100.0,3.6,-286,-4.77,False
2026-10-10T17:45:00+11:00,2357841,2509_339,-33.88538360595703,151.21641540527344,299.0,27.4,144,2.4,True
2026-10-10T17:45:00+11:00,2356410,2509_343,-33.896236419677734,151.2066192626953,8.0,4.0,182,3.03,True
2026-10-10T17:45:00+11:00,2356705,2509_343,-33.90471267700195,151.20553588867188,146.0,26.3,240,4.0,True
2026-10-10T17:45:00+11:00,2357232,2509_370,-33.9040412902832,151.202392578125,340.0,43.2,-70,-1.17,False
2026-10-10T17:45:00+11:00,2352350,2509_356,-33.942115783691406,151.24252319335938,279.0,43.9,-190,-3.17,False
2026-10-10T17:45:00+11:00,2532437,2509_387,-33.88652420043945,151.2620086669922,288.0,12.2,56,0.93,True
2026-10-10T17:45:00+11:00,2434455,2509_390X,-33.891178131103516,151.24868774414062,276.0,0.4,0,0.0,True
2026-10-10T17:45:00+11:00,2533763,2509_333,-33.894039154052734,151.26416015625,278.0,0.0,-35,-0.58,True
2026-10-10T17:45:00+11:00,2398239,2509_392,-33.939170837402344,151.22869873046875,25.0,35.3,291,4.85,True
2026-10-10T17:45:00+11:00,2488471,2509_392,-33.924678802490234,151.22821044921875,194.0,16.2,115,1.92,True
2026-10-10T17:45:00+11:00,2740332,2509_379,-33.885780334472656,151.28160095214844,274.0,36.0,226,3.77,True
2026-10-10T17:45:00+11:00,2740446,2509_379,-33.89059829711914,151.25416564941406,232.0,6.5,-212,-3.53,False
2026-10-10T17:45:00+11:00,2357582,2509_343,-33.86323928833008,151.21038818359375,7.0,13.7,8,0.13,True
2026-10-10T17:45:00+11:00,2740391,2509_370,-33.90153884887695,151.20103454589844,73.0,0.0,383,6.38,False
2026-10-10T17:45:00+11:00,2532269,2509_355,-33.902503967285156,151.169189453125,22.0,22.0,39,0.65,True
2026-10-10T17:45:00+11:00,2740383,2509_379,-33.89601135253906,151.25103759765625,164.0,0.0,-58,-0.97,True
2026-10-10T17:45:00+11:00,2531349,2509_380,-33.86837387084961,151.28094482421875,100.0,33.8,421,7.02,False
2026-10-10T17:45:00+11:00,2357092,2509_343,-33.92366027832031,151.21133422851562,292.0,5.4,-69,-1.15,False
2026-10-10T17:45:00+11:00,2533040,2509_350,-33.901702880859375,151.25428771972656,334.0,32.8,424,7.07,False
2026-10-10T17:45:00+11:00,2534350,2509_333,-33.86241912841797,151.2120361328125,188.0,29.9,122,2.03,True
2026-10-10T17:45:00+11:00,2740463,2509_379,-33.90625762939453,151.26431274414062,280.0,26.6,-77,-1.28,False
2026-10-10T17:45:00+11:00,2531465,2509_350,-33.943477630615234,151.22276306152344,279.0,7.9,38,0.63,True
2026-10-10T17:45:00+11:00,2534594,2509_324,-33.874637603759766,151.2225799560547,291.0,10.8,82,1.37,True
2026-10-10T17:45:00+11:00,2488387,2509_392,-33.89689636230469,151.2127685546875,100.0,17.6,-12,-0.2,True
2026-10-10T17:45:00+11:00,2357684,2509_339,-33.9127082824707,151.26339721679688,117.0,12.6,860,14.33,False
2026-10-10T17:45:00+11:00,2532902,2509_333,-33.89052963256836,151.25265502929688,110.0,0.0,55,0.92,True
2026-10-10T17:45:00+11:00,2564493,2509_387,-33.889930725097656,151.2554473876953,57.0,36.7,92,1.53,True
2026-10-10T17:45:00+11:00,2533844,2509_350,-33.94754409790039,151.25125122070312,104.0,0.0,-7,-0.12,True
2026-10-10T17:45:00+11:00,2675037,2509_309,-33.947662353515625,151.19729614257812,182.0,43.6,672,11.2,False
2026-10-10T17:45:00+11:00,2434793,2509_390X,-33.911251068115234,151.2390594482422,189.0,32.4,176,2.93,True
2026-10-10T17:45:00+11:00,2357537,2509_370,-33.88151931762695,151.18881225585938,310.0,30.6,297,4.95,True
2026-10-10T17:45:00+11:00,2531760,2509_325,-33.87104415893555,151.26736450195312,54.0,1.1,22,0.37,True
2026-10-10T17:45:00+11:00,2532717,2509_333,-33.87887954711914,151.21475219726562,315.0,28.4,-166,-2.77,False
2026-10-10T17:45:00+11:00,2138362,2509_396,-33.883880615234375,151.21759033203125,170.0,0.0,782,13.03,False
2026-10-10T17:45:00+11:00,2137439,2509_375,-33.92668533325195,151.25531005859375,278.0,13.0,324,5.4,True
2026-10-10T17:45:00+11:00,2357797,2509_374,-33.90903854370117,151.23843383789062,106.0,0.0,499,8.32,False
2026-10-10T17:45:00+11:00,2138204,2509_375,-33.91696548461914,151.2412567138672,160.0,27.7,463,7.72,False
2026-10-10T17:45:00+11:00,2357112,2509_339,-33.90842056274414,151.24790954589844,118.0,27.4,58,0.97,True
2026-10-10T17:45:00+11:00,2531735,2509_324,-33.86299133300781,151.2721405029297,3.0,42.5,189,3.15,True
2026-10-10T17:45:00+11:00,2139070,2509_396,-33.86472702026367,151.2126922607422,187.0,18.0,180,3.0,True
2026-10-10T17:45:00+11:00,2356128,2509_311,-33.869407653808594,151.22146606445312,258.0,35.3,3,0.05,True
2026-10-10T17:45:00+11:00,2352481,2509_392,-33.95543670654297,151.23028564453125,170.0,21.2,-255,-4.25,False
2026-10-10T17:45:00+11:00,2740439,2509_379,-33.88522720336914,151.2731170654297,94.0,27.7,200,3.33,True
2026-10-10T17:45:00+11:00,2356371,2509_343,-33.86616897583008,151.21249389648438,187.0,32.0,78,1.3,True
2026-10-10T17:45:00+11:00,2564442,2509_386,-33.87065505981445,151.2708740234375,320.0,18.4,314,5.23,True
2026-10-10T17:45:00+11:00,2533260,2509_324,-33.8509521484375,151.28604125976562,28.0,37.1,242,4.03,True
2026-10-10T17:45:00+11:00,2533335,2509_333,-33.889923095703125,151.2806396484375,260.0,0.0,-115,-1.92,False
2026-10-10T17:45:00+11:00,2139941,2509_375,-33.9554557800293,151.2311553955078,77.0,0.0,-3,-0.05,True
2026-10-10T17:45:00+11:00,2355995,2509_370,-33.915340423583984,151.2296142578125,279.0,44.3,181,3.02,True
2026-10-10T17:45:00+11:00,2532124,2509_360,-33.90024948120117,151.26519775390625,187.0,22.0,663,11.05,False
2026-10-10T17:45:00+11:00,2356546,2509_370,-33.902469635009766,151.19166564941406,217.0,26.6,134,2.23,True
2026-10-10T17:45:00+11:00,2352772,2509_307,-33.94062042236328,151.21546936035156,54.0,38.9,-182,-3.03,False
2026-10-10T17:45:00+11:00,2356447,2509_370,-33.87860107421875,151.18597412109375,320.0,0.0,-426,-7.1,False
2026-10-10T17:45:00+11:00,2531365,2509_333,-33.890953063964844,151.24916076660156,277.0,36.7,-116,-1.93,False
2026-10-10T17:45:00+11:00,2531987,2509_313,-33.900596618652344,151.2534637451172,8.0,0.0,133,2.22,True
2026-10-10T17:45:00+11:00,2470840,2509_356,-33.89360427856445,151.24703979492188,11.0,4.3,-249,-4.15,False
2026-10-10T17:45:00+11:00,2532092,2509_352,-33.89946746826172,151.177978515625,348.0,24.5,984,16.4,False
2026-10-10T17:45:00+11:00,2138932,2509_396,-33.876869201660156,151.21153259277344,91.0,0.0,450,7.5,False
2026-10-10T17:45:00+11:00,2399580,2509_390X,-33.95094680786133,151.24127197265625,349.0,33.5,-13,-0.22,True
2026-10-10T17:45:00+11:00,2532126,2509_313,-33.89122772216797,151.24777221679688,143.0,4.7,0,0.0,True
2026-10-10T17:45:00+11:00,2533655,2509_362,-33.890785217285156,151.27481079101562,216.0,25.6,-66,-1.1,False
2026-10-10T17:45:00+11:00,2628590,2509_304,-33.86735153198242,151.21063232421875,5.0,0.0,199,3.32,True
2026-10-10T17:45:00+11:00,2740364,2509_379,-33.892398834228516,151.249755859375,9.0,25.9,-60,-1.0,False
2026-10-10T17:45:00+11:00,2470847,2509_356,-33.931671142578125,151.25369262695312,5.0,0.0,-3,-0.05,True
2026-10-10T17:45:00+11:00,2534653,2509_350,-33.934017181396484,151.19879150390625,273.0,41.0,175,2.92,True
2026-10-10T17:45:00+11:00,2532528,2509_333,-33.88945770263672,151.27952575683594,122.0,39.2,175,2.92,True
2026-10-10T17:45:00+11:00,2357787,2509_373,-33.91046905517578,151.23947143554688,185.0,0.0,363,6.05,False
2026-10-10T17:45:00+11:00,2534283,2509_333,-33.89165496826172,151.2469024658203,288.0,0.0,-9,-0.15,True
2026-10-10T17:45:00+11:00,2533825,2509_350,-33.93686294555664,151.25770568847656,183.0,10.4,52,0.87,True
2026-10-10T17:45:00+11:00,2675045,2509_309,-33.94419479370117,151.19627380371094,162.0,16.2,68,1.13,True
2026-10-10T17:45:00+11:00,2346462,2509_390X,-33.900508880615234,151.25372314453125,340.0,0.0,-199,-3.32,False
2026-10-10T17:45:00+11:00,2691366,2509_324,-33.87701416015625,151.23252868652344,284.0,29.9,65,1.08,True
2026-10-10T17:45:00+11:00,2628599,2509_304,-33.88371276855469,151.21434020996094,9.0,0.0,727,12.12,False
2026-10-10T17:45:00+11:00,2533272,2509_333,-33.863487243652344,151.2129669189453,268.0,21.6,-119,-1.98,False
2026-10-10T17:45:00+11:00,2531709,2509_333,-33.89277648925781,151.25567626953125,100.0,16.6,234,3.9,True
2026-10-10T17:45:00+11:00,2675011,2509_309,-33.893768310546875,151.19869995117188,21.0,17.6,18,0.3,True
2026-10-10T17:45:00+11:00,2532979,2509_362,-33.871002197265625,151.27120971679688,320.0,29.5,-7,-0.12,True
2026-10-10T17:45:00+11:00,2628671,2509_304,-33.868614196777344,151.21051025390625,180.0,19.8,360,6.0,False
2026-10-10T17:45:00+11:00,2357431,2509_343,-33.88088607788086,151.20880126953125,10.0,0.0,250,4.17,True
2026-10-10T17:45:00+11:00,2400271,2509_309,-33.94348907470703,151.1957550048828,335.0,0.0,-70,-1.17,False
2026-10-10T17:45:00+11:00,2532805,2509_333,-33.87396240234375,151.20982360839844,5.0,37.1,253,4.22,True
2026-10-10T17:45:00+11:00,2628748,2509_304,-33.9039192199707,151.21255493164062,189.0,29.2,142,2.37,True
2026-10-10T17:45:00+11:00,2628752,2509_304,-33.86288833618164,151.2119598388672,8.0,0.0,0,0.0,True
2026-10-10T17:45:00+11:00,2532322,2509_350,-33.94832229614258,151.25448608398438,283.0,14.8,316,5.27,True
2026-10-10T17:45:00+11:00,2534704,2509_380,-33.89341354370117,151.2602081298828,279.0,0.0,477,7.95,False
2026-10-10T17:45:00+11:00,2357172,2509_343,-33.87953186035156,151.20913696289062,186.0,0.0,324,5.4,True
2026-10-10T17:45:00+11:00,2335862,2509_309,-33.91936492919922,151.19850158691406,41.0,2.9,-18,-0.3,True
2026-10-10T17:45:00+11:00,2533621,2509_355,-33.890804290771484,151.24783325195312,280.0,15.8,0,0.0,True
2026-10-10T17:45:00+11:00,2628669,2509_304,-33.90580749511719,151.2116241455078,39.0,22.3,286,4.77,True
2026-10-10T17:45:00+11:00,2399894,2509_390X,-33.93309020996094,151.23707580566406,349.0,49.0,205,3.42,True
2026-10-10T17:45:00+11:00,2140631,2509_306,-33.93154525756836,151.2086639404297,97.0,28.4,-118,-1.97,False
2026-10-10T17:45:00+11:00,2532332,2509_333,-33.89137268066406,151.24200439453125,100.0,0.0,740,12.33,False
2026-10-10T17:45:00+11:00,2533076,2509_386,-33.860382080078125,151.27249145507812,236.0,47.9,-7,-0.12,True
2026-10-10T17:45:00+11:00,2138919,2509_396,-33.924930572509766,151.22898864746094,123.0,40.0,1007,16.78,False
2026-10-10T17:45:00+11:00,2740434,2509_370,-33.90215301513672,151.19200134277344,37.0,32.4,76,1.27,True
2026-10-10T17:45:00+11:00,2533169,2509_333,-33.86492919921875,151.2113494873047,130.0,19.1,371,6.18,False
2026-10-10T17:45:00+11:00,2531155,2509_381,-33.892616271972656,151.2549591064453,138.0,24.5,118,1.97,True
2026-10-10T17:45:00+11:00,2691284,2509_324,-33.86729431152344,151.2103729248047,111.0,0.0,236,3.93,True
2026-10-10T17:45:00+11:00,2434799,2509_390X,-33.941593170166016,151.23959350585938,168.0,0.7,62,1.03,True
2026-10-10T17:45:00+11:00,2532419,2509_380,-33.891029357910156,151.27423095703125,38.0,29.9,171,2.85,True
2026-10-10T17:45:00+11:00,2532440,2509_333,-33.87730407714844,151.21279907226562,314.0,2.9,-148,-2.47,False
2026-10-10T17:45:00+11:00,2534247,2509_352,-33.88105392456055,151.21803283691406,302.0,15.5,375,6.25,False
2026-10-10T17:45:00+11:00,2533707,2509_333,-33.87687683105469,151.21180725097656,94.0,0.0,441,7.35,False
2026-10-10T17:45:00+11:00,2356740,2509_373,-33.90901184082031,151.2382354736328,98.0,1.1,-164,-2.73,False
2026-10-10T17:45:00+11:00,2356011,2509_374,-33.91693115234375,151.2491912841797,278.0,0.4,17,0.28,True
2026-10-10T17:45:00+11:00,2532771,2509_355,-33.91947555541992,151.2572479248047,185.0,15.1,0,0.0,True
2026-10-10T17:45:00+11:00,2628720,2509_304,-33.883365631103516,151.21441650390625,187.0,0.7,460,7.67,False
2026-10-10T17:45:00+11:00,2356004,2509_374,-33.88413619995117,151.2081756591797,191.0,6.5,188,3.13,True
2026-10-10T17:45:00+11:00,2532338,2509_381,-33.89643859863281,151.268798828125,304.0,28.8,404,6.73,False
2026-10-10T17:45:00+11:00,2357161,2509_373,-33.90388488769531,151.2260284423828,307.0,24.5,47,0.78,True
2026-10-10T17:45:00+11:00,2534169,2509_327,-33.88614273071289,151.24803161621094,278.0,34.6,61,1.02,True
2026-10-10T17:45:00+11:00,2532270,2509_324,-33.87966537475586,151.2359619140625,10.0,0.0,-189,-3.15,False
2026-10-10T17:45:00+11:00,2400564,2509_309,-33.898834228515625,151.20005798339844,344.0,0.0,-52,-0.87,True
2026-10-10T17:45:00+11:00,2532971,2509_362,-33.91973114013672,151.25701904296875,11.0,0.4,0,0.0,True
2026-10-10T17:45:00+11:00,2534557,2509_326,-33.884822845458984,151.2637481689453,139.0,14.0,-1,-0.02,True
2026-10-10T17:45:00+11:00,2534346,2509_352,-33.89883804321289,151.17787170410156,204.0,24.5,178,2.97,True
2026-10-10T17:45:00+11:00,2533415,2509_352,-33.88915252685547,151.2327880859375,132.0,22.3,670,11.17,False
2026-10-10T17:45:00+11:00,2398242,2509_392,-33.9458122253418,151.22593688964844,181.0,0.0,59,0.98,True
2026-10-10T17:45:00+11:00,2533690,2509_350,-33.90945053100586,151.25477600097656,190.0,41.0,174,2.9,True
2026-10-10T17:45:00+11:00,2532069,2509_324,-33.8448371887207,151.2828369140625,222.0,18.0,-2,-0.03,True
2026-10-10T17:45:00+11:00,2534732,2509_325,-33.870609283447266,151.2516326904297,207.0,37.1,88,1.47,True
2026-10-10T17:45:00+11:00,2534305,2509_350,-33.93289566040039,151.179931640625,100.0,0.4,0,0.0,True
2026-10-10T17:45:00+11:00,2357528,2509_373,-33.919525146484375,151.25717163085938,191.0,0.0,0,0.0,True
2026-10-10T17:45:00+11:00,2532384,2509_355,-33.90188217163086,151.199951171875,248.0,26.3,125,2.08,True
2026-10-10T17:45:00+11:00,2533207,2509_333,-33.88910675048828,151.28369140625,105.0,14.4,24,0.4,True
2026-10-10T17:45:00+11:00,2534701,2509_350,-33.933982849121094,151.1981964111328,265.0,45.7,783,13.05,False
2026-10-10T17:45:00+11:00,2357478,2509_373,-33.920654296875,151.2568359375,190.0,0.0,0,0.0,True
2026-10-10T17:45:00+11:00,2575719,2509_374,-33.88380432128906,151.2082061767578,9.0,3.6,-188,-3.13,False
2026-10-10T17:45:00+11:00,2531239,2509_333,-33.8907470703125,151.2372283935547,269.0,51.1,343,5.72,True
2026-10-10T17:45:00+11:00,2398269,2509_392,-33.9102668762207,151.22311401367188,7.0,0.0,234,3.9,True
2026-10-10T17:45:00+11:00,2531950,2509_333,-33.87579345703125,151.2095947265625,4.0,34.2,171,2.85,True
2026-10-10T17:45:00+11:00,2139714,2509_396,-33.88578796386719,151.21849060058594,336.0,17.6,7,0.12,True
2026-10-10T17:45:00+11:00,2675120,2509_309,-33.89852523803711,151.20004272460938,162.0,0.0,-1,-0.02,True
2026-10-10T17:45:00+11:00,2533134,2509_350,-33.92108917236328,151.25665283203125,18.0,0.0,-121,-2.02,False
2026-10-10T17:45:00+11:00,2399408,2509_390X,-33.95525360107422,151.23025512695312,177.0,0.0,0,0.0,True
2026-10-10T17:45:00+11:00,2740297,2509_370,-33.91684341430664,151.23886108398438,100.0,38.2,-61,-1.02,False
2026-10-10T17:45:00+11:00,2740425,2509_379,-33.892391204833984,151.249755859375,188.0,18.7,715,11.92,False
2026-10-10T17:45:00+11:00,2531505,2509_324,-33.856014251708984,151.2069091796875,225.0,0.0,0,0.0,True
2026-10-10T17:45:00+11:00,2357640,2509_373,-33.88051223754883,151.21676635742188,129.0,0.0,4,0.07,True
2026-10-10T17:45:00+11:00,2534067,2509_333,-33.86252975463867,151.21116638183594,1.0,0.0,1,0.02,True
2026-10-10T17:45:00+11:00,2532070,2509_333,-33.8626708984375,151.21115112304688,5.0,0.7,0,0.0,True
2026-10-10T17:45:00+11:00,2533383,2509_333,-33.863468170166016,151.21290588378906,176.0,19.4,31,0.52,True
2026-10-10T17:45:00+11:00,2138648,2509_396,-33.88416290283203,151.2176055908203,345.0,8.3,554,9.23,False
2026-10-10T17:45:00+11:00,2355984,2509_370,-33.91982650756836,151.25709533691406,188.0,0.0,0,0.0,True
2026-10-10T17:45:00+11:00,2356479,2509_343,-33.91086196899414,151.20619201660156,355.0,0.0,91,1.52,True
2026-10-10T17:45:00+11:00,2352257,2509_307,-33.945743560791016,151.22607421875,190.0,4.7,0,0.0,True
2026-10-10T17:45:00+11:00,2356913,2509_343,-33.91660690307617,151.20440673828125,201.0,27.0,417,6.95,False
2026-10-10T17:45:00+11:00,2531289,2509_325,-33.87062072753906,151.20623779296875,174.0,5.8,260,4.33,True
2026-10-10T17:45:00+11:00,2434469,2509_390X,-33.91522979736328,151.22853088378906,279.0,43.6,252,4.2,True
2026-10-10T17:45:00+11:00,2136784,2509_396,-33.928077697753906,151.23277282714844,317.0,27.0,356,5.93,True
2026-10-10T17:45:00+11:00,2532776,2509_325,-33.84376525878906,151.28407287597656,3.0,0.0,0,0.0,True
2026-10-10T17:45:00+11:00,2138315,2509_375,-33.94511795043945,151.25808715820312,236.0,21.6,808,13.47,False
2026-10-10T17:45:00+11:00,2533851,2509_333,-33.88911056518555,151.27792358398438,282.0,0.0,50,0.83,True
2026-10-10T17:45:00+11:00,2740304,2509_370,-33.87205505371094,151.18003845214844,196.0,0.0,0,0.0,True
2026-10-10T17:45:00+11:00,2531416,2509_350,-33.933197021484375,151.18179321289062,93.0,37.1,476,7.93,False
2026-10-10T17:45:00+11:00,2138764,2509_396,-33.93067932128906,151.23692321777344,152.0,0.0,1431,23.85,False
2026-10-10T17:45:00+11:00,2532952,2509_360,-33.89139938354492,151.2489013671875,97.0,15.1,3,0.05,True
2026-10-10T17:45:00+11:00,2675155,2509_309,-33.920711517333984,151.19725036621094,218.0,27.7,100,1.67,True
2026-10-10T17:45:00+11:00,2531191,2509_355,-33.89071273803711,151.21009826660156,115.0,31.3,350,5.83,True
2026-10-10T17:45:00+11:00,2531426,2509_325,-33.86613464355469,151.2042694091797,354.0,15.5,56,0.93,True
2026-10-10T17:45:00+11:00,2740313,2509_370,-33.89614486694336,151.18092346191406,232.0,36.4,114,1.9,True
2026-10-10T17:45:00+11:00,2352756,2509_307,-33.92486572265625,151.19046020507812,278.0,20.2,-36,-0.6,True
2026-10-10T17:45:00+11:00,2352288,2509_392,-33.911476135253906,151.2234344482422,166.0,1.4,-125,-2.08,False
2026-10-10T17:45:00+11:00,2532701,2509_324,-33.859344482421875,151.2740020751953,258.0,32.4,187,3.12,True
2026-10-10T17:45:00+11:00,2628747,2509_304,-33.901790618896484,151.21286010742188,9.0,0.0,859,14.32,False
2026-10-10T17:45:00+11:00,2356771,2509_370,-33.9075927734375,151.1869354248047,266.0,23.0,506,8.43,False
2026-10-10T17:45:00+11:00,2532537,2509_333,-33.8873176574707,151.230712890625,315.0,0.0,15,0.25,True
2026-10-10T17:45:00+11:00,2533749,2509_333,-33.87900924682617,151.2152557373047,134.0,36.7,591,9.85,False
2026-10-10T17:45:00+11:00,2533307,2509_360,-33.90275573730469,151.25973510742188,50.0,28.4,101,1.68,True
2026-10-10T17:45:00+11:00,2398270,2509_392,-33.90346908569336,151.20840454101562,278.0,1.4,389,6.48,False
2026-10-10T17:45:00+11:00,2532744,2509_333,-33.8928108215332,151.25540161132812,272.0,19.4,-91,-1.52,False
2026-10-10T17:45:00+11:00,2531337,2509_333,-33.8908576965332,151.2442169189453,110.0,33.5,228,3.8,True
2026-10-10T17:45:00+11:00,2740396,2509_379,-33.891849517822266,151.25140380859375,73.0,0.0,282,4.7,True
2026-10-10T17:45:00+11:00,2533492,2509_333,-33.8936653137207,151.2620849609375,101.0,16.9,672,11.2,False
2026-10-10T17:45:00+11:00,2531539,2509_333,-33.891204833984375,151.2743377685547,220.0,0.0,156,2.6,True
2026-10-10T17:45:00+11:00,2140562,2509_396,-33.942874908447266,151.24752807617188,302.0,9.7,181,3.02,True
2026-10-10T17:45:00+11:00,2740543,2509_370,-33.88447952270508,151.19384765625,86.0,14.8,93,1.55,True
2026-10-10T17:45:00+11:00,2136833,2509_306,-33.92271423339844,151.20700073242188,180.0,0.0,334,5.57,True
2026-10-10T17:45:00+11:00,2335450,2509_309,-33.896995544433594,151.19937133789062,343.0,0.0,383,6.38,False
2026-10-10T17:45:00+11:00,2531252,2509_350,-33.90069580078125,151.25381469726562,335.0,0.0,-228,-3.8,False
2026-10-10T17:45:00+11:00,2533310,2509_333,-33.890079498291016,151.2342987060547,296.0,64.4,-107,-1.78,False
2026-10-10T17:45:00+11:00,2356915,2509_370,-33.91905975341797,151.24583435058594,296.0,47.9,14,0.23,True
2026-10-10T17:45:00+11:00,2532857,2509_333,-33.877132415771484,151.2126007080078,314.0,0.0,43,0.72,True
2026-10-10T17:45:00+11:00,2747972,700011_27T4,-33.88397979736328,151.21751403808594,81.0,22.3,424,7.07,False
2026-10-10T17:45:00+11:00,2722612,700012_36SC,-33.882808685302734,151.2044219970703,245.0,0.4,,,
2026-10-10T17:45:00+11:00,2722562,700012_36SC,-33.881103515625,151.2088165283203,189.0,29.9,-568,-9.47,False
2026-10-10T18:00:00+11:00,2709649,2504_610X,-33.83203887939453,151.2132110595703,214.0,57.2,-308,-5.13,False
2026-10-10T18:00:00+11:00,2636774,2459_504,-33.85161209106445,151.13218688964844,111.0,15.1,6,0.1,True
2026-10-10T18:00:00+11:00,2374785,2508_111,-33.83316421508789,151.24696350097656,88.0,25.2,2,0.03,True
2026-10-10T18:00:00+11:00,2374272,2508_144,-33.82402801513672,151.241455078125,51.0,0.0,154,2.57,True
2026-10-10T18:00:00+11:00,2424284,2508_230,-33.832489013671875,151.2371826171875,234.0,29.5,174,2.9,True
2026-10-10T18:00:00+11:00,1961837,2459_412,-33.89149475097656,151.17308044433594,96.0,0.0,88,1.47,True
2026-10-10T18:00:00+11:00,2374725,2508_100,-33.841766357421875,151.24349975585938,31.0,0.4,0,0.0,True
2026-10-10T18:00:00+11:00,2636636,2459_504,-33.87368392944336,151.21231079101562,101.0,11.9,-102,-1.7,False
2026-10-10T18:00:00+11:00,2620112,2459_530,-33.86909103393555,151.10528564453125,191.0,19.4,-216,-3.6,False
2026-10-10T18:00:00+11:00,2475160,2459_389,-33.88207244873047,151.22872924804688,60.0,24.1,144,2.4,True
2026-10-10T18:00:00+11:00,2620109,2459_530,-33.79619598388672,151.18045043945312,179.0,0.0,0,0.0,True
2026-10-10T18:00:00+11:00,2038911,2459_440,-33.86250686645508,151.16795349121094,308.0,50.0,0,0.0,True
2026-10-10T18:00:00+11:00,2146969,2508_161,-33.82120895385742,151.29847717285156,309.0,46.4,389,6.48,False
2026-10-10T18:00:00+11:00,2289750,2459_423,-33.9107780456543,151.15602111816406,44.0,1.8,557,9.28,False
2026-10-10T18:00:00+11:00,2686114,2459_423,-33.86569595336914,151.21023559570312,216.0,0.0,0,0.0,True
2026-10-10T18:00:00+11:00,2736967,2459_308,-33.88047790527344,151.20701599121094,193.0,33.1,11,0.18,True
2026-10-10T18:00:00+11:00,2377064,2508_172X,-33.83076477050781,151.22055053710938,114.0,0.0,133,2.22,True
2026-10-10T18:00:00+11:00,2285109,2459_431,-33.876956939697266,151.18482971191406,146.0,23.8,59,0.98,True
2026-10-10T18:00:00+11:00,2608968,2459_430,-33.88908767700195,151.1907958984375,237.0,0.0,15,0.25,True
2026-10-10T18:00:00+11:00,2737112,2459_445,-33.85723114013672,151.18035888671875,307.0,25.9,73,1.22,True
2026-10-10T18:00:00+11:00,2036867,2459_440,-33.87900924682617,151.21017456054688,49.0,0.0,-560,-9.33,False
2026-10-10T18:00:00+11:00,2283147,2459_442,-33.85915756225586,151.17739868164062,7.0,0.0,-54,-0.9,True
2026-10-10T18:00:00+11:00,2515308,2459_410,-33.87657165527344,151.10382080078125,9.0,27.4,483,8.05,False
2026-10-10T18:00:00+11:00,2283679,2459_428,-33.90737533569336,151.1260986328125,39.0,39.6,-5,-0.08,True
2026-10-10T18:00:00+11:00,2596585,2459_492,-33.850372314453125,151.1552734375,128.0,0.0,177,2.95,True
2026-10-10T18:00:00+11:00,2718761,2514_194,-33.781097412109375,151.19602966308594,326.0,0.0,323,5.38,True
2026-10-10T18:00:00+11:00,2286766,2459_348,-33.90994644165039,151.19361877441406,128.0,25.6,58,0.97,True
2026-10-10T18:00:00+11:00,2636597,2459_504,-33.85118865966797,151.154296875,52.0,0.0,245,4.08,True
2026-10-10T18:00:00+11:00,2719103,2514_271,-33.83710479736328,151.2105255126953,8.0,60.1,362,6.03,False
2026-10-10T18:00:00+11:00,2596642,2459_490,-33.87664031982422,151.11827087402344,57.0,7.9,593,9.88,False
2026-10-10T18:00:00+11:00,2377128,2508_144,-33.82707977294922,151.20022583007812,135.0,0.0,64,1.07,True
2026-10-10T18:00:00+11:00,2714019,2508_144,-33.831607818603516,151.22280883789062,269.0,20.5,239,3.98,True
2026-10-10T18:00:00+11:00,2285751,2459_422,-33.91911315917969,151.16908264160156,149.0,0.0,8,0.13,True
2026-10-10T18:00:00+11:00,2349673,2459_418,-33.87453842163086,151.10752868652344,10.0,0.0,0,0.0,True
2026-10-10T18:00:00+11:00,2374125,2508_243,-33.83002471923828,151.22633361816406,151.0,0.0,-83,-1.38,False
2026-10-10T18:00:00+11:00,1905137,2459_461X,-33.871437072753906,151.21652221679688,42.0,0.0,0,0.0,True
2026-10-10T18:00:00+11:00,2718976,2514_281,-33.78492736816406,151.20074462890625,156.0,0.0,652,10.87,False
2026-10-10T18:00:00+11:00,2349476,2459_418,-33.90766906738281,151.14927673339844,111.0,43.2,-76,-1.27,False
2026-10-10T18:00:00+11:00,2737014,2459_445,-33.89085388183594,151.1584930419922,183.0,36.0,295,4.92,True
2026-10-10T18:00:00+11:00,2290541,2459_426,-33.89857482910156,151.17633056640625,249.0,35.6,4,0.07,True
2026-10-10T18:00:00+11:00,1904012,2459_461X,-33.87711715698242,151.20944213867188,13.0,11.2,-403,-6.72,False
2026-10-10T18:00:00+11:00,2283212,2459_438X,-33.85554885864258,151.13043212890625,345.0,18.7,-18,-0.3,True
2026-10-10T18:00:00+11:00,2596891,2508_263,-33.83064270019531,151.22589111328125,242.0,14.0,531,8.85,False
2026-10-10T18:00:00+11:00,2596524,2459_492,-33.88740539550781,151.1132049560547,6.0,40.0,462,7.7,False
2026-10-10T18:00:00+11:00,2373803,2508_144,-33.79655838012695,151.18040466308594,176.0,0.0,63,1.05,True
2026-10-10T18:00:00+11:00,2740937,7016_7T4,-33.915470123291016,151.16567993164062,11.0,0.0,0,0.0,True
2026-10-10T18:00:00+11:00,2420898,2508_230,-33.846134185791016,151.21144104003906,171.0,0.0,296,4.93,True
2026-10-10T18:00:00+11:00,2596669,2459_491,-33.90858459472656,151.1195831298828,325.0,44.3,287,4.78,True
2026-10-10T18:00:00+11:00,2388868,2508_173X,-33.82990264892578,151.22740173339844,231.0,4.0,60,1.0,True
2026-10-10T18:00:00+11:00,2308846,2459_445,-33.904701232910156,151.1285400390625,37.0,12.2,420,7.0,False
2026-10-10T18:00:00+11:00,2558786,7083_SW1,-33.913658142089844,151.1623992919922,130.0,41.0,1643,27.38,False
2026-10-10T18:00:00+11:00,2288115,2459_433,-33.88011169433594,151.1788787841797,108.0,38.9,-158,-2.63,False
2026-10-10T18:00:00+11:00,2739216,7057_26T4,-33.89905548095703,151.21536254882812,190.0,32.8,-86,-1.43,False
2026-10-10T18:00:00+11:00,2737127,2459_428,-33.881439208984375,151.2060546875,225.0,2.9,40,0.67,True
2026-10-10T18:00:00+11:00,2515282,2459_458,-33.87501525878906,151.10557556152344,98.0,0.0,4,0.07,True
2026-10-10T18:00:00+11:00,2620101,2459_530,-33.81463623046875,151.15792846679688,243.0,33.1,167,2.78,True
2026-10-10T18:00:00+11:00,2636668,2459_415,-33.87335205078125,151.1043701171875,190.0,0.0,-30,-0.5,True
2026-10-10T18:00:00+11:00,2530449,7084_SW2,-33.9077262878418,151.1493377685547,291.0,46.8,281,4.68,True
2026-10-10T18:00:00+11:00,2686036,2459_423,-33.88869094848633,151.1916046142578,237.0,23.4,118,1.97,True
2026-10-10T18:00:00+11:00,2287513,2459_426,-33.88037109375,151.20855712890625,281.0,0.0,-25,-0.42,True
2026-10-10T18:00:00+11:00,2686041,2459_423,-33.92351531982422,151.1363525390625,233.0,18.0,81,1.35,True
2026-10-10T18:00:00+11:00,2210527,2459_413,-33.89492416381836,151.1196746826172,271.0,23.0,71,1.18,True
2026-10-10T18:00:00+11:00,1973460,2508_162,-33.801090240478516,151.2577362060547,13.0,37.1,-34,-0.57,True
2026-10-10T18:00:00+11:00,2558686,7083_SW1,-33.91753005981445,151.14813232421875,135.0,37.4,171,2.85,True
2026-10-10T18:00:00+11:00,2287238,2459_426,-33.90635681152344,151.1456298828125,135.0,0.7,48,0.8,True
2026-10-10T18:00:00+11:00,1904013,2459_461X,-33.88487243652344,151.1851806640625,76.0,0.0,-372,-6.2,False
2026-10-10T18:00:00+11:00,2596619,2459_491,-33.90887451171875,151.11972045898438,142.0,0.0,617,10.28,False
2026-10-10T18:00:00+11:00,2374944,2508_B1,-33.82440948486328,151.23809814453125,271.0,44.6,102,1.7,True
2026-10-10T18:00:00+11:00,2554028,2459_358,-33.92098617553711,151.18142700195312,287.0,47.5,7,0.12,True
2026-10-10T18:00:00+11:00,2286431,2459_470,-33.86723327636719,151.2106475830078,6.0,0.0,0,0.0,True
2026-10-10T18:00:00+11:00,2737125,2459_428,-33.8701286315918,151.21031188964844,6.0,35.6,0,0.0,True
2026-10-10T18:00:00+11:00,2286443,2459_428,-33.884952545166016,151.19451904296875,20.0,0.0,84,1.4,True
2026-10-10T18:00:00+11:00,2283853,2459_433,-33.856971740722656,151.1800537109375,126.0,17.3,-85,-1.42,False
2026-10-10T18:00:00+11:00,2287371,2459_440,-33.882591247558594,151.20773315429688,303.0,16.6,290,4.83,True
2026-10-10T18:00:00+11:00,2660169,2459_320,-33.89920425415039,151.21124267578125,32.0,15.5,16,0.27,True
2026-10-10T18:00:00+11:00,2741448,700015_3AT4,-33.89186477661133,151.2151336669922,280.0,0.0,-88,-1.47,False
2026-10-10T18:00:00+11:00,2290428,2459_437,-33.87101364135742,151.192138671875,291.0,56.5,-43,-0.72,True
2026-10-10T18:00:00+11:00,1940658,2459_412,-33.89303970336914,151.15908813476562,282.0,0.0,286,4.77,True
2026-10-10T18:00:00+11:00,2596620,2459_491,-33.86753463745117,151.1298370361328,190.0,34.9,455,7.58,False
2026-10-10T18:00:00+11:00,2609038,2459_430,-33.90993118286133,151.1619110107422,30.0,0.0,86,1.43,True
2026-10-10T18:00:00+11:00,2210700,2459_464,-33.872127532958984,151.1046905517578,189.0,22.0,-9,-0.15,True
2026-10-10T18:00:00+11:00,1962446,2459_412,-33.891387939453125,151.1826934814453,165.0,4.0,-191,-3.18,False
2026-10-10T18:00:00+11:00,2591283,7066_28T4,-33.890018463134766,151.20599365234375,9.0,0.0,802,13.37,False
2026-10-10T18:00:00+11:00,2719158,2514_270,-33.802513122558594,151.2095184326172,269.0,45.0,289,4.82,True
2026-10-10T18:00:00+11:00,2290836,2459_438X,-33.88027572631836,151.2068328857422,12.0,0.0,92,1.53,True
2026-10-10T18:00:00+11:00,2741378,700015_3AT4,-33.8828010559082,151.21102905273438,120.0,36.4,-281,-4.68,False
2026-10-10T18:00:00+11:00,2284222,2459_437,-33.86801528930664,151.1787872314453,69.0,36.0,68,1.13,True
2026-10-10T18:00:00+11:00,1906653,2459_461X,-33.86949157714844,151.10520935058594,189.0,0.0,206,3.43,True
2026-10-10T18:00:00+11:00,2454872,2508_225,-33.84136962890625,151.22694396972656,162.0,23.8,430,7.17,False
2026-10-10T18:00:00+11:00,2285387,2459_433,-33.880271911621094,151.20835876464844,214.0,18.7,0,0.0,True
2026-10-10T18:00:00+11:00,2287793,2459_438X,-33.875328063964844,151.13470458984375,325.0,0.0,-108,-1.8,False
2026-10-10T18:00:00+11:00,2288593,2459_470,-33.884498596191406,151.19268798828125,78.0,0.0,218,3.63,True
2026-10-10T18:00:00+11:00,2682859,7083_SW1,-33.91181945800781,151.13983154296875,-40.0,0.0,172,2.87,True
2026-10-10T18:00:00+11:00,2090482,2508_160X,-33.786376953125,151.18260192871094,250.0,0.0,-550,-9.17,False
2026-10-10T18:00:00+11:00,2484400,2459_483,-33.88104248046875,151.20709228515625,196.0,0.0,0,0.0,True
2026-10-10T18:00:00+11:00,2287127,2459_422,-33.8860969543457,151.20306396484375,185.0,11.5,0,0.0,True
2026-10-10T18:00:00+11:00,2288112,2459_469,-33.880069732666016,151.15921020507812,192.0,34.6,51,0.85,True
2026-10-10T18:00:00+11:00,2415922,2508_B1,-33.866554260253906,151.20631408691406,3.0,0.0,0,0.0,True
2026-10-10T18:00:00+11:00,2741170,7016_7T4,-33.91545867919922,151.16566467285156,11.0,0.0,0,0.0,True
2026-10-10T18:00:00+11:00,2290979,2459_441,-33.85021209716797,151.1831817626953,49.0,0.0,0,0.0,True
2026-10-10T18:00:00+11:00,2290574,2459_389,-33.881080627441406,151.2244873046875,296.0,33.5,172,2.87,True
2026-10-10T18:00:00+11:00,2718806,2514_270,-33.87180709838867,151.2056121826172,353.0,0.0,0,0.0,True
2026-10-10T18:00:00+11:00,2554405,2459_358,-33.915348052978516,151.16629028320312,160.0,0.0,0,0.0,True
2026-10-10T18:00:00+11:00,2377092,2508_173X,-33.82415008544922,151.24131774902344,51.0,0.0,402,6.7,False
2026-10-10T18:00:00+11:00,2421040,2508_230,-33.83164596557617,151.22325134277344,256.0,11.5,130,2.17,True
2026-10-10T18:00:00+11:00,2376044,2508_100,-33.83016586303711,151.226806640625,243.0,0.0,-108,-1.8,False
2026-10-10T18:00:00+11:00,2709316,2504_610X,-33.87040328979492,151.20620727539062,175.0,0.0,0,0.0,True
2026-10-10T18:00:00+11:00,2741137,7016_7T4,-33.9195671081543,151.1688232421875,46.0,29.9,425,7.08,False
2026-10-10T18:00:00+11:00,2738780,7063_13T4,-33.931182861328125,151.15142822265625,326.0,24.1,362,6.03,False
2026-10-10T18:00:00+11:00,2740756,7066_28T4,-33.92437744140625,151.1611785888672,44.0,40.0,-188,-3.13,False
2026-10-10T18:00:00+11:00,2285280,2459_431,-33.87660598754883,151.20950317382812,182.0,0.0,7,0.12,True
2026-10-10T18:00:00+11:00,2415993,2508_B1,-33.86587142944336,151.2063751220703,1.0,0.0,0,0.0,True
2026-10-10T18:00:00+11:00,2286312,2459_348,-33.921051025390625,151.2381134033203,99.0,0.4,0,0.0,True
2026-10-10T18:00:00+11:00,1961796,2459_406,-33.88477325439453,151.13583374023438,297.0,1.1,52,0.87,True
2026-10-10T18:00:00+11:00,2375744,2508_144,-33.82635498046875,151.2323760986328,40.0,0.0,-223,-3.72,False
2026-10-10T18:00:00+11:00,2375776,2508_144,-33.81071472167969,151.17669677734375,232.0,50.8,117,1.95,True
2026-10-10T18:00:00+11:00,2284573,2459_426,-33.89859390258789,151.17440795898438,81.0,0.0,349,5.82,True
2026-10-10T18:00:00+11:00,2719403,2514_281,-33.7927131652832,151.1946258544922,69.0,0.0,199,3.32,True
2026-10-10T18:00:00+11:00,2484436,2459_483,-33.88801574707031,151.1422119140625,312.0,12.6,-7,-0.12,True
2026-10-10T18:00:00+11:00,2719460,2514_558,-33.78782272338867,151.17922973632812,327.0,0.0,295,4.92,True
2026-10-10T18:00:00+11:00,2288139,2459_438X,-33.8846549987793,151.19326782226562,263.0,6.8,5,0.08,True
2026-10-10T18:00:00+11:00,2090109,2508_160X,-33.79600143432617,151.18116760253906,337.0,0.0,0,0.0,True
2026-10-10T18:00:00+11:00,2284364,2459_348,-33.939369201660156,151.14764404296875,33.0,0.0,0,0.0,True
2026-10-10T18:00:00+11:00,2285522,2459_431,-33.871482849121094,151.2101287841797,7.0,37.1,0,0.0,True
2026-10-10T18:00:00+11:00,2286186,2459_438X,-33.86995315551758,151.1305694580078,125.0,0.0,-54,-0.9,True
2026-10-10T18:00:00+11:00,2288255,2459_426,-33.865325927734375,151.21144104003906,22.0,0.0,0,0.0,True
2026-10-10T18:00:00+11:00,2376717,2508_B1,-33.843788146972656,151.21160888671875,164.0,58.7,-424,-7.07,False
2026-10-10T18:00:00+11:00,2529883,7084_SW2,-33.91484451293945,151.16482543945312,223.0,0.4,-455,-7.58,False
2026-10-10T18:00:00+11:00,2421025,2508_238,-33.84577178955078,151.2402801513672,255.0,28.8,0,0.0,True
2026-10-10T18:00:00+11:00,2740775,7066_28T4,-33.93639373779297,151.1499481201172,214.0,0.0,460,7.67,False
2026-10-10T18:00:00+11:00,2424285,2508_230,-33.83456039428711,151.2077178955078,6.0,34.6,102,1.7,True
2026-10-10T18:00:00+11:00,2393234,2508_114,-33.82560348510742,151.24331665039062,118.0,27.0,-121,-2.02,False
2026-10-10T18:00:00+11:00,2739239,7057_26T4,-33.90987014770508,151.2130126953125,4.0,69.5,-509,-8.48,False
2026-10-10T18:00:00+11:00,2290276,2459_423,-33.92662048339844,151.1277618408203,103.0,24.1,398,6.63,False
2026-10-10T18:00:00+11:00,2373964,2508_144,-33.797119140625,151.18003845214844,249.0,0.0,0,0.0,True
2026-10-10T18:00:00+11:00,2289079,2459_440,-33.890869140625,151.2483673095703,98.0,19.1,0,0.0,True
2026-10-10T18:00:00+11:00,2636741,2459_504,-33.852394104003906,151.15582275390625,322.0,41.0,-294,-4.9,False
2026-10-10T18:00:00+11:00,2668284,2459_420,-33.937076568603516,151.1639862060547,201.0,35.3,881,14.68,False
2026-10-10T18:00:00+11:00,2286920,2459_438X,-33.88693618774414,151.17578125,75.0,51.5,126,2.1,True
2026-10-10T18:00:00+11:00,2374084,2508_100,-33.871299743652344,151.20529174804688,355.0,0.0,65,1.08,True
2026-10-10T18:00:00+11:00,2741177,7016_7T4,-33.933135986328125,151.15316772460938,30.0,4.0,432,7.2,False
2026-10-10T18:00:00+11:00,2211375,2459_466,-33.86698913574219,151.1057586669922,190.0,32.8,36,0.6,True
2026-10-10T18:00:00+11:00,2283295,2459_422,-33.93453598022461,151.15267944335938,9.0,0.0,395,6.58,False
2026-10-10T18:00:00+11:00,2286842,2459_303,-33.921146392822266,151.23793029785156,280.0,0.0,0,0.0,True
2026-10-10T18:00:00+11:00,2283931,2459_433,-33.88429641723633,151.1959686279297,87.0,0.0,-258,-4.3,False
2026-10-10T18:00:00+11:00,2686180,2459_423,-33.879337310791016,151.20916748046875,185.0,0.0,-130,-2.17,False
2026-10-10T18:00:00+11:00,2713950,2508_114,-33.835777282714844,151.24644470214844,358.0,32.8,0,0.0,True
2026-10-10T18:00:00+11:00,2286472,2459_438X,-33.87662887573242,151.20948791503906,183.0,0.0,59,0.98,True
2026-10-10T18:00:00+11:00,2713922,2508_114,-33.823421478271484,151.1946563720703,258.0,0.0,201,3.35,True
2026-10-10T18:00:00+11:00,2668189,2459_420,-33.93294906616211,151.18006896972656,106.0,1.8,353,5.88,True
2026-10-10T18:00:00+11:00,2713912,2508_144,-33.81081771850586,151.24473571777344,220.0,48.2,490,8.17,False
2026-10-10T18:00:00+11:00,2737151,2459_428,-33.89797592163086,151.17796325683594,244.0,22.0,-31,-0.52,True
2026-10-10T18:00:00+11:00,2289804,2459_438X,-33.88406753540039,151.15228271484375,87.0,33.8,23,0.38,True
2026-10-10T18:00:00+11:00,2211356,2459_464,-33.88796615600586,151.12628173828125,114.0,0.0,0,0.0,True
2026-10-10T18:00:00+11:00,2283780,2459_437,-33.869205474853516,151.1300506591797,255.0,0.0,2,0.03,True
2026-10-10T18:00:00+11:00,2718825,2514_194,-33.870418548583984,151.20541381835938,353.0,0.0,0,0.0,True
2026-10-10T18:00:00+11:00,2211284,2459_413,-33.88462448120117,151.19705200195312,266.0,18.0,48,0.8,True
2026-10-10T18:00:00+11:00,2284014,2459_470,-33.8690185546875,151.21044921875,189.0,7.2,232,3.87,True
2026-10-10T18:00:00+11:00,2737038,2459_428,-33.896827697753906,151.14865112304688,261.0,43.9,128,2.13,True
2026-10-10T18:00:00+11:00,2558792,7083_SW1,-33.910892486572266,151.1572723388672,119.0,31.3,390,6.5,False
2026-10-10T18:00:00+11:00,2290801,2459_440,-33.891448974609375,151.24623107910156,290.0,33.8,-68,-1.13,False
2026-10-10T18:00:00+11:00,2415904,2508_B1,-33.811702728271484,151.24412536621094,312.0,24.5,167,2.78,True
2026-10-10T18:00:00+11:00,2286532,2459_437,-33.88382339477539,151.15695190429688,242.0,14.4,424,7.07,False
2026-10-10T18:00:00+11:00,2554206,2459_358,-33.92158889770508,151.1972198486328,99.0,0.7,250,4.17,True
2026-10-10T18:00:00+11:00,2415958,2508_B1,-33.82428741455078,151.24111938476562,52.0,0.0,15,0.25,True
2026-10-10T18:00:00+11:00,2288535,2459_438X,-33.888126373291016,151.15809631347656,257.0,0.0,-6,-0.1,True
2026-10-10T18:00:00+11:00,2636666,2459_504,-33.870914459228516,151.21424865722656,311.0,0.0,0,0.0,True
2026-10-10T18:00:00+11:00,2740726,7066_28T4,-33.884403228759766,151.20816040039062,1.0,24.8,0,0.0,True
2026-10-10T18:00:00+11:00,2374971,2508_100,-33.83015823364258,151.21807861328125,278.0,11.9,-72,-1.2,False
2026-10-10T18:00:00+11:00,2037620,2459_412,-33.86698913574219,151.21070861816406,6.0,13.3,45,0.75,True
2026-10-10T18:00:00+11:00,2415876,2508_B1,-33.86625289916992,151.2063446044922,3.0,0.0,0,0.0,True
2026-10-10T18:00:00+11:00,2660251,2459_320,-33.890804290771484,151.20773315429688,190.0,35.3,122,2.03,True
2026-10-10T18:00:00+11:00,2740871,7016_7T4,-33.924259185791016,151.1542510986328,70.0,28.8,0,0.0,True
2026-10-10T18:00:00+11:00,2709017,2504_607X,-33.87028884887695,151.20620727539062,175.0,0.0,0,0.0,True
2026-10-10T18:00:00+11:00,2284410,2459_438X,-33.86264419555664,151.21200561523438,8.0,0.0,0,0.0,True
2026-10-10T18:00:00+11:00,2288968,2459_433,-33.88334274291992,151.1913604736328,307.0,0.0,64,1.07,True
2026-10-10T18:00:00+11:00,2714037,2508_114,-33.82449722290039,151.23666381835938,270.0,42.5,130,2.17,True
2026-10-10T18:00:00+11:00,2283456,2459_437,-33.880733489990234,151.13900756835938,145.0,0.0,-1,-0.02,True
2026-10-10T18:00:00+11:00,2713980,2508_144,-33.809226989746094,151.24594116210938,217.0,45.0,41,0.68,True
2026-10-10T18:00:00+11:00,2579284,7084_SW2,-33.91089630126953,151.12095642089844,51.0,49.0,248,4.13,True
2026-10-10T18:00:00+11:00,2529845,7084_SW2,-33.91007614135742,151.17068481445312,234.0,0.0,880,14.67,False
2026-10-10T18:00:00+11:00,2375585,2508_173X,-33.86627960205078,151.2063446044922,5.0,0.0,18,0.3,True
2026-10-10T18:00:00+11:00,2376295,2508_199,-33.796478271484375,151.25279235839844,10.0,1.4,0,0.0,True
2026-10-10T18:00:00+11:00,1911987,2459_483,-33.88566589355469,151.1812286376953,76.0,0.0,-28,-0.47,True
2026-10-10T18:00:00+11:00,2596510,2459_492,-33.8864860534668,151.11131286621094,94.0,0.0,547,9.12,False
2026-10-10T18:00:00+11:00,2211230,2459_464,-33.84125518798828,151.1074676513672,165.0,36.0,3,0.05,True
2026-10-10T18:00:00+11:00,1904522,2459_461X,-33.87373352050781,151.21205139160156,280.0,35.3,23,0.38,True
2026-10-10T18:00:00+11:00,2374723,2508_100,-33.86411666870117,151.20550537109375,178.0,0.0,70,1.17,True
2026-10-10T18:00:00+11:00,2037080,2459_440,-33.86430358886719,151.16954040527344,234.0,0.0,45,0.75,True
2026-10-10T18:00:00+11:00,2289613,2459_440,-33.89091873168945,151.24879455566406,95.0,0.0,0,0.0,True
2026-10-10T18:00:00+11:00,2530387,7084_SW2,-33.91380310058594,151.16636657714844,50.0,31.7,-95,-1.58,False
2026-10-10T18:00:00+11:00,2376404,2508_100,-33.82805252075195,151.24412536621094,183.0,37.8,-364,-6.07,False
2026-10-10T18:00:00+11:00,2719198,2514_565,-33.78490447998047,151.1739959716797,172.0,42.8,-63,-1.05,False
2026-10-10T18:00:00+11:00,2285746,2459_422,-33.89809036254883,151.1783447265625,34.0,0.0,357,5.95,True
2026-10-10T18:00:00+11:00,2284414,2459_442,-33.856849670410156,151.17979431152344,310.0,5.8,266,4.43,True
2026-10-10T18:00:00+11:00,2737149,2459_428,-33.86497116088867,151.21090698242188,218.0,0.0,121,2.02,True
2026-10-10T18:00:00+11:00,2375614,2508_100,-33.863224029541016,151.20452880859375,17.0,40.7,383,6.38,False
2026-10-10T18:00:00+11:00,2475864,2459_530,-33.864227294921875,151.13038635253906,0.0,5.8,206,3.43,True
2026-10-10T18:00:00+11:00,2415992,2508_B1,-33.831443786621094,151.22244262695312,106.0,29.5,19,0.32,True
2026-10-10T18:00:00+11:00,2285053,2459_426,-33.91204833984375,151.1193084716797,237.0,0.0,98,1.63,True
2026-10-10T18:00:00+11:00,2310022,7083_SW3,-33.91229248046875,151.11868286132812,59.0,13.7,101,1.68,True
2026-10-10T18:00:00+11:00,2713901,2508_144,-33.82087707519531,151.18521118164062,322.0,35.3,-104,-1.73,False
2026-10-10T18:00:00+11:00,2713901_2,2508_144,-33.818336486816406,151.1827392578125,319.0,0.0,-182,-3.03,False
2026-10-10T18:00:00+11:00,2737129,2459_308,-33.904056549072266,151.18011474609375,339.0,15.1,291,4.85,True
2026-10-10T18:00:00+11:00,2290130,2459_470,-33.87852096557617,151.16439819335938,196.0,36.4,61,1.02,True
2026-10-10T18:00:00+11:00,2415873,2508_B1,-33.848819732666016,151.212646484375,10.0,40.7,28,0.47,True
2026-10-10T18:00:00+11:00,2287567,2459_438X,-33.844852447509766,151.12852478027344,3.0,0.0,0,0.0,True
2026-10-10T18:00:00+11:00,2281166,7083_SW3,-33.907127380371094,151.12631225585938,217.0,44.6,23,0.38,True
2026-10-10T18:00:00+11:00,2736938,2459_445,-33.884029388427734,151.15003967285156,183.0,0.0,0,0.0,True
2026-10-10T18:00:00+11:00,2376120,2508_100,-33.83908462524414,151.2449951171875,218.0,19.1,190,3.17,True
2026-10-10T18:00:00+11:00,2660122,2459_320,-33.88498306274414,151.20315551757812,167.0,14.4,0,0.0,True
2026-10-10T18:00:00+11:00,2288721,2459_431,-33.87672424316406,151.1846160888672,327.0,34.2,123,2.05,True
2026-10-10T18:00:00+11:00,1906654,2459_461X,-33.8879280090332,151.1421356201172,313.0,15.1,289,4.82,True
2026-10-10T18:00:00+11:00,2283024,2459_440,-33.886131286621094,151.17950439453125,257.0,31.0,323,5.38,True
2026-10-10T18:00:00+11:00,2283099,2459_389,-33.89091491699219,151.24876403808594,271.0,0.0,0,0.0,True
2026-10-10T18:00:00+11:00,2415869,2508_B1,-33.78876495361328,151.2581787109375,68.0,76.3,196,3.27,True
2026-10-10T18:00:00+11:00,1959417,2459_413,-33.89254379272461,151.1499786376953,326.0,0.0,-116,-1.93,False
2026-10-10T18:00:00+11:00,2308686,2459_445,-33.88029098510742,151.1527557373047,84.0,24.8,456,7.6,False
2026-10-10T18:00:00+11:00,1904014,2459_461X,-33.872962951660156,151.1261444091797,129.0,15.5,-171,-2.85,False
2026-10-10T18:00:00+11:00,2288277,2459_440,-33.88177490234375,151.21937561035156,305.0,0.0,129,2.15,True
2026-10-10T18:00:00+11:00,2289543,2459_348,-33.90727233886719,151.18577575683594,280.0,43.9,-42,-0.7,True
2026-10-10T18:00:00+11:00,2374924,2508_B1,-33.792762756347656,151.2538299560547,204.0,70.2,206,3.43,True
2026-10-10T18:00:00+11:00,2036868,2459_440,-33.8881721496582,151.16445922851562,83.0,0.0,-178,-2.97,False
2026-10-10T18:00:00+11:00,2741031,7016_7T4,-33.92433547973633,151.16140747070312,224.0,2.9,-54,-0.9,True
2026-10-10T18:00:00+11:00,2740772,7066_28T4,-33.902347564697266,151.19769287109375,74.0,38.2,0,0.0,True
2026-10-10T18:00:00+11:00,2554454,2459_358,-33.924869537353516,151.23365783691406,279.0,31.3,-10,-0.17,True
2026-10-10T18:00:00+11:00,2740621,7066_28T4,-33.92080307006836,151.1669921875,245.0,50.4,268,4.47,True
2026-10-10T18:00:00+11:00,2589881,2508_280,-33.79581832885742,151.18125915527344,220.0,18.0,-452,-7.53,False
2026-10-10T18:00:00+11:00,2340891,2459_412,-33.902862548828125,151.15333557128906,183.0,36.0,721,12.02,False
2026-10-10T18:00:00+11:00,2374655,2508_B1,-33.86383819580078,151.20547485351562,172.0,0.0,-289,-4.82,False
2026-10-10T18:00:00+11:00,2211526,2459_464,-33.887908935546875,151.1261749267578,110.0,0.0,0,0.0,True
2026-10-10T18:00:00+11:00,2284937,2459_433,-33.87902069091797,151.18637084960938,327.0,31.3,522,8.7,False
2026-10-10T18:00:00+11:00,2374145,2508_144,-33.79391860961914,151.2601776123047,71.0,43.9,-120,-2.0,False
2026-10-10T18:00:00+11:00,2704852,2504_610X,-33.852535247802734,151.21058654785156,208.0,67.7,177,2.95,True
2026-10-10T18:00:00+11:00,2285074,2459_422,-33.88472366333008,151.18824768066406,271.0,33.1,364,6.07,False
2026-10-10T18:00:00+11:00,2290670,2459_418,-33.88999938964844,151.12745666503906,285.0,0.0,-110,-1.83,False
2026-10-10T18:00:00+11:00,2309798,7083_SW3,-33.90399932861328,151.15582275390625,141.0,46.8,134,2.23,True
2026-10-10T18:00:00+11:00,2283256,2459_428,-33.90044403076172,151.17042541503906,25.0,30.6,72,1.2,True
2026-10-10T18:00:00+11:00,2289972,2459_470,-33.88404083251953,151.1907958984375,311.0,18.7,-44,-0.73,True
2026-10-10T18:00:00+11:00,2739245,7057_26T4,-33.88648223876953,151.20664978027344,8.0,0.0,0,0.0,True
2026-10-10T18:00:00+11:00,2210816,2459_464,-33.85895919799805,151.10362243652344,352.0,39.6,309,5.15,True
2026-10-10T18:00:00+11:00,2286747,2459_389,-33.863685607910156,151.19256591796875,63.0,0.0,657,10.95,False
2026-10-10T18:00:00+11:00,2475291,2459_389,-33.869842529296875,151.20277404785156,359.0,0.0,-103,-1.72,False
2026-10-10T18:00:00+11:00,2704020,2504_610X,-33.86323547363281,151.20440673828125,349.0,38.2,308,5.13,True
2026-10-10T18:00:00+11:00,2686073,2459_423,-33.912147521972656,151.1602020263672,214.0,0.0,1,0.02,True
2026-10-10T18:00:00+11:00,2618765,2459_422,-33.92390823364258,151.16188049316406,225.0,35.6,47,0.78,True
2026-10-10T18:00:00+11:00,2706859,2504_607X,-33.81302261352539,151.192138671875,247.0,65.5,254,4.23,True
2026-10-10T18:00:00+11:00,2741390,700015_3AT4,-33.88037109375,151.208740234375,4.0,1.1,-649,-10.82,False
2026-10-10T18:00:00+11:00,2596489,2459_490,-33.874542236328125,151.1041259765625,193.0,0.0,211,3.52,True
2026-10-10T18:00:00+11:00,2289167,2459_442,-33.872779846191406,151.2064971923828,183.0,13.7,-118,-1.97,False
2026-10-10T18:00:00+11:00,2668322,2459_420,-33.939170837402344,151.148681640625,98.0,39.2,257,4.28,True
2026-10-10T18:00:00+11:00,2289376,2459_502,-33.8699951171875,151.1305694580078,301.0,20.9,116,1.93,True
2026-10-10T18:00:00+11:00,2608986,2459_430,-33.88414764404297,151.1961669921875,91.0,0.0,41,0.68,True
2026-10-10T18:00:00+11:00,2289473,2459_442,-33.85700607299805,151.1953887939453,76.0,0.0,0,0.0,True
2026-10-10T18:00:00+11:00,2290564,2459_423,-33.88490676879883,151.19480895996094,21.0,0.0,-49,-0.82,True
2026-10-10T18:00:00+11:00,2286516,2459_389,-33.871517181396484,151.20556640625,351.0,12.6,223,3.72,True
2026-10-10T18:00:00+11:00,2349422,2459_418,-33.88007354736328,151.1027374267578,195.0,30.6,312,5.2,True
2026-10-10T18:00:00+11:00,2740660,7066_28T4,-33.906471252441406,151.19155883789062,216.0,44.3,0,0.0,True
2026-10-10T18:00:00+11:00,2287600,2459_433,-33.858367919921875,151.17208862304688,187.0,34.6,-67,-1.12,False
2026-10-10T18:00:00+11:00,2644401,2507_52,-33.872779846191406,151.20632934570312,93.0,7.6,-57,-0.95,True
2026-10-10T18:00:00+11:00,2643489,2507_120,-33.79533767700195,151.18130493164062,213.0,0.0,-699,-11.65,False
2026-10-10T18:00:00+11:00,2643108,2507_501,-33.87330627441406,151.1959991455078,159.0,0.0,-250,-4.17,False
2026-10-10T18:00:00+11:00,2643082,2507_120,-33.857383728027344,151.2075653076172,208.0,55.4,156,2.6,True
2026-10-10T18:00:00+11:00,2643151,2507_52,-33.87235641479492,151.21275329589844,187.0,0.0,0,0.0,True
2026-10-10T18:00:00+11:00,2621031,2507_252,-33.819610595703125,151.13601684570312,236.0,14.4,129,2.15,True
2026-10-10T18:00:00+11:00,2226070,2507_288,-33.84639358520508,151.2122039794922,343.0,34.9,113,1.88,True
2026-10-10T18:00:00+11:00,2644113,2507_501,-33.879493713378906,151.2076873779297,97.0,0.0,0,0.0,True
2026-10-10T18:00:00+11:00,2322482,2507_506,-33.871421813964844,151.21466064453125,334.0,0.0,0,0.0,True
2026-10-10T18:00:00+11:00,2643911,2507_120,-33.79557418823242,151.1827850341797,75.0,6.1,251,4.18,True
2026-10-10T18:00:00+11:00,2620922,2507_288,-33.81183624267578,151.17860412597656,88.0,64.4,-145,-2.42,False
2026-10-10T18:00:00+11:00,2226658,2507_288,-33.8660774230957,151.2033233642578,173.0,0.0,0,0.0,True
2026-10-10T18:00:00+11:00,2672514,2507_115,-33.82683563232422,151.2019500732422,100.0,3.6,-4,-0.07,True
2026-10-10T18:00:00+11:00,2644551,2507_52,-33.84022521972656,151.13682556152344,269.0,0.0,46,0.77,True
2026-10-10T18:00:00+11:00,2643965,2507_207,-33.832611083984375,151.2082061767578,189.0,0.0,-60,-1.0,False
2026-10-10T18:00:00+11:00,2322599,2507_506,-33.82912826538086,151.13955688476562,322.0,38.9,293,4.88,True
2026-10-10T18:00:00+11:00,2681999,2507_202,-33.844451904296875,151.21133422851562,341.0,45.7,-75,-1.25,False
2026-10-10T18:00:00+11:00,2231003,2507_265,-33.839447021484375,151.19735717773438,276.0,0.0,125,2.08,True
2026-10-10T18:00:00+11:00,2643253,2507_52,-33.86796951293945,151.17921447753906,248.0,63.7,269,4.48,True
2026-10-10T18:00:00+11:00,2744779,2507_292,-33.805912017822266,151.1647491455078,101.0,40.7,-182,-3.03,False
2026-10-10T18:00:00+11:00,2537886,2507_506,-33.8269157409668,151.1378173828125,157.0,35.6,243,4.05,True
2026-10-10T18:00:00+11:00,2230553,2507_275,-33.79404067993164,151.20811462402344,252.0,0.0,-192,-3.2,False
2026-10-10T18:00:00+11:00,2643695,2507_52,-33.84678268432617,151.15187072753906,149.0,36.4,-144,-2.4,False
2026-10-10T18:00:00+11:00,2672518,2507_115,-33.79511642456055,151.18260192871094,340.0,7.6,-478,-7.97,False
2026-10-10T18:00:00+11:00,2634498,2507_254,-33.8487434387207,151.2061767578125,197.0,0.0,0,0.0,True
2026-10-10T18:00:00+11:00,2732043,2507_507,-33.83216857910156,151.1233367919922,53.0,24.5,-72,-1.2,False
2026-10-10T18:00:00+11:00,2621117,2507_516,-33.796268463134766,151.17266845703125,273.0,34.9,347,5.78,True
2026-10-10T18:00:00+11:00,2407948,2507_538,-33.833824157714844,151.14471435546875,98.0,5.8,-11,-0.18,True
2026-10-10T18:00:00+11:00,2620879,2507_252,-33.8306770324707,151.20291137695312,325.0,7.2,72,1.2,True
2026-10-10T18:00:00+11:00,2644457,2507_52,-33.8734016418457,151.2105712890625,282.0,0.0,0,0.0,True
2026-10-10T18:00:00+11:00,2643539,2507_501,-33.87958908081055,151.2081756591797,103.0,0.0,0,0.0,True
2026-10-10T18:00:00+11:00,2672521,2507_115,-33.795989990234375,151.1814422607422,71.0,13.7,56,0.93,True
2026-10-10T18:00:00+11:00,2442218,2507_207,-33.81541061401367,151.21209716796875,15.0,37.8,115,1.92,True
2026-10-10T18:00:00+11:00,2744550,2507_292,-33.86495590209961,151.2032012939453,174.0,0.4,-293,-4.88,False
2026-10-10T18:00:00+11:00,2643575,2507_52,-33.861637115478516,151.1664276123047,117.0,40.3,173,2.88,True
2026-10-10T18:00:00+11:00,2744667,2507_292,-33.807491302490234,151.1658172607422,20.0,36.0,159,2.65,True
2026-10-10T18:00:00+11:00,2643482,2507_120,-33.80292510986328,151.1981964111328,9.0,32.8,-128,-2.13,False
2026-10-10T18:00:00+11:00,2682119,2507_267,-33.82486343383789,151.18991088867188,269.0,34.2,-37,-0.62,True
2026-10-10T18:00:00+11:00,2644785,2507_120,-33.865604400634766,151.2049102783203,355.0,0.0,-1,-0.02,True
2026-10-10T18:00:00+11:00,2644626,2507_120,-33.79765701293945,151.17819213867188,348.0,32.8,0,0.0,True
2026-10-10T18:00:00+11:00,2672513,2507_115,-33.82280349731445,151.20086669921875,4.0,29.2,-114,-1.9,False
2026-10-10T18:00:00+11:00,2407341,2507_252,-33.81465530395508,151.16452026367188,117.0,46.4,-127,-2.12,False
2026-10-10T18:00:00+11:00,2644783,2507_501,-33.832550048828125,151.1269989013672,176.0,0.0,318,5.3,True
2026-10-10T18:00:00+11:00,2643653,2507_501,-33.87060546875,151.1916961669922,230.0,0.0,116,1.93,True
2026-10-10T18:00:00+11:00,2557231,2507_291,-33.80342483520508,151.1460418701172,339.0,55.8,415,6.92,False
2026-10-10T18:00:00+11:00,2643203,2507_501,-33.8405876159668,151.14637756347656,320.0,70.6,132,2.2,True
2026-10-10T18:00:00+11:00,2634554,2507_261,-33.828773498535156,151.17762756347656,351.0,37.8,-61,-1.02,False
2026-10-10T18:00:00+11:00,2644373,2507_120,-33.80769729614258,151.1994171142578,174.0,40.7,77,1.28,True
2026-10-10T18:00:00+11:00,2643722,2507_202,-33.80736541748047,151.23037719726562,184.0,0.0,0,0.0,True
2026-10-10T18:00:00+11:00,2399831,2509_390X,-33.896907806396484,151.2515869140625,339.0,23.0,51,0.85,True
2026-10-10T18:00:00+11:00,2532630,2509_333,-33.894351959228516,151.27310180664062,347.0,0.0,348,5.8,True
2026-10-10T18:00:00+11:00,2434773,2509_390X,-33.91531753540039,151.2256622314453,167.0,31.7,-98,-1.63,False
2026-10-10T18:00:00+11:00,2137543,2509_396,-33.94282913208008,151.2492218017578,66.0,43.6,648,10.8,False
2026-10-10T18:00:00+11:00,2403195,2509_311,-33.868473052978516,151.2060089111328,174.0,0.0,287,4.78,True
2026-10-10T18:00:00+11:00,2356092,2509_373,-33.89802551269531,151.22238159179688,352.0,42.5,175,2.92,True
2026-10-10T18:00:00+11:00,2357767,2509_373,-33.883094787597656,151.21751403808594,164.0,0.0,244,4.07,True
2026-10-10T18:00:00+11:00,2531255,2509_355,-33.90852737426758,151.17208862304688,84.0,0.0,0,0.0,True
2026-10-10T18:00:00+11:00,2533449,2509_387,-33.85755157470703,151.28189086914062,239.0,4.3,0,0.0,True
2026-10-10T18:00:00+11:00,2403084,2509_311,-33.874610900878906,151.22280883789062,219.0,0.0,484,8.07,False
2026-10-10T18:00:00+11:00,2575778,2509_374,-33.920188903808594,151.2570343017578,189.0,0.0,116,1.93,True
2026-10-10T18:00:00+11:00,2357841,2509_339,-33.904205322265625,151.22691345214844,140.0,0.0,311,5.18,True
2026-10-10T18:00:00+11:00,2356410,2509_343,-33.86905288696289,151.21044921875,6.0,0.7,122,2.03,True
2026-10-10T18:00:00+11:00,2533631,2509_325,-33.8533821105957,151.27618408203125,322.0,52.2,12,0.2,True
2026-10-10T18:00:00+11:00,2357232,2509_370,-33.90196228027344,151.17898559570312,335.0,4.3,-111,-1.85,False
2026-10-10T18:00:00+11:00,2434455,2509_390X,-33.90821838378906,151.2479248046875,251.0,2.9,5,0.08,True
2026-10-10T18:00:00+11:00,2533763,2509_333,-33.886962890625,151.23004150390625,310.0,10.1,-182,-3.03,False
2026-10-10T18:00:00+11:00,2398239,2509_392,-33.90595626831055,151.2166290283203,334.0,40.3,235,3.92,True
2026-10-10T18:00:00+11:00,2740332,2509_379,-33.89155960083008,151.25201416015625,231.0,23.8,26,0.43,True
2026-10-10T18:00:00+11:00,2740446,2509_379,-33.90467834472656,151.25433349609375,118.0,16.2,-42,-0.7,True
2026-10-10T18:00:00+11:00,2357582,2509_343,-33.86455154418945,151.21083068847656,132.0,2.5,478,7.97,False
2026-10-10T18:00:00+11:00,2740391,2509_370,-33.915103912353516,151.2274169921875,100.0,38.9,419,6.98,False
2026-10-10T18:00:00+11:00,2532269,2509_355,-33.902652740478516,151.19581604003906,139.0,0.0,316,5.27,True
2026-10-10T18:00:00+11:00,2533431,2509_352,-33.90516662597656,151.1735382080078,338.0,0.0,70,1.17,True
2026-10-10T18:00:00+11:00,2399748,2509_390X,-33.94620132446289,151.2401885986328,349.0,0.0,162,2.7,True
2026-10-10T18:00:00+11:00,2628608,2509_304,-33.862979888916016,151.21112060546875,187.0,0.0,276,4.6,True
2026-10-10T18:00:00+11:00,2531349,2509_380,-33.89400863647461,151.2641143798828,278.0,0.0,293,4.88,True
2026-10-10T18:00:00+11:00,2533515,2509_350,-33.920291900634766,151.25698852539062,188.0,0.0,17,0.28,True
2026-10-10T18:00:00+11:00,2357092,2509_343,-33.90443420410156,151.20538330078125,328.0,0.0,186,3.1,True
2026-10-10T18:00:00+11:00,2531722,2509_333,-33.86311340332031,151.21192932128906,186.0,0.7,11,0.18,True
2026-10-10T18:00:00+11:00,2531922,2509_352,-33.89034652709961,151.24252319335938,288.0,0.0,-155,-2.58,False
2026-10-10T18:00:00+11:00,2534350,2509_333,-33.882774353027344,151.22036743164062,147.0,35.3,310,5.17,True
2026-10-10T18:00:00+11:00,2740463,2509_379,-33.8916015625,151.25196838378906,50.0,18.4,-13,-0.22,True
2026-10-10T18:00:00+11:00,2531465,2509_350,-33.92670440673828,151.18777465820312,142.0,0.0,-110,-1.83,False
2026-10-10T18:00:00+11:00,2534594,2509_324,-33.872894287109375,151.2068328857422,289.0,0.0,435,7.25,False
2026-10-10T18:00:00+11:00,2488387,2509_392,-33.92345428466797,151.22756958007812,159.0,6.5,-129,-2.15,False
2026-10-10T18:00:00+11:00,2532902,2509_333,-33.889442443847656,151.2833251953125,39.0,0.0,55,0.92,True
2026-10-10T18:00:00+11:00,2534048,2509_350,-33.89146041870117,151.24940490722656,96.0,15.8,96,1.6,True
2026-10-10T18:00:00+11:00,2533844,2509_350,-33.918861389160156,151.2571258544922,355.0,15.8,98,1.63,True
2026-10-10T18:00:00+11:00,2434793,2509_390X,-33.926239013671875,151.23069763183594,113.0,32.0,195,3.25,True
2026-10-10T18:00:00+11:00,2533566,2509_333,-33.88908767700195,151.27745056152344,272.0,29.5,109,1.82,True
2026-10-10T18:00:00+11:00,2356757,2509_374,-33.88203430175781,151.2073211669922,129.0,5.4,0,0.0,True
2026-10-10T18:00:00+11:00,2531674,2509_313,-33.905029296875,151.25253295898438,11.0,44.3,53,0.88,True
2026-10-10T18:00:00+11:00,2138362,2509_396,-33.93224334716797,151.23753356933594,165.0,42.1,515,8.58,False
2026-10-10T18:00:00+11:00,2137439,2509_375,-33.90883255004883,151.23439025878906,159.0,20.9,438,7.3,False
2026-10-10T18:00:00+11:00,2138204,2509_375,-33.94800567626953,151.25485229492188,225.0,28.4,507,8.45,False
2026-10-10T18:00:00+11:00,2139070,2509_396,-33.88365936279297,151.2176055908203,170.0,22.0,480,8.0,False
2026-10-10T18:00:00+11:00,2356128,2509_311,-33.87302017211914,151.207275390625,279.0,3.6,331,5.52,True
2026-10-10T18:00:00+11:00,2532662,2509_333,-33.86284637451172,151.2111358642578,5.0,9.7,0,0.0,True
2026-10-10T18:00:00+11:00,2356371,2509_343,-33.898250579833984,151.2064208984375,185.0,2.5,55,0.92,True
2026-10-10T18:00:00+11:00,2740540,2509_379,-33.888431549072266,151.28343200683594,341.0,33.1,-4,-0.07,True
2026-10-10T18:00:00+11:00,2533335,2509_333,-33.89085006713867,151.24819946289062,278.0,0.0,-287,-4.78,False
2026-10-10T18:00:00+11:00,2139941,2509_375,-33.92620849609375,151.25247192382812,285.0,40.0,62,1.03,True
2026-10-10T18:00:00+11:00,2355995,2509_370,-33.90407943725586,151.202392578125,340.0,23.0,229,3.82,True
2026-10-10T18:00:00+11:00,2352517,2509_307,-33.94757080078125,151.25555419921875,223.0,7.2,582,9.7,False
2026-10-10T18:00:00+11:00,2356794,2509_373,-33.919769287109375,151.25704956054688,9.0,0.0,39,0.65,True
2026-10-10T18:00:00+11:00,2139563,2509_396,-33.94770812988281,151.25509643554688,45.0,0.0,0,0.0,True
2026-10-10T18:00:00+11:00,2356546,2509_370,-33.89400100708008,151.1829071044922,42.0,21.2,164,2.73,True
2026-10-10T18:00:00+11:00,2531365,2509_333,-33.88134765625,151.2184600830078,298.0,0.0,-76,-1.27,False
2026-10-10T18:00:00+11:00,2740323,2509_379,-33.8879280090332,151.262451171875,265.0,0.0,-321,-5.35,False
2026-10-10T18:00:00+11:00,2137323,2509_306,-33.89381408691406,151.19866943359375,21.0,0.0,0,0.0,True
2026-10-10T18:00:00+11:00,2488407,2509_392,-33.895103454589844,151.1991424560547,207.0,20.5,-67,-1.12,False
2026-10-10T18:00:00+11:00,2532235,2509_350,-33.89181137084961,151.24227905273438,177.0,0.0,0,0.0,True
2026-10-10T18:00:00+11:00,2532092,2509_352,-33.88951873779297,151.20506286621094,98.0,0.0,644,10.73,False
2026-10-10T18:00:00+11:00,2138932,2509_396,-33.92431640625,151.22816467285156,126.0,0.0,137,2.28,True
2026-10-10T18:00:00+11:00,2534700,2509_362,-33.87168884277344,151.2622528076172,351.0,0.0,0,0.0,True
2026-10-10T18:00:00+11:00,2399580,2509_390X,-33.91608810424805,151.23455810546875,117.0,13.7,-74,-1.23,False
2026-10-10T18:00:00+11:00,2532126,2509_313,-33.92144775390625,151.2501678466797,186.0,24.5,-14,-0.23,True
2026-10-10T18:00:00+11:00,2533655,2509_362,-33.91231155395508,151.2586212158203,202.0,26.6,-280,-4.67,False
2026-10-10T18:00:00+11:00,2667457,2509_326,-33.891231536865234,151.24771118164062,108.0,10.1,116,1.93,True
2026-10-10T18:00:00+11:00,2740364,2509_379,-33.88792037963867,151.2714080810547,39.0,30.6,49,0.82,True
2026-10-10T18:00:00+11:00,2356921,2509_343,-33.925907135009766,151.22825622558594,67.0,0.7,0,0.0,True
2026-10-10T18:00:00+11:00,2470847,2509_356,-33.910152435302734,151.24366760253906,10.0,30.6,68,1.13,True
2026-10-10T18:00:00+11:00,2534653,2509_350,-33.93325424194336,151.17835998535156,360.0,17.6,-109,-1.82,False
2026-10-10T18:00:00+11:00,2532528,2509_333,-33.893856048583984,151.26292419433594,277.0,33.5,81,1.35,True
2026-10-10T18:00:00+11:00,2534283,2509_333,-33.881202697753906,151.21807861328125,299.0,3.2,223,3.72,True
2026-10-10T18:00:00+11:00,2533825,2509_350,-33.94144821166992,151.23818969726562,278.0,0.0,124,2.07,True
2026-10-10T18:00:00+11:00,2691366,2509_324,-33.87403869628906,151.21449279785156,280.0,27.0,387,6.45,False
2026-10-10T18:00:00+11:00,2628599,2509_304,-33.865116119384766,151.2116241455078,71.0,0.0,499,8.32,False
2026-10-10T18:00:00+11:00,2675011,2509_309,-33.90744400024414,151.20291137695312,184.0,13.3,140,2.33,True
2026-10-10T18:00:00+11:00,2352547,2509_356,-33.91045379638672,151.2436981201172,191.0,20.2,837,13.95,False
2026-10-10T18:00:00+11:00,2531283,2509_333,-33.862545013427734,151.21116638183594,6.0,0.0,0,0.0,True
2026-10-10T18:00:00+11:00,2628671,2509_304,-33.890045166015625,151.21302795410156,188.0,7.2,579,9.65,False
2026-10-10T18:00:00+11:00,2400271,2509_309,-33.906272888183594,151.2029571533203,2.0,14.0,-128,-2.13,False
2026-10-10T18:00:00+11:00,2628748,2509_304,-33.89562225341797,151.21180725097656,18.0,11.5,209,3.48,True
2026-10-10T18:00:00+11:00,2628752,2509_304,-33.87952423095703,151.21090698242188,178.0,1.4,355,5.92,True
2026-10-10T18:00:00+11:00,2532322,2509_350,-33.94504165649414,151.22181701660156,203.0,1.1,293,4.88,True
2026-10-10T18:00:00+11:00,2357172,2509_343,-33.90781021118164,151.2074432373047,204.0,0.0,382,6.37,False
2026-10-10T18:00:00+11:00,2533621,2509_355,-33.892276763916016,151.21710205078125,304.0,0.0,121,2.02,True
2026-10-10T18:00:00+11:00,2628669,2509_304,-33.88377380371094,151.21432495117188,10.0,8.3,432,7.2,False
2026-10-10T18:00:00+11:00,2399894,2509_390X,-33.916622161865234,151.23953247070312,8.0,0.0,409,6.82,False
2026-10-10T18:00:00+11:00,2691204,2509_324,-33.87541198730469,151.22439575195312,8.0,3.6,-109,-1.82,False
2026-10-10T18:00:00+11:00,2356103,2509_373,-33.91960906982422,151.2570343017578,10.0,0.0,0,0.0,True
2026-10-10T18:00:00+11:00,2140631,2509_306,-33.90797424316406,151.20277404785156,0.0,0.0,-300,-5.0,False
2026-10-10T18:00:00+11:00,2533076,2509_386,-33.888587951660156,151.25750732421875,235.0,0.0,-79,-1.32,False
2026-10-10T18:00:00+11:00,2138015,2509_306,-33.891666412353516,151.1998291015625,45.0,15.1,668,11.13,False
2026-10-10T18:00:00+11:00,2740434,2509_370,-33.90987014770508,151.22283935546875,98.0,0.0,93,1.55,True
2026-10-10T18:00:00+11:00,2533169,2509_333,-33.883663177490234,151.22189331054688,103.0,2.5,623,10.38,False
2026-10-10T18:00:00+11:00,2357786,2509_343,-33.925559997558594,151.22222900390625,272.0,54.0,363,6.05,False
2026-10-10T18:00:00+11:00,2531155,2509_381,-33.89458084106445,151.26808166503906,280.0,18.4,-6,-0.1,True
2026-10-10T18:00:00+11:00,2137338,2509_375,-33.945228576660156,151.22622680664062,187.0,0.0,0,0.0,True
2026-10-10T18:00:00+11:00,2691284,2509_324,-33.8771858215332,151.23666381835938,115.0,0.0,1136,18.93,False
2026-10-10T18:00:00+11:00,2532419,2509_380,-33.86515808105469,151.28074645996094,7.0,0.0,271,4.52,True
2026-10-10T18:00:00+11:00,2139459,2509_396,-33.86832809448242,151.2105255126953,186.0,16.2,409,6.82,False
2026-10-10T18:00:00+11:00,2534247,2509_352,-33.88932418823242,151.20274353027344,279.0,31.7,275,4.58,True
2026-10-10T18:00:00+11:00,2532653,2509_380,-33.89415740966797,151.2654266357422,100.0,43.6,167,2.78,True
2026-10-10T18:00:00+11:00,2533139,2509_380,-33.84644317626953,151.2838592529297,149.0,39.2,553,9.22,False
2026-10-10T18:00:00+11:00,2533707,2509_333,-33.89147186279297,151.24952697753906,98.0,0.0,216,3.6,True
2026-10-10T18:00:00+11:00,2628720,2509_304,-33.904144287109375,151.21241760253906,189.0,37.1,448,7.47,False
2026-10-10T18:00:00+11:00,2356004,2509_374,-33.909698486328125,151.23960876464844,189.0,28.8,176,2.93,True
2026-10-10T18:00:00+11:00,2357161,2509_373,-33.878543853759766,151.21047973632812,103.0,12.6,-85,-1.42,False
2026-10-10T18:00:00+11:00,2532270,2509_324,-33.87049102783203,151.26837158203125,55.0,0.7,8,0.13,True
2026-10-10T18:00:00+11:00,2532971,2509_362,-33.89515686035156,151.2715301513672,113.0,0.0,64,1.07,True
2026-10-10T18:00:00+11:00,2740274,2509_370,-33.871952056884766,151.17996215820312,195.0,0.0,0,0.0,True
2026-10-10T18:00:00+11:00,2398242,2509_392,-33.94268035888672,151.22703552246094,13.0,46.1,555,9.25,False
2026-10-10T18:00:00+11:00,2533690,2509_350,-33.94511413574219,151.26010131835938,252.0,0.0,156,2.6,True
2026-10-10T18:00:00+11:00,2532069,2509_324,-33.872005462646484,151.2505645751953,217.0,38.5,31,0.52,True
2026-10-10T18:00:00+11:00,2534732,2509_325,-33.874839782714844,151.22267150878906,292.0,0.0,97,1.62,True
2026-10-10T18:00:00+11:00,2534305,2509_350,-33.93687057495117,151.21014404296875,127.0,53.3,36,0.6,True
2026-10-10T18:00:00+11:00,2357528,2509_373,-33.923946380615234,151.2561492919922,189.0,18.0,119,1.98,True
2026-10-10T18:00:00+11:00,2532183,2509_381,-33.89201736450195,151.25033569335938,79.0,27.7,-59,-0.98,True
2026-10-10T18:00:00+11:00,2533207,2509_333,-33.89487075805664,151.2732391357422,183.0,33.5,130,2.17,True
2026-10-10T18:00:00+11:00,2531481,2509_350,-33.93293380737305,151.179931640625,108.0,1.8,236,3.93,True
2026-10-10T18:00:00+11:00,2357478,2509_373,-33.913570404052734,151.23968505859375,337.0,25.9,223,3.72,True
2026-10-10T18:00:00+11:00,2531239,2509_333,-33.87705612182617,151.2125244140625,311.0,0.0,385,6.42,False
2026-10-10T18:00:00+11:00,2398269,2509_392,-33.89682388305664,151.20326232910156,276.0,37.4,70,1.17,True
2026-10-10T18:00:00+11:00,2357601,2509_339,-33.91465377807617,151.2667236328125,157.0,9.0,0,0.0,True
2026-10-10T18:00:00+11:00,2356896,2509_370,-33.91981506347656,151.25714111328125,190.0,0.0,0,0.0,True
2026-10-10T18:00:00+11:00,2139714,2509_396,-33.86561965942383,151.2113037109375,23.0,9.0,57,0.95,True
2026-10-10T18:00:00+11:00,2675120,2509_309,-33.9429817199707,151.195556640625,155.0,23.4,-187,-3.12,False
2026-10-10T18:00:00+11:00,2531505,2509_324,-33.873348236083984,151.2102508544922,281.0,2.9,207,3.45,True
2026-10-10T18:00:00+11:00,2531505_2,2509_324,-33.87079620361328,151.20626831054688,169.0,20.9,,,
2026-10-10T18:00:00+11:00,2357640,2509_373,-33.91004180908203,151.23956298828125,190.0,32.8,108,1.8,True
2026-10-10T18:00:00+11:00,2534067,2509_333,-33.87065887451172,151.21023559570312,188.0,21.2,496,8.27,False
2026-10-10T18:00:00+11:00,2532070,2509_333,-33.869014739990234,151.21043395996094,189.0,27.7,176,2.93,True
2026-10-10T18:00:00+11:00,2300886,2509_399,-33.920982360839844,151.2252655029297,172.0,18.4,79,1.32,True
2026-10-10T18:00:00+11:00,2533383,2509_333,-33.88499450683594,151.26846313476562,101.0,25.9,31,0.52,True
2026-10-10T18:00:00+11:00,2675005,2509_309,-33.893287658691406,151.19891357421875,21.0,0.0,45,0.75,True
2026-10-10T18:00:00+11:00,2548664,2509_328,-33.88071060180664,151.23782348632812,339.0,40.0,42,0.7,True
2026-10-10T18:00:00+11:00,2138648,2509_396,-33.864845275878906,151.21226501464844,124.0,0.0,602,10.03,False
2026-10-10T18:00:00+11:00,2355984,2509_370,-33.916900634765625,151.23907470703125,270.0,27.4,75,1.25,True
2026-10-10T18:00:00+11:00,2356479,2509_343,-33.88007354736328,151.20895385742188,10.0,20.9,-48,-0.8,True
2026-10-10T18:00:00+11:00,2352257,2509_307,-33.943599700927734,151.19573974609375,334.0,0.7,175,2.92,True
2026-10-10T18:00:00+11:00,2531289,2509_325,-33.87525177001953,151.22216796875,33.0,19.8,559,9.32,False
2026-10-10T18:00:00+11:00,2434469,2509_390X,-33.94601821899414,151.24066162109375,169.0,0.0,301,5.02,True
2026-10-10T18:00:00+11:00,2136784,2509_396,-33.89814758300781,151.2220001220703,352.0,40.3,538,8.97,False
2026-10-10T18:00:00+11:00,2532776,2509_325,-33.86369323730469,151.27227783203125,152.0,25.2,113,1.88,True
2026-10-10T18:00:00+11:00,2138315,2509_375,-33.94550323486328,151.2266845703125,326.0,24.8,712,11.87,False
2026-10-10T18:00:00+11:00,2352607,2509_392,-33.8987922668457,151.21177673339844,223.0,6.1,167,2.78,True
2026-10-10T18:00:00+11:00,2533851,2509_333,-33.89078903198242,151.24765014648438,276.0,2.2,-109,-1.82,False
2026-10-10T18:00:00+11:00,2740304,2509_370,-33.89457702636719,151.1824188232422,218.0,0.0,-151,-2.52,False
2026-10-10T18:00:00+11:00,2531416,2509_350,-33.93635940551758,151.20932006835938,126.0,51.8,641,10.68,False
2026-10-10T18:00:00+11:00,2532894,2509_333,-33.889522552490234,151.2833251953125,212.0,0.0,3,0.05,True
2026-10-10T18:00:00+11:00,2532952,2509_360,-33.90635299682617,151.25973510742188,143.0,26.3,56,0.93,True
2026-10-10T18:00:00+11:00,2531191,2509_355,-33.89107131958008,151.2449493408203,109.0,27.4,-69,-1.15,False
2026-10-10T18:00:00+11:00,2532739,2509_324,-33.84362030029297,151.2840118408203,6.0,0.0,0,0.0,True
2026-10-10T18:00:00+11:00,2740313,2509_370,-33.90203857421875,151.19888305664062,73.0,17.3,173,2.88,True
2026-10-10T18:00:00+11:00,2352756,2509_307,-33.94314193725586,151.20208740234375,75.0,46.8,54,0.9,True
2026-10-10T18:00:00+11:00,2532701,2509_324,-33.87812423706055,151.2425079345703,218.0,26.3,251,4.18,True
2026-10-10T18:00:00+11:00,2740384,2509_370,-33.88057327270508,151.1876983642578,144.0,0.0,-60,-1.0,False
2026-10-10T18:00:00+11:00,2628747,2509_304,-33.880306243896484,151.21194458007812,288.0,32.4,739,12.32,False
2026-10-10T18:00:00+11:00,2356771,2509_370,-33.891395568847656,151.18832397460938,42.0,20.9,557,9.28,False
2026-10-10T18:00:00+11:00,2532537,2509_333,-33.876949310302734,151.2123565673828,302.0,0.7,207,3.45,True
2026-10-10T18:00:00+11:00,2533749,2509_333,-33.891448974609375,151.2484588623047,98.0,2.2,536,8.93,False
2026-10-10T18:00:00+11:00,2355944,2509_339,-33.908443450927734,151.24778747558594,297.0,2.5,779,12.98,False
2026-10-10T18:00:00+11:00,2398261,2509_392,-33.952911376953125,151.23089599609375,36.0,0.0,177,2.95,True
2026-10-10T18:00:00+11:00,2532744,2509_333,-33.882545471191406,151.22018432617188,325.0,4.0,-200,-3.33,False
2026-10-10T18:00:00+11:00,2531337,2509_333,-33.89314651489258,151.27293395996094,357.0,28.4,32,0.53,True
2026-10-10T18:00:00+11:00,2740396,2509_379,-33.88530349731445,151.27410888671875,95.0,37.8,484,8.07,False
2026-10-10T18:00:00+11:00,2434996,2509_390X,-33.89101028442383,151.24851989746094,277.0,0.0,0,0.0,True
2026-10-10T18:00:00+11:00,2575696,2509_374,-33.89286804199219,151.21823120117188,307.0,23.4,176,2.93,True
2026-10-10T18:00:00+11:00,2531539,2509_333,-33.89081954956055,151.24794006347656,281.0,0.0,128,2.13,True
2026-10-10T18:00:00+11:00,2531557,2509_350,-33.8911018371582,151.2485809326172,275.0,0.0,0,0.0,True
2026-10-10T18:00:00+11:00,2352459,2509_356,-33.898231506347656,151.2491455078125,189.0,21.2,59,0.98,True
2026-10-10T18:00:00+11:00,2140562,2509_396,-33.912471771240234,151.22389221191406,315.0,40.7,294,4.9,True
2026-10-10T18:00:00+11:00,2740543,2509_370,-33.90721130371094,151.1874542236328,40.0,5.8,-57,-0.95,True
2026-10-10T18:00:00+11:00,2136833,2509_306,-33.926734924316406,151.18804931640625,220.0,0.0,109,1.82,True
2026-10-10T18:00:00+11:00,2357371,2509_311,-33.88090133666992,151.21762084960938,115.0,0.0,157,2.62,True
2026-10-10T18:00:00+11:00,2533310,2509_333,-33.87787628173828,151.21351623535156,310.0,25.6,103,1.72,True
2026-10-10T18:00:00+11:00,2532581,2509_360,-33.913787841796875,151.26904296875,160.0,0.0,467,7.78,False
2026-10-10T18:00:00+11:00,2355980,2509_343,-33.861637115478516,151.21168518066406,277.0,0.0,0,0.0,True
2026-10-10T18:00:00+11:00,2356915,2509_370,-33.911964416503906,151.21084594726562,279.0,30.6,-60,-1.0,False
2026-10-10T18:00:00+11:00,2748016,700011_27T4,-33.92384338378906,151.2135467529297,311.0,78.5,31,0.52,True
2026-10-10T18:00:00+11:00,2722612,700012_36SC,-33.885616302490234,151.20323181152344,153.0,0.0,,,
2026-10-10T18:00:00+11:00,2722562,700012_36SC,-33.889896392822266,151.20774841308594,99.0,0.0,332,5.53,True
2026-10-10T18:15:00+11:00,2579285,7084_SW2,-33.9052848815918,151.13356018066406,123.0,35.3,236,3.93,True
2026-10-10T18:15:00+11:00,2340680,2459_438X,-33.864959716796875,151.20986938476562,227.0,0.0,46,0.77,True
2026-10-10T18:15:00+11:00,2608964,2459_430,-33.91524887084961,151.16580200195312,60.0,0.0,55,0.92,True
2026-10-10T18:15:00+11:00,2719467,2514_283,-33.78480911254883,151.2006378173828,150.0,0.0,-236,-3.93,False
2026-10-10T18:15:00+11:00,2374272,2508_144,-33.793975830078125,151.26260375976562,102.0,23.8,245,4.08,True
2026-10-10T18:15:00+11:00,1961837,2459_412,-33.88247299194336,151.2048797607422,46.0,21.2,-50,-0.83,True
2026-10-10T18:15:00+11:00,2374725,2508_100,-33.828853607177734,151.22874450683594,240.0,33.5,329,5.48,True
2026-10-10T18:15:00+11:00,2211357,2459_464,-33.86256790161133,151.10801696777344,351.0,9.0,491,8.18,False
2026-10-10T18:15:00+11:00,2375151,2508_144,-33.79643249511719,151.180419921875,177.0,0.0,0,0.0,True
2026-10-10T18:15:00+11:00,2740905,7016_7T4,-33.91542053222656,151.16561889648438,9.0,0.7,116,1.93,True
2026-10-10T18:15:00+11:00,2210611,2459_415,-33.86753463745117,151.12994384765625,13.0,31.3,26,0.43,True
2026-10-10T18:15:00+11:00,2620109,2459_530,-33.79698181152344,151.18040466308594,192.0,15.1,115,1.92,True
2026-10-10T18:15:00+11:00,2038911,2459_440,-33.86181640625,151.16928100585938,204.0,0.0,0,0.0,True
2026-10-10T18:15:00+11:00,2668383,2459_420,-33.87492370605469,151.1074981689453,8.0,0.0,0,0.0,True
2026-10-10T18:15:00+11:00,2284505,2459_437,-33.86910629272461,151.13052368164062,251.0,31.7,124,2.07,True
2026-10-10T18:15:00+11:00,2289750,2459_423,-33.897647857666016,151.17832946777344,57.0,0.0,607,10.12,False
2026-10-10T18:15:00+11:00,2686114,2459_423,-33.87541961669922,151.2096405029297,185.0,7.2,34,0.57,True
2026-10-10T18:15:00+11:00,2289714,2459_418,-33.90366744995117,151.1427001953125,310.0,7.2,546,9.1,False
2026-10-10T18:15:00+11:00,2736967,2459_308,-33.897438049316406,151.19622802734375,252.0,0.0,-34,-0.57,True
2026-10-10T18:15:00+11:00,2280436,7083_SW3,-33.91436767578125,151.1659698486328,0.0,0.0,-203,-3.38,False
2026-10-10T18:15:00+11:00,2289890,2459_438X,-33.84488296508789,151.12850952148438,2.0,0.0,0,0.0,True
2026-10-10T18:15:00+11:00,2377064,2508_172X,-33.79619598388672,151.24998474121094,14.0,26.3,177,2.95,True
2026-10-10T18:15:00+11:00,2285109,2459_431,-33.87683868408203,151.20945739746094,6.0,27.7,-178,-2.97,False
2026-10-10T18:15:00+11:00,2738826,7063_13T4,-33.938873291015625,151.14808654785156,213.0,0.0,194,3.23,True
2026-10-10T18:15:00+11:00,2608968,2459_430,-33.908145904541016,151.1634979248047,213.0,42.8,207,3.45,True
2026-10-10T18:15:00+11:00,2211668,2459_464,-33.887813568115234,151.12319946289062,115.0,34.9,73,1.22,True
2026-10-10T18:15:00+11:00,2737112,2459_445,-33.883636474609375,151.14996337890625,181.0,25.6,-146,-2.43,False
2026-10-10T18:15:00+11:00,2036867,2459_440,-33.889678955078125,151.24172973632812,93.0,0.0,-826,-13.77,False
2026-10-10T18:15:00+11:00,2740654,7066_28T4,-33.887386322021484,151.20814514160156,186.0,37.8,475,7.92,False
2026-10-10T18:15:00+11:00,2288773,2459_437,-33.872291564941406,151.2064666748047,175.0,0.0,0,0.0,True
2026-10-10T18:15:00+11:00,2290851,2459_470,-33.87733840942383,151.15757751464844,89.0,22.3,0,0.0,True
2026-10-10T18:15:00+11:00,2283679,2459_428,-33.9022102355957,151.16334533691406,115.0,0.0,6,0.1,True
2026-10-10T18:15:00+11:00,2596585,2459_492,-33.87364196777344,151.12730407714844,189.0,0.0,451,7.52,False
2026-10-10T18:15:00+11:00,2286766,2459_348,-33.90996170043945,151.22300720214844,98.0,20.2,82,1.37,True
2026-10-10T18:15:00+11:00,2636597,2459_504,-33.87437057495117,151.19943237304688,77.0,62.6,199,3.32,True
2026-10-10T18:15:00+11:00,2290520,2459_441,-33.85924530029297,151.17745971679688,188.0,0.0,61,1.02,True
2026-10-10T18:15:00+11:00,2377355,2508_B1,-33.828311920166016,151.2301025390625,242.0,35.3,-62,-1.03,False
2026-10-10T18:15:00+11:00,2596642,2459_490,-33.8543586730957,151.14938354492188,53.0,39.2,520,8.67,False
2026-10-10T18:15:00+11:00,2377128,2508_144,-33.816741943359375,151.24325561523438,341.0,35.6,-42,-0.7,True
2026-10-10T18:15:00+11:00,2714019,2508_144,-33.81881332397461,151.18312072753906,321.0,40.3,291,4.85,True
2026-10-10T18:15:00+11:00,2415919,2508_B1,-33.866024017333984,151.20635986328125,5.0,0.0,0,0.0,True
2026-10-10T18:15:00+11:00,1905137,2459_461X,-33.87398147583008,151.21005249023438,187.0,0.0,-58,-0.97,True
2026-10-10T18:15:00+11:00,2741024,7016_7T4,-33.93470764160156,151.1516571044922,228.0,47.2,-217,-3.62,False
2026-10-10T18:15:00+11:00,2558665,7083_SW1,-33.909481048583984,151.13168334960938,132.0,20.9,70,1.17,True
2026-10-10T18:15:00+11:00,1904156,2459_461X,-33.87140655517578,151.216552734375,41.0,0.0,0,0.0,True
2026-10-10T18:15:00+11:00,2739217,7057_26T4,-33.91056823730469,151.2129669189453,2.0,79.2,-880,-14.67,False
2026-10-10T18:15:00+11:00,2290541,2459_426,-33.90541458129883,151.1444549560547,318.0,39.2,111,1.85,True
2026-10-10T18:15:00+11:00,2210727,2459_413,-33.88060760498047,151.2067413330078,196.0,0.0,0,0.0,True
2026-10-10T18:15:00+11:00,2596524,2459_492,-33.87356185913086,151.12554931640625,40.0,31.7,557,9.28,False
2026-10-10T18:15:00+11:00,2373803,2508_144,-33.82575225830078,151.19912719726562,140.0,0.0,56,0.93,True
2026-10-10T18:15:00+11:00,2740937,7016_7T4,-33.938777923583984,151.1480712890625,214.0,0.0,73,1.22,True
2026-10-10T18:15:00+11:00,2374824,2508_100,-33.842041015625,151.2439422607422,172.0,0.7,30,0.5,True
2026-10-10T18:15:00+11:00,2589872,2508_280,-33.79615020751953,151.1809539794922,180.0,0.0,0,0.0,True
2026-10-10T18:15:00+11:00,2284282,2459_431,-33.87208557128906,151.1800079345703,192.0,0.0,17,0.28,True
2026-10-10T18:15:00+11:00,2596669,2459_491,-33.87408447265625,151.12753295898438,322.0,19.1,194,3.23,True
2026-10-10T18:15:00+11:00,2308846,2459_445,-33.89020919799805,151.15846252441406,358.0,0.0,469,7.82,False
2026-10-10T18:15:00+11:00,2554020,2459_358,-33.91554260253906,151.1656494140625,8.0,0.0,0,0.0,True
2026-10-10T18:15:00+11:00,2737127,2459_428,-33.89644241333008,151.18003845214844,239.0,20.5,67,1.12,True
2026-10-10T18:15:00+11:00,2620101,2459_530,-33.859683990478516,151.1422576904297,227.0,40.3,61,1.02,True
2026-10-10T18:15:00+11:00,2686036,2459_423,-33.907081604003906,151.16436767578125,213.0,0.4,41,0.68,True
2026-10-10T18:15:00+11:00,2287513,2459_426,-33.89055252075195,151.1893768310547,220.0,46.8,184,3.07,True
2026-10-10T18:15:00+11:00,2415870,2508_B1,-33.86650085449219,151.20631408691406,7.0,0.0,0,0.0,True
2026-10-10T18:15:00+11:00,2287238,2459_426,-33.89887619018555,151.1725616455078,83.0,0.0,131,2.18,True
2026-10-10T18:15:00+11:00,1904013,2459_461X,-33.874202728271484,151.2097930908203,5.0,33.5,-489,-8.15,False
2026-10-10T18:15:00+11:00,2739187,7057_26T4,-33.887264251708984,151.2064208984375,6.0,0.0,0,0.0,True
2026-10-10T18:15:00+11:00,2740642,7066_28T4,-33.934471130371094,151.15196228027344,49.0,0.0,-335,-5.58,False
2026-10-10T18:15:00+11:00,2420998,2508_230,-33.824405670166016,151.23902893066406,273.0,21.2,177,2.95,True
2026-10-10T18:15:00+11:00,2286431,2459_470,-33.86648178100586,151.2118377685547,104.0,10.8,0,0.0,True
2026-10-10T18:15:00+11:00,2740874,7016_7T4,-33.923824310302734,151.16175842285156,46.0,45.0,131,2.18,True
2026-10-10T18:15:00+11:00,2287431,2459_433,-33.85810089111328,151.18338012695312,292.0,0.0,0,0.0,True
2026-10-10T18:15:00+11:00,2287371,2459_440,-33.885948181152344,151.1802978515625,251.0,22.7,405,6.75,False
2026-10-10T18:15:00+11:00,2660169,2459_320,-33.88274383544922,151.2044677734375,246.0,9.0,121,2.02,True
2026-10-10T18:15:00+11:00,2290428,2459_437,-33.88408279418945,151.1521759033203,262.0,0.0,3,0.05,True
2026-10-10T18:15:00+11:00,1940658,2459_412,-33.91425704956055,151.14385986328125,248.0,35.6,349,5.82,True
2026-10-10T18:15:00+11:00,2596620,2459_491,-33.88990783691406,151.1258544921875,205.0,0.0,251,4.18,True
2026-10-10T18:15:00+11:00,2609038,2459_430,-33.8924560546875,151.1864776611328,71.0,1.1,132,2.2,True
2026-10-10T18:15:00+11:00,2705703,2504_610X,-33.86579132080078,151.20570373535156,174.0,0.0,-395,-6.58,False
2026-10-10T18:15:00+11:00,2286576,2459_442,-33.86888885498047,151.20359802246094,124.0,13.3,-242,-4.03,False
2026-10-10T18:15:00+11:00,1962446,2459_412,-33.904781341552734,151.15313720703125,183.0,29.2,-180,-3.0,False
2026-10-10T18:15:00+11:00,2558738,7083_SW1,-33.91609191894531,151.1499481201172,44.0,30.2,138,2.3,True
2026-10-10T18:15:00+11:00,2713916,2508_144,-33.807334899902344,151.2469482421875,182.0,41.4,63,1.05,True
2026-10-10T18:15:00+11:00,2287944,2459_389,-33.891448974609375,151.24928283691406,110.0,0.0,33,0.55,True
2026-10-10T18:15:00+11:00,2211205,2459_406,-33.86952209472656,151.1299285888672,125.0,0.0,0,0.0,True
2026-10-10T18:15:00+11:00,2740669,7066_28T4,-33.900421142578125,151.19361877441406,217.0,6.1,352,5.87,True
2026-10-10T18:15:00+11:00,2741378,700015_3AT4,-33.9461555480957,151.1720733642578,264.0,62.6,-470,-7.83,False
2026-10-10T18:15:00+11:00,2090147,2508_160X,-33.79658126831055,151.18087768554688,176.0,0.0,0,0.0,True
2026-10-10T18:15:00+11:00,2280678,7083_SW3,-33.90349197387695,151.14259338378906,-43.0,0.0,74,1.23,True
2026-10-10T18:15:00+11:00,2285387,2459_433,-33.88008117675781,151.18714904785156,326.0,3.2,248,4.13,True
2026-10-10T18:15:00+11:00,2288593,2459_470,-33.87471389770508,151.20973205566406,6.0,26.3,343,5.72,True
2026-10-10T18:15:00+11:00,2484400,2459_483,-33.88314437866211,151.2037811279297,211.0,27.4,-10,-0.17,True
2026-10-10T18:15:00+11:00,2287127,2459_422,-33.884483337402344,151.19715881347656,268.0,12.6,352,5.87,True
2026-10-10T18:15:00+11:00,2714015,2508_144,-33.81961441040039,151.243896484375,189.0,30.2,313,5.22,True
2026-10-10T18:15:00+11:00,1904521,2459_461X,-33.8774528503418,151.1300506591797,331.0,11.9,1,0.02,True
2026-10-10T18:15:00+11:00,2210528,2459_464,-33.87666320800781,151.1038055419922,9.0,30.6,72,1.2,True
2026-10-10T18:15:00+11:00,2389390,2508_173X,-33.81770706176758,151.24378967285156,160.0,17.6,180,3.0,True
2026-10-10T18:15:00+11:00,2290574,2459_389,-33.87120819091797,151.20555114746094,355.0,0.0,359,5.98,True
2026-10-10T18:15:00+11:00,2718806,2514_270,-33.812557220458984,151.205078125,335.0,63.7,75,1.25,True
2026-10-10T18:15:00+11:00,2554405,2459_358,-33.92133712768555,151.19610595703125,99.0,0.0,2,0.03,True
2026-10-10T18:15:00+11:00,2376044,2508_100,-33.8685302734375,151.2060089111328,175.0,6.8,-201,-3.35,False
2026-10-10T18:15:00+11:00,2709316,2504_610X,-33.8122673034668,151.19454956054688,264.0,86.8,284,4.73,True
2026-10-10T18:15:00+11:00,2686120,2459_423,-33.87068557739258,151.210205078125,4.0,32.4,38,0.63,True
2026-10-10T18:15:00+11:00,2374206,2508_B1,-33.824249267578125,151.2413787841797,234.0,0.4,365,6.08,False
2026-10-10T18:15:00+11:00,2285280,2459_431,-33.87618637084961,151.18409729003906,325.0,33.8,-199,-3.32,False
2026-10-10T18:15:00+11:00,2415993,2508_B1,-33.82509994506836,151.2338104248047,54.0,46.4,191,3.18,True
2026-10-10T18:15:00+11:00,2286312,2459_348,-33.903995513916016,151.21446228027344,282.0,0.0,-65,-1.08,False
2026-10-10T18:15:00+11:00,2375744,2508_144,-33.79389572143555,151.2617645263672,99.0,29.2,-231,-3.85,False
2026-10-10T18:15:00+11:00,2376226,2508_172X,-33.789554595947266,151.24124145507812,160.0,58.7,247,4.12,True
2026-10-10T18:15:00+11:00,2375776,2508_144,-33.829524993896484,151.21412658691406,98.0,46.4,167,2.78,True
2026-10-10T18:15:00+11:00,2636637,2459_504,-33.85436248779297,151.1577606201172,142.0,24.5,63,1.05,True
2026-10-10T18:15:00+11:00,2284573,2459_426,-33.88416290283203,151.1984100341797,87.0,0.0,429,7.15,False
2026-10-10T18:15:00+11:00,2288139,2459_438X,-33.88441848754883,151.1423797607422,257.0,41.0,-125,-2.08,False
2026-10-10T18:15:00+11:00,1973713,2508_162,-33.80213165283203,151.2572021484375,200.0,20.2,0,0.0,True
2026-10-10T18:15:00+11:00,2284364,2459_348,-33.93043899536133,151.15469360351562,134.0,0.4,139,2.32,True
2026-10-10T18:15:00+11:00,2286186,2459_438X,-33.88795471191406,151.1667022705078,84.0,41.0,-15,-0.25,True
2026-10-10T18:15:00+11:00,2529837,7084_SW2,-33.91480255126953,151.16494750976562,50.0,0.0,-514,-8.57,False
2026-10-10T18:15:00+11:00,2288255,2459_426,-33.87102127075195,151.21017456054688,189.0,24.5,21,0.35,True
2026-10-10T18:15:00+11:00,2741413,700015_3AT4,-33.9383544921875,151.15176391601562,51.0,25.2,-111,-1.85,False
2026-10-10T18:15:00+11:00,2705427,2504_610X,-33.86355209350586,151.2044677734375,339.0,42.1,22,0.37,True
2026-10-10T18:15:00+11:00,2529883,7084_SW2,-33.90559005737305,151.13645935058594,243.0,34.2,40,0.67,True
2026-10-10T18:15:00+11:00,2736988,2459_308,-33.90337371826172,151.17990112304688,152.0,31.0,234,3.9,True
2026-10-10T18:15:00+11:00,2309994,7083_SW3,-33.902252197265625,151.14450073242188,73.0,26.6,17,0.28,True
2026-10-10T18:15:00+11:00,2424285,2508_230,-33.83201217651367,151.23809814453125,257.0,16.6,-106,-1.77,False
2026-10-10T18:15:00+11:00,2290276,2459_423,-33.90552520751953,151.1670379638672,81.0,39.2,273,4.55,True
2026-10-10T18:15:00+11:00,2373964,2508_144,-33.80512619018555,151.1792449951172,174.0,0.0,62,1.03,True
2026-10-10T18:15:00+11:00,2289500,2459_438X,-33.85508728027344,151.13035583496094,167.0,40.3,40,0.67,True
2026-10-10T18:15:00+11:00,2289079,2459_440,-33.890899658203125,151.2486114501953,97.0,0.0,0,0.0,True
2026-10-10T18:15:00+11:00,2286920,2459_438X,-33.87700271606445,151.20945739746094,6.0,25.9,124,2.07,True
2026-10-10T18:15:00+11:00,2375837,2508_100,-33.84197235107422,151.24365234375,353.0,0.0,0,0.0,True
2026-10-10T18:15:00+11:00,2718978,2514_271,-33.809268951416016,151.20449829101562,188.0,33.8,216,3.6,True
2026-10-10T18:15:00+11:00,2374084,2508_100,-33.82561492919922,151.23306274414062,39.0,39.2,-101,-1.68,False
2026-10-10T18:15:00+11:00,2283295,2459_422,-33.91008377075195,151.18057250976562,22.0,44.3,546,9.1,False
2026-10-10T18:15:00+11:00,2286842,2459_303,-33.924766540527344,151.21856689453125,191.0,0.0,129,2.15,True
2026-10-10T18:15:00+11:00,2686180,2459_423,-33.88446807861328,151.19577026367188,267.0,7.9,308,5.13,True
2026-10-10T18:15:00+11:00,2377266,2508_100,-33.841957092285156,151.2433319091797,354.0,0.0,0,0.0,True
2026-10-10T18:15:00+11:00,2668174,2459_420,-33.9244384765625,151.18801879882812,281.0,0.0,475,7.92,False
2026-10-10T18:15:00+11:00,2393165,2508_114,-33.82965850830078,151.21401977539062,100.0,26.6,279,4.65,True
2026-10-10T18:15:00+11:00,2286472,2459_438X,-33.88512420654297,151.1847686767578,255.0,0.0,206,3.43,True
2026-10-10T18:15:00+11:00,2713912,2508_144,-33.82951354980469,151.2120819091797,285.0,44.6,438,7.3,False
2026-10-10T18:15:00+11:00,2737151,2459_428,-33.9032096862793,151.14283752441406,236.0,7.2,39,0.65,True
2026-10-10T18:15:00+11:00,2289804,2459_438X,-33.884300231933594,151.19580078125,93.0,0.0,22,0.37,True
2026-10-10T18:15:00+11:00,2038465,2459_412,-33.913536071777344,151.11593627929688,253.0,45.4,15,0.25,True
2026-10-10T18:15:00+11:00,2283780,2459_437,-33.86705017089844,151.14138793945312,165.0,40.7,-7,-0.12,True
2026-10-10T18:15:00+11:00,2718825,2514_194,-33.80982208251953,151.20802307128906,10.0,0.0,74,1.23,True
2026-10-10T18:15:00+11:00,2741402,700015_3AT4,-33.88018798828125,151.207275390625,282.0,0.0,-275,-4.58,False
2026-10-10T18:15:00+11:00,2211284,2459_413,-33.89397430419922,151.14991760253906,209.0,0.7,-103,-1.72,False
2026-10-10T18:15:00+11:00,2284014,2459_470,-33.88475036621094,151.1914825439453,308.0,18.0,-2,-0.03,True
2026-10-10T18:15:00+11:00,2290801,2459_440,-33.880470275878906,151.2165985107422,314.0,22.3,55,0.92,True
2026-10-10T18:15:00+11:00,2475911,2459_530,-33.86981201171875,151.10501098632812,7.0,0.0,148,2.47,True
2026-10-10T18:15:00+11:00,2287005,2459_469,-33.885719299316406,151.1495361328125,81.0,0.0,23,0.38,True
2026-10-10T18:15:00+11:00,2554206,2459_358,-33.915523529052734,151.24053955078125,339.0,0.4,246,4.1,True
2026-10-10T18:15:00+11:00,2288535,2459_438X,-33.868167877197266,151.12960815429688,10.0,0.0,-90,-1.5,False
2026-10-10T18:15:00+11:00,2636666,2459_504,-33.85740280151367,151.16036987304688,329.0,52.2,-182,-3.03,False
2026-10-10T18:15:00+11:00,2740726,7066_28T4,-33.8835563659668,151.20831298828125,10.0,20.5,0,0.0,True
2026-10-10T18:15:00+11:00,2374971,2508_100,-33.87278366088867,151.2061767578125,271.0,15.1,63,1.05,True
2026-10-10T18:15:00+11:00,2037620,2459_412,-33.8710823059082,151.21017456054688,187.0,28.1,82,1.37,True
2026-10-10T18:15:00+11:00,2415876,2508_B1,-33.832763671875,151.2121124267578,27.0,24.1,223,3.72,True
2026-10-10T18:15:00+11:00,2660251,2459_320,-33.90114212036133,151.20932006835938,40.0,0.0,-131,-2.18,False
2026-10-10T18:15:00+11:00,2709017,2504_607X,-33.81290817260742,151.19229125976562,247.0,82.4,-24,-0.4,True
2026-10-10T18:15:00+11:00,2284410,2459_438X,-33.865474700927734,151.21258544921875,186.0,0.0,655,10.92,False
2026-10-10T18:15:00+11:00,2288968,2459_433,-33.86294174194336,151.17059326171875,25.0,20.5,28,0.47,True
2026-10-10T18:15:00+11:00,2682841,7083_SW1,-33.91176223754883,151.13980102539062,339.0,13.7,,,
2026-10-10T18:15:00+11:00,2289459,2459_433,-33.86576843261719,151.1726837158203,132.0,41.4,35,0.58,True
2026-10-10T18:15:00+11:00,2714037,2508_114,-33.82390213012695,151.19700622558594,322.0,11.9,135,2.25,True
2026-10-10T18:15:00+11:00,2283456,2459_437,-33.874305725097656,151.1648406982422,123.0,17.3,-66,-1.1,False
2026-10-10T18:15:00+11:00,2713980,2508_144,-33.82901382446289,151.20960998535156,281.0,35.6,-56,-0.93,True
2026-10-10T18:15:00+11:00,2529845,7084_SW2,-33.91007614135742,151.17068481445312,234.0,0.0,1780,29.67,False
2026-10-10T18:15:00+11:00,2458261,2508_238,-33.83102798461914,151.2466583251953,189.0,19.1,191,3.18,True
2026-10-10T18:15:00+11:00,2286521,2459_470,-33.88079833984375,151.1690216064453,111.0,27.4,-43,-0.72,True
2026-10-10T18:15:00+11:00,2375585,2508_173X,-33.83549880981445,151.21102905273438,11.0,61.2,631,10.52,False
2026-10-10T18:15:00+11:00,2710210,2504_607X,-33.86847686767578,151.2060089111328,175.0,10.4,0,0.0,True
2026-10-10T18:15:00+11:00,2719378,2514_277,-33.79647445678711,151.18089294433594,178.0,0.0,295,4.92,True
2026-10-10T18:15:00+11:00,2719148,2514_194,-33.81951141357422,151.21112060546875,203.0,0.0,260,4.33,True
2026-10-10T18:15:00+11:00,2550621,2508_263,-33.86333465576172,151.21322631835938,259.0,0.0,116,1.93,True
2026-10-10T18:15:00+11:00,2211230,2459_464,-33.86909103393555,151.10536193847656,187.0,28.1,138,2.3,True
2026-10-10T18:15:00+11:00,1904522,2459_461X,-33.885066986083984,151.18484497070312,249.0,1.1,147,2.45,True
2026-10-10T18:15:00+11:00,2374723,2508_100,-33.855716705322266,151.20860290527344,28.0,61.6,242,4.03,True
2026-10-10T18:15:00+11:00,2037080,2459_440,-33.886322021484375,151.15740966796875,174.0,31.0,-57,-0.95,True
2026-10-10T18:15:00+11:00,2289613,2459_440,-33.8916015625,151.2467803955078,297.0,4.7,-64,-1.07,False
2026-10-10T18:15:00+11:00,2289556,2459_433,-33.87958526611328,151.20816040039062,103.0,0.0,0,0.0,True
2026-10-10T18:15:00+11:00,2740868,7016_7T4,-33.939266204833984,151.1476593017578,33.0,0.0,200,3.33,True
2026-10-10T18:15:00+11:00,2530387,7084_SW2,-33.9134521484375,151.1165313720703,265.0,40.3,122,2.03,True
2026-10-10T18:15:00+11:00,2285746,2459_422,-33.883216857910156,151.2035369873047,44.0,9.7,199,3.32,True
2026-10-10T18:15:00+11:00,2284414,2459_442,-33.87062454223633,151.20379638671875,176.0,0.0,375,6.25,False
2026-10-10T18:15:00+11:00,2377492,2508_173X,-33.86631774902344,151.20632934570312,4.0,0.0,0,0.0,True
2026-10-10T18:15:00+11:00,2737149,2459_428,-33.88309097290039,151.20375061035156,222.0,26.3,-76,-1.27,False
2026-10-10T18:15:00+11:00,2375614,2508_100,-33.82508850097656,151.23377990722656,50.0,50.8,366,6.1,False
2026-10-10T18:15:00+11:00,2738845,7063_13T4,-33.93163299560547,151.1542205810547,34.0,37.4,229,3.82,True
2026-10-10T18:15:00+11:00,2741363,700015_3AT4,-33.88025665283203,151.2075958251953,282.0,13.3,-876,-14.6,False
2026-10-10T18:15:00+11:00,2475864,2459_530,-33.82476043701172,151.1501007080078,8.0,56.2,11,0.18,True
2026-10-10T18:15:00+11:00,2375995,2508_111,-33.832847595214844,151.24111938476562,235.0,42.1,10,0.17,True
2026-10-10T18:15:00+11:00,2285053,2459_426,-33.90317916870117,151.14222717285156,332.0,0.7,98,1.63,True
2026-10-10T18:15:00+11:00,2579203,7084_SW2,-33.90241241455078,151.154296875,141.0,36.0,930,15.5,False
2026-10-10T18:15:00+11:00,2290130,2459_470,-33.884376525878906,151.1956329345703,96.0,0.0,36,0.6,True
2026-10-10T18:15:00+11:00,2415873,2508_B1,-33.8054313659668,151.2462615966797,347.0,54.7,78,1.3,True
2026-10-10T18:15:00+11:00,2287567,2459_438X,-33.88420867919922,151.14669799804688,90.0,39.6,-121,-2.02,False
2026-10-10T18:15:00+11:00,2707320,2504_610X,-33.87032699584961,151.20620727539062,175.0,0.0,0,0.0,True
2026-10-10T18:15:00+11:00,2736938,2459_445,-33.896461486816406,151.1531524658203,245.0,0.0,187,3.12,True
2026-10-10T18:15:00+11:00,2660122,2459_320,-33.883445739746094,151.2039337158203,28.0,0.0,0,0.0,True
2026-10-10T18:15:00+11:00,1906654,2459_461X,-33.873470306396484,151.1042938232422,191.0,6.5,150,2.5,True
2026-10-10T18:15:00+11:00,2474853,2459_389,-33.87065887451172,151.19447326660156,155.0,34.6,-7,-0.12,True
2026-10-10T18:15:00+11:00,2636727,2459_415,-33.86396789550781,151.13040161132812,176.0,0.0,-2,-0.03,True
2026-10-10T18:15:00+11:00,2283099,2459_389,-33.88235092163086,151.2258758544922,273.0,0.0,176,2.93,True
2026-10-10T18:15:00+11:00,1959417,2459_413,-33.885093688964844,151.18429565429688,76.0,0.0,-6,-0.1,True
2026-10-10T18:15:00+11:00,1904014,2459_461X,-33.88462448120117,151.19207763671875,82.0,7.9,-638,-10.63,False
2026-10-10T18:15:00+11:00,2288277,2459_440,-33.882686614990234,151.2084503173828,191.0,0.0,505,8.42,False
2026-10-10T18:15:00+11:00,2289543,2459_348,-33.93003845214844,151.15200805664062,39.0,3.2,18,0.3,True
2026-10-10T18:15:00+11:00,2374924,2508_B1,-33.831993103027344,151.21334838867188,216.0,56.9,-46,-0.77,True
2026-10-10T18:15:00+11:00,2036868,2459_440,-33.88180923461914,151.20562744140625,44.0,0.0,-115,-1.92,False
2026-10-10T18:15:00+11:00,2740772,7066_28T4,-33.885101318359375,151.20774841308594,51.0,0.0,0,0.0,True
2026-10-10T18:15:00+11:00,2554454,2459_358,-33.92050552368164,151.18934631347656,281.0,22.7,43,0.72,True
2026-10-10T18:15:00+11:00,2739191,7057_26T4,-33.8781623840332,151.20750427246094,222.0,13.0,595,9.92,False
2026-10-10T18:15:00+11:00,1961838,2459_412,-33.91056823730469,151.15020751953125,67.0,31.3,137,2.28,True
2026-10-10T18:15:00+11:00,2376532,2508_100,-33.82585906982422,151.24349975585938,343.0,29.9,187,3.12,True
2026-10-10T18:15:00+11:00,2340891,2459_412,-33.92268753051758,151.1305389404297,98.0,3.6,565,9.42,False
2026-10-10T18:15:00+11:00,2718967,2514_271,-33.869625091552734,151.2061309814453,176.0,27.0,241,4.02,True
2026-10-10T18:15:00+11:00,2706274,2504_610X,-33.80948257446289,151.15890502929688,113.0,73.1,-292,-4.87,False
2026-10-10T18:15:00+11:00,2713966,2508_114,-33.83084487915039,151.24647521972656,266.0,23.8,224,3.73,True
2026-10-10T18:15:00+11:00,2284230,2459_423,-33.91901397705078,151.1455078125,48.0,29.9,-6,-0.1,True
2026-10-10T18:15:00+11:00,2211526,2459_464,-33.88795471191406,151.12631225585938,112.0,0.0,0,0.0,True
2026-10-10T18:15:00+11:00,2284937,2459_433,-33.855926513671875,151.1752166748047,97.0,5.8,371,6.18,False
2026-10-10T18:15:00+11:00,1911988,2459_483,-33.88612747192383,151.13856506347656,51.0,0.0,36,0.6,True
2026-10-10T18:15:00+11:00,2285074,2459_422,-33.905521392822266,151.18089294433594,157.0,27.0,230,3.83,True
2026-10-10T18:15:00+11:00,2090252,2508_160X,-33.786685943603516,151.18150329589844,251.0,14.8,-253,-4.22,False
2026-10-10T18:15:00+11:00,2290670,2459_418,-33.87936782836914,151.1031951904297,9.0,30.6,27,0.45,True
2026-10-10T18:15:00+11:00,2290077,2459_433,-33.88442611694336,151.1967315673828,267.0,14.0,-13,-0.22,True
2026-10-10T18:15:00+11:00,2283256,2459_428,-33.88422775268555,151.19598388671875,92.0,0.0,-23,-0.38,True
2026-10-10T18:15:00+11:00,2211303,2459_466,-33.87427520751953,151.10435485839844,10.0,16.6,73,1.22,True
2026-10-10T18:15:00+11:00,2667764,7066_28T4,-33.91923904418945,151.16920471191406,43.0,16.9,-138,-2.3,False
2026-10-10T18:15:00+11:00,2475291,2459_389,-33.87929153442383,151.22100830078125,95.0,24.5,111,1.85,True
2026-10-10T18:15:00+11:00,2704020,2504_610X,-33.81333541870117,151.18321228027344,287.0,67.7,838,13.97,False
2026-10-10T18:15:00+11:00,2420886,2508_225,-33.84693908691406,151.23007202148438,329.0,12.2,116,1.93,True
2026-10-10T18:15:00+11:00,2454850,2508_225,-33.832420349121094,151.22215270996094,11.0,19.1,-7,-0.12,True
2026-10-10T18:15:00+11:00,2741390,700015_3AT4,-33.902587890625,151.21469116210938,192.0,48.2,-30,-0.5,True
2026-10-10T18:15:00+11:00,2374311,2508_243,-33.827083587646484,151.22891235351562,60.0,36.4,61,1.02,True
2026-10-10T18:15:00+11:00,2596633,2459_490,-33.88536071777344,151.1081085205078,8.0,40.0,297,4.95,True
2026-10-10T18:15:00+11:00,2289167,2459_442,-33.85799789428711,151.18844604492188,86.0,28.8,-137,-2.28,False
2026-10-10T18:15:00+11:00,2375800,2508_B1,-33.820709228515625,151.2439422607422,174.0,10.1,-147,-2.45,False
2026-10-10T18:15:00+11:00,2737013,2459_445,-33.858070373535156,151.18353271484375,113.0,0.0,113,1.88,True
2026-10-10T18:15:00+11:00,2668322,2459_420,-33.92798614501953,151.18728637695312,14.0,49.7,-10,-0.17,True
2026-10-10T18:15:00+11:00,2289376,2459_502,-33.843048095703125,151.11685180664062,18.0,0.0,-51,-0.85,True
2026-10-10T18:15:00+11:00,2289739,2459_469,-33.87995910644531,151.18714904785156,329.0,0.0,-177,-2.95,False
2026-10-10T18:15:00+11:00,2682938,7083_SW1,-33.914913177490234,151.16505432128906,227.0,33.8,33,0.55,True
2026-10-10T18:15:00+11:00,2608986,2459_430,-33.884498596191406,151.19705200195312,266.0,0.0,41,0.68,True
2026-10-10T18:15:00+11:00,2289473,2459_442,-33.85659408569336,151.17823791503906,281.0,4.7,-67,-1.12,False
2026-10-10T18:15:00+11:00,2290564,2459_423,-33.87242126464844,151.2100067138672,2.0,35.6,101,1.68,True
2026-10-10T18:15:00+11:00,2349422,2459_418,-33.90604019165039,151.12713623046875,163.0,0.0,166,2.77,True
2026-10-10T18:15:00+11:00,2287600,2459_433,-33.877586364746094,151.1854248046875,149.0,5.4,5,0.08,True
2026-10-10T18:15:00+11:00,2643948,2507_120,-33.79264450073242,151.19456481933594,68.0,0.0,175,2.92,True
2026-10-10T18:15:00+11:00,2744496,2507_292,-33.81253433227539,151.1710968017578,267.0,35.6,37,0.62,True
2026-10-10T18:15:00+11:00,2643082,2507_120,-33.83880615234375,151.210693359375,9.0,63.7,117,1.95,True
2026-10-10T18:15:00+11:00,2643151,2507_52,-33.873016357421875,151.2072296142578,277.0,0.0,240,4.0,True
2026-10-10T18:15:00+11:00,2226070,2507_288,-33.801761627197266,151.14483642578125,317.0,45.0,272,4.53,True
2026-10-10T18:15:00+11:00,2644113,2507_501,-33.88117980957031,151.20632934570312,216.0,0.0,0,0.0,True
2026-10-10T18:15:00+11:00,2322482,2507_506,-33.86235809326172,151.16749572753906,307.0,41.4,-112,-1.87,False
2026-10-10T18:15:00+11:00,2645025,2507_52,-33.8588752746582,151.16226196289062,138.0,62.3,-88,-1.47,False
2026-10-10T18:15:00+11:00,2643911,2507_120,-33.81044387817383,151.1995086669922,179.0,0.0,310,5.17,True
2026-10-10T18:15:00+11:00,2620582,2507_288,-33.80559539794922,151.15260314941406,121.0,45.7,-6,-0.1,True
2026-10-10T18:15:00+11:00,2681976,2507_267,-33.82468032836914,151.18936157226562,282.0,55.4,5,0.08,True
2026-10-10T18:15:00+11:00,2226658,2507_288,-33.86879348754883,151.204345703125,90.0,0.0,139,2.32,True
2026-10-10T18:15:00+11:00,2672514,2507_115,-33.83915328979492,151.2066192626953,9.0,1.4,10,0.17,True
2026-10-10T18:15:00+11:00,2672338,2507_267,-33.84162139892578,151.1809539794922,7.0,11.2,56,0.93,True
2026-10-10T18:15:00+11:00,2258470,2507_516,-33.796104431152344,151.14817810058594,67.0,46.8,13,0.22,True
2026-10-10T18:15:00+11:00,2681999,2507_202,-33.810062408447266,151.22625732421875,54.0,34.9,-293,-4.88,False
2026-10-10T18:15:00+11:00,2643253,2507_52,-33.8341064453125,151.1272735595703,340.0,47.5,323,5.38,True
2026-10-10T18:15:00+11:00,2744779,2507_292,-33.86409378051758,151.2054901123047,184.0,0.0,-447,-7.45,False
2026-10-10T18:15:00+11:00,2537886,2507_506,-33.867149353027344,151.17562866210938,148.0,33.8,186,3.1,True
2026-10-10T18:15:00+11:00,2738431,2507_533,-33.80497741699219,151.17921447753906,177.0,0.0,2,0.03,True
2026-10-10T18:15:00+11:00,2643695,2507_52,-33.87273406982422,151.20631408691406,94.0,0.4,-360,-6.0,False
2026-10-10T18:15:00+11:00,2644565,2507_120,-33.79625701904297,151.1808319091797,189.0,0.0,0,0.0,True
2026-10-10T18:15:00+11:00,2634498,2507_254,-33.825347900390625,151.198486328125,321.0,0.0,166,2.77,True
2026-10-10T18:15:00+11:00,2644149,2507_501,-33.848976135253906,151.15309143066406,153.0,47.5,-51,-0.85,True
2026-10-10T18:15:00+11:00,2226319,2507_265,-33.814903259277344,151.16998291015625,173.0,0.0,0,0.0,True
2026-10-10T18:15:00+11:00,2643372,2507_501,-33.879859924316406,151.20849609375,183.0,0.0,0,0.0,True
2026-10-10T18:15:00+11:00,2620879,2507_252,-33.812477111816406,151.17190551757812,261.0,10.4,316,5.27,True
2026-10-10T18:15:00+11:00,2644457,2507_52,-33.8510856628418,151.15451049804688,319.0,31.3,113,1.88,True
2026-10-10T18:15:00+11:00,2643539,2507_501,-33.87641525268555,151.19778442382812,337.0,17.6,412,6.87,False
2026-10-10T18:15:00+11:00,2672521,2507_115,-33.806827545166016,151.19937133789062,168.0,0.0,204,3.4,True
2026-10-10T18:15:00+11:00,2226542,2507_288,-33.863616943359375,151.2091522216797,266.0,4.3,0,0.0,True
2026-10-10T18:15:00+11:00,2442218,2507_207,-33.780723571777344,151.19081115722656,250.0,38.9,118,1.97,True
2026-10-10T18:15:00+11:00,2407893,2507_252,-33.829891204833984,151.12733459472656,51.0,0.0,56,0.93,True
2026-10-10T18:15:00+11:00,2642831,2507_52,-33.865962982177734,151.20330810546875,174.0,0.0,0,0.0,True
2026-10-10T18:15:00+11:00,2681896,2507_208,-33.863494873046875,151.2104949951172,264.0,0.0,176,2.93,True
2026-10-10T18:15:00+11:00,2644785,2507_120,-33.79692459106445,151.19754028320312,339.0,32.4,55,0.92,True
2026-10-10T18:15:00+11:00,2672513,2507_115,-33.79568099975586,151.1851348876953,250.0,24.5,-569,-9.48,False
2026-10-10T18:15:00+11:00,2407341,2507_252,-33.82852554321289,151.2014923095703,155.0,8.3,28,0.47,True
2026-10-10T18:15:00+11:00,2644783,2507_501,-33.86980438232422,151.18841552734375,110.0,40.0,102,1.7,True
2026-10-10T18:15:00+11:00,2643653,2507_501,-33.83930969238281,151.13478088378906,310.0,53.3,51,0.85,True
2026-10-10T18:15:00+11:00,2634554,2507_261,-33.83674621582031,151.2067108154297,102.0,10.8,-407,-6.78,False
2026-10-10T18:15:00+11:00,2644373,2507_120,-33.87015914916992,151.2061767578125,185.0,9.0,-62,-1.03,False
2026-10-10T18:15:00+11:00,2644272,2507_120,-33.79636764526367,151.18125915527344,7.0,0.0,0,0.0,True
2026-10-10T18:15:00+11:00,2738329,2507_533,-33.80534744262695,151.17910766601562,82.0,2.5,565,9.42,False
2026-10-10T18:15:00+11:00,2643722,2507_202,-33.82925033569336,151.20896911621094,189.0,0.0,117,1.95,True
2026-10-10T18:15:00+11:00,2434773,2509_390X,-33.95249557495117,151.24208068847656,170.0,4.7,-57,-0.95,True
2026-10-10T18:15:00+11:00,2356329,2509_373,-33.91963577270508,151.25709533691406,10.0,0.0,0,0.0,True
2026-10-10T18:15:00+11:00,2403195,2509_311,-33.8689079284668,151.2192840576172,16.0,6.5,545,9.08,False
2026-10-10T18:15:00+11:00,2356092,2509_373,-33.87723922729492,151.21194458007812,23.0,0.0,189,3.15,True
2026-10-10T18:15:00+11:00,2357767,2509_373,-33.916725158691406,151.24107360839844,161.0,0.0,49,0.82,True
2026-10-10T18:15:00+11:00,2531255,2509_355,-33.89894104003906,151.17205810546875,74.0,13.0,-45,-0.75,True
2026-10-10T18:15:00+11:00,2352721,2509_356,-33.89098358154297,151.24935913085938,280.0,0.0,38,0.63,True
2026-10-10T18:15:00+11:00,2533449,2509_387,-33.88478088378906,151.26815795898438,212.0,0.0,411,6.85,False
2026-10-10T18:15:00+11:00,2403084,2509_311,-33.88014602661133,151.20895385742188,197.0,14.0,405,6.75,False
2026-10-10T18:15:00+11:00,2533200,2509_350,-33.924320220947266,151.18775939941406,99.0,0.0,288,4.8,True
2026-10-10T18:15:00+11:00,2575778,2509_374,-33.90862274169922,151.23529052734375,276.0,0.0,282,4.7,True
2026-10-10T18:15:00+11:00,2533631,2509_325,-33.870384216308594,151.25314331054688,295.0,0.0,119,1.98,True
2026-10-10T18:15:00+11:00,2357232,2509_370,-33.883270263671875,151.1913604736328,309.0,0.4,-183,-3.05,False
2026-10-10T18:15:00+11:00,2434455,2509_390X,-33.92610549926758,151.23114013671875,130.0,0.0,-91,-1.52,False
2026-10-10T18:15:00+11:00,2533763,2509_333,-33.873497009277344,151.2098846435547,6.0,33.8,-151,-2.52,False
2026-10-10T18:15:00+11:00,2532303,2509_380,-33.84332275390625,151.28419494628906,171.0,0.0,296,4.93,True
2026-10-10T18:15:00+11:00,2357582,2509_343,-33.884517669677734,151.20806884765625,189.0,21.6,735,12.25,False
2026-10-10T18:15:00+11:00,2532269,2509_355,-33.89030838012695,151.20896911621094,115.0,28.4,429,7.15,False
2026-10-10T18:15:00+11:00,2628737,2509_304,-33.86286544799805,151.2119598388672,7.0,0.0,0,0.0,True
2026-10-10T18:15:00+11:00,2533431,2509_352,-33.88774490356445,151.19296264648438,46.0,0.0,97,1.62,True
2026-10-10T18:15:00+11:00,2399748,2509_390X,-33.91497039794922,151.2255401611328,349.0,0.0,396,6.6,False
2026-10-10T18:15:00+11:00,2356441,2509_343,-33.8624153137207,151.2120361328125,9.0,0.0,0,0.0,True
2026-10-10T18:15:00+11:00,2628608,2509_304,-33.87876892089844,151.21092224121094,181.0,0.0,664,11.07,False
2026-10-10T18:15:00+11:00,2533515,2509_350,-33.94744110107422,151.25054931640625,286.0,41.4,191,3.18,True
2026-10-10T18:15:00+11:00,2357092,2509_343,-33.87873458862305,151.209228515625,5.0,27.7,203,3.38,True
2026-10-10T18:15:00+11:00,2628735,2509_304,-33.86658477783203,151.21234130859375,265.0,10.4,216,3.6,True
2026-10-10T18:15:00+11:00,2531722,2509_333,-33.89087677001953,151.2532958984375,135.0,0.0,11,0.18,True
2026-10-10T18:15:00+11:00,2531922,2509_352,-33.88042068481445,151.2150421142578,190.0,0.0,237,3.95,True
2026-10-10T18:15:00+11:00,2534350,2509_333,-33.89116668701172,151.2530975341797,72.0,0.0,249,4.15,True
2026-10-10T18:15:00+11:00,2740463,2509_379,-33.88591384887695,151.28395080566406,94.0,31.7,-311,-5.18,False
2026-10-10T18:15:00+11:00,2532902,2509_333,-33.892826080322266,151.2557830810547,278.0,0.0,42,0.7,True
2026-10-10T18:15:00+11:00,2534048,2509_350,-33.92366027832031,151.25619506835938,190.0,34.2,181,3.02,True
2026-10-10T18:15:00+11:00,2740312,2509_379,-33.886959075927734,151.27565002441406,192.0,7.2,-120,-2.0,False
2026-10-10T18:15:00+11:00,2533482,2509_333,-33.86259078979492,151.21116638183594,7.0,0.0,0,0.0,True
2026-10-10T18:15:00+11:00,2533566,2509_333,-33.8910026550293,151.2496337890625,306.0,6.8,68,1.13,True
2026-10-10T18:15:00+11:00,2356691,2509_343,-33.925479888916016,151.2282257080078,344.0,1.1,0,0.0,True
2026-10-10T18:15:00+11:00,2356757,2509_374,-33.90399932861328,151.2258758544922,136.0,20.2,162,2.7,True
2026-10-10T18:15:00+11:00,2534102,2509_333,-33.8599967956543,151.21144104003906,6.0,7.2,0,0.0,True
2026-10-10T18:15:00+11:00,2534583,2509_350,-33.93284225463867,151.1796875,100.0,0.0,0,0.0,True
2026-10-10T18:15:00+11:00,2137356,2509_396,-33.862789154052734,151.21197509765625,191.0,27.7,259,4.32,True
2026-10-10T18:15:00+11:00,2532425,2509_333,-33.891197204589844,151.27438354492188,227.0,16.2,-13,-0.22,True
2026-10-10T18:15:00+11:00,2532960,2509_313,-33.92025375366211,151.25013732910156,6.0,25.6,121,2.02,True
2026-10-10T18:15:00+11:00,2137439,2509_375,-33.932106018066406,151.25674438476562,143.0,36.0,542,9.03,False
2026-10-10T18:15:00+11:00,2139070,2509_396,-33.926029205322266,151.2309112548828,122.0,0.0,382,6.37,False
2026-10-10T18:15:00+11:00,2532662,2509_333,-33.86331558227539,151.21249389648438,85.0,0.0,61,1.02,True
2026-10-10T18:15:00+11:00,2691489,2509_324,-33.870906829833984,151.22454833984375,292.0,2.5,236,3.93,True
2026-10-10T18:15:00+11:00,2740540,2509_379,-33.88901138305664,151.26759338378906,276.0,7.2,84,1.4,True
2026-10-10T18:15:00+11:00,2533335,2509_333,-33.88125991821289,151.21815490722656,303.0,14.4,-124,-2.07,False
2026-10-10T18:15:00+11:00,2139941,2509_375,-33.91996383666992,151.24270629882812,163.0,1.8,-200,-3.33,False
2026-10-10T18:15:00+11:00,2355995,2509_370,-33.90025329589844,151.1780548095703,333.0,0.0,154,2.57,True
2026-10-10T18:15:00+11:00,2352517,2509_307,-33.944759368896484,151.2261505126953,193.0,0.0,582,9.7,False
2026-10-10T18:15:00+11:00,2532790,2509_360,-33.91291046142578,151.26922607421875,8.0,18.7,2,0.03,True
2026-10-10T18:15:00+11:00,2356794,2509_373,-33.920406341552734,151.24363708496094,280.0,34.6,131,2.18,True
2026-10-10T18:15:00+11:00,2139563,2509_396,-33.94116973876953,151.25296020507812,307.0,14.0,54,0.9,True
2026-10-10T18:15:00+11:00,2531365,2509_333,-33.86561965942383,151.2123565673828,120.0,4.0,-246,-4.1,False
2026-10-10T18:15:00+11:00,2434746,2509_390X,-33.902259826660156,151.25466918945312,154.0,23.4,12,0.2,True
2026-10-10T18:15:00+11:00,2740323,2509_379,-33.89698028564453,151.25157165527344,159.0,33.1,-76,-1.27,False
2026-10-10T18:15:00+11:00,2137323,2509_306,-33.90529251098633,151.20291137695312,166.0,0.0,148,2.47,True
2026-10-10T18:15:00+11:00,2352480,2509_392,-33.893741607666016,151.19874572753906,21.0,15.1,10,0.17,True
2026-10-10T18:15:00+11:00,2488407,2509_392,-33.909244537353516,151.2190399169922,144.0,24.5,118,1.97,True
2026-10-10T18:15:00+11:00,2532550,2509_350,-33.89115905761719,151.2496337890625,290.0,12.6,0,0.0,True
2026-10-10T18:15:00+11:00,2531629,2509_362,-33.91934585571289,151.25709533691406,11.0,0.0,0,0.0,True
2026-10-10T18:15:00+11:00,2532235,2509_350,-33.898292541503906,151.25210571289062,174.0,41.4,133,2.22,True
2026-10-10T18:15:00+11:00,2532092,2509_352,-33.88117980957031,151.2181396484375,123.0,25.2,923,15.38,False
2026-10-10T18:15:00+11:00,2532309,2509_327,-33.886173248291016,151.25778198242188,111.0,23.8,430,7.17,False
2026-10-10T18:15:00+11:00,2531627,2509_333,-33.86922073364258,151.21041870117188,190.0,25.2,710,11.83,False
2026-10-10T18:15:00+11:00,2470839,2509_397,-33.95086669921875,151.24398803710938,348.0,46.8,-225,-3.75,False
2026-10-10T18:15:00+11:00,2534700,2509_362,-33.88946533203125,151.27505493164062,130.0,4.0,-22,-0.37,True
2026-10-10T18:15:00+11:00,2399580,2509_390X,-33.89685821533203,151.2515869140625,338.0,36.0,-333,-5.55,False
2026-10-10T18:15:00+11:00,2488461,2509_392,-33.893165588378906,151.1990203857422,22.0,0.0,0,0.0,True
2026-10-10T18:15:00+11:00,2667457,2509_326,-33.878875732421875,151.25833129882812,183.0,32.0,189,3.15,True
2026-10-10T18:15:00+11:00,2533028,2509_333,-33.861724853515625,151.2121124267578,130.0,10.8,0,0.0,True
2026-10-10T18:15:00+11:00,2356921,2509_343,-33.92448806762695,151.21437072753906,283.0,43.6,-36,-0.6,True
2026-10-10T18:15:00+11:00,2740405,2509_370,-33.87226486206055,151.17996215820312,191.0,0.0,248,4.13,True
2026-10-10T18:15:00+11:00,2532528,2509_333,-33.8880729675293,151.2313690185547,319.0,34.9,-14,-0.23,True
2026-10-10T18:15:00+11:00,2740282,2509_370,-33.87177276611328,151.1802520751953,238.0,0.0,0,0.0,True
2026-10-10T18:15:00+11:00,2533825,2509_350,-33.93132019042969,151.1941680908203,11.0,0.0,81,1.35,True
2026-10-10T18:15:00+11:00,2531421,2509_386,-33.858604431152344,151.27879333496094,211.0,0.0,2,0.03,True
2026-10-10T18:15:00+11:00,2398216,2509_392,-33.94731903076172,151.2296905517578,124.0,0.0,52,0.87,True
2026-10-10T18:15:00+11:00,2532523,2509_325,-33.87253952026367,151.2064971923828,174.0,11.9,74,1.23,True
2026-10-10T18:15:00+11:00,2675011,2509_309,-33.954193115234375,151.20408630371094,117.0,38.5,-73,-1.22,False
2026-10-10T18:15:00+11:00,2352547,2509_356,-33.930904388427734,151.2538604736328,169.0,26.6,1016,16.93,False
2026-10-10T18:15:00+11:00,2532348,2509_325,-33.84373474121094,151.2841339111328,5.0,0.0,0,0.0,True
2026-10-10T18:15:00+11:00,2531283,2509_333,-33.86659622192383,151.21072387695312,187.0,24.8,437,7.28,False
2026-10-10T18:15:00+11:00,2628671,2509_304,-33.907691955566406,151.2067413330078,113.0,31.7,462,7.7,False
2026-10-10T18:15:00+11:00,2628748,2509_304,-33.87641525268555,151.2095184326172,6.0,27.4,239,3.98,True
2026-10-10T18:15:00+11:00,2300941,2509_399,-33.93022537231445,151.23611450195312,329.0,51.1,185,3.08,True
2026-10-10T18:15:00+11:00,2628752,2509_304,-33.90642166137695,151.211181640625,226.0,22.3,53,0.88,True
2026-10-10T18:15:00+11:00,2532322,2509_350,-33.926612854003906,151.18775939941406,141.0,4.0,198,3.3,True
2026-10-10T18:15:00+11:00,2674975,2509_309,-33.896366119384766,151.19921875,159.0,0.0,21,0.35,True
2026-10-10T18:15:00+11:00,2534596,2509_313,-33.90985107421875,151.25157165527344,192.0,0.0,65,1.08,True
2026-10-10T18:15:00+11:00,2674985,2509_309,-33.95283126831055,151.24220275878906,169.0,0.0,569,9.48,False
2026-10-10T18:15:00+11:00,2533621,2509_355,-33.900943756103516,151.19305419921875,223.0,22.7,-35,-0.58,True
2026-10-10T18:15:00+11:00,2628669,2509_304,-33.86526870727539,151.21148681640625,22.0,0.0,286,4.77,True
2026-10-10T18:15:00+11:00,2399894,2509_390X,-33.90071105957031,151.2537841796875,333.0,0.0,400,6.67,False
2026-10-10T18:15:00+11:00,2137716,2509_396,-33.8670539855957,151.21067810058594,184.0,30.2,797,13.28,False
2026-10-10T18:15:00+11:00,2356103,2509_373,-33.92029571533203,151.2570037841797,190.0,0.0,0,0.0,True
2026-10-10T18:15:00+11:00,2138015,2509_306,-33.92129135131836,151.20703125,176.0,0.0,957,15.95,False
2026-10-10T18:15:00+11:00,2740434,2509_370,-33.91842269897461,151.2548065185547,37.0,8.3,-325,-5.42,False
2026-10-10T18:15:00+11:00,2533169,2509_333,-33.89145278930664,151.25221252441406,55.0,31.0,618,10.3,False
2026-10-10T18:15:00+11:00,2357786,2509_343,-33.90113067626953,151.20594787597656,10.0,33.8,400,6.67,False
2026-10-10T18:15:00+11:00,2137338,2509_375,-33.94398880004883,151.26138305664062,35.0,32.0,196,3.27,True
2026-10-10T18:15:00+11:00,2139459,2509_396,-33.881465911865234,151.2172393798828,169.0,0.0,731,12.18,False
2026-10-10T18:15:00+11:00,2740326,2509_379,-33.900569915771484,151.25367736816406,338.0,0.0,797,13.28,False
2026-10-10T18:15:00+11:00,2534247,2509_352,-33.90270233154297,151.17930603027344,155.0,0.0,203,3.38,True
2026-10-10T18:15:00+11:00,2532653,2509_380,-33.875213623046875,151.2803497314453,7.0,41.4,246,4.1,True
2026-10-10T18:15:00+11:00,2564504,2509_387,-33.889854431152344,151.2554168701172,55.0,33.1,152,2.53,True
2026-10-10T18:15:00+11:00,2533139,2509_380,-33.89117431640625,151.27430725097656,224.0,17.6,395,6.58,False
2026-10-10T18:15:00+11:00,2532771,2509_355,-33.89139938354492,151.248779296875,98.0,16.2,0,0.0,True
2026-10-10T18:15:00+11:00,2628720,2509_304,-33.89807891845703,151.21205139160156,31.0,17.6,707,11.78,False
2026-10-10T18:15:00+11:00,2357161,2509_373,-33.912574768066406,151.23936462402344,161.0,18.0,-298,-4.97,False
2026-10-10T18:15:00+11:00,2532971,2509_362,-33.86988830566406,151.2698974609375,322.0,0.0,-58,-0.97,True
2026-10-10T18:15:00+11:00,2740274,2509_370,-33.88451385498047,151.19351196289062,84.0,34.2,88,1.47,True
2026-10-10T18:15:00+11:00,2398242,2509_392,-33.9099235534668,151.2227020263672,277.0,3.6,674,11.23,False
2026-10-10T18:15:00+11:00,2533690,2509_350,-33.94363784790039,151.22341918945312,280.0,0.0,37,0.62,True
2026-10-10T18:15:00+11:00,2532069,2509_324,-33.875179290771484,151.2222137451172,204.0,0.0,208,3.47,True
2026-10-10T18:15:00+11:00,2534732,2509_325,-33.87303161621094,151.20736694335938,284.0,0.0,459,7.65,False
2026-10-10T18:15:00+11:00,2534305,2509_350,-33.947540283203125,151.2512664794922,100.0,22.7,68,1.13,True
2026-10-10T18:15:00+11:00,2357528,2509_373,-33.90848922729492,151.23448181152344,278.0,0.0,283,4.72,True
2026-10-10T18:15:00+11:00,2532183,2509_381,-33.899574279785156,151.27041625976562,101.0,32.0,-70,-1.17,False
2026-10-10T18:15:00+11:00,2533207,2509_333,-33.88972473144531,151.23370361328125,294.0,0.0,-185,-3.08,False
2026-10-10T18:15:00+11:00,2531481,2509_350,-33.93983840942383,151.2149658203125,144.0,3.2,277,4.62,True
2026-10-10T18:15:00+11:00,2357478,2509_373,-33.883975982666016,151.21755981445312,339.0,15.5,204,3.4,True
2026-10-10T18:15:00+11:00,2531239,2509_333,-33.863399505615234,151.21286010742188,355.0,10.8,473,7.88,False
2026-10-10T18:15:00+11:00,2403070,2509_311,-33.8585319519043,151.20472717285156,279.0,0.0,186,3.1,True
2026-10-10T18:15:00+11:00,2357601,2509_339,-33.90636444091797,151.2308349609375,293.0,24.5,160,2.67,True
2026-10-10T18:15:00+11:00,2356896,2509_370,-33.91481399536133,151.22586059570312,281.0,1.8,126,2.1,True
2026-10-10T18:15:00+11:00,2137153,2509_396,-33.94785690307617,151.2550048828125,44.0,0.0,37,0.62,True
2026-10-10T18:15:00+11:00,2399408,2509_390X,-33.92755126953125,151.23216247558594,316.0,43.2,44,0.73,True
2026-10-10T18:15:00+11:00,2532788,2509_324,-33.84330749511719,151.28402709960938,0.0,0.7,0,0.0,True
2026-10-10T18:15:00+11:00,2531505,2509_324,-33.87504196166992,151.2237091064453,99.0,0.0,400,6.67,False
2026-10-10T18:15:00+11:00,2531505_2,2509_324,-33.87655258178711,151.23069763183594,102.0,38.9,68,1.13,True
2026-10-10T18:15:00+11:00,2534067,2509_333,-33.88973617553711,151.2414093017578,79.0,0.0,434,7.23,False
2026-10-10T18:15:00+11:00,2532070,2509_333,-33.889705657958984,151.24159240722656,82.0,0.0,74,1.23,True
2026-10-10T18:15:00+11:00,2533383,2509_333,-33.88920211791992,151.278076171875,280.0,0.0,-9,-0.15,True
2026-10-10T18:15:00+11:00,2675005,2509_309,-33.90720748901367,151.20289611816406,185.0,0.0,447,7.45,False
2026-10-10T18:15:00+11:00,2548664,2509_328,-33.87865447998047,151.23561096191406,104.0,25.2,16,0.27,True
2026-10-10T18:15:00+11:00,2400488,2509_309,-33.94263458251953,151.19528198242188,333.0,39.6,329,5.48,True
2026-10-10T18:15:00+11:00,2355984,2509_370,-33.91041946411133,151.2040557861328,280.0,23.4,197,3.28,True
2026-10-10T18:15:00+11:00,2139508,2509_396,-33.94797134399414,151.2548370361328,44.0,0.0,0,0.0,True
2026-10-10T18:15:00+11:00,2352257,2509_307,-33.925071716308594,151.19232177734375,93.0,3.6,255,4.25,True
2026-10-10T18:15:00+11:00,2531289,2509_325,-33.87347412109375,151.2470703125,353.0,0.0,437,7.28,False
2026-10-10T18:15:00+11:00,2740279,2509_379,-33.904624938964844,151.26730346679688,104.0,0.0,0,0.0,True
2026-10-10T18:15:00+11:00,2136784,2509_396,-33.87428283691406,151.2097930908203,6.0,36.4,648,10.8,False
2026-10-10T18:15:00+11:00,2691417,2509_324,-33.87428283691406,151.2160186767578,101.0,0.0,-61,-1.02,False
2026-10-10T18:15:00+11:00,2531345,2509_360,-33.89869689941406,151.26556396484375,189.0,31.3,53,0.88,True
2026-10-10T18:15:00+11:00,2352607,2509_392,-33.92104721069336,151.22689819335938,172.0,0.0,201,3.35,True
2026-10-10T18:15:00+11:00,2533851,2509_333,-33.880645751953125,151.21678161621094,304.0,36.7,-40,-0.67,True
2026-10-10T18:15:00+11:00,2140110,2509_396,-33.926429748535156,151.23086547851562,315.0,0.0,193,3.22,True
2026-10-10T18:15:00+11:00,2740304,2509_370,-33.90097427368164,151.193115234375,36.0,0.0,26,0.43,True
2026-10-10T18:15:00+11:00,2531416,2509_350,-33.947269439697266,151.25021362304688,104.0,0.0,629,10.48,False
2026-10-10T18:15:00+11:00,2532894,2509_333,-33.89435577392578,151.2667999267578,281.0,27.7,-45,-0.75,True
2026-10-10T18:15:00+11:00,2357635,2509_343,-33.91060256958008,151.2062225341797,337.0,20.5,86,1.43,True
2026-10-10T18:15:00+11:00,2532739,2509_324,-33.85896682739258,151.27854919433594,217.0,19.4,240,4.0,True
2026-10-10T18:15:00+11:00,2740313,2509_370,-33.915809631347656,151.23318481445312,99.0,40.7,46,0.77,True
2026-10-10T18:15:00+11:00,2357328,2509_339,-33.91446304321289,151.26654052734375,132.0,0.0,31,0.52,True
2026-10-10T18:15:00+11:00,2740384,2509_370,-33.89663314819336,151.17982482910156,236.0,23.4,83,1.38,True
2026-10-10T18:15:00+11:00,2533749,2509_333,-33.88949203491211,151.28114318847656,84.0,28.1,249,4.15,True
2026-10-10T18:15:00+11:00,2355944,2509_339,-33.88584899902344,151.2174072265625,299.0,0.0,760,12.67,False
2026-10-10T18:15:00+11:00,2740285,2509_379,-33.89326858520508,151.2495880126953,9.0,0.0,-29,-0.48,True
2026-10-10T18:15:00+11:00,2398261,2509_392,-33.91669464111328,151.225830078125,346.0,0.0,187,3.12,True
2026-10-10T18:15:00+11:00,2532744,2509_333,-33.86970138549805,151.2103729248047,6.0,45.4,-155,-2.58,False
2026-10-10T18:15:00+11:00,2434996,2509_390X,-33.91353225708008,151.2396697998047,159.0,0.4,97,1.62,True
2026-10-10T18:15:00+11:00,2531539,2509_333,-33.88045120239258,151.2165985107422,314.0,31.0,171,2.85,True
2026-10-10T18:15:00+11:00,2534500,2509_380,-33.891170501708984,151.2490997314453,279.0,0.0,57,0.95,True
2026-10-10T18:15:00+11:00,2352459,2509_356,-33.92903518676758,151.2511444091797,129.0,36.7,-122,-2.03,False
2026-10-10T18:15:00+11:00,2564478,2509_386,-33.88010025024414,151.27041625976562,2.0,38.9,483,8.05,False
2026-10-10T18:15:00+11:00,2531315,2509_324,-33.85597229003906,151.20703125,226.0,0.0,16,0.27,True
2026-10-10T18:15:00+11:00,2140562,2509_396,-33.87782669067383,151.21343994140625,308.0,34.2,342,5.7,True
2026-10-10T18:15:00+11:00,2740543,2509_370,-33.9122428894043,151.21241760253906,100.0,36.4,-15,-0.25,True
2026-10-10T18:15:00+11:00,2136833,2509_306,-33.92414474487305,151.21109008789062,9.0,19.4,114,1.9,True
2026-10-10T18:15:00+11:00,2356920,2509_370,-33.9202880859375,151.25299072265625,280.0,41.4,153,2.55,True
2026-10-10T18:15:00+11:00,2357371,2509_311,-33.866546630859375,151.22482299804688,0.0,28.4,208,3.47,True
2026-10-10T18:15:00+11:00,2357072,2509_343,-33.86255645751953,151.21116638183594,184.0,15.5,285,4.75,True
2026-10-10T18:15:00+11:00,2532581,2509_360,-33.90058517456055,151.2642822265625,100.0,26.3,546,9.1,False
2026-10-10T18:15:00+11:00,2355980,2509_343,-33.876625061035156,151.20950317382812,183.0,16.9,428,7.13,False
2026-10-10T18:15:00+11:00,2356915,2509_370,-33.90707778930664,151.18743896484375,217.0,34.2,-3,-0.05,True
2026-10-10T18:15:00+11:00,2701974,700011_27T4,-33.88628005981445,151.20677185058594,6.0,0.0,-152,-2.53,False
2026-10-10T18:15:00+11:00,2722612,700012_36SC,-33.885616302490234,151.20323181152344,153.0,0.0,,,
2026-10-10T18:15:00+11:00,2722562,700012_36SC,-33.943748474121094,151.1910858154297,232.0,59.4,1313,21.88,False
2026-10-10T18:15:00+11:00,2722519,700012_49SC,-33.904598236083984,151.2138671875,9.0,33.5,159,2.65,True
2026-10-10T18:30:00+11:00,2596487,2459_491,-33.877323150634766,151.12904357910156,243.0,19.4,72,1.2,True
2026-10-10T18:30:00+11:00,2415986,2508_B1,-33.8665657043457,151.20631408691406,8.0,0.0,0,0.0,True
2026-10-10T18:30:00+11:00,2340680,2459_438X,-33.873111724853516,151.20993041992188,182.0,27.0,167,2.78,True
2026-10-10T18:30:00+11:00,2608964,2459_430,-33.896873474121094,151.17947387695312,35.0,10.4,64,1.07,True
2026-10-10T18:30:00+11:00,2530278,7084_SW2,-33.92132568359375,151.1649169921875,68.0,43.2,-1583,-26.38,False
2026-10-10T18:30:00+11:00,2558659,7083_SW1,-33.91130447387695,151.15554809570312,33.0,0.0,15,0.25,True
2026-10-10T18:30:00+11:00,2374725,2508_100,-33.87040710449219,151.20620727539062,175.0,14.4,58,0.97,True
2026-10-10T18:30:00+11:00,2420813,2508_230,-33.830074310302734,151.24374389648438,68.0,0.0,58,0.97,True
2026-10-10T18:30:00+11:00,2515280,2459_410,-33.872962951660156,151.10452270507812,190.0,0.0,728,12.13,False
2026-10-10T18:30:00+11:00,2288077,2459_431,-33.864967346191406,151.21011352539062,229.0,0.0,0,0.0,True
2026-10-10T18:30:00+11:00,2686131,2459_423,-33.8665657043457,151.2107391357422,6.0,0.0,2,0.03,True
2026-10-10T18:30:00+11:00,2289923,2459_438X,-33.84514236450195,151.12847900390625,360.0,0.0,0,0.0,True
2026-10-10T18:30:00+11:00,2375151,2508_144,-33.80891036987305,151.17848205566406,204.0,46.8,-42,-0.7,True
2026-10-10T18:30:00+11:00,2740905,7016_7T4,-33.9329948425293,151.15325927734375,212.0,38.5,166,2.77,True
2026-10-10T18:30:00+11:00,2620109,2459_530,-33.81960678100586,151.15103149414062,193.0,0.0,64,1.07,True
2026-10-10T18:30:00+11:00,2038911,2459_440,-33.884002685546875,151.15719604492188,173.0,22.7,113,1.88,True
2026-10-10T18:30:00+11:00,2284505,2459_437,-33.86921691894531,151.13009643554688,253.0,0.0,0,0.0,True
2026-10-10T18:30:00+11:00,2289750,2459_423,-33.88313293457031,151.2035675048828,44.0,0.0,624,10.4,False
2026-10-10T18:30:00+11:00,2686114,2459_423,-33.892459869384766,151.1870880126953,247.0,0.0,-146,-2.43,False
2026-10-10T18:30:00+11:00,2288007,2459_433,-33.880985260009766,151.20655822753906,206.0,23.8,0,0.0,True
2026-10-10T18:30:00+11:00,2289714,2459_418,-33.89548110961914,151.12757873535156,4.0,24.5,779,12.98,False
2026-10-10T18:30:00+11:00,2280436,7083_SW3,-33.912574768066406,151.11851501464844,230.0,18.7,73,1.22,True
2026-10-10T18:30:00+11:00,2289890,2459_438X,-33.87128829956055,151.13204956054688,164.0,39.2,-12,-0.2,True
2026-10-10T18:30:00+11:00,2736969,2459_428,-33.86672592163086,151.21072387695312,5.0,0.0,365,6.08,False
2026-10-10T18:30:00+11:00,2283164,2459_426,-33.905738830566406,151.12762451171875,38.0,40.7,65,1.08,True
2026-10-10T18:30:00+11:00,2740649,7066_28T4,-33.8948860168457,151.2069549560547,10.0,19.8,0,0.0,True
2026-10-10T18:30:00+11:00,2636716,2459_504,-33.8633918762207,151.16928100585938,307.0,46.8,17,0.28,True
2026-10-10T18:30:00+11:00,2373700,2508_B1,-33.826717376708984,151.23214721679688,220.0,53.3,179,2.98,True
2026-10-10T18:30:00+11:00,2737112,2459_445,-33.89645004272461,151.15365600585938,255.0,23.4,48,0.8,True
2026-10-10T18:30:00+11:00,2288773,2459_437,-33.87770080566406,151.15640258789062,170.0,8.6,-60,-1.0,False
2026-10-10T18:30:00+11:00,2290851,2459_470,-33.875545501708984,151.16004943847656,293.0,18.4,0,0.0,True
2026-10-10T18:30:00+11:00,2283679,2459_428,-33.88410568237305,151.19923400878906,88.0,45.4,-353,-5.88,False
2026-10-10T18:30:00+11:00,2596585,2459_492,-33.88038635253906,151.1051788330078,100.0,25.6,532,8.87,False
2026-10-10T18:30:00+11:00,2290520,2459_441,-33.86833190917969,151.1826171875,287.0,58.7,-159,-2.65,False
2026-10-10T18:30:00+11:00,2558890,7083_SW1,-33.90712356567383,151.1285400390625,126.0,21.6,-160,-2.67,False
2026-10-10T18:30:00+11:00,2290453,2459_502,-33.8625602722168,151.11141967773438,26.0,60.1,55,0.92,True
2026-10-10T18:30:00+11:00,2415919,2508_B1,-33.82442855834961,151.2407989501953,83.0,0.0,118,1.97,True
2026-10-10T18:30:00+11:00,2285751,2459_422,-33.90169906616211,151.17893981933594,342.0,20.5,-54,-0.9,True
2026-10-10T18:30:00+11:00,2349673,2459_418,-33.888328552246094,151.12420654296875,122.0,21.2,412,6.87,False
2026-10-10T18:30:00+11:00,2718860,2514_283,-33.79155731201172,151.19813537597656,70.0,25.9,134,2.23,True
2026-10-10T18:30:00+11:00,1905137,2459_461X,-33.88364028930664,151.20339965820312,226.0,0.0,449,7.48,False
2026-10-10T18:30:00+11:00,2736935,2459_308,-33.90861511230469,151.17201232910156,268.0,0.0,0,0.0,True
2026-10-10T18:30:00+11:00,1904156,2459_461X,-33.873966217041016,151.2140655517578,281.0,0.0,75,1.25,True
2026-10-10T18:30:00+11:00,2596647,2459_490,-33.87086868286133,151.1289520263672,217.0,30.6,345,5.75,True
2026-10-10T18:30:00+11:00,2283680,2459_423,-33.91948318481445,151.14503479003906,33.0,35.3,-6,-0.1,True
2026-10-10T18:30:00+11:00,2210727,2459_413,-33.883731842041016,151.2030792236328,232.0,17.3,-39,-0.65,True
2026-10-10T18:30:00+11:00,2596524,2459_492,-33.85112762451172,151.1543426513672,53.0,0.0,814,13.57,False
2026-10-10T18:30:00+11:00,2373803,2508_144,-33.82253646850586,151.24365234375,27.0,46.1,-1,-0.02,True
2026-10-10T18:30:00+11:00,2668171,2459_420,-33.92678451538086,151.1879119873047,149.0,18.4,-45,-0.75,True
2026-10-10T18:30:00+11:00,2374824,2508_100,-33.82855224609375,151.22946166992188,239.0,1.4,305,5.08,True
2026-10-10T18:30:00+11:00,2284282,2459_431,-33.87836456298828,151.18589782714844,148.0,0.4,-4,-0.07,True
2026-10-10T18:30:00+11:00,2284587,2459_437,-33.87089538574219,151.2057647705078,85.0,0.0,0,0.0,True
2026-10-10T18:30:00+11:00,2210836,2459_415,-33.87638854980469,151.10391235351562,9.0,0.0,255,4.25,True
2026-10-10T18:30:00+11:00,2308846,2459_445,-33.872535705566406,151.155517578125,32.0,0.0,541,9.02,False
2026-10-10T18:30:00+11:00,1960144,2459_413,-33.894996643066406,151.1248779296875,90.0,0.0,-54,-0.9,True
2026-10-10T18:30:00+11:00,2713969,2508_114,-33.82430648803711,151.2508544921875,351.0,0.7,0,0.0,True
2026-10-10T18:30:00+11:00,2554020,2459_358,-33.92060470581055,151.1880340576172,11.0,0.0,-125,-2.08,False
2026-10-10T18:30:00+11:00,2284726,2459_442,-33.8682975769043,151.17626953125,159.0,0.0,-214,-3.57,False
2026-10-10T18:30:00+11:00,2737127,2459_428,-33.896827697753906,151.14923095703125,286.0,43.2,190,3.17,True
2026-10-10T18:30:00+11:00,2620101,2459_530,-33.872440338134766,151.1045684814453,191.0,0.0,-51,-0.85,True
2026-10-10T18:30:00+11:00,2596508,2459_491,-33.89101791381836,151.12547302246094,3.0,39.6,-217,-3.62,False
2026-10-10T18:30:00+11:00,2287513,2459_426,-33.91145324707031,151.16085815429688,214.0,38.2,159,2.65,True
2026-10-10T18:30:00+11:00,2682918,7083_SW1,-33.91410446166992,151.16635131835938,236.0,0.0,-244,-4.07,False
2026-10-10T18:30:00+11:00,2415870,2508_B1,-33.845279693603516,151.2118682861328,342.0,59.0,-22,-0.37,True
2026-10-10T18:30:00+11:00,2287238,2459_426,-33.88414764404297,151.19712829589844,88.0,36.0,151,2.52,True
2026-10-10T18:30:00+11:00,2088371,2508_160X,-33.79669189453125,151.18081665039062,187.0,0.0,0,0.0,True
2026-10-10T18:30:00+11:00,2420998,2508_230,-33.842411041259766,151.20542907714844,213.0,0.0,35,0.58,True
2026-10-10T18:30:00+11:00,2286431,2459_470,-33.88014221191406,151.2073516845703,283.0,0.0,324,5.4,True
2026-10-10T18:30:00+11:00,2636681,2459_504,-33.85492706298828,151.1348876953125,80.0,46.4,-59,-0.98,True
2026-10-10T18:30:00+11:00,2737125,2459_428,-33.88377380371094,151.20306396484375,227.0,0.4,-70,-1.17,False
2026-10-10T18:30:00+11:00,2287431,2459_433,-33.88031768798828,151.17994689941406,72.0,19.4,-171,-2.85,False
2026-10-10T18:30:00+11:00,2287371,2459_440,-33.87799072265625,151.15614318847656,354.0,25.9,483,8.05,False
2026-10-10T18:30:00+11:00,2719270,2514_141,-33.79275131225586,151.2433319091797,101.0,49.3,114,1.9,True
2026-10-10T18:30:00+11:00,2596620,2459_491,-33.917320251464844,151.11959838867188,127.0,7.2,290,4.83,True
2026-10-10T18:30:00+11:00,2609038,2459_430,-33.880802154541016,151.20664978027344,200.0,23.0,-78,-1.3,False
2026-10-10T18:30:00+11:00,2286576,2459_442,-33.857051849365234,151.1778564453125,10.0,0.0,-122,-2.03,False
2026-10-10T18:30:00+11:00,1962446,2459_412,-33.922359466552734,151.12782287597656,99.0,32.8,-239,-3.98,False
2026-10-10T18:30:00+11:00,2713916,2508_144,-33.82986068725586,151.21450805664062,269.0,0.0,55,0.92,True
2026-10-10T18:30:00+11:00,2287944,2459_389,-33.88814926147461,151.2383270263672,261.0,25.6,233,3.88,True
2026-10-10T18:30:00+11:00,2211205,2459_406,-33.88684844970703,151.12599182128906,299.0,4.3,51,0.85,True
2026-10-10T18:30:00+11:00,2740669,7066_28T4,-33.939395904541016,151.14413452148438,260.0,46.1,222,3.7,True
2026-10-10T18:30:00+11:00,2285387,2459_433,-33.861480712890625,151.17137145996094,25.0,13.7,292,4.87,True
2026-10-10T18:30:00+11:00,2710020,2504_610X,-33.86829376220703,151.2059783935547,174.0,0.0,0,0.0,True
2026-10-10T18:30:00+11:00,2579076,7084_SW2,-33.91007614135742,151.17068481445312,234.0,0.0,-423,-7.05,False
2026-10-10T18:30:00+11:00,2741491,700015_3AT4,-33.93706130981445,151.1969757080078,66.0,79.6,-365,-6.08,False
2026-10-10T18:30:00+11:00,2415982,2508_B1,-33.866214752197266,151.20574951171875,175.0,19.1,0,0.0,True
2026-10-10T18:30:00+11:00,2484400,2459_483,-33.88795471191406,151.15911865234375,253.0,33.8,134,2.23,True
2026-10-10T18:30:00+11:00,2287127,2459_422,-33.893348693847656,151.1834716796875,161.0,0.0,534,8.9,False
2026-10-10T18:30:00+11:00,2714015,2508_144,-33.82797622680664,151.20199584960938,281.0,0.0,262,4.37,True
2026-10-10T18:30:00+11:00,2618669,2459_422,-33.88428497314453,151.19808959960938,269.0,31.3,56,0.93,True
2026-10-10T18:30:00+11:00,2210528,2459_464,-33.84172058105469,151.1075439453125,344.0,36.7,-292,-4.87,False
2026-10-10T18:30:00+11:00,2530021,7084_SW2,-33.914798736572266,151.1649169921875,43.0,0.0,0,0.0,True
2026-10-10T18:30:00+11:00,2389390,2508_173X,-33.85376739501953,151.20999145507812,209.0,64.8,9,0.15,True
2026-10-10T18:30:00+11:00,2287882,2459_418,-33.90494918823242,151.13804626464844,250.0,19.8,301,5.02,True
2026-10-10T18:30:00+11:00,2530217,7084_SW2,-33.91410446166992,151.16627502441406,216.0,19.8,686,11.43,False
2026-10-10T18:30:00+11:00,2415922,2508_B1,-33.806861877441406,151.2466278076172,349.0,18.0,106,1.77,True
2026-10-10T18:30:00+11:00,2741170,7016_7T4,-33.9393196105957,151.14767456054688,213.0,37.4,304,5.07,True
2026-10-10T18:30:00+11:00,2211313,2459_464,-33.871917724609375,151.10476684570312,189.0,0.0,114,1.9,True
2026-10-10T18:30:00+11:00,2220650,2459_412,-33.8657112121582,151.21022033691406,215.0,0.0,0,0.0,True
2026-10-10T18:30:00+11:00,2554405,2459_358,-33.91542053222656,151.23988342285156,271.0,23.8,-62,-1.03,False
2026-10-10T18:30:00+11:00,2376044,2508_100,-33.83049392700195,151.21974182128906,115.0,36.4,-238,-3.97,False
2026-10-10T18:30:00+11:00,2309675,7083_SW3,-33.903594970703125,151.15541076660156,142.0,35.6,147,2.45,True
2026-10-10T18:30:00+11:00,2579071,7084_SW2,-33.90321731567383,151.15505981445312,141.0,37.1,418,6.97,False
2026-10-10T18:30:00+11:00,2686120,2459_423,-33.87101364135742,151.210205078125,186.0,31.3,120,2.0,True
2026-10-10T18:30:00+11:00,2308804,2459_445,-33.903770446777344,151.1410369873047,65.0,36.4,186,3.1,True
2026-10-10T18:30:00+11:00,2284140,2459_440,-33.8908805847168,151.2484588623047,97.0,0.0,0,0.0,True
2026-10-10T18:30:00+11:00,2393243,2508_114,-33.82878112792969,151.2086639404297,100.0,0.0,65,1.08,True
2026-10-10T18:30:00+11:00,2286312,2459_348,-33.90702438354492,151.18287658691406,264.0,33.8,44,0.73,True
2026-10-10T18:30:00+11:00,2287012,2459_428,-33.910240173339844,151.11753845214844,69.0,5.4,11,0.18,True
2026-10-10T18:30:00+11:00,2424297,2508_230,-33.83462142944336,151.20762634277344,7.0,32.0,164,2.73,True
2026-10-10T18:30:00+11:00,2738803,7063_13T4,-33.9305305480957,151.15162658691406,24.0,4.3,459,7.65,False
2026-10-10T18:30:00+11:00,2376226,2508_172X,-33.82508087158203,151.234130859375,239.0,51.5,195,3.25,True
2026-10-10T18:30:00+11:00,2375776,2508_144,-33.80743408203125,151.2467041015625,4.0,21.2,245,4.08,True
2026-10-10T18:30:00+11:00,2636637,2459_504,-33.87369918823242,151.21238708496094,101.0,36.0,-130,-2.17,False
2026-10-10T18:30:00+11:00,2740882,7016_7T4,-33.9154052734375,151.16558837890625,29.0,7.9,0,0.0,True
2026-10-10T18:30:00+11:00,1973713,2508_162,-33.79684066772461,151.2666015625,92.0,27.0,106,1.77,True
2026-10-10T18:30:00+11:00,2284364,2459_348,-33.911685943603516,151.1981658935547,111.0,39.2,-69,-1.15,False
2026-10-10T18:30:00+11:00,2285522,2459_431,-33.88081359863281,151.2066650390625,203.0,8.3,239,3.98,True
2026-10-10T18:30:00+11:00,2286186,2459_438X,-33.88037109375,151.20680236816406,12.0,0.0,98,1.63,True
2026-10-10T18:30:00+11:00,2529837,7084_SW2,-33.90998077392578,151.15518188476562,298.0,28.4,233,3.88,True
2026-10-10T18:30:00+11:00,2288255,2459_426,-33.88759231567383,151.19326782226562,220.0,0.0,47,0.78,True
2026-10-10T18:30:00+11:00,2741413,700015_3AT4,-33.89520263671875,151.21612548828125,12.0,5.4,-650,-10.83,False
2026-10-10T18:30:00+11:00,2415959,2508_B1,-33.86604309082031,151.20635986328125,5.0,0.0,0,0.0,True
2026-10-10T18:30:00+11:00,2373697,2508_144,-33.79666519165039,151.1804962158203,179.0,0.0,0,0.0,True
2026-10-10T18:30:00+11:00,2719462,2514_194,-33.78449630737305,151.20037841796875,132.0,42.5,191,3.18,True
2026-10-10T18:30:00+11:00,2736988,2459_308,-33.891780853271484,151.2007598876953,139.0,0.0,356,5.93,True
2026-10-10T18:30:00+11:00,2284976,2459_428,-33.89692687988281,151.14993286132812,108.0,0.0,37,0.62,True
2026-10-10T18:30:00+11:00,2683102,7083_SW1,-33.91402053833008,151.16285705566406,314.0,39.2,102,1.7,True
2026-10-10T18:30:00+11:00,2739258,7057_26T4,-33.9417839050293,151.19244384765625,13.0,66.6,-506,-8.43,False
2026-10-10T18:30:00+11:00,2290276,2459_423,-33.88719940185547,151.19351196289062,32.0,27.0,128,2.13,True
2026-10-10T18:30:00+11:00,2373964,2508_144,-33.82893753051758,151.20835876464844,100.0,0.0,189,3.15,True
2026-10-10T18:30:00+11:00,2289500,2459_438X,-33.88376235961914,151.1568603515625,86.0,12.6,63,1.05,True
2026-10-10T18:30:00+11:00,2289079,2459_440,-33.89080047607422,151.23751831054688,263.0,52.9,-172,-2.87,False
2026-10-10T18:30:00+11:00,2375837,2508_100,-33.84196090698242,151.24365234375,353.0,0.0,0,0.0,True
2026-10-10T18:30:00+11:00,2636576,2459_504,-33.87104034423828,151.21438598632812,322.0,0.0,73,1.22,True
2026-10-10T18:30:00+11:00,2285894,2459_348,-33.92085647583008,151.23696899414062,99.0,0.0,0,0.0,True
2026-10-10T18:30:00+11:00,2718901,2514_270,-33.85567855834961,151.20863342285156,208.0,60.8,-229,-3.82,False
2026-10-10T18:30:00+11:00,2283295,2459_422,-33.88456344604492,151.19192504882812,81.0,0.0,230,3.83,True
2026-10-10T18:30:00+11:00,2286842,2459_303,-33.93593215942383,151.19309997558594,233.0,0.0,431,7.18,False
2026-10-10T18:30:00+11:00,2686180,2459_423,-33.89958953857422,151.1708221435547,215.0,28.1,318,5.3,True
2026-10-10T18:30:00+11:00,2377266,2508_100,-33.82823944091797,151.2303009033203,241.0,23.8,-134,-2.23,False
2026-10-10T18:30:00+11:00,2668174,2459_420,-33.934417724609375,151.1627960205078,355.0,49.0,474,7.9,False
2026-10-10T18:30:00+11:00,2713950,2508_114,-33.82173538208008,151.2499542236328,278.0,23.4,0,0.0,True
2026-10-10T18:30:00+11:00,2375616,2508_B1,-33.80125045776367,151.24644470214844,198.0,0.0,346,5.77,True
2026-10-10T18:30:00+11:00,2286472,2459_438X,-33.88446807861328,151.1420440673828,260.0,16.6,172,2.87,True
2026-10-10T18:30:00+11:00,2713912,2508_144,-33.80115509033203,151.17962646484375,356.0,53.6,0,0.0,True
2026-10-10T18:30:00+11:00,2284873,2459_442,-33.857723236083984,151.19161987304688,259.0,40.3,-63,-1.05,False
2026-10-10T18:30:00+11:00,2211356,2459_464,-33.865840911865234,151.10597229003906,9.0,24.1,-316,-5.27,False
2026-10-10T18:30:00+11:00,2283780,2459_437,-33.87259292602539,151.15541076660156,20.0,0.0,-60,-1.0,False
2026-10-10T18:30:00+11:00,2741402,700015_3AT4,-33.90808868408203,151.2134246826172,189.0,48.6,202,3.37,True
2026-10-10T18:30:00+11:00,2211284,2459_413,-33.89982986450195,151.11312866210938,306.0,34.6,-190,-3.17,False
2026-10-10T18:30:00+11:00,2284014,2459_470,-33.87445068359375,151.16465759277344,333.0,0.0,-63,-1.05,False
2026-10-10T18:30:00+11:00,2740859,7016_7T4,-33.91542053222656,151.1654815673828,53.0,0.0,7,0.12,True
2026-10-10T18:30:00+11:00,2515311,2459_410,-33.86670684814453,151.105712890625,10.0,40.0,812,13.53,False
2026-10-10T18:30:00+11:00,2290801,2459_440,-33.884037017822266,151.2025909423828,251.0,0.0,127,2.12,True
2026-10-10T18:30:00+11:00,2475911,2459_530,-33.853675842285156,151.15052795410156,52.0,50.8,-120,-2.0,False
2026-10-10T18:30:00+11:00,2287005,2459_469,-33.885719299316406,151.1495361328125,81.0,0.0,23,0.38,True
2026-10-10T18:30:00+11:00,2554206,2459_358,-33.924503326416016,151.21434020996094,283.0,52.2,313,5.22,True
2026-10-10T18:30:00+11:00,2636666,2459_504,-33.84822082519531,151.14085388183594,54.0,27.0,-127,-2.12,False
2026-10-10T18:30:00+11:00,2740726,7066_28T4,-33.901344299316406,151.2019805908203,254.0,21.2,0,0.0,True
2026-10-10T18:30:00+11:00,2374971,2508_100,-33.82439041137695,151.2354278564453,76.0,50.4,-185,-3.08,False
2026-10-10T18:30:00+11:00,2037620,2459_412,-33.88436508178711,151.1975860595703,267.0,0.0,353,5.88,True
2026-10-10T18:30:00+11:00,2377509,2508_111,-33.833370208740234,151.25653076171875,54.0,40.3,48,0.8,True
2026-10-10T18:30:00+11:00,2415876,2508_B1,-33.80654525756836,151.24656677246094,348.0,16.2,383,6.38,False
2026-10-10T18:30:00+11:00,2740871,7016_7T4,-33.937339782714844,151.14927673339844,212.0,17.3,-127,-2.12,False
2026-10-10T18:30:00+11:00,2284410,2459_438X,-33.88257598876953,151.2042999267578,195.0,0.0,851,14.18,False
2026-10-10T18:30:00+11:00,2289459,2459_433,-33.88262939453125,151.1905059814453,131.0,37.8,43,0.72,True
2026-10-10T18:30:00+11:00,2589870,2508_280,-33.784156799316406,151.19021606445312,251.0,32.8,59,0.98,True
2026-10-10T18:30:00+11:00,2474892,2459_389,-33.86947250366211,151.19789123535156,357.0,0.0,55,0.92,True
2026-10-10T18:30:00+11:00,2286521,2459_470,-33.88336944580078,151.20338439941406,45.0,0.0,-129,-2.15,False
2026-10-10T18:30:00+11:00,2375585,2508_173X,-33.80722427368164,151.2467803955078,356.0,21.2,780,13.0,False
2026-10-10T18:30:00+11:00,2710210,2504_607X,-33.868465423583984,151.2052459716797,354.0,19.1,60,1.0,True
2026-10-10T18:30:00+11:00,2558821,7083_SW1,-33.909793853759766,151.1359100341797,87.0,32.4,-8,-0.13,True
2026-10-10T18:30:00+11:00,2719378,2514_277,-33.782615661621094,151.1943817138672,69.0,47.2,696,11.6,False
2026-10-10T18:30:00+11:00,2550621,2508_263,-33.83851623535156,151.21385192871094,5.0,15.8,-46,-0.77,True
2026-10-10T18:30:00+11:00,1904522,2459_461X,-33.87977600097656,151.1315155029297,331.0,42.5,34,0.57,True
2026-10-10T18:30:00+11:00,2374723,2508_100,-33.828834533691406,151.24415588378906,175.0,0.0,-81,-1.35,False
2026-10-10T18:30:00+11:00,2713952,2508_144,-33.79399490356445,151.26258850097656,100.0,0.0,0,0.0,True
2026-10-10T18:30:00+11:00,2286927,2459_469,-33.88578414916992,151.14913940429688,79.0,0.0,0,0.0,True
2026-10-10T18:30:00+11:00,2349500,2459_418,-33.87443161010742,151.1075439453125,19.0,8.6,4,0.07,True
2026-10-10T18:30:00+11:00,2705497,2504_610X,-33.84173583984375,151.21096801757812,170.0,60.5,-358,-5.97,False
2026-10-10T18:30:00+11:00,2283138,2459_438X,-33.865055084228516,151.20974731445312,224.0,0.0,154,2.57,True
2026-10-10T18:30:00+11:00,2037080,2459_440,-33.884010314941406,151.20120239257812,86.0,22.3,-107,-1.78,False
2026-10-10T18:30:00+11:00,2289613,2459_440,-33.87913131713867,151.21505737304688,315.0,27.0,56,0.93,True
2026-10-10T18:30:00+11:00,2289556,2459_433,-33.87992858886719,151.18702697753906,325.0,0.0,-53,-0.88,True
2026-10-10T18:30:00+11:00,2284414,2459_442,-33.860435485839844,151.1771697998047,12.0,28.1,606,10.1,False
2026-10-10T18:30:00+11:00,2377492,2508_173X,-33.829532623291016,151.2136993408203,100.0,0.0,261,4.35,True
2026-10-10T18:30:00+11:00,2737149,2459_428,-33.89382553100586,151.18319702148438,222.0,0.0,170,2.83,True
2026-10-10T18:30:00+11:00,2713919,2508_144,-33.82278823852539,151.24365234375,209.0,45.7,254,4.23,True
2026-10-10T18:30:00+11:00,2741363,700015_3AT4,-33.8856201171875,151.2181854248047,190.0,27.7,-120,-2.0,False
2026-10-10T18:30:00+11:00,2475864,2459_530,-33.79631805419922,151.17794799804688,2.0,0.0,-21,-0.35,True
2026-10-10T18:30:00+11:00,2719223,2514_194,-33.86841583251953,151.20599365234375,173.0,0.0,293,4.88,True
2026-10-10T18:30:00+11:00,2285053,2459_426,-33.90019607543945,151.17051696777344,24.0,0.0,-56,-0.93,True
2026-10-10T18:30:00+11:00,2484377,2459_483,-33.87957763671875,151.20814514160156,102.0,0.0,0,0.0,True
2026-10-10T18:30:00+11:00,2660232,2459_320,-33.885887145996094,151.20301818847656,161.0,0.0,0,0.0,True
2026-10-10T18:30:00+11:00,2377610,2508_144,-33.81413269042969,151.17742919921875,130.0,0.0,355,5.92,True
2026-10-10T18:30:00+11:00,2287567,2459_438X,-33.88448715209961,151.19308471679688,80.0,41.0,-100,-1.67,False
2026-10-10T18:30:00+11:00,2707320,2504_610X,-33.838470458984375,151.21046447753906,9.0,56.2,213,3.55,True
2026-10-10T18:30:00+11:00,2596610,2459_492,-33.87506866455078,151.10585021972656,99.0,36.7,137,2.28,True
2026-10-10T18:30:00+11:00,2280191,7083_SW3,-33.91299819946289,151.1614227294922,309.0,46.4,36,0.6,True
2026-10-10T18:30:00+11:00,2660122,2459_320,-33.90409469604492,151.20956420898438,205.0,28.4,281,4.68,True
2026-10-10T18:30:00+11:00,2290885,2459_438X,-33.84488296508789,151.1284942626953,2.0,0.0,0,0.0,True
2026-10-10T18:30:00+11:00,2474853,2459_389,-33.87385559082031,151.21337890625,102.0,40.0,124,2.07,True
2026-10-10T18:30:00+11:00,2636727,2459_415,-33.87494659423828,151.1040802001953,197.0,0.0,179,2.98,True
2026-10-10T18:30:00+11:00,2283099,2459_389,-33.87308120727539,151.2078094482422,277.0,0.0,416,6.93,False
2026-10-10T18:30:00+11:00,1904014,2459_461X,-33.87716293334961,151.2094268798828,6.0,0.0,-558,-9.3,False
2026-10-10T18:30:00+11:00,2288277,2459_440,-33.885189056396484,151.18438720703125,259.0,36.4,627,10.45,False
2026-10-10T18:30:00+11:00,2036868,2459_440,-33.883785247802734,151.2220916748047,107.0,15.8,-360,-6.0,False
2026-10-10T18:30:00+11:00,1904221,2459_461X,-33.87844467163086,151.1308135986328,151.0,0.0,123,2.05,True
2026-10-10T18:30:00+11:00,2420741,2508_238,-33.84575271606445,151.23968505859375,356.0,3.6,55,0.92,True
2026-10-10T18:30:00+11:00,2739191,7057_26T4,-33.906978607177734,151.21360778808594,190.0,36.7,643,10.72,False
2026-10-10T18:30:00+11:00,1961838,2459_412,-33.89128112792969,151.1702423095703,77.0,0.0,198,3.3,True
2026-10-10T18:30:00+11:00,2376532,2508_100,-33.8674430847168,151.2058868408203,173.0,15.5,-227,-3.78,False
2026-10-10T18:30:00+11:00,2707827,2504_607X,-33.840850830078125,151.21084594726562,178.0,74.9,-50,-0.83,True
2026-10-10T18:30:00+11:00,2718967,2514_271,-33.802677154541016,151.20599365234375,7.0,32.4,-13,-0.22,True
2026-10-10T18:30:00+11:00,2713966,2508_114,-33.82829666137695,151.2044677734375,281.0,38.2,66,1.1,True
2026-10-10T18:30:00+11:00,2284230,2459_423,-33.899658203125,151.1708526611328,24.0,22.0,56,0.93,True
2026-10-10T18:30:00+11:00,2579178,7084_SW2,-33.901329040527344,151.15325927734375,113.0,9.7,-2,-0.03,True
2026-10-10T18:30:00+11:00,1911988,2459_483,-33.88452911376953,151.1920928955078,85.0,11.5,-187,-3.12,False
2026-10-10T18:30:00+11:00,2290543,2459_418,-33.915321350097656,151.16567993164062,55.0,0.0,22,0.37,True
2026-10-10T18:30:00+11:00,2713956,2508_144,-33.801910400390625,151.24623107910156,186.0,0.0,64,1.07,True
2026-10-10T18:30:00+11:00,2290077,2459_433,-33.869361877441406,151.17591857910156,60.0,0.0,-48,-0.8,True
2026-10-10T18:30:00+11:00,2290869,2459_433,-33.85803985595703,151.1830291748047,287.0,0.0,296,4.93,True
2026-10-10T18:30:00+11:00,2288892,2459_438X,-33.87109375,151.21017456054688,7.0,11.9,52,0.87,True
2026-10-10T18:30:00+11:00,2740652,7066_28T4,-33.882057189941406,151.2067413330078,123.0,2.9,176,2.93,True
2026-10-10T18:30:00+11:00,2739245,7057_26T4,-33.8803825378418,151.20697021484375,189.0,25.9,0,0.0,True
2026-10-10T18:30:00+11:00,2211303,2459_466,-33.866432189941406,151.10586547851562,189.0,27.4,244,4.07,True
2026-10-10T18:30:00+11:00,2475291,2459_389,-33.891685485839844,151.24703979492188,107.0,0.0,188,3.13,True
2026-10-10T18:30:00+11:00,2284821,2459_433,-33.88014221191406,151.2086639404297,188.0,0.0,0,0.0,True
2026-10-10T18:30:00+11:00,2739233,7057_26T4,-33.88665771484375,151.20663452148438,8.0,0.0,0,0.0,True
2026-10-10T18:30:00+11:00,2420886,2508_225,-33.84021759033203,151.22109985351562,215.0,12.2,113,1.88,True
2026-10-10T18:30:00+11:00,2415914,2508_B1,-33.86635208129883,151.20632934570312,5.0,0.0,4,0.07,True
2026-10-10T18:30:00+11:00,2389371,2508_173X,-33.80012512207031,151.24822998046875,251.0,52.9,-21,-0.35,True
2026-10-10T18:30:00+11:00,2596633,2459_490,-33.8719367980957,151.12762451171875,23.0,33.1,463,7.72,False
2026-10-10T18:30:00+11:00,2740841,7016_7T4,-33.93916702270508,151.1477508544922,34.0,16.2,245,4.08,True
2026-10-10T18:30:00+11:00,2415917,2508_B1,-33.829219818115234,151.2280731201172,41.0,41.8,-48,-0.8,True
2026-10-10T18:30:00+11:00,2682938,7083_SW1,-33.910545349121094,151.12159729003906,231.0,47.2,39,0.65,True
2026-10-10T18:30:00+11:00,2608986,2459_430,-33.90385818481445,151.1685333251953,204.0,0.0,-2,-0.03,True
2026-10-10T18:30:00+11:00,2289473,2459_442,-33.87267303466797,151.2064971923828,175.0,0.0,-95,-1.58,False
2026-10-10T18:30:00+11:00,2284889,2459_470,-33.86628723144531,151.21038818359375,102.0,0.0,27,0.45,True
2026-10-10T18:30:00+11:00,2609043,2459_430,-33.91563034057617,151.1654815673828,8.0,0.0,40,0.67,True
2026-10-10T18:30:00+11:00,2349422,2459_418,-33.91298294067383,151.16554260253906,38.0,42.1,190,3.17,True
2026-10-10T18:30:00+11:00,2579085,7084_SW2,-33.904151916503906,151.14328002929688,139.0,17.3,1796,29.93,False
2026-10-10T18:30:00+11:00,2681997,2507_202,-33.863468170166016,151.2107696533203,264.0,12.6,16,0.27,True
2026-10-10T18:30:00+11:00,2643948,2507_120,-33.851654052734375,151.2111358642578,208.0,66.6,194,3.23,True
2026-10-10T18:30:00+11:00,2643082,2507_120,-33.79362869262695,151.18727111816406,256.0,25.6,-131,-2.18,False
2026-10-10T18:30:00+11:00,2643151,2507_52,-33.839351654052734,151.1449737548828,314.0,60.1,218,3.63,True
2026-10-10T18:30:00+11:00,2644113,2507_501,-33.87176513671875,151.1931610107422,146.0,0.0,82,1.37,True
2026-10-10T18:30:00+11:00,2322482,2507_506,-33.819366455078125,151.12930297851562,300.0,29.9,-7,-0.12,True
2026-10-10T18:30:00+11:00,2672529,2507_115,-33.792640686035156,151.1956329345703,159.0,13.7,205,3.42,True
2026-10-10T18:30:00+11:00,2620681,2507_252,-33.83317184448242,151.20452880859375,339.0,53.6,136,2.27,True
2026-10-10T18:30:00+11:00,2643911,2507_120,-33.87037658691406,151.2062225341797,174.0,0.0,235,3.92,True
2026-10-10T18:30:00+11:00,2620582,2507_288,-33.864013671875,151.20545959472656,200.0,7.2,-150,-2.5,False
2026-10-10T18:30:00+11:00,2681976,2507_267,-33.79563522338867,151.18264770507812,71.0,0.0,138,2.3,True
2026-10-10T18:30:00+11:00,2644230,2507_52,-33.87343978881836,151.21078491210938,114.0,2.9,0,0.0,True
2026-10-10T18:30:00+11:00,2226658,2507_288,-33.806461334228516,151.15347290039062,317.0,0.0,108,1.8,True
2026-10-10T18:30:00+11:00,2672514,2507_115,-33.792869567871094,151.1956787109375,339.0,8.3,-243,-4.05,False
2026-10-10T18:30:00+11:00,2643897,2507_501,-33.88078689575195,151.2066192626953,15.0,18.4,0,0.0,True
2026-10-10T18:30:00+11:00,2672338,2507_267,-33.826934814453125,151.2020721435547,3.0,5.0,169,2.82,True
2026-10-10T18:30:00+11:00,2642986,2507_52,-33.856571197509766,151.15980529785156,141.0,0.0,242,4.03,True
2026-10-10T18:30:00+11:00,2672531,2507_115,-33.79620361328125,151.18075561523438,189.0,0.0,0,0.0,True
2026-10-10T18:30:00+11:00,2744680,2507_292,-33.803897857666016,151.15187072753906,99.0,8.3,189,3.15,True
2026-10-10T18:30:00+11:00,2538204,2507_506,-33.79568862915039,151.17640686035156,273.0,46.1,0,0.0,True
2026-10-10T18:30:00+11:00,2644565,2507_120,-33.80723190307617,151.19935607910156,178.0,33.5,80,1.33,True
2026-10-10T18:30:00+11:00,2744734,2507_292,-33.82699966430664,151.2135772705078,333.0,74.5,2,0.03,True
2026-10-10T18:30:00+11:00,2644149,2507_501,-33.8701286315918,151.19288635253906,65.0,36.4,-19,-0.32,True
2026-10-10T18:30:00+11:00,2226319,2507_265,-33.824440002441406,151.18783569335938,355.0,0.0,121,2.02,True
2026-10-10T18:30:00+11:00,2643372,2507_501,-33.880859375,151.20664978027344,201.0,22.3,0,0.0,True
2026-10-10T18:30:00+11:00,2620879,2507_252,-33.820518493652344,151.13818359375,300.0,32.0,185,3.08,True
2026-10-10T18:30:00+11:00,2643539,2507_501,-33.85325622558594,151.1565399169922,322.0,47.5,402,6.7,False
2026-10-10T18:30:00+11:00,2672521,2507_115,-33.841094970703125,151.2084503173828,250.0,14.4,-191,-3.18,False
2026-10-10T18:30:00+11:00,2682009,2507_208,-33.81190490722656,151.21815490722656,106.0,25.2,-102,-1.7,False
2026-10-10T18:30:00+11:00,2226542,2507_288,-33.865718841552734,151.2032928466797,173.0,0.0,0,0.0,True
2026-10-10T18:30:00+11:00,2407893,2507_252,-33.814857482910156,151.15516662597656,101.0,0.0,-3,-0.05,True
2026-10-10T18:30:00+11:00,2644755,2507_52,-33.86880874633789,151.17710876464844,244.0,49.3,252,4.2,True
2026-10-10T18:30:00+11:00,2644071,2507_501,-33.83974838256836,151.13841247558594,76.0,56.9,182,3.03,True
2026-10-10T18:30:00+11:00,2557251,2507_291,-33.84880828857422,151.20611572265625,218.0,0.0,0,0.0,True
2026-10-10T18:30:00+11:00,2642831,2507_52,-33.87338638305664,151.2104949951172,288.0,6.1,0,0.0,True
2026-10-10T18:30:00+11:00,2732108,2507_507,-33.82881164550781,151.1193389892578,129.0,35.3,48,0.8,True
2026-10-10T18:30:00+11:00,2581622,2507_538,-33.82611083984375,151.13780212402344,33.0,29.9,-16,-0.27,True
2026-10-10T18:30:00+11:00,2744569,2507_292,-33.866050720214844,151.2033233642578,176.0,0.0,0,0.0,True
2026-10-10T18:30:00+11:00,2681896,2507_208,-33.82722854614258,151.20925903320312,14.0,22.0,309,5.15,True
2026-10-10T18:30:00+11:00,2731480,2507_507,-33.830081939697266,151.1206512451172,317.0,24.1,305,5.08,True
2026-10-10T18:30:00+11:00,2644626,2507_120,-33.79560470581055,151.18301391601562,156.0,18.7,237,3.95,True
2026-10-10T18:30:00+11:00,2732012,2507_291,-33.816741943359375,151.17926025390625,135.0,52.9,184,3.07,True
2026-10-10T18:30:00+11:00,2643478,2507_52,-33.826454162597656,151.12632751464844,172.0,55.8,265,4.42,True
2026-10-10T18:30:00+11:00,2322470,2507_506,-33.870849609375,151.2141571044922,306.0,0.4,153,2.55,True
2026-10-10T18:30:00+11:00,2538027,2507_506,-33.823734283447266,151.1386260986328,119.0,36.7,293,4.88,True
2026-10-10T18:30:00+11:00,2738334,2507_533,-33.80667495727539,151.17413330078125,72.0,14.4,295,4.92,True
2026-10-10T18:30:00+11:00,2644373,2507_120,-33.80735778808594,151.19949340820312,351.0,38.2,-5,-0.08,True
2026-10-10T18:30:00+11:00,2575730,2509_374,-33.91290283203125,151.24017333984375,277.0,24.1,134,2.23,True
2026-10-10T18:30:00+11:00,2356329,2509_373,-33.92262268066406,151.2565155029297,188.0,0.0,126,2.1,True
2026-10-10T18:30:00+11:00,2532429,2509_333,-33.87051773071289,151.21026611328125,186.0,26.6,513,8.55,False
2026-10-10T18:30:00+11:00,2403195,2509_311,-33.87449264526367,151.22267150878906,221.0,0.0,590,9.83,False
2026-10-10T18:30:00+11:00,2356092,2509_373,-33.90911865234375,151.23895263671875,101.0,27.0,133,2.22,True
2026-10-10T18:30:00+11:00,2146613,2509_396,-33.8630485534668,151.2111053466797,4.0,0.0,351,5.85,True
2026-10-10T18:30:00+11:00,2356938,2509_370,-33.92030334472656,151.2570343017578,186.0,0.0,0,0.0,True
2026-10-10T18:30:00+11:00,2531255,2509_355,-33.89707946777344,151.19837951660156,344.0,0.0,98,1.63,True
2026-10-10T18:30:00+11:00,2352721,2509_356,-33.91608428955078,151.2406768798828,160.0,25.6,-16,-0.27,True
2026-10-10T18:30:00+11:00,2533244,2509_333,-33.88936996459961,151.2762908935547,232.0,28.1,140,2.33,True
2026-10-10T18:30:00+11:00,2533200,2509_350,-33.945072174072266,151.22654724121094,3.0,0.0,318,5.3,True
2026-10-10T18:30:00+11:00,2575778,2509_374,-33.88634490966797,151.2067108154297,17.0,9.7,141,2.35,True
2026-10-10T18:30:00+11:00,2533631,2509_325,-33.87472152709961,151.2225799560547,296.0,5.8,245,4.08,True
2026-10-10T18:30:00+11:00,2532081,2509_313,-33.895545959472656,151.25070190429688,151.0,35.3,44,0.73,True
2026-10-10T18:30:00+11:00,2533791,2509_380,-33.8946533203125,151.26895141601562,100.0,32.4,672,11.2,False
2026-10-10T18:30:00+11:00,2532303,2509_380,-33.88980484008789,151.28155517578125,264.0,28.4,360,6.0,False
2026-10-10T18:30:00+11:00,2357582,2509_343,-33.91279983520508,151.20578002929688,194.0,6.5,837,13.95,False
2026-10-10T18:30:00+11:00,2532269,2509_355,-33.89007568359375,151.2401123046875,66.0,6.5,273,4.55,True
2026-10-10T18:30:00+11:00,2628737,2509_304,-33.86838150024414,151.2105255126953,186.0,35.6,714,11.9,False
2026-10-10T18:30:00+11:00,2533431,2509_352,-33.87967300415039,151.21571350097656,135.0,14.4,67,1.12,True
2026-10-10T18:30:00+11:00,2399748,2509_390X,-33.90407943725586,151.2544403076172,50.0,0.0,293,4.88,True
2026-10-10T18:30:00+11:00,2356441,2509_343,-33.87342834472656,151.20989990234375,184.0,31.0,208,3.47,True
2026-10-10T18:30:00+11:00,2628608,2509_304,-33.898651123046875,151.21173095703125,214.0,0.0,701,11.68,False
2026-10-10T18:30:00+11:00,2533515,2509_350,-33.93928909301758,151.2140655517578,315.0,56.9,69,1.15,True
2026-10-10T18:30:00+11:00,2628735,2509_304,-33.88593673706055,151.2138214111328,190.0,16.6,670,11.17,False
2026-10-10T18:30:00+11:00,2531722,2509_333,-33.8900032043457,151.28224182128906,305.0,15.5,-4,-0.07,True
2026-10-10T18:30:00+11:00,2531922,2509_352,-33.888824462890625,151.19992065429688,278.0,0.0,259,4.32,True
2026-10-10T18:30:00+11:00,2532902,2509_333,-33.882728576660156,151.22030639648438,324.0,29.2,-100,-1.67,False
2026-10-10T18:30:00+11:00,2534048,2509_350,-33.94192886352539,151.23912048339844,342.0,0.0,138,2.3,True
2026-10-10T18:30:00+11:00,2398259,2509_392,-33.93734359741211,151.22952270507812,8.0,31.0,289,4.82,True
2026-10-10T18:30:00+11:00,2740312,2509_379,-33.89116287231445,151.2490234375,278.0,0.0,-59,-0.98,True
2026-10-10T18:30:00+11:00,2533482,2509_333,-33.86726379394531,151.2106475830078,187.0,49.7,246,4.1,True
2026-10-10T18:30:00+11:00,2140525,2509_375,-33.95264434814453,151.2454071044922,102.0,27.0,129,2.15,True
2026-10-10T18:30:00+11:00,2533566,2509_333,-33.8814582824707,151.21852111816406,295.0,3.2,135,2.25,True
2026-10-10T18:30:00+11:00,2352344,2509_307,-33.9447135925293,151.22628784179688,191.0,0.0,0,0.0,True
2026-10-10T18:30:00+11:00,2335572,2509_309,-33.93185043334961,151.19412231445312,9.0,12.6,413,6.88,False
2026-10-10T18:30:00+11:00,2534102,2509_333,-33.89285659790039,151.2560577392578,102.0,38.2,0,0.0,True
2026-10-10T18:30:00+11:00,2534583,2509_350,-33.93570327758789,151.20692443847656,105.0,29.9,58,0.97,True
2026-10-10T18:30:00+11:00,2398219,2509_392,-33.93616485595703,151.2300262451172,20.0,33.5,959,15.98,False
2026-10-10T18:30:00+11:00,2137356,2509_396,-33.876747131347656,151.2096710205078,117.0,19.1,783,13.05,False
2026-10-10T18:30:00+11:00,2532425,2509_333,-33.89146041870117,151.2474822998047,190.0,5.4,-11,-0.18,True
2026-10-10T18:30:00+11:00,2531125,2509_333,-33.86250686645508,151.211181640625,6.0,1.4,0,0.0,True
2026-10-10T18:30:00+11:00,2434618,2509_390X,-33.905330657958984,151.2538604736328,190.0,44.3,251,4.18,True
2026-10-10T18:30:00+11:00,2399980,2509_390X,-33.916969299316406,151.22589111328125,343.0,36.4,40,0.67,True
2026-10-10T18:30:00+11:00,2137439,2509_375,-33.95548629760742,151.2310791015625,251.0,0.0,569,9.48,False
2026-10-10T18:30:00+11:00,2740476,2509_379,-33.889217376708984,151.27459716796875,309.0,22.3,-8,-0.13,True
2026-10-10T18:30:00+11:00,2356269,2509_370,-33.918121337890625,151.2419891357422,280.0,23.0,258,4.3,True
2026-10-10T18:30:00+11:00,2628657,2509_304,-33.865501403808594,151.21217346191406,130.0,0.4,0,0.0,True
2026-10-10T18:30:00+11:00,2532825,2509_350,-33.9328498840332,151.1796417236328,98.0,0.0,0,0.0,True
2026-10-10T18:30:00+11:00,2532662,2509_333,-33.87685012817383,151.21038818359375,91.0,9.0,653,10.88,False
2026-10-10T18:30:00+11:00,2691489,2509_324,-33.86628723144531,151.21038818359375,279.0,0.0,1136,18.93,False
2026-10-10T18:30:00+11:00,2400456,2509_309,-33.93939971923828,151.19479370117188,356.0,47.2,-65,-1.08,False
2026-10-10T18:30:00+11:00,2740522,2509_379,-33.90598678588867,151.262451171875,280.0,41.0,128,2.13,True
2026-10-10T18:30:00+11:00,2532021,2509_387,-33.88023376464844,151.2704315185547,3.0,39.6,26,0.43,True
2026-10-10T18:30:00+11:00,2740540,2509_379,-33.89958572387695,151.2528533935547,131.0,32.8,81,1.35,True
2026-10-10T18:30:00+11:00,2139941,2509_375,-33.95552062988281,151.2307891845703,259.0,0.0,-572,-9.53,False
2026-10-10T18:30:00+11:00,2355995,2509_370,-33.87620162963867,151.18417358398438,326.0,31.3,-257,-4.28,False
2026-10-10T18:30:00+11:00,2352517,2509_307,-33.94294357299805,151.2045440673828,349.0,0.0,1013,16.88,False
2026-10-10T18:30:00+11:00,2532790,2509_360,-33.897003173828125,151.25868225097656,279.0,30.2,42,0.7,True
2026-10-10T18:30:00+11:00,2356794,2509_373,-33.88787841796875,151.2200469970703,339.0,43.2,3,0.05,True
2026-10-10T18:30:00+11:00,2139563,2509_396,-33.91856002807617,151.2261962890625,352.0,34.2,250,4.17,True
2026-10-10T18:30:00+11:00,2434746,2509_390X,-33.91490936279297,151.2257080078125,280.0,0.4,-12,-0.2,True
2026-10-10T18:30:00+11:00,2628643,2509_304,-33.863399505615234,151.2115478515625,86.0,0.0,178,2.97,True
2026-10-10T18:30:00+11:00,2137323,2509_306,-33.92954635620117,151.2119140625,210.0,41.0,119,1.98,True
2026-10-10T18:30:00+11:00,2352480,2509_392,-33.89173889160156,151.2003936767578,101.0,15.5,0,0.0,True
2026-10-10T18:30:00+11:00,2488407,2509_392,-33.9455451965332,151.22610473632812,193.0,21.2,25,0.42,True
2026-10-10T18:30:00+11:00,2531863,2509_350,-33.92478561401367,151.18728637695312,358.0,10.8,4,0.07,True
2026-10-10T18:30:00+11:00,2532550,2509_350,-33.891319274902344,151.24806213378906,98.0,0.0,0,0.0,True
2026-10-10T18:30:00+11:00,2531629,2509_362,-33.89213943481445,151.27304077148438,22.0,31.0,-33,-0.55,True
2026-10-10T18:30:00+11:00,2532235,2509_350,-33.9397087097168,151.2581024169922,126.0,48.2,60,1.0,True
2026-10-10T18:30:00+11:00,2140838,2509_375,-33.94481658935547,151.2262420654297,191.0,0.0,0,0.0,True
2026-10-10T18:30:00+11:00,2531627,2509_333,-33.88832092285156,151.23178100585938,137.0,19.4,825,13.75,False
2026-10-10T18:30:00+11:00,2531575,2509_333,-33.885982513427734,151.22866821289062,315.0,0.0,-110,-1.83,False
2026-10-10T18:30:00+11:00,2534700,2509_362,-33.90571212768555,151.25924682617188,135.0,13.3,-1,-0.02,True
2026-10-10T18:30:00+11:00,2470829,2509_356,-33.93337631225586,151.25340270996094,10.0,25.6,974,16.23,False
2026-10-10T18:30:00+11:00,2533222,2509_333,-33.89094924926758,151.24905395507812,276.0,0.0,-396,-6.6,False
2026-10-10T18:30:00+11:00,2628764,2509_304,-33.862281799316406,151.21206665039062,6.0,0.0,0,0.0,True
2026-10-10T18:30:00+11:00,2488461,2509_392,-33.900028228759766,151.2106475830078,216.0,0.0,217,3.62,True
2026-10-10T18:30:00+11:00,2533028,2509_333,-33.89273452758789,151.25967407226562,99.0,41.4,0,0.0,True
2026-10-10T18:30:00+11:00,2356921,2509_343,-33.899070739746094,151.2063446044922,4.0,32.0,6,0.1,True
2026-10-10T18:30:00+11:00,2740405,2509_370,-33.89253616333008,151.1862335205078,252.0,13.3,-80,-1.33,False
2026-10-10T18:30:00+11:00,2532528,2509_333,-33.87572479248047,151.2095947265625,5.0,36.4,-46,-0.77,True
2026-10-10T18:30:00+11:00,2531986,2509_355,-33.908565521240234,151.17202758789062,85.0,0.0,0,0.0,True
2026-10-10T18:30:00+11:00,2532938,2509_352,-33.89034652709961,151.24252319335938,289.0,0.0,0,0.0,True
2026-10-10T18:30:00+11:00,2740282,2509_370,-33.874202728271484,151.1826629638672,146.0,25.2,-62,-1.03,False
2026-10-10T18:30:00+11:00,2531421,2509_386,-33.89033889770508,151.2544708251953,233.0,47.5,-180,-3.0,False
2026-10-10T18:30:00+11:00,2398216,2509_392,-33.94659423828125,151.22802734375,310.0,29.5,-46,-0.77,True
2026-10-10T18:30:00+11:00,2532426,2509_381,-33.89751052856445,151.27272033691406,99.0,22.3,38,0.63,True
2026-10-10T18:30:00+11:00,2335387,2509_309,-33.955780029296875,151.23023986816406,350.0,0.0,204,3.4,True
2026-10-10T18:30:00+11:00,2691276,2509_324,-33.87429428100586,151.2161102294922,101.0,0.0,-55,-0.92,True
2026-10-10T18:30:00+11:00,2533777,2509_333,-33.892791748046875,151.2726593017578,222.0,21.6,255,4.25,True
2026-10-10T18:30:00+11:00,2532523,2509_325,-33.87667465209961,151.23147583007812,102.0,24.8,97,1.62,True
2026-10-10T18:30:00+11:00,2532348,2509_325,-33.85091781616211,151.27560424804688,315.0,49.7,-62,-1.03,False
2026-10-10T18:30:00+11:00,2531283,2509_333,-33.8878173828125,151.23118591308594,138.0,39.2,473,7.88,False
2026-10-10T18:30:00+11:00,2628671,2509_304,-33.8874626159668,151.21348571777344,6.0,0.0,597,9.95,False
2026-10-10T18:30:00+11:00,2357487,2509_370,-33.919837951660156,151.25718688964844,189.0,0.0,0,0.0,True
2026-10-10T18:30:00+11:00,2300941,2509_399,-33.940650939941406,151.23939514160156,168.0,1.8,212,3.53,True
2026-10-10T18:30:00+11:00,2628752,2509_304,-33.89141845703125,151.2127227783203,45.0,17.3,185,3.08,True
2026-10-10T18:30:00+11:00,2674975,2509_309,-33.938690185546875,151.1947479248047,174.0,41.4,8,0.13,True
2026-10-10T18:30:00+11:00,2356988,2509_343,-33.92222213745117,151.2020263671875,286.0,10.4,97,1.62,True
2026-10-10T18:30:00+11:00,2137716,2509_396,-33.88837432861328,151.2199249267578,161.0,57.6,968,16.13,False
2026-10-10T18:30:00+11:00,2356103,2509_373,-33.905147552490234,151.22821044921875,295.0,15.1,-148,-2.47,False
2026-10-10T18:30:00+11:00,2532663,2509_333,-33.86163330078125,151.21165466308594,81.0,0.4,0,0.0,True
2026-10-10T18:30:00+11:00,2138015,2509_306,-33.92634582519531,151.19525146484375,9.0,28.4,874,14.57,False
2026-10-10T18:30:00+11:00,2533169,2509_333,-33.88960647583008,151.28013610839844,111.0,36.0,490,8.17,False
2026-10-10T18:30:00+11:00,2357786,2509_343,-33.87400436401367,151.20982360839844,6.0,34.6,317,5.28,True
2026-10-10T18:30:00+11:00,2434552,2509_390X,-33.89128112792969,151.2495574951172,100.0,8.6,-53,-0.88,True
2026-10-10T18:30:00+11:00,2137338,2509_375,-33.91814041137695,151.24102783203125,276.0,13.3,307,5.12,True
2026-10-10T18:30:00+11:00,2740326,2509_379,-33.88905334472656,151.25814819335938,120.0,0.0,927,15.45,False
2026-10-10T18:30:00+11:00,2356011,2509_374,-33.89152526855469,151.21243286132812,98.0,0.0,304,5.07,True
2026-10-10T18:30:00+11:00,2532771,2509_355,-33.89529800415039,151.22230529785156,276.0,0.0,216,3.6,True
2026-10-10T18:30:00+11:00,2628720,2509_304,-33.87857437133789,151.20925903320312,3.0,0.0,670,11.17,False
2026-10-10T18:30:00+11:00,2532245,2509_333,-33.8621940612793,151.21121215820312,6.0,0.0,0,0.0,True
2026-10-10T18:30:00+11:00,2740274,2509_370,-33.90427017211914,151.1802978515625,158.0,42.5,137,2.28,True
2026-10-10T18:30:00+11:00,2398242,2509_392,-33.896602630615234,151.19964599609375,274.0,18.4,543,9.05,False
2026-10-10T18:30:00+11:00,2533690,2509_350,-33.926666259765625,151.18772888183594,142.0,10.8,-101,-1.68,False
2026-10-10T18:30:00+11:00,2532069,2509_324,-33.873165130615234,151.2086181640625,282.0,10.4,533,8.88,False
2026-10-10T18:30:00+11:00,2534305,2509_350,-33.92124938964844,151.25669860839844,9.0,0.0,301,5.02,True
2026-10-10T18:30:00+11:00,2357528,2509_373,-33.87786865234375,151.2135009765625,313.0,34.6,226,3.77,True
2026-10-10T18:30:00+11:00,2531726,2509_352,-33.90597152709961,151.17376708984375,338.0,31.7,128,2.13,True
2026-10-10T18:30:00+11:00,2533207,2509_333,-33.874027252197266,151.20982360839844,7.0,38.2,-226,-3.77,False
2026-10-10T18:30:00+11:00,2531481,2509_350,-33.94793701171875,151.25502014160156,44.0,30.6,290,4.83,True
2026-10-10T18:30:00+11:00,2357478,2509_373,-33.884437561035156,151.2179412841797,155.0,0.0,136,2.27,True
2026-10-10T18:30:00+11:00,2403070,2509_311,-33.87063980102539,151.20623779296875,175.0,0.0,211,3.52,True
2026-10-10T18:30:00+11:00,2357601,2509_339,-33.885589599609375,151.2185516357422,157.0,58.3,6,0.1,True
2026-10-10T18:30:00+11:00,2534621,2509_325,-33.85584259033203,151.20681762695312,46.0,0.0,182,3.03,True
2026-10-10T18:30:00+11:00,2356896,2509_370,-33.904014587402344,151.20240783691406,338.0,37.4,282,4.7,True
2026-10-10T18:30:00+11:00,2137153,2509_396,-33.94191360473633,151.24114990234375,279.0,29.5,167,2.78,True
2026-10-10T18:30:00+11:00,2399408,2509_390X,-33.90850067138672,151.24664306640625,81.0,34.6,-98,-1.63,False
2026-10-10T18:30:00+11:00,2532788,2509_324,-33.87223815917969,151.25804138183594,283.0,48.2,177,2.95,True
2026-10-10T18:30:00+11:00,2531505,2509_324,-33.872562408447266,151.2620391845703,108.0,36.0,179,2.98,True
2026-10-10T18:30:00+11:00,2534067,2509_333,-33.89196014404297,151.27333068847656,34.0,33.5,199,3.32,True
2026-10-10T18:30:00+11:00,2356392,2509_311,-33.8804931640625,151.20887756347656,12.0,37.8,383,6.38,False
2026-10-10T18:30:00+11:00,2532070,2509_333,-33.890625,151.2747344970703,42.0,0.0,-252,-4.2,False
2026-10-10T18:30:00+11:00,2533383,2509_333,-33.89091491699219,151.24876403808594,277.0,0.0,-108,-1.8,False
2026-10-10T18:30:00+11:00,2675005,2509_309,-33.93771743774414,151.19464111328125,173.0,19.4,609,10.15,False
2026-10-10T18:30:00+11:00,2400488,2509_309,-33.904052734375,151.2024688720703,338.0,26.6,356,5.93,True
2026-10-10T18:30:00+11:00,2532011,2509_326,-33.879173278808594,151.2361297607422,12.0,0.0,0,0.0,True
2026-10-10T18:30:00+11:00,2355984,2509_370,-33.906959533691406,151.18136596679688,353.0,13.7,181,3.02,True
2026-10-10T18:30:00+11:00,2139508,2509_396,-33.9477653503418,151.2550506591797,43.0,0.0,0,0.0,True
2026-10-10T18:30:00+11:00,2352257,2509_307,-33.93941116333008,151.2169647216797,39.0,10.4,126,2.1,True
2026-10-10T18:30:00+11:00,2531289,2509_325,-33.85481643676758,151.27911376953125,78.0,38.2,187,3.12,True
2026-10-10T18:30:00+11:00,2356643,2509_373,-33.91923522949219,151.2572479248047,182.0,0.0,0,0.0,True
2026-10-10T18:30:00+11:00,2740279,2509_379,-33.89126968383789,151.24867248535156,99.0,0.0,-8,-0.13,True
2026-10-10T18:30:00+11:00,2357494,2509_373,-33.91935348510742,151.25704956054688,11.0,10.8,0,0.0,True
2026-10-10T18:30:00+11:00,2575754,2509_374,-33.91945266723633,151.2572021484375,189.0,0.0,0,0.0,True
2026-10-10T18:30:00+11:00,2352607,2509_392,-33.953975677490234,151.2304229736328,197.0,52.9,201,3.35,True
2026-10-10T18:30:00+11:00,2300853,2509_399,-33.940486907958984,151.23887634277344,352.0,30.6,80,1.33,True
2026-10-10T18:30:00+11:00,2140110,2509_396,-33.883323669433594,151.2174072265625,351.0,44.3,181,3.02,True
2026-10-10T18:30:00+11:00,2740304,2509_370,-33.9128303527832,151.2245330810547,137.0,1.4,-68,-1.13,False
2026-10-10T18:30:00+11:00,2531416,2509_350,-33.921138763427734,151.25669860839844,9.0,0.0,840,14.0,False
2026-10-10T18:30:00+11:00,2532894,2509_333,-33.88655471801758,151.22950744628906,310.0,22.7,-247,-4.12,False
2026-10-10T18:30:00+11:00,2675110,2509_309,-33.915992736816406,151.20033264160156,197.0,42.8,-115,-1.92,False
2026-10-10T18:30:00+11:00,2564456,2509_386,-33.89115524291992,151.25302124023438,73.0,0.0,227,3.78,True
2026-10-10T18:30:00+11:00,2357635,2509_343,-33.88227462768555,151.2084503173828,9.0,34.6,3,0.05,True
2026-10-10T18:30:00+11:00,2532739,2509_324,-33.879737854003906,151.2365264892578,291.0,29.5,106,1.77,True
2026-10-10T18:30:00+11:00,2533787,2509_333,-33.86165237426758,151.2118682861328,96.0,0.0,0,0.0,True
2026-10-10T18:30:00+11:00,2533127,2509_333,-33.88926696777344,151.28335571289062,37.0,25.2,7,0.12,True
2026-10-10T18:30:00+11:00,2357328,2509_339,-33.904911041259766,151.24456787109375,311.0,2.5,57,0.95,True
2026-10-10T18:30:00+11:00,2740384,2509_370,-33.90436935424805,151.20262145996094,160.0,33.1,53,0.88,True
2026-10-10T18:30:00+11:00,2355944,2509_339,-33.905269622802734,151.2286834716797,115.0,42.5,888,14.8,False
2026-10-10T18:30:00+11:00,2740500,2509_379,-33.886505126953125,151.28440856933594,355.0,36.0,-128,-2.13,False
2026-10-10T18:30:00+11:00,2740285,2509_379,-33.888145446777344,151.265869140625,127.0,0.0,187,3.12,True
2026-10-10T18:30:00+11:00,2398261,2509_392,-33.89665985107422,151.20018005371094,274.0,37.1,-42,-0.7,True
2026-10-10T18:30:00+11:00,2434996,2509_390X,-33.93304443359375,151.23773193359375,170.0,0.4,25,0.42,True
2026-10-10T18:30:00+11:00,2531539,2509_333,-33.86331558227539,151.2124786376953,264.0,0.0,7,0.12,True
2026-10-10T18:30:00+11:00,2531557,2509_350,-33.91176986694336,151.25625610351562,98.0,0.0,59,0.98,True
2026-10-10T18:30:00+11:00,2531315,2509_324,-33.86674118041992,151.20458984375,86.0,25.6,341,5.68,True
2026-10-10T18:30:00+11:00,2740543,2509_370,-33.92047882080078,151.25433349609375,93.0,8.3,-516,-8.6,False
2026-10-10T18:30:00+11:00,2136833,2509_306,-33.8967170715332,151.1987762451172,252.0,31.0,-91,-1.52,False
2026-10-10T18:30:00+11:00,2356920,2509_370,-33.910518646240234,151.22303771972656,7.0,2.9,292,4.87,True
2026-10-10T18:30:00+11:00,2357371,2509_311,-33.87308120727539,151.2077178955078,265.0,6.8,350,5.83,True
2026-10-10T18:30:00+11:00,2357072,2509_343,-33.881385803222656,151.20870971679688,187.0,0.0,541,9.02,False
2026-10-10T18:30:00+11:00,2355980,2509_343,-33.907859802246094,151.2074432373047,204.0,0.0,378,6.3,False
2026-10-10T18:30:00+11:00,2356915,2509_370,-33.8869514465332,151.19369506835938,30.0,14.8,-268,-4.47,False
2026-10-10T18:30:00+11:00,2701974,700011_27T4,-33.891265869140625,151.2171630859375,201.0,31.0,414,6.9,False
2026-10-10T18:30:00+11:00,2722612,700012_36SC,-33.883426666259766,151.20387268066406,28.0,0.0,-306,-5.1,False
2026-10-10T18:30:00+11:00,2748555_2,700012_36SC,-33.90441131591797,151.21389770507812,17.0,0.0,,,
2026-10-10T18:30:00+11:00,2722505,700012_43SC,-33.88227462768555,151.20700073242188,296.0,0.0,-126,-2.1,False
2026-10-10T18:45:00+11:00,2596487,2459_491,-33.90836715698242,151.11929321289062,143.0,34.6,40,0.67,True
2026-10-10T18:45:00+11:00,2415986,2508_B1,-33.845672607421875,151.2120361328125,342.0,54.4,-28,-0.47,True
2026-10-10T18:45:00+11:00,2340680,2459_438X,-33.88478088378906,151.1911163330078,268.0,43.9,283,4.72,True
2026-10-10T18:45:00+11:00,2608964,2459_430,-33.88162612915039,151.20587158203125,60.0,23.8,116,1.93,True
2026-10-10T18:45:00+11:00,2280295,7083_SW3,-33.9040412902832,151.14309692382812,320.0,16.2,90,1.5,True
2026-10-10T18:45:00+11:00,2288305,2459_303,-33.93168258666992,151.19410705566406,10.0,24.1,668,11.13,False
2026-10-10T18:45:00+11:00,2530278,7084_SW2,-33.91546630859375,151.1656036376953,7.0,0.4,-683,-11.38,False
2026-10-10T18:45:00+11:00,2374725,2508_100,-33.829925537109375,151.2186737060547,117.0,22.0,189,3.15,True
2026-10-10T18:45:00+11:00,2420813,2508_230,-33.83503723144531,151.2076416015625,191.0,31.0,-25,-0.42,True
2026-10-10T18:45:00+11:00,2683129,7083_SW1,-33.911033630371094,151.15748596191406,299.0,37.8,45,0.75,True
2026-10-10T18:45:00+11:00,2705535,2504_610X,-33.838134765625,151.21112060546875,199.0,66.6,-39,-0.65,True
2026-10-10T18:45:00+11:00,2288077,2459_431,-33.88001251220703,151.2089385986328,201.0,0.0,157,2.62,True
2026-10-10T18:45:00+11:00,2686131,2459_423,-33.86882019042969,151.21046447753906,186.0,1.4,234,3.9,True
2026-10-10T18:45:00+11:00,2289923,2459_438X,-33.857757568359375,151.13099670410156,170.0,23.8,-44,-0.73,True
2026-10-10T18:45:00+11:00,2636661,2459_415,-33.86054611206055,151.1308135986328,189.0,34.2,65,1.08,True
2026-10-10T18:45:00+11:00,2375151,2508_144,-33.8303108215332,151.21920776367188,117.0,29.2,-112,-1.87,False
2026-10-10T18:45:00+11:00,2596541,2459_492,-33.90024948120117,151.10791015625,4.0,29.2,115,1.92,True
2026-10-10T18:45:00+11:00,2287658,2459_433,-33.879608154296875,151.20701599121094,10.0,0.0,0,0.0,True
2026-10-10T18:45:00+11:00,2620109,2459_530,-33.86722183227539,151.12989807128906,190.0,28.8,-78,-1.3,False
2026-10-10T18:45:00+11:00,2038911,2459_440,-33.88404083251953,151.20191955566406,74.0,0.0,4,0.07,True
2026-10-10T18:45:00+11:00,2738792,7063_13T4,-33.940223693847656,151.146728515625,43.0,34.2,-78,-1.3,False
2026-10-10T18:45:00+11:00,2284505,2459_437,-33.88412857055664,151.1512451171875,86.0,31.7,18,0.3,True
2026-10-10T18:45:00+11:00,2554008,2459_358,-33.91777038574219,151.17120361328125,48.0,43.2,-13,-0.22,True
2026-10-10T18:45:00+11:00,2530268,7084_SW2,-33.91473388671875,151.1650390625,66.0,15.5,2094,34.9,False
2026-10-10T18:45:00+11:00,2596625,2459_491,-33.91960144042969,151.12225341796875,279.0,20.5,226,3.77,True
2026-10-10T18:45:00+11:00,2686114,2459_423,-33.91136932373047,151.1580810546875,302.0,16.2,-122,-2.03,False
2026-10-10T18:45:00+11:00,2288007,2459_433,-33.87800598144531,151.18382263183594,235.0,24.5,103,1.72,True
2026-10-10T18:45:00+11:00,2289890,2459_438X,-33.887840270996094,151.16091918945312,102.0,0.0,156,2.6,True
2026-10-10T18:45:00+11:00,1904157,2459_461X,-33.87654113769531,151.20950317382812,181.0,0.0,42,0.7,True
2026-10-10T18:45:00+11:00,2736969,2459_428,-33.87104797363281,151.21018981933594,186.0,28.1,537,8.95,False
2026-10-10T18:45:00+11:00,2741405,700015_3AT4,-33.937652587890625,151.15313720703125,94.0,29.2,-164,-2.73,False
2026-10-10T18:45:00+11:00,2475099,2459_389,-33.87348175048828,151.19595336914062,64.0,0.0,136,2.27,True
2026-10-10T18:45:00+11:00,2283164,2459_426,-33.9085807800293,151.15231323242188,115.0,0.0,121,2.02,True
2026-10-10T18:45:00+11:00,2740649,7066_28T4,-33.88423156738281,151.2034454345703,31.0,0.0,0,0.0,True
2026-10-10T18:45:00+11:00,2668433,2459_420,-33.93355178833008,151.1860809326172,188.0,46.4,234,3.9,True
2026-10-10T18:45:00+11:00,2718875,2514_270,-33.819358825683594,151.20474243164062,9.0,27.7,148,2.47,True
2026-10-10T18:45:00+11:00,2288773,2459_437,-33.871063232421875,151.14219665527344,319.0,0.0,134,2.23,True
2026-10-10T18:45:00+11:00,2714018,2508_144,-33.796112060546875,151.25306701660156,246.0,0.0,613,10.22,False
2026-10-10T18:45:00+11:00,2210374,2459_464,-33.873294830322266,151.10452270507812,189.0,2.2,43,0.72,True
2026-10-10T18:45:00+11:00,2374875,2508_173X,-33.86516571044922,151.20529174804688,266.0,15.1,394,6.57,False
2026-10-10T18:45:00+11:00,2285751,2459_422,-33.884403228759766,151.19424438476562,86.0,16.9,-109,-1.82,False
2026-10-10T18:45:00+11:00,2349673,2459_418,-33.90581512451172,151.1359100341797,352.0,2.2,553,9.22,False
2026-10-10T18:45:00+11:00,2736935,2459_308,-33.90277099609375,151.1914825439453,45.0,5.4,-117,-1.95,False
2026-10-10T18:45:00+11:00,1904156,2459_461X,-33.88441848754883,151.19876098632812,268.0,7.6,448,7.47,False
2026-10-10T18:45:00+11:00,2737141,2459_428,-33.8650016784668,151.21087646484375,220.0,0.0,0,0.0,True
2026-10-10T18:45:00+11:00,2596647,2459_490,-33.8867073059082,151.10867309570312,86.0,39.6,176,2.93,True
2026-10-10T18:45:00+11:00,2283680,2459_423,-33.89988708496094,151.1707763671875,25.0,0.0,60,1.0,True
2026-10-10T18:45:00+11:00,2210727,2459_413,-33.88971710205078,151.14971923828125,253.0,0.0,-120,-2.0,False
2026-10-10T18:45:00+11:00,2373803,2508_144,-33.794647216796875,151.26654052734375,101.0,41.4,10,0.17,True
2026-10-10T18:45:00+11:00,2668171,2459_420,-33.93962478637695,151.1513671875,239.0,18.4,10,0.17,True
2026-10-10T18:45:00+11:00,2374824,2508_100,-33.868587493896484,151.20602416992188,174.0,2.2,147,2.45,True
2026-10-10T18:45:00+11:00,2284282,2459_431,-33.87400436401367,151.20982360839844,7.0,29.9,-279,-4.65,False
2026-10-10T18:45:00+11:00,2515176,2459_410,-33.86084747314453,151.10440063476562,297.0,0.0,-511,-8.52,False
2026-10-10T18:45:00+11:00,2284587,2459_437,-33.87434387207031,151.16050720214844,346.0,10.4,-59,-0.98,True
2026-10-10T18:45:00+11:00,2660249,2459_320,-33.90735626220703,151.2075958251953,209.0,24.8,-381,-6.35,False
2026-10-10T18:45:00+11:00,2210836,2459_415,-33.85701370239258,151.13076782226562,348.0,43.6,187,3.12,True
2026-10-10T18:45:00+11:00,2558773,7083_SW1,-33.91194152832031,151.14007568359375,131.0,1.1,-5,-0.08,True
2026-10-10T18:45:00+11:00,1960144,2459_413,-33.88959884643555,151.1498565673828,73.0,0.0,114,1.9,True
2026-10-10T18:45:00+11:00,2554020,2459_358,-33.91635513305664,151.24093627929688,341.0,0.0,-314,-5.23,False
2026-10-10T18:45:00+11:00,2290369,2459_438X,-33.86723327636719,151.2106475830078,5.0,0.0,14,0.23,True
2026-10-10T18:45:00+11:00,2284726,2459_442,-33.86897277832031,151.17652893066406,263.0,9.0,-83,-1.38,False
2026-10-10T18:45:00+11:00,2289685,2459_426,-33.88100051879883,151.20651245117188,210.0,0.4,121,2.02,True
2026-10-10T18:45:00+11:00,2682918,7083_SW1,-33.909786224365234,151.1360626220703,266.0,18.7,8,0.13,True
2026-10-10T18:45:00+11:00,2530094,7084_SW2,-33.91141128540039,151.15814208984375,299.0,23.8,153,2.55,True
2026-10-10T18:45:00+11:00,2415870,2508_B1,-33.78920364379883,151.25711059570312,56.0,79.2,-41,-0.68,True
2026-10-10T18:45:00+11:00,2373935,2508_100,-33.82684326171875,151.2438201904297,340.0,0.4,23,0.38,True
2026-10-10T18:45:00+11:00,2741476,700015_3AT4,-33.93102264404297,151.2127227783203,30.0,70.9,-308,-5.13,False
2026-10-10T18:45:00+11:00,2393257,2508_114,-33.823543548583984,151.19371032714844,68.0,1.1,50,0.83,True
2026-10-10T18:45:00+11:00,2286431,2459_470,-33.88261032104492,151.18179321289062,237.0,0.0,252,4.2,True
2026-10-10T18:45:00+11:00,2636681,2459_504,-33.868099212646484,151.17898559570312,68.0,22.7,-149,-2.48,False
2026-10-10T18:45:00+11:00,2741127,7016_7T4,-33.926109313964844,151.1593780517578,217.0,40.7,51,0.85,True
2026-10-10T18:45:00+11:00,2737125,2459_428,-33.89836883544922,151.177001953125,246.0,14.4,-51,-0.85,True
2026-10-10T18:45:00+11:00,2609038,2459_430,-33.89280319213867,151.18589782714844,252.0,9.4,230,3.83,True
2026-10-10T18:45:00+11:00,2309978,7083_SW3,-33.901065826416016,151.14984130859375,93.0,44.3,-70,-1.17,False
2026-10-10T18:45:00+11:00,2713916,2508_144,-33.79790115356445,151.178466796875,349.0,27.7,-449,-7.48,False
2026-10-10T18:45:00+11:00,2287944,2459_389,-33.87419128417969,151.2144012451172,1.0,0.0,347,5.78,True
2026-10-10T18:45:00+11:00,2211205,2459_406,-33.912654876708984,151.12826538085938,253.0,27.7,4,0.07,True
2026-10-10T18:45:00+11:00,2738830,7063_13T4,-33.93500900268555,151.15133666992188,228.0,59.0,332,5.53,True
2026-10-10T18:45:00+11:00,2376779,2508_172X,-33.86671447753906,151.206298828125,7.0,0.0,0,0.0,True
2026-10-10T18:45:00+11:00,2373876,2508_111,-33.8375244140625,151.25900268554688,81.0,32.0,395,6.58,False
2026-10-10T18:45:00+11:00,2290291,2459_422,-33.88037872314453,151.20680236816406,192.0,0.0,119,1.98,True
2026-10-10T18:45:00+11:00,2683020,7083_SW1,-33.9140739440918,151.1663818359375,0.0,0.0,2682,44.7,False
2026-10-10T18:45:00+11:00,2710020,2504_610X,-33.86470031738281,151.2047882080078,354.0,0.0,77,1.28,True
2026-10-10T18:45:00+11:00,2210575,2459_473,-33.931705474853516,151.13742065429688,288.0,31.0,901,15.02,False
2026-10-10T18:45:00+11:00,2579076,7084_SW2,-33.91007614135742,151.17068481445312,234.0,0.0,478,7.97,False
2026-10-10T18:45:00+11:00,2741491,700015_3AT4,-33.891109466552734,151.21090698242188,294.0,46.1,-283,-4.72,False
2026-10-10T18:45:00+11:00,2415982,2508_B1,-33.86601638793945,151.20635986328125,5.0,0.0,0,0.0,True
2026-10-10T18:45:00+11:00,2484400,2459_483,-33.887630462646484,151.1145477294922,302.0,55.4,421,7.02,False
2026-10-10T18:45:00+11:00,2287127,2459_422,-33.91523361206055,151.1756134033203,246.0,0.0,668,11.13,False
2026-10-10T18:45:00+11:00,2618669,2459_422,-33.89283752441406,151.18328857421875,161.0,0.0,194,3.23,True
2026-10-10T18:45:00+11:00,2530021,7084_SW2,-33.91203308105469,151.11923217773438,237.0,32.8,-23,-0.38,True
2026-10-10T18:45:00+11:00,2287882,2459_418,-33.887733459472656,151.1207733154297,244.0,42.1,291,4.85,True
2026-10-10T18:45:00+11:00,2704310,2504_607X,-33.82414245605469,151.21043395996094,106.0,75.2,-255,-4.25,False
2026-10-10T18:45:00+11:00,2475917,2459_530,-33.87710952758789,151.10232543945312,100.0,0.0,-278,-4.63,False
2026-10-10T18:45:00+11:00,2220650,2459_412,-33.87286376953125,151.2099609375,186.0,11.2,121,2.02,True
2026-10-10T18:45:00+11:00,2554405,2459_358,-33.92314529418945,151.20811462402344,282.0,43.6,-5,-0.08,True
2026-10-10T18:45:00+11:00,2373875,2508_B1,-33.8183708190918,151.243896484375,169.0,38.9,424,7.07,False
2026-10-10T18:45:00+11:00,1904158,2459_461X,-33.87140655517578,151.216552734375,42.0,0.0,0,0.0,True
2026-10-10T18:45:00+11:00,2686120,2459_423,-33.884395599365234,151.1988983154297,266.0,0.0,352,5.87,True
2026-10-10T18:45:00+11:00,2308804,2459_445,-33.88386535644531,151.1544189453125,265.0,45.7,114,1.9,True
2026-10-10T18:45:00+11:00,2284140,2459_440,-33.89018249511719,151.24195861816406,289.0,34.9,-106,-1.77,False
2026-10-10T18:45:00+11:00,2393243,2508_114,-33.830841064453125,151.2466583251953,85.0,38.2,120,2.0,True
2026-10-10T18:45:00+11:00,2718983,2514_271,-33.848514556884766,151.21278381347656,185.0,58.7,-160,-2.67,False
2026-10-10T18:45:00+11:00,2579205,7084_SW2,-33.90391540527344,151.14077758789062,64.0,41.4,33,0.55,True
2026-10-10T18:45:00+11:00,2683107,7083_SW1,-33.91399002075195,151.16650390625,0.0,0.0,-603,-10.05,False
2026-10-10T18:45:00+11:00,2287012,2459_428,-33.90404510498047,151.14048767089844,66.0,36.7,12,0.2,True
2026-10-10T18:45:00+11:00,2424297,2508_230,-33.82758331298828,151.24411010742188,179.0,14.0,174,2.9,True
2026-10-10T18:45:00+11:00,2289567,2459_426,-33.86692810058594,151.210693359375,6.0,0.0,69,1.15,True
2026-10-10T18:45:00+11:00,2596637,2459_492,-33.850521087646484,151.15493774414062,41.0,14.8,0,0.0,True
2026-10-10T18:45:00+11:00,2088225,2508_160X,-33.78413772583008,151.18943786621094,67.0,46.8,-5,-0.08,True
2026-10-10T18:45:00+11:00,2530448,7084_SW2,-33.914573669433594,151.165283203125,214.0,0.0,0,0.0,True
2026-10-10T18:45:00+11:00,2284364,2459_348,-33.91557693481445,151.2311553955078,99.0,54.0,-118,-1.97,False
2026-10-10T18:45:00+11:00,2285522,2459_431,-33.87617111206055,151.18408203125,326.0,40.3,413,6.88,False
2026-10-10T18:45:00+11:00,2741006,7016_7T4,-33.93596649169922,151.15020751953125,33.0,47.2,1423,23.72,False
2026-10-10T18:45:00+11:00,2515336,2459_458,-33.87736511230469,151.1025848388672,279.0,31.3,172,2.87,True
2026-10-10T18:45:00+11:00,2288255,2459_426,-33.90434646606445,151.1682586669922,204.0,34.2,54,0.9,True
2026-10-10T18:45:00+11:00,2415959,2508_B1,-33.819664001464844,151.24375915527344,358.0,49.0,15,0.25,True
2026-10-10T18:45:00+11:00,2373697,2508_144,-33.81606674194336,151.1785430908203,160.0,8.3,195,3.25,True
2026-10-10T18:45:00+11:00,2515258,2459_410,-33.86006546020508,151.103759765625,351.0,0.0,442,7.37,False
2026-10-10T18:45:00+11:00,2210796,2459_413,-33.87954330444336,151.2079315185547,104.0,0.0,0,0.0,True
2026-10-10T18:45:00+11:00,2719462,2514_194,-33.8302001953125,151.21461486816406,200.0,67.0,-33,-0.55,True
2026-10-10T18:45:00+11:00,2736988,2459_308,-33.88582992553711,151.20806884765625,181.0,24.5,318,5.3,True
2026-10-10T18:45:00+11:00,2284976,2459_428,-33.896522521972656,151.17974853515625,55.0,13.3,-7,-0.12,True
2026-10-10T18:45:00+11:00,2289029,2459_438X,-33.84684371948242,151.1283721923828,7.0,4.0,29,0.48,True
2026-10-10T18:45:00+11:00,2683102,7083_SW1,-33.906349182128906,151.1270294189453,210.0,16.2,254,4.23,True
2026-10-10T18:45:00+11:00,2739258,7057_26T4,-33.892330169677734,151.21670532226562,9.0,0.0,-353,-5.88,False
2026-10-10T18:45:00+11:00,2290427,2459_303,-33.924171447753906,151.2110137939453,191.0,0.0,4,0.07,True
2026-10-10T18:45:00+11:00,2290276,2459_423,-33.87709426879883,151.20944213867188,7.0,1.8,365,6.08,False
2026-10-10T18:45:00+11:00,2373964,2508_144,-33.80661392211914,151.24661254882812,347.0,36.7,137,2.28,True
2026-10-10T18:45:00+11:00,2289500,2459_438X,-33.88291549682617,151.20404052734375,50.0,0.0,-48,-0.8,True
2026-10-10T18:45:00+11:00,2289079,2459_440,-33.87761306762695,151.20938110351562,188.0,29.9,-115,-1.92,False
2026-10-10T18:45:00+11:00,2706360,2504_610X,-33.81217956542969,151.1959228515625,278.0,76.3,319,5.32,True
2026-10-10T18:45:00+11:00,2375837,2508_100,-33.83296203613281,151.21243286132812,205.0,57.2,-307,-5.12,False
2026-10-10T18:45:00+11:00,2636576,2459_504,-33.8543701171875,151.15757751464844,322.0,49.0,-251,-4.18,False
2026-10-10T18:45:00+11:00,2285894,2459_348,-33.9040641784668,151.21461486816406,281.0,23.8,-67,-1.12,False
2026-10-10T18:45:00+11:00,2596638,2459_492,-33.87546157836914,151.11927795410156,279.0,35.6,-109,-1.82,False
2026-10-10T18:45:00+11:00,2287071,2459_423,-33.926124572753906,151.13124084472656,69.0,38.2,299,4.98,True
2026-10-10T18:45:00+11:00,2686180,2459_423,-33.917232513427734,151.1486053466797,228.0,20.9,490,8.17,False
2026-10-10T18:45:00+11:00,2377266,2508_100,-33.87013626098633,151.20619201660156,175.0,0.0,-571,-9.52,False
2026-10-10T18:45:00+11:00,2515195,2459_410,-33.86838912963867,151.10545349121094,190.0,25.9,623,10.38,False
2026-10-10T18:45:00+11:00,2713950,2508_114,-33.83160400390625,151.22329711914062,246.0,29.9,172,2.87,True
2026-10-10T18:45:00+11:00,2737093,2459_445,-33.85600280761719,151.17449951171875,265.0,39.6,-63,-1.05,False
2026-10-10T18:45:00+11:00,2709420,2504_607X,-33.87192916870117,151.20643615722656,176.0,0.0,0,0.0,True
2026-10-10T18:45:00+11:00,2589877,2508_280,-33.79615020751953,151.18130493164062,6.0,0.0,0,0.0,True
2026-10-10T18:45:00+11:00,2375616,2508_B1,-33.830501556396484,151.2196044921875,294.0,0.0,308,5.13,True
2026-10-10T18:45:00+11:00,2375093,2508_B1,-33.815616607666016,151.2432098388672,194.0,47.2,87,1.45,True
2026-10-10T18:45:00+11:00,2284873,2459_442,-33.86802291870117,151.18138122558594,108.0,18.7,-4,-0.07,True
2026-10-10T18:45:00+11:00,2038465,2459_412,-33.91743087768555,151.12490844726562,2.0,28.4,197,3.28,True
2026-10-10T18:45:00+11:00,2286038,2459_442,-33.85708999633789,151.19520568847656,71.0,0.0,0,0.0,True
2026-10-10T18:45:00+11:00,2285246,2459_422,-33.919193267822266,151.16920471191406,44.0,40.3,192,3.2,True
2026-10-10T18:45:00+11:00,2740859,7016_7T4,-33.91991424560547,151.16860961914062,228.0,30.6,-4,-0.07,True
2026-10-10T18:45:00+11:00,2290801,2459_440,-33.887229919433594,151.15740966796875,354.0,22.3,93,1.55,True
2026-10-10T18:45:00+11:00,2475911,2459_530,-33.814544677734375,151.1683349609375,90.0,0.0,-164,-2.73,False
2026-10-10T18:45:00+11:00,2287005,2459_469,-33.881988525390625,151.1820526123047,146.0,0.0,113,1.88,True
2026-10-10T18:45:00+11:00,2554206,2459_358,-33.919620513916016,151.17840576171875,309.0,57.6,291,4.85,True
2026-10-10T18:45:00+11:00,2740923,7016_7T4,-33.915565490722656,151.16546630859375,6.0,0.0,1,0.02,True
2026-10-10T18:45:00+11:00,2740726,7066_28T4,-33.938377380371094,151.14840698242188,213.0,0.0,166,2.77,True
2026-10-10T18:45:00+11:00,2037620,2459_412,-33.891414642333984,151.17132568359375,275.0,33.8,469,7.82,False
2026-10-10T18:45:00+11:00,2284410,2459_438X,-33.88814163208008,151.1580810546875,256.0,10.4,905,15.08,False
2026-10-10T18:45:00+11:00,2287496,2459_442,-33.85701370239258,151.1955108642578,79.0,0.0,0,0.0,True
2026-10-10T18:45:00+11:00,2474892,2459_389,-33.87299728393555,151.20724487304688,96.0,24.1,-85,-1.42,False
2026-10-10T18:45:00+11:00,2719169,2514_271,-33.870391845703125,151.20545959472656,355.0,0.0,0,0.0,True
2026-10-10T18:45:00+11:00,2284111,2459_470,-33.873863220214844,151.1617431640625,72.0,0.0,0,0.0,True
2026-10-10T18:45:00+11:00,1904222,2459_461X,-33.87446975708008,151.10411071777344,12.0,10.4,87,1.45,True
2026-10-10T18:45:00+11:00,2719378,2514_277,-33.78788375854492,151.1904296875,250.0,36.7,411,6.85,False
2026-10-10T18:45:00+11:00,2550621,2508_263,-33.82563781738281,151.22305297851562,15.0,35.3,57,0.95,True
2026-10-10T18:45:00+11:00,2211230,2459_464,-33.887901306152344,151.1234893798828,123.0,23.8,195,3.25,True
2026-10-10T18:45:00+11:00,2283467,2459_433,-33.860816955566406,151.17185974121094,195.0,10.4,69,1.15,True
2026-10-10T18:45:00+11:00,2740896,7016_7T4,-33.93637466430664,151.1498260498047,33.0,56.9,530,8.83,False
2026-10-10T18:45:00+11:00,2713952,2508_144,-33.799171447753906,151.25094604492188,246.0,38.9,118,1.97,True
2026-10-10T18:45:00+11:00,2211071,2459_438X,-33.871543884277344,151.21011352539062,6.0,25.2,0,0.0,True
2026-10-10T18:45:00+11:00,2349500,2459_418,-33.87644958496094,151.1038055419922,189.0,0.0,724,12.07,False
2026-10-10T18:45:00+11:00,2283138,2459_438X,-33.88247299194336,151.20849609375,187.0,0.0,198,3.3,True
2026-10-10T18:45:00+11:00,2037080,2459_440,-33.883819580078125,151.22238159179688,111.0,31.3,-418,-6.97,False
2026-10-10T18:45:00+11:00,2289613,2459_440,-33.8845100402832,151.19512939453125,267.0,0.7,55,0.92,True
2026-10-10T18:45:00+11:00,2289556,2459_433,-33.8627815246582,151.1706085205078,25.0,29.9,33,0.55,True
2026-10-10T18:45:00+11:00,2287975,2459_389,-33.88987350463867,151.2407989501953,256.0,0.0,65,1.08,True
2026-10-10T18:45:00+11:00,2287854,2459_440,-33.89090347290039,151.24867248535156,95.0,0.0,0,0.0,True
2026-10-10T18:45:00+11:00,2287028,2459_470,-33.865272521972656,151.2114715576172,23.0,0.0,99,1.65,True
2026-10-10T18:45:00+11:00,2377492,2508_173X,-33.7948112487793,151.25686645507812,71.0,50.0,220,3.67,True
2026-10-10T18:45:00+11:00,2737149,2459_428,-33.89964294433594,151.15567016601562,271.0,0.0,373,6.22,False
2026-10-10T18:45:00+11:00,2713919,2508_144,-33.82695770263672,151.1998748779297,324.0,27.0,200,3.33,True
2026-10-10T18:45:00+11:00,2741363,700015_3AT4,-33.93927001953125,151.14830017089844,277.0,31.3,-515,-8.58,False
2026-10-10T18:45:00+11:00,2596640,2459_490,-33.85132598876953,151.1542510986328,232.0,20.5,55,0.92,True
2026-10-10T18:45:00+11:00,2719223,2514_194,-33.823646545410156,151.2099151611328,8.0,31.7,359,5.98,True
2026-10-10T18:45:00+11:00,2285053,2459_426,-33.884193420410156,151.19554138183594,86.0,25.6,-67,-1.12,False
2026-10-10T18:45:00+11:00,1973783,2508_162,-33.79820251464844,151.2718963623047,294.0,31.0,102,1.7,True
2026-10-10T18:45:00+11:00,2484377,2459_483,-33.88015365600586,151.20741271972656,282.0,0.4,175,2.92,True
2026-10-10T18:45:00+11:00,2738777,7063_13T4,-33.9346809387207,151.15155029296875,49.0,54.0,368,6.13,False
2026-10-10T18:45:00+11:00,2377420,2508_144,-33.7974739074707,151.17958068847656,248.0,0.0,0,0.0,True
2026-10-10T18:45:00+11:00,2377610,2508_144,-33.82960510253906,151.21372985839844,100.0,0.0,465,7.75,False
2026-10-10T18:45:00+11:00,2530277,7084_SW2,-33.91497039794922,151.16497802734375,229.0,32.8,-48,-0.8,True
2026-10-10T18:45:00+11:00,2596628,2459_491,-33.8701171875,151.12928771972656,191.0,0.0,0,0.0,True
2026-10-10T18:45:00+11:00,2660122,2459_320,-33.889991760253906,151.2058868408203,9.0,23.0,127,2.12,True
2026-10-10T18:45:00+11:00,2290885,2459_438X,-33.884090423583984,151.15127563476562,86.0,31.3,-158,-2.63,False
2026-10-10T18:45:00+11:00,2474853,2459_389,-33.88806915283203,151.2396697998047,79.0,25.9,115,1.92,True
2026-10-10T18:45:00+11:00,2283099,2459_389,-33.867332458496094,151.19573974609375,152.0,29.9,770,12.83,False
2026-10-10T18:45:00+11:00,2288277,2459_440,-33.87192916870117,151.15771484375,76.0,39.6,434,7.23,False
2026-10-10T18:45:00+11:00,2038912,2459_440,-33.886070251464844,151.1573028564453,176.0,19.1,-44,-0.73,True
2026-10-10T18:45:00+11:00,1904221,2459_461X,-33.88481140136719,151.18577575683594,81.0,32.4,-6,-0.1,True
2026-10-10T18:45:00+11:00,2740772,7066_28T4,-33.88021469116211,151.20773315429688,283.0,0.0,0,0.0,True
2026-10-10T18:45:00+11:00,1961838,2459_412,-33.884315490722656,151.19424438476562,86.0,20.9,305,5.08,True
2026-10-10T18:45:00+11:00,2376532,2508_100,-33.83580017089844,151.2109375,8.0,69.8,-141,-2.35,False
2026-10-10T18:45:00+11:00,2420744,2508_225,-33.84744644165039,151.23049926757812,308.0,0.0,115,1.92,True
2026-10-10T18:45:00+11:00,2708799,2504_610X,-33.870365142822266,151.20579528808594,176.0,0.0,0,0.0,True
2026-10-10T18:45:00+11:00,2090397,2508_160X,-33.7832145690918,151.19308471679688,251.0,53.6,-96,-1.6,False
2026-10-10T18:45:00+11:00,2209968,2459_464,-33.84211730957031,151.1077423095703,166.0,28.1,-40,-0.67,True
2026-10-10T18:45:00+11:00,2284230,2459_423,-33.8838996887207,151.2018280029297,74.0,0.0,-111,-1.85,False
2026-10-10T18:45:00+11:00,2415980,2508_B1,-33.866363525390625,151.20632934570312,6.0,0.0,0,0.0,True
2026-10-10T18:45:00+11:00,2211526,2459_464,-33.8703498840332,151.10507202148438,8.0,30.6,-199,-3.32,False
2026-10-10T18:45:00+11:00,2450164,2508_225,-33.83695602416992,151.221923828125,336.0,34.6,42,0.7,True
2026-10-10T18:45:00+11:00,2741386,700015_3AT4,-33.88665771484375,151.20677185058594,187.0,0.0,-667,-11.12,False
2026-10-10T18:45:00+11:00,2290543,2459_418,-33.907527923583984,151.14865112304688,290.0,36.7,173,2.88,True
2026-10-10T18:45:00+11:00,2713956,2508_144,-33.830162048339844,151.21795654296875,278.0,0.0,110,1.83,True
2026-10-10T18:45:00+11:00,2290869,2459_433,-33.87531661987305,151.17498779296875,184.0,20.5,377,6.28,False
2026-10-10T18:45:00+11:00,2288892,2459_438X,-33.868690490722656,151.21047973632812,185.0,0.0,14,0.23,True
2026-10-10T18:45:00+11:00,2740652,7066_28T4,-33.91288757324219,151.1796112060547,299.0,3.2,1075,17.92,False
2026-10-10T18:45:00+11:00,2211595,2459_438X,-33.88393783569336,151.188720703125,92.0,43.9,728,12.13,False
2026-10-10T18:45:00+11:00,2707764,2504_610X,-33.812042236328125,151.1708221435547,102.0,68.0,-406,-6.77,False
2026-10-10T18:45:00+11:00,2290473,2459_348,-33.93058776855469,151.15487670898438,130.0,14.0,71,1.18,True
2026-10-10T18:45:00+11:00,2739245,7057_26T4,-33.92045211791992,151.21119689941406,182.0,77.8,159,2.65,True
2026-10-10T18:45:00+11:00,2668415,2459_420,-33.8746337890625,151.10755920410156,10.0,0.0,1,0.02,True
2026-10-10T18:45:00+11:00,2284821,2459_433,-33.884273529052734,151.19900512695312,266.0,18.7,2,0.03,True
2026-10-10T18:45:00+11:00,2636599,2459_504,-33.855072021484375,151.1302490234375,166.0,31.3,-54,-0.9,True
2026-10-10T18:45:00+11:00,2415914,2508_B1,-33.82986831665039,151.22706604003906,61.0,52.6,-36,-0.6,True
2026-10-10T18:45:00+11:00,2737072,2459_428,-33.86499786376953,151.21145629882812,320.0,2.5,429,7.15,False
2026-10-10T18:45:00+11:00,2740671,7066_28T4,-33.930641174316406,151.15525817871094,38.0,51.1,252,4.2,True
2026-10-10T18:45:00+11:00,2389371,2508_173X,-33.826148986816406,151.23275756835938,220.0,34.9,315,5.25,True
2026-10-10T18:45:00+11:00,2737013,2459_445,-33.89260482788086,151.157958984375,196.0,0.0,-18,-0.3,True
2026-10-10T18:45:00+11:00,2458259,2508_238,-33.83266067504883,151.2510986328125,190.0,33.8,112,1.87,True
2026-10-10T18:45:00+11:00,2284889,2459_470,-33.880210876464844,151.20773315429688,285.0,16.6,43,0.72,True
2026-10-10T18:45:00+11:00,2609043,2459_430,-33.899696350097656,151.17079162597656,19.0,0.0,108,1.8,True
2026-10-10T18:45:00+11:00,2681997,2507_202,-33.853397369384766,151.21005249023438,27.0,59.8,49,0.82,True
2026-10-10T18:45:00+11:00,2643948,2507_120,-33.8455810546875,151.21205139160156,343.0,55.8,126,2.1,True
2026-10-10T18:45:00+11:00,2644113,2507_501,-33.83718490600586,151.1308135986328,292.0,10.4,43,0.72,True
2026-10-10T18:45:00+11:00,2643014,2507_501,-33.83942794799805,151.1351776123047,130.0,43.6,63,1.05,True
2026-10-10T18:45:00+11:00,2643416,2507_501,-33.880008697509766,151.20846557617188,184.0,14.4,0,0.0,True
2026-10-10T18:45:00+11:00,2672529,2507_115,-33.828819274902344,151.2017364501953,191.0,29.5,249,4.15,True
2026-10-10T18:45:00+11:00,2620681,2507_252,-33.818172454833984,151.1514129638672,190.0,47.5,-122,-2.03,False
2026-10-10T18:45:00+11:00,2643911,2507_120,-33.81749725341797,151.20144653320312,331.0,0.0,495,8.25,False
2026-10-10T18:45:00+11:00,2644711,2507_120,-33.79605484008789,151.18087768554688,193.0,0.0,0,0.0,True
2026-10-10T18:45:00+11:00,2681976,2507_267,-33.803043365478516,151.20384216308594,340.0,36.7,302,5.03,True
2026-10-10T18:45:00+11:00,2643897,2507_501,-33.881126403808594,151.20639038085938,214.0,0.0,0,0.0,True
2026-10-10T18:45:00+11:00,2672338,2507_267,-33.80277633666992,151.19407653808594,279.0,12.6,211,3.52,True
2026-10-10T18:45:00+11:00,2642986,2507_52,-33.87307357788086,151.20774841308594,98.0,0.0,93,1.55,True
2026-10-10T18:45:00+11:00,2644856,2507_202,-33.80342102050781,151.20413208007812,169.0,17.6,2107,35.12,False
2026-10-10T18:45:00+11:00,2672531,2507_115,-33.79596710205078,151.18295288085938,163.0,14.0,155,2.58,True
2026-10-10T18:45:00+11:00,2620723,2507_288,-33.811649322509766,151.16830444335938,108.0,0.0,298,4.97,True
2026-10-10T18:45:00+11:00,2744680,2507_292,-33.83814239501953,151.2112274169922,198.0,65.9,102,1.7,True
2026-10-10T18:45:00+11:00,2644565,2507_120,-33.87141036987305,151.2063751220703,173.0,0.0,-66,-1.1,False
2026-10-10T18:45:00+11:00,2731801,2507_507,-33.82422637939453,151.1245880126953,122.0,44.6,2,0.03,True
2026-10-10T18:45:00+11:00,2258766,2507_516,-33.79275894165039,151.1562957763672,82.0,28.8,-66,-1.1,False
2026-10-10T18:45:00+11:00,2643372,2507_501,-33.87028121948242,151.1925048828125,246.0,38.2,163,2.72,True
2026-10-10T18:45:00+11:00,2672521,2507_115,-33.8223762512207,151.20077514648438,359.0,7.6,186,3.1,True
2026-10-10T18:45:00+11:00,2682009,2507_208,-33.83460235595703,151.20773315429688,189.0,8.3,-444,-7.4,False
2026-10-10T18:45:00+11:00,2226542,2507_288,-33.81247329711914,151.17515563964844,263.0,53.3,67,1.12,True
2026-10-10T18:45:00+11:00,2407893,2507_252,-33.823486328125,151.1874237060547,157.0,0.0,266,4.43,True
2026-10-10T18:45:00+11:00,2645014,2507_52,-33.839744567871094,151.13845825195312,76.0,55.4,217,3.62,True
2026-10-10T18:45:00+11:00,2644755,2507_52,-33.83628463745117,151.12860107421875,300.0,25.6,407,6.78,False
2026-10-10T18:45:00+11:00,2644071,2507_501,-33.86885452270508,151.17689514160156,74.0,27.4,222,3.7,True
2026-10-10T18:45:00+11:00,2557251,2507_291,-33.825260162353516,151.19845581054688,321.0,0.0,172,2.87,True
2026-10-10T18:45:00+11:00,2642831,2507_52,-33.8511848449707,151.15460205078125,320.0,0.0,112,1.87,True
2026-10-10T18:45:00+11:00,2406907,2507_252,-33.82847595214844,151.12928771972656,47.0,15.8,-16,-0.27,True
2026-10-10T18:45:00+11:00,2744569,2507_292,-33.86696243286133,151.205078125,355.0,20.2,49,0.82,True
2026-10-10T18:45:00+11:00,2681896,2507_208,-33.810943603515625,151.2109832763672,279.0,0.0,360,6.0,False
2026-10-10T18:45:00+11:00,2644626,2507_120,-33.810428619384766,151.1995849609375,178.0,0.0,311,5.18,True
2026-10-10T18:45:00+11:00,2732012,2507_291,-33.843833923339844,151.2045440673828,195.0,0.0,174,2.9,True
2026-10-10T18:45:00+11:00,2643478,2507_52,-33.86845016479492,151.1779022216797,64.0,5.4,178,2.97,True
2026-10-10T18:45:00+11:00,2322470,2507_506,-33.86908721923828,151.17642211914062,271.0,19.1,116,1.93,True
2026-10-10T18:45:00+11:00,2538027,2507_506,-33.868316650390625,151.17848205566406,66.0,9.7,31,0.52,True
2026-10-10T18:45:00+11:00,2738337,2507_533,-33.79751968383789,151.17909240722656,245.0,0.0,176,2.93,True
2026-10-10T18:45:00+11:00,2644272,2507_120,-33.80118942260742,151.19869995117188,190.0,42.1,-118,-1.97,False
2026-10-10T18:45:00+11:00,2575730,2509_374,-33.885440826416016,151.2073974609375,52.0,39.6,-160,-2.67,False
2026-10-10T18:45:00+11:00,2356329,2509_373,-33.90959930419922,151.239501953125,9.0,21.2,417,6.95,False
2026-10-10T18:45:00+11:00,2532429,2509_333,-33.88930892944336,151.2328643798828,128.0,0.0,556,9.27,False
2026-10-10T18:45:00+11:00,2403195,2509_311,-33.879329681396484,151.20916748046875,185.0,0.0,499,8.32,False
2026-10-10T18:45:00+11:00,2532666,2509_380,-33.8781852722168,151.2798614501953,189.0,45.0,309,5.15,True
2026-10-10T18:45:00+11:00,2356107,2509_343,-33.92560577392578,151.22825622558594,344.0,3.6,0,0.0,True
2026-10-10T18:45:00+11:00,2146613,2509_396,-33.873016357421875,151.20993041992188,191.0,13.3,652,10.87,False
2026-10-10T18:45:00+11:00,2533536,2509_333,-33.88983917236328,151.28195190429688,302.0,32.4,173,2.88,True
2026-10-10T18:45:00+11:00,2356938,2509_370,-33.912132263183594,151.2235107421875,318.0,6.1,16,0.27,True
2026-10-10T18:45:00+11:00,2531255,2509_355,-33.89668273925781,151.2266845703125,113.0,23.8,-196,-3.27,False
2026-10-10T18:45:00+11:00,2352721,2509_356,-33.94194793701172,151.2406768798828,275.0,0.0,-49,-0.82,True
2026-10-10T18:45:00+11:00,2533244,2509_333,-33.89082717895508,151.24415588378906,291.0,40.0,-52,-0.87,True
2026-10-10T18:45:00+11:00,2533200,2509_350,-33.94091033935547,151.2602081298828,306.0,51.8,410,6.83,False
2026-10-10T18:45:00+11:00,2488478,2509_392,-33.892616271972656,151.20045471191406,203.0,0.0,296,4.93,True
2026-10-10T18:45:00+11:00,2531797,2509_350,-33.903900146484375,151.25473022460938,209.0,38.5,-24,-0.4,True
2026-10-10T18:45:00+11:00,2532716,2509_350,-33.891204833984375,151.24942016601562,277.0,19.8,414,6.9,False
2026-10-10T18:45:00+11:00,2533631,2509_325,-33.87118148803711,151.20555114746094,354.0,0.0,392,6.53,False
2026-10-10T18:45:00+11:00,2533791,2509_380,-33.868499755859375,151.28167724609375,14.0,22.3,713,11.88,False
2026-10-10T18:45:00+11:00,2532303,2509_380,-33.89197540283203,151.2505645751953,259.0,25.6,48,0.8,True
2026-10-10T18:45:00+11:00,2531700,2509_333,-33.894935607910156,151.27020263671875,280.0,36.0,238,3.97,True
2026-10-10T18:45:00+11:00,2531619,2509_360,-33.90061950683594,151.2636260986328,279.0,31.7,-10,-0.17,True
2026-10-10T18:45:00+11:00,2628737,2509_304,-33.890228271484375,151.21298217773438,190.0,0.0,835,13.92,False
2026-10-10T18:45:00+11:00,2356441,2509_343,-33.90706253051758,151.20751953125,144.0,0.0,99,1.65,True
2026-10-10T18:45:00+11:00,2352276,2509_392,-33.8935432434082,151.1988067626953,21.0,0.0,0,0.0,True
2026-10-10T18:45:00+11:00,2628608,2509_304,-33.899417877197266,151.21315002441406,324.0,16.9,790,13.17,False
2026-10-10T18:45:00+11:00,2533515,2509_350,-33.93349838256836,151.1785125732422,281.0,22.3,-401,-6.68,False
2026-10-10T18:45:00+11:00,2628735,2509_304,-33.907840728759766,151.20465087890625,187.0,0.0,501,8.35,False
2026-10-10T18:45:00+11:00,2356590,2509_343,-33.8630256652832,151.21189880371094,6.0,0.0,0,0.0,True
2026-10-10T18:45:00+11:00,2531722,2509_333,-33.89264678955078,151.2549285888672,328.0,24.1,74,1.23,True
2026-10-10T18:45:00+11:00,2531922,2509_352,-33.90388107299805,151.1768798828125,240.0,0.0,162,2.7,True
2026-10-10T18:45:00+11:00,2532902,2509_333,-33.8698616027832,151.21034240722656,8.0,33.8,28,0.47,True
2026-10-10T18:45:00+11:00,2534048,2509_350,-33.934200286865234,151.1970977783203,259.0,42.5,176,2.93,True
2026-10-10T18:45:00+11:00,2398259,2509_392,-33.90595245361328,151.21664428710938,334.0,41.8,465,7.75,False
2026-10-10T18:45:00+11:00,2533482,2509_333,-33.888336181640625,151.2317657470703,138.0,1.4,292,4.87,True
2026-10-10T18:45:00+11:00,2140525,2509_375,-33.92457580566406,151.24411010742188,280.0,28.8,190,3.17,True
2026-10-10T18:45:00+11:00,2533566,2509_333,-33.8664436340332,151.2107391357422,6.0,18.0,88,1.47,True
2026-10-10T18:45:00+11:00,2352344,2509_307,-33.941261291503906,151.2276153564453,24.0,26.6,-79,-1.32,False
2026-10-10T18:45:00+11:00,2531920,2509_324,-33.843631744384766,151.28407287597656,5.0,0.0,8,0.13,True
2026-10-10T18:45:00+11:00,2356691,2509_343,-33.908592224121094,151.20693969726562,24.0,1.8,-90,-1.5,False
2026-10-10T18:45:00+11:00,2335572,2509_309,-33.896820068359375,151.1985321044922,252.0,4.0,312,5.2,True
2026-10-10T18:45:00+11:00,2399689,2509_390X,-33.9251823425293,151.22935485839844,304.0,27.4,-72,-1.2,False
2026-10-10T18:45:00+11:00,2534102,2509_333,-33.889949798583984,151.28306579589844,210.0,0.4,0,0.0,True
2026-10-10T18:45:00+11:00,2534583,2509_350,-33.94747543334961,151.25546264648438,50.0,0.0,15,0.25,True
2026-10-10T18:45:00+11:00,2398219,2509_392,-33.90643310546875,151.21685791015625,342.0,29.2,1138,18.97,False
2026-10-10T18:45:00+11:00,2137356,2509_396,-33.91580581665039,151.22567749023438,169.0,25.2,665,11.08,False
2026-10-10T18:45:00+11:00,2532425,2509_333,-33.881038665771484,151.2178192138672,299.0,13.3,231,3.85,True
2026-10-10T18:45:00+11:00,2531125,2509_333,-33.861751556396484,151.21212768554688,149.0,10.8,0,0.0,True
2026-10-10T18:45:00+11:00,2434618,2509_390X,-33.914886474609375,151.22567749023438,279.0,5.4,339,5.65,True
2026-10-10T18:45:00+11:00,2399980,2509_390X,-33.90074920654297,151.25376892089844,331.0,0.0,-198,-3.3,False
2026-10-10T18:45:00+11:00,2357055,2509_374,-33.88386535644531,151.1920928955078,130.0,26.6,0,0.0,True
2026-10-10T18:45:00+11:00,2740476,2509_379,-33.89109802246094,151.24839782714844,277.0,0.0,204,3.4,True
2026-10-10T18:45:00+11:00,2356269,2509_370,-33.91062927246094,151.20541381835938,275.0,37.8,212,3.53,True
2026-10-10T18:45:00+11:00,2628657,2509_304,-33.86290740966797,151.2119598388672,7.0,0.0,0,0.0,True
2026-10-10T18:45:00+11:00,2532825,2509_350,-33.930198669433594,151.1945343017578,192.0,34.6,-7,-0.12,True
2026-10-10T18:45:00+11:00,2140194,2509_396,-33.873291015625,151.2099151611328,179.0,15.8,1199,19.98,False
2026-10-10T18:45:00+11:00,2534227,2509_350,-33.932884216308594,151.17967224121094,100.0,0.0,0,0.0,True
2026-10-10T18:45:00+11:00,2434899,2509_390X,-33.89956283569336,151.25279235839844,133.0,29.2,108,1.8,True
2026-10-10T18:45:00+11:00,2532186,2509_362,-33.919315338134766,151.25709533691406,11.0,0.0,0,0.0,True
2026-10-10T18:45:00+11:00,2532662,2509_333,-33.89052200317383,151.2388153076172,77.0,43.9,830,13.83,False
2026-10-10T18:45:00+11:00,2400456,2509_309,-33.90403366088867,151.20245361328125,339.0,30.2,-14,-0.23,True
2026-10-10T18:45:00+11:00,2740522,2509_379,-33.891170501708984,151.25308227539062,74.0,0.0,220,3.67,True
2026-10-10T18:45:00+11:00,2740495,2509_370,-33.87971878051758,151.18704223632812,149.0,19.4,58,0.97,True
2026-10-10T18:45:00+11:00,2352517,2509_307,-33.92515182495117,151.19309997558594,99.0,33.1,952,15.87,False
2026-10-10T18:45:00+11:00,2356794,2509_373,-33.882781982421875,151.21742248535156,171.0,27.7,-73,-1.22,False
2026-10-10T18:45:00+11:00,2139563,2509_396,-33.87577819824219,151.20960998535156,6.0,46.4,-44,-0.73,True
2026-10-10T18:45:00+11:00,2434746,2509_390X,-33.948333740234375,151.24107360839844,165.0,45.7,43,0.72,True
2026-10-10T18:45:00+11:00,2628643,2509_304,-33.88041687011719,151.2124481201172,103.0,29.2,593,9.88,False
2026-10-10T18:45:00+11:00,2137323,2509_306,-33.93029022216797,151.19924926757812,99.0,35.3,-22,-0.37,True
2026-10-10T18:45:00+11:00,2352480,2509_392,-33.90639877319336,151.2168731689453,167.0,38.5,231,3.85,True
2026-10-10T18:45:00+11:00,2531863,2509_350,-33.94429016113281,151.2267608642578,11.0,0.0,76,1.27,True
2026-10-10T18:45:00+11:00,2532550,2509_350,-33.92332077026367,151.2562713623047,194.0,3.6,71,1.18,True
2026-10-10T18:45:00+11:00,2532235,2509_350,-33.945884704589844,151.2267608642578,57.0,0.0,-1,-0.02,True
2026-10-10T18:45:00+11:00,2140838,2509_375,-33.95556640625,151.23074340820312,76.0,26.6,51,0.85,True
2026-10-10T18:45:00+11:00,2531627,2509_333,-33.893741607666016,151.2622528076172,102.0,0.4,803,13.38,False
2026-10-10T18:45:00+11:00,2531712,2509_313,-33.900020599365234,151.25344848632812,325.0,31.3,126,2.1,True
2026-10-10T18:45:00+11:00,2534612,2509_360,-33.900997161865234,151.26272583007812,21.0,23.4,52,0.87,True
2026-10-10T18:45:00+11:00,2531575,2509_333,-33.87045669555664,151.21026611328125,7.0,34.9,-136,-2.27,False
2026-10-10T18:45:00+11:00,2470829,2509_356,-33.902896881103516,151.24468994140625,10.0,0.0,716,11.93,False
2026-10-10T18:45:00+11:00,2532356,2509_380,-33.89326095581055,151.2728729248047,356.0,41.0,233,3.88,True
2026-10-10T18:45:00+11:00,2533222,2509_333,-33.88165283203125,151.2190399169922,301.0,0.0,-182,-3.03,False
2026-10-10T18:45:00+11:00,2628764,2509_304,-33.86835479736328,151.2105255126953,186.0,31.0,410,6.83,False
2026-10-10T18:45:00+11:00,2470842,2509_356,-33.93719482421875,151.2424774169922,10.0,20.9,132,2.2,True
2026-10-10T18:45:00+11:00,2488461,2509_392,-33.92681884765625,151.2286834716797,166.0,35.3,107,1.78,True
2026-10-10T18:45:00+11:00,2533028,2509_333,-33.88932800292969,151.28343200683594,221.0,0.0,0,0.0,True
2026-10-10T18:45:00+11:00,2356921,2509_343,-33.87146759033203,151.2101287841797,5.0,11.9,-117,-1.95,False
2026-10-10T18:45:00+11:00,2740405,2509_370,-33.90116500854492,151.1928253173828,35.0,0.0,-41,-0.68,True
2026-10-10T18:45:00+11:00,2531986,2509_355,-33.899688720703125,151.17086791992188,26.0,0.0,48,0.8,True
2026-10-10T18:45:00+11:00,2740282,2509_370,-33.8912239074707,151.1886444091797,219.0,13.7,230,3.83,True
2026-10-10T18:45:00+11:00,2398216,2509_392,-33.90734100341797,151.21737670898438,324.0,29.5,-74,-1.23,False
2026-10-10T18:45:00+11:00,2532426,2509_381,-33.89197540283203,151.25057983398438,259.0,25.2,-317,-5.28,False
2026-10-10T18:45:00+11:00,2533325,2509_362,-33.87169647216797,151.2622833251953,349.0,0.0,0,0.0,True
2026-10-10T18:45:00+11:00,2335387,2509_309,-33.930362701416016,151.19442749023438,11.0,31.0,74,1.23,True
2026-10-10T18:45:00+11:00,2533777,2509_333,-33.89076614379883,151.23765563964844,259.0,53.3,-19,-0.32,True
2026-10-10T18:45:00+11:00,2532523,2509_325,-33.870574951171875,151.26821899414062,55.0,21.2,137,2.28,True
2026-10-10T18:45:00+11:00,2532348,2509_325,-33.8726921081543,151.24815368652344,254.0,38.9,-9,-0.15,True
2026-10-10T18:45:00+11:00,2531283,2509_333,-33.890567779541016,151.27468872070312,47.0,0.0,-63,-1.05,False
2026-10-10T18:45:00+11:00,2628671,2509_304,-33.86330032348633,151.2125701904297,268.0,6.1,,,
2026-10-10T18:45:00+11:00,2357487,2509_370,-33.9190559387207,151.24591064453125,298.0,49.0,6,0.1,True
2026-10-10T18:45:00+11:00,2628752,2509_304,-33.86996078491211,151.21034240722656,7.0,34.2,34,0.57,True
2026-10-10T18:45:00+11:00,2356988,2509_343,-33.8930549621582,151.20584106445312,278.0,0.0,77,1.28,True
2026-10-10T18:45:00+11:00,2534439,2509_386,-33.85929870605469,151.27822875976562,217.0,19.8,-3,-0.05,True
2026-10-10T18:45:00+11:00,2137716,2509_396,-33.92951202392578,151.23593139648438,130.0,0.4,836,13.93,False
2026-10-10T18:45:00+11:00,2356103,2509_373,-33.876853942871094,151.2106170654297,271.0,0.0,-329,-5.48,False
2026-10-10T18:45:00+11:00,2532663,2509_333,-33.88591003417969,151.2671661376953,43.0,1.4,0,0.0,True
2026-10-10T18:45:00+11:00,2434777,2509_390X,-33.891029357910156,151.24884033203125,278.0,0.0,0,0.0,True
2026-10-10T18:45:00+11:00,2399794,2509_390X,-33.91779327392578,151.22605895996094,350.0,45.4,362,6.03,False
2026-10-10T18:45:00+11:00,2138015,2509_306,-33.92805099487305,151.2103729248047,16.0,14.4,908,15.13,False
2026-10-10T18:45:00+11:00,2434552,2509_390X,-33.91548538208008,151.22999572753906,279.0,34.6,-127,-2.12,False
2026-10-10T18:45:00+11:00,2137338,2509_375,-33.925865173339844,151.25062561035156,106.0,11.2,205,3.42,True
2026-10-10T18:45:00+11:00,2352448,2509_307,-33.94575881958008,151.20896911621094,146.0,44.6,934,15.57,False
2026-10-10T18:45:00+11:00,2146448,2509_396,-33.86526107788086,151.21261596679688,185.0,9.0,169,2.82,True
2026-10-10T18:45:00+11:00,2675056,2509_309,-33.89292526245117,151.2002716064453,210.0,23.8,116,1.93,True
2026-10-10T18:45:00+11:00,2138092,2509_396,-33.94654083251953,151.2565460205078,44.0,18.7,103,1.72,True
2026-10-10T18:45:00+11:00,2356011,2509_374,-33.91347122192383,151.24560546875,96.0,1.4,176,2.93,True
2026-10-10T18:45:00+11:00,2691262,2509_324,-33.876708984375,151.22618103027344,272.0,35.3,-17,-0.28,True
2026-10-10T18:45:00+11:00,2740363,2509_370,-33.8634033203125,151.21131896972656,84.0,7.9,3376,56.27,False
2026-10-10T18:45:00+11:00,2532771,2509_355,-33.900474548339844,151.1994171142578,163.0,2.5,200,3.33,True
2026-10-10T18:45:00+11:00,2532245,2509_333,-33.869747161865234,151.2103729248047,183.0,43.6,294,4.9,True
2026-10-10T18:45:00+11:00,2740294,2509_379,-33.89603805541992,151.25106811523438,331.0,31.0,4,0.07,True
2026-10-10T18:45:00+11:00,2740274,2509_370,-33.910369873046875,151.20382690429688,100.0,18.0,172,2.87,True
2026-10-10T18:45:00+11:00,2357528,2509_373,-33.89833450317383,151.2225799560547,171.0,41.0,159,2.65,True
2026-10-10T18:45:00+11:00,2532213,2509_362,-33.887027740478516,151.27137756347656,128.0,6.5,124,2.07,True
2026-10-10T18:45:00+11:00,2356785,2509_374,-33.890838623046875,151.21011352539062,115.0,31.3,59,0.98,True
2026-10-10T18:45:00+11:00,2531726,2509_352,-33.88866424560547,151.1913299560547,59.0,29.9,127,2.12,True
2026-10-10T18:45:00+11:00,2531481,2509_350,-33.90650177001953,151.25408935546875,336.0,38.9,193,3.22,True
2026-10-10T18:45:00+11:00,2357478,2509_373,-33.90923309326172,151.23974609375,141.0,6.8,414,6.9,False
2026-10-10T18:45:00+11:00,2533183,2509_324,-33.85594940185547,151.20704650878906,220.0,0.0,140,2.33,True
2026-10-10T18:45:00+11:00,2403070,2509_311,-33.865875244140625,151.22402954101562,25.0,40.0,351,5.85,True
2026-10-10T18:45:00+11:00,2357601,2509_339,-33.91286849975586,151.26426696777344,76.0,32.0,-361,-6.02,False
2026-10-10T18:45:00+11:00,2740437,2509_370,-33.87208938598633,151.17991638183594,195.0,0.0,0,0.0,True
2026-10-10T18:45:00+11:00,2534621,2509_325,-33.867225646972656,151.20602416992188,172.0,0.0,226,3.77,True
2026-10-10T18:45:00+11:00,2356896,2509_370,-33.89567184448242,151.18113708496094,44.0,17.3,46,0.77,True
2026-10-10T18:45:00+11:00,2531476,2509_327,-33.886512756347656,151.2467041015625,260.0,1.8,131,2.18,True
2026-10-10T18:45:00+11:00,2357354,2509_343,-33.8794059753418,151.2091522216797,185.0,0.0,332,5.53,True
2026-10-10T18:45:00+11:00,2137153,2509_396,-33.90935516357422,151.2232208251953,6.0,1.1,359,5.98,True
2026-10-10T18:45:00+11:00,2532788,2509_324,-33.8756103515625,151.22186279296875,206.0,0.0,123,2.05,True
2026-10-10T18:45:00+11:00,2531505,2509_324,-33.84481430053711,151.28265380859375,29.0,11.2,0,0.0,True
2026-10-10T18:45:00+11:00,2356392,2509_311,-33.874542236328125,151.2229766845703,43.0,20.9,693,11.55,False
2026-10-10T18:45:00+11:00,2533383,2509_333,-33.88140869140625,151.21856689453125,297.0,1.4,66,1.1,True
2026-10-10T18:45:00+11:00,2532011,2509_326,-33.87562942504883,151.25921630859375,165.0,0.0,237,3.95,True
2026-10-10T18:45:00+11:00,2355984,2509_370,-33.885833740234375,151.19415283203125,18.0,32.8,67,1.12,True
2026-10-10T18:45:00+11:00,2139508,2509_396,-33.926536560058594,151.2310028076172,316.0,40.7,64,1.07,True
2026-10-10T18:45:00+11:00,2534014,2509_352,-33.89132308959961,151.24810791015625,99.0,0.0,0,0.0,True
2026-10-10T18:45:00+11:00,2356643,2509_373,-33.91862869262695,151.2422332763672,347.0,35.6,107,1.78,True
2026-10-10T18:45:00+11:00,2740279,2509_379,-33.88528823852539,151.27418518066406,97.0,30.2,182,3.03,True
2026-10-10T18:45:00+11:00,2564425,2509_387,-33.88578414916992,151.26548767089844,336.0,36.0,-66,-1.1,False
2026-10-10T18:45:00+11:00,2357494,2509_373,-33.9196662902832,151.2571258544922,189.0,0.0,0,0.0,True
2026-10-10T18:45:00+11:00,2575754,2509_374,-33.913475036621094,151.24551391601562,275.0,0.0,-32,-0.53,True
2026-10-10T18:45:00+11:00,2356851,2509_373,-33.91965103149414,151.25701904296875,10.0,0.0,0,0.0,True
2026-10-10T18:45:00+11:00,2300853,2509_399,-33.927223205566406,151.2325439453125,135.0,42.1,229,3.82,True
2026-10-10T18:45:00+11:00,2740304,2509_370,-33.91880798339844,151.25711059570312,93.0,15.5,-362,-6.03,False
2026-10-10T18:45:00+11:00,2532894,2509_333,-33.873573303222656,151.20986938476562,6.0,27.4,-107,-1.78,False
2026-10-10T18:45:00+11:00,2740501,2509_379,-33.904598236083984,151.2671356201172,114.0,0.0,0,0.0,True
2026-10-10T18:45:00+11:00,2675110,2509_309,-33.955928802490234,151.20567321777344,155.0,49.0,48,0.8,True
2026-10-10T18:45:00+11:00,2139226,2509_306,-33.92472839355469,151.21035766601562,218.0,22.0,-4,-0.07,True
2026-10-10T18:45:00+11:00,2564456,2509_386,-33.86930465698242,151.27003479003906,38.0,0.0,363,6.05,False
2026-10-10T18:45:00+11:00,2533787,2509_333,-33.87826919555664,151.2139892578125,134.0,36.0,327,5.45,True
2026-10-10T18:45:00+11:00,2740393,2509_379,-33.90457534790039,151.2671661376953,107.0,0.0,0,0.0,True
2026-10-10T18:45:00+11:00,2533127,2509_333,-33.89438247680664,151.26666259765625,280.0,27.7,-50,-0.83,True
2026-10-10T18:45:00+11:00,2357328,2509_339,-33.884727478027344,151.2115936279297,285.0,5.8,9,0.15,True
2026-10-10T18:45:00+11:00,2740384,2509_370,-33.91593551635742,151.23365783691406,99.0,0.0,25,0.42,True
2026-10-10T18:45:00+11:00,2534645,2509_352,-33.881263732910156,151.2183837890625,301.0,0.0,489,8.15,False
2026-10-10T18:45:00+11:00,2356034,2509_339,-33.914146423339844,151.2661895751953,129.0,0.0,502,8.37,False
2026-10-10T18:45:00+11:00,2740500,2509_379,-33.8892822265625,151.25953674316406,230.0,0.0,-72,-1.2,False
2026-10-10T18:45:00+11:00,2398243,2509_392,-33.941139221191406,151.2277374267578,22.0,0.4,109,1.82,True
2026-10-10T18:45:00+11:00,2531557,2509_350,-33.9460563659668,151.2430877685547,255.0,0.0,-139,-2.32,False
2026-10-10T18:45:00+11:00,2675129,2509_309,-33.892494201660156,151.20050048828125,193.0,0.0,716,11.93,False
2026-10-10T18:45:00+11:00,2531315,2509_324,-33.875083923339844,151.2235870361328,99.0,0.0,357,5.95,True
2026-10-10T18:45:00+11:00,2357222,2509_343,-33.86330795288086,151.21258544921875,84.0,0.0,227,3.78,True
2026-10-10T18:45:00+11:00,2356920,2509_370,-33.90760040283203,151.1869659423828,265.0,28.1,46,0.77,True
2026-10-10T18:45:00+11:00,2357371,2509_311,-33.85796356201172,151.20262145996094,136.0,18.7,378,6.3,False
2026-10-10T18:45:00+11:00,2357072,2509_343,-33.907405853271484,151.20758056640625,153.0,1.8,693,11.55,False
2026-10-10T18:45:00+11:00,2747970,700011_27T4,-33.93492889404297,151.20965576171875,53.0,72.0,-524,-8.73,False
2026-10-10T18:45:00+11:00,2748000,700011_27T4,-33.89411926269531,151.21629333496094,4.0,0.0,28,0.47,True
2026-10-10T18:45:00+11:00,2722612,700012_36SC,-33.88918685913086,151.2027587890625,100.0,40.0,476,7.93,False
2026-10-10T18:45:00+11:00,2748555_2,700012_36SC,-33.8857421875,151.2172393798828,300.0,6.1,,,
2026-10-10T18:45:00+11:00,2722505,700012_43SC,-33.892032623291016,151.21641540527344,99.0,30.2,521,8.68,False
2026-10-10T19:00:00+11:00,2088297,2508_160X,-33.79594802856445,151.18121337890625,343.0,0.0,0,0.0,True
2026-10-10T19:00:00+11:00,2340680,2459_438X,-33.881710052490234,151.13975524902344,320.0,0.0,116,1.93,True
2026-10-10T19:00:00+11:00,2719205,2514_271,-33.77994155883789,151.19578552246094,160.0,38.2,-122,-2.03,False
2026-10-10T19:00:00+11:00,2608964,2459_430,-33.88961410522461,151.1900634765625,216.0,21.6,23,0.38,True
2026-10-10T19:00:00+11:00,2530278,7084_SW2,-33.9090576171875,151.1532745361328,299.0,41.4,-7,-0.12,True
2026-10-10T19:00:00+11:00,2283271,2459_426,-33.86568069458008,151.21128845214844,20.0,27.4,0,0.0,True
2026-10-10T19:00:00+11:00,2308767,2459_445,-33.90503692626953,151.13302612304688,95.0,28.1,312,5.2,True
2026-10-10T19:00:00+11:00,2288077,2459_431,-33.87860107421875,151.1859893798828,323.0,0.0,168,2.8,True
2026-10-10T19:00:00+11:00,2686131,2459_423,-33.884578704833984,151.19471740722656,208.0,16.9,232,3.87,True
2026-10-10T19:00:00+11:00,2289923,2459_438X,-33.884063720703125,151.15235900878906,85.0,36.0,147,2.45,True
2026-10-10T19:00:00+11:00,2375432,2508_100,-33.84181213378906,151.24346923828125,31.0,0.0,0,0.0,True
2026-10-10T19:00:00+11:00,2636661,2459_415,-33.877376556396484,151.10284423828125,279.0,16.2,294,4.9,True
2026-10-10T19:00:00+11:00,2375151,2508_144,-33.801048278808594,151.24325561523438,48.0,30.6,-57,-0.95,True
2026-10-10T19:00:00+11:00,2596541,2459_492,-33.875022888183594,151.1056671142578,97.0,34.9,337,5.62,True
2026-10-10T19:00:00+11:00,2683083,7083_SW1,-33.91407775878906,151.16635131835938,0.0,0.0,-185,-3.08,False
2026-10-10T19:00:00+11:00,2450151,2508_225,-33.841800689697266,151.2189178466797,182.0,0.0,4,0.07,True
2026-10-10T19:00:00+11:00,2038911,2459_440,-33.88876724243164,151.2323455810547,145.0,20.5,-632,-10.53,False
2026-10-10T19:00:00+11:00,2738792,7063_13T4,-33.93589401245117,151.1504364013672,213.0,52.6,-9,-0.15,True
2026-10-10T19:00:00+11:00,2668383,2459_420,-33.93964385986328,151.1474151611328,37.0,0.0,435,7.25,False
2026-10-10T19:00:00+11:00,2420695,2508_230,-33.82926940917969,151.244140625,4.0,11.9,117,1.95,True
2026-10-10T19:00:00+11:00,2284505,2459_437,-33.86966323852539,151.1746063232422,61.0,11.9,64,1.07,True
2026-10-10T19:00:00+11:00,2554008,2459_358,-33.923805236816406,151.2120819091797,117.0,43.2,-46,-0.77,True
2026-10-10T19:00:00+11:00,2530268,7084_SW2,-33.914249420166016,151.1661376953125,236.0,0.0,-83,-1.38,False
2026-10-10T19:00:00+11:00,2530321,7084_SW2,-33.914581298828125,151.165283203125,224.0,0.0,0,0.0,True
2026-10-10T19:00:00+11:00,2596625,2459_491,-33.88644027709961,151.1246795654297,32.0,28.1,306,5.1,True
2026-10-10T19:00:00+11:00,2288007,2459_433,-33.857303619384766,151.18057250976562,119.0,0.0,-60,-1.0,False
2026-10-10T19:00:00+11:00,2424287,2508_230,-33.8389778137207,151.20669555664062,11.0,11.2,136,2.27,True
2026-10-10T19:00:00+11:00,2289890,2459_438X,-33.88312530517578,151.2039337158203,50.0,0.0,316,5.27,True
2026-10-10T19:00:00+11:00,1904157,2459_461X,-33.88738250732422,151.1736602783203,261.0,26.3,6,0.1,True
2026-10-10T19:00:00+11:00,2736969,2459_428,-33.88820266723633,151.19241333007812,236.0,0.0,545,9.08,False
2026-10-10T19:00:00+11:00,2741405,700015_3AT4,-33.89055633544922,151.20962524414062,295.0,12.2,-598,-9.97,False
2026-10-10T19:00:00+11:00,2475099,2459_389,-33.87323760986328,151.1959686279297,154.0,5.8,-102,-1.7,False
2026-10-10T19:00:00+11:00,2283164,2459_426,-33.89848709106445,151.17633056640625,80.0,22.3,250,4.17,True
2026-10-10T19:00:00+11:00,2287572,2459_442,-33.85810089111328,151.18894958496094,259.0,0.0,1096,18.27,False
2026-10-10T19:00:00+11:00,2719267,2514_565,-33.78407669067383,151.17642211914062,312.0,47.5,-14,-0.23,True
2026-10-10T19:00:00+11:00,2284451,2459_303,-33.92105484008789,151.23793029785156,281.0,0.0,0,0.0,True
2026-10-10T19:00:00+11:00,2714018,2508_144,-33.830055236816406,151.21766662597656,271.0,36.7,524,8.73,False
2026-10-10T19:00:00+11:00,2609059,2459_430,-33.909767150878906,151.16209411621094,35.0,2.5,28,0.47,True
2026-10-10T19:00:00+11:00,2710744,2504_610X,-33.86998748779297,151.20616149902344,174.0,0.0,0,0.0,True
2026-10-10T19:00:00+11:00,2374875,2508_173X,-33.81855010986328,151.2439422607422,352.0,42.8,417,6.95,False
2026-10-10T19:00:00+11:00,2719095,2514_194,-33.87044143676758,151.20545959472656,352.0,0.0,0,0.0,True
2026-10-10T19:00:00+11:00,2686128,2459_423,-33.86762237548828,151.21060180664062,185.0,32.4,295,4.92,True
2026-10-10T19:00:00+11:00,2736935,2459_308,-33.88085174560547,151.2088165283203,11.0,14.8,-133,-2.22,False
2026-10-10T19:00:00+11:00,1904156,2459_461X,-33.887760162353516,151.14186096191406,312.0,0.0,405,6.75,False
2026-10-10T19:00:00+11:00,2737141,2459_428,-33.865013122558594,151.2108612060547,220.0,0.0,0,0.0,True
2026-10-10T19:00:00+11:00,2283680,2459_423,-33.884063720703125,151.19931030273438,88.0,43.2,-63,-1.05,False
2026-10-10T19:00:00+11:00,2285596,2459_389,-33.891204833984375,151.24972534179688,354.0,0.0,71,1.18,True
2026-10-10T19:00:00+11:00,2210727,2459_413,-33.90229797363281,151.1171875,307.0,15.8,-74,-1.23,False
2026-10-10T19:00:00+11:00,2376002,2508_B1,-33.82331848144531,151.24298095703125,233.0,31.3,4,0.07,True
2026-10-10T19:00:00+11:00,2374824,2508_100,-33.83018112182617,151.21310424804688,4.0,33.5,201,3.35,True
2026-10-10T19:00:00+11:00,2740769,7066_28T4,-33.91339111328125,151.18124389648438,124.0,51.8,-517,-8.62,False
2026-10-10T19:00:00+11:00,2515176,2459_410,-33.86084747314453,151.10440063476562,297.0,0.0,311,5.18,True
2026-10-10T19:00:00+11:00,2421007,2508_238,-33.84542465209961,151.24269104003906,133.0,37.8,34,0.57,True
2026-10-10T19:00:00+11:00,2284587,2459_437,-33.86561584472656,151.14083862304688,344.0,36.0,-179,-2.98,False
2026-10-10T19:00:00+11:00,2660249,2459_320,-33.88664245605469,151.2066192626953,10.0,32.4,-399,-6.65,False
2026-10-10T19:00:00+11:00,1960144,2459_413,-33.884193420410156,151.1970672607422,89.0,28.1,205,3.42,True
2026-10-10T19:00:00+11:00,2713969,2508_114,-33.829795837402344,151.2439727783203,353.0,22.0,286,4.77,True
2026-10-10T19:00:00+11:00,2554020,2459_358,-33.92361068725586,151.2111053466797,287.0,45.4,-248,-4.13,False
2026-10-10T19:00:00+11:00,2290369,2459_438X,-33.87656021118164,151.20950317382812,182.0,0.0,36,0.6,True
2026-10-10T19:00:00+11:00,2283526,2459_423,-33.91773223876953,151.1478271484375,57.0,40.3,-71,-1.18,False
2026-10-10T19:00:00+11:00,2289685,2459_426,-33.89313507080078,151.18394470214844,245.0,2.9,301,5.02,True
2026-10-10T19:00:00+11:00,2636736,2459_504,-33.868961334228516,151.17672729492188,247.0,20.2,185,3.08,True
2026-10-10T19:00:00+11:00,2718787,2514_281,-33.791011810302734,151.19839477539062,341.0,35.6,52,0.87,True
2026-10-10T19:00:00+11:00,2739187,7057_26T4,-33.88017272949219,151.20751953125,283.0,0.0,0,0.0,True
2026-10-10T19:00:00+11:00,2373935,2508_100,-33.86408996582031,151.20550537109375,181.0,0.0,-233,-3.88,False
2026-10-10T19:00:00+11:00,2393257,2508_114,-33.83127975463867,151.2220001220703,119.0,0.7,430,7.17,False
2026-10-10T19:00:00+11:00,2668456,2459_420,-33.926551818847656,151.18775939941406,143.0,0.0,-8,-0.13,True
2026-10-10T19:00:00+11:00,2286102,2459_437,-33.86785888671875,151.1798858642578,266.0,56.2,-117,-1.95,False
2026-10-10T19:00:00+11:00,2737125,2459_428,-33.90519714355469,151.13758850097656,246.0,35.6,-58,-0.97,True
2026-10-10T19:00:00+11:00,2609038,2459_430,-33.90968704223633,151.1622772216797,214.0,30.2,470,7.83,False
2026-10-10T19:00:00+11:00,2287944,2459_389,-33.87086868286133,151.19461059570312,344.0,9.7,665,11.08,False
2026-10-10T19:00:00+11:00,2636755,2459_415,-33.847774505615234,151.14132690429688,31.0,0.0,0,0.0,True
2026-10-10T19:00:00+11:00,2741093,7016_7T4,-33.91556167602539,151.16543579101562,12.0,0.0,286,4.77,True
2026-10-10T19:00:00+11:00,2739242,7057_26T4,-33.923370361328125,151.2130126953125,310.0,70.2,-244,-4.07,False
2026-10-10T19:00:00+11:00,2373829,2508_100,-33.842132568359375,151.24378967285156,185.0,0.0,0,0.0,True
2026-10-10T19:00:00+11:00,2290291,2459_422,-33.892086029052734,151.1828155517578,162.0,42.8,37,0.62,True
2026-10-10T19:00:00+11:00,2579255,7084_SW2,-33.90398025512695,151.14059448242188,58.0,24.5,32,0.53,True
2026-10-10T19:00:00+11:00,2683020,7083_SW1,-33.910030364990234,151.1346435546875,236.0,16.9,31,0.52,True
2026-10-10T19:00:00+11:00,2741445,700015_3AT4,-33.885986328125,151.20689392089844,5.0,0.0,983,16.38,False
2026-10-10T19:00:00+11:00,2288606,2459_431,-33.86673355102539,151.21070861816406,186.0,0.0,0,0.0,True
2026-10-10T19:00:00+11:00,2579076,7084_SW2,-33.91007614135742,151.17068481445312,234.0,0.0,1378,22.97,False
2026-10-10T19:00:00+11:00,1964284,2459_413,-33.90279769897461,151.11892700195312,22.0,24.1,118,1.97,True
2026-10-10T19:00:00+11:00,2285733,2459_418,-33.915321350097656,151.16574096679688,50.0,0.0,115,1.92,True
2026-10-10T19:00:00+11:00,2618669,2459_422,-33.912235260009766,151.1795196533203,208.0,0.0,491,8.18,False
2026-10-10T19:00:00+11:00,1912099,2459_483,-33.88994216918945,151.1470947265625,99.0,38.5,306,5.1,True
2026-10-10T19:00:00+11:00,2290408,2459_426,-33.90473937988281,151.14404296875,136.0,0.0,50,0.83,True
2026-10-10T19:00:00+11:00,2530015,7084_SW2,-33.913944244384766,151.1666717529297,225.0,0.0,-744,-12.4,False
2026-10-10T19:00:00+11:00,2475917,2459_530,-33.861366271972656,151.1388397216797,69.0,43.2,-126,-2.1,False
2026-10-10T19:00:00+11:00,2220650,2459_412,-33.884788513183594,151.19171142578125,261.0,33.1,236,3.93,True
2026-10-10T19:00:00+11:00,2554405,2459_358,-33.91621017456055,151.16607666015625,302.0,28.8,-170,-2.83,False
2026-10-10T19:00:00+11:00,2373875,2508_B1,-33.863128662109375,151.20521545410156,173.0,0.0,314,5.23,True
2026-10-10T19:00:00+11:00,2713910,2508_144,-33.795616149902344,151.2546844482422,250.0,49.3,104,1.73,True
2026-10-10T19:00:00+11:00,1904158,2459_461X,-33.87511444091797,151.20968627929688,186.0,18.7,-120,-2.0,False
2026-10-10T19:00:00+11:00,2686120,2459_423,-33.89796447753906,151.17813110351562,249.0,14.8,449,7.48,False
2026-10-10T19:00:00+11:00,2308804,2459_445,-33.85643005371094,151.1778564453125,112.0,0.0,-251,-4.18,False
2026-10-10T19:00:00+11:00,2415977,2508_B1,-33.84613037109375,151.21229553222656,343.0,57.2,-30,-0.5,True
2026-10-10T19:00:00+11:00,2284140,2459_440,-33.87945556640625,151.2154541015625,313.0,14.4,128,2.13,True
2026-10-10T19:00:00+11:00,2710419,2504_610X,-33.871826171875,151.2064208984375,173.0,0.0,0,0.0,True
2026-10-10T19:00:00+11:00,2710985,2504_610X,-33.83415985107422,151.2120361328125,199.0,69.5,-380,-6.33,False
2026-10-10T19:00:00+11:00,2683107,7083_SW1,-33.913780212402344,151.15306091308594,204.0,0.0,-6,-0.1,True
2026-10-10T19:00:00+11:00,2287235,2459_442,-33.85700988769531,151.19546508789062,80.0,0.0,0,0.0,True
2026-10-10T19:00:00+11:00,2287012,2459_428,-33.89915466308594,151.17181396484375,72.0,5.4,-13,-0.22,True
2026-10-10T19:00:00+11:00,2289567,2459_426,-33.87649154663086,151.2095184326172,184.0,3.2,182,3.03,True
2026-10-10T19:00:00+11:00,2620107,2459_530,-33.79651641845703,151.180419921875,178.0,0.0,0,0.0,True
2026-10-10T19:00:00+11:00,2719403,2514_281,-33.794960021972656,151.1822509765625,254.0,22.3,-74,-1.23,False
2026-10-10T19:00:00+11:00,2596637,2459_492,-33.85049057006836,151.15516662597656,113.0,0.0,0,0.0,True
2026-10-10T19:00:00+11:00,2530448,7084_SW2,-33.9057731628418,151.1359100341797,263.0,40.0,122,2.03,True
2026-10-10T19:00:00+11:00,2373697,2508_144,-33.83142852783203,151.22232055664062,113.0,0.0,188,3.13,True
2026-10-10T19:00:00+11:00,2210796,2459_413,-33.881080627441406,151.2064208984375,212.0,0.0,175,2.92,True
2026-10-10T19:00:00+11:00,2736988,2459_308,-33.90638732910156,151.1880340576172,220.0,0.0,301,5.02,True
2026-10-10T19:00:00+11:00,2284976,2459_428,-33.880958557128906,151.20655822753906,33.0,2.9,26,0.43,True
2026-10-10T19:00:00+11:00,2289029,2459_438X,-33.8645133972168,151.13037109375,185.0,30.2,133,2.22,True
2026-10-10T19:00:00+11:00,2374360,2508_B1,-33.83161544799805,151.22274780273438,268.0,0.0,-66,-1.1,False
2026-10-10T19:00:00+11:00,2289079,2459_440,-33.885093688964844,151.18539428710938,258.0,10.8,-136,-2.27,False
2026-10-10T19:00:00+11:00,2375837,2508_100,-33.8720703125,151.20643615722656,190.0,14.0,-87,-1.45,False
2026-10-10T19:00:00+11:00,2285894,2459_348,-33.907447814941406,151.18617248535156,290.0,16.9,76,1.27,True
2026-10-10T19:00:00+11:00,2596638,2459_492,-33.88653564453125,151.10800170898438,202.0,10.1,120,2.0,True
2026-10-10T19:00:00+11:00,2290705,2459_441,-33.86785125732422,151.18003845214844,85.0,24.5,-16,-0.27,True
2026-10-10T19:00:00+11:00,2287071,2459_423,-33.9062614440918,151.16500854492188,34.0,26.6,235,3.92,True
2026-10-10T19:00:00+11:00,2377266,2508_100,-33.85080337524414,151.211669921875,27.0,68.0,-60,-1.0,False
2026-10-10T19:00:00+11:00,2739157,7057_26T4,-33.882354736328125,151.21014404296875,119.0,34.9,0,0.0,True
2026-10-10T19:00:00+11:00,2280915,7083_SW3,-33.91482925415039,151.1639404296875,304.0,32.8,76,1.27,True
2026-10-10T19:00:00+11:00,2713950,2508_114,-33.828643798828125,151.20692443847656,279.0,0.4,695,11.58,False
2026-10-10T19:00:00+11:00,2737093,2459_445,-33.88405990600586,151.1500701904297,173.0,0.0,-107,-1.78,False
2026-10-10T19:00:00+11:00,2709420,2504_607X,-33.81233215332031,151.19395446777344,256.0,74.9,261,4.35,True
2026-10-10T19:00:00+11:00,2210356,2459_415,-33.874732971191406,151.104248046875,10.0,1.8,191,3.18,True
2026-10-10T19:00:00+11:00,2284873,2459_442,-33.865047454833984,151.1767578125,354.0,39.2,124,2.07,True
2026-10-10T19:00:00+11:00,2286604,2459_440,-33.890987396240234,151.24839782714844,92.0,0.0,0,0.0,True
2026-10-10T19:00:00+11:00,2038465,2459_412,-33.90047073364258,151.15330505371094,3.0,37.4,412,6.87,False
2026-10-10T19:00:00+11:00,2738829,7063_13T4,-33.940616607666016,151.14617919921875,45.0,53.3,238,3.97,True
2026-10-10T19:00:00+11:00,2209871,2459_464,-33.87472915649414,151.10421752929688,9.0,2.9,74,1.23,True
2026-10-10T19:00:00+11:00,2286038,2459_442,-33.85770034790039,151.19161987304688,260.0,39.6,-8,-0.13,True
2026-10-10T19:00:00+11:00,2285246,2459_422,-33.89154815673828,151.1827850341797,341.0,43.6,32,0.53,True
2026-10-10T19:00:00+11:00,1940926,2459_412,-33.86509323120117,151.21156311035156,6.0,6.5,8,0.13,True
2026-10-10T19:00:00+11:00,2415988,2508_B1,-33.86588668823242,151.20571899414062,174.0,0.0,0,0.0,True
2026-10-10T19:00:00+11:00,2287005,2459_469,-33.88254928588867,151.15895080566406,174.0,28.4,95,1.58,True
2026-10-10T19:00:00+11:00,2740923,7016_7T4,-33.93137741088867,151.15469360351562,221.0,0.0,-50,-0.83,True
2026-10-10T19:00:00+11:00,2037620,2459_412,-33.911502838134766,151.14854431152344,222.0,35.6,600,10.0,False
2026-10-10T19:00:00+11:00,2284410,2459_438X,-33.86991882324219,151.13043212890625,305.0,0.0,938,15.63,False
2026-10-10T19:00:00+11:00,2287496,2459_442,-33.86832809448242,151.17819213867188,65.0,19.4,-242,-4.03,False
2026-10-10T19:00:00+11:00,2287676,2459_433,-33.87995910644531,151.18711853027344,331.0,2.9,-54,-0.9,True
2026-10-10T19:00:00+11:00,2558835,7083_SW1,-33.9066162109375,151.12680053710938,37.0,21.2,362,6.03,False
2026-10-10T19:00:00+11:00,2474892,2459_389,-33.885581970214844,151.23599243164062,129.0,33.1,-77,-1.28,False
2026-10-10T19:00:00+11:00,2719169,2514_271,-33.802284240722656,151.21127319335938,89.0,2.9,-54,-0.9,True
2026-10-10T19:00:00+11:00,2284111,2459_470,-33.88322067260742,151.1754150390625,160.0,34.6,132,2.2,True
2026-10-10T19:00:00+11:00,2719071,2514_270,-33.87168884277344,151.2064208984375,176.0,0.4,0,0.0,True
2026-10-10T19:00:00+11:00,1904222,2459_461X,-33.8878288269043,151.16111755371094,111.0,4.0,79,1.32,True
2026-10-10T19:00:00+11:00,2283467,2459_433,-33.87736129760742,151.18505859375,86.0,10.4,172,2.87,True
2026-10-10T19:00:00+11:00,2741053,7016_7T4,-33.915313720703125,151.16566467285156,60.0,0.0,0,0.0,True
2026-10-10T19:00:00+11:00,2713952,2508_144,-33.83019256591797,151.2174835205078,267.0,38.2,35,0.58,True
2026-10-10T19:00:00+11:00,2558677,7083_SW1,-33.91377258300781,151.14202880859375,137.0,14.8,446,7.43,False
2026-10-10T19:00:00+11:00,2211071,2459_438X,-33.866878509521484,151.210693359375,187.0,0.0,1,0.02,True
2026-10-10T19:00:00+11:00,2286927,2459_469,-33.885738372802734,151.1492156982422,79.0,0.0,0,0.0,True
2026-10-10T19:00:00+11:00,2283138,2459_438X,-33.88530349731445,151.18359375,257.0,35.6,496,8.27,False
2026-10-10T19:00:00+11:00,2289613,2459_440,-33.88444519042969,151.15696716308594,350.0,26.3,45,0.75,True
2026-10-10T19:00:00+11:00,2287975,2459_389,-33.875816345214844,151.21559143066406,281.0,26.6,137,2.28,True
2026-10-10T19:00:00+11:00,2287854,2459_440,-33.89033889770508,151.2424774169922,291.0,0.0,-92,-1.53,False
2026-10-10T19:00:00+11:00,2287028,2459_470,-33.87513732910156,151.2096710205078,186.0,31.7,-46,-0.77,True
2026-10-10T19:00:00+11:00,2636611,2459_504,-33.85254669189453,151.1294403076172,161.0,50.8,-4,-0.07,True
2026-10-10T19:00:00+11:00,2737149,2459_428,-33.91116714477539,151.12069702148438,231.0,23.8,548,9.13,False
2026-10-10T19:00:00+11:00,2596640,2459_490,-33.87599563598633,151.11306762695312,282.0,28.8,-62,-1.03,False
2026-10-10T19:00:00+11:00,2719223,2514_194,-33.78041076660156,151.19143676757812,252.0,37.1,257,4.28,True
2026-10-10T19:00:00+11:00,1973783,2508_162,-33.7980842590332,151.25743103027344,278.0,14.4,-3,-0.05,True
2026-10-10T19:00:00+11:00,2287502,2459_431,-33.872222900390625,151.1799774169922,195.0,0.0,0,0.0,True
2026-10-10T19:00:00+11:00,2484377,2459_483,-33.88872146606445,151.15536499023438,253.0,52.6,121,2.02,True
2026-10-10T19:00:00+11:00,2660232,2459_320,-33.886199951171875,151.20816040039062,175.0,0.0,320,5.33,True
2026-10-10T19:00:00+11:00,2740954,7016_7T4,-33.93922805786133,151.1476287841797,33.0,0.0,252,4.2,True
2026-10-10T19:00:00+11:00,2377420,2508_144,-33.82589340209961,151.19952392578125,141.0,0.0,237,3.95,True
2026-10-10T19:00:00+11:00,2377610,2508_144,-33.804874420166016,151.2462158203125,349.0,52.9,531,8.85,False
2026-10-10T19:00:00+11:00,2660292,2459_320,-33.8861198425293,151.20281982421875,162.0,0.0,14,0.23,True
2026-10-10T19:00:00+11:00,2596628,2459_491,-33.87890625,151.12570190429688,241.0,0.0,6,0.1,True
2026-10-10T19:00:00+11:00,2290036,2459_433,-33.86582946777344,151.1726837158203,132.0,39.6,92,1.53,True
2026-10-10T19:00:00+11:00,2284265,2459_348,-33.920440673828125,151.2341766357422,107.0,16.9,448,7.47,False
2026-10-10T19:00:00+11:00,2290885,2459_438X,-33.88325500488281,151.20347595214844,46.0,14.0,-286,-4.77,False
2026-10-10T19:00:00+11:00,2038912,2459_440,-33.8843879699707,151.19700622558594,93.0,32.4,-45,-0.75,True
2026-10-10T19:00:00+11:00,1904221,2459_461X,-33.873355865478516,151.2099151611328,21.0,18.0,-163,-2.72,False
2026-10-10T19:00:00+11:00,2713898,2508_144,-33.82261657714844,151.2437286376953,197.0,31.7,135,2.25,True
2026-10-10T19:00:00+11:00,2309575,7083_SW3,-33.909671783447266,151.122802734375,51.0,52.9,966,16.1,False
2026-10-10T19:00:00+11:00,2740772,7066_28T4,-33.902854919433594,151.1959991455078,250.0,0.0,775,12.92,False
2026-10-10T19:00:00+11:00,2376532,2508_100,-33.83842849731445,151.2450714111328,180.0,34.2,-301,-5.02,False
2026-10-10T19:00:00+11:00,2718736,2514_270,-33.83713912963867,151.2115020751953,183.0,66.2,-65,-1.08,False
2026-10-10T19:00:00+11:00,2708799,2504_610X,-33.831600189208984,151.21298217773438,33.0,63.4,103,1.72,True
2026-10-10T19:00:00+11:00,2375967,2508_100,-33.824405670166016,151.23779296875,269.0,0.0,73,1.22,True
2026-10-10T19:00:00+11:00,2740943,7016_7T4,-33.92116165161133,151.166015625,254.0,40.3,604,10.07,False
2026-10-10T19:00:00+11:00,2686196,2459_423,-33.86569595336914,151.21023559570312,217.0,0.0,0,0.0,True
2026-10-10T19:00:00+11:00,2209968,2459_464,-33.873023986816406,151.1044921875,190.0,0.0,52,0.87,True
2026-10-10T19:00:00+11:00,2415980,2508_B1,-33.83118438720703,151.22169494628906,113.0,0.0,16,0.27,True
2026-10-10T19:00:00+11:00,2211526,2459_464,-33.840065002441406,151.1068878173828,258.0,0.0,-427,-7.12,False
2026-10-10T19:00:00+11:00,2389398,2508_173X,-33.82278823852539,151.2436065673828,212.0,30.6,251,4.18,True
2026-10-10T19:00:00+11:00,2741386,700015_3AT4,-33.88483810424805,151.21807861328125,156.0,0.0,-189,-3.15,False
2026-10-10T19:00:00+11:00,2290543,2459_418,-33.891761779785156,151.12789916992188,10.0,25.6,212,3.53,True
2026-10-10T19:00:00+11:00,2713956,2508_144,-33.80559158325195,151.1793670654297,346.0,0.7,-66,-1.1,False
2026-10-10T19:00:00+11:00,2290869,2459_433,-33.88399887084961,151.2025909423828,72.0,34.6,233,3.88,True
2026-10-10T19:00:00+11:00,2288892,2459_438X,-33.88432312011719,151.2014617919922,260.0,30.6,208,3.47,True
2026-10-10T19:00:00+11:00,2211595,2459_438X,-33.8652458190918,151.21148681640625,25.0,0.0,728,12.13,False
2026-10-10T19:00:00+11:00,2290473,2459_348,-33.91142272949219,151.19760131835938,128.0,22.0,-126,-2.1,False
2026-10-10T19:00:00+11:00,2290118,2459_422,-33.93967819213867,151.15133666992188,9.0,0.0,397,6.62,False
2026-10-10T19:00:00+11:00,2309644,7083_SW3,-33.90596389770508,151.15762329101562,141.0,36.4,100,1.67,True
2026-10-10T19:00:00+11:00,2284821,2459_433,-33.869361877441406,151.17593383789062,61.0,0.0,-49,-0.82,True
2026-10-10T19:00:00+11:00,2636599,2459_504,-33.86960220336914,151.18719482421875,107.0,42.5,-194,-3.23,False
2026-10-10T19:00:00+11:00,2737072,2459_428,-33.878231048583984,151.2073974609375,203.0,4.7,278,4.63,True
2026-10-10T19:00:00+11:00,2740671,7066_28T4,-33.89595031738281,151.1981658935547,359.0,38.2,271,4.52,True
2026-10-10T19:00:00+11:00,2209921,2459_464,-33.88806915283203,151.12628173828125,111.0,0.0,0,0.0,True
2026-10-10T19:00:00+11:00,2737013,2459_445,-33.91114807128906,151.1207275390625,231.0,18.0,88,1.47,True
2026-10-10T19:00:00+11:00,2620102,2459_530,-33.826637268066406,151.14871215820312,249.0,52.9,-65,-1.08,False
2026-10-10T19:00:00+11:00,2284889,2459_470,-33.88323974609375,151.18331909179688,241.0,0.0,26,0.43,True
2026-10-10T19:00:00+11:00,2609043,2459_430,-33.88414001464844,151.19920349121094,87.0,41.0,7,0.12,True
2026-10-10T19:00:00+11:00,2681997,2507_202,-33.81083679199219,151.21128845214844,100.0,0.0,177,2.95,True
2026-10-10T19:00:00+11:00,2643948,2507_120,-33.795257568359375,151.18130493164062,216.0,0.0,-484,-8.07,False
2026-10-10T19:00:00+11:00,2643014,2507_501,-33.86886978149414,151.18495178222656,107.0,19.1,140,2.33,True
2026-10-10T19:00:00+11:00,2643416,2507_501,-33.882686614990234,151.20458984375,231.0,9.7,-48,-0.8,True
2026-10-10T19:00:00+11:00,2682050,2507_208,-33.86356735229492,151.209716796875,264.0,0.0,0,0.0,True
2026-10-10T19:00:00+11:00,2672529,2507_115,-33.826988220214844,151.20211791992188,9.0,11.2,125,2.08,True
2026-10-10T19:00:00+11:00,2620824,2507_252,-33.83952713012695,151.20652770996094,7.0,0.0,257,4.28,True
2026-10-10T19:00:00+11:00,2643911,2507_120,-33.79608917236328,151.18357849121094,258.0,9.4,104,1.73,True
2026-10-10T19:00:00+11:00,2644711,2507_120,-33.7957649230957,151.182373046875,75.0,15.5,125,2.08,True
2026-10-10T19:00:00+11:00,2681976,2507_267,-33.82601547241211,151.2022705078125,203.0,14.8,239,3.98,True
2026-10-10T19:00:00+11:00,2644230,2507_52,-33.8678092956543,151.1755828857422,337.0,0.0,231,3.85,True
2026-10-10T19:00:00+11:00,2643897,2507_501,-33.87059020996094,151.1917266845703,229.0,0.0,102,1.7,True
2026-10-10T19:00:00+11:00,2230516,2507_288,-33.85228729248047,151.2107391357422,28.0,64.8,154,2.57,True
2026-10-10T19:00:00+11:00,2406917,2507_538,-33.83445739746094,151.1466064453125,101.0,30.6,-7,-0.12,True
2026-10-10T19:00:00+11:00,2644856,2507_202,-33.81272506713867,151.23001098632812,205.0,0.0,2107,35.12,False
2026-10-10T19:00:00+11:00,2229633,2507_288,-33.86574172973633,151.20315551757812,173.0,0.0,38,0.63,True
2026-10-10T19:00:00+11:00,2672531,2507_115,-33.824859619140625,151.2008819580078,181.0,22.0,9,0.15,True
2026-10-10T19:00:00+11:00,2225680,2507_254,-33.824012756347656,151.19236755371094,64.0,40.7,-100,-1.67,False
2026-10-10T19:00:00+11:00,2644565,2507_120,-33.8033561706543,151.19911193847656,283.0,29.9,-43,-0.72,True
2026-10-10T19:00:00+11:00,2634538,2507_261,-33.826908111572266,151.17637634277344,132.0,36.4,43,0.72,True
2026-10-10T19:00:00+11:00,2644582,2507_52,-33.867835998535156,151.1802215576172,271.0,55.8,11,0.18,True
2026-10-10T19:00:00+11:00,2620483,2507_288,-33.81219482421875,151.17173767089844,93.0,0.0,-167,-2.78,False
2026-10-10T19:00:00+11:00,2744530,2507_292,-33.808990478515625,151.165283203125,201.0,33.1,-62,-1.03,False
2026-10-10T19:00:00+11:00,2642968,2507_501,-33.83679962158203,151.13002014160156,115.0,0.0,66,1.1,True
2026-10-10T19:00:00+11:00,2644915,2507_120,-33.804447174072266,151.199462890625,190.0,32.8,119,1.98,True
2026-10-10T19:00:00+11:00,2643372,2507_501,-33.83510208129883,151.12771606445312,340.0,46.1,43,0.72,True
2026-10-10T19:00:00+11:00,2621102,2507_516,-33.79768753051758,151.17820739746094,307.0,18.0,50,0.83,True
2026-10-10T19:00:00+11:00,2672521,2507_115,-33.795230865478516,151.1815948486328,248.0,27.0,-298,-4.97,False
2026-10-10T19:00:00+11:00,2645014,2507_52,-33.873931884765625,151.20150756835938,69.0,56.5,216,3.6,True
2026-10-10T19:00:00+11:00,2644071,2507_501,-33.87505340576172,151.19700622558594,155.0,25.2,447,7.45,False
2026-10-10T19:00:00+11:00,2537679,2507_506,-33.850250244140625,151.1539764404297,149.0,24.5,227,3.78,True
2026-10-10T19:00:00+11:00,2406907,2507_252,-33.81477737426758,151.16635131835938,75.0,15.5,-172,-2.87,False
2026-10-10T19:00:00+11:00,2744569,2507_292,-33.80836486816406,151.16529846191406,19.0,0.0,156,2.6,True
2026-10-10T19:00:00+11:00,2644626,2507_120,-33.87276840209961,151.20591735839844,272.0,2.9,178,2.97,True
2026-10-10T19:00:00+11:00,2744503,2507_292,-33.86603546142578,151.2033233642578,175.0,0.0,0,0.0,True
2026-10-10T19:00:00+11:00,2644667,2507_52,-33.86946487426758,151.18699645996094,287.0,62.3,916,15.27,False
2026-10-10T19:00:00+11:00,2644695,2507_52,-33.87339401245117,151.2105255126953,101.0,0.0,15,0.25,True
2026-10-10T19:00:00+11:00,2645042,2507_52,-33.85662078857422,151.1598358154297,142.0,6.5,183,3.05,True
2026-10-10T19:00:00+11:00,2322470,2507_506,-33.82432174682617,151.13919067382812,39.0,13.3,254,4.23,True
2026-10-10T19:00:00+11:00,2644272,2507_120,-33.87064743041992,151.20623779296875,174.0,0.0,-295,-4.92,False
2026-10-10T19:00:00+11:00,2322478,2507_506,-33.87045669555664,151.2131805419922,276.0,5.4,137,2.28,True
2026-10-10T19:00:00+11:00,2356329,2509_373,-33.8834342956543,151.2174072265625,352.0,24.8,505,8.42,False
2026-10-10T19:00:00+11:00,2532429,2509_333,-33.895198822021484,151.27149963378906,115.0,0.0,365,6.08,False
2026-10-10T19:00:00+11:00,2146644,2509_396,-33.8708381652832,151.210205078125,190.0,32.4,383,6.38,False
2026-10-10T19:00:00+11:00,2532666,2509_380,-33.89274597167969,151.25534057617188,269.0,9.0,19,0.32,True
2026-10-10T19:00:00+11:00,2356107,2509_343,-33.90024948120117,151.20616149902344,11.0,20.5,-56,-0.93,True
2026-10-10T19:00:00+11:00,2740415,2509_379,-33.88904571533203,151.26806640625,274.0,32.4,387,6.45,False
2026-10-10T19:00:00+11:00,2146613,2509_396,-33.91340255737305,151.22506713867188,139.0,29.2,449,7.48,False
2026-10-10T19:00:00+11:00,2533536,2509_333,-33.89081954956055,151.24790954589844,279.0,0.0,18,0.3,True
2026-10-10T19:00:00+11:00,2356938,2509_370,-33.90373229980469,151.19046020507812,218.0,34.2,-60,-1.0,False
2026-10-10T19:00:00+11:00,2533244,2509_333,-33.87574768066406,151.20960998535156,5.0,43.2,-188,-3.13,False
2026-10-10T19:00:00+11:00,2533915,2509_333,-33.893985748291016,151.2730712890625,169.0,37.1,-129,-2.15,False
2026-10-10T19:00:00+11:00,2533200,2509_350,-33.90122604370117,151.25411987304688,335.0,23.0,344,5.73,True
2026-10-10T19:00:00+11:00,2488478,2509_392,-33.90392303466797,151.21412658691406,99.0,20.9,603,10.05,False
2026-10-10T19:00:00+11:00,2531797,2509_350,-33.942813873291016,151.26246643066406,213.0,28.1,-66,-1.1,False
2026-10-10T19:00:00+11:00,2740458,2509_379,-33.88774490356445,151.2717742919922,218.0,27.4,-91,-1.52,False
2026-10-10T19:00:00+11:00,2356178,2509_370,-33.91984558105469,151.2571258544922,190.0,0.0,0,0.0,True
2026-10-10T19:00:00+11:00,2532716,2509_350,-33.90963363647461,151.25469970703125,185.0,36.0,49,0.82,True
2026-10-10T19:00:00+11:00,2434987,2509_390X,-33.89126968383789,151.24790954589844,102.0,16.9,0,0.0,True
2026-10-10T19:00:00+11:00,2575724,2509_374,-33.92045211791992,151.2569122314453,191.0,0.0,0,0.0,True
2026-10-10T19:00:00+11:00,2531700,2509_333,-33.88962173461914,151.2335205078125,295.0,0.0,110,1.83,True
2026-10-10T19:00:00+11:00,2675004,2509_309,-33.89270782470703,151.19911193847656,23.0,0.0,190,3.17,True
2026-10-10T19:00:00+11:00,2532306,2509_333,-33.86147689819336,151.211181640625,11.0,2.9,0,0.0,True
2026-10-10T19:00:00+11:00,2628737,2509_304,-33.907894134521484,151.20614624023438,26.0,0.0,772,12.87,False
2026-10-10T19:00:00+11:00,2352276,2509_392,-33.89698791503906,151.2130126953125,111.0,0.0,270,4.5,True
2026-10-10T19:00:00+11:00,2628608,2509_304,-33.88101577758789,151.21490478515625,1.0,0.0,1028,17.13,False
2026-10-10T19:00:00+11:00,2628735,2509_304,-33.89101028442383,151.21286010742188,9.0,0.0,822,13.7,False
2026-10-10T19:00:00+11:00,2356590,2509_343,-33.86899185180664,151.21046447753906,187.0,0.7,366,6.1,False
2026-10-10T19:00:00+11:00,2531722,2509_333,-33.88505554199219,151.2262725830078,279.0,21.2,154,2.57,True
2026-10-10T19:00:00+11:00,2532249,2509_333,-33.8692741394043,151.21038818359375,189.0,33.1,306,5.1,True
2026-10-10T19:00:00+11:00,2534048,2509_350,-33.92998123168945,151.18679809570312,196.0,42.5,60,1.0,True
2026-10-10T19:00:00+11:00,2533482,2509_333,-33.894527435302734,151.26783752441406,101.0,4.3,88,1.47,True
2026-10-10T19:00:00+11:00,2140525,2509_375,-33.91514205932617,151.24044799804688,167.0,0.0,301,5.02,True
2026-10-10T19:00:00+11:00,2352344,2509_307,-33.93271255493164,151.1939239501953,10.0,46.1,128,2.13,True
2026-10-10T19:00:00+11:00,2531920,2509_324,-33.87248611450195,151.25897216796875,284.0,38.2,236,3.93,True
2026-10-10T19:00:00+11:00,2356691,2509_343,-33.876861572265625,151.20945739746094,3.0,17.3,-235,-3.92,False
2026-10-10T19:00:00+11:00,2399689,2509_390X,-33.90696716308594,151.25201416015625,74.0,0.0,-195,-3.25,False
2026-10-10T19:00:00+11:00,2534102,2509_333,-33.89202880859375,151.2489013671875,271.0,16.6,-103,-1.72,False
2026-10-10T19:00:00+11:00,2534583,2509_350,-33.906524658203125,151.25413513183594,336.0,37.8,-13,-0.22,True
2026-10-10T19:00:00+11:00,2531125,2509_333,-33.87918472290039,151.21511840820312,134.0,28.4,351,5.85,True
2026-10-10T19:00:00+11:00,2675145,2509_309,-33.89375686645508,151.19866943359375,21.0,0.0,0,0.0,True
2026-10-10T19:00:00+11:00,2400282,2509_309,-33.921600341796875,151.19627380371094,12.0,0.0,31,0.52,True
2026-10-10T19:00:00+11:00,2356269,2509_370,-33.9073486328125,151.1858367919922,281.0,34.2,313,5.22,True
2026-10-10T19:00:00+11:00,2628657,2509_304,-33.87809753417969,151.2093048095703,188.0,0.0,440,7.33,False
2026-10-10T19:00:00+11:00,2532825,2509_350,-33.943458557128906,151.2401123046875,170.0,0.0,63,1.05,True
2026-10-10T19:00:00+11:00,2140194,2509_396,-33.90994644165039,151.22341918945312,189.0,13.7,1082,18.03,False
2026-10-10T19:00:00+11:00,2534227,2509_350,-33.939430236816406,151.21444702148438,137.0,38.9,-14,-0.23,True
2026-10-10T19:00:00+11:00,2434899,2509_390X,-33.915775299072266,151.23245239257812,280.0,43.2,209,3.48,True
2026-10-10T19:00:00+11:00,2532186,2509_362,-33.89509963989258,151.27149963378906,111.0,0.0,66,1.1,True
2026-10-10T19:00:00+11:00,2532662,2509_333,-33.893863677978516,151.26327514648438,94.0,9.7,1026,17.1,False
2026-10-10T19:00:00+11:00,2740522,2509_379,-33.88395309448242,151.2811279296875,189.0,49.0,171,2.85,True
2026-10-10T19:00:00+11:00,2532021,2509_387,-33.858097076416016,151.28118896484375,39.0,0.0,26,0.43,True
2026-10-10T19:00:00+11:00,2740495,2509_370,-33.90148162841797,151.1786651611328,158.0,25.6,46,0.77,True
2026-10-10T19:00:00+11:00,2534320,2509_333,-33.8896484375,151.28323364257812,216.0,0.0,0,0.0,True
2026-10-10T19:00:00+11:00,2356794,2509_373,-33.91884231567383,151.2423553466797,168.0,24.5,-302,-5.03,False
2026-10-10T19:00:00+11:00,2488400,2509_392,-33.89167404174805,151.20025634765625,100.0,0.0,0,0.0,True
2026-10-10T19:00:00+11:00,2628643,2509_304,-33.90285873413086,151.2127685546875,189.0,29.5,483,8.05,False
2026-10-10T19:00:00+11:00,2137323,2509_306,-33.910789489746094,151.2072296142578,278.0,30.6,-99,-1.65,False
2026-10-10T19:00:00+11:00,2352480,2509_392,-33.93537521362305,151.2303466796875,193.0,46.8,304,5.07,True
2026-10-10T19:00:00+11:00,2531863,2509_350,-33.92877197265625,151.25558471679688,322.0,27.4,-104,-1.73,False
2026-10-10T19:00:00+11:00,2532550,2509_350,-33.94586944580078,151.239990234375,348.0,8.6,70,1.17,True
2026-10-10T19:00:00+11:00,2691435,2509_324,-33.876644134521484,151.22618103027344,274.0,36.0,-9,-0.15,True
2026-10-10T19:00:00+11:00,2532235,2509_350,-33.92668914794922,151.1878204345703,142.0,0.0,-101,-1.68,False
2026-10-10T19:00:00+11:00,2140838,2509_375,-33.925846099853516,151.2504119873047,287.0,29.9,64,1.07,True
2026-10-10T19:00:00+11:00,2740376,2509_370,-33.871849060058594,151.1802215576172,236.0,0.0,0,0.0,True
2026-10-10T19:00:00+11:00,2398264,2509_392,-33.92341613769531,151.22738647460938,333.0,29.2,-80,-1.33,False
2026-10-10T19:00:00+11:00,2532356,2509_380,-33.84767532348633,151.28663635253906,352.0,32.0,-125,-2.08,False
2026-10-10T19:00:00+11:00,2533222,2509_333,-33.86341094970703,151.21144104003906,263.0,27.4,-362,-6.03,False
2026-10-10T19:00:00+11:00,2628764,2509_304,-33.89082336425781,151.212890625,188.0,0.0,559,9.32,False
2026-10-10T19:00:00+11:00,2470842,2509_356,-33.91274642944336,151.23947143554688,3.0,11.5,178,2.97,True
2026-10-10T19:00:00+11:00,2356152,2509_339,-33.914276123046875,151.26629638671875,132.0,0.0,0,0.0,True
2026-10-10T19:00:00+11:00,2548577,2509_328,-33.887855529785156,151.2401123046875,256.0,0.0,202,3.37,True
2026-10-10T19:00:00+11:00,2564490,2509_386,-33.88995361328125,151.25540161132812,55.0,5.4,81,1.35,True
2026-10-10T19:00:00+11:00,2533028,2509_333,-33.89339828491211,151.2597198486328,282.0,25.6,-87,-1.45,False
2026-10-10T19:00:00+11:00,2740405,2509_370,-33.91150665283203,151.22337341308594,166.0,0.0,-66,-1.1,False
2026-10-10T19:00:00+11:00,2531986,2509_355,-33.89680480957031,151.20213317871094,95.0,39.6,49,0.82,True
2026-10-10T19:00:00+11:00,2740430,2509_379,-33.904640197753906,151.26707458496094,114.0,0.0,1,0.02,True
2026-10-10T19:00:00+11:00,2740282,2509_370,-33.906314849853516,151.18829345703125,37.0,0.0,311,5.18,True
2026-10-10T19:00:00+11:00,2355964,2509_343,-33.861656188964844,151.21176147460938,275.0,13.0,0,0.0,True
2026-10-10T19:00:00+11:00,2628620,2509_304,-33.86342239379883,151.2113037109375,86.0,3.6,123,2.05,True
2026-10-10T19:00:00+11:00,2335387,2509_309,-33.89863967895508,151.199951171875,349.0,24.5,116,1.93,True
2026-10-10T19:00:00+11:00,2533777,2509_333,-33.875736236572266,151.2095947265625,5.0,36.0,55,0.92,True
2026-10-10T19:00:00+11:00,2532348,2509_325,-33.874183654785156,151.21815490722656,283.0,0.0,-25,-0.42,True
2026-10-10T19:00:00+11:00,2357487,2509_370,-33.909820556640625,151.2221221923828,281.0,38.2,247,4.12,True
2026-10-10T19:00:00+11:00,2356988,2509_343,-33.869205474853516,151.21043395996094,11.0,21.2,135,2.25,True
2026-10-10T19:00:00+11:00,2534439,2509_386,-33.888545989990234,151.2574920654297,231.0,0.0,-107,-1.78,False
2026-10-10T19:00:00+11:00,2534420,2509_380,-33.894737243652344,151.26719665527344,100.0,1.1,87,1.45,True
2026-10-10T19:00:00+11:00,2356103,2509_373,-33.89100646972656,151.2210693359375,167.0,62.6,45,0.75,True
2026-10-10T19:00:00+11:00,2434777,2509_390X,-33.906864166259766,151.2523651123047,238.0,0.0,208,3.47,True
2026-10-10T19:00:00+11:00,2399794,2509_390X,-33.908267974853516,151.24769592285156,71.0,33.8,505,8.42,False
2026-10-10T19:00:00+11:00,2531695,2509_325,-33.85393524169922,151.2805633544922,189.0,47.9,-10,-0.17,True
2026-10-10T19:00:00+11:00,2138015,2509_306,-33.901939392089844,151.20135498046875,339.0,0.0,734,12.23,False
2026-10-10T19:00:00+11:00,2403081,2509_311,-33.873199462890625,151.2089080810547,100.0,0.0,83,1.38,True
2026-10-10T19:00:00+11:00,2434552,2509_390X,-33.95171356201172,151.24200439453125,169.0,27.4,-161,-2.68,False
2026-10-10T19:00:00+11:00,2137338,2509_375,-33.953102111816406,151.24148559570312,261.0,27.7,300,5.0,True
2026-10-10T19:00:00+11:00,2352448,2509_307,-33.926612854003906,151.1881866455078,220.0,0.0,886,14.77,False
2026-10-10T19:00:00+11:00,2146448,2509_396,-33.877952575683594,151.21359252929688,135.0,22.7,691,11.52,False
2026-10-10T19:00:00+11:00,2675056,2509_309,-33.93224334716797,151.194091796875,193.0,16.9,236,3.93,True
2026-10-10T19:00:00+11:00,2138092,2509_396,-33.91612243652344,151.2256317138672,349.0,34.9,90,1.5,True
2026-10-10T19:00:00+11:00,2137137,2509_396,-33.86301040649414,151.21112060546875,5.0,0.0,0,0.0,True
2026-10-10T19:00:00+11:00,2352584,2509_356,-33.900848388671875,151.24240112304688,122.0,37.8,573,9.55,False
2026-10-10T19:00:00+11:00,2740363,2509_370,-33.884159088134766,151.20159912109375,254.0,32.8,3376,56.27,False
2026-10-10T19:00:00+11:00,2532771,2509_355,-33.90528869628906,151.16783142089844,199.0,0.0,24,0.4,True
2026-10-10T19:00:00+11:00,2532245,2509_333,-33.89047622680664,151.24295043945312,110.0,0.0,140,2.33,True
2026-10-10T19:00:00+11:00,2740294,2509_379,-33.88794708251953,151.27133178710938,39.0,32.0,48,0.8,True
2026-10-10T19:00:00+11:00,2470849,2509_397,-33.94523620605469,151.2482147216797,285.0,45.7,-185,-3.08,False
2026-10-10T19:00:00+11:00,2740274,2509_370,-33.91978454589844,151.2501983642578,99.0,7.6,-351,-5.85,False
2026-10-10T19:00:00+11:00,2532072,2509_327,-33.879512786865234,151.2382049560547,19.0,0.0,134,2.23,True
2026-10-10T19:00:00+11:00,2357528,2509_373,-33.924015045166016,151.25604248046875,64.0,12.6,-231,-3.85,False
2026-10-10T19:00:00+11:00,2532213,2509_362,-33.91221618652344,151.2587127685547,177.0,16.2,-276,-4.6,False
2026-10-10T19:00:00+11:00,2356785,2509_374,-33.91727828979492,151.25135803222656,100.0,42.1,-295,-4.92,False
2026-10-10T19:00:00+11:00,2531726,2509_352,-33.879661560058594,151.21571350097656,134.0,0.0,73,1.22,True
2026-10-10T19:00:00+11:00,2357478,2509_373,-33.92307662963867,151.25636291503906,11.0,0.0,308,5.13,True
2026-10-10T19:00:00+11:00,2533183,2509_324,-33.869850158691406,151.20616149902344,175.0,0.0,64,1.07,True
2026-10-10T19:00:00+11:00,2403070,2509_311,-33.87925720214844,151.220703125,277.0,0.0,289,4.82,True
2026-10-10T19:00:00+11:00,2740437,2509_370,-33.88508224487305,151.1947784423828,198.0,0.0,56,0.93,True
2026-10-10T19:00:00+11:00,2533068,2509_381,-33.891300201416016,151.2479248046875,94.0,0.0,0,0.0,True
2026-10-10T19:00:00+11:00,2534621,2509_325,-33.874935150146484,151.22315979003906,99.0,18.0,399,6.65,False
2026-10-10T19:00:00+11:00,2139178,2509_375,-33.945316314697266,151.22618103027344,199.0,13.3,0,0.0,True
2026-10-10T19:00:00+11:00,2531928,2509_333,-33.88938522338867,151.28343200683594,216.0,0.0,458,7.63,False
2026-10-10T19:00:00+11:00,2356896,2509_370,-33.87416458129883,151.18263244628906,328.0,36.0,-248,-4.13,False
2026-10-10T19:00:00+11:00,2335642,2509_309,-33.946197509765625,151.19735717773438,352.0,40.0,-27,-0.45,True
2026-10-10T19:00:00+11:00,2357677,2509_370,-33.91572952270508,151.240478515625,338.0,0.0,187,3.12,True
2026-10-10T19:00:00+11:00,2533347,2509_350,-33.890926361083984,151.2481689453125,281.0,0.0,4,0.07,True
2026-10-10T19:00:00+11:00,2357354,2509_343,-33.907073974609375,151.20742797851562,145.0,0.4,408,6.8,False
2026-10-10T19:00:00+11:00,2137153,2509_396,-33.87709045410156,151.21255493164062,314.0,0.0,449,7.48,False
2026-10-10T19:00:00+11:00,2532788,2509_324,-33.864410400390625,151.203857421875,342.0,32.4,-7,-0.12,True
2026-10-10T19:00:00+11:00,2138831,2509_306,-33.91045379638672,151.20399475097656,100.0,29.5,133,2.22,True
2026-10-10T19:00:00+11:00,2356392,2509_311,-33.86899948120117,151.21961975097656,315.0,0.0,758,12.63,False
2026-10-10T19:00:00+11:00,2533383,2509_333,-33.86559295654297,151.2123260498047,120.0,0.4,-61,-1.02,False
2026-10-10T19:00:00+11:00,2667454,2509_326,-33.8917236328125,151.24977111816406,173.0,0.0,70,1.17,True
2026-10-10T19:00:00+11:00,2399332,2509_390X,-33.91678237915039,151.22579956054688,348.0,0.0,25,0.42,True
2026-10-10T19:00:00+11:00,2139508,2509_396,-33.88113784790039,151.2169647216797,352.0,0.0,9,0.15,True
2026-10-10T19:00:00+11:00,2357079,2509_374,-33.88226318359375,151.20712280273438,123.0,0.0,0,0.0,True
2026-10-10T19:00:00+11:00,2534014,2509_352,-33.89030075073242,151.24237060546875,297.0,0.0,-93,-1.55,False
2026-10-10T19:00:00+11:00,2356643,2509_373,-33.883506774902344,151.21742248535156,352.0,15.1,-84,-1.4,False
2026-10-10T19:00:00+11:00,2532068,2509_325,-33.855899810791016,151.2068328857422,47.0,0.0,36,0.6,True
2026-10-10T19:00:00+11:00,2470826,2509_356,-33.9537467956543,151.22354125976562,359.0,0.0,0,0.0,True
2026-10-10T19:00:00+11:00,2357494,2509_373,-33.908775329589844,151.23667907714844,271.0,23.0,-1,-0.02,True
2026-10-10T19:00:00+11:00,2533640,2509_350,-33.93144607543945,151.18408203125,26.0,0.0,130,2.17,True
2026-10-10T19:00:00+11:00,2533713,2509_313,-33.90382385253906,151.25289916992188,11.0,25.6,3,0.05,True
2026-10-10T19:00:00+11:00,2575754,2509_374,-33.891414642333984,151.21180725097656,280.0,14.4,-115,-1.92,False
2026-10-10T19:00:00+11:00,2356851,2509_373,-33.924251556396484,151.2552490234375,266.0,0.0,83,1.38,True
2026-10-10T19:00:00+11:00,2740501,2509_379,-33.905006408691406,151.255859375,280.0,22.0,22,0.37,True
2026-10-10T19:00:00+11:00,2532445,2509_352,-33.90363311767578,151.17706298828125,68.0,43.6,40,0.67,True
2026-10-10T19:00:00+11:00,2139226,2509_306,-33.92436599731445,151.1877899169922,99.0,0.0,-10,-0.17,True
2026-10-10T19:00:00+11:00,2533787,2509_333,-33.89191818237305,151.24981689453125,173.0,0.0,319,5.32,True
2026-10-10T19:00:00+11:00,2740393,2509_379,-33.89106750488281,151.24815368652344,277.0,19.4,11,0.18,True
2026-10-10T19:00:00+11:00,2533127,2509_333,-33.8853874206543,151.2278594970703,304.0,36.0,-300,-5.0,False
2026-10-10T19:00:00+11:00,2357328,2509_339,-33.90376663208008,151.23745727539062,55.0,40.3,48,0.8,True
2026-10-10T19:00:00+11:00,2534645,2509_352,-33.889949798583984,151.20782470703125,295.0,16.6,578,9.63,False
2026-10-10T19:00:00+11:00,2356034,2509_339,-33.90293502807617,151.23907470703125,248.0,40.3,535,8.92,False
2026-10-10T19:00:00+11:00,2740500,2509_379,-33.90605163574219,151.2689666748047,348.0,32.8,-347,-5.78,False
2026-10-10T19:00:00+11:00,2398243,2509_392,-33.909263610839844,151.2193145751953,294.0,11.2,259,4.32,True
2026-10-10T19:00:00+11:00,2532642,2509_313,-33.9097900390625,151.25164794921875,189.0,0.0,251,4.18,True
2026-10-10T19:00:00+11:00,2531557,2509_350,-33.93614959716797,151.20863342285156,301.0,64.1,-39,-0.65,True
2026-10-10T19:00:00+11:00,2675129,2509_309,-33.93064498901367,151.19436645507812,192.0,0.0,852,14.2,False
2026-10-10T19:00:00+11:00,2534500,2509_380,-33.85564422607422,151.28363037109375,206.0,45.7,408,6.8,False
2026-10-10T19:00:00+11:00,2531315,2509_324,-33.87043380737305,151.25180053710938,26.0,36.0,433,7.22,False
2026-10-10T19:00:00+11:00,2357222,2509_343,-33.879432678222656,151.2091522216797,186.0,0.0,625,10.42,False
2026-10-10T19:00:00+11:00,2356920,2509_370,-33.88853073120117,151.19161987304688,61.0,40.7,-36,-0.6,True
2026-10-10T19:00:00+11:00,2137660,2509_396,-33.94678497314453,151.25650024414062,227.0,6.1,165,2.75,True
2026-10-10T19:00:00+11:00,2300939,2509_399,-33.9180793762207,151.22499084472656,190.0,32.8,223,3.72,True
2026-10-10T19:00:00+11:00,2747979,700011_27T4,-33.881690979003906,151.208740234375,69.0,16.2,-331,-5.52,False
2026-10-10T19:00:00+11:00,2748555_2,700012_36SC,-33.8820915222168,151.2066192626953,296.0,0.0,,,
2026-10-10T19:15:00+11:00,2719205,2514_271,-33.86405944824219,151.20550537109375,174.0,0.0,-309,-5.15,False
2026-10-10T19:15:00+11:00,1904314,2459_461X,-33.86830139160156,151.10546875,190.0,0.0,0,0.0,True
2026-10-10T19:15:00+11:00,2608964,2459_430,-33.90385818481445,151.16848754882812,205.0,7.9,296,4.93,True
2026-10-10T19:15:00+11:00,2636750,2459_504,-33.87348175048828,151.21107482910156,281.0,0.0,0,0.0,True
2026-10-10T19:15:00+11:00,2283271,2459_426,-33.87290954589844,151.20994567871094,186.0,13.7,-9,-0.15,True
2026-10-10T19:15:00+11:00,2308767,2459_445,-33.88502502441406,151.15716552734375,354.0,29.2,174,2.9,True
2026-10-10T19:15:00+11:00,2475136,2459_389,-33.869197845458984,151.1936492919922,153.0,0.0,-114,-1.9,False
2026-10-10T19:15:00+11:00,2686131,2459_423,-33.899253845214844,151.17141723632812,250.0,15.1,322,5.37,True
2026-10-10T19:15:00+11:00,2289923,2459_438X,-33.88328552246094,151.20338439941406,43.0,19.1,89,1.48,True
2026-10-10T19:15:00+11:00,2375432,2508_100,-33.84200668334961,151.24346923828125,352.0,1.1,55,0.92,True
2026-10-10T19:15:00+11:00,2596541,2459_492,-33.860572814941406,151.140869140625,57.0,33.1,357,5.95,True
2026-10-10T19:15:00+11:00,2683083,7083_SW1,-33.91004943847656,151.1324920654297,-37.0,2.9,-9,-0.15,True
2026-10-10T19:15:00+11:00,2287658,2459_433,-33.87806701660156,151.185546875,326.0,35.6,209,3.48,True
2026-10-10T19:15:00+11:00,2668383,2459_420,-33.927330017089844,151.18756103515625,25.0,56.9,126,2.1,True
2026-10-10T19:15:00+11:00,2420695,2508_230,-33.8362922668457,151.20736694335938,190.0,1.1,76,1.27,True
2026-10-10T19:15:00+11:00,2554008,2459_358,-33.92043685913086,151.2356414794922,196.0,0.0,5,0.08,True
2026-10-10T19:15:00+11:00,2530321,7084_SW2,-33.91456604003906,151.16526794433594,224.0,0.4,-202,-3.37,False
2026-10-10T19:15:00+11:00,2424287,2508_230,-33.82985305786133,151.24432373046875,175.0,17.6,107,1.78,True
2026-10-10T19:15:00+11:00,1904157,2459_461X,-33.87322998046875,151.12623596191406,309.0,0.0,-37,-0.62,True
2026-10-10T19:15:00+11:00,2736969,2459_428,-33.89931869506836,151.17100524902344,241.0,14.0,743,12.38,False
2026-10-10T19:15:00+11:00,2475099,2459_389,-33.878814697265625,151.21791076660156,101.0,0.0,48,0.8,True
2026-10-10T19:15:00+11:00,2283164,2459_426,-33.880680084228516,151.20672607421875,16.0,0.0,219,3.65,True
2026-10-10T19:15:00+11:00,2740649,7066_28T4,-33.894203186035156,151.20700073242188,190.0,49.0,0,0.0,True
2026-10-10T19:15:00+11:00,2376485,2508_144,-33.79706573486328,151.1800079345703,247.0,17.3,0,0.0,True
2026-10-10T19:15:00+11:00,2287572,2459_442,-33.87085723876953,151.20388793945312,146.0,4.0,936,15.6,False
2026-10-10T19:15:00+11:00,2596578,2459_491,-33.86993408203125,151.1293182373047,191.0,0.0,242,4.03,True
2026-10-10T19:15:00+11:00,2284451,2459_303,-33.92237091064453,151.21917724609375,196.0,37.1,185,3.08,True
2026-10-10T19:15:00+11:00,2714018,2508_144,-33.80576705932617,151.17942810058594,344.0,0.0,351,5.85,True
2026-10-10T19:15:00+11:00,2609059,2459_430,-33.89154815673828,151.18801879882812,38.0,0.0,16,0.27,True
2026-10-10T19:15:00+11:00,2618763,2459_422,-33.880226135253906,151.20684814453125,13.0,0.0,7,0.12,True
2026-10-10T19:15:00+11:00,2710744,2504_610X,-33.86499786376953,151.20484924316406,355.0,35.3,47,0.78,True
2026-10-10T19:15:00+11:00,1906482,2459_461X,-33.87346267700195,151.21095275878906,282.0,0.0,0,0.0,True
2026-10-10T19:15:00+11:00,2211548,2459_464,-33.86970138549805,151.10899353027344,195.0,0.0,0,0.0,True
2026-10-10T19:15:00+11:00,2377626,2508_144,-33.814815521240234,151.17796325683594,159.0,37.4,234,3.9,True
2026-10-10T19:15:00+11:00,2415944,2508_B1,-33.86655807495117,151.206298828125,9.0,0.0,0,0.0,True
2026-10-10T19:15:00+11:00,2719095,2514_194,-33.81121826171875,151.21067810058594,9.0,0.0,158,2.63,True
2026-10-10T19:15:00+11:00,1960120,2459_412,-33.91425323486328,151.13621520996094,55.0,39.2,4,0.07,True
2026-10-10T19:15:00+11:00,2686128,2459_423,-33.88424301147461,151.20140075683594,257.0,5.4,408,6.8,False
2026-10-10T19:15:00+11:00,2736935,2459_308,-33.8990364074707,151.1947784423828,217.0,18.4,-242,-4.03,False
2026-10-10T19:15:00+11:00,1904156,2459_461X,-33.87711715698242,151.1036834716797,191.0,1.4,430,7.17,False
2026-10-10T19:15:00+11:00,2211775,2459_466,-33.87149429321289,151.10482788085938,10.0,30.2,9,0.15,True
2026-10-10T19:15:00+11:00,2737141,2459_428,-33.88429260253906,151.2012939453125,261.0,7.9,-75,-1.25,False
2026-10-10T19:15:00+11:00,2285596,2459_389,-33.88240051269531,151.22628784179688,294.0,24.5,287,4.78,True
2026-10-10T19:15:00+11:00,2589886,2508_280,-33.797035217285156,151.18115234375,177.0,0.0,0,0.0,True
2026-10-10T19:15:00+11:00,2287366,2459_433,-33.88082504272461,151.20664978027344,202.0,31.3,295,4.92,True
2026-10-10T19:15:00+11:00,2718807,2514_271,-33.87236404418945,151.20567321777344,351.0,0.0,0,0.0,True
2026-10-10T19:15:00+11:00,2374824,2508_100,-33.842071533203125,151.2438507080078,175.0,5.4,111,1.85,True
2026-10-10T19:15:00+11:00,2714038,2508_114,-33.828514099121094,151.21826171875,48.0,0.7,506,8.43,False
2026-10-10T19:15:00+11:00,2288705,2459_428,-33.89755630493164,151.14712524414062,49.0,34.6,247,4.12,True
2026-10-10T19:15:00+11:00,2515176,2459_410,-33.856117248535156,151.102783203125,247.0,1.4,1229,20.48,False
2026-10-10T19:15:00+11:00,2284587,2459_437,-33.868202209472656,151.13421630859375,254.0,0.0,594,9.9,False
2026-10-10T19:15:00+11:00,2713969,2508_114,-33.827877044677734,151.20205688476562,279.0,0.4,324,5.4,True
2026-10-10T19:15:00+11:00,2554020,2459_358,-33.91617965698242,151.16603088378906,305.0,8.3,-415,-6.92,False
2026-10-10T19:15:00+11:00,2290369,2459_438X,-33.885250091552734,151.18341064453125,254.0,58.0,128,2.13,True
2026-10-10T19:15:00+11:00,2579273,7084_SW2,-33.91281509399414,151.11798095703125,43.0,0.0,10,0.17,True
2026-10-10T19:15:00+11:00,2283526,2459_423,-33.898826599121094,151.17263793945312,82.0,0.0,-115,-1.92,False
2026-10-10T19:15:00+11:00,2289685,2459_426,-33.91203308105469,151.16029357910156,215.0,0.0,465,7.75,False
2026-10-10T19:15:00+11:00,2554448,2459_358,-33.92249298095703,151.18748474121094,11.0,0.0,112,1.87,True
2026-10-10T19:15:00+11:00,2739209,7057_26T4,-33.8876953125,151.20814514160156,186.0,37.4,0,0.0,True
2026-10-10T19:15:00+11:00,2377166,2508_111,-33.83317184448242,151.2469940185547,268.0,41.4,170,2.83,True
2026-10-10T19:15:00+11:00,2636736,2459_504,-33.855621337890625,151.13070678710938,255.0,0.0,139,2.32,True
2026-10-10T19:15:00+11:00,2515227,2459_410,-33.869468688964844,151.1053009033203,10.0,0.0,396,6.6,False
2026-10-10T19:15:00+11:00,2284417,2459_470,-33.864952087402344,151.21096801757812,218.0,18.0,226,3.77,True
2026-10-10T19:15:00+11:00,2739187,7057_26T4,-33.88719940185547,151.21800231933594,183.0,61.2,-31,-0.52,True
2026-10-10T19:15:00+11:00,2373935,2508_100,-33.8714599609375,151.20558166503906,354.0,0.0,203,3.38,True
2026-10-10T19:15:00+11:00,2709788,2504_610X,-33.85816955566406,151.2070770263672,208.0,66.6,-213,-3.55,False
2026-10-10T19:15:00+11:00,2668456,2459_420,-33.93394470214844,151.16204833984375,283.0,39.6,126,2.1,True
2026-10-10T19:15:00+11:00,2288370,2459_438X,-33.84517288208008,151.12844848632812,1.0,0.0,0,0.0,True
2026-10-10T19:15:00+11:00,2283590,2459_423,-33.92656326293945,151.13014221191406,64.0,34.9,283,4.72,True
2026-10-10T19:15:00+11:00,2707340,2504_607X,-33.86160659790039,151.20571899414062,195.0,52.9,59,0.98,True
2026-10-10T19:15:00+11:00,2529878,7084_SW2,-33.91431427001953,151.16563415527344,35.0,0.0,0,0.0,True
2026-10-10T19:15:00+11:00,2286102,2459_437,-33.88372039794922,151.1570587158203,175.0,9.0,243,4.05,True
2026-10-10T19:15:00+11:00,2741525,700015_3AT4,-33.946197509765625,151.1658477783203,118.0,71.3,-459,-7.65,False
2026-10-10T19:15:00+11:00,2484483,2459_483,-33.883140563964844,151.2037353515625,213.0,25.9,-19,-0.32,True
2026-10-10T19:15:00+11:00,2740701,7066_28T4,-33.93003463745117,151.15582275390625,38.0,47.9,-409,-6.82,False
2026-10-10T19:15:00+11:00,2284809,2459_438X,-33.864593505859375,151.21029663085938,226.0,0.0,0,0.0,True
2026-10-10T19:15:00+11:00,2741408,700015_3AT4,-33.880462646484375,151.20680236816406,189.0,0.4,1247,20.78,False
2026-10-10T19:15:00+11:00,2686063,2459_423,-33.86565399169922,151.21026611328125,217.0,0.0,0,0.0,True
2026-10-10T19:15:00+11:00,2210325,2459_464,-33.873390197753906,151.1044158935547,189.0,16.9,195,3.25,True
2026-10-10T19:15:00+11:00,2636600,2459_504,-33.86605453491211,151.17311096191406,280.0,2.9,-124,-2.07,False
2026-10-10T19:15:00+11:00,2636755,2459_415,-33.869258880615234,151.10772705078125,283.0,40.7,6,0.1,True
2026-10-10T19:15:00+11:00,2415918,2508_B1,-33.8477668762207,151.2127227783203,355.0,62.3,362,6.03,False
2026-10-10T19:15:00+11:00,2741093,7016_7T4,-33.92586898803711,151.1595916748047,223.0,38.5,424,7.07,False
2026-10-10T19:15:00+11:00,2420769,2508_225,-33.847389221191406,151.2305145263672,309.0,0.0,115,1.92,True
2026-10-10T19:15:00+11:00,2740887,7016_7T4,-33.915557861328125,151.1655731201172,8.0,0.0,32,0.53,True
2026-10-10T19:15:00+11:00,2283979,2459_470,-33.87971496582031,151.16607666015625,105.0,41.4,5,0.08,True
2026-10-10T19:15:00+11:00,2737174,2459_428,-33.86500930786133,151.20980834960938,222.0,0.0,7,0.12,True
2026-10-10T19:15:00+11:00,2373829,2508_100,-33.83024978637695,151.21763610839844,281.0,25.9,-207,-3.45,False
2026-10-10T19:15:00+11:00,2290291,2459_422,-33.91219711303711,151.17965698242188,204.0,0.0,198,3.3,True
2026-10-10T19:15:00+11:00,2741445,700015_3AT4,-33.8859977722168,151.2068634033203,5.0,0.0,983,16.38,False
2026-10-10T19:15:00+11:00,2288606,2459_431,-33.88040542602539,151.2068328857422,192.0,32.8,68,1.13,True
2026-10-10T19:15:00+11:00,2579076,7084_SW2,-33.91007614135742,151.17068481445312,234.0,0.0,2278,37.97,False
2026-10-10T19:15:00+11:00,1964284,2459_413,-33.88998031616211,151.1490478515625,13.0,7.9,195,3.25,True
2026-10-10T19:15:00+11:00,2285733,2459_418,-33.90462112426758,151.13876342773438,246.0,22.3,473,7.88,False
2026-10-10T19:15:00+11:00,2211817,2459_464,-33.88810729980469,151.126220703125,114.0,0.0,0,0.0,True
2026-10-10T19:15:00+11:00,1912099,2459_483,-33.88423538208008,151.1970672607422,88.0,29.5,204,3.4,True
2026-10-10T19:15:00+11:00,2281065,7083_SW3,-33.904354095458984,151.1397247314453,248.0,13.3,45,0.75,True
2026-10-10T19:15:00+11:00,2289346,2459_433,-33.85641098022461,151.1731414794922,247.0,16.9,21,0.35,True
2026-10-10T19:15:00+11:00,2290408,2459_426,-33.8988151550293,151.1724853515625,81.0,10.8,72,1.2,True
2026-10-10T19:15:00+11:00,2530015,7084_SW2,-33.91293716430664,151.1613006591797,310.0,40.7,90,1.5,True
2026-10-10T19:15:00+11:00,2475917,2459_530,-33.815162658691406,151.15188598632812,43.0,31.3,-136,-2.27,False
2026-10-10T19:15:00+11:00,2286418,2459_502,-33.844478607177734,151.1166534423828,20.0,0.0,-57,-0.95,True
2026-10-10T19:15:00+11:00,2220650,2459_412,-33.89397048950195,151.1563262939453,270.0,32.8,356,5.93,True
2026-10-10T19:15:00+11:00,2515267,2459_410,-33.86738967895508,151.10574340820312,189.0,0.0,-9,-0.15,True
2026-10-10T19:15:00+11:00,2713910,2508_144,-33.83165740966797,151.22311401367188,263.0,0.0,215,3.58,True
2026-10-10T19:15:00+11:00,1904158,2459_461X,-33.884708404541016,151.1929168701172,264.0,21.6,57,0.95,True
2026-10-10T19:15:00+11:00,2737109,2459_445,-33.85643768310547,151.17767333984375,294.0,30.2,6,0.1,True
2026-10-10T19:15:00+11:00,2088580,2508_160X,-33.78378677368164,151.1905517578125,71.0,58.3,37,0.62,True
2026-10-10T19:15:00+11:00,2686120,2459_423,-33.913753509521484,151.15301513671875,207.0,0.0,633,10.55,False
2026-10-10T19:15:00+11:00,2415977,2508_B1,-33.799617767333984,151.2492218017578,69.0,47.2,55,0.92,True
2026-10-10T19:15:00+11:00,2284140,2459_440,-33.884307861328125,151.20118713378906,267.0,9.0,287,4.78,True
2026-10-10T19:15:00+11:00,2741063,7016_7T4,-33.915550231933594,151.16543579101562,7.0,0.0,0,0.0,True
2026-10-10T19:15:00+11:00,2038913,2459_440,-33.8880615234375,151.15762329101562,171.0,0.0,334,5.57,True
2026-10-10T19:15:00+11:00,2375663,2508_263,-33.84236526489258,151.21420288085938,224.0,7.9,79,1.32,True
2026-10-10T19:15:00+11:00,2710419,2504_610X,-33.801231384277344,151.14430236816406,308.0,78.1,9,0.15,True
2026-10-10T19:15:00+11:00,2739215,7057_26T4,-33.91962432861328,151.2112274169922,8.0,78.5,-585,-9.75,False
2026-10-10T19:15:00+11:00,2287235,2459_442,-33.85654067993164,151.17811584472656,284.0,18.7,-66,-1.1,False
2026-10-10T19:15:00+11:00,2287012,2459_428,-33.88416290283203,151.199951171875,89.0,34.2,0,0.0,True
2026-10-10T19:15:00+11:00,2289567,2459_426,-33.89251708984375,151.18704223632812,246.0,0.0,72,1.2,True
2026-10-10T19:15:00+11:00,2620107,2459_530,-33.797218322753906,151.17991638183594,251.0,21.2,115,1.92,True
2026-10-10T19:15:00+11:00,2596637,2459_492,-33.874149322509766,151.12486267089844,221.0,37.8,102,1.7,True
2026-10-10T19:15:00+11:00,2737005,2459_308,-33.904354095458984,151.17474365234375,68.0,22.0,108,1.8,True
2026-10-10T19:15:00+11:00,2373697,2508_144,-33.79734802246094,151.25001525878906,66.0,18.7,237,3.95,True
2026-10-10T19:15:00+11:00,2210796,2459_413,-33.888671875,151.15602111816406,257.0,0.0,-61,-1.02,False
2026-10-10T19:15:00+11:00,2289029,2459_438X,-33.888221740722656,151.16384887695312,84.0,27.4,192,3.2,True
2026-10-10T19:15:00+11:00,2289079,2459_440,-33.8752326965332,151.15594482421875,354.0,0.0,-126,-2.1,False
2026-10-10T19:15:00+11:00,2288493,2459_437,-33.872276306152344,151.2064666748047,174.0,0.0,0,0.0,True
2026-10-10T19:15:00+11:00,2719085,2514_194,-33.83847427368164,151.21109008789062,190.0,66.6,-95,-1.58,False
2026-10-10T19:15:00+11:00,2375837,2508_100,-33.82784652709961,151.23085021972656,52.0,46.4,-176,-2.93,False
2026-10-10T19:15:00+11:00,2290705,2459_441,-33.863807678222656,151.1765594482422,346.0,0.0,12,0.2,True
2026-10-10T19:15:00+11:00,2309950,7083_SW3,-33.901519775390625,151.1446990966797,8.0,35.6,5,0.08,True
2026-10-10T19:15:00+11:00,2287071,2459_423,-33.889034271240234,151.19070434570312,52.0,0.0,143,2.38,True
2026-10-10T19:15:00+11:00,2377266,2508_100,-33.83164978027344,151.24441528320312,177.0,23.4,-93,-1.55,False
2026-10-10T19:15:00+11:00,2737093,2459_445,-33.89804458618164,151.14662170410156,226.0,0.0,-56,-0.93,True
2026-10-10T19:15:00+11:00,2579022,7084_SW2,-33.901268005371094,151.15298461914062,95.0,7.2,-104,-1.73,False
2026-10-10T19:15:00+11:00,2210356,2459_415,-33.851661682128906,151.129150390625,337.0,36.7,121,2.02,True
2026-10-10T19:15:00+11:00,2609000,2459_430,-33.915374755859375,151.16549682617188,52.0,0.0,0,0.0,True
2026-10-10T19:15:00+11:00,2286604,2459_440,-33.89113235473633,151.24537658691406,300.0,10.4,71,1.18,True
2026-10-10T19:15:00+11:00,2038465,2459_412,-33.888877868652344,151.1817626953125,318.0,29.9,587,9.78,False
2026-10-10T19:15:00+11:00,2209871,2459_464,-33.844139099121094,151.1082000732422,19.0,25.9,175,2.92,True
2026-10-10T19:15:00+11:00,2286038,2459_442,-33.86893844604492,151.2034149169922,69.0,13.3,-244,-4.07,False
2026-10-10T19:15:00+11:00,1904925,2459_461X,-33.878055572509766,151.13059997558594,152.0,38.9,168,2.8,True
2026-10-10T19:15:00+11:00,2740661,7066_28T4,-33.88523483276367,151.20773315429688,51.0,0.0,0,0.0,True
2026-10-10T19:15:00+11:00,1940926,2459_412,-33.87661361694336,151.20950317382812,183.0,5.4,15,0.25,True
2026-10-10T19:15:00+11:00,2415988,2508_B1,-33.8598747253418,151.20594787597656,24.0,50.8,102,1.7,True
2026-10-10T19:15:00+11:00,2515281,2459_410,-33.87984848022461,151.10317993164062,191.0,15.1,1042,17.37,False
2026-10-10T19:15:00+11:00,2705837,2504_607X,-33.8226432800293,151.2060546875,311.0,80.3,14,0.23,True
2026-10-10T19:15:00+11:00,2283360,2459_422,-33.92449951171875,151.16029357910156,28.0,0.0,32,0.53,True
2026-10-10T19:15:00+11:00,2287496,2459_442,-33.864200592041016,151.17660522460938,352.0,12.6,-227,-3.78,False
2026-10-10T19:15:00+11:00,2287676,2459_433,-33.8609733581543,151.1716766357422,21.0,0.0,-52,-0.87,True
2026-10-10T19:15:00+11:00,2558835,7083_SW1,-33.91438674926758,151.16342163085938,131.0,21.6,501,8.35,False
2026-10-10T19:15:00+11:00,2738840,7063_13T4,-33.93045425415039,151.15484619140625,130.0,15.5,-118,-1.97,False
2026-10-10T19:15:00+11:00,2284111,2459_470,-33.88039016723633,151.2086639404297,104.0,10.4,163,2.72,True
2026-10-10T19:15:00+11:00,2719071,2514_270,-33.802303314208984,151.21095275878906,87.0,13.3,-47,-0.78,True
2026-10-10T19:15:00+11:00,2740762,7066_28T4,-33.889610290527344,151.2079315185547,186.0,0.0,23,0.38,True
2026-10-10T19:15:00+11:00,1904222,2459_461X,-33.88192367553711,151.20550537109375,45.0,0.0,-183,-3.05,False
2026-10-10T19:15:00+11:00,2558733,7083_SW1,-33.91214370727539,151.15975952148438,313.0,18.4,81,1.35,True
2026-10-10T19:15:00+11:00,2529598,7084_SW2,-33.904483795166016,151.13926696777344,246.0,15.5,98,1.63,True
2026-10-10T19:15:00+11:00,1973508,2508_162,-33.80085754394531,151.2572021484375,218.0,13.3,50,0.83,True
2026-10-10T19:15:00+11:00,2288900,2459_389,-33.891475677490234,151.24957275390625,96.0,0.0,0,0.0,True
2026-10-10T19:15:00+11:00,2374415,2508_B1,-33.82810974121094,151.23046875,240.0,3.2,-163,-2.72,False
2026-10-10T19:15:00+11:00,2741053,7016_7T4,-33.9085578918457,151.1720428466797,265.0,0.0,0,0.0,True
2026-10-10T19:15:00+11:00,2713952,2508_144,-33.80625534057617,151.17950439453125,349.0,37.4,-51,-0.85,True
2026-10-10T19:15:00+11:00,2211071,2459_438X,-33.88205337524414,151.20448303222656,197.0,23.8,-72,-1.2,False
2026-10-10T19:15:00+11:00,2286927,2459_469,-33.879791259765625,151.1870574951172,330.0,17.3,-98,-1.63,False
2026-10-10T19:15:00+11:00,2283138,2459_438X,-33.879310607910156,151.13780212402344,325.0,33.5,412,6.87,False
2026-10-10T19:15:00+11:00,2682818,7083_SW1,-33.91477584838867,151.1649627685547,0.0,0.0,2836,47.27,False
2026-10-10T19:15:00+11:00,2287975,2459_389,-33.86827087402344,151.193115234375,334.0,29.9,340,5.67,True
2026-10-10T19:15:00+11:00,2287854,2459_440,-33.8769645690918,151.21231079101562,298.0,0.0,10,0.17,True
2026-10-10T19:15:00+11:00,2287028,2459_470,-33.883968353271484,151.18991088867188,270.0,34.9,7,0.12,True
2026-10-10T19:15:00+11:00,1912100,2459_483,-33.888118743896484,151.10391235351562,59.0,42.5,113,1.88,True
2026-10-10T19:15:00+11:00,2636611,2459_504,-33.86800003051758,151.18115234375,108.0,22.3,-157,-2.62,False
2026-10-10T19:15:00+11:00,2375179,2508_172X,-33.79173278808594,151.24110412597656,198.0,15.5,-107,-1.78,False
2026-10-10T19:15:00+11:00,2596640,2459_490,-33.900272369384766,151.10809326171875,179.0,0.0,-3,-0.05,True
2026-10-10T19:15:00+11:00,2287502,2459_431,-33.88334655761719,151.2036895751953,45.0,4.3,69,1.15,True
2026-10-10T19:15:00+11:00,2660232,2459_320,-33.90776443481445,151.20469665527344,187.0,14.8,161,2.68,True
2026-10-10T19:15:00+11:00,2377420,2508_144,-33.817630767822266,151.24371337890625,336.0,41.8,143,2.38,True
2026-10-10T19:15:00+11:00,2660292,2459_320,-33.8857421875,151.20816040039062,180.0,22.0,113,1.88,True
2026-10-10T19:15:00+11:00,2415923,2508_B1,-33.86639404296875,151.20596313476562,156.0,1.1,0,0.0,True
2026-10-10T19:15:00+11:00,2596628,2459_491,-33.916900634765625,151.11866760253906,133.0,30.2,-288,-4.8,False
2026-10-10T19:15:00+11:00,2290036,2459_433,-33.88432693481445,151.19664001464844,89.0,25.9,27,0.45,True
2026-10-10T19:15:00+11:00,2290567,2459_442,-33.85700607299805,151.1954803466797,78.0,0.0,21,0.35,True
2026-10-10T19:15:00+11:00,2284265,2459_348,-33.90558624267578,151.2162628173828,309.0,27.0,-17,-0.28,True
2026-10-10T19:15:00+11:00,2290038,2459_433,-33.879981994628906,151.20848083496094,186.0,0.0,104,1.73,True
2026-10-10T19:15:00+11:00,2287787,2459_438X,-33.867774963378906,151.1298828125,201.0,19.1,390,6.5,False
2026-10-10T19:15:00+11:00,2284555,2459_442,-33.858272552490234,151.1837158203125,116.0,0.0,0,0.0,True
2026-10-10T19:15:00+11:00,2376866,2508_173X,-33.829566955566406,151.21383666992188,101.0,19.8,558,9.3,False
2026-10-10T19:15:00+11:00,2038912,2459_440,-33.88679122924805,151.2298583984375,131.0,28.1,-695,-11.58,False
2026-10-10T19:15:00+11:00,2713898,2508_144,-33.82773208618164,151.20083618164062,279.0,0.0,299,4.98,True
2026-10-10T19:15:00+11:00,2741173,7016_7T4,-33.92789840698242,151.1577606201172,38.0,43.6,-35,-0.58,True
2026-10-10T19:15:00+11:00,2740772,7066_28T4,-33.9390754699707,151.1478729248047,212.0,0.0,206,3.43,True
2026-10-10T19:15:00+11:00,2289373,2459_303,-33.924354553222656,151.2107391357422,106.0,8.3,170,2.83,True
2026-10-10T19:15:00+11:00,2713993,2508_144,-33.8222770690918,151.2438201904297,187.0,45.0,149,2.48,True
2026-10-10T19:15:00+11:00,2375808,2508_B1,-33.83137512207031,151.22373962402344,245.0,40.7,182,3.03,True
2026-10-10T19:15:00+11:00,2375967,2508_100,-33.870330810546875,151.20620727539062,175.0,8.6,-296,-4.93,False
2026-10-10T19:15:00+11:00,2741489,700015_3AT4,-33.90214538574219,151.2146759033203,12.0,31.7,-720,-12.0,False
2026-10-10T19:15:00+11:00,2686196,2459_423,-33.86875534057617,151.21047973632812,188.0,0.0,238,3.97,True
2026-10-10T19:15:00+11:00,2388872,2508_173X,-33.806697845458984,151.246826171875,161.0,0.0,121,2.02,True
2026-10-10T19:15:00+11:00,2741386,700015_3AT4,-33.93943405151367,151.14996337890625,277.0,41.4,-578,-9.63,False
2026-10-10T19:15:00+11:00,2290543,2459_418,-33.87953186035156,151.10325622558594,9.0,0.7,337,5.62,True
2026-10-10T19:15:00+11:00,2284289,2459_437,-33.88418960571289,151.15084838867188,85.0,27.7,-128,-2.13,False
2026-10-10T19:15:00+11:00,2288892,2459_438X,-33.8841438293457,151.15087890625,266.0,36.0,114,1.9,True
2026-10-10T19:15:00+11:00,2738843,7063_13T4,-33.93996047973633,151.14703369140625,45.0,37.8,-85,-1.42,False
2026-10-10T19:15:00+11:00,2211595,2459_438X,-33.867515563964844,151.2106170654297,197.0,5.4,0,0.0,True
2026-10-10T19:15:00+11:00,2290473,2459_348,-33.91305923461914,151.22486877441406,138.0,23.4,-16,-0.27,True
2026-10-10T19:15:00+11:00,2288611,2459_469,-33.88573455810547,151.14956665039062,80.0,0.0,20,0.33,True
2026-10-10T19:15:00+11:00,2290118,2459_422,-33.90590286254883,151.18113708496094,338.0,0.0,434,7.23,False
2026-10-10T19:15:00+11:00,2558670,7083_SW1,-33.91139221191406,151.1395721435547,145.0,19.8,75,1.25,True
2026-10-10T19:15:00+11:00,2740994,7016_7T4,-33.915611267089844,151.16627502441406,170.0,0.0,0,0.0,True
2026-10-10T19:15:00+11:00,2737072,2459_428,-33.89265441894531,151.1864471435547,255.0,0.0,311,5.18,True
2026-10-10T19:15:00+11:00,2287045,2459_422,-33.88505935668945,151.18479919433594,256.0,0.0,19,0.32,True
2026-10-10T19:15:00+11:00,2741519,700015_3AT4,-33.884857177734375,151.21815490722656,154.0,0.0,89,1.48,True
2026-10-10T19:15:00+11:00,2713977,2508_114,-33.826751708984375,151.25067138671875,219.0,18.7,176,2.93,True
2026-10-10T19:15:00+11:00,2620102,2459_530,-33.86798858642578,151.12542724609375,280.0,44.3,-59,-0.98,True
2026-10-10T19:15:00+11:00,2284889,2459_470,-33.87468338012695,151.16062927246094,346.0,20.9,124,2.07,True
2026-10-10T19:15:00+11:00,2609043,2459_430,-33.88502883911133,151.19454956054688,199.0,0.0,-60,-1.0,False
2026-10-10T19:15:00+11:00,2682133,2507_267,-33.796356201171875,151.18075561523438,192.0,0.0,0,0.0,True
2026-10-10T19:15:00+11:00,2643416,2507_501,-33.86909484863281,151.176513671875,263.0,0.0,-57,-0.95,True
2026-10-10T19:15:00+11:00,2682050,2507_208,-33.86332702636719,151.20518493652344,286.0,24.5,-15,-0.25,True
2026-10-10T19:15:00+11:00,2672529,2507_115,-33.796051025390625,151.1836395263672,258.0,0.0,-351,-5.85,False
2026-10-10T19:15:00+11:00,2620824,2507_252,-33.812408447265625,151.17173767089844,260.0,0.0,299,4.98,True
2026-10-10T19:15:00+11:00,2672538,2507_267,-33.84022521972656,151.1815948486328,97.0,22.7,19,0.32,True
2026-10-10T19:15:00+11:00,2644711,2507_120,-33.817726135253906,151.2021484375,153.0,64.8,168,2.8,True
2026-10-10T19:15:00+11:00,2644230,2507_52,-33.833709716796875,151.12718200683594,337.0,4.3,368,6.13,False
2026-10-10T19:15:00+11:00,2672530,2507_115,-33.79864501953125,151.19847106933594,159.0,13.3,238,3.97,True
2026-10-10T19:15:00+11:00,2643897,2507_501,-33.83427810668945,151.12738037109375,344.0,18.7,5,0.08,True
2026-10-10T19:15:00+11:00,2644856,2507_202,-33.81385040283203,151.2276153564453,254.0,36.0,0,0.0,True
2026-10-10T19:15:00+11:00,2644741,2507_120,-33.79635238647461,151.18113708496094,4.0,0.0,356,5.93,True
2026-10-10T19:15:00+11:00,2229633,2507_288,-33.86574172973633,151.20315551757812,173.0,0.0,56,0.93,True
2026-10-10T19:15:00+11:00,2672531,2507_115,-33.83403778076172,151.20501708984375,351.0,47.2,50,0.83,True
2026-10-10T19:15:00+11:00,2634538,2507_261,-33.83300018310547,151.20457458496094,159.0,29.9,-312,-5.2,False
2026-10-10T19:15:00+11:00,2644582,2507_52,-33.870914459228516,151.19140625,278.0,55.1,646,10.77,False
2026-10-10T19:15:00+11:00,2620483,2507_288,-33.844825744628906,151.21168518066406,349.0,53.6,-32,-0.53,True
2026-10-10T19:15:00+11:00,2744530,2507_292,-33.8646125793457,151.20343017578125,348.0,11.5,-181,-3.02,False
2026-10-10T19:15:00+11:00,2642968,2507_501,-33.86984634399414,151.1886444091797,112.0,42.5,66,1.1,True
2026-10-10T19:15:00+11:00,2644915,2507_120,-33.87260055541992,151.2064971923828,173.0,2.5,-22,-0.37,True
2026-10-10T19:15:00+11:00,2258817,2507_516,-33.792354583740234,151.16317749023438,89.0,43.6,-223,-3.72,False
2026-10-10T19:15:00+11:00,2643185,2507_501,-33.88262176513672,151.20541381835938,45.0,30.6,0,0.0,True
2026-10-10T19:15:00+11:00,2643634,2507_52,-33.87238693237305,151.21275329589844,186.0,0.0,34,0.57,True
2026-10-10T19:15:00+11:00,2634489,2507_254,-33.823787689208984,151.19320678710938,245.0,33.1,88,1.47,True
2026-10-10T19:15:00+11:00,2620557,2507_288,-33.802818298339844,151.14605712890625,162.0,38.2,141,2.35,True
2026-10-10T19:15:00+11:00,2644215,2507_52,-33.83003234863281,151.12680053710938,176.0,6.5,312,5.2,True
2026-10-10T19:15:00+11:00,2406907,2507_252,-33.8284797668457,151.20147705078125,149.0,9.4,34,0.57,True
2026-10-10T19:15:00+11:00,2407555,2507_252,-33.828575134277344,151.12930297851562,52.0,26.3,-5,-0.08,True
2026-10-10T19:15:00+11:00,2644626,2507_120,-33.798194885253906,151.1980743408203,338.0,43.9,169,2.82,True
2026-10-10T19:15:00+11:00,2744503,2507_292,-33.81184005737305,151.1685028076172,291.0,48.2,-12,-0.2,True
2026-10-10T19:15:00+11:00,2644667,2507_52,-33.82329177856445,151.1227264404297,304.0,31.3,716,11.93,False
2026-10-10T19:15:00+11:00,2738502,2507_533,-33.795494079589844,151.18038940429688,177.0,23.8,627,10.45,False
2026-10-10T19:15:00+11:00,2644695,2507_52,-33.874244689941406,151.19985961914062,258.0,52.2,114,1.9,True
2026-10-10T19:15:00+11:00,2322566,2507_506,-33.8732795715332,151.20965576171875,96.0,0.0,21,0.35,True
2026-10-10T19:15:00+11:00,2645042,2507_52,-33.87327194213867,151.2095947265625,97.0,0.0,25,0.42,True
2026-10-10T19:15:00+11:00,2643507,2507_501,-33.82987594604492,151.12677001953125,177.0,10.4,11,0.18,True
2026-10-10T19:15:00+11:00,2644794,2507_52,-33.84912109375,151.1532440185547,153.0,41.8,605,10.08,False
2026-10-10T19:15:00+11:00,2644272,2507_120,-33.807342529296875,151.1993408203125,354.0,43.9,-184,-3.07,False
2026-10-10T19:15:00+11:00,2644581,2507_501,-33.88014602661133,151.2073516845703,282.0,0.0,106,1.77,True
2026-10-10T19:15:00+11:00,2322478,2507_506,-33.857879638671875,151.16067504882812,329.0,54.4,-118,-1.97,False
2026-10-10T19:15:00+11:00,2357243,2509_311,-33.872093200683594,151.2283935546875,107.0,0.0,450,7.5,False
2026-10-10T19:15:00+11:00,2356329,2509_373,-33.884056091308594,151.2177276611328,161.0,31.0,540,9.0,False
2026-10-10T19:15:00+11:00,2534245,2509_380,-33.891563415527344,151.2495880126953,146.0,15.8,56,0.93,True
2026-10-10T19:15:00+11:00,2146644,2509_396,-33.91051483154297,151.2233123779297,188.0,39.6,233,3.88,True
2026-10-10T19:15:00+11:00,2356107,2509_343,-33.87398147583008,151.20982360839844,6.0,32.0,-49,-0.82,True
2026-10-10T19:15:00+11:00,2740415,2509_379,-33.9011344909668,151.2540740966797,155.0,6.1,478,7.97,False
2026-10-10T19:15:00+11:00,2146613,2509_396,-33.94218826293945,151.24362182617188,96.0,0.0,484,8.07,False
2026-10-10T19:15:00+11:00,2533536,2509_333,-33.879432678222656,151.21542358398438,315.0,14.4,-24,-0.4,True
2026-10-10T19:15:00+11:00,2356938,2509_370,-33.89365005493164,151.1832275390625,41.0,0.0,10,0.17,True
2026-10-10T19:15:00+11:00,2533915,2509_333,-33.88507080078125,151.22698974609375,281.0,37.8,-608,-10.13,False
2026-10-10T19:15:00+11:00,2740462,2509_379,-33.904605865478516,151.2672119140625,110.0,2.2,0,0.0,True
2026-10-10T19:15:00+11:00,2488478,2509_392,-33.94231033325195,151.2274169921875,200.0,52.6,518,8.63,False
2026-10-10T19:15:00+11:00,2531797,2509_350,-33.943607330322266,151.22323608398438,280.0,27.7,-54,-0.9,True
2026-10-10T19:15:00+11:00,2740458,2509_379,-33.90080261230469,151.25387573242188,156.0,14.8,-106,-1.77,False
2026-10-10T19:15:00+11:00,2533237,2509_313,-33.92275619506836,151.25294494628906,309.0,49.0,57,0.95,True
2026-10-10T19:15:00+11:00,2398263,2509_392,-33.920677185058594,151.22650146484375,351.0,0.0,172,2.87,True
2026-10-10T19:15:00+11:00,2356178,2509_370,-33.90999984741211,151.2227325439453,277.0,0.0,-45,-0.75,True
2026-10-10T19:15:00+11:00,2532716,2509_350,-33.945167541503906,151.2600555419922,255.0,0.0,166,2.77,True
2026-10-10T19:15:00+11:00,2434987,2509_390X,-33.916717529296875,151.2394561767578,188.0,0.0,90,1.5,True
2026-10-10T19:15:00+11:00,2399784,2509_390X,-33.91667938232422,151.22586059570312,348.0,0.0,290,4.83,True
2026-10-10T19:15:00+11:00,2575724,2509_374,-33.90407180786133,151.22584533691406,312.0,41.0,35,0.58,True
2026-10-10T19:15:00+11:00,2531700,2509_333,-33.87900924682617,151.21490478515625,314.0,14.4,441,7.35,False
2026-10-10T19:15:00+11:00,2675004,2509_309,-33.921077728271484,151.19692993164062,219.0,0.0,176,2.93,True
2026-10-10T19:15:00+11:00,2532306,2509_333,-33.894187927246094,151.26580810546875,100.0,35.6,0,0.0,True
2026-10-10T19:15:00+11:00,2628737,2509_304,-33.88039016723633,151.2122802734375,282.0,16.2,622,10.37,False
2026-10-10T19:15:00+11:00,2352276,2509_392,-33.92435836791992,151.22808837890625,130.0,0.0,281,4.68,True
2026-10-10T19:15:00+11:00,2575727,2509_374,-33.919525146484375,151.2571563720703,190.0,0.0,0,0.0,True
2026-10-10T19:15:00+11:00,2628735,2509_304,-33.86570739746094,151.21127319335938,26.0,21.6,523,8.72,False
2026-10-10T19:15:00+11:00,2356590,2509_343,-33.89311218261719,151.20736694335938,192.0,13.7,489,8.15,False
2026-10-10T19:15:00+11:00,2532012,2509_333,-33.87316131591797,151.2099151611328,188.0,10.4,489,8.15,False
2026-10-10T19:15:00+11:00,2531722,2509_333,-33.87355041503906,151.20986938476562,7.0,29.5,365,6.08,False
2026-10-10T19:15:00+11:00,2532249,2509_333,-33.89087677001953,151.23779296875,79.0,58.0,255,4.25,True
2026-10-10T19:15:00+11:00,2356458,2509_343,-33.911643981933594,151.20611572265625,17.0,36.0,525,8.75,False
2026-10-10T19:15:00+11:00,2357569,2509_339,-33.91447067260742,151.2665557861328,131.0,0.0,0,0.0,True
2026-10-10T19:15:00+11:00,2691210,2509_324,-33.87321090698242,151.20899963378906,101.0,5.0,236,3.93,True
2026-10-10T19:15:00+11:00,2140525,2509_375,-33.94330596923828,151.26206970214844,218.0,28.4,433,7.22,False
2026-10-10T19:15:00+11:00,2352344,2509_307,-33.934593200683594,151.1939697265625,166.0,0.0,141,2.35,True
2026-10-10T19:15:00+11:00,2531920,2509_324,-33.875579833984375,151.22186279296875,200.0,0.0,94,1.57,True
2026-10-10T19:15:00+11:00,2139438,2509_375,-33.9213752746582,151.19667053222656,221.0,0.0,187,3.12,True
2026-10-10T19:15:00+11:00,2534102,2509_333,-33.88170623779297,151.2191162109375,302.0,16.9,-68,-1.13,False
2026-10-10T19:15:00+11:00,2139306,2509_306,-33.8935546875,151.1987762451172,21.0,0.0,0,0.0,True
2026-10-10T19:15:00+11:00,2531702,2509_360,-33.89807891845703,151.26528930664062,98.0,3.6,-2,-0.03,True
2026-10-10T19:15:00+11:00,2531125,2509_333,-33.891727447509766,151.25172424316406,55.0,0.0,274,4.57,True
2026-10-10T19:15:00+11:00,2532713,2509_352,-33.8911018371582,151.24851989746094,283.0,0.0,0,0.0,True
2026-10-10T19:15:00+11:00,2675145,2509_309,-33.900733947753906,151.20069885253906,156.0,38.9,-16,-0.27,True
2026-10-10T19:15:00+11:00,2357055,2509_374,-33.88044357299805,151.206787109375,194.0,0.0,0,0.0,True
2026-10-10T19:15:00+11:00,2356269,2509_370,-33.889427185058594,151.19012451171875,37.0,32.4,332,5.53,True
2026-10-10T19:15:00+11:00,2357145,2509_370,-33.91939163208008,151.24691772460938,280.0,49.0,12,0.2,True
2026-10-10T19:15:00+11:00,2628657,2509_304,-33.898380279541016,151.21206665039062,216.0,29.9,475,7.92,False
2026-10-10T19:15:00+11:00,2532825,2509_350,-33.9260139465332,151.25559997558594,7.0,0.0,144,2.4,True
2026-10-10T19:15:00+11:00,2140194,2509_396,-33.94248580932617,151.25025939941406,61.0,42.5,900,15.0,False
2026-10-10T19:15:00+11:00,2534227,2509_350,-33.9461784362793,151.25694274902344,44.0,0.0,51,0.85,True
2026-10-10T19:15:00+11:00,2532460,2509_350,-33.9266242980957,151.18763732910156,327.0,36.4,349,5.82,True
2026-10-10T19:15:00+11:00,2357662,2509_311,-33.882686614990234,151.20460510253906,233.0,0.0,102,1.7,True
2026-10-10T19:15:00+11:00,2434899,2509_390X,-33.94597625732422,151.2406005859375,169.0,18.7,219,3.65,True
2026-10-10T19:15:00+11:00,2357436,2509_343,-33.862613677978516,151.21200561523438,7.0,0.0,0,0.0,True
2026-10-10T19:15:00+11:00,2532021,2509_387,-33.886653900146484,151.26260375976562,290.0,43.9,111,1.85,True
2026-10-10T19:15:00+11:00,2740495,2509_370,-33.91189956665039,151.21044921875,98.0,0.0,-120,-2.0,False
2026-10-10T19:15:00+11:00,2356750,2509_373,-33.91807556152344,151.2411346435547,267.0,0.0,118,1.97,True
2026-10-10T19:15:00+11:00,2534320,2509_333,-33.89126205444336,151.24557495117188,289.0,36.0,-388,-6.47,False
2026-10-10T19:15:00+11:00,2146801,2509_396,-33.93022918701172,151.23605346679688,328.0,52.9,729,12.15,False
2026-10-10T19:15:00+11:00,2532219,2509_386,-33.85842514038086,151.27891540527344,224.0,36.0,-75,-1.25,False
2026-10-10T19:15:00+11:00,2488400,2509_392,-33.90398025512695,151.21360778808594,102.0,13.3,365,6.08,False
2026-10-10T19:15:00+11:00,2628643,2509_304,-33.891624450683594,151.2125244140625,12.0,0.0,552,9.2,False
2026-10-10T19:15:00+11:00,2398265,2509_392,-33.93619155883789,151.22998046875,20.0,39.2,-73,-1.22,False
2026-10-10T19:15:00+11:00,2531863,2509_350,-33.897850036621094,151.25204467773438,349.0,37.8,-64,-1.07,False
2026-10-10T19:15:00+11:00,2532550,2509_350,-33.93463134765625,151.19473266601562,253.0,40.0,142,2.37,True
2026-10-10T19:15:00+11:00,2357120,2509_370,-33.919803619384766,151.25714111328125,188.0,0.0,0,0.0,True
2026-10-10T19:15:00+11:00,2140838,2509_375,-33.91990280151367,151.24270629882812,162.0,0.4,-81,-1.35,False
2026-10-10T19:15:00+11:00,2740376,2509_370,-33.875816345214844,151.18386840820312,147.0,24.1,-22,-0.37,True
2026-10-10T19:15:00+11:00,2532855,2509_333,-33.86337661743164,151.2123565673828,87.0,20.9,173,2.88,True
2026-10-10T19:15:00+11:00,2398264,2509_392,-33.896812438964844,151.21205139160156,277.0,26.6,-39,-0.65,True
2026-10-10T19:15:00+11:00,2628764,2509_304,-33.907711029052734,151.2046356201172,185.0,23.4,504,8.4,False
2026-10-10T19:15:00+11:00,2356152,2509_339,-33.90412139892578,151.24366760253906,307.0,44.3,235,3.92,True
2026-10-10T19:15:00+11:00,2548577,2509_328,-33.873477935791016,151.23733520507812,237.0,24.5,241,4.02,True
2026-10-10T19:15:00+11:00,2139009,2509_396,-33.86208724975586,151.21214294433594,191.0,24.1,296,4.93,True
2026-10-10T19:15:00+11:00,2533028,2509_333,-33.884979248046875,151.22531127929688,279.0,34.9,-164,-2.73,False
2026-10-10T19:15:00+11:00,2400268,2509_309,-33.927249908447266,151.19515991210938,10.0,46.4,-129,-2.15,False
2026-10-10T19:15:00+11:00,2531335,2509_360,-33.901344299316406,151.26173400878906,63.0,0.0,166,2.77,True
2026-10-10T19:15:00+11:00,2533885,2509_333,-33.862030029296875,151.2112274169922,2.0,2.2,0,0.0,True
2026-10-10T19:15:00+11:00,2531986,2509_355,-33.893280029296875,151.2296142578125,24.0,45.4,-136,-2.27,False
2026-10-10T19:15:00+11:00,2740430,2509_379,-33.89247131347656,151.24974060058594,10.0,18.0,-80,-1.33,False
2026-10-10T19:15:00+11:00,2740282,2509_370,-33.91211700439453,151.21194458007812,97.0,19.8,463,7.72,False
2026-10-10T19:15:00+11:00,2355964,2509_343,-33.878204345703125,151.20928955078125,193.0,0.4,374,6.23,False
2026-10-10T19:15:00+11:00,2356813,2509_343,-33.86638259887695,151.21107482910156,277.0,0.0,155,2.58,True
2026-10-10T19:15:00+11:00,2628620,2509_304,-33.88085174560547,151.2147674560547,103.0,11.9,421,7.02,False
2026-10-10T19:15:00+11:00,2533325,2509_362,-33.891273498535156,151.2743682861328,223.0,8.6,-82,-1.37,False
2026-10-10T19:15:00+11:00,2532348,2509_325,-33.86082458496094,151.20274353027344,352.0,32.0,-59,-0.98,True
2026-10-10T19:15:00+11:00,2357487,2509_370,-33.90317916870117,151.19113159179688,217.0,26.6,312,5.2,True
2026-10-10T19:15:00+11:00,2674985,2509_309,-33.9075813293457,151.20281982421875,180.0,12.6,1040,17.33,False
2026-10-10T19:15:00+11:00,2534420,2509_380,-33.87000274658203,151.28135681152344,12.0,32.0,126,2.1,True
2026-10-10T19:15:00+11:00,2356466,2509_374,-33.879600524902344,151.18701171875,147.0,0.0,0,0.0,True
2026-10-10T19:15:00+11:00,2356103,2509_373,-33.919944763183594,151.24266052246094,167.0,0.0,-102,-1.7,False
2026-10-10T19:15:00+11:00,2434777,2509_390X,-33.921077728271484,151.22682189941406,171.0,0.0,211,3.52,True
2026-10-10T19:15:00+11:00,2531695,2509_325,-33.87256622314453,151.2603759765625,264.0,0.0,176,2.93,True
2026-10-10T19:15:00+11:00,2352484,2509_392,-33.896697998046875,151.20138549804688,94.0,34.9,179,2.98,True
2026-10-10T19:15:00+11:00,2740367,2509_379,-33.885746002197266,151.2809600830078,282.0,13.0,4,0.07,True
2026-10-10T19:15:00+11:00,2403081,2509_311,-33.87204360961914,151.2283477783203,297.0,19.4,-29,-0.48,True
2026-10-10T19:15:00+11:00,2531339,2509_333,-33.889495849609375,151.28338623046875,216.0,0.0,639,10.65,False
2026-10-10T19:15:00+11:00,2532171,2509_324,-33.844173431396484,151.2840576171875,6.0,34.2,48,0.8,True
2026-10-10T19:15:00+11:00,2352448,2509_307,-33.945274353027344,151.20497131347656,177.0,34.6,1019,16.98,False
2026-10-10T19:15:00+11:00,2146448,2509_396,-33.91588592529297,151.2255859375,169.0,31.7,720,12.0,False
2026-10-10T19:15:00+11:00,2434555,2509_390X,-33.89984130859375,151.25331115722656,134.0,0.0,105,1.75,True
2026-10-10T19:15:00+11:00,2138092,2509_396,-33.87579345703125,151.20960998535156,7.0,34.9,-57,-0.95,True
2026-10-10T19:15:00+11:00,2532469,2509_324,-33.879798889160156,151.23776245117188,172.0,5.8,0,0.0,True
2026-10-10T19:15:00+11:00,2137137,2509_396,-33.87795639038086,151.21360778808594,134.0,38.5,386,6.43,False
2026-10-10T19:15:00+11:00,2352584,2509_356,-33.92763137817383,151.24388122558594,99.0,39.6,716,11.93,False
2026-10-10T19:15:00+11:00,2740363,2509_370,-33.8859977722168,151.19430541992188,200.0,39.6,335,5.58,True
2026-10-10T19:15:00+11:00,2532245,2509_333,-33.891029357910156,151.27410888671875,38.0,26.3,50,0.83,True
2026-10-10T19:15:00+11:00,2357200,2509_343,-33.91303634643555,151.20562744140625,16.0,23.0,-50,-0.83,True
2026-10-10T19:15:00+11:00,2533183,2509_324,-33.87612533569336,151.2257843017578,94.0,0.0,187,3.12,True
2026-10-10T19:15:00+11:00,2137627,2509_396,-33.86299133300781,151.21112060546875,6.0,0.0,10,0.17,True
2026-10-10T19:15:00+11:00,2740437,2509_370,-33.903385162353516,151.17977905273438,150.0,28.8,287,4.78,True
2026-10-10T19:15:00+11:00,2533068,2509_381,-33.89913558959961,151.26895141601562,21.0,3.6,9,0.15,True
2026-10-10T19:15:00+11:00,2534621,2509_325,-33.870906829833984,151.25152587890625,29.0,45.0,431,7.18,False
2026-10-10T19:15:00+11:00,2139178,2509_375,-33.93492126464844,151.2578887939453,17.0,16.9,60,1.0,True
2026-10-10T19:15:00+11:00,2531928,2509_333,-33.89107131958008,151.24966430664062,318.0,16.2,301,5.02,True
2026-10-10T19:15:00+11:00,2531250,2509_333,-33.8904914855957,151.27499389648438,221.0,0.0,121,2.02,True
2026-10-10T19:15:00+11:00,2335642,2509_309,-33.90225601196289,151.20159912109375,333.0,32.8,-139,-2.32,False
2026-10-10T19:15:00+11:00,2532312,2509_362,-33.87175750732422,151.26223754882812,348.0,0.0,0,0.0,True
2026-10-10T19:15:00+11:00,2357677,2509_370,-33.908226013183594,151.20266723632812,359.0,0.0,117,1.95,True
2026-10-10T19:15:00+11:00,2533347,2509_350,-33.91210174560547,151.25778198242188,100.0,33.5,226,3.77,True
2026-10-10T19:15:00+11:00,2357354,2509_343,-33.925270080566406,151.2267608642578,178.0,23.4,369,6.15,False
2026-10-10T19:15:00+11:00,2533700,2509_333,-33.8895149230957,151.28326416015625,213.0,0.0,0,0.0,True
2026-10-10T19:15:00+11:00,2138831,2509_306,-33.930965423583984,151.2039337158203,279.0,16.6,182,3.03,True
2026-10-10T19:15:00+11:00,2356392,2509_311,-33.867496490478516,151.20443725585938,355.0,22.3,956,15.93,False
2026-10-10T19:15:00+11:00,2667454,2509_326,-33.87653732299805,151.24549865722656,222.0,35.6,-27,-0.45,True
2026-10-10T19:15:00+11:00,2399332,2509_390X,-33.90190505981445,151.25448608398438,335.0,17.3,-64,-1.07,False
2026-10-10T19:15:00+11:00,2532116,2509_362,-33.91978454589844,151.2570037841797,11.0,0.0,0,0.0,True
2026-10-10T19:15:00+11:00,2357079,2509_374,-33.899356842041016,151.22235107421875,169.0,19.8,348,5.8,True
2026-10-10T19:15:00+11:00,2534014,2509_352,-33.879432678222656,151.21542358398438,315.0,18.7,373,6.22,False
2026-10-10T19:15:00+11:00,2356330,2509_373,-33.919960021972656,151.2569580078125,9.0,0.0,0,0.0,True
2026-10-10T19:15:00+11:00,2356643,2509_373,-33.883689880371094,151.21763610839844,170.0,30.2,-60,-1.0,False
2026-10-10T19:15:00+11:00,2532068,2509_325,-33.86681365966797,151.20579528808594,169.0,18.0,151,2.52,True
2026-10-10T19:15:00+11:00,2470826,2509_356,-33.93752670288086,151.24288940429688,278.0,36.4,167,2.78,True
2026-10-10T19:15:00+11:00,2137159,2509_396,-33.94776916503906,151.2550811767578,42.0,0.0,24,0.4,True
2026-10-10T19:15:00+11:00,2488476,2509_392,-33.89263916015625,151.19921875,24.0,0.0,3,0.05,True
2026-10-10T19:15:00+11:00,2357494,2509_373,-33.87685012817383,151.21044921875,271.0,0.0,-206,-3.43,False
2026-10-10T19:15:00+11:00,2533640,2509_350,-33.94582748413086,151.2263641357422,82.0,28.4,178,2.97,True
2026-10-10T19:15:00+11:00,2533146,2509_333,-33.870094299316406,151.21847534179688,193.0,71.3,0,0.0,True
2026-10-10T19:15:00+11:00,2356851,2509_373,-33.90699768066406,151.2322235107422,301.0,43.2,211,3.52,True
2026-10-10T19:15:00+11:00,2740501,2509_379,-33.88908004760742,151.2581329345703,120.0,0.0,76,1.27,True
2026-10-10T19:15:00+11:00,2532445,2509_352,-33.88784408569336,151.19290161132812,49.0,0.0,149,2.48,True
2026-10-10T19:15:00+11:00,2434971,2509_390X,-33.89105224609375,151.2488250732422,276.0,0.0,0,0.0,True
2026-10-10T19:15:00+11:00,2139226,2509_306,-33.91311264038086,151.20803833007812,15.0,42.8,-242,-4.03,False
2026-10-10T19:15:00+11:00,2628659,2509_304,-33.8638801574707,151.21279907226562,6.0,0.0,472,7.87,False
2026-10-10T19:15:00+11:00,2740393,2509_379,-33.88536071777344,151.27516174316406,95.0,25.2,231,3.85,True
2026-10-10T19:15:00+11:00,2534199,2509_350,-33.932899475097656,151.1796875,99.0,0.0,0,0.0,True
2026-10-10T19:15:00+11:00,2533219,2509_350,-33.89091491699219,151.24876403808594,277.0,0.0,0,0.0,True
2026-10-10T19:15:00+11:00,2533127,2509_333,-33.87397003173828,151.20982360839844,6.0,33.1,-110,-1.83,False
2026-10-10T19:15:00+11:00,2534645,2509_352,-33.89539337158203,151.18145751953125,220.0,0.0,544,9.07,False
2026-10-10T19:15:00+11:00,2356034,2509_339,-33.88188552856445,151.20860290527344,9.0,0.0,564,9.4,False
2026-10-10T19:15:00+11:00,2564489,2509_387,-33.8869514465332,151.25892639160156,21.0,32.0,10,0.17,True
2026-10-10T19:15:00+11:00,2300963,2509_399,-33.9247932434082,151.22882080078125,316.0,16.6,32,0.53,True
2026-10-10T19:15:00+11:00,2531400,2509_380,-33.847373962402344,151.28662109375,141.0,29.9,234,3.9,True
2026-10-10T19:15:00+11:00,2740524,2509_379,-33.88792037963867,151.26234436035156,264.0,14.8,-96,-1.6,False
2026-10-10T19:15:00+11:00,2531557,2509_350,-33.93352127075195,151.17849731445312,292.0,23.0,-406,-6.77,False
2026-10-10T19:15:00+11:00,2675129,2509_309,-33.9556999206543,151.22982788085938,88.0,11.9,792,13.2,False
2026-10-10T19:15:00+11:00,2534500,2509_380,-33.889713287353516,151.2758026123047,229.0,0.0,500,8.33,False
2026-10-10T19:15:00+11:00,2532455,2509_313,-33.892696380615234,151.24969482421875,189.0,22.7,228,3.8,True
2026-10-10T19:15:00+11:00,2357222,2509_343,-33.9057731628418,151.2065887451172,143.0,17.3,788,13.13,False
2026-10-10T19:15:00+11:00,2399546,2509_390X,-33.94043731689453,151.23895263671875,351.0,25.6,145,2.42,True
2026-10-10T19:15:00+11:00,2137660,2509_396,-33.941627502441406,151.2392120361328,279.0,0.4,315,5.25,True
2026-10-10T19:15:00+11:00,2300939,2509_399,-33.953853607177734,151.24232482910156,170.0,31.7,352,5.87,True
2026-10-10T19:15:00+11:00,2748476,700012_43SC,-33.900962829589844,151.21490478515625,9.0,21.2,-537,-8.95,False
2026-10-10T19:15:00+11:00,2722562_2,700012_36SC,-33.88813018798828,151.21751403808594,9.0,38.9,,,
2026-10-10T19:15:00+11:00,2748502,700012_36SC,-33.881980895996094,151.20669555664062,296.0,0.0,,,
2026-10-10T19:30:00+11:00,1904314,2459_461X,-33.871883392333984,151.10475158691406,10.0,32.8,-53,-0.88,True
2026-10-10T19:30:00+11:00,2596636,2459_492,-33.8697624206543,151.1293487548828,189.0,30.2,227,3.78,True
2026-10-10T19:30:00+11:00,2636750,2459_504,-33.86806106567383,151.1824493408203,288.0,51.5,-18,-0.3,True
2026-10-10T19:30:00+11:00,2289590,2459_423,-33.926509857177734,151.12689208984375,100.0,31.0,223,3.72,True
2026-10-10T19:30:00+11:00,2704919,2504_607X,-33.86897659301758,151.20529174804688,356.0,0.0,102,1.7,True
2026-10-10T19:30:00+11:00,2283271,2459_426,-33.88942337036133,151.1902618408203,220.0,0.0,-97,-1.62,False
2026-10-10T19:30:00+11:00,2308767,2459_445,-33.86089324951172,151.17173767089844,31.0,10.1,69,1.15,True
2026-10-10T19:30:00+11:00,2475136,2459_389,-33.8758430480957,151.21572875976562,106.0,3.2,-118,-1.97,False
2026-10-10T19:30:00+11:00,2686131,2459_423,-33.917701721191406,151.14784240722656,237.0,38.2,482,8.03,False
2026-10-10T19:30:00+11:00,2375432,2508_100,-33.83078384399414,151.22012329101562,294.0,33.8,174,2.9,True
2026-10-10T19:30:00+11:00,2704846,2504_610X,-33.823829650878906,151.20863342285156,289.0,75.2,3,0.05,True
2026-10-10T19:30:00+11:00,2287658,2459_433,-33.856178283691406,151.1772003173828,112.0,23.8,164,2.73,True
2026-10-10T19:30:00+11:00,2554008,2459_358,-33.921443939208984,151.1961669921875,280.0,28.8,83,1.38,True
2026-10-10T19:30:00+11:00,2376004,2508_144,-33.79990005493164,151.17945861816406,159.0,41.0,53,0.88,True
2026-10-10T19:30:00+11:00,2373979,2508_100,-33.84212875366211,151.24388122558594,174.0,0.0,0,0.0,True
2026-10-10T19:30:00+11:00,2375464,2508_173X,-33.86320877075195,151.20521545410156,173.0,0.0,0,0.0,True
2026-10-10T19:30:00+11:00,2283187,2459_470,-33.87359619140625,151.1630401611328,71.0,9.7,55,0.92,True
2026-10-10T19:30:00+11:00,2736969,2459_428,-33.9050178527832,151.1321258544922,276.0,45.7,791,13.18,False
2026-10-10T19:30:00+11:00,2309749,7083_SW3,-33.909305572509766,151.16152954101562,124.0,38.9,31,0.52,True
2026-10-10T19:30:00+11:00,2682851,7083_SW1,-33.90935134887695,151.15383911132812,299.0,31.3,1136,18.93,False
2026-10-10T19:30:00+11:00,2285265,2459_442,-33.85702896118164,151.1955108642578,79.0,0.0,0,0.0,True
2026-10-10T19:30:00+11:00,2475099,2459_389,-33.89175796508789,151.2472686767578,106.0,0.0,188,3.13,True
2026-10-10T19:30:00+11:00,2349278,2459_418,-33.87495803833008,151.10752868652344,8.0,0.0,94,1.57,True
2026-10-10T19:30:00+11:00,2740649,7066_28T4,-33.933345794677734,151.15296936035156,210.0,56.5,169,2.82,True
2026-10-10T19:30:00+11:00,2376485,2508_144,-33.825439453125,151.1986846923828,141.0,34.6,108,1.8,True
2026-10-10T19:30:00+11:00,2287572,2459_442,-33.859825134277344,151.17733764648438,9.0,37.1,1196,19.93,False
2026-10-10T19:30:00+11:00,2558796,7083_SW1,-33.91587448120117,151.15020751953125,48.0,24.5,258,4.3,True
2026-10-10T19:30:00+11:00,2596578,2459_491,-33.88923263549805,151.1262664794922,201.0,0.0,-2,-0.03,True
2026-10-10T19:30:00+11:00,2284451,2459_303,-33.94514846801758,151.1857452392578,256.0,66.6,269,4.48,True
2026-10-10T19:30:00+11:00,2609059,2459_430,-33.88308334350586,151.20376586914062,222.0,27.0,-185,-3.08,False
2026-10-10T19:30:00+11:00,2280226,7083_SW3,-33.914058685302734,151.1629180908203,309.0,34.6,60,1.0,True
2026-10-10T19:30:00+11:00,2719449,2514_283,-33.79566955566406,151.18545532226562,72.0,19.4,346,5.77,True
2026-10-10T19:30:00+11:00,2618763,2459_422,-33.88019561767578,151.20870971679688,29.0,18.4,295,4.92,True
2026-10-10T19:30:00+11:00,2289356,2459_418,-33.905460357666016,151.14443969726562,317.0,32.8,233,3.88,True
2026-10-10T19:30:00+11:00,1906482,2459_461X,-33.88364028930664,151.203369140625,227.0,0.0,21,0.35,True
2026-10-10T19:30:00+11:00,2377626,2508_144,-33.82890701293945,151.20875549316406,101.0,0.0,545,9.08,False
2026-10-10T19:30:00+11:00,2704730,2504_610X,-33.82015609741211,151.2039337158203,144.0,55.1,304,5.07,True
2026-10-10T19:30:00+11:00,2415944,2508_B1,-33.832176208496094,151.21243286132812,30.0,45.0,-15,-0.25,True
2026-10-10T19:30:00+11:00,2424324,2508_230,-33.79954147338867,151.17933654785156,155.0,41.0,0,0.0,True
2026-10-10T19:30:00+11:00,2090559,2508_160X,-33.78199768066406,151.19558715820312,210.0,34.2,223,3.72,True
2026-10-10T19:30:00+11:00,2719095,2514_194,-33.78172302246094,151.1876220703125,249.0,0.0,194,3.23,True
2026-10-10T19:30:00+11:00,2718860,2514_283,-33.79537582397461,151.18125915527344,227.0,16.2,-107,-1.78,False
2026-10-10T19:30:00+11:00,2283232,2459_348,-33.92082214355469,151.2369384765625,97.0,0.0,46,0.77,True
2026-10-10T19:30:00+11:00,1960120,2459_412,-33.89308547973633,151.15982055664062,105.0,37.1,40,0.67,True
2026-10-10T19:30:00+11:00,2686128,2459_423,-33.896915435791016,151.17950439453125,216.0,25.2,539,8.98,False
2026-10-10T19:30:00+11:00,2211775,2459_466,-33.87217712402344,151.10470581054688,189.0,28.1,51,0.85,True
2026-10-10T19:30:00+11:00,2737141,2459_428,-33.89876937866211,151.17437744140625,262.0,17.3,-76,-1.27,False
2026-10-10T19:30:00+11:00,2285596,2459_389,-33.8730354309082,151.20738220214844,285.0,0.0,426,7.1,False
2026-10-10T19:30:00+11:00,2287366,2459_433,-33.877410888671875,151.1851043701172,290.0,7.2,489,8.15,False
2026-10-10T19:30:00+11:00,2718807,2514_271,-33.82147979736328,151.20436096191406,307.0,0.0,169,2.82,True
2026-10-10T19:30:00+11:00,2288705,2459_428,-33.89775085449219,151.17828369140625,58.0,0.0,283,4.72,True
2026-10-10T19:30:00+11:00,2284587,2459_437,-33.868202209472656,151.13421630859375,254.0,0.0,1484,24.73,False
2026-10-10T19:30:00+11:00,2714043,2508_144,-33.82331848144531,151.24288940429688,233.0,2.5,546,9.1,False
2026-10-10T19:30:00+11:00,2290369,2459_438X,-33.87202835083008,151.13229370117188,344.0,46.8,-27,-0.45,True
2026-10-10T19:30:00+11:00,2283526,2459_423,-33.88412857055664,151.1983642578125,86.0,0.0,-54,-0.9,True
2026-10-10T19:30:00+11:00,2554448,2459_358,-33.9231071472168,151.2399139404297,9.0,40.0,118,1.97,True
2026-10-10T19:30:00+11:00,2529911,7084_SW2,-33.91007614135742,151.17068481445312,234.0,0.0,21,0.35,True
2026-10-10T19:30:00+11:00,2284417,2459_470,-33.881107330322266,151.20640563964844,213.0,0.0,133,2.22,True
2026-10-10T19:30:00+11:00,2707517,2504_607X,-33.824119567871094,151.21029663085938,105.0,71.6,-29,-0.48,True
2026-10-10T19:30:00+11:00,2682879,7083_SW1,-33.91429138183594,151.1657257080078,35.0,0.0,176,2.93,True
2026-10-10T19:30:00+11:00,2373935,2508_100,-33.8244514465332,151.24050903320312,96.0,24.8,-7,-0.12,True
2026-10-10T19:30:00+11:00,2288370,2459_438X,-33.869911193847656,151.1306610107422,124.0,0.0,4,0.07,True
2026-10-10T19:30:00+11:00,2283590,2459_423,-33.910457611083984,151.16162109375,34.0,29.9,312,5.2,True
2026-10-10T19:30:00+11:00,2529878,7084_SW2,-33.90510177612305,151.14418029785156,321.0,33.1,116,1.93,True
2026-10-10T19:30:00+11:00,2290719,2459_433,-33.88083267211914,151.2066192626953,215.0,17.3,0,0.0,True
2026-10-10T19:30:00+11:00,2388892,2508_173X,-33.79508590698242,151.25653076171875,250.0,61.2,5,0.08,True
2026-10-10T19:30:00+11:00,2484483,2459_483,-33.88788986206055,151.15953063964844,261.0,37.1,147,2.45,True
2026-10-10T19:30:00+11:00,2719140,2514_141,-33.788307189941406,151.24053955078125,340.0,41.4,368,6.13,False
2026-10-10T19:30:00+11:00,2284809,2459_438X,-33.872982025146484,151.20994567871094,184.0,18.7,49,0.82,True
2026-10-10T19:30:00+11:00,2741408,700015_3AT4,-33.88312530517578,151.21173095703125,103.0,39.6,68,1.13,True
2026-10-10T19:30:00+11:00,2686063,2459_423,-33.87301254272461,151.20994567871094,185.0,0.0,96,1.6,True
2026-10-10T19:30:00+11:00,2210325,2459_464,-33.89569091796875,151.10671997070312,74.0,15.5,-178,-2.97,False
2026-10-10T19:30:00+11:00,2309855,7083_SW3,-33.9125862121582,151.11830139160156,48.0,40.7,113,1.88,True
2026-10-10T19:30:00+11:00,2636600,2459_504,-33.852054595947266,151.1346893310547,107.0,23.8,-245,-4.08,False
2026-10-10T19:30:00+11:00,2558816,7083_SW1,-33.91111373901367,151.1206512451172,51.0,41.8,11,0.18,True
2026-10-10T19:30:00+11:00,2415918,2508_B1,-33.78946304321289,151.25672912597656,52.0,74.2,320,5.33,True
2026-10-10T19:30:00+11:00,2420769,2508_225,-33.83609390258789,151.22142028808594,169.0,20.5,340,5.67,True
2026-10-10T19:30:00+11:00,2740887,7016_7T4,-33.930580139160156,151.155517578125,218.0,45.4,-11,-0.18,True
2026-10-10T19:30:00+11:00,2283979,2459_470,-33.88401412963867,151.20205688476562,74.0,0.0,67,1.12,True
2026-10-10T19:30:00+11:00,2475303,2459_389,-33.86919403076172,151.19789123535156,4.0,14.0,0,0.0,True
2026-10-10T19:30:00+11:00,2719373,2514_194,-33.872337341308594,151.20567321777344,352.0,0.0,0,0.0,True
2026-10-10T19:30:00+11:00,2737174,2459_428,-33.88434600830078,151.1988525390625,268.0,0.0,-246,-4.1,False
2026-10-10T19:30:00+11:00,2741013,7016_7T4,-33.924835205078125,151.1605987548828,43.0,0.0,-172,-2.87,False
2026-10-10T19:30:00+11:00,2373829,2508_100,-33.8730583190918,151.2061004638672,268.0,0.4,-38,-0.63,True
2026-10-10T19:30:00+11:00,2741445,700015_3AT4,-33.885982513427734,151.20687866210938,5.0,0.0,983,16.38,False
2026-10-10T19:30:00+11:00,2288606,2459_431,-33.87417984008789,151.1826171875,327.0,33.8,163,2.72,True
2026-10-10T19:30:00+11:00,1964284,2459_413,-33.882347106933594,151.20501708984375,45.0,34.2,14,0.23,True
2026-10-10T19:30:00+11:00,2285733,2459_418,-33.88931655883789,151.12564086914062,309.0,0.0,686,11.43,False
2026-10-10T19:30:00+11:00,2211817,2459_464,-33.88808059692383,151.1262664794922,0.0,0.0,0,0.0,True
2026-10-10T19:30:00+11:00,2288789,2459_303,-33.93953323364258,151.14747619628906,34.0,0.0,1057,17.62,False
2026-10-10T19:30:00+11:00,2289346,2459_433,-33.87770080566406,151.18545532226562,155.0,8.6,66,1.1,True
2026-10-10T19:30:00+11:00,2290408,2459_426,-33.8841552734375,151.1971893310547,88.0,31.0,137,2.28,True
2026-10-10T19:30:00+11:00,2284619,2459_431,-33.86687469482422,151.210693359375,5.0,0.0,180,3.0,True
2026-10-10T19:30:00+11:00,2475917,2459_530,-33.79898452758789,151.1786346435547,338.0,33.8,-78,-1.3,False
2026-10-10T19:30:00+11:00,2424304,2508_230,-33.84231185913086,151.20997619628906,314.0,48.2,218,3.63,True
2026-10-10T19:30:00+11:00,2220650,2459_412,-33.915931701660156,151.1333770751953,242.0,40.3,424,7.07,False
2026-10-10T19:30:00+11:00,2713910,2508_144,-33.806949615478516,151.1796417236328,7.0,36.4,11,0.18,True
2026-10-10T19:30:00+11:00,1904158,2459_461X,-33.878013610839844,151.13040161132812,332.0,43.2,-69,-1.15,False
2026-10-10T19:30:00+11:00,2686045,2459_423,-33.864990234375,151.2108917236328,223.0,0.0,0,0.0,True
2026-10-10T19:30:00+11:00,2737109,2459_445,-33.88358688354492,151.14993286132812,176.0,35.3,-67,-1.12,False
2026-10-10T19:30:00+11:00,2284140,2459_440,-33.88673400878906,151.15733337402344,354.0,29.5,234,3.9,True
2026-10-10T19:30:00+11:00,2741063,7016_7T4,-33.91556930541992,151.16627502441406,172.0,11.5,0,0.0,True
2026-10-10T19:30:00+11:00,2038913,2459_440,-33.882755279541016,151.2046661376953,61.0,31.7,265,4.42,True
2026-10-10T19:30:00+11:00,1857873,2459_502,-33.84223937988281,151.11790466308594,133.0,12.2,295,4.92,True
2026-10-10T19:30:00+11:00,2287235,2459_442,-33.87248611450195,151.20645141601562,181.0,19.1,-91,-1.52,False
2026-10-10T19:30:00+11:00,2289567,2459_426,-33.90563201904297,151.16722106933594,259.0,27.7,327,5.45,True
2026-10-10T19:30:00+11:00,2620107,2459_530,-33.82537078857422,151.15011596679688,192.0,27.7,-52,-0.87,True
2026-10-10T19:30:00+11:00,2219930,2459_415,-33.87739944458008,151.1033477783203,101.0,0.0,1068,17.8,False
2026-10-10T19:30:00+11:00,2596637,2459_492,-33.887351989746094,151.11326599121094,185.0,0.0,112,1.87,True
2026-10-10T19:30:00+11:00,2737005,2459_308,-33.89288330078125,151.19931030273438,29.0,23.0,334,5.57,True
2026-10-10T19:30:00+11:00,2668262,2459_420,-33.93286895751953,151.17977905273438,97.0,0.0,49,0.82,True
2026-10-10T19:30:00+11:00,2740700,7066_28T4,-33.9390869140625,151.1472625732422,85.0,7.2,-339,-5.65,False
2026-10-10T19:30:00+11:00,2474829,2459_389,-33.86954879760742,151.19789123535156,3.0,0.0,0,0.0,True
2026-10-10T19:30:00+11:00,2210796,2459_413,-33.898468017578125,151.11061096191406,2.0,18.7,-174,-2.9,False
2026-10-10T19:30:00+11:00,2289589,2459_440,-33.89101791381836,151.24478149414062,290.0,32.0,192,3.2,True
2026-10-10T19:30:00+11:00,2705772,2504_610X,-33.87056350708008,151.20623779296875,174.0,0.0,0,0.0,True
2026-10-10T19:30:00+11:00,2377011,2508_B1,-33.829498291015625,151.22789001464844,223.0,45.7,229,3.82,True
2026-10-10T19:30:00+11:00,2289029,2459_438X,-33.88017272949219,151.2089385986328,13.0,1.8,196,3.27,True
2026-10-10T19:30:00+11:00,2739175,7057_26T4,-33.94991683959961,151.1636505126953,51.0,60.1,-123,-2.05,False
2026-10-10T19:30:00+11:00,2308759,2459_445,-33.90266036987305,151.1436309814453,64.0,11.2,119,1.98,True
2026-10-10T19:30:00+11:00,2288493,2459_437,-33.87651062011719,151.15626525878906,176.0,34.6,111,1.85,True
2026-10-10T19:30:00+11:00,2596583,2459_491,-33.90773391723633,151.1187744140625,324.0,38.5,506,8.43,False
2026-10-10T19:30:00+11:00,2283782,2459_428,-33.90477752685547,151.1382598876953,64.0,0.0,110,1.83,True
2026-10-10T19:30:00+11:00,2283633,2459_438X,-33.844886779785156,151.12847900390625,3.0,0.0,6,0.1,True
2026-10-10T19:30:00+11:00,2740693,7066_28T4,-33.88196563720703,151.20657348632812,129.0,0.0,175,2.92,True
2026-10-10T19:30:00+11:00,2609000,2459_430,-33.89798355102539,151.17779541015625,63.0,24.5,110,1.83,True
2026-10-10T19:30:00+11:00,2393220,2508_114,-33.82831954956055,151.20579528808594,99.0,40.7,107,1.78,True
2026-10-10T19:30:00+11:00,1964285,2459_413,-33.895668029785156,151.1291046142578,93.0,22.3,-89,-1.48,False
2026-10-10T19:30:00+11:00,2286604,2459_440,-33.87702941894531,151.21253967285156,302.0,9.0,135,2.25,True
2026-10-10T19:30:00+11:00,2038465,2459_412,-33.877742767333984,151.20938110351562,6.0,33.1,600,10.0,False
2026-10-10T19:30:00+11:00,2286038,2459_442,-33.85957336425781,151.17727661132812,8.0,40.7,-60,-1.0,False
2026-10-10T19:30:00+11:00,1904925,2459_461X,-33.88512420654297,151.18414306640625,73.0,33.8,171,2.85,True
2026-10-10T19:30:00+11:00,2740661,7066_28T4,-33.88523483276367,151.20773315429688,51.0,0.0,0,0.0,True
2026-10-10T19:30:00+11:00,1940926,2459_412,-33.88477325439453,151.1875,271.0,20.2,127,2.12,True
2026-10-10T19:30:00+11:00,2415988,2508_B1,-33.804439544677734,151.2460174560547,350.0,46.8,129,2.15,True
2026-10-10T19:30:00+11:00,2090174,2508_B1,-33.79143524169922,151.2548065185547,217.0,78.8,-132,-2.2,False
2026-10-10T19:30:00+11:00,2283360,2459_422,-33.90678787231445,151.18142700195312,353.0,25.6,-47,-0.78,True
2026-10-10T19:30:00+11:00,2739775,2459_458,-33.87452697753906,151.10752868652344,8.0,0.0,1117,18.62,False
2026-10-10T19:30:00+11:00,2290321,2459_426,-33.909523010253906,151.1547088623047,115.0,23.8,219,3.65,True
2026-10-10T19:30:00+11:00,2558684,7083_SW1,-33.90654754638672,151.1277313232422,128.0,31.7,339,5.65,True
2026-10-10T19:30:00+11:00,2349338,2459_418,-33.908573150634766,151.13050842285156,131.0,33.1,323,5.38,True
2026-10-10T19:30:00+11:00,2596624,2459_492,-33.87937545776367,151.10321044921875,9.0,0.7,451,7.52,False
2026-10-10T19:30:00+11:00,2288900,2459_389,-33.88096618652344,151.22390747070312,292.0,0.0,-111,-1.85,False
2026-10-10T19:30:00+11:00,2211329,2459_464,-33.85581588745117,151.10325622558594,166.0,0.0,255,4.25,True
2026-10-10T19:30:00+11:00,2375311,2508_173X,-33.82963562011719,151.21774291992188,115.0,30.2,232,3.87,True
2026-10-10T19:30:00+11:00,2719325,2514_194,-33.78834533691406,151.20379638671875,77.0,47.9,109,1.82,True
2026-10-10T19:30:00+11:00,2285288,2459_440,-33.89091110229492,151.2487335205078,96.0,0.0,0,0.0,True
2026-10-10T19:30:00+11:00,2211071,2459_438X,-33.88542556762695,151.1571502685547,6.0,12.6,-68,-1.13,False
2026-10-10T19:30:00+11:00,2719383,2514_270,-33.82051086425781,151.20480346679688,171.0,41.8,88,1.47,True
2026-10-10T19:30:00+11:00,2682818,7083_SW1,-33.914737701416016,151.1649627685547,0.0,0.4,2836,47.27,False
2026-10-10T19:30:00+11:00,2289621,2459_469,-33.88579177856445,151.14913940429688,79.0,0.0,0,0.0,True
2026-10-10T19:30:00+11:00,2287854,2459_440,-33.88479232788086,151.1853790283203,261.0,39.6,-68,-1.13,False
2026-10-10T19:30:00+11:00,2287028,2459_470,-33.87472152709961,151.1610565185547,243.0,0.0,14,0.23,True
2026-10-10T19:30:00+11:00,1912100,2459_483,-33.88884353637695,151.15402221679688,82.0,47.5,-66,-1.1,False
2026-10-10T19:30:00+11:00,2375179,2508_172X,-33.8284797668457,151.2295379638672,239.0,0.0,-38,-0.63,True
2026-10-10T19:30:00+11:00,2374815,2508_111,-33.8337287902832,151.25283813476562,103.0,45.0,73,1.22,True
2026-10-10T19:30:00+11:00,2713970,2508_144,-33.793941497802734,151.26185607910156,281.0,40.3,121,2.02,True
2026-10-10T19:30:00+11:00,2280115,7083_SW3,-33.90489959716797,151.12841796875,235.0,20.2,206,3.43,True
2026-10-10T19:30:00+11:00,2660232,2459_320,-33.88812255859375,151.20635986328125,9.0,36.0,364,6.07,False
2026-10-10T19:30:00+11:00,2682877,7083_SW1,-33.911842346191406,151.13983154296875,-41.0,0.0,110,1.83,True
2026-10-10T19:30:00+11:00,2415909,2508_B1,-33.86654281616211,151.20631408691406,8.0,0.0,0,0.0,True
2026-10-10T19:30:00+11:00,2741372,700015_3AT4,-33.94593811035156,151.18014526367188,90.0,69.5,-391,-6.52,False
2026-10-10T19:30:00+11:00,2529807,7084_SW2,-33.91471862792969,151.16500854492188,54.0,0.4,0,0.0,True
2026-10-10T19:30:00+11:00,2415920,2508_B1,-33.86608123779297,151.20635986328125,5.0,0.0,0,0.0,True
2026-10-10T19:30:00+11:00,2660292,2459_320,-33.907676696777344,151.2046661376953,183.0,25.2,-78,-1.3,False
2026-10-10T19:30:00+11:00,2579262,7084_SW2,-33.90100860595703,151.14479064941406,8.0,4.3,67,1.12,True
2026-10-10T19:30:00+11:00,2286332,2459_433,-33.858154296875,151.18328857421875,295.0,0.0,0,0.0,True
2026-10-10T19:30:00+11:00,2415923,2508_B1,-33.82442092895508,151.2408447265625,79.0,9.7,59,0.98,True
2026-10-10T19:30:00+11:00,2589825,2508_280,-33.790584564208984,151.18182373046875,249.0,28.4,-303,-5.05,False
2026-10-10T19:30:00+11:00,2376218,2508_B1,-33.81306838989258,151.24427795410156,225.0,36.7,103,1.72,True
2026-10-10T19:30:00+11:00,2290567,2459_442,-33.866973876953125,151.17543029785156,170.0,24.8,-180,-3.0,False
2026-10-10T19:30:00+11:00,2284265,2459_348,-33.91286087036133,151.17906188964844,218.0,45.4,-70,-1.17,False
2026-10-10T19:30:00+11:00,2290038,2459_433,-33.88439178466797,151.19528198242188,268.0,0.0,226,3.77,True
2026-10-10T19:30:00+11:00,2287787,2459_438X,-33.887393951416016,151.17324829101562,81.0,0.0,346,5.77,True
2026-10-10T19:30:00+11:00,2284917,2459_441,-33.85276794433594,151.18112182617188,147.0,29.5,-22,-0.37,True
2026-10-10T19:30:00+11:00,2636710,2459_415,-33.84789276123047,151.1414337158203,219.0,11.2,0,0.0,True
2026-10-10T19:30:00+11:00,2376866,2508_173X,-33.794212341308594,151.25900268554688,71.0,46.8,586,9.77,False
2026-10-10T19:30:00+11:00,2713898,2508_144,-33.79872131347656,151.1788787841797,339.0,33.1,94,1.57,True
2026-10-10T19:30:00+11:00,2713993,2508_144,-33.8232421875,151.1945343017578,265.0,1.1,96,1.6,True
2026-10-10T19:30:00+11:00,2375967,2508_100,-33.82963180541992,151.2178192138672,113.0,39.6,-138,-2.3,False
2026-10-10T19:30:00+11:00,2686196,2459_423,-33.88439178466797,151.1949462890625,267.0,0.0,286,4.77,True
2026-10-10T19:30:00+11:00,1863397,2459_470,-33.86555099487305,151.2103729248047,217.0,26.6,34,0.57,True
2026-10-10T19:30:00+11:00,2737143,2459_428,-33.871334075927734,151.21014404296875,6.0,4.3,49,0.82,True
2026-10-10T19:30:00+11:00,2284289,2459_437,-33.87036895751953,151.17335510253906,50.0,3.2,179,2.98,True
2026-10-10T19:30:00+11:00,2211595,2459_438X,-33.88441467285156,151.19879150390625,267.0,0.0,157,2.62,True
2026-10-10T19:30:00+11:00,2377312,2508_100,-33.8420295715332,151.2436065673828,353.0,0.0,0,0.0,True
2026-10-10T19:30:00+11:00,2288611,2459_469,-33.88573455810547,151.14956665039062,80.0,0.0,20,0.33,True
2026-10-10T19:30:00+11:00,2668415,2459_420,-33.93955612182617,151.14759826660156,35.0,0.0,438,7.3,False
2026-10-10T19:30:00+11:00,2290118,2459_422,-33.88621139526367,151.1791229248047,357.0,3.2,543,9.05,False
2026-10-10T19:30:00+11:00,2739233,7057_26T4,-33.88237380981445,151.2073211669922,124.0,0.0,286,4.77,True
2026-10-10T19:30:00+11:00,2375300,2508_100,-33.83198547363281,151.24424743652344,346.0,13.7,178,2.97,True
2026-10-10T19:30:00+11:00,2719337,2514_141,-33.79345703125,151.24899291992188,101.0,45.0,4,0.07,True
2026-10-10T19:30:00+11:00,2737072,2459_428,-33.90217590332031,151.1630401611328,297.0,29.9,522,8.7,False
2026-10-10T19:30:00+11:00,2209921,2459_464,-33.87453079223633,151.1041717529297,9.0,0.4,552,9.2,False
2026-10-10T19:30:00+11:00,2544229,2508_263,-33.863712310791016,151.20814514160156,260.0,0.0,0,0.0,True
2026-10-10T19:30:00+11:00,2554294,2459_358,-33.91853713989258,151.1702117919922,51.0,37.4,293,4.88,True
2026-10-10T19:30:00+11:00,2287045,2459_422,-33.90227508544922,151.17910766601562,158.0,21.2,130,2.17,True
2026-10-10T19:30:00+11:00,2529640,7084_SW2,-33.91456985473633,151.1653289794922,44.0,0.0,-638,-10.63,False
2026-10-10T19:30:00+11:00,2741519,700015_3AT4,-33.9391975402832,151.15150451660156,187.0,7.2,-348,-5.8,False
2026-10-10T19:30:00+11:00,2713977,2508_114,-33.82806396484375,151.20358276367188,280.0,52.2,-2,-0.03,True
2026-10-10T19:30:00+11:00,2609043,2459_430,-33.89910888671875,151.171875,250.0,30.6,105,1.75,True
2026-10-10T19:30:00+11:00,2420894,2508_230,-33.82848358154297,151.24415588378906,355.0,33.8,109,1.82,True
2026-10-10T19:30:00+11:00,2644694,2507_501,-33.87959671020508,151.2082061767578,101.0,0.0,0,0.0,True
2026-10-10T19:30:00+11:00,2682133,2507_267,-33.79599380493164,151.18409729003906,74.0,0.0,28,0.47,True
2026-10-10T19:30:00+11:00,2644979,2507_120,-33.80693817138672,151.19932556152344,170.0,0.0,80,1.33,True
2026-10-10T19:30:00+11:00,2643416,2507_501,-33.827754974365234,151.12635803222656,354.0,45.4,-67,-1.12,False
2026-10-10T19:30:00+11:00,2682050,2507_208,-33.81321716308594,151.21058654785156,331.0,43.9,50,0.83,True
2026-10-10T19:30:00+11:00,2620824,2507_252,-33.829315185546875,151.13970947265625,323.0,44.6,356,5.93,True
2026-10-10T19:30:00+11:00,2682103,2507_208,-33.80293273925781,151.21163940429688,181.0,37.4,-57,-0.95,True
2026-10-10T19:30:00+11:00,2672538,2507_267,-33.82644271850586,151.20664978027344,101.0,0.0,123,2.05,True
2026-10-10T19:30:00+11:00,2644711,2507_120,-33.869144439697266,151.205322265625,355.0,10.1,101,1.68,True
2026-10-10T19:30:00+11:00,2744571,2507_292,-33.8666877746582,151.20338439941406,181.0,0.0,55,0.92,True
2026-10-10T19:30:00+11:00,2672530,2507_115,-33.83344268798828,151.2046356201172,157.0,0.0,319,5.32,True
2026-10-10T19:30:00+11:00,2644856,2507_202,-33.81385040283203,151.2276153564453,254.0,36.0,0,0.0,True
2026-10-10T19:30:00+11:00,2644741,2507_120,-33.80298614501953,151.19839477539062,189.0,3.2,800,13.33,False
2026-10-10T19:30:00+11:00,2229633,2507_288,-33.81239318847656,151.19671630859375,287.0,79.9,224,3.73,True
2026-10-10T19:30:00+11:00,2672531,2507_115,-33.79483413696289,151.1966094970703,340.0,43.2,55,0.92,True
2026-10-10T19:30:00+11:00,2620738,2507_252,-33.83078384399414,151.202880859375,324.0,0.0,129,2.15,True
2026-10-10T19:30:00+11:00,2538204,2507_506,-33.85692596435547,151.16012573242188,141.0,54.7,-21,-0.35,True
2026-10-10T19:30:00+11:00,2644859,2507_120,-33.79620361328125,151.18112182617188,359.0,0.0,0,0.0,True
2026-10-10T19:30:00+11:00,2644582,2507_52,-33.83304214477539,151.1268768310547,347.0,32.4,718,11.97,False
2026-10-10T19:30:00+11:00,2644915,2507_120,-33.80031967163086,151.19876098632812,9.0,23.4,-5,-0.08,True
2026-10-10T19:30:00+11:00,2230627,2507_254,-33.820762634277344,151.16458129882812,14.0,0.0,16,0.27,True
2026-10-10T19:30:00+11:00,2643185,2507_501,-33.880859375,151.20828247070312,196.0,0.0,0,0.0,True
2026-10-10T19:30:00+11:00,2643634,2507_52,-33.86894989013672,151.17684936523438,248.0,41.8,251,4.18,True
2026-10-10T19:30:00+11:00,2744583,2507_292,-33.81105422973633,151.16531372070312,107.0,0.0,-175,-2.92,False
2026-10-10T19:30:00+11:00,2620557,2507_288,-33.8625373840332,151.20535278320312,200.0,30.6,53,0.88,True
2026-10-10T19:30:00+11:00,2643520,2507_52,-33.82390594482422,151.1240997314453,122.0,0.0,-7,-0.12,True
2026-10-10T19:30:00+11:00,2644215,2507_52,-33.870174407958984,151.18954467773438,118.0,48.2,210,3.5,True
2026-10-10T19:30:00+11:00,2581491,2507_538,-33.82829666137695,151.13882446289062,326.0,39.2,8,0.13,True
2026-10-10T19:30:00+11:00,2645030,2507_52,-33.87333297729492,151.21023559570312,282.0,0.0,0,0.0,True
2026-10-10T19:30:00+11:00,2407555,2507_252,-33.81461715698242,151.16697692871094,73.0,29.9,-183,-3.05,False
2026-10-10T19:30:00+11:00,2732022,2507_291,-33.81224060058594,151.1729278564453,88.0,46.1,250,4.17,True
2026-10-10T19:30:00+11:00,2644732,2507_120,-33.79643249511719,151.18080139160156,186.0,0.0,0,0.0,True
2026-10-10T19:30:00+11:00,2644126,2507_52,-33.83913803100586,151.134765625,130.0,58.7,431,7.18,False
2026-10-10T19:30:00+11:00,2738502,2507_533,-33.80508041381836,151.1589813232422,281.0,42.1,467,7.78,False
2026-10-10T19:30:00+11:00,2644695,2507_52,-33.83841323852539,151.1334228515625,310.0,40.3,197,3.28,True
2026-10-10T19:30:00+11:00,2322566,2507_506,-33.873470306396484,151.21099853515625,278.0,0.0,21,0.35,True
2026-10-10T19:30:00+11:00,2643507,2507_501,-33.86949920654297,151.1874237060547,107.0,13.0,-1,-0.02,True
2026-10-10T19:30:00+11:00,2229992,2507_261,-33.83262252807617,151.2042694091797,338.0,43.9,66,1.1,True
2026-10-10T19:30:00+11:00,2672507,2507_115,-33.79377746582031,151.1913604736328,69.0,35.3,106,1.77,True
2026-10-10T19:30:00+11:00,2644794,2507_52,-33.87278747558594,151.20632934570312,95.0,0.4,480,8.0,False
2026-10-10T19:30:00+11:00,2644581,2507_501,-33.87041091918945,151.1943359375,334.0,31.3,273,4.55,True
2026-10-10T19:30:00+11:00,2322478,2507_506,-33.82258224487305,151.13612365722656,299.0,33.5,236,3.93,True
2026-10-10T19:30:00+11:00,2740490,2509_379,-33.8900032043457,151.2754669189453,222.0,42.5,0,0.0,True
2026-10-10T19:30:00+11:00,2357243,2509_311,-33.87347412109375,151.21090698242188,277.0,30.2,396,6.6,False
2026-10-10T19:30:00+11:00,2356329,2509_373,-33.91558837890625,151.2405548095703,164.0,27.0,540,9.0,False
2026-10-10T19:30:00+11:00,2534245,2509_380,-33.88957977294922,151.28314208984375,37.0,0.0,189,3.15,True
2026-10-10T19:30:00+11:00,2146644,2509_396,-33.943084716796875,151.2557830810547,143.0,42.8,-65,-1.08,False
2026-10-10T19:30:00+11:00,2533915,2509_333,-33.86531066894531,151.21188354492188,130.0,0.0,-763,-12.72,False
2026-10-10T19:30:00+11:00,2740462,2509_379,-33.891292572021484,151.2486114501953,96.0,0.0,-26,-0.43,True
2026-10-10T19:30:00+11:00,2531797,2509_350,-33.9285888671875,151.18722534179688,193.0,32.4,-535,-8.92,False
2026-10-10T19:30:00+11:00,2356236,2509_343,-33.90713119506836,151.20755004882812,330.0,22.7,47,0.78,True
2026-10-10T19:30:00+11:00,2398263,2509_392,-33.89636993408203,151.20884704589844,279.0,8.6,186,3.1,True
2026-10-10T19:30:00+11:00,2356178,2509_370,-33.90707778930664,151.18405151367188,279.0,31.0,-206,-3.43,False
2026-10-10T19:30:00+11:00,2532716,2509_350,-33.94080352783203,151.2281036376953,201.0,34.9,334,5.57,True
2026-10-10T19:30:00+11:00,2434987,2509_390X,-33.940643310546875,151.2393798828125,168.0,0.0,82,1.37,True
2026-10-10T19:30:00+11:00,2740334,2509_370,-33.87206268310547,151.17999267578125,194.0,0.0,20,0.33,True
2026-10-10T19:30:00+11:00,2399784,2509_390X,-33.904205322265625,151.2543487548828,40.0,0.0,269,4.48,True
2026-10-10T19:30:00+11:00,2575724,2509_374,-33.88223648071289,151.20989990234375,114.0,36.0,37,0.62,True
2026-10-10T19:30:00+11:00,2533719,2509_380,-33.843048095703125,151.2841033935547,102.0,3.6,0,0.0,True
2026-10-10T19:30:00+11:00,2399974,2509_390X,-33.91946029663086,151.2261962890625,351.0,46.4,25,0.42,True
2026-10-10T19:30:00+11:00,2532306,2509_333,-33.88932800292969,151.28343200683594,241.0,0.0,0,0.0,True
2026-10-10T19:30:00+11:00,2628737,2509_304,-33.86262130737305,151.21200561523438,7.0,0.0,,,
2026-10-10T19:30:00+11:00,2575727,2509_374,-33.9134407043457,151.2454376220703,274.0,0.0,223,3.72,True
2026-10-10T19:30:00+11:00,2356590,2509_343,-33.922760009765625,151.2059326171875,94.0,35.6,423,7.05,False
2026-10-10T19:30:00+11:00,2532012,2509_333,-33.89129638671875,151.24569702148438,109.0,35.3,484,8.07,False
2026-10-10T19:30:00+11:00,2352579,2509_307,-33.94552993774414,151.226806640625,331.0,18.0,715,11.92,False
2026-10-10T19:30:00+11:00,2532249,2509_333,-33.89394760131836,151.27305603027344,349.0,27.4,124,2.07,True
2026-10-10T19:30:00+11:00,2356458,2509_343,-33.88877868652344,151.20616149902344,10.0,0.0,843,14.05,False
2026-10-10T19:30:00+11:00,2357569,2509_339,-33.90829086303711,151.24740600585938,324.0,25.2,63,1.05,True
2026-10-10T19:30:00+11:00,2531920,2509_324,-33.86213302612305,151.20289611816406,352.0,10.1,-35,-0.58,True
2026-10-10T19:30:00+11:00,2352575,2509_392,-33.89286422729492,151.20025634765625,216.0,13.0,0,0.0,True
2026-10-10T19:30:00+11:00,2675109,2509_309,-33.893836975097656,151.1986846923828,21.0,0.0,0,0.0,True
2026-10-10T19:30:00+11:00,2534102,2509_333,-33.86443328857422,151.21290588378906,109.0,5.8,-181,-3.02,False
2026-10-10T19:30:00+11:00,2139306,2509_306,-33.90508270263672,151.2026824951172,171.0,0.0,138,2.3,True
2026-10-10T19:30:00+11:00,2531171,2509_350,-33.922603607177734,151.25648498535156,189.0,0.0,319,5.32,True
2026-10-10T19:30:00+11:00,2531125,2509_333,-33.889793395996094,151.28062438964844,90.0,0.4,193,3.22,True
2026-10-10T19:30:00+11:00,2675145,2509_309,-33.952728271484375,151.2007293701172,123.0,43.6,-101,-1.68,False
2026-10-10T19:30:00+11:00,2357055,2509_374,-33.8914794921875,151.21185302734375,93.0,24.1,358,5.97,True
2026-10-10T19:30:00+11:00,2403197,2509_311,-33.86552810668945,151.2032928466797,170.0,26.3,569,9.48,False
2026-10-10T19:30:00+11:00,2357145,2509_370,-33.910926818847656,151.2078857421875,300.0,23.4,-40,-0.67,True
2026-10-10T19:30:00+11:00,2628657,2509_304,-33.90410232543945,151.2125701904297,8.0,23.8,566,9.43,False
2026-10-10T19:30:00+11:00,2532825,2509_350,-33.893592834472656,151.24942016601562,353.0,23.0,45,0.75,True
2026-10-10T19:30:00+11:00,2534227,2509_350,-33.90585708618164,151.25367736816406,6.0,17.3,9,0.15,True
2026-10-10T19:30:00+11:00,2532460,2509_350,-33.94514465332031,151.2265167236328,357.0,0.0,466,7.77,False
2026-10-10T19:30:00+11:00,2357662,2509_311,-33.87906265258789,151.21011352539062,47.0,0.0,427,7.12,False
2026-10-10T19:30:00+11:00,2357436,2509_343,-33.884376525878906,151.2081298828125,188.0,0.7,-169,-2.82,False
2026-10-10T19:30:00+11:00,2740495,2509_370,-33.920467376708984,151.25437927246094,98.0,12.6,-530,-8.83,False
2026-10-10T19:30:00+11:00,2356717,2509_373,-33.91292190551758,151.23944091796875,342.0,0.0,251,4.18,True
2026-10-10T19:30:00+11:00,2356750,2509_373,-33.8853645324707,151.21832275390625,338.0,0.0,-6,-0.1,True
2026-10-10T19:30:00+11:00,2534320,2509_333,-33.870670318603516,151.210205078125,2.0,31.0,-850,-14.17,False
2026-10-10T19:30:00+11:00,2146801,2509_396,-33.88154602050781,151.21705627441406,349.0,43.9,634,10.57,False
2026-10-10T19:30:00+11:00,2532219,2509_386,-33.889686584472656,151.2555694580078,237.0,34.6,-124,-2.07,False
2026-10-10T19:30:00+11:00,2300932,2509_399,-33.945037841796875,151.23992919921875,350.0,25.9,190,3.17,True
2026-10-10T19:30:00+11:00,2488400,2509_392,-33.921016693115234,151.2269744873047,171.0,0.0,681,11.35,False
2026-10-10T19:30:00+11:00,2628643,2509_304,-33.8740234375,151.20982360839844,7.0,33.1,607,10.12,False
2026-10-10T19:30:00+11:00,2138624,2509_396,-33.862205505371094,151.21121215820312,6.0,0.0,85,1.42,True
2026-10-10T19:30:00+11:00,2398265,2509_392,-33.90354537963867,151.20907592773438,294.0,31.0,-91,-1.52,False
2026-10-10T19:30:00+11:00,2532550,2509_350,-33.93287658691406,151.179443359375,95.0,10.4,-141,-2.35,False
2026-10-10T19:30:00+11:00,2357120,2509_370,-33.916439056396484,151.23538208007812,280.0,19.4,-1,-0.02,True
2026-10-10T19:30:00+11:00,2140838,2509_375,-33.952999114990234,151.24241638183594,258.0,0.0,-170,-2.83,False
2026-10-10T19:30:00+11:00,2740376,2509_370,-33.8937873840332,151.18321228027344,222.0,6.8,184,3.07,True
2026-10-10T19:30:00+11:00,2532855,2509_333,-33.88373947143555,151.22193908691406,107.0,0.0,314,5.23,True
2026-10-10T19:30:00+11:00,2628764,2509_304,-33.88958740234375,151.21315002441406,7.0,0.0,804,13.4,False
2026-10-10T19:30:00+11:00,2356152,2509_339,-33.883602142333984,151.20870971679688,298.0,31.0,350,5.83,True
2026-10-10T19:30:00+11:00,2139009,2509_396,-33.881103515625,151.21719360351562,168.0,33.8,549,9.15,False
2026-10-10T19:30:00+11:00,2533028,2509_333,-33.86547088623047,151.21209716796875,131.0,0.0,-275,-4.58,False
2026-10-10T19:30:00+11:00,2740516,2509_379,-33.88541793823242,151.27330017089844,278.0,23.8,96,1.6,True
2026-10-10T19:30:00+11:00,2533885,2509_333,-33.87678909301758,151.2097625732422,104.0,25.9,126,2.1,True
2026-10-10T19:30:00+11:00,2740430,2509_379,-33.887630462646484,151.27169799804688,42.0,4.7,75,1.25,True
2026-10-10T19:30:00+11:00,2740282,2509_370,-33.92027282714844,151.25343322753906,100.0,15.5,88,1.47,True
2026-10-10T19:30:00+11:00,2532756,2509_333,-33.88954162597656,151.28321838378906,215.0,0.4,0,0.0,True
2026-10-10T19:30:00+11:00,2355964,2509_343,-33.91212844848633,151.2059783935547,195.0,0.0,247,4.12,True
2026-10-10T19:30:00+11:00,2356813,2509_343,-33.89115524291992,151.20765686035156,187.0,0.0,239,3.98,True
2026-10-10T19:30:00+11:00,2628620,2509_304,-33.902000427246094,151.21290588378906,187.0,0.0,489,8.15,False
2026-10-10T19:30:00+11:00,2533856,2509_313,-33.919029235839844,151.2572021484375,359.0,0.0,24,0.4,True
2026-10-10T19:30:00+11:00,2357487,2509_370,-33.8935661315918,151.18333435058594,46.0,0.4,369,6.15,False
2026-10-10T19:30:00+11:00,2674985,2509_309,-33.94660568237305,151.1974639892578,190.0,15.5,1154,19.23,False
2026-10-10T19:30:00+11:00,2740489,2509_370,-33.88427734375,151.19268798828125,126.0,0.0,50,0.83,True
2026-10-10T19:30:00+11:00,2356466,2509_374,-33.882328033447266,151.20724487304688,131.0,0.0,0,0.0,True
2026-10-10T19:30:00+11:00,2532663,2509_333,-33.892059326171875,151.25010681152344,260.0,0.0,-107,-1.78,False
2026-10-10T19:30:00+11:00,2534375,2509_350,-33.92455291748047,151.1872100830078,356.0,0.0,0,0.0,True
2026-10-10T19:30:00+11:00,2531695,2509_325,-33.87491226196289,151.2230682373047,277.0,0.0,82,1.37,True
2026-10-10T19:30:00+11:00,2434672,2509_390X,-33.89111328125,151.24856567382812,276.0,0.0,0,0.0,True
2026-10-10T19:30:00+11:00,2352484,2509_392,-33.9130973815918,151.22482299804688,137.0,25.2,291,4.85,True
2026-10-10T19:30:00+11:00,2740367,2509_379,-33.890933990478516,151.25355529785156,238.0,0.0,52,0.87,True
2026-10-10T19:30:00+11:00,2403081,2509_311,-33.87684631347656,151.2119903564453,285.0,19.8,-51,-0.85,True
2026-10-10T19:30:00+11:00,2531339,2509_333,-33.894596099853516,151.27322387695312,172.0,26.3,1155,19.25,False
2026-10-10T19:30:00+11:00,2532171,2509_324,-33.87974548339844,151.23684692382812,104.0,18.4,299,4.98,True
2026-10-10T19:30:00+11:00,2532171_2,2509_324,-33.857913970947266,151.27963256835938,224.0,44.6,,,
2026-10-10T19:30:00+11:00,2146448,2509_396,-33.942256927490234,151.24365234375,89.0,0.0,790,13.17,False
2026-10-10T19:30:00+11:00,2434555,2509_390X,-33.91914367675781,151.22650146484375,171.0,47.5,-54,-0.9,True
2026-10-10T19:30:00+11:00,2532469,2509_324,-33.867271423339844,151.20587158203125,174.0,0.0,87,1.45,True
2026-10-10T19:30:00+11:00,2137137,2509_396,-33.92519760131836,151.2294158935547,128.0,0.0,152,2.53,True
2026-10-10T19:30:00+11:00,2740363,2509_370,-33.90644073486328,151.18130493164062,158.0,0.0,486,8.1,False
2026-10-10T19:30:00+11:00,2357200,2509_343,-33.88863754272461,151.2061767578125,8.0,4.0,188,3.13,True
2026-10-10T19:30:00+11:00,2533183,2509_324,-33.872108459472656,151.26467895507812,65.0,0.0,227,3.78,True
2026-10-10T19:30:00+11:00,2137627,2509_396,-33.87685012817383,151.21051025390625,91.0,1.4,221,3.68,True
2026-10-10T19:30:00+11:00,2740437,2509_370,-33.91172409057617,151.20989990234375,111.0,23.0,230,3.83,True
2026-10-10T19:30:00+11:00,2534621,2509_325,-33.85211944580078,151.2761993408203,215.0,28.8,354,5.9,True
2026-10-10T19:30:00+11:00,2139178,2509_375,-33.91643524169922,151.2410888671875,159.0,4.0,-190,-3.17,False
2026-10-10T19:30:00+11:00,2564447,2509_386,-33.889625549316406,151.255859375,53.0,21.2,140,2.33,True
2026-10-10T19:30:00+11:00,2531928,2509_333,-33.87709045410156,151.2125701904297,310.0,33.8,25,0.42,True
2026-10-10T19:30:00+11:00,2531250,2509_333,-33.890830993652344,151.24806213378906,280.0,16.9,79,1.32,True
2026-10-10T19:30:00+11:00,2357677,2509_370,-33.89821243286133,151.17820739746094,28.0,0.7,97,1.62,True
2026-10-10T19:30:00+11:00,2533347,2509_350,-33.94773864746094,151.251708984375,283.0,2.9,263,4.38,True
2026-10-10T19:30:00+11:00,2533765,2509_360,-33.913787841796875,151.26907348632812,164.0,0.0,0,0.0,True
2026-10-10T19:30:00+11:00,2633620,2509_324,-33.874446868896484,151.217041015625,101.0,0.0,-106,-1.77,False
2026-10-10T19:30:00+11:00,2533700,2509_333,-33.8936653137207,151.26206970214844,281.0,24.8,-55,-0.92,True
2026-10-10T19:30:00+11:00,2532631,2509_333,-33.86263656616211,151.21116638183594,7.0,0.0,181,3.02,True
2026-10-10T19:30:00+11:00,2138831,2509_306,-33.93162155151367,151.2091827392578,104.0,30.2,117,1.95,True
2026-10-10T19:30:00+11:00,2532116,2509_362,-33.891483306884766,151.2736053466797,42.0,16.2,-48,-0.8,True
2026-10-10T19:30:00+11:00,2357079,2509_374,-33.917598724365234,151.254150390625,100.0,37.4,203,3.38,True
2026-10-10T19:30:00+11:00,2534014,2509_352,-33.88871383666992,151.19139099121094,240.0,2.9,162,2.7,True
2026-10-10T19:30:00+11:00,2356330,2509_373,-33.924224853515625,151.25503540039062,288.0,18.7,85,1.42,True
2026-10-10T19:30:00+11:00,2533660,2509_333,-33.89112091064453,151.27430725097656,222.0,0.0,-31,-0.52,True
2026-10-10T19:30:00+11:00,2140805,2509_396,-33.94192886352539,151.24111938476562,284.0,19.8,640,10.67,False
2026-10-10T19:30:00+11:00,2356643,2509_373,-33.91730880737305,151.24136352539062,145.0,30.6,-149,-2.48,False
2026-10-10T19:30:00+11:00,2532068,2509_325,-33.875038146972656,151.22361755371094,98.0,0.0,338,5.63,True
2026-10-10T19:30:00+11:00,2352641,2509_356,-33.9128532409668,151.23947143554688,211.0,5.8,168,2.8,True
2026-10-10T19:30:00+11:00,2740287,2509_370,-33.871742248535156,151.18020629882812,233.0,0.0,0,0.0,True
2026-10-10T19:30:00+11:00,2470826,2509_356,-33.91204071044922,151.2427520751953,30.0,38.2,102,1.7,True
2026-10-10T19:30:00+11:00,2335680,2509_309,-33.918983459472656,151.1988525390625,41.0,8.3,-64,-1.07,False
2026-10-10T19:30:00+11:00,2532108,2509_333,-33.863311767578125,151.21253967285156,84.0,16.6,0,0.0,True
2026-10-10T19:30:00+11:00,2137159,2509_396,-33.9424934387207,151.2449951171875,275.0,0.0,2,0.03,True
2026-10-10T19:30:00+11:00,2548817,2509_328,-33.91870880126953,151.25721740722656,191.0,0.0,0,0.0,True
2026-10-10T19:30:00+11:00,2488476,2509_392,-33.89885711669922,151.2117156982422,220.0,0.0,298,4.97,True
2026-10-10T19:30:00+11:00,2357494,2509_373,-33.90410232543945,151.2265167236328,116.0,0.0,-161,-2.68,False
2026-10-10T19:30:00+11:00,2740283,2509_379,-33.905704498291016,151.25967407226562,280.0,36.0,-2,-0.03,True
2026-10-10T19:30:00+11:00,2533640,2509_350,-33.9422492980957,151.2625732421875,311.0,24.5,287,4.78,True
2026-10-10T19:30:00+11:00,2356851,2509_373,-33.8782958984375,151.2140655517578,314.0,28.1,239,3.98,True
2026-10-10T19:30:00+11:00,2532445,2509_352,-33.884239196777344,151.22332763671875,116.0,45.4,-6,-0.1,True
2026-10-10T19:30:00+11:00,2434971,2509_390X,-33.90823745727539,151.24801635742188,244.0,0.0,88,1.47,True
2026-10-10T19:30:00+11:00,2628659,2509_304,-33.8675651550293,151.2106170654297,186.0,13.3,1269,21.15,False
2026-10-10T19:30:00+11:00,2534199,2509_350,-33.937950134277344,151.21200561523438,123.0,55.1,74,1.23,True
2026-10-10T19:30:00+11:00,2355930,2509_370,-33.920372009277344,151.2570037841797,189.0,0.0,0,0.0,True
2026-10-10T19:30:00+11:00,2628785,2509_304,-33.869224548339844,151.21038818359375,191.0,27.7,527,8.78,False
2026-10-10T19:30:00+11:00,2533219,2509_350,-33.907386779785156,151.25448608398438,156.0,37.8,107,1.78,True
2026-10-10T19:30:00+11:00,2356034,2509_339,-33.90858459472656,151.24822998046875,116.0,34.9,414,6.9,False
2026-10-10T19:30:00+11:00,2396580,2509_392,-33.93378448486328,151.23036193847656,356.0,30.2,120,2.0,True
2026-10-10T19:30:00+11:00,2488464,2509_392,-33.89265441894531,151.1991729736328,23.0,0.0,0,0.0,True
2026-10-10T19:30:00+11:00,2300963,2509_399,-33.951969146728516,151.24203491210938,168.0,45.4,66,1.1,True
2026-10-10T19:30:00+11:00,2140238,2509_396,-33.88188934326172,151.20553588867188,44.0,0.0,0,0.0,True
2026-10-10T19:30:00+11:00,2531400,2509_380,-33.88917922973633,151.2784881591797,286.0,38.2,328,5.47,True
2026-10-10T19:30:00+11:00,2740524,2509_379,-33.905616760253906,151.25900268554688,100.0,34.9,-63,-1.05,False
2026-10-10T19:30:00+11:00,2534500,2509_380,-33.891178131103516,151.25279235839844,252.0,28.1,568,9.47,False
2026-10-10T19:30:00+11:00,2399546,2509_390X,-33.913238525390625,151.23953247070312,341.0,5.0,69,1.15,True
2026-10-10T19:30:00+11:00,2675067,2509_309,-33.907310485839844,151.20301818847656,192.0,0.0,204,3.4,True
2026-10-10T19:30:00+11:00,2137660,2509_396,-33.88711166381836,151.21917724609375,334.0,0.0,83,1.38,True
2026-10-10T19:30:00+11:00,2747988,700011_27T4,-33.86893081665039,151.17572021484375,173.0,18.7,-308,-5.13,False
2026-10-10T19:30:00+11:00,2722562_2,700012_36SC,-33.88215255737305,151.20669555664062,303.0,0.0,,,
2026-10-10T19:30:00+11:00,2748502,700012_36SC,-33.88205337524414,151.2066192626953,296.0,0.0,,,
2026-10-10T19:45:00+11:00,2290921,2459_438X,-33.876468658447266,151.2095184326172,183.0,0.0,248,4.13,True
2026-10-10T19:45:00+11:00,1904314,2459_461X,-33.88805389404297,151.1623077392578,104.0,42.1,-35,-0.58,True
2026-10-10T19:45:00+11:00,2589871,2508_280,-33.796451568603516,151.18093872070312,179.0,0.0,0,0.0,True
2026-10-10T19:45:00+11:00,2530455,7084_SW2,-33.914302825927734,151.16567993164062,43.0,11.9,-1357,-22.62,False
2026-10-10T19:45:00+11:00,2596636,2459_492,-33.874717712402344,151.10418701171875,189.0,1.4,323,5.38,True
2026-10-10T19:45:00+11:00,2636750,2459_504,-33.854923248291016,151.1367645263672,280.0,32.4,-1,-0.02,True
2026-10-10T19:45:00+11:00,2289590,2459_423,-33.905609130859375,151.16648864746094,82.0,11.5,201,3.35,True
2026-10-10T19:45:00+11:00,2686173,2459_423,-33.86698913574219,151.21067810058594,5.0,0.0,0,0.0,True
2026-10-10T19:45:00+11:00,2530069,7084_SW2,-33.9145622253418,151.165283203125,35.0,0.4,-399,-6.65,False
2026-10-10T19:45:00+11:00,2283093,2459_428,-33.90484619140625,151.1301727294922,96.0,34.9,173,2.88,True
2026-10-10T19:45:00+11:00,2283271,2459_426,-33.905277252197266,151.16775512695312,202.0,0.0,38,0.63,True
2026-10-10T19:45:00+11:00,2719438,2514_565,-33.797542572021484,151.1788787841797,70.0,29.9,-284,-4.73,False
2026-10-10T19:45:00+11:00,2475136,2459_389,-33.889305114746094,151.2403564453125,167.0,46.1,78,1.3,True
2026-10-10T19:45:00+11:00,2705793,2504_610X,-33.81313705444336,151.16937255859375,108.0,73.4,196,3.27,True
2026-10-10T19:45:00+11:00,2375432,2508_100,-33.87228775024414,151.20645141601562,178.0,21.2,305,5.08,True
2026-10-10T19:45:00+11:00,2668335,2459_420,-33.8742790222168,151.10752868652344,295.0,15.1,226,3.77,True
2026-10-10T19:45:00+11:00,2554008,2459_358,-33.91606903076172,151.16580200195312,309.0,28.1,183,3.05,True
2026-10-10T19:45:00+11:00,2376004,2508_144,-33.8294677734375,151.2132110595703,101.0,29.9,134,2.23,True
2026-10-10T19:45:00+11:00,2713985,2508_144,-33.812896728515625,151.24464416503906,228.0,0.0,207,3.45,True
2026-10-10T19:45:00+11:00,2373979,2508_100,-33.84138107299805,151.24362182617188,351.0,28.8,0,0.0,True
2026-10-10T19:45:00+11:00,2375464,2508_173X,-33.832942962646484,151.21194458007812,25.0,63.0,-3,-0.05,True
2026-10-10T19:45:00+11:00,2283187,2459_470,-33.88447952270508,151.19293212890625,83.0,27.7,80,1.33,True
2026-10-10T19:45:00+11:00,2290338,2459_437,-33.88417053222656,151.1466522216797,90.0,38.5,-54,-0.9,True
2026-10-10T19:45:00+11:00,2283253,2459_303,-33.930564880371094,151.20140075683594,100.0,24.1,370,6.17,False
2026-10-10T19:45:00+11:00,2285265,2459_442,-33.85811233520508,151.1886749267578,264.0,0.0,10,0.17,True
2026-10-10T19:45:00+11:00,2349278,2459_418,-33.88835906982422,151.11643981933594,107.0,23.4,62,1.03,True
2026-10-10T19:45:00+11:00,2376485,2508_144,-33.811100006103516,151.2440643310547,36.0,30.6,-5,-0.08,True
2026-10-10T19:45:00+11:00,2450132,2508_225,-33.84185028076172,151.21868896484375,42.0,5.8,115,1.92,True
2026-10-10T19:45:00+11:00,2484398,2459_483,-33.88278579711914,151.2044219970703,245.0,0.0,-15,-0.25,True
2026-10-10T19:45:00+11:00,2596578,2459_491,-33.91941833496094,151.12046813964844,95.0,11.5,-1,-0.02,True
2026-10-10T19:45:00+11:00,2708200,2504_610X,-33.805973052978516,151.15264892578125,123.0,75.6,-309,-5.15,False
2026-10-10T19:45:00+11:00,2609059,2459_430,-33.899253845214844,151.1714324951172,248.0,0.0,-221,-3.68,False
2026-10-10T19:45:00+11:00,2618763,2459_422,-33.89255905151367,151.187255859375,40.0,0.0,1195,19.92,False
2026-10-10T19:45:00+11:00,2289356,2459_418,-33.88959884643555,151.12628173828125,284.0,16.2,281,4.68,True
2026-10-10T19:45:00+11:00,1906482,2459_461X,-33.8896598815918,151.15011596679688,254.0,35.3,-8,-0.13,True
2026-10-10T19:45:00+11:00,2088608,2508_160X,-33.78633499145508,151.18267822265625,73.0,56.9,169,2.82,True
2026-10-10T19:45:00+11:00,2377626,2508_144,-33.81275177001953,151.2443389892578,50.0,27.0,616,10.27,False
2026-10-10T19:45:00+11:00,2424324,2508_230,-33.8503532409668,151.21185302734375,296.0,0.0,0,0.0,True
2026-10-10T19:45:00+11:00,2283232,2459_348,-33.90690612792969,151.2169189453125,333.0,4.7,48,0.8,True
2026-10-10T19:45:00+11:00,1960120,2459_412,-33.884239196777344,151.20077514648438,90.0,42.8,78,1.3,True
2026-10-10T19:45:00+11:00,2686128,2459_423,-33.91545867919922,151.15098571777344,238.0,17.3,586,9.77,False
2026-10-10T19:45:00+11:00,2737141,2459_428,-33.90492248535156,151.12960815429688,275.0,43.9,-173,-2.88,False
2026-10-10T19:45:00+11:00,2376083,2508_144,-33.796630859375,151.18038940429688,179.0,0.0,0,0.0,True
2026-10-10T19:45:00+11:00,2287366,2459_433,-33.8564338684082,151.17776489257812,111.0,0.0,412,6.87,False
2026-10-10T19:45:00+11:00,2714038,2508_114,-33.82466506958008,151.24114990234375,298.0,0.0,383,6.38,False
2026-10-10T19:45:00+11:00,2284188,2459_389,-33.88949203491211,151.24029541015625,351.0,20.9,72,1.2,True
2026-10-10T19:45:00+11:00,2288705,2459_428,-33.88290023803711,151.20372009277344,48.0,14.8,388,6.47,False
2026-10-10T19:45:00+11:00,2714043,2508_144,-33.82794189453125,151.20205688476562,279.0,0.0,758,12.63,False
2026-10-10T19:45:00+11:00,2554448,2459_358,-33.92351150512695,151.21054077148438,280.0,0.0,-2,-0.03,True
2026-10-10T19:45:00+11:00,2529911,7084_SW2,-33.91007614135742,151.17068481445312,234.0,0.0,922,15.37,False
2026-10-10T19:45:00+11:00,2739209,7057_26T4,-33.880645751953125,151.20672607421875,198.0,29.5,0,0.0,True
2026-10-10T19:45:00+11:00,2718787,2514_281,-33.78630828857422,151.19964599609375,248.0,0.0,-316,-5.27,False
2026-10-10T19:45:00+11:00,2284417,2459_470,-33.88425827026367,151.1787567138672,234.0,0.0,227,3.78,True
2026-10-10T19:45:00+11:00,2682879,7083_SW1,-33.91010665893555,151.13363647460938,267.0,18.4,370,6.17,False
2026-10-10T19:45:00+11:00,2285216,2459_438X,-33.8646240234375,151.2102508544922,226.0,0.0,1,0.02,True
2026-10-10T19:45:00+11:00,2288370,2459_438X,-33.88818359375,151.16424560546875,84.0,3.6,188,3.13,True
2026-10-10T19:45:00+11:00,2283590,2459_423,-33.89482498168945,151.18212890625,41.0,22.3,438,7.3,False
2026-10-10T19:45:00+11:00,2290719,2459_433,-33.87629699707031,151.1758575439453,299.0,36.0,-112,-1.87,False
2026-10-10T19:45:00+11:00,2392539,2508_114,-33.82276916503906,151.19168090820312,332.0,26.3,0,0.0,True
2026-10-10T19:45:00+11:00,2718958,2514_271,-33.84790802001953,151.21279907226562,176.0,59.8,-157,-2.62,False
2026-10-10T19:45:00+11:00,2388892,2508_173X,-33.84260940551758,151.21128845214844,168.0,60.1,-201,-3.35,False
2026-10-10T19:45:00+11:00,2484483,2459_483,-33.888370513916016,151.11593627929688,297.0,40.7,487,8.12,False
2026-10-10T19:45:00+11:00,2286034,2459_422,-33.88014602661133,151.20736694335938,282.0,0.0,257,4.28,True
2026-10-10T19:45:00+11:00,2284809,2459_438X,-33.886451721191406,151.17816162109375,255.0,38.2,-20,-0.33,True
2026-10-10T19:45:00+11:00,2741408,700015_3AT4,-33.93790054321289,151.1527557373047,275.0,23.8,-287,-4.78,False
2026-10-10T19:45:00+11:00,2280538,7083_SW3,-33.903987884521484,151.14073181152344,247.0,32.8,56,0.93,True
2026-10-10T19:45:00+11:00,2686063,2459_423,-33.88884735107422,151.1905975341797,238.0,3.6,32,0.53,True
2026-10-10T19:45:00+11:00,2558816,7083_SW1,-33.91204071044922,151.15957641601562,118.0,18.0,90,1.5,True
2026-10-10T19:45:00+11:00,2475303,2459_389,-33.870487213134766,151.20379638671875,172.0,14.4,70,1.17,True
2026-10-10T19:45:00+11:00,2719373,2514_194,-33.822471618652344,151.21023559570312,10.0,0.0,323,5.38,True
2026-10-10T19:45:00+11:00,2737174,2459_428,-33.90009689331055,151.17051696777344,204.0,38.9,-286,-4.77,False
2026-10-10T19:45:00+11:00,2373829,2508_100,-33.83089065551758,151.2250213623047,65.0,1.1,15,0.25,True
2026-10-10T19:45:00+11:00,2284612,2459_431,-33.88409423828125,151.20164489746094,77.0,18.4,199,3.32,True
2026-10-10T19:45:00+11:00,2375473,2508_111,-33.83079528808594,151.2582550048828,187.0,39.6,171,2.85,True
2026-10-10T19:45:00+11:00,2741445,700015_3AT4,-33.885986328125,151.2068634033203,5.0,0.0,983,16.38,False
2026-10-10T19:45:00+11:00,2636584,2459_504,-33.869693756103516,151.1880340576172,288.0,53.6,21,0.35,True
2026-10-10T19:45:00+11:00,2529838,7084_SW2,-33.914249420166016,151.1661376953125,230.0,0.0,-39,-0.65,True
2026-10-10T19:45:00+11:00,2288088,2459_423,-33.921974182128906,151.14300537109375,32.0,0.0,-54,-0.9,True
2026-10-10T19:45:00+11:00,2284619,2459_431,-33.88356018066406,151.2033233642578,224.0,0.0,-215,-3.58,False
2026-10-10T19:45:00+11:00,2741530,700015_3AT4,-33.88669967651367,151.2066650390625,8.0,7.2,1150,19.17,False
2026-10-10T19:45:00+11:00,2424304,2508_230,-33.828861236572266,151.244140625,174.0,0.0,126,2.1,True
2026-10-10T19:45:00+11:00,2686045,2459_423,-33.87627410888672,151.20950317382812,188.0,13.3,-2,-0.03,True
2026-10-10T19:45:00+11:00,2737109,2459_445,-33.90568923950195,151.1340789794922,301.0,34.6,-314,-5.23,False
2026-10-10T19:45:00+11:00,2038913,2459_440,-33.884979248046875,151.2261199951172,103.0,0.0,-95,-1.58,False
2026-10-10T19:45:00+11:00,2287235,2459_442,-33.85805892944336,151.18846130371094,87.0,25.9,-71,-1.18,False
2026-10-10T19:45:00+11:00,2620107,2459_530,-33.86762237548828,151.1299285888672,188.0,0.0,85,1.42,True
2026-10-10T19:45:00+11:00,2280255,7083_SW3,-33.91438293457031,151.1659393310547,0.0,0.0,-203,-3.38,False
2026-10-10T19:45:00+11:00,2709834,2504_607X,-33.87168884277344,151.2064208984375,177.0,0.0,0,0.0,True
2026-10-10T19:45:00+11:00,2219930,2459_415,-33.85551834106445,151.13035583496094,344.0,24.8,817,13.62,False
2026-10-10T19:45:00+11:00,2415945,2508_B1,-33.86603927612305,151.20635986328125,7.0,0.0,0,0.0,True
2026-10-10T19:45:00+11:00,2737005,2459_308,-33.886688232421875,151.2082061767578,183.0,22.3,256,4.27,True
2026-10-10T19:45:00+11:00,2705807,2504_607X,-33.812767028808594,151.17323303222656,102.0,60.8,-117,-1.95,False
2026-10-10T19:45:00+11:00,2474829,2459_389,-33.86935043334961,151.19789123535156,359.0,0.0,0,0.0,True
2026-10-10T19:45:00+11:00,2284056,2459_303,-33.92472839355469,151.2157440185547,279.0,0.0,71,1.18,True
2026-10-10T19:45:00+11:00,1905287,2459_461X,-33.87319564819336,151.2106170654297,96.0,21.6,0,0.0,True
2026-10-10T19:45:00+11:00,2289589,2459_440,-33.879432678222656,151.21542358398438,315.0,0.0,368,6.13,False
2026-10-10T19:45:00+11:00,2705772,2504_610X,-33.812435150146484,151.17123413085938,279.0,79.6,129,2.15,True
2026-10-10T19:45:00+11:00,2308759,2459_445,-33.88307571411133,151.1499786376953,1.0,37.8,135,2.25,True
2026-10-10T19:45:00+11:00,2719400,2514_270,-33.811519622802734,151.20449829101562,345.0,31.3,73,1.22,True
2026-10-10T19:45:00+11:00,2288493,2459_437,-33.87162780761719,151.1427459716797,320.0,28.8,347,5.78,True
2026-10-10T19:45:00+11:00,2596583,2459_491,-33.87405776977539,151.1274871826172,319.0,0.0,595,9.92,False
2026-10-10T19:45:00+11:00,2283782,2459_428,-33.898681640625,151.1750030517578,83.0,10.4,79,1.32,True
2026-10-10T19:45:00+11:00,2283633,2459_438X,-33.85170364379883,151.12916564941406,157.0,36.0,62,1.03,True
2026-10-10T19:45:00+11:00,2660280,2459_320,-33.907047271728516,151.20790100097656,205.0,35.6,-378,-6.3,False
2026-10-10T19:45:00+11:00,1960121,2459_412,-33.916748046875,151.1262664794922,87.0,28.8,64,1.07,True
2026-10-10T19:45:00+11:00,2285864,2459_442,-33.85654830932617,151.17811584472656,281.0,0.0,355,5.92,True
2026-10-10T19:45:00+11:00,2088273,2508_160X,-33.790260314941406,151.18283081054688,240.0,16.9,278,4.63,True
2026-10-10T19:45:00+11:00,2740693,7066_28T4,-33.914676666259766,151.18508911132812,213.0,25.2,1075,17.92,False
2026-10-10T19:45:00+11:00,2090552,2508_B1,-33.81217575073242,151.24478149414062,139.0,32.0,53,0.88,True
2026-10-10T19:45:00+11:00,2376094,2508_144,-33.817378997802734,151.1804656982422,101.0,43.2,70,1.17,True
2026-10-10T19:45:00+11:00,2209958,2459_413,-33.88010025024414,151.20689392089844,15.0,21.2,0,0.0,True
2026-10-10T19:45:00+11:00,2609000,2459_430,-33.88246154785156,151.20748901367188,118.0,0.0,-50,-0.83,True
2026-10-10T19:45:00+11:00,2283179,2459_426,-33.8654899597168,151.2113494873047,22.0,18.7,39,0.65,True
2026-10-10T19:45:00+11:00,1964285,2459_413,-33.88791275024414,151.16156005859375,105.0,37.4,173,2.88,True
2026-10-10T19:45:00+11:00,2737046,2459_445,-33.85820388793945,151.1834716796875,293.0,0.0,0,0.0,True
2026-10-10T19:45:00+11:00,2286604,2459_440,-33.88509750366211,151.18478393554688,253.0,0.0,23,0.38,True
2026-10-10T19:45:00+11:00,2704205,2504_610X,-33.87190246582031,151.20643615722656,168.0,0.0,0,0.0,True
2026-10-10T19:45:00+11:00,2682799,7083_SW1,-33.9169807434082,151.1428680419922,252.0,5.0,136,2.27,True
2026-10-10T19:45:00+11:00,2740661,7066_28T4,-33.88523483276367,151.20773315429688,51.0,0.0,0,0.0,True
2026-10-10T19:45:00+11:00,1940926,2459_412,-33.89402389526367,151.1566925048828,280.0,27.0,392,6.53,False
2026-10-10T19:45:00+11:00,2376055,2508_172X,-33.86616134643555,151.2063446044922,6.0,0.0,0,0.0,True
2026-10-10T19:45:00+11:00,2289106,2459_348,-33.90702819824219,151.1836700439453,101.0,12.6,1114,18.57,False
2026-10-10T19:45:00+11:00,2090174,2508_B1,-33.8359489440918,151.21156311035156,185.0,68.0,-259,-4.32,False
2026-10-10T19:45:00+11:00,2309518,7083_SW3,-33.90576934814453,151.13526916503906,86.0,41.0,141,2.35,True
2026-10-10T19:45:00+11:00,2283360,2459_422,-33.88455581665039,151.1924591064453,82.0,41.8,-142,-2.37,False
2026-10-10T19:45:00+11:00,2740846,7016_7T4,-33.93091583251953,151.15492248535156,38.0,0.0,57,0.95,True
2026-10-10T19:45:00+11:00,2515339,2459_410,-33.8610725402832,151.10482788085938,299.0,41.4,713,11.88,False
2026-10-10T19:45:00+11:00,2373971,2508_100,-33.842002868652344,151.24362182617188,352.0,0.0,0,0.0,True
2026-10-10T19:45:00+11:00,2290321,2459_426,-33.89781951904297,151.17835998535156,56.0,1.1,242,4.03,True
2026-10-10T19:45:00+11:00,2718971,2514_271,-33.87113571166992,151.20553588867188,355.0,0.0,0,0.0,True
2026-10-10T19:45:00+11:00,2558684,7083_SW1,-33.91395950317383,151.16448974609375,37.0,43.9,477,7.95,False
2026-10-10T19:45:00+11:00,2349338,2459_418,-33.91424560546875,151.1660919189453,231.0,32.4,421,7.02,False
2026-10-10T19:45:00+11:00,2738775,7063_13T4,-33.939579010009766,151.14752197265625,213.0,38.9,-86,-1.43,False
2026-10-10T19:45:00+11:00,2211254,2459_413,-33.88462829589844,151.19229125976562,263.0,29.9,364,6.07,False
2026-10-10T19:45:00+11:00,2596624,2459_492,-33.86246109008789,151.1351776123047,67.0,39.6,425,7.08,False
2026-10-10T19:45:00+11:00,2288900,2459_389,-33.874332427978516,151.20108032226562,257.0,57.2,-39,-0.65,True
2026-10-10T19:45:00+11:00,2741075,7016_7T4,-33.93104553222656,151.15478515625,39.0,0.0,482,8.03,False
2026-10-10T19:45:00+11:00,2375311,2508_173X,-33.7939567565918,151.2618408203125,101.0,45.4,241,4.02,True
2026-10-10T19:45:00+11:00,2719325,2514_194,-33.84834671020508,151.21279907226562,183.0,62.6,-193,-3.22,False
2026-10-10T19:45:00+11:00,2741053,7016_7T4,-33.908565521240234,151.17198181152344,265.0,0.0,0,0.0,True
2026-10-10T19:45:00+11:00,2285288,2459_440,-33.89028549194336,151.24232482910156,297.0,2.9,20,0.33,True
2026-10-10T19:45:00+11:00,2211071,2459_438X,-33.85551071166992,151.13034057617188,346.0,14.4,-62,-1.03,False
2026-10-10T19:45:00+11:00,2741008,7016_7T4,-33.940223693847656,151.14691162109375,228.0,37.4,-210,-3.5,False
2026-10-10T19:45:00+11:00,2682818,7083_SW1,-33.91473388671875,151.16497802734375,0.0,0.4,2836,47.27,False
2026-10-10T19:45:00+11:00,2289621,2459_469,-33.88574981689453,151.14920043945312,79.0,0.0,0,0.0,True
2026-10-10T19:45:00+11:00,2287854,2459_440,-33.877620697021484,151.15628051757812,353.0,0.0,22,0.37,True
2026-10-10T19:45:00+11:00,2713970,2508_144,-33.83064270019531,151.21987915039062,294.0,35.3,61,1.02,True
2026-10-10T19:45:00+11:00,2036964,2459_412,-33.87244415283203,151.2113494873047,187.0,0.0,415,6.92,False
2026-10-10T19:45:00+11:00,2618804,2459_477,-33.92384719848633,151.1599578857422,320.0,0.0,30,0.5,True
2026-10-10T19:45:00+11:00,2286306,2459_437,-33.87248992919922,151.2064666748047,179.0,3.2,0,0.0,True
2026-10-10T19:45:00+11:00,2415909,2508_B1,-33.83036804199219,151.21334838867188,11.0,41.4,35,0.58,True
2026-10-10T19:45:00+11:00,2529807,7084_SW2,-33.904232025146484,151.14002990722656,244.0,42.5,301,5.02,True
2026-10-10T19:45:00+11:00,2415920,2508_B1,-33.81990051269531,151.24380493164062,356.0,37.8,-14,-0.23,True
2026-10-10T19:45:00+11:00,2375926,2508_144,-33.79706954956055,151.1800537109375,244.0,0.0,0,0.0,True
2026-10-10T19:45:00+11:00,2660292,2459_320,-33.88270950317383,151.20794677734375,303.0,10.4,-113,-1.88,False
2026-10-10T19:45:00+11:00,2286332,2459_433,-33.87054443359375,151.17404174804688,233.0,46.4,196,3.27,True
2026-10-10T19:45:00+11:00,2376218,2508_B1,-33.86408615112305,151.20550537109375,176.0,2.2,65,1.08,True
2026-10-10T19:45:00+11:00,2290567,2459_442,-33.86703872680664,151.17527770996094,333.0,22.7,-115,-1.92,False
2026-10-10T19:45:00+11:00,2284660,2459_426,-33.883880615234375,151.20274353027344,247.0,0.0,-6,-0.1,True
2026-10-10T19:45:00+11:00,2290038,2459_433,-33.86970138549805,151.1751251220703,65.0,48.2,320,5.33,True
2026-10-10T19:45:00+11:00,2287787,2459_438X,-33.873992919921875,151.20982360839844,6.0,36.4,243,4.05,True
2026-10-10T19:45:00+11:00,2284555,2459_442,-33.85756301879883,151.19285583496094,80.0,31.3,0,0.0,True
2026-10-10T19:45:00+11:00,2284917,2459_441,-33.8726692199707,151.2064971923828,175.0,0.0,-94,-1.57,False
2026-10-10T19:45:00+11:00,2636710,2459_415,-33.869205474853516,151.10765075683594,282.0,50.8,6,0.1,True
2026-10-10T19:45:00+11:00,2553991,2459_358,-33.918235778808594,151.17054748535156,46.0,0.0,-65,-1.08,False
2026-10-10T19:45:00+11:00,2686196,2459_423,-33.89872360229492,151.1743927001953,262.0,0.0,402,6.7,False
2026-10-10T19:45:00+11:00,1863397,2459_470,-33.88014221191406,151.2073516845703,281.0,0.0,-36,-0.6,True
2026-10-10T19:45:00+11:00,2515272,2459_410,-33.86199951171875,151.10684204101562,119.0,35.6,787,13.12,False
2026-10-10T19:45:00+11:00,2737143,2459_428,-33.872798919677734,151.2099609375,186.0,0.0,97,1.62,True
2026-10-10T19:45:00+11:00,2211595,2459_438X,-33.88421630859375,151.14781188964844,270.0,0.0,111,1.85,True
2026-10-10T19:45:00+11:00,2377312,2508_100,-33.83024978637695,151.21896362304688,294.0,42.1,-128,-2.13,False
2026-10-10T19:45:00+11:00,2288611,2459_469,-33.88211441040039,151.1822509765625,147.0,9.7,158,2.63,True
2026-10-10T19:45:00+11:00,2668415,2459_420,-33.93284225463867,151.17996215820312,96.0,5.0,223,3.72,True
2026-10-10T19:45:00+11:00,2739233,7057_26T4,-33.94591522216797,151.1822052001953,259.0,65.9,-312,-5.2,False
2026-10-10T19:45:00+11:00,2375300,2508_100,-33.85205078125,151.21087646484375,208.0,62.3,135,2.25,True
2026-10-10T19:45:00+11:00,2737072,2459_428,-33.90928268432617,151.12347412109375,231.0,44.3,648,10.8,False
2026-10-10T19:45:00+11:00,2289210,2459_438X,-33.865936279296875,151.20924377441406,117.0,19.8,0,0.0,True
2026-10-10T19:45:00+11:00,2544229,2508_263,-33.832183837890625,151.2217254638672,99.0,22.3,-6,-0.1,True
2026-10-10T19:45:00+11:00,2554294,2459_358,-33.923179626464844,151.209228515625,100.0,43.9,301,5.02,True
2026-10-10T19:45:00+11:00,2529640,7084_SW2,-33.90989685058594,151.15499877929688,299.0,33.1,124,2.07,True
2026-10-10T19:45:00+11:00,2038538,2459_440,-33.88813781738281,151.16452026367188,89.0,8.3,-175,-2.92,False
2026-10-10T19:45:00+11:00,2420894,2508_230,-33.8377799987793,151.20709228515625,186.0,33.8,55,0.92,True
2026-10-10T19:45:00+11:00,2636675,2459_504,-33.851619720458984,151.1356658935547,240.0,25.6,-75,-1.25,False
2026-10-10T19:45:00+11:00,2682133,2507_267,-33.80991744995117,151.2080078125,190.0,36.7,-5,-0.08,True
2026-10-10T19:45:00+11:00,2644979,2507_120,-33.8704948425293,151.2062225341797,174.0,0.0,7,0.12,True
2026-10-10T19:45:00+11:00,2258532,2507_516,-33.792030334472656,151.1552734375,84.0,36.4,-69,-1.15,False
2026-10-10T19:45:00+11:00,2682050,2507_208,-33.802734375,151.21148681640625,1.0,12.2,239,3.98,True
2026-10-10T19:45:00+11:00,2682103,2507_208,-33.812156677246094,151.2105712890625,190.0,29.2,-1,-0.02,True
2026-10-10T19:45:00+11:00,2672538,2507_267,-33.799224853515625,151.19281005859375,280.0,34.2,114,1.9,True
2026-10-10T19:45:00+11:00,2644711,2507_120,-33.79975891113281,151.19869995117188,340.0,37.1,290,4.83,True
2026-10-10T19:45:00+11:00,2744571,2507_292,-33.81254959106445,151.1710205078125,269.0,0.0,89,1.48,True
2026-10-10T19:45:00+11:00,2672530,2507_115,-33.82228469848633,151.20094299316406,352.0,0.4,365,6.08,False
2026-10-10T19:45:00+11:00,2644741,2507_120,-33.87065124511719,151.20623779296875,173.0,8.6,609,10.15,False
2026-10-10T19:45:00+11:00,2620738,2507_252,-33.8145751953125,151.1681365966797,269.0,0.0,366,6.1,False
2026-10-10T19:45:00+11:00,2672459,2507_115,-33.796531677246094,151.18081665039062,135.0,7.9,0,0.0,True
2026-10-10T19:45:00+11:00,2644859,2507_120,-33.83491134643555,151.2117156982422,197.0,77.4,-2,-0.03,True
2026-10-10T19:45:00+11:00,2230278,2507_288,-33.86865997314453,151.2034912109375,176.0,1.4,-55,-0.92,True
2026-10-10T19:45:00+11:00,2557261,2507_291,-33.827877044677734,151.20091247558594,327.0,15.5,298,4.97,True
2026-10-10T19:45:00+11:00,2643353,2507_501,-33.83433151245117,151.12754821777344,158.0,45.7,-184,-3.07,False
2026-10-10T19:45:00+11:00,2643185,2507_501,-33.87139129638672,151.1949005126953,335.0,0.0,294,4.9,True
2026-10-10T19:45:00+11:00,2643634,2507_52,-33.83123016357422,151.1267547607422,355.0,32.4,406,6.77,False
2026-10-10T19:45:00+11:00,2744583,2507_292,-33.86430358886719,151.20333862304688,306.0,0.0,-146,-2.43,False
2026-10-10T19:45:00+11:00,2538599,2507_506,-33.817264556884766,151.1245574951172,145.0,42.8,-3,-0.05,True
2026-10-10T19:45:00+11:00,2643520,2507_52,-33.868473052978516,151.17803955078125,68.0,33.1,10,0.17,True
2026-10-10T19:45:00+11:00,2620603,2507_288,-33.810447692871094,151.16265869140625,101.0,38.5,-184,-3.07,False
2026-10-10T19:45:00+11:00,2644187,2507_52,-33.83955001831055,151.1353759765625,130.0,53.6,67,1.12,True
2026-10-10T19:45:00+11:00,2645030,2507_52,-33.85000228881836,151.15365600585938,332.0,38.9,128,2.13,True
2026-10-10T19:45:00+11:00,2322582,2507_506,-33.8733024597168,151.209716796875,96.0,0.0,3,0.05,True
2026-10-10T19:45:00+11:00,2407555,2507_252,-33.83209228515625,151.20407104492188,154.0,0.0,-125,-2.08,False
2026-10-10T19:45:00+11:00,2732022,2507_291,-33.84218978881836,151.205322265625,213.0,12.2,210,3.5,True
2026-10-10T19:45:00+11:00,2407663,2507_252,-33.8244514465332,151.13253784179688,25.0,0.0,-120,-2.0,False
2026-10-10T19:45:00+11:00,2644732,2507_120,-33.79444122314453,151.18890380859375,70.0,32.0,103,1.72,True
2026-10-10T19:45:00+11:00,2644126,2507_52,-33.87015914916992,151.189208984375,115.0,51.8,534,8.9,False
2026-10-10T19:45:00+11:00,2644503,2507_52,-33.872413635253906,151.21282958984375,186.0,0.0,0,0.0,True
2026-10-10T19:45:00+11:00,2643881,2507_52,-33.87334060668945,151.21018981933594,279.0,6.8,0,0.0,True
2026-10-10T19:45:00+11:00,2644214,2507_120,-33.796409606933594,151.18116760253906,360.0,0.0,0,0.0,True
2026-10-10T19:45:00+11:00,2322566,2507_506,-33.86112976074219,151.16445922851562,310.0,51.5,-75,-1.25,False
2026-10-10T19:45:00+11:00,2643507,2507_501,-33.883968353271484,151.20245361328125,70.0,33.5,84,1.4,True
2026-10-10T19:45:00+11:00,2229992,2507_261,-33.82377243041992,151.1721649169922,7.0,21.6,-91,-1.52,False
2026-10-10T19:45:00+11:00,2672507,2507_115,-33.83391189575195,151.20492553710938,169.0,39.6,30,0.5,True
2026-10-10T19:45:00+11:00,2644129,2507_501,-33.851341247558594,151.15481567382812,147.0,23.4,366,6.1,False
2026-10-10T19:45:00+11:00,2644581,2507_501,-33.839019775390625,151.14117431640625,256.0,38.5,189,3.15,True
2026-10-10T19:45:00+11:00,2534245,2509_380,-33.84912872314453,151.28683471679688,354.0,34.6,160,2.67,True
2026-10-10T19:45:00+11:00,2356836,2509_311,-33.882301330566406,151.2071990966797,124.0,0.0,0,0.0,True
2026-10-10T19:45:00+11:00,2531787,2509_352,-33.89133834838867,151.2482452392578,101.0,0.0,0,0.0,True
2026-10-10T19:45:00+11:00,2740462,2509_379,-33.88881301879883,151.27760314941406,99.0,12.6,255,4.25,True
2026-10-10T19:45:00+11:00,2356236,2509_343,-33.876861572265625,151.20945739746094,4.0,22.7,5,0.08,True
2026-10-10T19:45:00+11:00,2396536,2509_392,-33.95585632324219,151.23023986816406,356.0,0.0,253,4.22,True
2026-10-10T19:45:00+11:00,2356178,2509_370,-33.88330078125,151.19126892089844,307.0,0.0,-485,-8.08,False
2026-10-10T19:45:00+11:00,2532716,2509_350,-33.93126678466797,151.1941375732422,16.0,7.2,550,9.17,False
2026-10-10T19:45:00+11:00,2740334,2509_370,-33.8888053894043,151.19137573242188,236.0,30.6,149,2.48,True
2026-10-10T19:45:00+11:00,2531736,2509_324,-33.843326568603516,151.2840576171875,344.0,0.0,0,0.0,True
2026-10-10T19:45:00+11:00,2532060,2509_327,-33.886207580566406,151.24644470214844,344.0,25.2,198,3.3,True
2026-10-10T19:45:00+11:00,2533719,2509_380,-33.88289260864258,151.28250122070312,173.0,0.4,240,4.0,True
2026-10-10T19:45:00+11:00,2399974,2509_390X,-33.90376663208008,151.2548828125,32.0,39.2,-35,-0.58,True
2026-10-10T19:45:00+11:00,2399777,2509_390X,-33.94691467285156,151.24029541015625,348.0,41.4,173,2.88,True
2026-10-10T19:45:00+11:00,2740468,2509_370,-33.87197494506836,151.17999267578125,193.0,0.0,0,0.0,True
2026-10-10T19:45:00+11:00,2532306,2509_333,-33.88946533203125,151.2792510986328,298.0,0.0,60,1.0,True
2026-10-10T19:45:00+11:00,2534258,2509_313,-33.919830322265625,151.2498321533203,101.0,27.4,179,2.98,True
2026-10-10T19:45:00+11:00,2575727,2509_374,-33.892112731933594,151.2168731689453,294.0,26.3,273,4.55,True
2026-10-10T19:45:00+11:00,2357473,2509_373,-33.91975021362305,151.2571258544922,189.0,0.0,0,0.0,True
2026-10-10T19:45:00+11:00,2532012,2509_333,-33.8888053894043,151.27780151367188,92.0,31.7,252,4.2,True
2026-10-10T19:45:00+11:00,2352579,2509_307,-33.938987731933594,151.19467163085938,351.0,41.4,933,15.55,False
2026-10-10T19:45:00+11:00,2356458,2509_343,-33.865455627441406,151.2121124267578,131.0,2.2,800,13.33,False
2026-10-10T19:45:00+11:00,2357569,2509_339,-33.88388442993164,151.20933532714844,294.0,0.0,44,0.73,True
2026-10-10T19:45:00+11:00,2740386,2509_379,-33.887752532958984,151.2725372314453,308.0,17.6,164,2.73,True
2026-10-10T19:45:00+11:00,2139438,2509_375,-33.95056915283203,151.24952697753906,48.0,0.0,843,14.05,False
2026-10-10T19:45:00+11:00,2534476,2509_381,-33.89146423339844,151.25381469726562,147.0,34.2,111,1.85,True
2026-10-10T19:45:00+11:00,2352575,2509_392,-33.9111213684082,151.22332763671875,183.0,24.5,105,1.75,True
2026-10-10T19:45:00+11:00,2675109,2509_309,-33.92306137084961,151.1959991455078,189.0,39.2,173,2.88,True
2026-10-10T19:45:00+11:00,2139306,2509_306,-33.93058776855469,151.20077514648438,279.0,26.6,45,0.75,True
2026-10-10T19:45:00+11:00,2531171,2509_350,-33.94615936279297,151.24029541015625,269.0,7.6,344,5.73,True
2026-10-10T19:45:00+11:00,2532713,2509_352,-33.87982940673828,151.21591186523438,315.0,23.0,372,6.2,False
2026-10-10T19:45:00+11:00,2532238,2509_333,-33.861446380615234,151.21343994140625,181.0,0.0,235,3.92,True
2026-10-10T19:45:00+11:00,2357055,2509_374,-33.917396545410156,151.2523956298828,96.0,30.2,55,0.92,True
2026-10-10T19:45:00+11:00,2403223,2509_311,-33.858524322509766,151.2046661376953,277.0,0.0,217,3.62,True
2026-10-10T19:45:00+11:00,2403197,2509_311,-33.87300109863281,151.21661376953125,9.0,26.6,808,13.47,False
2026-10-10T19:45:00+11:00,2357145,2509_370,-33.90712356567383,151.18173217773438,250.0,14.8,120,2.0,True
2026-10-10T19:45:00+11:00,2740306,2509_379,-33.90074920654297,151.25381469726562,323.0,0.4,74,1.23,True
2026-10-10T19:45:00+11:00,2628657,2509_304,-33.88008499145508,151.20970153808594,301.0,0.0,610,10.17,False
2026-10-10T19:45:00+11:00,2533209,2509_333,-33.862796783447266,151.2111358642578,5.0,0.0,0,0.0,True
2026-10-10T19:45:00+11:00,2532460,2509_350,-33.93699264526367,151.25759887695312,2.0,0.0,478,7.97,False
2026-10-10T19:45:00+11:00,2357662,2509_311,-33.87235641479492,151.22926330566406,260.0,0.0,515,8.58,False
2026-10-10T19:45:00+11:00,2357436,2509_343,-33.918609619140625,151.2038116455078,195.0,0.0,-217,-3.62,False
2026-10-10T19:45:00+11:00,2564383,2509_387,-33.88642120361328,151.26145935058594,98.0,43.2,55,0.92,True
2026-10-10T19:45:00+11:00,2356717,2509_373,-33.880924224853516,151.2168731689453,351.0,0.0,188,3.13,True
2026-10-10T19:45:00+11:00,2356750,2509_373,-33.87974166870117,151.21580505371094,139.0,8.6,111,1.85,True
2026-10-10T19:45:00+11:00,2146801,2509_396,-33.86342239379883,151.2112274169922,276.0,11.2,792,13.2,False
2026-10-10T19:45:00+11:00,2300932,2509_399,-33.92767333984375,151.23301696777344,141.0,1.4,192,3.2,True
2026-10-10T19:45:00+11:00,2488400,2509_392,-33.94591522216797,151.22671508789062,65.0,0.0,1075,17.92,False
2026-10-10T19:45:00+11:00,2399478,2509_390X,-33.91501235961914,151.22549438476562,349.0,0.0,142,2.37,True
2026-10-10T19:45:00+11:00,2138624,2509_396,-33.87340545654297,151.20989990234375,183.0,23.8,658,10.97,False
2026-10-10T19:45:00+11:00,2357120,2509_370,-33.90163803100586,151.2012481689453,338.0,11.5,-11,-0.18,True
2026-10-10T19:45:00+11:00,2532266,2509_350,-33.891170501708984,151.24778747558594,191.0,7.2,0,0.0,True
2026-10-10T19:45:00+11:00,2357125,2509_343,-33.9251708984375,151.2276611328125,276.0,22.7,0,0.0,True
2026-10-10T19:45:00+11:00,2628610,2509_304,-33.86331558227539,151.21249389648438,84.0,0.7,349,5.82,True
2026-10-10T19:45:00+11:00,2740376,2509_370,-33.900936126708984,151.19314575195312,37.0,0.0,385,6.42,False
2026-10-10T19:45:00+11:00,2532855,2509_333,-33.891990661621094,151.25439453125,137.0,39.6,438,7.3,False
2026-10-10T19:45:00+11:00,2628764,2509_304,-33.870487213134766,151.2102508544922,3.0,29.2,826,13.77,False
2026-10-10T19:45:00+11:00,2356152,2509_339,-33.90827178955078,151.24761962890625,152.0,0.0,185,3.08,True
2026-10-10T19:45:00+11:00,2139009,2509_396,-33.92151641845703,151.22694396972656,173.0,25.9,560,9.33,False
2026-10-10T19:45:00+11:00,2740516,2509_379,-33.89341735839844,151.2495574951172,189.0,0.0,87,1.45,True
2026-10-10T19:45:00+11:00,2533885,2509_333,-33.891300201416016,151.24794006347656,98.0,14.0,3,0.05,True
2026-10-10T19:45:00+11:00,2532938,2509_352,-33.88848876953125,151.19180297851562,62.0,42.5,216,3.6,True
2026-10-10T19:45:00+11:00,2532756,2509_333,-33.89083480834961,151.248046875,280.0,0.0,-224,-3.73,False
2026-10-10T19:45:00+11:00,2356277,2509_343,-33.880104064941406,151.20901489257812,199.0,22.7,359,5.98,True
2026-10-10T19:45:00+11:00,2534049,2509_333,-33.895572662353516,151.27210998535156,293.0,35.3,176,2.93,True
2026-10-10T19:45:00+11:00,2356813,2509_343,-33.922119140625,151.2014617919922,100.0,32.0,234,3.9,True
2026-10-10T19:45:00+11:00,2628620,2509_304,-33.89704895019531,151.21299743652344,19.0,13.0,751,12.52,False
2026-10-10T19:45:00+11:00,2532856,2509_326,-33.88532257080078,151.26495361328125,125.0,29.5,8,0.13,True
2026-10-10T19:45:00+11:00,2531966,2509_360,-33.895565032958984,151.25071716308594,150.0,53.3,235,3.92,True
2026-10-10T19:45:00+11:00,2140201,2509_375,-33.94468688964844,151.2262725830078,190.0,0.0,0,0.0,True
2026-10-10T19:45:00+11:00,2357071,2509_339,-33.9139404296875,151.265625,323.0,29.2,45,0.75,True
2026-10-10T19:45:00+11:00,2575714,2509_374,-33.920555114746094,151.25454711914062,279.0,0.4,130,2.17,True
2026-10-10T19:45:00+11:00,2533782,2509_350,-33.92516326904297,151.19342041015625,99.0,42.5,174,2.9,True
2026-10-10T19:45:00+11:00,2740489,2509_370,-33.901851654052734,151.17886352539062,155.0,0.0,246,4.1,True
2026-10-10T19:45:00+11:00,2356466,2509_374,-33.887840270996094,151.20803833007812,186.0,42.5,179,2.98,True
2026-10-10T19:45:00+11:00,2532663,2509_333,-33.881404876708984,151.218505859375,295.0,0.0,20,0.33,True
2026-10-10T19:45:00+11:00,2534375,2509_350,-33.941261291503906,151.23707580566406,98.0,30.6,-30,-0.5,True
2026-10-10T19:45:00+11:00,2531695,2509_325,-33.8701171875,151.2047882080078,354.0,32.0,243,4.05,True
2026-10-10T19:45:00+11:00,2434672,2509_390X,-33.91436004638672,151.2400360107422,161.0,37.8,96,1.6,True
2026-10-10T19:45:00+11:00,2352781,2509_356,-33.89111328125,151.24856567382812,278.0,18.4,0,0.0,True
2026-10-10T19:45:00+11:00,2352484,2509_392,-33.94599151611328,151.2266082763672,83.0,0.0,485,8.08,False
2026-10-10T19:45:00+11:00,2532171,2509_324,-33.87345886230469,151.21092224121094,272.0,1.4,-681,-11.35,False
2026-10-10T19:45:00+11:00,2532171_2,2509_324,-33.87627410888672,151.24574279785156,227.0,19.1,455,7.58,False
2026-10-10T19:45:00+11:00,2400580,2509_309,-33.921592712402344,151.19627380371094,14.0,3.2,322,5.37,True
2026-10-10T19:45:00+11:00,2532469,2509_324,-33.87481689453125,151.219970703125,102.0,11.2,412,6.87,False
2026-10-10T19:45:00+11:00,2434428,2509_390X,-33.89115524291992,151.2490234375,277.0,0.0,0,0.0,True
2026-10-10T19:45:00+11:00,2740363,2509_370,-33.91141891479492,151.20870971679688,121.0,27.7,537,8.95,False
2026-10-10T19:45:00+11:00,2335435,2509_309,-33.92817687988281,151.19497680664062,10.0,48.6,-122,-2.03,False
2026-10-10T19:45:00+11:00,2532849,2509_325,-33.853309631347656,151.2699737548828,282.0,20.5,41,0.68,True
2026-10-10T19:45:00+11:00,2357511,2509_343,-33.91306686401367,151.2055206298828,15.0,22.7,494,8.23,False
2026-10-10T19:45:00+11:00,2532222,2509_350,-33.89131164550781,151.24972534179688,347.0,2.9,40,0.67,True
2026-10-10T19:45:00+11:00,2675106,2509_309,-33.89413070678711,151.19967651367188,203.0,15.8,117,1.95,True
2026-10-10T19:45:00+11:00,2533716,2509_350,-33.893550872802734,151.24952697753906,187.0,7.2,16,0.27,True
2026-10-10T19:45:00+11:00,2137627,2509_396,-33.924163818359375,151.2279510498047,143.0,0.0,-107,-1.78,False
2026-10-10T19:45:00+11:00,2740437,2509_370,-33.91822052001953,151.24325561523438,101.0,38.9,185,3.08,True
2026-10-10T19:45:00+11:00,2139178,2509_375,-33.948211669921875,151.2512969970703,197.0,28.8,-242,-4.03,False
2026-10-10T19:45:00+11:00,2531250,2509_333,-33.88017654418945,151.21633911132812,315.0,0.4,116,1.93,True
2026-10-10T19:45:00+11:00,2357269,2509_343,-33.92408752441406,151.21237182617188,289.0,45.7,178,2.97,True
2026-10-10T19:45:00+11:00,2533430,2509_380,-33.893028259277344,151.2729949951172,0.0,36.0,161,2.68,True
2026-10-10T19:45:00+11:00,2532312,2509_362,-33.88676834106445,151.27090454101562,128.0,28.4,72,1.2,True
2026-10-10T19:45:00+11:00,2357677,2509_370,-33.8721923828125,151.1809844970703,326.0,37.4,-373,-6.22,False
2026-10-10T19:45:00+11:00,2533347,2509_350,-33.93816375732422,151.21212768554688,303.0,54.0,241,4.02,True
2026-10-10T19:45:00+11:00,2533765,2509_360,-33.90064239501953,151.26512145996094,49.0,10.1,135,2.25,True
2026-10-10T19:45:00+11:00,2533700,2509_333,-33.883819580078125,151.22189331054688,286.0,0.0,-247,-4.12,False
2026-10-10T19:45:00+11:00,2532631,2509_333,-33.8768196105957,151.20956420898438,152.0,20.5,422,7.03,False
2026-10-10T19:45:00+11:00,2138831,2509_306,-33.907203674316406,151.2028350830078,7.0,31.3,175,2.92,True
2026-10-10T19:45:00+11:00,2534014,2509_352,-33.90491485595703,151.17347717285156,250.0,0.0,327,5.45,True
2026-10-10T19:45:00+11:00,2356330,2509_373,-33.90848159790039,151.23443603515625,276.0,0.0,384,6.4,False
2026-10-10T19:45:00+11:00,2533660,2509_333,-33.890995025634766,151.2446746826172,290.0,32.0,-54,-0.9,True
2026-10-10T19:45:00+11:00,2140805,2509_396,-33.90568923950195,151.2238006591797,7.0,0.0,756,12.6,False
2026-10-10T19:45:00+11:00,2357373,2509_370,-33.91990280151367,151.2503204345703,275.0,28.4,83,1.38,True
2026-10-10T19:45:00+11:00,2532068,2509_325,-33.87095260620117,151.254638671875,119.0,36.7,414,6.9,False
2026-10-10T19:45:00+11:00,2352641,2509_356,-33.93761444091797,151.24322509765625,99.0,32.4,295,4.92,True
2026-10-10T19:45:00+11:00,2740287,2509_370,-33.87501907348633,151.18325805664062,147.0,22.3,-1,-0.02,True
2026-10-10T19:45:00+11:00,2532108,2509_333,-33.891693115234375,151.24224853515625,164.0,0.0,0,0.0,True
2026-10-10T19:45:00+11:00,2396606,2509_392,-33.91739273071289,151.2259521484375,349.0,0.0,49,0.82,True
2026-10-10T19:45:00+11:00,2137159,2509_396,-33.90473937988281,151.2240753173828,0.0,39.2,144,2.4,True
2026-10-10T19:45:00+11:00,2548817,2509_328,-33.89112854003906,151.24871826171875,275.0,0.0,0,0.0,True
2026-10-10T19:45:00+11:00,2488476,2509_392,-33.920799255371094,151.22682189941406,172.0,0.7,445,7.42,False
2026-10-10T19:45:00+11:00,2357494,2509_373,-33.92294692993164,151.25624084472656,10.0,6.8,-412,-6.87,False
2026-10-10T19:45:00+11:00,2740283,2509_379,-33.88797378540039,151.2626953125,90.0,36.4,37,0.62,True
2026-10-10T19:45:00+11:00,2533640,2509_350,-33.90597152709961,151.25364685058594,324.0,0.4,368,6.13,False
2026-10-10T19:45:00+11:00,2356851,2509_373,-33.90847396850586,151.23428344726562,129.0,17.3,43,0.72,True
2026-10-10T19:45:00+11:00,2533966,2509_387,-33.88627624511719,151.26112365722656,278.0,33.1,-148,-2.47,False
2026-10-10T19:45:00+11:00,2352666,2509_392,-33.89353561401367,151.1988067626953,20.0,0.0,0,0.0,True
2026-10-10T19:45:00+11:00,2356898,2509_373,-33.91956329345703,151.25697326660156,10.0,0.0,123,2.05,True
2026-10-10T19:45:00+11:00,2434971,2509_390X,-33.92521667480469,151.2293701171875,128.0,0.0,156,2.6,True
2026-10-10T19:45:00+11:00,2434463,2509_390X,-33.89640808105469,151.25132751464844,156.0,29.9,147,2.45,True
2026-10-10T19:45:00+11:00,2628659,2509_304,-33.89022445678711,151.21298217773438,189.0,0.0,1432,23.87,False
2026-10-10T19:45:00+11:00,2534199,2509_350,-33.93901443481445,151.25709533691406,306.0,5.4,-52,-0.87,True
2026-10-10T19:45:00+11:00,2628676,2509_304,-33.87819290161133,151.2093048095703,187.0,0.0,591,9.85,False
2026-10-10T19:45:00+11:00,2355930,2509_370,-33.913429260253906,151.2248992919922,323.0,0.0,129,2.15,True
2026-10-10T19:45:00+11:00,2628785,2509_304,-33.88953399658203,151.21310424804688,189.0,8.3,710,11.83,False
2026-10-10T19:45:00+11:00,2533219,2509_350,-33.94755935668945,151.25546264648438,223.0,0.0,27,0.45,True
2026-10-10T19:45:00+11:00,2532800,2509_350,-33.932838439941406,151.1797637939453,82.0,1.4,0,0.0,True
2026-10-10T19:45:00+11:00,2396580,2509_392,-33.90317916870117,151.20755004882812,299.0,0.0,137,2.28,True
2026-10-10T19:45:00+11:00,2470796,2509_356,-33.936058044433594,151.24266052246094,9.0,39.6,1,0.02,True
2026-10-10T19:45:00+11:00,2674998,2509_309,-33.89269256591797,151.1991729736328,23.0,0.0,0,0.0,True
2026-10-10T19:45:00+11:00,2488464,2509_392,-33.89768600463867,151.212646484375,211.0,13.7,13,0.22,True
2026-10-10T19:45:00+11:00,2140238,2509_396,-33.86257553100586,151.21116638183594,1.0,0.0,0,0.0,True
2026-10-10T19:45:00+11:00,2138338,2509_396,-33.94211959838867,151.25062561035156,215.0,45.0,408,6.8,False
2026-10-10T19:45:00+11:00,2533556,2509_325,-33.86471939086914,151.20318603515625,174.0,0.0,121,2.02,True
2026-10-10T19:45:00+11:00,2356605,2509_373,-33.915626525878906,151.24053955078125,339.0,0.0,21,0.35,True
2026-10-10T19:45:00+11:00,2139304,2509_396,-33.94746780395508,151.25538635253906,45.0,0.0,0,0.0,True
2026-10-10T19:45:00+11:00,2675067,2509_309,-33.95287322998047,151.20126342773438,126.0,4.7,198,3.3,True
2026-10-10T19:45:00+11:00,2137660,2509_396,-33.86526870727539,151.2118377685547,126.0,2.2,261,4.35,True
2026-10-10T19:45:00+11:00,2747981,700011_27T4,-33.94183349609375,151.19236755371094,12.0,69.5,-278,-4.63,False
2026-10-10T19:45:00+11:00,2747988,700011_27T4,-33.883811950683594,151.21591186523438,101.0,20.9,172,2.87,True
2026-10-10T19:45:00+11:00,2722523,700012_49SC,-33.882179260253906,151.20684814453125,303.0,0.0,0,0.0,True
2026-10-10T19:45:00+11:00,2748502,700012_36SC,-33.891910552978516,151.21533203125,85.0,0.0,470,7.83,False
2026-10-10T20:00:00+11:00,2285186,2459_438X,-33.844444274902344,151.12864685058594,97.0,0.0,0,0.0,True
2026-10-10T20:00:00+11:00,2290921,2459_438X,-33.88608932495117,151.18011474609375,255.0,0.0,305,5.08,True
2026-10-10T20:00:00+11:00,2287011,2459_441,-33.85026931762695,151.18321228027344,49.0,0.0,0,0.0,True
2026-10-10T20:00:00+11:00,1904314,2459_461X,-33.88001251220703,151.20896911621094,14.0,0.0,-96,-1.6,False
2026-10-10T20:00:00+11:00,2530455,7084_SW2,-33.91437911987305,151.16549682617188,43.0,0.0,-458,-7.63,False
2026-10-10T20:00:00+11:00,2596636,2459_492,-33.89519500732422,151.109375,253.0,0.0,737,12.28,False
2026-10-10T20:00:00+11:00,2289590,2459_423,-33.89197540283203,151.1876983642578,46.0,34.2,155,2.58,True
2026-10-10T20:00:00+11:00,2686173,2459_423,-33.876216888427734,151.20932006835938,186.0,18.7,2,0.03,True
2026-10-10T20:00:00+11:00,2530069,7084_SW2,-33.90584945678711,151.1349639892578,266.0,36.7,126,2.1,True
2026-10-10T20:00:00+11:00,2283093,2459_428,-33.900516510009766,151.17037963867188,25.0,27.7,259,4.32,True
2026-10-10T20:00:00+11:00,2743033,700002_5T1,-33.93236541748047,151.13531494140625,97.0,29.5,,,
2026-10-10T20:00:00+11:00,2739266,7057_26T4,-33.89399719238281,151.21646118164062,11.0,0.0,-427,-7.12,False
2026-10-10T20:00:00+11:00,2558754,7083_SW1,-33.911842346191406,151.11956787109375,55.0,34.6,97,1.62,True
2026-10-10T20:00:00+11:00,2375432,2508_100,-33.829505920410156,151.22769165039062,43.0,1.1,266,4.43,True
2026-10-10T20:00:00+11:00,2210362,2459_438X,-33.86720275878906,151.21066284179688,6.0,14.4,2,0.03,True
2026-10-10T20:00:00+11:00,2376004,2508_144,-33.79801940917969,151.24671936035156,84.0,7.6,55,0.92,True
2026-10-10T20:00:00+11:00,2713985,2508_144,-33.82797622680664,151.20260620117188,281.0,33.5,265,4.42,True
2026-10-10T20:00:00+11:00,2373979,2508_100,-33.83769989013672,151.2112274169922,196.0,71.3,-42,-0.7,True
2026-10-10T20:00:00+11:00,2375464,2508_173X,-33.79422378540039,151.26455688476562,101.0,6.8,-101,-1.68,False
2026-10-10T20:00:00+11:00,2620091,2459_530,-33.814754486083984,151.15367126464844,268.0,9.0,243,4.05,True
2026-10-10T20:00:00+11:00,2290338,2459_437,-33.872947692871094,151.16961669921875,47.0,0.0,220,3.67,True
2026-10-10T20:00:00+11:00,2285265,2459_442,-33.87112808227539,151.20632934570312,169.0,23.8,-42,-0.7,True
2026-10-10T20:00:00+11:00,2349278,2459_418,-33.90944290161133,151.13267517089844,13.0,17.6,307,5.12,True
2026-10-10T20:00:00+11:00,2718841,2514_141,-33.7928352355957,151.2444305419922,280.0,54.7,142,2.37,True
2026-10-10T20:00:00+11:00,2718947,2514_194,-33.78850173950195,151.20582580566406,130.0,47.5,105,1.75,True
2026-10-10T20:00:00+11:00,2484398,2459_483,-33.8899040222168,151.1492462158203,254.0,0.0,62,1.03,True
2026-10-10T20:00:00+11:00,2420991,2508_230,-33.824867248535156,151.2415771484375,294.0,7.2,24,0.4,True
2026-10-10T20:00:00+11:00,2708460,2504_610X,-33.8219108581543,151.2054901123047,141.0,58.3,-289,-4.82,False
2026-10-10T20:00:00+11:00,2373616,2508_111,-33.831851959228516,151.24464416503906,140.0,16.9,65,1.08,True
2026-10-10T20:00:00+11:00,2618763,2459_422,-33.91560363769531,151.176513671875,48.0,40.7,2095,34.92,False
2026-10-10T20:00:00+11:00,2289356,2459_418,-33.8774528503418,151.10372924804688,11.0,9.0,454,7.57,False
2026-10-10T20:00:00+11:00,1906482,2459_461X,-33.873199462890625,151.10443115234375,190.0,14.8,-104,-1.73,False
2026-10-10T20:00:00+11:00,2280619,7083_SW3,-33.912384033203125,151.16026306152344,298.0,11.2,18,0.3,True
2026-10-10T20:00:00+11:00,2682998,7083_SW1,-33.91008758544922,151.1341552734375,270.0,28.4,262,4.37,True
2026-10-10T20:00:00+11:00,2714041,2508_144,-33.81929016113281,151.24400329589844,197.0,18.7,550,9.17,False
2026-10-10T20:00:00+11:00,2579227,7084_SW2,-33.90746307373047,151.15907287597656,140.0,23.8,308,5.13,True
2026-10-10T20:00:00+11:00,2424324,2508_230,-33.83893966674805,151.2066650390625,10.0,0.0,147,2.45,True
2026-10-10T20:00:00+11:00,2388840,2508_173X,-33.822235107421875,151.24380493164062,187.0,37.1,196,3.27,True
2026-10-10T20:00:00+11:00,2283232,2459_348,-33.91493606567383,151.1763916015625,242.0,40.0,-8,-0.13,True
2026-10-10T20:00:00+11:00,2286373,2459_464,-33.8610954284668,151.10467529296875,119.0,36.7,474,7.9,False
2026-10-10T20:00:00+11:00,2376083,2508_144,-33.825904846191406,151.1992645263672,142.0,6.8,59,0.98,True
2026-10-10T20:00:00+11:00,2714038,2508_114,-33.8234748840332,151.19442749023438,274.0,6.5,193,3.22,True
2026-10-10T20:00:00+11:00,2284188,2459_389,-33.873477935791016,151.21095275878906,275.0,23.8,43,0.72,True
2026-10-10T20:00:00+11:00,2704179,2504_610X,-33.83659744262695,151.21087646484375,8.0,70.9,79,1.32,True
2026-10-10T20:00:00+11:00,2714043,2508_144,-33.802642822265625,151.17933654785156,6.0,56.5,562,9.37,False
2026-10-10T20:00:00+11:00,2741440,700015_3AT4,-33.942962646484375,151.1917266845703,37.0,63.4,-527,-8.78,False
2026-10-10T20:00:00+11:00,2596565,2459_491,-33.88861846923828,151.12660217285156,186.0,28.8,16,0.27,True
2026-10-10T20:00:00+11:00,2554448,2459_358,-33.91639709472656,151.16636657714844,323.0,22.0,-109,-1.82,False
2026-10-10T20:00:00+11:00,2284574,2459_442,-33.87302017211914,151.16966247558594,46.0,0.0,72,1.2,True
2026-10-10T20:00:00+11:00,2529911,7084_SW2,-33.91007614135742,151.17068481445312,234.0,0.0,1822,30.37,False
2026-10-10T20:00:00+11:00,2739209,7057_26T4,-33.922969818115234,151.21250915527344,133.0,49.7,-459,-7.65,False
2026-10-10T20:00:00+11:00,2309634,7083_SW3,-33.90751647949219,151.1259765625,43.0,52.9,-16,-0.27,True
2026-10-10T20:00:00+11:00,2285216,2459_438X,-33.87349319458008,151.20989990234375,184.0,27.4,21,0.35,True
2026-10-10T20:00:00+11:00,2288370,2459_438X,-33.88037872314453,151.20860290527344,104.0,0.0,229,3.82,True
2026-10-10T20:00:00+11:00,2283590,2459_423,-33.878509521484375,151.2073211669922,13.0,0.0,506,8.43,False
2026-10-10T20:00:00+11:00,2392539,2508_114,-33.82422637939453,151.23667907714844,91.0,55.8,226,3.77,True
2026-10-10T20:00:00+11:00,2285535,2459_440,-33.89091491699219,151.24876403808594,95.0,0.0,0,0.0,True
2026-10-10T20:00:00+11:00,2286034,2459_422,-33.893211364746094,151.18345642089844,160.0,0.0,-53,-0.88,True
2026-10-10T20:00:00+11:00,2284809,2459_438X,-33.86750030517578,151.12974548339844,12.0,31.3,-231,-3.85,False
2026-10-10T20:00:00+11:00,2686063,2459_423,-33.905643463134766,151.16714477539062,259.0,33.8,156,2.6,True
2026-10-10T20:00:00+11:00,2515359,2459_410,-33.88230895996094,151.10276794433594,10.0,25.9,401,6.68,False
2026-10-10T20:00:00+11:00,2475303,2459_389,-33.88078689575195,151.22348022460938,117.0,31.7,291,4.85,True
2026-10-10T20:00:00+11:00,2737174,2459_428,-33.90488815307617,151.12864685058594,285.0,0.0,-295,-4.92,False
2026-10-10T20:00:00+11:00,2741081,7016_7T4,-33.91548538208008,151.1657257080078,13.0,0.0,0,0.0,True
2026-10-10T20:00:00+11:00,2668445,2459_420,-33.92660903930664,151.18775939941406,141.0,0.0,259,4.32,True
2026-10-10T20:00:00+11:00,2741445,700015_3AT4,-33.88036346435547,151.2068328857422,186.0,29.9,318,5.3,True
2026-10-10T20:00:00+11:00,2636584,2459_504,-33.855552673339844,151.1309356689453,256.0,36.4,-78,-1.3,False
2026-10-10T20:00:00+11:00,2211817,2459_464,-33.8762321472168,151.1038055419922,8.0,4.3,545,9.08,False
2026-10-10T20:00:00+11:00,2037091,2459_440,-33.86452102661133,151.16891479492188,61.0,0.0,243,4.05,True
2026-10-10T20:00:00+11:00,2288088,2459_423,-33.90043258666992,151.17041015625,25.0,19.4,11,0.18,True
2026-10-10T20:00:00+11:00,2376567,2508_100,-33.824893951416016,151.24168395996094,294.0,1.4,23,0.38,True
2026-10-10T20:00:00+11:00,2741530,700015_3AT4,-33.88359832763672,151.208251953125,7.0,18.7,1150,19.17,False
2026-10-10T20:00:00+11:00,2558864,7083_SW1,-33.918033599853516,151.14588928222656,198.0,28.4,101,1.68,True
2026-10-10T20:00:00+11:00,2415895,2508_B1,-33.865840911865234,151.20570373535156,175.0,0.0,0,0.0,True
2026-10-10T20:00:00+11:00,2686045,2459_423,-33.88888168334961,151.19134521484375,238.0,34.9,101,1.68,True
2026-10-10T20:00:00+11:00,2280255,7083_SW3,-33.91242218017578,151.11874389648438,230.0,28.1,56,0.93,True
2026-10-10T20:00:00+11:00,2709834,2504_607X,-33.81364822387695,151.18946838378906,260.0,79.6,195,3.25,True
2026-10-10T20:00:00+11:00,1940713,2459_412,-33.86537551879883,151.21141052246094,24.0,0.0,6,0.1,True
2026-10-10T20:00:00+11:00,2415945,2508_B1,-33.82447814941406,151.24081420898438,84.0,0.0,118,1.97,True
2026-10-10T20:00:00+11:00,2596498,2459_492,-33.88410568237305,151.1083984375,8.0,45.0,588,9.8,False
2026-10-10T20:00:00+11:00,2737005,2459_308,-33.906982421875,151.1815185546875,146.0,14.0,185,3.08,True
2026-10-10T20:00:00+11:00,2288978,2459_433,-33.85698318481445,151.1798553466797,302.0,0.0,241,4.02,True
2026-10-10T20:00:00+11:00,2474829,2459_389,-33.870941162109375,151.20529174804688,82.0,0.0,-203,-3.38,False
2026-10-10T20:00:00+11:00,1964286,2459_413,-33.89493179321289,151.12310791015625,104.0,33.1,55,0.92,True
2026-10-10T20:00:00+11:00,1905287,2459_461X,-33.873294830322266,151.21263122558594,187.0,2.9,0,0.0,True
2026-10-10T20:00:00+11:00,2289589,2459_440,-33.88447570800781,151.1976776123047,267.0,0.0,419,6.98,False
2026-10-10T20:00:00+11:00,2737187,2459_428,-33.8648796081543,151.21128845214844,308.0,0.0,305,5.08,True
2026-10-10T20:00:00+11:00,2283782,2459_428,-33.88284683227539,151.20376586914062,47.0,0.0,24,0.4,True
2026-10-10T20:00:00+11:00,2283633,2459_438X,-33.884029388427734,151.15191650390625,90.0,24.5,136,2.27,True
2026-10-10T20:00:00+11:00,2288169,2459_433,-33.88333511352539,151.1912078857422,307.0,0.0,126,2.1,True
2026-10-10T20:00:00+11:00,2660280,2459_320,-33.884300231933594,151.20809936523438,5.0,38.5,-409,-6.82,False
2026-10-10T20:00:00+11:00,1960121,2459_412,-33.892860412597656,151.1587677001953,101.0,0.0,-12,-0.2,True
2026-10-10T20:00:00+11:00,2668450,2459_420,-33.935672760009766,151.1653289794922,231.0,13.3,-64,-1.07,False
2026-10-10T20:00:00+11:00,2285864,2459_442,-33.87130355834961,151.20669555664062,176.0,29.2,555,9.25,False
2026-10-10T20:00:00+11:00,2088659,2508_160X,-33.789642333984375,151.18258666992188,159.0,42.8,-26,-0.43,True
2026-10-10T20:00:00+11:00,2376094,2508_144,-33.82990646362305,151.22727966308594,55.0,31.7,160,2.67,True
2026-10-10T20:00:00+11:00,2209958,2459_413,-33.880775451660156,151.20664978027344,212.0,0.0,0,0.0,True
2026-10-10T20:00:00+11:00,2609000,2459_430,-33.88761520385742,151.19329833984375,219.0,13.3,178,2.97,True
2026-10-10T20:00:00+11:00,2283179,2459_426,-33.87507247924805,151.20968627929688,186.0,25.6,197,3.28,True
2026-10-10T20:00:00+11:00,2737046,2459_445,-33.87348556518555,151.15533447265625,157.0,14.4,33,0.55,True
2026-10-10T20:00:00+11:00,2286604,2459_440,-33.87213134765625,151.15673828125,74.0,42.1,-59,-0.98,True
2026-10-10T20:00:00+11:00,2704205,2504_610X,-33.8154411315918,151.2003173828125,333.0,69.1,546,9.1,False
2026-10-10T20:00:00+11:00,2740661,7066_28T4,-33.88523483276367,151.20773315429688,51.0,0.0,0,0.0,True
2026-10-10T20:00:00+11:00,1940926,2459_412,-33.911827087402344,151.14036560058594,219.0,15.5,566,9.43,False
2026-10-10T20:00:00+11:00,2376055,2508_172X,-33.82444381713867,151.24037170410156,95.0,27.7,-75,-1.25,False
2026-10-10T20:00:00+11:00,2289106,2459_348,-33.905189514160156,151.20330810546875,57.0,27.0,1461,24.35,False
2026-10-10T20:00:00+11:00,2484444,2459_483,-33.88026428222656,151.20684814453125,15.0,0.0,11,0.18,True
2026-10-10T20:00:00+11:00,2741142,7016_7T4,-33.915225982666016,151.16595458984375,63.0,6.1,170,2.83,True
2026-10-10T20:00:00+11:00,2707456,2504_607X,-33.87167739868164,151.2064208984375,176.0,0.0,0,0.0,True
2026-10-10T20:00:00+11:00,2290321,2459_426,-33.88058853149414,151.20675659179688,14.0,0.0,316,5.27,True
2026-10-10T20:00:00+11:00,2718971,2514_271,-33.80372619628906,151.2057647705078,11.0,46.4,-6,-0.1,True
2026-10-10T20:00:00+11:00,2740762,7066_28T4,-33.88196563720703,151.20657348632812,127.0,0.0,775,12.92,False
2026-10-10T20:00:00+11:00,2415621,2508_B1,-33.83442306518555,151.21151733398438,18.0,59.0,8,0.13,True
2026-10-10T20:00:00+11:00,2211254,2459_413,-33.89305114746094,151.14608764648438,287.0,8.3,426,7.1,False
2026-10-10T20:00:00+11:00,2579296,7084_SW2,-33.90095901489258,151.14816284179688,94.0,40.0,71,1.18,True
2026-10-10T20:00:00+11:00,1906595,2459_461X,-33.87279510498047,151.104736328125,10.0,14.4,44,0.73,True
2026-10-10T20:00:00+11:00,2554006,2459_358,-33.915523529052734,151.16558837890625,6.0,0.0,0,0.0,True
2026-10-10T20:00:00+11:00,2741053,7016_7T4,-33.93492126464844,151.15135192871094,229.0,56.5,252,4.2,True
2026-10-10T20:00:00+11:00,2088500,2508_160X,-33.79566192626953,151.18130493164062,5.0,15.1,0,0.0,True
2026-10-10T20:00:00+11:00,2285288,2459_440,-33.87759017944336,151.20938110351562,187.0,29.2,-118,-1.97,False
2026-10-10T20:00:00+11:00,2719421,2514_283,-33.79612731933594,151.18081665039062,192.0,0.0,0,0.0,True
2026-10-10T20:00:00+11:00,2660357,2459_320,-33.88619613647461,151.20281982421875,162.0,0.0,0,0.0,True
2026-10-10T20:00:00+11:00,2738837,7063_13T4,-33.92870330810547,151.15347290039062,97.0,0.0,212,3.53,True
2026-10-10T20:00:00+11:00,2286153,2459_470,-33.88083267211914,151.20664978027344,201.0,35.3,-250,-4.17,False
2026-10-10T20:00:00+11:00,2682818,7083_SW1,-33.91563034057617,151.15074157714844,237.0,36.4,83,1.38,True
2026-10-10T20:00:00+11:00,2289621,2459_469,-33.88570022583008,151.1492156982422,79.0,0.0,0,0.0,True
2026-10-10T20:00:00+11:00,2719291,2514_281,-33.794864654541016,151.18788146972656,70.0,35.3,308,5.13,True
2026-10-10T20:00:00+11:00,2713970,2508_144,-33.815948486328125,151.178466796875,337.0,0.0,171,2.85,True
2026-10-10T20:00:00+11:00,2036964,2459_412,-33.885345458984375,151.18373107910156,258.0,34.2,135,2.25,True
2026-10-10T20:00:00+11:00,2618804,2459_477,-33.924346923828125,151.1602783203125,121.0,0.0,30,0.5,True
2026-10-10T20:00:00+11:00,2375634,2508_B1,-33.831207275390625,151.2242431640625,246.0,40.3,69,1.15,True
2026-10-10T20:00:00+11:00,2286306,2459_437,-33.879634857177734,151.15655517578125,162.0,3.6,6,0.1,True
2026-10-10T20:00:00+11:00,2375202,2508_B1,-33.80016326904297,151.24807739257812,250.0,31.0,123,2.05,True
2026-10-10T20:00:00+11:00,2375926,2508_144,-33.80501937866211,151.17938232421875,176.0,8.6,4,0.07,True
2026-10-10T20:00:00+11:00,1973784,2508_162,-33.807640075683594,151.25965881347656,224.0,18.4,54,0.9,True
2026-10-10T20:00:00+11:00,2286332,2459_433,-33.8843879699707,151.2007293701172,89.0,27.0,254,4.23,True
2026-10-10T20:00:00+11:00,2289221,2459_428,-33.911598205566406,151.118896484375,141.0,0.0,0,0.0,True
2026-10-10T20:00:00+11:00,2284660,2459_426,-33.898807525634766,151.17422485351562,261.0,17.6,-20,-0.33,True
2026-10-10T20:00:00+11:00,2373728,2508_100,-33.84210205078125,151.243896484375,181.0,0.0,0,0.0,True
2026-10-10T20:00:00+11:00,2290090,2459_423,-33.9189567565918,151.14549255371094,49.0,23.0,-82,-1.37,False
2026-10-10T20:00:00+11:00,2284555,2459_442,-33.85871887207031,151.177490234375,199.0,11.2,-8,-0.13,True
2026-10-10T20:00:00+11:00,2289149,2459_470,-33.8824462890625,151.1853790283203,128.0,27.0,-42,-0.7,True
2026-10-10T20:00:00+11:00,2374987,2508_173X,-33.86543655395508,151.2064208984375,5.0,0.0,0,0.0,True
2026-10-10T20:00:00+11:00,2530461,7084_SW2,-33.910667419433594,151.15658569335938,301.0,0.0,79,1.32,True
2026-10-10T20:00:00+11:00,2668218,2459_420,-33.87793731689453,151.1064453125,113.0,0.0,0,0.0,True
2026-10-10T20:00:00+11:00,2718936,2514_270,-33.87230682373047,151.20567321777344,344.0,0.0,0,0.0,True
2026-10-10T20:00:00+11:00,2596484,2459_492,-33.85245132446289,151.1524658203125,231.0,40.0,587,9.78,False
2026-10-10T20:00:00+11:00,2553991,2459_358,-33.92279052734375,151.20639038085938,97.0,0.0,4,0.07,True
2026-10-10T20:00:00+11:00,2283268,2459_422,-33.89912033081055,151.17784118652344,349.0,11.5,68,1.13,True
2026-10-10T20:00:00+11:00,2686196,2459_423,-33.923744201660156,151.13600158691406,241.0,0.0,206,3.43,True
2026-10-10T20:00:00+11:00,1863397,2459_470,-33.88320541381836,151.1805877685547,236.0,36.4,14,0.23,True
2026-10-10T20:00:00+11:00,2289690,2459_348,-33.921077728271484,151.23812866210938,99.0,0.0,352,5.87,True
2026-10-10T20:00:00+11:00,2285037,2459_426,-33.90949630737305,151.15426635742188,120.0,0.0,180,3.0,True
2026-10-10T20:00:00+11:00,2718819,2514_194,-33.87202453613281,151.2056427001953,355.0,0.0,0,0.0,True
2026-10-10T20:00:00+11:00,2737143,2459_428,-33.88905334472656,151.19081115722656,239.0,0.0,33,0.55,True
2026-10-10T20:00:00+11:00,2741039,7016_7T4,-33.9248046875,151.16062927246094,43.0,0.0,-170,-2.83,False
2026-10-10T20:00:00+11:00,2475905,2459_530,-33.86184310913086,151.1371307373047,68.0,43.9,113,1.88,True
2026-10-10T20:00:00+11:00,2211595,2459_438X,-33.862831115722656,151.144775390625,218.0,42.5,-104,-1.73,False
2026-10-10T20:00:00+11:00,2377312,2508_100,-33.87260055541992,151.2064971923828,173.0,0.0,-9,-0.15,True
2026-10-10T20:00:00+11:00,2288611,2459_469,-33.88522720336914,151.1475372314453,181.0,37.4,84,1.4,True
2026-10-10T20:00:00+11:00,1911952,2459_483,-33.88863754272461,151.1246795654297,131.0,0.0,146,2.43,True
2026-10-10T20:00:00+11:00,2375300,2508_100,-33.863136291503906,151.20448303222656,13.0,42.1,223,3.72,True
2026-10-10T20:00:00+11:00,2719100,2514_565,-33.78779220581055,151.1792755126953,327.0,22.7,55,0.92,True
2026-10-10T20:00:00+11:00,2289210,2459_438X,-33.88448715209961,151.1970672607422,268.0,40.7,49,0.82,True
2026-10-10T20:00:00+11:00,2308714,2459_445,-33.90501022338867,151.13267517089844,93.0,7.6,428,7.13,False
2026-10-10T20:00:00+11:00,2719446,2514_270,-33.804012298583984,151.2056884765625,190.0,44.3,246,4.1,True
2026-10-10T20:00:00+11:00,2554294,2459_358,-33.920711517333984,151.2357635498047,107.0,21.2,301,5.02,True
2026-10-10T20:00:00+11:00,2287673,2459_418,-33.90806198120117,151.15042114257812,290.0,37.4,294,4.9,True
2026-10-10T20:00:00+11:00,2038538,2459_440,-33.88298034667969,151.2037811279297,46.0,0.0,-61,-1.02,False
2026-10-10T20:00:00+11:00,2636675,2459_504,-33.8609504699707,151.1647186279297,117.0,48.6,57,0.95,True
2026-10-10T20:00:00+11:00,2644694,2507_501,-33.86986541748047,151.19403076171875,334.0,14.4,245,4.08,True
2026-10-10T20:00:00+11:00,2682133,2507_267,-33.82338333129883,151.19418334960938,260.0,0.0,-85,-1.42,False
2026-10-10T20:00:00+11:00,2644979,2507_120,-33.816524505615234,151.20120239257812,335.0,43.9,245,4.08,True
2026-10-10T20:00:00+11:00,2643611,2507_52,-33.873626708984375,151.21192932128906,280.0,27.7,0,0.0,True
2026-10-10T20:00:00+11:00,2643594,2507_52,-33.87366485595703,151.21217346191406,281.0,27.0,0,0.0,True
2026-10-10T20:00:00+11:00,2682103,2507_208,-33.86155700683594,151.21287536621094,97.0,52.2,-127,-2.12,False
2026-10-10T20:00:00+11:00,2672530,2507_115,-33.79615783691406,151.1835174560547,255.0,0.0,202,3.37,True
2026-10-10T20:00:00+11:00,2643311,2507_52,-33.824581146240234,151.12521362304688,127.0,44.6,-21,-0.35,True
2026-10-10T20:00:00+11:00,2644741,2507_120,-33.81767654418945,151.20150756835938,329.0,15.8,845,14.08,False
2026-10-10T20:00:00+11:00,2620738,2507_252,-33.81985855102539,151.13682556152344,297.0,33.5,303,5.05,True
2026-10-10T20:00:00+11:00,2643977,2507_501,-33.87956237792969,151.20803833007812,105.0,9.0,0,0.0,True
2026-10-10T20:00:00+11:00,2634514,2507_261,-33.83054733276367,151.17877197265625,164.0,26.3,-6,-0.1,True
2026-10-10T20:00:00+11:00,2672317,2507_115,-33.796409606933594,151.18069458007812,186.0,0.0,41,0.68,True
2026-10-10T20:00:00+11:00,2672459,2507_115,-33.82193374633789,151.20098876953125,181.0,0.0,57,0.95,True
2026-10-10T20:00:00+11:00,2644859,2507_120,-33.83698272705078,151.2105255126953,8.0,72.7,-197,-3.28,False
2026-10-10T20:00:00+11:00,2620670,2507_252,-33.82746887207031,151.20057678222656,322.0,29.9,154,2.57,True
2026-10-10T20:00:00+11:00,2230627,2507_254,-33.824676513671875,151.18930053710938,101.0,45.4,-120,-2.0,False
2026-10-10T20:00:00+11:00,2230278,2507_288,-33.81250762939453,151.17068481445312,277.0,31.7,81,1.35,True
2026-10-10T20:00:00+11:00,2645008,2507_120,-33.7962646484375,151.18075561523438,187.0,0.0,6,0.1,True
2026-10-10T20:00:00+11:00,2557261,2507_291,-33.81081771850586,151.1640167236328,286.0,0.4,578,9.63,False
2026-10-10T20:00:00+11:00,2643353,2507_501,-33.870811462402344,151.19158935546875,93.0,11.2,-127,-2.12,False
2026-10-10T20:00:00+11:00,2643185,2507_501,-33.838783264160156,151.1422882080078,261.0,50.8,223,3.72,True
2026-10-10T20:00:00+11:00,2738298,2507_533,-33.79633712768555,151.18057250976562,176.0,16.9,0,0.0,True
2026-10-10T20:00:00+11:00,2538599,2507_506,-33.861671447753906,151.1664276123047,115.0,36.4,-81,-1.35,False
2026-10-10T20:00:00+11:00,2644806,2507_52,-33.838409423828125,151.14480590820312,99.0,53.3,305,5.08,True
2026-10-10T20:00:00+11:00,2620603,2507_288,-33.865177154541016,151.20449829101562,259.0,0.0,-85,-1.42,False
2026-10-10T20:00:00+11:00,2644187,2507_52,-33.872772216796875,151.20614624023438,92.0,20.5,-118,-1.97,False
2026-10-10T20:00:00+11:00,2744689,2507_292,-33.81233596801758,151.17164611816406,96.0,0.0,-341,-5.68,False
2026-10-10T20:00:00+11:00,2322582,2507_506,-33.87175369262695,151.2161407470703,51.0,0.0,3,0.05,True
2026-10-10T20:00:00+11:00,2738297,2507_533,-33.79656982421875,151.1804656982422,177.0,0.0,1276,21.27,False
2026-10-10T20:00:00+11:00,2407663,2507_252,-33.81450653076172,151.1683807373047,86.0,0.0,-212,-3.53,False
2026-10-10T20:00:00+11:00,2644732,2507_120,-33.864498138427734,151.20555114746094,176.0,22.7,9,0.15,True
2026-10-10T20:00:00+11:00,2644503,2507_52,-33.86907196044922,151.17652893066406,269.0,11.2,249,4.15,True
2026-10-10T20:00:00+11:00,2643881,2507_52,-33.84869384765625,151.15274047851562,332.0,54.0,415,6.92,False
2026-10-10T20:00:00+11:00,2644214,2507_120,-33.798858642578125,151.19845581054688,160.0,13.3,120,2.0,True
2026-10-10T20:00:00+11:00,2322566,2507_506,-33.8160514831543,151.12347412109375,324.0,36.0,-67,-1.12,False
2026-10-10T20:00:00+11:00,2672507,2507_115,-33.81827163696289,151.20095825195312,11.0,48.6,43,0.72,True
2026-10-10T20:00:00+11:00,2621181,2507_516,-33.7977409362793,151.17864990234375,247.0,0.0,68,1.13,True
2026-10-10T20:00:00+11:00,2644129,2507_501,-33.87130355834961,151.19300842285156,128.0,17.6,739,12.32,False
2026-10-10T20:00:00+11:00,2352681,2509_307,-33.94474411010742,151.1964569091797,312.0,14.0,121,2.02,True
2026-10-10T20:00:00+11:00,2356836,2509_311,-33.87835693359375,151.214111328125,132.0,0.0,320,5.33,True
2026-10-10T20:00:00+11:00,2531787,2509_352,-33.89083480834961,151.23744201660156,264.0,33.8,-79,-1.32,False
2026-10-10T20:00:00+11:00,2396536,2509_392,-33.913604736328125,151.22515869140625,339.0,4.7,243,4.05,True
2026-10-10T20:00:00+11:00,2300947,2509_399,-33.92729187011719,151.23184204101562,317.0,51.5,412,6.87,False
2026-10-10T20:00:00+11:00,2740334,2509_370,-33.9030647277832,151.19122314453125,37.0,11.2,138,2.3,True
2026-10-10T20:00:00+11:00,2533288,2509_333,-33.8895149230957,151.28329467773438,214.0,0.0,42,0.7,True
2026-10-10T20:00:00+11:00,2533719,2509_380,-33.89349365234375,151.2607879638672,279.0,27.0,291,4.85,True
2026-10-10T20:00:00+11:00,2399777,2509_390X,-33.915409088134766,151.24029541015625,72.0,2.9,108,1.8,True
2026-10-10T20:00:00+11:00,2740468,2509_370,-33.886287689208984,151.19418334960938,200.0,45.0,-32,-0.53,True
2026-10-10T20:00:00+11:00,2740299,2509_379,-33.906497955322266,151.2677764892578,258.0,30.6,114,1.9,True
2026-10-10T20:00:00+11:00,2357473,2509_373,-33.92215347290039,151.25173950195312,277.0,0.0,62,1.03,True
2026-10-10T20:00:00+11:00,2352579,2509_307,-33.943965911865234,151.1961669921875,155.0,6.1,808,13.47,False
2026-10-10T20:00:00+11:00,2533614,2509_350,-33.93280029296875,151.17974853515625,100.0,0.0,0,0.0,True
2026-10-10T20:00:00+11:00,2357569,2509_339,-33.907569885253906,151.24729919433594,161.0,34.6,-71,-1.18,False
2026-10-10T20:00:00+11:00,2740386,2509_379,-33.89110565185547,151.24850463867188,275.0,0.0,0,0.0,True
2026-10-10T20:00:00+11:00,2139438,2509_375,-33.91731643676758,151.24105834960938,11.0,27.0,867,14.45,False
2026-10-10T20:00:00+11:00,2534476,2509_381,-33.894569396972656,151.268310546875,286.0,18.7,118,1.97,True
2026-10-10T20:00:00+11:00,2740365,2509_379,-33.891380310058594,151.24864196777344,102.0,0.0,-20,-0.33,True
2026-10-10T20:00:00+11:00,2352575,2509_392,-33.94733428955078,151.229736328125,129.0,0.0,99,1.65,True
2026-10-10T20:00:00+11:00,2675109,2509_309,-33.95575714111328,151.23048400878906,160.0,25.9,15,0.25,True
2026-10-10T20:00:00+11:00,2139306,2509_306,-33.93054962158203,151.20089721679688,100.0,32.8,119,1.98,True
2026-10-10T20:00:00+11:00,2531171,2509_350,-33.934898376464844,151.19419860839844,223.0,0.0,352,5.87,True
2026-10-10T20:00:00+11:00,2346369,2509_390X,-33.93500518798828,151.2376251220703,349.0,6.5,303,5.05,True
2026-10-10T20:00:00+11:00,2532713,2509_352,-33.88888168334961,151.20042419433594,280.0,45.4,451,7.52,False
2026-10-10T20:00:00+11:00,2532238,2509_333,-33.880645751953125,151.2162628173828,119.0,1.1,528,8.8,False
2026-10-10T20:00:00+11:00,2119504,2509_324,-33.87457275390625,151.2178192138672,281.0,27.7,24,0.4,True
2026-10-10T20:00:00+11:00,2403223,2509_311,-33.86848449707031,151.2060089111328,174.0,0.0,342,5.7,True
2026-10-10T20:00:00+11:00,2532456,2509_386,-33.88533020019531,151.2649688720703,132.0,13.7,190,3.17,True
2026-10-10T20:00:00+11:00,2403197,2509_311,-33.87322998046875,151.22442626953125,246.0,18.4,737,12.28,False
2026-10-10T20:00:00+11:00,2357145,2509_370,-33.883506774902344,151.19175720214844,307.0,20.9,-74,-1.23,False
2026-10-10T20:00:00+11:00,2740306,2509_379,-33.88840103149414,151.26617431640625,128.0,1.4,249,4.15,True
2026-10-10T20:00:00+11:00,2531985,2509_313,-33.9085807800293,151.25189208984375,190.0,46.1,120,2.0,True
2026-10-10T20:00:00+11:00,2533209,2509_333,-33.87397384643555,151.20982360839844,186.0,38.5,216,3.6,True
2026-10-10T20:00:00+11:00,2137504,2509_396,-33.94243240356445,151.25025939941406,239.0,11.2,2,0.03,True
2026-10-10T20:00:00+11:00,2532460,2509_350,-33.89612579345703,151.2511749267578,328.0,27.7,369,6.15,False
2026-10-10T20:00:00+11:00,2357662,2509_311,-33.8734130859375,151.21063232421875,280.0,0.0,519,8.65,False
2026-10-10T20:00:00+11:00,2356717,2509_373,-33.89923095703125,151.2225799560547,172.0,0.4,-22,-0.37,True
2026-10-10T20:00:00+11:00,2356750,2509_373,-33.91349411010742,151.23980712890625,158.0,0.0,188,3.13,True
2026-10-10T20:00:00+11:00,2399478,2509_390X,-33.90061569213867,151.25372314453125,334.0,0.0,96,1.6,True
2026-10-10T20:00:00+11:00,2138624,2509_396,-33.91228485107422,151.2238006591797,140.0,29.5,521,8.68,False
2026-10-10T20:00:00+11:00,2356361,2509_370,-33.919376373291016,151.2571258544922,188.0,18.4,0,0.0,True
2026-10-10T20:00:00+11:00,2564510,2509_386,-33.886322021484375,151.26025390625,109.0,28.4,5,0.08,True
2026-10-10T20:00:00+11:00,2357120,2509_370,-33.89568328857422,151.18121337890625,43.0,20.5,51,0.85,True
2026-10-10T20:00:00+11:00,2532266,2509_350,-33.92802429199219,151.2552490234375,191.0,33.8,801,13.35,False
2026-10-10T20:00:00+11:00,2356639,2509_370,-33.915828704833984,151.2395477294922,185.0,29.9,127,2.12,True
2026-10-10T20:00:00+11:00,2356385,2509_339,-33.91438674926758,151.26654052734375,131.0,0.0,0,0.0,True
2026-10-10T20:00:00+11:00,2531802,2509_380,-33.89193344116211,151.24981689453125,173.0,0.0,355,5.92,True
2026-10-10T20:00:00+11:00,2357125,2509_343,-33.9073371887207,151.20755004882812,24.0,0.7,60,1.0,True
2026-10-10T20:00:00+11:00,2628610,2509_304,-33.884647369384766,151.21414184570312,190.0,0.0,629,10.48,False
2026-10-10T20:00:00+11:00,2667426,2509_326,-33.89176940917969,151.249755859375,174.0,0.7,119,1.98,True
2026-10-10T20:00:00+11:00,2740376,2509_370,-33.91276168823242,151.22442626953125,137.0,4.0,403,6.72,False
2026-10-10T20:00:00+11:00,2532043,2509_324,-33.87319564819336,151.20887756347656,95.0,0.0,-691,-11.52,False
2026-10-10T20:00:00+11:00,2532491,2509_333,-33.89336395263672,151.26026916503906,279.0,0.0,91,1.52,True
2026-10-10T20:00:00+11:00,2532938,2509_352,-33.8812255859375,151.21485900878906,8.0,0.0,270,4.5,True
2026-10-10T20:00:00+11:00,2532756,2509_333,-33.879695892333984,151.2157745361328,322.0,0.7,-197,-3.28,False
2026-10-10T20:00:00+11:00,2356277,2509_343,-33.91215133666992,151.2059783935547,195.0,0.0,307,5.12,True
2026-10-10T20:00:00+11:00,2534049,2509_333,-33.89017868041992,151.241943359375,289.0,25.9,151,2.52,True
2026-10-10T20:00:00+11:00,2628647,2509_304,-33.86296081542969,151.21194458007812,6.0,0.0,96,1.6,True
2026-10-10T20:00:00+11:00,2628620,2509_304,-33.87428665161133,151.20977783203125,6.0,28.4,673,11.22,False
2026-10-10T20:00:00+11:00,2532297,2509_352,-33.9052848815918,151.1734619140625,338.0,14.8,158,2.63,True
2026-10-10T20:00:00+11:00,2352267,2509_392,-33.89357376098633,151.19882202148438,22.0,0.0,0,0.0,True
2026-10-10T20:00:00+11:00,2140201,2509_375,-33.93379211425781,151.25796508789062,6.0,52.6,53,0.88,True
2026-10-10T20:00:00+11:00,2355934,2509_343,-33.92538833618164,151.22084045410156,280.0,35.6,-8,-0.13,True
2026-10-10T20:00:00+11:00,2357071,2509_339,-33.89552307128906,151.221923828125,352.0,0.0,4,0.07,True
2026-10-10T20:00:00+11:00,2575714,2509_374,-33.9017333984375,151.22305297851562,314.0,0.0,253,4.22,True
2026-10-10T20:00:00+11:00,2740489,2509_370,-33.909114837646484,151.20265197753906,195.0,37.8,264,4.4,True
2026-10-10T20:00:00+11:00,2356466,2509_374,-33.910064697265625,151.23959350585938,189.0,34.9,287,4.78,True
2026-10-10T20:00:00+11:00,2138158,2509_306,-33.89469909667969,151.1993408203125,202.0,35.6,41,0.68,True
2026-10-10T20:00:00+11:00,2532663,2509_333,-33.86659240722656,151.21072387695312,5.0,20.9,52,0.87,True
2026-10-10T20:00:00+11:00,2534375,2509_350,-33.91362380981445,151.2582244873047,11.0,37.1,-150,-2.5,False
2026-10-10T20:00:00+11:00,2434672,2509_390X,-33.94643783569336,151.2407989501953,167.0,0.7,7,0.12,True
2026-10-10T20:00:00+11:00,2352781,2509_356,-33.916080474853516,151.24073791503906,158.0,28.4,163,2.72,True
2026-10-10T20:00:00+11:00,2396553,2509_392,-33.93122863769531,151.2296905517578,350.0,50.8,0,0.0,True
2026-10-10T20:00:00+11:00,2532171,2509_324,-33.87382125854492,151.21315002441406,281.0,7.9,342,5.7,True
2026-10-10T20:00:00+11:00,2532469,2509_324,-33.87493896484375,151.2469482421875,44.0,32.4,539,8.98,False
2026-10-10T20:00:00+11:00,2434428,2509_390X,-33.90856170654297,151.2468719482422,260.0,31.3,95,1.58,True
2026-10-10T20:00:00+11:00,2740363,2509_370,-33.919490814208984,151.25466918945312,10.0,34.9,-31,-0.52,True
2026-10-10T20:00:00+11:00,2356049,2509_374,-33.88219451904297,151.20700073242188,127.0,0.0,0,0.0,True
2026-10-10T20:00:00+11:00,2532849,2509_325,-33.870391845703125,151.2530517578125,299.0,0.0,360,6.0,False
2026-10-10T20:00:00+11:00,2357511,2509_343,-33.88602828979492,151.20681762695312,9.0,27.7,644,10.73,False
2026-10-10T20:00:00+11:00,2532222,2509_350,-33.90388488769531,151.25469970703125,212.0,41.8,163,2.72,True
2026-10-10T20:00:00+11:00,2675106,2509_309,-33.937164306640625,151.19456481933594,175.0,22.0,139,2.32,True
2026-10-10T20:00:00+11:00,2534425,2509_333,-33.86164474487305,151.2118377685547,91.0,0.0,0,0.0,True
2026-10-10T20:00:00+11:00,2137288,2509_396,-33.87386703491211,151.20982360839844,188.0,33.1,928,15.47,False
2026-10-10T20:00:00+11:00,2533716,2509_350,-33.935123443603516,151.25799560546875,194.0,14.4,64,1.07,True
2026-10-10T20:00:00+11:00,2355957,2509_343,-33.86164855957031,151.2118377685547,274.0,0.0,0,0.0,True
2026-10-10T20:00:00+11:00,2531250,2509_333,-33.863426208496094,151.2112274169922,264.0,3.2,187,3.12,True
2026-10-10T20:00:00+11:00,2357269,2509_343,-33.90024185180664,151.20608520507812,10.0,29.2,484,8.07,False
2026-10-10T20:00:00+11:00,2533430,2509_380,-33.86461639404297,151.28089904785156,11.0,35.3,204,3.4,True
2026-10-10T20:00:00+11:00,2531724,2509_333,-33.89033126831055,151.24244689941406,293.0,0.0,0,0.0,True
2026-10-10T20:00:00+11:00,2532312,2509_362,-33.906639099121094,151.25991821289062,186.0,23.8,-110,-1.83,False
2026-10-10T20:00:00+11:00,2534712,2509_333,-33.89475631713867,151.26904296875,281.0,0.0,3,0.05,True
2026-10-10T20:00:00+11:00,2533700,2509_333,-33.867488861083984,151.2106170654297,8.0,5.4,-249,-4.15,False
2026-10-10T20:00:00+11:00,2532631,2509_333,-33.89049530029297,151.23866271972656,79.0,55.1,647,10.78,False
2026-10-10T20:00:00+11:00,2628674,2509_304,-33.861637115478516,151.21170043945312,277.0,0.0,715,11.92,False
2026-10-10T20:00:00+11:00,2356235,2509_339,-33.91964340209961,151.2570037841797,9.0,0.0,0,0.0,True
2026-10-10T20:00:00+11:00,2356330,2509_373,-33.87788772583008,151.2135009765625,306.0,11.2,409,6.82,False
2026-10-10T20:00:00+11:00,2533660,2509_333,-33.87683868408203,151.2096710205078,272.0,0.0,-93,-1.55,False
2026-10-10T20:00:00+11:00,2140805,2509_396,-33.871559143066406,151.2101287841797,7.0,32.0,742,12.37,False
2026-10-10T20:00:00+11:00,2357612,2509_343,-33.86637496948242,151.21104431152344,276.0,0.0,511,8.52,False
2026-10-10T20:00:00+11:00,2357373,2509_370,-33.90948486328125,151.219482421875,279.0,29.9,245,4.08,True
2026-10-10T20:00:00+11:00,2532068,2509_325,-33.84939956665039,151.27935791015625,21.0,49.3,181,3.02,True
2026-10-10T20:00:00+11:00,2740287,2509_370,-33.89436721801758,151.1825714111328,221.0,19.8,171,2.85,True
2026-10-10T20:00:00+11:00,2532108,2509_333,-33.891021728515625,151.24249267578125,193.0,0.4,0,0.0,True
2026-10-10T20:00:00+11:00,2396606,2509_392,-33.896705627441406,151.201416015625,271.0,0.0,-167,-2.78,False
2026-10-10T20:00:00+11:00,2137159,2509_396,-33.867916107177734,151.2105712890625,1.0,5.4,-7,-0.12,True
2026-10-10T20:00:00+11:00,2548817,2509_328,-33.88356399536133,151.23873901367188,346.0,32.4,107,1.78,True
2026-10-10T20:00:00+11:00,2488476,2509_392,-33.954036712646484,151.2303924560547,196.0,33.1,516,8.6,False
2026-10-10T20:00:00+11:00,2533146,2509_333,-33.88906478881836,151.27700805664062,265.0,18.4,-75,-1.25,False
2026-10-10T20:00:00+11:00,2352666,2509_392,-33.90379333496094,151.21299743652344,105.0,26.3,68,1.13,True
2026-10-10T20:00:00+11:00,2356898,2509_373,-33.912296295166016,151.23915100097656,341.0,34.6,243,4.05,True
2026-10-10T20:00:00+11:00,2532592,2509_313,-33.91728973388672,151.24862670898438,15.0,14.4,110,1.83,True
2026-10-10T20:00:00+11:00,2532937,2509_327,-33.8794059753418,151.23817443847656,23.0,0.0,128,2.13,True
2026-10-10T20:00:00+11:00,2531608,2509_380,-33.869266510009766,151.2816162109375,192.0,33.8,184,3.07,True
2026-10-10T20:00:00+11:00,2434463,2509_390X,-33.91520690917969,151.22854614257812,278.0,30.6,192,3.2,True
2026-10-10T20:00:00+11:00,2628659,2509_304,-33.90788650512695,151.20614624023438,24.0,0.0,1377,22.95,False
2026-10-10T20:00:00+11:00,2534199,2509_350,-33.89688491821289,151.2515869140625,338.0,28.4,-199,-3.32,False
2026-10-10T20:00:00+11:00,2628676,2509_304,-33.896358489990234,151.21173095703125,189.0,25.2,834,13.9,False
2026-10-10T20:00:00+11:00,2531398,2509_350,-33.9328727722168,151.17991638183594,103.0,8.3,235,3.92,True
2026-10-10T20:00:00+11:00,2355930,2509_370,-33.9018669128418,151.19483947753906,314.0,24.5,216,3.6,True
2026-10-10T20:00:00+11:00,2628785,2509_304,-33.90749740600586,151.20469665527344,191.0,23.0,818,13.63,False
2026-10-10T20:00:00+11:00,2533219,2509_350,-33.94080352783203,151.21546936035156,324.0,8.6,65,1.08,True
2026-10-10T20:00:00+11:00,2740324,2509_379,-33.884765625,151.27609252929688,190.0,16.9,117,1.95,True
2026-10-10T20:00:00+11:00,2532800,2509_350,-33.93946075439453,151.21449279785156,137.0,42.1,104,1.73,True
2026-10-10T20:00:00+11:00,2357597,2509_343,-33.867576599121094,151.2106170654297,185.0,7.2,1087,18.12,False
2026-10-10T20:00:00+11:00,2470796,2509_356,-33.90971755981445,151.2438201904297,9.0,0.4,8,0.13,True
2026-10-10T20:00:00+11:00,2674998,2509_309,-33.906551361083984,151.20303344726562,187.0,34.9,224,3.73,True
2026-10-10T20:00:00+11:00,2488464,2509_392,-33.920955657958984,151.22689819335938,171.0,17.6,126,2.1,True
2026-10-10T20:00:00+11:00,2140238,2509_396,-33.871299743652344,151.21014404296875,187.0,42.1,365,6.08,False
2026-10-10T20:00:00+11:00,2434663,2509_390X,-33.89057922363281,151.246826171875,109.0,13.3,0,0.0,True
2026-10-10T20:00:00+11:00,2300962,2509_399,-33.909034729003906,151.21327209472656,187.0,61.9,50,0.83,True
2026-10-10T20:00:00+11:00,2335448,2509_309,-33.953636169433594,151.20248413085938,297.0,12.2,5,0.08,True
2026-10-10T20:00:00+11:00,2138338,2509_396,-33.90918731689453,151.22328186035156,7.0,30.2,479,7.98,False
2026-10-10T20:00:00+11:00,2533556,2509_325,-33.874412536621094,151.21681213378906,100.0,0.0,253,4.22,True
2026-10-10T20:00:00+11:00,2531461,2509_350,-33.89108657836914,151.24905395507812,277.0,0.0,41,0.68,True
2026-10-10T20:00:00+11:00,2356605,2509_373,-33.8801383972168,151.21629333496094,314.0,0.0,-41,-0.68,True
2026-10-10T20:00:00+11:00,2633608,2509_324,-33.87388610839844,151.2135772705078,281.0,20.5,776,12.93,False
2026-10-10T20:00:00+11:00,2139304,2509_396,-33.91348648071289,151.22511291503906,331.0,5.0,-1,-0.02,True
2026-10-10T20:00:00+11:00,2533911,2509_333,-33.889564514160156,151.2833251953125,214.0,0.0,0,0.0,True
2026-10-10T20:00:00+11:00,2747981,700011_27T4,-33.88669967651367,151.20668029785156,6.0,0.0,-153,-2.55,False
2026-10-10T20:00:00+11:00,2747988,700011_27T4,-33.94504928588867,151.18748474121094,282.0,49.7,0,0.0,True
2026-10-10T20:00:00+11:00,2748542,700012_43SC,-33.88226318359375,151.20689392089844,301.0,0.0,355,5.92,True
2026-10-10T20:00:00+11:00,2722591,700012_36SC,-33.88206100463867,151.20663452148438,307.0,0.4,-427,-7.12,False
2026-10-10T20:00:00+11:00,2722411,700012_49SC,-33.89200210571289,151.2162322998047,99.0,0.0,1073,17.88,False
2026-10-10T20:15:00+11:00,2285186,2459_438X,-33.884395599365234,151.14244079589844,79.0,32.4,-5,-0.08,True
2026-10-10T20:15:00+11:00,2290921,2459_438X,-33.87548828125,151.1348114013672,326.0,17.6,298,4.97,True
2026-10-10T20:15:00+11:00,2309532,7083_SW3,-33.90460968017578,151.13905334472656,65.0,37.8,90,1.5,True
2026-10-10T20:15:00+11:00,2287011,2459_441,-33.861534118652344,151.17654418945312,211.0,28.1,-23,-0.38,True
2026-10-10T20:15:00+11:00,2530455,7084_SW2,-33.90348815917969,151.1419677734375,245.0,30.2,144,2.4,True
2026-10-10T20:15:00+11:00,2289590,2459_423,-33.875125885009766,151.2096710205078,355.0,0.0,244,4.07,True
2026-10-10T20:15:00+11:00,2686173,2459_423,-33.89280319213867,151.18565368652344,252.0,21.2,-35,-0.58,True
2026-10-10T20:15:00+11:00,2283093,2459_428,-33.88426971435547,151.19529724121094,86.0,15.1,291,4.85,True
2026-10-10T20:15:00+11:00,2289144,2459_433,-33.883880615234375,151.20266723632812,247.0,7.2,55,0.92,True
2026-10-10T20:15:00+11:00,2558754,7083_SW1,-33.91416549682617,151.1630859375,131.0,45.4,85,1.42,True
2026-10-10T20:15:00+11:00,2286478,2459_437,-33.87395477294922,151.14306640625,191.0,25.6,108,1.8,True
2026-10-10T20:15:00+11:00,2529645,7084_SW2,-33.9147834777832,151.16490173339844,49.0,0.4,0,0.0,True
2026-10-10T20:15:00+11:00,2287545,2459_442,-33.86919021606445,151.20309448242188,28.0,0.0,-247,-4.12,False
2026-10-10T20:15:00+11:00,2210362,2459_438X,-33.87643051147461,151.2095184326172,184.0,0.0,-4,-0.07,True
2026-10-10T20:15:00+11:00,2287350,2459_437,-33.869232177734375,151.12998962402344,254.0,0.0,0,0.0,True
2026-10-10T20:15:00+11:00,2374506,2508_B1,-33.79316329956055,151.25369262695312,202.0,75.6,158,2.63,True
2026-10-10T20:15:00+11:00,2286325,2459_470,-33.86737060546875,151.21063232421875,185.0,0.0,0,0.0,True
2026-10-10T20:15:00+11:00,2373979,2508_100,-33.86165237426758,151.20509338378906,25.0,48.6,-100,-1.67,False
2026-10-10T20:15:00+11:00,2087949,2508_160X,-33.78426742553711,151.1890411376953,66.0,25.6,108,1.8,True
2026-10-10T20:15:00+11:00,2620091,2459_530,-33.865718841552734,151.13015747070312,184.0,26.3,130,2.17,True
2026-10-10T20:15:00+11:00,2285265,2459_442,-33.8572998046875,151.19346618652344,74.0,0.0,-91,-1.52,False
2026-10-10T20:15:00+11:00,2718947,2514_194,-33.84478759765625,151.21192932128906,165.0,37.4,-171,-2.85,False
2026-10-10T20:15:00+11:00,2290124,2459_426,-33.8663215637207,151.21060180664062,104.0,3.6,0,0.0,True
2026-10-10T20:15:00+11:00,2484398,2459_483,-33.887386322021484,151.10519409179688,234.0,0.0,225,3.75,True
2026-10-10T20:15:00+11:00,2420991,2508_230,-33.84311294555664,151.20843505859375,103.0,23.4,-69,-1.15,False
2026-10-10T20:15:00+11:00,2530254,7084_SW2,-33.914390563964844,151.16554260253906,232.0,0.0,-1179,-19.65,False
2026-10-10T20:15:00+11:00,2579130,7084_SW2,-33.905033111572266,151.1378936767578,63.0,34.9,227,3.78,True
2026-10-10T20:15:00+11:00,2475231,2459_389,-33.869773864746094,151.1939697265625,155.0,24.1,-52,-0.87,True
2026-10-10T20:15:00+11:00,2415969,2508_B1,-33.86641311645508,151.20632934570312,4.0,0.0,0,0.0,True
2026-10-10T20:15:00+11:00,2714041,2508_144,-33.82746887207031,151.20059204101562,316.0,25.6,653,10.88,False
2026-10-10T20:15:00+11:00,2424324,2508_230,-33.83071517944336,151.24229431152344,250.0,44.6,112,1.87,True
2026-10-10T20:15:00+11:00,2388850,2508_173X,-33.798519134521484,151.25198364257812,220.0,28.4,228,3.8,True
2026-10-10T20:15:00+11:00,2636732,2459_504,-33.8721923828125,151.2155303955078,44.0,0.0,33,0.55,True
2026-10-10T20:15:00+11:00,2283069,2459_428,-33.9114875793457,151.11875915527344,141.0,0.0,0,0.0,True
2026-10-10T20:15:00+11:00,1857874,2459_502,-33.8694953918457,151.1338653564453,76.0,49.7,81,1.35,True
2026-10-10T20:15:00+11:00,2739210,7057_26T4,-33.91781234741211,151.2115936279297,190.0,77.4,-226,-3.77,False
2026-10-10T20:15:00+11:00,2376083,2508_144,-33.816776275634766,151.2433319091797,340.0,11.2,75,1.25,True
2026-10-10T20:15:00+11:00,2739180,7057_26T4,-33.89290237426758,151.21656799316406,11.0,39.2,-725,-12.08,False
2026-10-10T20:15:00+11:00,2420697,2508_225,-33.84738540649414,151.23046875,308.0,0.0,115,1.92,True
2026-10-10T20:15:00+11:00,2284188,2459_389,-33.86663818359375,151.19216918945312,335.0,23.8,471,7.85,False
2026-10-10T20:15:00+11:00,2596565,2459_491,-33.922122955322266,151.12310791015625,190.0,34.9,-170,-2.83,False
2026-10-10T20:15:00+11:00,2283078,2459_431,-33.88141632080078,151.20614624023438,229.0,0.0,-68,-1.13,False
2026-10-10T20:15:00+11:00,2284574,2459_442,-33.85744857788086,151.19342041015625,256.0,0.0,76,1.27,True
2026-10-10T20:15:00+11:00,2737177,2459_428,-33.8649787902832,151.2108917236328,222.0,1.8,36,0.6,True
2026-10-10T20:15:00+11:00,2373961,2508_100,-33.84189987182617,151.2438201904297,169.0,0.0,27,0.45,True
2026-10-10T20:15:00+11:00,2285216,2459_438X,-33.88516616821289,151.18455505371094,265.0,0.0,84,1.4,True
2026-10-10T20:15:00+11:00,2289328,2459_470,-33.87736892700195,151.16476440429688,189.0,39.6,67,1.12,True
2026-10-10T20:15:00+11:00,2287552,2459_433,-33.85725021362305,151.1803741455078,306.0,28.8,-13,-0.22,True
2026-10-10T20:15:00+11:00,2285535,2459_440,-33.883846282958984,151.22219848632812,287.0,29.2,107,1.78,True
2026-10-10T20:15:00+11:00,2286034,2459_422,-33.91892623901367,151.16978454589844,229.0,49.3,84,1.4,True
2026-10-10T20:15:00+11:00,2289020,2459_348,-33.92875671386719,151.15379333496094,104.0,0.0,65,1.08,True
2026-10-10T20:15:00+11:00,2686063,2459_423,-33.9237060546875,151.1361083984375,242.0,5.8,200,3.33,True
2026-10-10T20:15:00+11:00,1960122,2459_412,-33.912086486816406,151.13998413085938,55.0,6.1,81,1.35,True
2026-10-10T20:15:00+11:00,2705006,2504_610X,-33.83964157104492,151.21084594726562,186.0,60.5,-105,-1.75,False
2026-10-10T20:15:00+11:00,2515359,2459_410,-33.85969161987305,151.1036376953125,352.0,32.4,679,11.32,False
2026-10-10T20:15:00+11:00,2515359_2,2459_410,-33.86073684692383,151.10414123535156,299.0,20.9,709,11.82,False
2026-10-10T20:15:00+11:00,2286051,2459_437,-33.87095260620117,151.2063446044922,145.0,23.4,0,0.0,True
2026-10-10T20:15:00+11:00,1905288,2459_461X,-33.87347412109375,151.21102905273438,281.0,0.0,0,0.0,True
2026-10-10T20:15:00+11:00,2737163,2459_445,-33.85819625854492,151.1835174560547,280.0,0.0,40,0.67,True
2026-10-10T20:15:00+11:00,2713927,2508_144,-33.79916000366211,151.25100708007812,246.0,35.6,544,9.07,False
2026-10-10T20:15:00+11:00,2741081,7016_7T4,-33.93465042114258,151.15176391601562,230.0,47.5,-101,-1.68,False
2026-10-10T20:15:00+11:00,2668445,2459_420,-33.935203552246094,151.16281127929688,0.0,51.8,480,8.0,False
2026-10-10T20:15:00+11:00,2741034,7016_7T4,-33.91938781738281,151.16909790039062,44.0,28.1,-304,-5.07,False
2026-10-10T20:15:00+11:00,2741445,700015_3AT4,-33.91905975341797,151.21144104003906,189.0,76.0,478,7.97,False
2026-10-10T20:15:00+11:00,2741104,7016_7T4,-33.91556167602539,151.1654815673828,9.0,0.0,0,0.0,True
2026-10-10T20:15:00+11:00,2719047,2514_271,-33.87165069580078,151.20559692382812,356.0,0.0,0,0.0,True
2026-10-10T20:15:00+11:00,2374509,2508_B1,-33.824459075927734,151.23606872558594,267.0,49.0,136,2.27,True
2026-10-10T20:15:00+11:00,2211817,2459_464,-33.84285354614258,151.10789489746094,342.0,0.0,671,11.18,False
2026-10-10T20:15:00+11:00,2037091,2459_440,-33.87202835083008,151.15768432617188,249.0,0.0,68,1.13,True
2026-10-10T20:15:00+11:00,2288088,2459_423,-33.88423156738281,151.19549560546875,87.0,12.6,-37,-0.62,True
2026-10-10T20:15:00+11:00,2376567,2508_100,-33.869606018066406,151.2061309814453,175.0,16.2,-257,-4.28,False
2026-10-10T20:15:00+11:00,2741530,700015_3AT4,-33.883975982666016,151.21743774414062,79.0,4.3,159,2.65,True
2026-10-10T20:15:00+11:00,2287911,2459_422,-33.920005798339844,151.16830444335938,49.0,35.3,98,1.63,True
2026-10-10T20:15:00+11:00,2289155,2459_438X,-33.84516143798828,151.1286163330078,180.0,0.0,0,0.0,True
2026-10-10T20:15:00+11:00,2415895,2508_B1,-33.865699768066406,151.20640563964844,7.0,15.1,0,0.0,True
2026-10-10T20:15:00+11:00,2668219,2459_420,-33.924468994140625,151.18824768066406,279.0,0.4,0,0.0,True
2026-10-10T20:15:00+11:00,2686045,2459_423,-33.901947021484375,151.16940307617188,205.0,35.6,340,5.67,True
2026-10-10T20:15:00+11:00,2719181,2514_271,-33.844635009765625,151.21188354492188,164.0,36.0,-143,-2.38,False
2026-10-10T20:15:00+11:00,1940713,2459_412,-33.876548767089844,151.20950317382812,183.0,0.0,77,1.28,True
2026-10-10T20:15:00+11:00,2596498,2459_492,-33.86681365966797,151.13011169433594,11.0,43.2,536,8.93,False
2026-10-10T20:15:00+11:00,2705776,2504_610X,-33.86500549316406,151.204833984375,352.0,29.2,-40,-0.67,True
2026-10-10T20:15:00+11:00,2579143,7084_SW2,-33.91007614135742,151.17068481445312,234.0,0.0,-844,-14.07,False
2026-10-10T20:15:00+11:00,2579143_2,7084_SW2,-33.91544723510742,151.16575622558594,0.0,0.0,-842,-14.03,False
2026-10-10T20:15:00+11:00,2668262,2459_420,-33.88115692138672,151.1029510498047,10.0,9.7,167,2.78,True
2026-10-10T20:15:00+11:00,2288978,2459_433,-33.88010025024414,151.1788330078125,109.0,40.7,469,7.82,False
2026-10-10T20:15:00+11:00,2739197,7057_26T4,-33.888031005859375,151.20632934570312,11.0,0.0,0,0.0,True
2026-10-10T20:15:00+11:00,2705482,2504_610X,-33.81230163574219,151.1706085205078,284.0,79.9,134,2.23,True
2026-10-10T20:15:00+11:00,2474829,2459_389,-33.88215637207031,151.22799682617188,87.0,17.3,-25,-0.42,True
2026-10-10T20:15:00+11:00,1964286,2459_413,-33.886817932128906,151.17604064941406,73.0,0.0,-127,-2.12,False
2026-10-10T20:15:00+11:00,1905287,2459_461X,-33.884521484375,151.1951904296875,267.0,16.2,127,2.12,True
2026-10-10T20:15:00+11:00,2289589,2459_440,-33.88398361206055,151.15701293945312,354.0,0.0,434,7.23,False
2026-10-10T20:15:00+11:00,2737187,2459_428,-33.88394546508789,151.20245361328125,252.0,31.3,109,1.82,True
2026-10-10T20:15:00+11:00,2741410,700015_3AT4,-33.884090423583984,151.20819091796875,5.0,0.0,-631,-10.52,False
2026-10-10T20:15:00+11:00,2287925,2459_389,-33.87957763671875,151.2220458984375,314.0,37.8,293,4.88,True
2026-10-10T20:15:00+11:00,2283633,2459_438X,-33.884498596191406,151.1927490234375,79.0,0.0,384,6.4,False
2026-10-10T20:15:00+11:00,2288169,2459_433,-33.869258880615234,151.1760711669922,58.0,0.0,303,5.05,True
2026-10-10T20:15:00+11:00,1960121,2459_412,-33.884239196777344,151.1959686279297,87.0,0.4,94,1.57,True
2026-10-10T20:15:00+11:00,2741460,700015_3AT4,-33.94241714477539,151.1590118408203,124.0,0.0,-223,-3.72,False
2026-10-10T20:15:00+11:00,2349452,2459_418,-33.888099670410156,151.11575317382812,122.0,41.0,97,1.62,True
2026-10-10T20:15:00+11:00,2209958,2459_413,-33.88826370239258,151.16378784179688,264.0,0.0,-124,-2.07,False
2026-10-10T20:15:00+11:00,2290797,2459_426,-33.90314483642578,151.1420440673828,327.0,0.0,0,0.0,True
2026-10-10T20:15:00+11:00,2609000,2459_430,-33.90565490722656,151.1671142578125,257.0,41.0,275,4.58,True
2026-10-10T20:15:00+11:00,2283179,2459_426,-33.89256286621094,151.1867218017578,250.0,6.1,173,2.88,True
2026-10-10T20:15:00+11:00,2737046,2459_445,-33.891197204589844,151.1583709716797,196.0,34.6,228,3.8,True
2026-10-10T20:15:00+11:00,2280595,7083_SW3,-33.91459655761719,151.16529846191406,0.0,0.0,-324,-5.4,False
2026-10-10T20:15:00+11:00,2515357,2459_410,-33.86913299560547,151.10533142089844,188.0,29.9,133,2.22,True
2026-10-10T20:15:00+11:00,2740661,7066_28T4,-33.893856048583984,151.20709228515625,190.0,44.3,475,7.92,False
2026-10-10T20:15:00+11:00,2737092,2459_308,-33.900596618652344,151.1934814453125,36.0,3.2,26,0.43,True
2026-10-10T20:15:00+11:00,2475903,2459_530,-33.87713623046875,151.10238647460938,91.0,10.4,0,0.0,True
2026-10-10T20:15:00+11:00,2374140,2508_263,-33.85560989379883,151.20867919921875,207.0,71.3,-216,-3.6,False
2026-10-10T20:15:00+11:00,2376055,2508_172X,-33.787208557128906,151.248046875,120.0,38.5,-58,-0.97,True
2026-10-10T20:15:00+11:00,2636620,2459_504,-33.84832763671875,151.1407928466797,233.0,24.1,55,0.92,True
2026-10-10T20:15:00+11:00,2289106,2459_348,-33.916969299316406,151.23924255371094,101.0,22.0,1493,24.88,False
2026-10-10T20:15:00+11:00,2484444,2459_483,-33.88080978393555,151.20664978027344,207.0,31.3,175,2.92,True
2026-10-10T20:15:00+11:00,2376217,2508_173X,-33.866573333740234,151.20631408691406,6.0,0.0,8,0.13,True
2026-10-10T20:15:00+11:00,2373971,2508_100,-33.830570220947266,151.2259979248047,243.0,42.5,50,0.83,True
2026-10-10T20:15:00+11:00,2707456,2504_607X,-33.83197784423828,151.21273803710938,32.0,65.9,87,1.45,True
2026-10-10T20:15:00+11:00,2707735,2504_610X,-33.80136489868164,151.1448211669922,129.0,74.9,-277,-4.62,False
2026-10-10T20:15:00+11:00,2740762,7066_28T4,-33.911598205566406,151.1873321533203,211.0,50.4,1675,27.92,False
2026-10-10T20:15:00+11:00,2211254,2459_413,-33.89991760253906,151.10801696777344,185.0,33.5,534,8.9,False
2026-10-10T20:15:00+11:00,2515252,2459_410,-33.87334442138672,151.10458374023438,190.0,0.0,1094,18.23,False
2026-10-10T20:15:00+11:00,2285200,2459_422,-33.88658142089844,151.17929077148438,136.0,23.0,44,0.73,True
2026-10-10T20:15:00+11:00,1906595,2459_461X,-33.8879508972168,151.1590118408203,77.0,45.7,15,0.25,True
2026-10-10T20:15:00+11:00,2554006,2459_358,-33.92015075683594,151.1883544921875,93.0,34.6,29,0.48,True
2026-10-10T20:15:00+11:00,2285288,2459_440,-33.88750076293945,151.17245483398438,261.0,20.9,-125,-2.08,False
2026-10-10T20:15:00+11:00,2686159,2459_423,-33.87193298339844,151.21005249023438,188.0,26.6,106,1.77,True
2026-10-10T20:15:00+11:00,2660357,2459_320,-33.89271926879883,151.20750427246094,186.0,0.0,548,9.13,False
2026-10-10T20:15:00+11:00,2286153,2459_470,-33.884891510009766,151.17759704589844,245.0,0.0,-299,-4.98,False
2026-10-10T20:15:00+11:00,2289621,2459_469,-33.88004684448242,151.1872100830078,321.0,0.0,63,1.05,True
2026-10-10T20:15:00+11:00,2036964,2459_412,-33.894256591796875,151.15541076660156,240.0,0.0,463,7.72,False
2026-10-10T20:15:00+11:00,2375202,2508_B1,-33.849857330322266,151.2123260498047,206.0,52.6,58,0.97,True
2026-10-10T20:15:00+11:00,2714006,2508_114,-33.8245964050293,151.24099731445312,294.0,26.3,372,6.2,False
2026-10-10T20:15:00+11:00,2375926,2508_144,-33.830902099609375,151.2207794189453,114.0,38.5,-14,-0.23,True
2026-10-10T20:15:00+11:00,2289221,2459_428,-33.897865295410156,151.1466522216797,46.0,0.0,192,3.2,True
2026-10-10T20:15:00+11:00,2088343,2508_160X,-33.7962532043457,151.1808319091797,185.0,0.0,0,0.0,True
2026-10-10T20:15:00+11:00,2373728,2508_100,-33.84225845336914,151.2438507080078,184.0,6.5,0,0.0,True
2026-10-10T20:15:00+11:00,2290090,2459_423,-33.901100158691406,151.1699981689453,24.0,39.6,18,0.3,True
2026-10-10T20:15:00+11:00,2284555,2459_442,-33.87189865112305,151.1934051513672,328.0,60.5,71,1.18,True
2026-10-10T20:15:00+11:00,2289149,2459_470,-33.8748779296875,151.209716796875,6.0,33.8,18,0.3,True
2026-10-10T20:15:00+11:00,2529788,7084_SW2,-33.914119720458984,151.16297912597656,309.0,38.9,99,1.65,True
2026-10-10T20:15:00+11:00,2393258,2508_114,-33.83123779296875,151.22178649902344,116.0,11.9,184,3.07,True
2026-10-10T20:15:00+11:00,2374987,2508_173X,-33.81104278564453,151.2440948486328,39.0,33.1,-3,-0.05,True
2026-10-10T20:15:00+11:00,2376155,2508_111,-33.833160400390625,151.2406768798828,234.0,36.7,12,0.2,True
2026-10-10T20:15:00+11:00,2713974,2508_144,-33.79444885253906,151.26487731933594,278.0,15.8,127,2.12,True
2026-10-10T20:15:00+11:00,2718936,2514_270,-33.80763626098633,151.20492553710938,9.0,48.6,42,0.7,True
2026-10-10T20:15:00+11:00,1973714,2508_162,-33.796783447265625,151.25149536132812,53.0,0.0,0,0.0,True
2026-10-10T20:15:00+11:00,2596484,2459_492,-33.87382125854492,151.10501098632812,279.0,0.0,437,7.28,False
2026-10-10T20:15:00+11:00,2628286,2508_166,-33.7965202331543,151.18087768554688,179.0,11.2,7,0.12,True
2026-10-10T20:15:00+11:00,2553991,2459_358,-33.916744232177734,151.23646545410156,187.0,11.9,132,2.2,True
2026-10-10T20:15:00+11:00,2283268,2459_422,-33.88431930541992,151.19581604003906,88.0,0.0,95,1.58,True
2026-10-10T20:15:00+11:00,2289690,2459_348,-33.90993118286133,151.22276306152344,279.0,1.4,191,3.18,True
2026-10-10T20:15:00+11:00,2683084,7083_SW1,-33.9138069152832,151.153076171875,217.0,0.0,-65,-1.08,False
2026-10-10T20:15:00+11:00,2285037,2459_426,-33.897491455078125,151.1787872314453,54.0,0.0,219,3.65,True
2026-10-10T20:15:00+11:00,2718819,2514_194,-33.82151794433594,151.2104949951172,9.0,36.4,305,5.08,True
2026-10-10T20:15:00+11:00,2737143,2459_428,-33.903568267822266,151.16860961914062,205.0,0.0,270,4.5,True
2026-10-10T20:15:00+11:00,2475905,2459_530,-33.81447982788086,151.16786193847656,93.0,25.2,-221,-3.68,False
2026-10-10T20:15:00+11:00,2375858,2508_144,-33.796478271484375,151.18045043945312,180.0,0.0,0,0.0,True
2026-10-10T20:15:00+11:00,2377312,2508_100,-33.82685089111328,151.23187255859375,42.0,49.3,-67,-1.12,False
2026-10-10T20:15:00+11:00,2285298,2459_303,-33.92381286621094,151.21119689941406,10.0,0.0,115,1.92,True
2026-10-10T20:15:00+11:00,1911952,2459_483,-33.886714935302734,151.17677307128906,77.0,40.3,306,5.1,True
2026-10-10T20:15:00+11:00,2636734,2459_504,-33.86235427856445,151.16749572753906,305.0,41.4,-121,-2.02,False
2026-10-10T20:15:00+11:00,2375300,2508_100,-33.82466125488281,151.24148559570312,119.0,11.5,326,5.43,True
2026-10-10T20:15:00+11:00,2289210,2459_438X,-33.88433074951172,151.14190673828125,323.0,15.1,-78,-1.3,False
2026-10-10T20:15:00+11:00,2308714,2459_445,-33.883819580078125,151.15586853027344,265.0,29.2,487,8.12,False
2026-10-10T20:15:00+11:00,2554294,2459_358,-33.92209243774414,151.20083618164062,280.0,32.8,523,8.72,False
2026-10-10T20:15:00+11:00,2288934,2459_389,-33.89131164550781,151.24803161621094,98.0,0.0,324,5.4,True
2026-10-10T20:15:00+11:00,2287673,2459_418,-33.894771575927734,151.12762451171875,3.0,43.2,414,6.9,False
2026-10-10T20:15:00+11:00,2038538,2459_440,-33.88908004760742,151.2326202392578,134.0,6.8,-275,-4.58,False
2026-10-10T20:15:00+11:00,2706987,2504_610X,-33.8701057434082,151.2061767578125,175.0,0.0,0,0.0,True
2026-10-10T20:15:00+11:00,2644694,2507_501,-33.8337287902832,151.12718200683594,340.0,43.6,128,2.13,True
2026-10-10T20:15:00+11:00,2228351,2507_288,-33.86629104614258,151.20335388183594,174.0,0.0,0,0.0,True
2026-10-10T20:15:00+11:00,2643611,2507_52,-33.857177734375,151.16015625,329.0,52.6,307,5.12,True
2026-10-10T20:15:00+11:00,2643594,2507_52,-33.871009826660156,151.1920623779297,291.0,59.4,56,0.93,True
2026-10-10T20:15:00+11:00,2644213,2507_52,-33.836177825927734,151.12860107421875,128.0,37.4,118,1.97,True
2026-10-10T20:15:00+11:00,2644563,2507_501,-33.86467361450195,151.17127990722656,132.0,31.0,166,2.77,True
2026-10-10T20:15:00+11:00,2644084,2507_501,-33.87984848022461,151.20849609375,182.0,0.0,0,0.0,True
2026-10-10T20:15:00+11:00,2634581,2507_254,-33.823463439941406,151.19442749023438,256.0,0.0,90,1.5,True
2026-10-10T20:15:00+11:00,2643311,2507_52,-33.87254333496094,151.19400024414062,149.0,56.2,-107,-1.78,False
2026-10-10T20:15:00+11:00,2644741,2507_120,-33.79521179199219,151.1814422607422,241.0,18.7,731,12.18,False
2026-10-10T20:15:00+11:00,2643977,2507_501,-33.87058639526367,151.19171142578125,241.0,19.4,134,2.23,True
2026-10-10T20:15:00+11:00,2634514,2507_261,-33.828453063964844,151.20150756835938,150.0,0.0,-198,-3.3,False
2026-10-10T20:15:00+11:00,2672317,2507_115,-33.80337905883789,151.19891357421875,100.0,41.0,77,1.28,True
2026-10-10T20:15:00+11:00,2672459,2507_115,-33.83217239379883,151.2040557861328,339.0,38.9,2,0.03,True
2026-10-10T20:15:00+11:00,2681998,2507_267,-33.79648971557617,151.18064880371094,188.0,0.0,0,0.0,True
2026-10-10T20:15:00+11:00,2644307,2507_202,-33.81141662597656,151.2143096923828,278.0,28.4,1,0.02,True
2026-10-10T20:15:00+11:00,2644859,2507_120,-33.79538345336914,151.18130493164062,211.0,0.0,-417,-6.95,False
2026-10-10T20:15:00+11:00,2682121,2507_208,-33.86283493041992,151.20489501953125,1.0,47.2,-10,-0.17,True
2026-10-10T20:15:00+11:00,2620670,2507_252,-33.82136917114258,151.14991760253906,190.0,43.9,-13,-0.22,True
2026-10-10T20:15:00+11:00,2620685,2507_288,-33.8050651550293,151.15061950683594,102.0,59.4,-1,-0.02,True
2026-10-10T20:15:00+11:00,2538352,2507_506,-33.80976867675781,151.13235473632812,40.0,0.0,0,0.0,True
2026-10-10T20:15:00+11:00,2645008,2507_120,-33.81138610839844,151.1995086669922,181.0,40.7,236,3.93,True
2026-10-10T20:15:00+11:00,2672501,2507_267,-33.84017562866211,151.18165588378906,97.0,21.6,12,0.2,True
2026-10-10T20:15:00+11:00,2738298,2507_533,-33.806331634521484,151.1757049560547,244.0,40.3,-55,-0.92,True
2026-10-10T20:15:00+11:00,2322534,2507_506,-33.874141693115234,151.21511840820312,102.0,32.8,3,0.05,True
2026-10-10T20:15:00+11:00,2644806,2507_52,-33.87278747558594,151.2063446044922,95.0,0.0,181,3.02,True
2026-10-10T20:15:00+11:00,2744689,2507_292,-33.86477279663086,151.20318603515625,175.0,0.0,-157,-2.62,False
2026-10-10T20:15:00+11:00,2322582,2507_506,-33.86565399169922,151.17233276367188,310.0,0.0,122,2.03,True
2026-10-10T20:15:00+11:00,2643824,2507_501,-33.82181167602539,151.12094116210938,132.0,61.2,-57,-0.95,True
2026-10-10T20:15:00+11:00,2738297,2507_533,-33.804988861083984,151.1581573486328,279.0,37.8,1365,22.75,False
2026-10-10T20:15:00+11:00,2407663,2507_252,-33.83304214477539,151.20457458496094,159.0,29.9,-172,-2.87,False
2026-10-10T20:15:00+11:00,2644732,2507_120,-33.83314514160156,151.21168518066406,25.0,63.4,86,1.43,True
2026-10-10T20:15:00+11:00,2644503,2507_52,-33.824222564697266,151.1244659423828,306.0,49.0,238,3.97,True
2026-10-10T20:15:00+11:00,2644214,2507_120,-33.86845016479492,151.2060089111328,173.0,0.0,100,1.67,True
2026-10-10T20:15:00+11:00,2744548,2507_292,-33.82433319091797,151.21017456054688,294.0,69.5,290,4.83,True
2026-10-10T20:15:00+11:00,2672473,2507_115,-33.796348571777344,151.18113708496094,3.0,0.0,14,0.23,True
2026-10-10T20:15:00+11:00,2357169,2509_373,-33.9198112487793,151.25718688964844,190.0,0.0,33,0.55,True
2026-10-10T20:15:00+11:00,2675076,2509_309,-33.89631271362305,151.19921875,165.0,7.9,90,1.5,True
2026-10-10T20:15:00+11:00,2352748,2509_356,-33.89112854003906,151.24859619140625,270.0,23.0,0,0.0,True
2026-10-10T20:15:00+11:00,2352681,2509_307,-33.92539978027344,151.19522094726562,99.0,0.0,261,4.35,True
2026-10-10T20:15:00+11:00,2346421,2509_390X,-33.953346252441406,151.24179077148438,349.0,0.0,242,4.03,True
2026-10-10T20:15:00+11:00,2534289,2509_313,-33.893001556396484,151.2496337890625,189.0,0.0,24,0.4,True
2026-10-10T20:15:00+11:00,2356836,2509_311,-33.871829986572266,151.22744750976562,295.0,19.4,484,8.07,False
2026-10-10T20:15:00+11:00,2531787,2509_352,-33.88343048095703,151.2144012451172,190.0,0.0,337,5.62,True
2026-10-10T20:15:00+11:00,2531371,2509_325,-33.85594177246094,151.20706176757812,225.0,0.0,21,0.35,True
2026-10-10T20:15:00+11:00,2396536,2509_392,-33.8967170715332,151.20126342773438,281.0,14.8,144,2.4,True
2026-10-10T20:15:00+11:00,2740329,2509_379,-33.90058135986328,151.253662109375,334.0,0.0,74,1.23,True
2026-10-10T20:15:00+11:00,2531773,2509_333,-33.862548828125,151.21116638183594,5.0,0.0,0,0.0,True
2026-10-10T20:15:00+11:00,2740334,2509_370,-33.90959930419922,151.22079467773438,93.0,24.5,266,4.43,True
2026-10-10T20:15:00+11:00,2533288,2509_333,-33.89432907104492,151.273193359375,170.0,0.4,191,3.18,True
2026-10-10T20:15:00+11:00,2531736,2509_324,-33.87290954589844,151.26312255859375,252.0,31.0,133,2.22,True
2026-10-10T20:15:00+11:00,2435044,2509_390X,-33.89113998413086,151.2488250732422,277.0,0.0,0,0.0,True
2026-10-10T20:15:00+11:00,2434951,2509_390X,-33.89987564086914,151.25326538085938,134.0,0.0,105,1.75,True
2026-10-10T20:15:00+11:00,2740468,2509_370,-33.90708923339844,151.1818084716797,122.0,14.8,102,1.7,True
2026-10-10T20:15:00+11:00,2532306,2509_333,-33.8809700012207,151.21754455566406,300.0,1.8,269,4.48,True
2026-10-10T20:15:00+11:00,2403147,2509_311,-33.85853958129883,151.2047882080078,281.0,0.0,0,0.0,True
2026-10-10T20:15:00+11:00,2575743,2509_374,-33.90864944458008,151.23533630371094,278.0,0.0,149,2.48,True
2026-10-10T20:15:00+11:00,2740299,2509_379,-33.88808822631836,151.26292419433594,99.0,46.8,41,0.68,True
2026-10-10T20:15:00+11:00,2357473,2509_373,-33.90200424194336,151.22377014160156,316.0,42.5,133,2.22,True
2026-10-10T20:15:00+11:00,2531679,2509_333,-33.86553955078125,151.2125701904297,186.0,0.0,168,2.8,True
2026-10-10T20:15:00+11:00,2533614,2509_350,-33.92930221557617,151.1948699951172,191.0,4.7,82,1.37,True
2026-10-10T20:15:00+11:00,2139438,2509_375,-33.925132751464844,151.2475128173828,100.0,15.1,846,14.1,False
2026-10-10T20:15:00+11:00,2740365,2509_379,-33.88246536254883,151.27658081054688,9.0,31.0,131,2.18,True
2026-10-10T20:15:00+11:00,2139306,2509_306,-33.906517028808594,151.2028350830078,5.0,0.4,98,1.63,True
2026-10-10T20:15:00+11:00,2136899,2509_396,-33.94197463989258,151.24136352539062,281.0,1.8,160,2.67,True
2026-10-10T20:15:00+11:00,2346369,2509_390X,-33.91539764404297,151.2402801513672,70.0,0.0,404,6.73,False
2026-10-10T20:15:00+11:00,2119452,2509_324,-33.87251281738281,151.2064971923828,171.0,0.0,175,2.92,True
2026-10-10T20:15:00+11:00,2532713,2509_352,-33.90364074707031,151.1772918701172,248.0,36.4,449,7.48,False
2026-10-10T20:15:00+11:00,2532238,2509_333,-33.891075134277344,151.25381469726562,77.0,18.0,539,8.98,False
2026-10-10T20:15:00+11:00,2470747,2509_356,-33.942562103271484,151.24664306640625,100.0,40.3,110,1.83,True
2026-10-10T20:15:00+11:00,2403223,2509_311,-33.86840057373047,151.2227020263672,28.0,38.2,564,9.4,False
2026-10-10T20:15:00+11:00,2534074,2509_352,-33.89094543457031,151.24903869628906,279.0,0.4,0,0.0,True
2026-10-10T20:15:00+11:00,2403197,2509_311,-33.878082275390625,151.20932006835938,193.0,0.0,779,12.98,False
2026-10-10T20:15:00+11:00,2533209,2509_333,-33.89129638671875,151.2478790283203,98.0,0.0,65,1.08,True
2026-10-10T20:15:00+11:00,2137504,2509_396,-33.902305603027344,151.22296142578125,338.0,54.7,27,0.45,True
2026-10-10T20:15:00+11:00,2356717,2509_373,-33.92155456542969,151.25668334960938,5.0,29.9,-310,-5.17,False
2026-10-10T20:15:00+11:00,2564439,2509_387,-33.88698196411133,151.25892639160156,17.0,16.6,128,2.13,True
2026-10-10T20:15:00+11:00,2138624,2509_396,-33.943458557128906,151.25616455078125,141.0,35.3,287,4.78,True
2026-10-10T20:15:00+11:00,2356361,2509_370,-33.9152717590332,151.22857666015625,276.0,1.1,219,3.65,True
2026-10-10T20:15:00+11:00,2357120,2509_370,-33.87419509887695,151.18260192871094,326.0,42.5,-198,-3.3,False
2026-10-10T20:15:00+11:00,2532266,2509_350,-33.94078063964844,151.233642578125,280.0,41.0,773,12.88,False
2026-10-10T20:15:00+11:00,2488420,2509_392,-33.90901184082031,151.2026824951172,16.0,34.9,847,14.12,False
2026-10-10T20:15:00+11:00,2356639,2509_370,-33.90319061279297,151.2019500732422,338.0,32.0,106,1.77,True
2026-10-10T20:15:00+11:00,2356385,2509_339,-33.902950286865234,151.2389678955078,241.0,35.3,175,2.92,True
2026-10-10T20:15:00+11:00,2531802,2509_380,-33.88331985473633,151.2825164794922,355.0,34.9,350,5.83,True
2026-10-10T20:15:00+11:00,2357125,2509_343,-33.87702941894531,151.20944213867188,7.0,6.5,5,0.08,True
2026-10-10T20:15:00+11:00,2628610,2509_304,-33.90671157836914,151.20799255371094,232.0,9.4,593,9.88,False
2026-10-10T20:15:00+11:00,2667426,2509_326,-33.872886657714844,151.2484893798828,276.0,0.0,179,2.98,True
2026-10-10T20:15:00+11:00,2531153,2509_381,-33.892578125,151.24972534179688,10.0,28.1,0,0.0,True
2026-10-10T20:15:00+11:00,2532043,2509_324,-33.879737854003906,151.23651123046875,335.0,15.5,-665,-11.08,False
2026-10-10T20:15:00+11:00,2532043_2,2509_324,-33.87327575683594,151.20960998535156,95.0,7.2,196,3.27,True
2026-10-10T20:15:00+11:00,2532491,2509_333,-33.88108444213867,151.21804809570312,301.0,27.0,2,0.03,True
2026-10-10T20:15:00+11:00,2531388,2509_360,-33.896114349365234,151.25140380859375,280.0,0.0,-204,-3.4,False
2026-10-10T20:15:00+11:00,2357392,2509_373,-33.91905212402344,151.24232482910156,348.0,36.7,220,3.67,True
2026-10-10T20:15:00+11:00,2534121,2509_333,-33.88585662841797,151.2178192138672,169.0,56.2,0,0.0,True
2026-10-10T20:15:00+11:00,2534049,2509_333,-33.874446868896484,151.2097625732422,6.0,31.7,76,1.27,True
2026-10-10T20:15:00+11:00,2628647,2509_304,-33.878204345703125,151.2093048095703,191.0,0.0,592,9.87,False
2026-10-10T20:15:00+11:00,2532297,2509_352,-33.887725830078125,151.19293212890625,46.0,0.0,230,3.83,True
2026-10-10T20:15:00+11:00,2531502,2509_360,-33.89353561401367,151.24945068359375,187.0,7.2,193,3.22,True
2026-10-10T20:15:00+11:00,2352267,2509_392,-33.89672088623047,151.21139526367188,99.0,36.0,47,0.78,True
2026-10-10T20:15:00+11:00,2140201,2509_375,-33.91666793823242,151.24119567871094,160.0,5.4,-195,-3.25,False
2026-10-10T20:15:00+11:00,2355934,2509_343,-33.90511703491211,151.20596313476562,327.0,19.4,294,4.9,True
2026-10-10T20:15:00+11:00,2357071,2509_339,-33.890254974365234,151.2210693359375,163.0,44.6,288,4.8,True
2026-10-10T20:15:00+11:00,2138749,2509_396,-33.866458892822266,151.2107696533203,200.0,21.2,200,3.33,True
2026-10-10T20:15:00+11:00,2740489,2509_370,-33.91675567626953,151.24110412597656,161.0,0.7,243,4.05,True
2026-10-10T20:15:00+11:00,2532271,2509_380,-33.856563568115234,151.28318786621094,210.0,34.2,126,2.1,True
2026-10-10T20:15:00+11:00,2357037,2509_370,-33.919925689697266,151.25711059570312,188.0,0.0,0,0.0,True
2026-10-10T20:15:00+11:00,2138158,2509_306,-33.92717361450195,151.20611572265625,184.0,11.9,187,3.12,True
2026-10-10T20:15:00+11:00,2352781,2509_356,-33.94261169433594,151.2473602294922,187.0,10.4,307,5.12,True
2026-10-10T20:15:00+11:00,2396553,2509_392,-33.90090560913086,151.2095184326172,40.0,0.0,35,0.58,True
2026-10-10T20:15:00+11:00,2740322,2509_379,-33.888343811035156,151.28338623046875,338.0,40.3,-1,-0.02,True
2026-10-10T20:15:00+11:00,2532469,2509_324,-33.84688186645508,151.28541564941406,285.0,39.6,367,6.12,False
2026-10-10T20:15:00+11:00,2434428,2509_390X,-33.92513656616211,151.2294158935547,128.0,0.0,152,2.53,True
2026-10-10T20:15:00+11:00,2740537,2509_379,-33.887908935546875,151.2714385986328,219.0,17.6,63,1.05,True
2026-10-10T20:15:00+11:00,2356049,2509_374,-33.908470153808594,151.2342529296875,124.0,18.4,117,1.95,True
2026-10-10T20:15:00+11:00,2532849,2509_325,-33.87557601928711,151.22186279296875,201.0,0.0,398,6.63,False
2026-10-10T20:15:00+11:00,2532222,2509_350,-33.94738006591797,151.25027465820312,285.0,47.5,-48,-0.8,True
2026-10-10T20:15:00+11:00,2534425,2509_333,-33.87800979614258,151.21368408203125,134.0,0.7,388,6.47,False
2026-10-10T20:15:00+11:00,2137288,2509_396,-33.91311264038086,151.22474670410156,138.0,20.2,765,12.75,False
2026-10-10T20:15:00+11:00,2533425,2509_387,-33.8882942199707,151.25814819335938,226.0,46.4,-76,-1.27,False
2026-10-10T20:15:00+11:00,2533716,2509_350,-33.940635681152344,151.23178100585938,279.0,40.3,120,2.0,True
2026-10-10T20:15:00+11:00,2355957,2509_343,-33.8807373046875,151.20883178710938,188.0,30.2,342,5.7,True
2026-10-10T20:15:00+11:00,2357269,2509_343,-33.870361328125,151.21035766601562,5.0,27.7,408,6.8,False
2026-10-10T20:15:00+11:00,2533850,2509_313,-33.9222412109375,151.25653076171875,190.0,30.2,62,1.03,True
2026-10-10T20:15:00+11:00,2534712,2509_333,-33.88640594482422,151.22926330566406,311.0,31.7,-76,-1.27,False
2026-10-10T20:15:00+11:00,2400439,2509_309,-33.9372444152832,151.19448852539062,359.0,43.6,70,1.17,True
2026-10-10T20:15:00+11:00,2532631,2509_333,-33.89482879638672,151.27322387695312,359.0,34.9,647,10.78,False
2026-10-10T20:15:00+11:00,2628674,2509_304,-33.879886627197266,151.2112274169922,126.0,20.9,1083,18.05,False
2026-10-10T20:15:00+11:00,2139607,2509_375,-33.94492721557617,151.2263641357422,191.0,0.0,643,10.72,False
2026-10-10T20:15:00+11:00,2356235,2509_339,-33.914337158203125,151.266357421875,133.0,0.0,0,0.0,True
2026-10-10T20:15:00+11:00,2139541,2509_396,-33.8615837097168,151.21139526367188,75.0,10.8,0,0.0,True
2026-10-10T20:15:00+11:00,2532917,2509_350,-33.93317413330078,151.1815643310547,97.0,31.0,-119,-1.98,False
2026-10-10T20:15:00+11:00,2534107,2509_333,-33.86275100708008,151.2111358642578,6.0,0.0,0,0.0,True
2026-10-10T20:15:00+11:00,2356330,2509_373,-33.900150299072266,151.2228546142578,176.0,42.1,383,6.38,False
2026-10-10T20:15:00+11:00,2488367,2509_392,-33.90343475341797,151.2083282470703,108.0,20.2,435,7.25,False
2026-10-10T20:15:00+11:00,2357612,2509_343,-33.89252853393555,151.20751953125,186.0,10.1,647,10.78,False
2026-10-10T20:15:00+11:00,2357373,2509_370,-33.90547180175781,151.18894958496094,218.0,30.6,329,5.48,True
2026-10-10T20:15:00+11:00,2740287,2509_370,-33.90092086791992,151.1932830810547,39.0,0.4,387,6.45,False
2026-10-10T20:15:00+11:00,2532108,2509_333,-33.89405059814453,151.2648162841797,100.0,26.3,0,0.0,True
2026-10-10T20:15:00+11:00,2628803,2509_304,-33.865325927734375,151.2126007080078,186.0,0.0,308,5.13,True
2026-10-10T20:15:00+11:00,2548817,2509_328,-33.87899398803711,151.2373046875,103.0,0.0,174,2.9,True
2026-10-10T20:15:00+11:00,2533146,2509_333,-33.892051696777344,151.2501678466797,260.0,0.0,92,1.53,True
2026-10-10T20:15:00+11:00,2352666,2509_392,-33.94522476196289,151.22625732421875,186.0,0.0,-41,-0.68,True
2026-10-10T20:15:00+11:00,2356898,2509_373,-33.881744384765625,151.2171630859375,351.0,36.4,324,5.4,True
2026-10-10T20:15:00+11:00,2740533,2509_370,-33.88800048828125,151.19305419921875,228.0,33.8,229,3.82,True
2026-10-10T20:15:00+11:00,2346422,2509_390X,-33.91563034057617,151.23138427734375,100.0,46.8,-1,-0.02,True
2026-10-10T20:15:00+11:00,2531608,2509_380,-33.89459228515625,151.26832580566406,281.0,14.0,284,4.73,True
2026-10-10T20:15:00+11:00,2434463,2509_390X,-33.94920349121094,151.24134826660156,169.0,55.8,360,6.0,False
2026-10-10T20:15:00+11:00,2628659,2509_304,-33.885440826416016,151.21388244628906,8.0,0.0,1573,26.22,False
2026-10-10T20:15:00+11:00,2628676,2509_304,-33.89921951293945,151.21217346191406,276.0,0.0,803,13.38,False
2026-10-10T20:15:00+11:00,2531398,2509_350,-33.93988037109375,151.2149658203125,144.0,0.0,393,6.55,False
2026-10-10T20:15:00+11:00,2355930,2509_370,-33.89362335205078,151.18331909179688,43.0,0.0,243,4.05,True
2026-10-10T20:15:00+11:00,2628785,2509_304,-33.885189056396484,151.2139434814453,8.0,0.0,963,16.05,False
2026-10-10T20:15:00+11:00,2533219,2509_350,-33.93348693847656,151.17845153808594,292.0,19.1,-401,-6.68,False
2026-10-10T20:15:00+11:00,2740324,2509_379,-33.89201354980469,151.25039672851562,259.0,0.0,294,4.9,True
2026-10-10T20:15:00+11:00,2532800,2509_350,-33.94247055053711,151.2626190185547,35.0,22.3,111,1.85,True
2026-10-10T20:15:00+11:00,2357597,2509_343,-33.89292907714844,151.20742797851562,191.0,8.3,1150,19.17,False
2026-10-10T20:15:00+11:00,2674998,2509_309,-33.95502471923828,151.20523071289062,161.0,14.8,180,3.0,True
2026-10-10T20:15:00+11:00,2140238,2509_396,-33.917911529541016,151.226318359375,169.0,0.0,154,2.57,True
2026-10-10T20:15:00+11:00,2357010,2509_374,-33.88226318359375,151.20712280273438,123.0,12.2,0,0.0,True
2026-10-10T20:15:00+11:00,2434663,2509_390X,-33.91504669189453,151.22584533691406,279.0,8.3,-85,-1.42,False
2026-10-10T20:15:00+11:00,2335448,2509_309,-33.90814971923828,151.20278930664062,359.0,0.0,3,0.05,True
2026-10-10T20:15:00+11:00,2138338,2509_396,-33.87575149536133,151.2095947265625,5.0,34.6,553,9.22,False
2026-10-10T20:15:00+11:00,2396588,2509_392,-33.92040252685547,151.2264862060547,352.0,23.8,113,1.88,True
2026-10-10T20:15:00+11:00,2533556,2509_325,-33.87894821166992,151.2412872314453,100.0,39.6,428,7.13,False
2026-10-10T20:15:00+11:00,2531461,2509_350,-33.91310119628906,151.25848388671875,190.0,39.2,134,2.23,True
2026-10-10T20:15:00+11:00,2356605,2509_373,-33.89564514160156,151.221923828125,172.0,0.0,-103,-1.72,False
2026-10-10T20:15:00+11:00,2139304,2509_396,-33.875732421875,151.20960998535156,6.0,34.2,-40,-0.67,True
2026-10-10T20:15:00+11:00,2675167,2509_309,-33.9214973449707,151.1964111328125,216.0,29.5,246,4.1,True
2026-10-10T20:15:00+11:00,2533911,2509_333,-33.89117431640625,151.2743377685547,222.0,0.0,-145,-2.42,False
2026-10-10T20:15:00+11:00,2747981,700011_27T4,-33.886741638183594,151.20669555664062,6.0,0.4,,,
2026-10-10T20:15:00+11:00,2748029,700011_27T4,-33.937103271484375,151.19696044921875,65.0,71.6,160,2.67,True
2026-10-10T20:15:00+11:00,2722591,700012_36SC,-33.90171813964844,151.1924591064453,217.0,11.2,474,7.9,False
2026-10-10T20:15:00+11:00,2748519,700012_43SC,-33.90074157714844,151.21517944335938,191.0,21.2,0,0.0,True
2026-10-10T20:15:00+11:00,2722523,700012_49SC,-33.885292053222656,151.20321655273438,241.0,1.4,-1626,-27.1,False
