timestamp,trip_id,route_id,lat,lon,bearing,speed_kmh,delay_sec,delay_min,on_time
2026-10-09T11:44:42+11:00,2287949,2459_433,-33.85810470581055,151.18325805664062,292.0,0.0,0,0.0,True
2026-10-09T11:44:42+11:00,2036758,2459_440,-33.88490676879883,151.22543334960938,103.0,22.7,-172,-2.87,False
2026-10-09T11:44:42+11:00,1961266,2459_412,-33.90888595581055,151.15234375,34.0,0.0,241,4.02,True
2026-10-09T11:44:42+11:00,2285484,2459_433,-33.88429260253906,151.20045471191406,268.0,16.6,14,0.23,True
2026-10-09T11:44:42+11:00,2685969,2459_423,-33.885066986083984,151.19456481933594,201.0,0.0,153,2.55,True
2026-10-09T11:44:42+11:00,2736628,2459_445,-33.889713287353516,151.15663146972656,186.0,17.3,6,0.1,True
2026-10-09T11:44:42+11:00,2596223,2459_490,-33.88056945800781,151.10574340820312,99.0,36.7,771,12.85,False
2026-10-09T11:44:42+11:00,2438304,7084_SW2,-33.91438293457031,151.16552734375,31.0,0.0,-498,-8.3,False
2026-10-09T11:44:42+11:00,2374938,2508_144,-33.83071517944336,151.22520446777344,64.0,4.7,187,3.12,True
2026-10-09T11:44:42+11:00,2383242,2508_100,-33.829036712646484,151.228271484375,46.0,32.0,154,2.57,True
2026-10-09T11:44:42+11:00,2428398,2508_238,-33.84229278564453,151.2436981201172,297.0,5.0,207,3.45,True
2026-10-09T11:44:42+11:00,2208357,2459_464,-33.88842010498047,151.11813354492188,92.0,0.0,-22,-0.37,True
2026-10-09T11:44:42+11:00,2570030,7083_SW1,-33.91134262084961,151.15553283691406,42.0,1.8,734,12.23,False
2026-10-09T11:44:42+11:00,2284171,2459_442,-33.857017517089844,151.17991638183594,296.0,16.6,-24,-0.4,True
2026-10-09T11:44:42+11:00,2285836,2459_461X,-33.8817253112793,151.20611572265625,302.0,0.0,1003,16.72,False
2026-10-09T11:44:42+11:00,2286237,2459_470,-33.87446212768555,151.1647491455078,334.0,0.0,59,0.98,True
2026-10-09T11:44:42+11:00,2288963,2459_348,-33.91144561767578,151.22341918945312,168.0,4.3,100,1.67,True
2026-10-09T11:44:42+11:00,2283837,2459_423,-33.91071319580078,151.15628051757812,43.0,7.2,51,0.85,True
2026-10-09T11:44:42+11:00,2590056,2508_280,-33.7967414855957,151.18099975585938,176.0,4.7,0,0.0,True
2026-10-09T11:44:42+11:00,2290236,2459_438X,-33.877845764160156,151.20933532714844,186.0,14.0,276,4.6,True
2026-10-09T11:44:42+11:00,2736871,2459_428,-33.89281463623047,151.18577575683594,250.0,10.4,238,3.97,True
2026-10-09T11:44:42+11:00,2714649,2508_144,-33.81576919555664,151.17819213867188,340.0,23.4,343,5.72,True
2026-10-09T11:44:42+11:00,2284553,2459_433,-33.87825393676758,151.18357849121094,54.0,23.0,550,9.17,False
2026-10-09T11:44:42+11:00,2596307,2459_490,-33.86847686767578,151.13299560546875,239.0,38.2,114,1.9,True
2026-10-09T11:44:42+11:00,2349671,2459_418,-33.88657760620117,151.1088104248047,83.0,51.8,341,5.68,True
2026-10-09T11:44:42+11:00,2286401,2459_433,-33.865264892578125,151.17196655273438,137.0,0.0,522,8.7,False
2026-10-09T11:44:42+11:00,2374833,2508_144,-33.81657028198242,151.17893981933594,138.0,43.2,103,1.72,True
2026-10-09T11:44:42+11:00,2388828,2508_173X,-33.792518615722656,151.26531982421875,189.0,9.7,278,4.63,True
2026-10-09T11:44:42+11:00,1963814,2459_412,-33.878173828125,151.2079620361328,280.0,0.0,-32,-0.53,True
2026-10-09T11:44:42+11:00,2288124,2459_437,-33.864803314208984,151.1368865966797,200.0,23.4,-18,-0.3,True
2026-10-09T11:44:42+11:00,2288010,2459_470,-33.884464263916016,151.19906616210938,265.0,3.6,-71,-1.18,False
2026-10-09T11:44:42+11:00,2286863,2459_438X,-33.88414764404297,151.14402770996094,88.0,0.0,548,9.13,False
2026-10-09T11:44:42+11:00,2290366,2459_431,-33.8802375793457,151.18740844726562,148.0,28.4,89,1.48,True
2026-10-09T11:44:42+11:00,2677592,2503_M90,-33.87500762939453,151.10752868652344,9.0,0.0,0,0.0,True
2026-10-09T11:44:42+11:00,2284471,2459_433,-33.88032913208008,151.20681762695312,194.0,0.0,0,0.0,True
2026-10-09T11:44:42+11:00,2428548,2508_238,-33.844425201416016,151.24452209472656,188.0,0.0,0,0.0,True
2026-10-09T11:44:42+11:00,2290210,2459_438X,-33.868263244628906,151.2105255126953,3.0,29.5,61,1.02,True
2026-10-09T11:44:42+11:00,2677032,2503_M90,-33.8739128112793,151.1047821044922,280.0,0.0,160,2.67,True
2026-10-09T11:44:42+11:00,2209158,2459_440,-33.88771057128906,151.23097229003906,314.0,0.0,-70,-1.17,False
2026-10-09T11:44:42+11:00,2375862,2508_144,-33.79633331298828,151.18048095703125,172.0,0.0,0,0.0,True
2026-10-09T11:44:42+11:00,2383265,2508_100,-33.84202194213867,151.2438201904297,181.0,0.0,251,4.18,True
2026-10-09T11:44:42+11:00,2736886,2459_308,-33.89638900756836,151.19918823242188,164.0,7.2,99,1.65,True
2026-10-09T11:44:42+11:00,2376016,2508_B1,-33.824119567871094,151.24172973632812,232.0,0.0,117,1.95,True
2026-10-09T11:44:42+11:00,2714673,2508_144,-33.824520111083984,151.2374725341797,271.0,25.2,439,7.32,False
2026-10-09T11:44:42+11:00,2374439,2508_144,-33.79405212402344,151.25955200195312,70.0,0.7,854,14.23,False
2026-10-09T11:44:42+11:00,2608997,2459_430,-33.88418197631836,151.19627380371094,84.0,0.0,72,1.2,True
2026-10-09T11:44:42+11:00,2208180,2459_464,-33.87668228149414,151.10382080078125,9.0,18.4,412,6.87,False
2026-10-09T11:44:42+11:00,2374921,2508_144,-33.8240966796875,151.24136352539062,47.0,0.0,442,7.37,False
2026-10-09T11:44:42+11:00,2596229,2459_492,-33.882205963134766,151.10665893554688,277.0,0.0,425,7.08,False
2026-10-09T11:44:42+11:00,1961374,2459_412,-33.884342193603516,151.19606018066406,92.0,0.0,193,3.22,True
2026-10-09T11:44:42+11:00,2720939,2514_556,-33.78434371948242,151.1768035888672,313.0,37.4,18,0.3,True
2026-10-09T11:44:42+11:00,2374204,2508_172X,-33.85771942138672,151.20736694335938,208.0,66.6,259,4.32,True
2026-10-09T11:44:42+11:00,2685979,2459_423,-33.91563415527344,151.15037536621094,232.0,3.6,467,7.78,False
2026-10-09T11:44:42+11:00,2349493,2459_418,-33.90479278564453,151.13833618164062,66.0,9.4,404,6.73,False
2026-10-09T11:44:42+11:00,2725773,7083_SW1,-33.90907669067383,151.13107299804688,313.0,20.5,-46,-0.77,True
2026-10-09T11:44:42+11:00,2570077,7083_SW1,-33.917076110839844,151.14468383789062,130.0,29.9,-11,-0.18,True
2026-10-09T11:44:42+11:00,2686003,2459_423,-33.88754653930664,151.1932373046875,221.0,13.3,699,11.65,False
2026-10-09T11:44:42+11:00,1870764,2459_412,-33.88484573364258,151.1853485107422,81.0,25.2,-370,-6.17,False
2026-10-09T11:44:42+11:00,2720924,2514_283,-33.779685974121094,151.1953582763672,337.0,2.5,290,4.83,True
2026-10-09T11:44:42+11:00,2383201,2508_100,-33.837127685546875,151.24591064453125,225.0,25.2,291,4.85,True
2026-10-09T11:44:42+11:00,2209667,2459_415,-33.86427688598633,151.13038635253906,360.0,0.0,-241,-4.02,False
2026-10-09T11:44:42+11:00,1962701,2459_413,-33.88508605957031,151.18421936035156,77.0,13.7,-77,-1.28,False
2026-10-09T11:44:42+11:00,2039021,2459_470,-33.88397979736328,151.19049072265625,70.0,0.0,62,1.03,True
2026-10-09T11:44:42+11:00,2285728,2459_423,-33.90358352661133,151.16868591308594,29.0,0.4,227,3.78,True
2026-10-09T11:44:42+11:00,2668052,2459_420,-33.87641143798828,151.1038818359375,9.0,29.2,660,11.0,False
2026-10-09T11:44:42+11:00,2287147,2459_428,-33.9114990234375,151.11874389648438,141.0,0.0,43,0.72,True
2026-10-09T11:44:42+11:00,2284302,2459_441,-33.86673355102539,151.2187042236328,217.0,24.1,-171,-2.85,False
2026-10-09T11:44:42+11:00,2514704,2459_410,-33.88290786743164,151.10264587402344,16.0,18.0,215,3.58,True
2026-10-09T11:44:42+11:00,2635994,2459_504,-33.85330581665039,151.15660095214844,322.0,40.3,-25,-0.42,True
2026-10-09T11:44:42+11:00,2371480,7083_SW3,-33.90331268310547,151.1551055908203,141.0,37.1,-294,-4.9,False
2026-10-09T11:44:42+11:00,2287041,2459_438X,-33.888023376464844,151.16700744628906,263.0,0.0,-173,-2.88,False
2026-10-09T11:44:42+11:00,2286708,2459_426,-33.90439987182617,151.168212890625,204.0,37.1,162,2.7,True
2026-10-09T11:44:42+11:00,1963813,2459_412,-33.894325256347656,151.15521240234375,239.0,0.0,-84,-1.4,False
2026-10-09T11:44:42+11:00,2284664,2459_461X,-33.87696838378906,151.1014404296875,95.0,0.0,32,0.53,True
2026-10-09T11:44:42+11:00,2388846,2508_173X,-33.85215759277344,151.21083068847656,208.0,65.2,-287,-4.78,False
2026-10-09T11:44:42+11:00,2720353,2514_194,-33.8190803527832,151.21124267578125,39.0,49.7,218,3.63,True
2026-10-09T11:44:42+11:00,2553993,2459_358,-33.924129486083984,151.18505859375,278.0,0.0,510,8.5,False
2026-10-09T11:44:42+11:00,2287214,2459_431,-33.88225555419922,151.20509338378906,226.0,41.0,-118,-1.97,False
2026-10-09T11:44:42+11:00,2618633,2459_422,-33.880035400390625,151.20852661132812,185.0,0.0,2,0.03,True
2026-10-09T11:44:42+11:00,2632144,2510_301,-33.926170349121094,151.20628356933594,190.0,18.4,159,2.65,True
2026-10-09T11:44:42+11:00,2383269,2508_100,-33.83442687988281,151.2469482421875,339.0,35.6,124,2.07,True
2026-10-09T11:44:42+11:00,2618627,2459_422,-33.89631271362305,151.180419921875,237.0,0.7,-101,-1.68,False
2026-10-09T11:44:42+11:00,2290445,2459_461X,-33.87091827392578,151.1182403564453,276.0,4.3,123,2.05,True
2026-10-09T11:44:42+11:00,2286119,2459_433,-33.877593994140625,151.18463134765625,237.0,23.8,170,2.83,True
2026-10-09T11:44:42+11:00,2287237,2459_422,-33.89794158935547,151.17843627929688,22.0,12.2,-48,-0.8,True
2026-10-09T11:44:42+11:00,2714687,2508_114,-33.83131408691406,151.22402954101562,246.0,11.2,165,2.75,True
2026-10-09T11:44:42+11:00,2208459,2459_464,-33.874000549316406,151.10440063476562,185.0,29.9,512,8.53,False
2026-10-09T11:44:42+11:00,2290848,2459_470,-33.864986419677734,151.2098388671875,224.0,0.0,0,0.0,True
2026-10-09T11:44:42+11:00,2285810,2459_438X,-33.85130310058594,151.12879943847656,337.0,33.5,-332,-5.53,False
2026-10-09T11:44:42+11:00,2383247,2508_100,-33.866458892822266,151.2057647705078,186.0,0.0,-72,-1.2,False
2026-10-09T11:44:42+11:00,2719555,2514_194,-33.81087112426758,151.2107391357422,104.0,22.7,455,7.58,False
2026-10-09T11:44:42+11:00,2375252,2508_144,-33.825897216796875,151.19923400878906,141.0,0.7,220,3.67,True
2026-10-09T11:44:42+11:00,2736627,2459_445,-33.86857604980469,151.1637420654297,222.0,35.6,152,2.53,True
2026-10-09T11:44:42+11:00,2286379,2459_423,-33.923622131347656,151.14198303222656,69.0,0.0,-68,-1.13,False
2026-10-09T11:44:42+11:00,2475321,2459_389,-33.865875244140625,151.19204711914062,227.0,0.0,53,0.88,True
2026-10-09T11:44:42+11:00,2288980,2459_428,-33.878238677978516,151.20840454101562,101.0,0.0,-27,-0.45,True
2026-10-09T11:44:42+11:00,2668099,2459_420,-33.88218688964844,151.1027069091797,9.0,10.4,-52,-0.87,True
2026-10-09T11:44:42+11:00,2036759,2459_440,-33.88459014892578,151.19203186035156,82.0,0.0,202,3.37,True
2026-10-09T11:44:42+11:00,2283743,2459_423,-33.89149475097656,151.18814086914062,43.0,16.9,72,1.2,True
2026-10-09T11:44:42+11:00,2286798,2459_442,-33.85730743408203,151.18069458007812,137.0,5.4,55,0.92,True
2026-10-09T11:44:42+11:00,2474973,2459_389,-33.870941162109375,151.2052764892578,83.0,0.0,-41,-0.68,True
2026-10-09T11:44:42+11:00,2660255,2459_320,-33.88795852661133,151.20643615722656,10.0,10.1,-193,-3.22,False
2026-10-09T11:44:42+11:00,2668062,2459_420,-33.875526428222656,151.10414123535156,189.0,34.2,280,4.67,True
2026-10-09T11:44:42+11:00,2284139,2459_461X,-33.88600158691406,151.1798553466797,75.0,36.7,-80,-1.33,False
2026-10-09T11:44:42+11:00,2613637,7084_SW2,-33.93693542480469,151.1525115966797,302.0,0.0,-779,-12.98,False
2026-10-09T11:44:42+11:00,2564267,2459_479,-33.94940948486328,151.16159057617188,136.0,0.0,41,0.68,True
2026-10-09T11:44:42+11:00,2596439,2459_490,-33.86600112915039,151.14239501953125,73.0,35.3,90,1.5,True
2026-10-09T11:44:42+11:00,2287321,2459_303,-33.92207717895508,151.21934509277344,195.0,20.2,190,3.17,True
2026-10-09T11:44:42+11:00,2285356,2459_461X,-33.881229400634766,151.20474243164062,215.0,17.6,-23,-0.38,True
2026-10-09T11:44:42+11:00,2285745,2459_438X,-33.88780212402344,151.17010498046875,265.0,43.2,545,9.08,False
2026-10-09T11:44:42+11:00,2283197,2459_461X,-33.88337326049805,151.203369140625,45.0,11.5,360,6.0,False
2026-10-09T11:44:42+11:00,2484482,2459_483,-33.88357162475586,151.2032928466797,226.0,0.0,74,1.23,True
2026-10-09T11:44:42+11:00,2454758,2508_225,-33.840538024902344,151.22103881835938,6.0,0.0,52,0.87,True
2026-10-09T11:44:42+11:00,2707042,2504_610X,-33.87043762207031,151.2062225341797,176.0,0.0,5,0.08,True
2026-10-09T11:44:42+11:00,2376028,2508_B1,-33.857666015625,151.2073974609375,208.0,67.3,55,0.92,True
2026-10-09T11:44:42+11:00,2596252,2459_491,-33.884403228759766,151.12078857421875,120.0,36.4,101,1.68,True
2026-10-09T11:44:42+11:00,2554244,2459_358,-33.921478271484375,151.18373107910156,281.0,0.0,-103,-1.72,False
2026-10-09T11:44:42+11:00,2514770,2459_410,-33.87685012817383,151.10391235351562,10.0,23.8,931,15.52,False
2026-10-09T11:44:42+11:00,2208134,2459_440,-33.88741683959961,151.17373657226562,261.0,50.4,-55,-0.92,True
2026-10-09T11:44:42+11:00,2289827,2459_348,-33.93059158325195,151.15538024902344,218.0,0.0,112,1.87,True
2026-10-09T11:44:42+11:00,2421243,2508_230,-33.830345153808594,151.2190399169922,295.0,39.2,277,4.62,True
2026-10-09T11:44:42+11:00,2284585,2459_426,-33.88424301147461,151.20115661621094,266.0,48.2,-5,-0.08,True
2026-10-09T11:44:42+11:00,2383279,2508_100,-33.831668853759766,151.22268676757812,267.0,0.7,336,5.6,True
2026-10-09T11:44:42+11:00,2039022,2459_470,-33.88126754760742,151.17034912109375,117.0,8.3,-24,-0.4,True
2026-10-09T11:44:42+11:00,2609054,2459_430,-33.90979766845703,151.1620330810547,34.0,0.0,137,2.28,True
2026-10-09T11:44:42+11:00,2290487,2459_423,-33.878196716308594,151.2082061767578,101.0,10.8,-147,-2.45,False
2026-10-09T11:44:42+11:00,2714689,2508_144,-33.79508972167969,151.27015686035156,271.0,40.3,108,1.8,True
2026-10-09T11:44:42+11:00,2290322,2459_431,-33.868499755859375,151.2104949951172,360.0,18.7,32,0.53,True
2026-10-09T11:44:42+11:00,2209247,2459_440,-33.87766647338867,151.15618896484375,352.0,0.0,158,2.63,True
2026-10-09T11:44:42+11:00,2288533,2459_441,-33.8504524230957,151.18313598632812,221.0,0.0,0,0.0,True
2026-10-09T11:44:42+11:00,2308915,2459_445,-33.88395309448242,151.1499481201172,356.0,0.0,-120,-2.0,False
2026-10-09T11:44:42+11:00,2686026,2459_423,-33.866676330566406,151.2107391357422,186.0,23.8,0,0.0,True
2026-10-09T11:44:42+11:00,2208782,2459_413,-33.89298629760742,151.1502685546875,148.0,13.3,-86,-1.43,False
2026-10-09T11:44:42+11:00,2283459,2459_442,-33.8729362487793,151.20437622070312,247.0,8.3,232,3.87,True
2026-10-09T11:44:42+11:00,2288237,2459_461X,-33.8714485168457,151.12332153320312,104.0,49.3,106,1.77,True
2026-10-09T11:44:42+11:00,2287779,2459_422,-33.92445755004883,151.1610565185547,42.0,0.0,0,0.0,True
2026-10-09T11:44:42+11:00,2475151,2459_389,-33.86984634399414,151.1978759765625,186.0,0.0,0,0.0,True
2026-10-09T11:44:42+11:00,2736732,2459_428,-33.866737365722656,151.21070861816406,186.0,0.0,0,0.0,True
2026-10-09T11:44:42+11:00,2284119,2459_437,-33.8729362487793,151.19448852539062,148.0,58.7,169,2.82,True
2026-10-09T11:44:42+11:00,2415628,2508_B1,-33.85490798950195,151.2091064453125,27.0,68.4,40,0.67,True
2026-10-09T11:44:42+11:00,2376349,2508_144,-33.79642105102539,151.1803741455078,178.0,0.0,0,0.0,True
2026-10-09T11:44:42+11:00,2283706,2459_348,-33.928916931152344,151.15426635742188,102.0,0.0,280,4.67,True
2026-10-09T11:44:42+11:00,2288888,2459_437,-33.88417053222656,151.14974975585938,87.0,0.0,46,0.77,True
2026-10-09T11:44:42+11:00,1940345,2459_412,-33.864990234375,151.2108917236328,221.0,0.0,0,0.0,True
2026-10-09T11:44:42+11:00,2714712,2508_144,-33.83161163330078,151.2223358154297,282.0,32.4,683,11.38,False
2026-10-09T11:44:42+11:00,2287090,2459_389,-33.890995025634766,151.24468994140625,289.0,1.1,122,2.03,True
2026-10-09T11:44:42+11:00,2039020,2459_470,-33.879722595214844,151.20953369140625,12.0,41.0,41,0.68,True
2026-10-09T11:44:42+11:00,2415697,2508_B1,-33.82414245605469,151.24147033691406,52.0,0.0,256,4.27,True
2026-10-09T11:44:42+11:00,2660212,2459_320,-33.89695358276367,151.21295166015625,110.0,1.4,205,3.42,True
2026-10-09T11:44:42+11:00,2286659,2459_426,-33.877464294433594,151.20938110351562,6.0,0.0,47,0.78,True
2026-10-09T11:44:42+11:00,2289166,2459_470,-33.88323974609375,151.1805419921875,236.0,36.7,56,0.93,True
2026-10-09T11:44:42+11:00,2685992,2459_423,-33.86602783203125,151.21107482910156,43.0,35.3,0,0.0,True
2026-10-09T11:44:42+11:00,2287478,2459_428,-33.89678192138672,151.1520233154297,76.0,0.0,192,3.2,True
2026-10-09T11:44:42+11:00,2515009,2459_458,-33.87065505981445,151.10499572753906,190.0,10.4,0,0.0,True
2026-10-09T11:44:42+11:00,2377393,2508_111,-33.83329772949219,151.24996948242188,280.0,0.0,54,0.9,True
2026-10-09T11:44:42+11:00,2287265,2459_438X,-33.84490966796875,151.12852478027344,3.0,0.0,0,0.0,True
2026-10-09T11:44:42+11:00,2392583,2508_114,-33.82501220703125,151.24200439453125,118.0,11.9,44,0.73,True
2026-10-09T11:44:42+11:00,2209122,2459_440,-33.89087677001953,151.24842834472656,97.0,0.0,0,0.0,True
2026-10-09T11:44:42+11:00,2308899,2459_445,-33.89678192138672,151.14849853515625,72.0,28.8,-16,-0.27,True
2026-10-09T11:44:42+11:00,2424374,2508_230,-33.84904479980469,151.2117462158203,350.0,26.6,-40,-0.67,True
2026-10-09T11:44:42+11:00,2636282,2459_504,-33.85184097290039,151.12908935546875,159.0,38.2,39,0.65,True
2026-10-09T11:44:42+11:00,2290923,2459_433,-33.85820388793945,151.18353271484375,294.0,0.0,0,0.0,True
2026-10-09T11:44:42+11:00,2596232,2459_492,-33.8574104309082,151.1449737548828,48.0,6.1,647,10.78,False
2026-10-09T11:44:42+11:00,2660387,2459_320,-33.88606643676758,151.20281982421875,162.0,0.0,0,0.0,True
2026-10-09T11:44:42+11:00,2036760,2459_440,-33.88756561279297,151.1575927734375,172.0,0.0,145,2.42,True
2026-10-09T11:44:42+11:00,2424344,2508_230,-33.82962417602539,151.2177734375,115.0,27.0,148,2.47,True
2026-10-09T11:44:42+11:00,2289579,2459_426,-33.89568328857422,151.18118286132812,44.0,23.4,-25,-0.42,True
2026-10-09T11:44:42+11:00,2596421,2459_491,-33.90241622924805,151.11900329589844,17.0,0.0,944,15.73,False
2026-10-09T11:44:42+11:00,2284094,2459_418,-33.91075897216797,151.15672302246094,297.0,0.0,8,0.13,True
2026-10-09T11:44:42+11:00,2474541,2508_225,-33.84267044067383,151.22738647460938,173.0,27.7,-220,-3.67,False
2026-10-09T11:44:42+11:00,2286112,2459_461X,-33.87246322631836,151.21575927734375,187.0,0.0,0,0.0,True
2026-10-09T11:44:42+11:00,2089188,2508_160X,-33.7956428527832,151.18124389648438,182.0,16.9,158,2.63,True
2026-10-09T11:44:42+11:00,2287957,2459_348,-33.909576416015625,151.22012329101562,274.0,3.2,6,0.1,True
2026-10-09T11:44:42+11:00,2721178,2514_271,-33.8021240234375,151.2115478515625,165.0,0.0,208,3.47,True
2026-10-09T11:44:42+11:00,2474898,2459_389,-33.88241195678711,151.23178100585938,131.0,4.3,125,2.08,True
2026-10-09T11:44:42+11:00,2685958,2459_423,-33.87820816040039,151.20928955078125,186.0,1.8,198,3.3,True
2026-10-09T11:44:42+11:00,2415640,2508_B1,-33.801841735839844,151.24623107910156,6.0,47.5,348,5.8,True
2026-10-09T11:44:42+11:00,2290538,2459_438X,-33.884361267089844,151.1951141357422,85.0,16.9,99,1.65,True
2026-10-09T11:44:42+11:00,2736773,2459_308,-33.89804458618164,151.19528198242188,18.0,0.0,44,0.73,True
2026-10-09T11:44:42+11:00,2736725,2459_428,-33.882476806640625,151.2048797607422,222.0,27.4,-12,-0.2,True
2026-10-09T11:44:42+11:00,2636242,2459_504,-33.87349319458008,151.21261596679688,186.0,0.0,31,0.52,True
2026-10-09T11:44:42+11:00,2209020,2459_464,-33.88783645629883,151.1207733154297,244.0,42.1,92,1.53,True
2026-10-09T11:44:42+11:00,2288630,2459_437,-33.87449264526367,151.1605682373047,347.0,0.0,-84,-1.4,False
2026-10-09T11:44:42+11:00,2392770,2508_114,-33.82425308227539,151.19766235351562,141.0,0.0,-11,-0.18,True
2026-10-09T11:44:42+11:00,2289674,2459_433,-33.85650634765625,151.1727752685547,50.0,20.2,-137,-2.28,False
2026-10-09T11:44:42+11:00,2376899,2508_B1,-33.83168029785156,151.2229766845703,265.0,0.0,-70,-1.17,False
2026-10-09T11:44:42+11:00,2286402,2459_480,-33.88434982299805,151.19573974609375,92.0,2.5,-167,-2.78,False
2026-10-09T11:44:42+11:00,2618184,2508_263,-33.83110809326172,151.22491455078125,245.0,27.0,297,4.95,True
2026-10-09T11:44:42+11:00,2036762,2459_440,-33.883758544921875,151.1568603515625,85.0,38.5,131,2.18,True
2026-10-09T11:44:42+11:00,1912300,2459_483,-33.889312744140625,151.13232421875,64.0,44.6,150,2.5,True
2026-10-09T11:44:42+11:00,2475014,2459_389,-33.89067077636719,151.24359130859375,111.0,11.9,230,3.83,True
2026-10-09T11:44:42+11:00,2736748,2459_428,-33.904781341552734,151.13870239257812,245.0,38.2,-23,-0.38,True
2026-10-09T11:44:42+11:00,2553950,2459_358,-33.924739837646484,151.2325439453125,280.0,37.4,169,2.82,True
2026-10-09T11:44:42+11:00,2484453,2459_483,-33.88811111450195,151.12355041503906,298.0,0.0,303,5.05,True
2026-10-09T11:44:42+11:00,2329281,7083_SW3,-33.91487121582031,151.1648712158203,0.0,0.4,664,11.07,False
2026-10-09T11:44:42+11:00,2704288,2504_610X,-33.86442184448242,151.20555114746094,174.0,39.2,-269,-4.48,False
2026-10-09T11:44:42+11:00,2383317,2508_100,-33.868919372558594,151.20529174804688,355.0,0.0,1,0.02,True
2026-10-09T11:44:42+11:00,2550306,2508_263,-33.827945709228516,151.22506713867188,0.0,19.4,281,4.68,True
2026-10-09T11:44:42+11:00,2287838,2459_438X,-33.88031768798828,151.1387481689453,145.0,28.1,102,1.7,True
2026-10-09T11:44:42+11:00,2089242,2508_160X,-33.78399658203125,151.19064331054688,251.0,47.9,-168,-2.8,False
2026-10-09T11:44:42+11:00,2415658,2508_B1,-33.866676330566406,151.206298828125,10.0,0.0,2,0.03,True
2026-10-09T11:44:42+11:00,2613591,7084_SW2,-33.912452697753906,151.11859130859375,56.0,18.4,-153,-2.55,False
2026-10-09T11:44:42+11:00,2283297,2459_442,-33.862335205078125,151.17642211914062,175.0,31.0,388,6.47,False
2026-10-09T11:44:42+11:00,2685935,2459_423,-33.91427230834961,151.15267944335938,208.0,14.8,-59,-0.98,True
2026-10-09T11:44:42+11:00,2714724,2508_144,-33.819679260253906,151.24386596679688,187.0,6.5,88,1.47,True
2026-10-09T11:44:42+11:00,2668097,2459_420,-33.93675994873047,151.16412353515625,194.0,29.2,134,2.23,True
2026-10-09T11:44:42+11:00,2514955,2459_410,-33.88069152832031,151.10243225097656,192.0,0.0,571,9.52,False
2026-10-09T11:44:42+11:00,2288161,2459_438X,-33.883487701416016,151.20362854003906,47.0,0.0,423,7.05,False
2026-10-09T11:44:42+11:00,2635961,2459_504,-33.872840881347656,151.2046661376953,70.0,0.0,-147,-2.45,False
2026-10-09T11:44:42+11:00,2089834,2508_160X,-33.790260314941406,151.18275451660156,70.0,0.0,207,3.45,True
2026-10-09T11:44:42+11:00,2374634,2508_B1,-33.799808502197266,151.2492218017578,248.0,33.1,181,3.02,True
2026-10-09T11:44:42+11:00,2421487,2508_229,-33.824859619140625,151.24147033691406,298.0,0.0,398,6.63,False
2026-10-09T11:44:42+11:00,2707287,2504_607X,-33.814918518066406,151.20025634765625,154.0,77.8,-250,-4.17,False
2026-10-09T11:44:42+11:00,2438379,7084_SW2,-33.909908294677734,151.1713104248047,0.0,0.0,221,3.68,True
2026-10-09T11:44:42+11:00,2609058,2459_430,-33.89122009277344,151.18873596191406,220.0,28.1,97,1.62,True
2026-10-09T11:44:42+11:00,2736730,2459_445,-33.905460357666016,151.13352966308594,302.0,0.0,0,0.0,True
2026-10-09T11:44:42+11:00,2620044,2459_530,-33.79741287231445,151.17938232421875,248.0,30.2,0,0.0,True
2026-10-09T11:44:42+11:00,2290491,2459_389,-33.879390716552734,151.2215576171875,284.0,0.0,-32,-0.53,True
2026-10-09T11:44:42+11:00,1940344,2459_412,-33.88481903076172,151.1896209716797,272.0,41.8,99,1.65,True
2026-10-09T11:44:42+11:00,2570052,7083_SW1,-33.91109848022461,151.15579223632812,41.0,0.0,248,4.13,True
2026-10-09T11:44:42+11:00,1912299,2459_483,-33.88438034057617,151.1955108642578,87.0,14.8,455,7.58,False
2026-10-09T11:44:42+11:00,2284783,2459_470,-33.87509536743164,151.20968627929688,186.0,32.8,29,0.48,True
2026-10-09T11:44:42+11:00,2475071,2459_389,-33.880767822265625,151.2235107421875,117.0,34.9,-159,-2.65,False
2026-10-09T11:44:42+11:00,2283348,2459_422,-33.883819580078125,151.20248413085938,74.0,40.0,-199,-3.32,False
2026-10-09T11:44:42+11:00,2710657,2504_610X,-33.87118148803711,151.20555114746094,357.0,10.4,171,2.85,True
2026-10-09T11:44:42+11:00,2037362,2459_469,-33.8801155090332,151.17892456054688,109.0,42.8,87,1.45,True
2026-10-09T11:44:42+11:00,2596277,2459_492,-33.8765869140625,151.1181640625,191.0,0.0,326,5.43,True
2026-10-09T11:44:42+11:00,2721377,2514_558,-33.79560089111328,151.18089294433594,88.0,0.0,155,2.58,True
2026-10-09T11:44:42+11:00,2286320,2459_438X,-33.86996078491211,151.21034240722656,182.0,22.3,-61,-1.02,False
2026-10-09T11:44:42+11:00,2383299,2508_100,-33.82918167114258,151.24415588378906,182.0,12.2,121,2.02,True
2026-10-09T11:44:42+11:00,2376487,2508_173X,-33.86512756347656,151.20504760742188,265.0,0.0,288,4.8,True
2026-10-09T11:44:42+11:00,2283131,2459_418,-33.893775939941406,151.127685546875,353.0,2.9,53,0.88,True
2026-10-09T11:44:42+11:00,2706092,2504_607X,-33.87173080444336,151.2064208984375,176.0,0.0,10,0.17,True
2026-10-09T11:44:42+11:00,2736637,2459_445,-33.8580207824707,151.18341064453125,115.0,0.0,0,0.0,True
2026-10-09T11:44:42+11:00,2636299,2459_504,-33.85142135620117,151.1539764404297,52.0,0.0,247,4.12,True
2026-10-09T11:44:42+11:00,2288793,2459_303,-33.924278259277344,151.20770263671875,100.0,22.7,284,4.73,True
2026-10-09T11:44:42+11:00,2319781,7083_SW3,-33.9134521484375,151.1164093017578,265.0,30.2,53,0.88,True
2026-10-09T11:44:42+11:00,2377350,2508_173X,-33.79667282104492,151.25277709960938,10.0,0.0,113,1.88,True
2026-10-09T11:44:42+11:00,2719824,2514_270,-33.80693435668945,151.2050018310547,10.0,43.2,-42,-0.7,True
2026-10-09T11:44:42+11:00,2421245,2508_230,-33.83944320678711,151.2069854736328,187.0,0.0,579,9.65,False
2026-10-09T11:44:42+11:00,2725843,7083_SW1,-33.91128158569336,151.1556396484375,219.0,0.0,38,0.63,True
2026-10-09T11:44:42+11:00,2288642,2459_389,-33.87529373168945,151.2157745361328,283.0,42.1,295,4.92,True
2026-10-09T11:44:42+11:00,2209279,2459_464,-33.8613395690918,151.1053009033203,118.0,48.2,146,2.43,True
2026-10-09T11:44:42+11:00,2613588,7084_SW2,-33.90134811401367,151.1533203125,124.0,0.0,-245,-4.08,False
2026-10-09T11:44:42+11:00,1973451,2508_162,-33.79673767089844,151.26437377929688,285.0,7.6,-87,-1.45,False
2026-10-09T11:44:42+11:00,2719820,2514_565,-33.7903938293457,151.18051147460938,178.0,50.0,64,1.07,True
2026-10-09T11:44:42+11:00,2720313,2514_271,-33.8702278137207,151.20619201660156,175.0,0.0,195,3.25,True
2026-10-09T11:44:42+11:00,2668151,2459_420,-33.92593765258789,151.17881774902344,268.0,70.2,-52,-0.87,True
2026-10-09T11:44:42+11:00,2376879,2508_243,-33.823692321777344,151.24038696289062,187.0,0.0,0,0.0,True
2026-10-09T11:44:42+11:00,2554274,2459_358,-33.9249382019043,151.22756958007812,89.0,0.0,155,2.58,True
2026-10-09T11:44:42+11:00,2619992,2459_530,-33.855613708496094,151.14772033691406,231.0,1.4,113,1.88,True
2026-10-09T11:44:42+11:00,2308837,2459_445,-33.85612106323242,151.17364501953125,68.0,40.0,-256,-4.27,False
2026-10-09T11:44:42+11:00,2208714,2459_530,-33.81507110595703,151.1564178466797,92.0,44.6,-140,-2.33,False
2026-10-09T11:44:42+11:00,2438326,7084_SW2,-33.913658142089844,151.1155548095703,238.0,0.0,-21,-0.35,True
2026-10-09T11:44:42+11:00,2636138,2459_504,-33.87501525878906,151.19683837890625,95.0,44.6,444,7.4,False
2026-10-09T11:44:42+11:00,2705345,2504_610X,-33.81167984008789,151.16873168945312,290.0,60.8,143,2.38,True
2026-10-09T11:44:42+11:00,2383244,2508_100,-33.82963943481445,151.2136993408203,57.0,25.9,7,0.12,True
2026-10-09T11:44:42+11:00,2421210,2508_230,-33.83030319213867,151.2433624267578,68.0,2.5,69,1.15,True
2026-10-09T11:44:42+11:00,2208473,2459_440,-33.878963470458984,151.2091827392578,187.0,37.1,40,0.67,True
2026-10-09T11:44:42+11:00,2632208,2510_301,-33.94105911254883,151.21568298339844,325.0,0.0,178,2.97,True
2026-10-09T11:44:42+11:00,2720091,2514_281,-33.79624557495117,151.1813507080078,2.0,0.0,0,0.0,True
2026-10-09T11:44:42+11:00,2643362,2507_120,-33.79543685913086,151.18104553222656,76.0,4.7,0,0.0,True
2026-10-09T11:44:42+11:00,2643205,2507_52,-33.84653091430664,151.15162658691406,153.0,33.8,156,2.6,True
2026-10-09T11:44:42+11:00,2643324,2507_501,-33.88044738769531,151.206787109375,190.0,0.0,0,0.0,True
2026-10-09T11:44:42+11:00,2621391,2507_288,-33.81243133544922,151.171142578125,88.0,24.5,466,7.77,False
2026-10-09T11:44:42+11:00,2407076,2507_265,-33.841644287109375,151.20603942871094,33.0,35.6,70,1.17,True
2026-10-09T11:44:42+11:00,2643628,2507_52,-33.85179901123047,151.15518188476562,316.0,10.4,115,1.92,True
2026-10-09T11:44:42+11:00,2555494,2507_538,-33.83134460449219,151.12628173828125,157.0,7.9,0,0.0,True
2026-10-09T11:44:42+11:00,2644808,2507_120,-33.82449722290039,151.2115020751953,117.0,60.5,123,2.05,True
2026-10-09T11:44:42+11:00,2738476,2507_533,-33.79673385620117,151.18052673339844,172.0,0.0,3,0.05,True
2026-10-09T11:44:42+11:00,2406785,2507_261,-33.839393615722656,151.2067108154297,9.0,19.1,298,4.97,True
2026-10-09T11:44:42+11:00,2621588,2507_516,-33.796871185302734,151.16917419433594,263.0,0.0,176,2.93,True
2026-10-09T11:44:42+11:00,2555520,2507_265,-33.81759262084961,151.17190551757812,244.0,20.5,138,2.3,True
2026-10-09T11:44:42+11:00,2643969,2507_52,-33.873294830322266,151.20980834960938,96.0,7.9,2,0.03,True
2026-10-09T11:44:42+11:00,2645009,2507_207,-33.838134765625,151.20716857910156,188.0,32.8,-68,-1.13,False
2026-10-09T11:44:42+11:00,2672273,2507_115,-33.79372787475586,151.19131469726562,69.0,36.4,32,0.53,True
2026-10-09T11:44:42+11:00,2672481,2507_115,-33.806060791015625,151.1991729736328,352.0,32.8,-126,-2.1,False
2026-10-09T11:44:42+11:00,2642863,2507_501,-33.87102508544922,151.192138671875,128.0,37.8,76,1.27,True
2026-10-09T11:44:42+11:00,2672408,2507_115,-33.8232421875,151.200927734375,183.0,22.0,425,7.08,False
2026-10-09T11:44:42+11:00,2731257,2507_291,-33.83660888671875,151.20587158203125,144.0,16.9,90,1.5,True
2026-10-09T11:44:42+11:00,2744669,2507_292,-33.80352020263672,151.14852905273438,291.0,36.0,68,1.13,True
2026-10-09T11:44:42+11:00,2644483,2507_207,-33.79206848144531,151.20713806152344,342.0,43.6,-215,-3.58,False
2026-10-09T11:44:42+11:00,2672447,2507_267,-33.826473236083984,151.20648193359375,94.0,0.0,226,3.77,True
2026-10-09T11:44:42+11:00,2642829,2507_120,-33.79505920410156,151.1870574951172,251.0,36.7,-384,-6.4,False
2026-10-09T11:44:42+11:00,2537459,2507_506,-33.864627838134766,151.17129516601562,130.0,39.2,267,4.45,True
2026-10-09T11:44:42+11:00,2644515,2507_52,-33.828250885009766,151.1265411376953,174.0,54.7,-3,-0.05,True
2026-10-09T11:44:42+11:00,2322321,2507_506,-33.87138748168945,151.19287109375,317.0,55.8,11,0.18,True
2026-10-09T11:44:42+11:00,2644761,2507_52,-33.873104095458984,151.2039031982422,251.0,26.3,117,1.95,True
2026-10-09T11:44:42+11:00,2642869,2507_501,-33.86412811279297,151.1705322265625,131.0,3.6,395,6.58,False
2026-10-09T11:44:42+11:00,2555546,2507_291,-33.82394790649414,151.1973114013672,322.0,0.0,-112,-1.87,False
2026-10-09T11:44:42+11:00,2621442,2507_288,-33.79642105102539,151.18077087402344,184.0,0.0,0,0.0,True
2026-10-09T11:44:42+11:00,2634478,2507_261,-33.814849853515625,151.16998291015625,167.0,0.0,0,0.0,True
2026-10-09T11:44:42+11:00,2227878,2507_275,-33.795989990234375,151.18112182617188,356.0,0.0,0,0.0,True
2026-10-09T11:44:42+11:00,2644482,2507_52,-33.83706283569336,151.1305694580078,294.0,0.0,404,6.73,False
2026-10-09T11:44:42+11:00,2407860,2507_252,-33.81235122680664,151.17176818847656,81.0,19.8,140,2.33,True
2026-10-09T11:44:42+11:00,2738475,2507_533,-33.805206298828125,151.160400390625,97.0,40.0,-25,-0.42,True
2026-10-09T11:44:42+11:00,2644006,2507_52,-33.864524841308594,151.1710968017578,134.0,30.2,350,5.83,True
2026-10-09T11:44:42+11:00,2621608,2507_252,-33.83935546875,151.2075958251953,143.0,0.0,0,0.0,True
2026-10-09T11:44:42+11:00,2645023,2507_501,-33.83946228027344,151.1352081298828,128.0,61.9,103,1.72,True
2026-10-09T11:44:42+11:00,2643576,2507_202,-33.810298919677734,151.22251892089844,278.0,20.5,-22,-0.37,True
2026-10-09T11:44:42+11:00,2644779,2507_120,-33.818214416503906,151.20191955566406,331.0,57.6,-63,-1.05,False
2026-10-09T11:44:42+11:00,2226058,2507_288,-33.81233596801758,151.17247009277344,265.0,0.0,-24,-0.4,True
2026-10-09T11:44:42+11:00,2682098,2507_267,-33.79915237426758,151.19253540039062,97.0,6.8,36,0.6,True
2026-10-09T11:44:42+11:00,2682167,2507_202,-33.86356735229492,151.209716796875,263.0,0.0,52,0.87,True
2026-10-09T11:44:42+11:00,2644341,2507_120,-33.79256057739258,151.19480895996094,67.0,2.2,259,4.32,True
2026-10-09T11:44:42+11:00,2643005,2507_254,-33.8197021484375,151.17013549804688,359.0,0.0,-309,-5.15,False
2026-10-09T11:44:42+11:00,2672270,2507_115,-33.796329498291016,151.1810760498047,4.0,0.0,0,0.0,True
2026-10-09T11:44:42+11:00,2744541,2507_292,-33.864620208740234,151.20480346679688,354.0,0.0,-128,-2.13,False
2026-10-09T11:44:42+11:00,2643679,2507_120,-33.796627044677734,151.1808319091797,177.0,0.0,0,0.0,True
2026-10-09T11:44:42+11:00,2744623,2507_292,-33.81230545043945,151.17291259765625,90.0,46.4,-146,-2.43,False
2026-10-09T11:44:42+11:00,2644829,2507_501,-33.84794616699219,151.15232849121094,328.0,0.0,197,3.28,True
2026-10-09T11:44:42+11:00,2644533,2507_120,-33.79606628417969,151.18081665039062,182.0,0.0,360,6.0,False
2026-10-09T11:44:42+11:00,2643395,2507_501,-33.88077163696289,151.20668029785156,212.0,0.0,0,0.0,True
2026-10-09T11:44:42+11:00,2682028,2507_202,-33.84098434448242,151.20838928222656,235.0,9.7,155,2.58,True
2026-10-09T11:44:42+11:00,2642952,2507_120,-33.8681526184082,151.20596313476562,175.0,25.9,152,2.53,True
2026-10-09T11:44:42+11:00,2642952_2,2507_120,-33.87150192260742,151.20639038085938,173.0,0.0,-23,-0.38,True
2026-10-09T11:44:42+11:00,2621563,2507_252,-33.815940856933594,151.15184020996094,193.0,0.0,95,1.58,True
2026-10-09T11:44:42+11:00,2564964,2509_350,-33.93193435668945,151.19415283203125,9.0,0.0,109,1.82,True
2026-10-09T11:44:42+11:00,2575770,2509_374,-33.89162063598633,151.21240234375,279.0,30.6,227,3.78,True
2026-10-09T11:44:42+11:00,2531927,2509_324,-33.85599899291992,151.20693969726562,224.0,0.0,0,0.0,True
2026-10-09T11:44:42+11:00,2565047,2509_333,-33.862388610839844,151.21119689941406,7.0,0.0,8,0.13,True
2026-10-09T11:44:42+11:00,2628701,2509_304,-33.89733123779297,151.21275329589844,38.0,20.5,29,0.48,True
2026-10-09T11:44:42+11:00,2141075,2509_306,-33.92667007446289,151.20631408691406,187.0,0.0,108,1.8,True
2026-10-09T11:44:42+11:00,2356095,2509_343,-33.87577819824219,151.20960998535156,7.0,36.7,86,1.43,True
2026-10-09T11:44:42+11:00,2564618,2509_350,-33.93290328979492,151.17965698242188,101.0,0.0,30,0.5,True
2026-10-09T11:44:42+11:00,2564884,2509_350,-33.89098358154297,151.24464416503906,109.0,11.9,0,0.0,True
2026-10-09T11:44:42+11:00,2396521,2509_392,-33.90354919433594,151.2097930908203,216.0,5.0,-188,-3.13,False
2026-10-09T11:44:42+11:00,2565127,2509_333,-33.89160919189453,151.24746704101562,188.0,14.4,287,4.78,True
2026-10-09T11:44:42+11:00,2137058,2509_396,-33.88679885864258,151.21923828125,150.0,33.1,85,1.42,True
2026-10-09T11:44:42+11:00,2357064,2509_374,-33.917694091796875,151.25465393066406,97.0,0.0,-221,-3.68,False
2026-10-09T11:44:42+11:00,2434864,2509_390X,-33.90642547607422,151.25311279296875,231.0,41.0,218,3.63,True
2026-10-09T11:44:42+11:00,2532777,2509_381,-33.89311218261719,151.2576904296875,99.0,35.3,281,4.68,True
2026-10-09T11:44:42+11:00,2400219,2509_309,-33.94230270385742,151.1952362060547,346.0,0.0,-43,-0.72,True
2026-10-09T11:44:42+11:00,2357311,2509_370,-33.90714645385742,151.18170166015625,249.0,0.0,294,4.9,True
2026-10-09T11:44:42+11:00,2564787,2509_350,-33.94573211669922,151.24005126953125,354.0,5.0,664,11.07,False
2026-10-09T11:44:42+11:00,2740193,2509_370,-33.907447814941406,151.1863555908203,99.0,45.4,-116,-1.93,False
2026-10-09T11:44:42+11:00,2675086,2509_309,-33.899803161621094,151.20040893554688,165.0,58.3,-7,-0.12,True
2026-10-09T11:44:42+11:00,2533142,2509_313,-33.91887283325195,151.25717163085938,68.0,8.6,0,0.0,True
2026-10-09T11:44:42+11:00,2565013,2509_333,-33.86341094970703,151.21139526367188,265.0,0.7,-298,-4.97,False
2026-10-09T11:44:42+11:00,2563938,2509_379,-33.88816833496094,151.26150512695312,72.0,2.2,469,7.82,False
2026-10-09T11:44:42+11:00,2564792,2509_333,-33.885562896728516,151.22833251953125,132.0,22.7,103,1.72,True
2026-10-09T11:44:42+11:00,2563839,2509_379,-33.89641189575195,151.25132751464844,338.0,0.0,58,0.97,True
2026-10-09T11:44:42+11:00,2357505,2509_343,-33.90727615356445,151.20765686035156,9.0,13.7,-19,-0.32,True
2026-10-09T11:44:42+11:00,2356482,2509_373,-33.87696838378906,151.2121124267578,34.0,19.4,182,3.03,True
2026-10-09T11:44:42+11:00,2565067,2509_333,-33.88188552856445,151.2195587158203,126.0,34.2,77,1.28,True
2026-10-09T11:44:42+11:00,2564650,2509_350,-33.94594192504883,151.2260284423828,87.0,22.7,-80,-1.33,False
2026-10-09T11:44:42+11:00,2563808,2509_386,-33.87355422973633,151.27349853515625,37.0,0.0,386,6.43,False
2026-10-09T11:44:42+11:00,2531227,2509_325,-33.869747161865234,151.26951599121094,51.0,31.0,-26,-0.43,True
2026-10-09T11:44:42+11:00,2356826,2509_373,-33.92025375366211,151.24269104003906,275.0,13.7,95,1.58,True
2026-10-09T11:44:42+11:00,2564670,2509_350,-33.933250427246094,151.18138122558594,99.0,24.8,498,8.3,False
2026-10-09T11:44:42+11:00,2352406,2509_307,-33.92927551269531,151.19467163085938,12.0,38.2,161,2.68,True
2026-10-09T11:44:42+11:00,2531541,2509_324,-33.877559661865234,151.23406982421875,133.0,0.0,-19,-0.32,True
2026-10-09T11:44:42+11:00,2470798,2509_356,-33.944889068603516,151.22630310058594,194.0,0.0,0,0.0,True
2026-10-09T11:44:42+11:00,2531221,2509_324,-33.84364318847656,151.28402709960938,5.0,0.0,0,0.0,True
2026-10-09T11:44:42+11:00,2564709,2509_333,-33.889427185058594,151.2832794189453,36.0,0.0,0,0.0,True
2026-10-09T11:44:42+11:00,2356689,2509_339,-33.910457611083984,151.2522430419922,332.0,31.7,-32,-0.53,True
2026-10-09T11:44:42+11:00,2564729,2509_350,-33.89138412475586,151.2486114501953,99.0,19.4,0,0.0,True
2026-10-09T11:44:42+11:00,2564671,2509_333,-33.88954162597656,151.28326416015625,215.0,0.0,0,0.0,True
2026-10-09T11:44:42+11:00,2534709,2509_355,-33.90199661254883,151.16944885253906,17.0,0.0,63,1.05,True
2026-10-09T11:44:42+11:00,2346304,2509_390X,-33.915672302246094,151.23968505859375,7.0,16.9,762,12.7,False
2026-10-09T11:44:42+11:00,2434679,2509_390X,-33.94023132324219,151.2390899658203,166.0,23.8,536,8.93,False
2026-10-09T11:44:42+11:00,2628664,2509_304,-33.86266326904297,151.21200561523438,7.0,0.0,0,0.0,True
2026-10-09T11:44:42+11:00,2151370,2509_333,-33.869606018066406,151.2102813720703,5.0,16.9,0,0.0,True
2026-10-09T11:44:42+11:00,2396589,2509_392,-33.90341567993164,151.20779418945312,291.0,18.0,379,6.32,False
2026-10-09T11:44:42+11:00,2532017,2509_325,-33.87217712402344,151.26480102539062,247.0,30.6,407,6.78,False
2026-10-09T11:44:42+11:00,2564689,2509_333,-33.89116287231445,151.27410888671875,229.0,14.4,20,0.33,True
2026-10-09T11:44:42+11:00,2352755,2509_392,-33.9041633605957,151.21502685546875,121.0,32.8,217,3.62,True
2026-10-09T11:44:42+11:00,2138321,2509_396,-33.916561126708984,151.22573852539062,356.0,2.2,33,0.55,True
2026-10-09T11:44:42+11:00,2434622,2509_390X,-33.9188117980957,151.2264404296875,171.0,28.1,133,2.22,True
2026-10-09T11:44:42+11:00,2138929,2509_396,-33.89838409423828,151.22207641601562,352.0,49.0,231,3.85,True
2026-10-09T11:44:42+11:00,2628739,2509_304,-33.9080696105957,151.20701599121094,291.0,27.4,-57,-0.95,True
2026-10-09T11:44:42+11:00,2357126,2509_311,-33.857234954833984,151.20272827148438,168.0,33.8,373,6.22,False
2026-10-09T11:44:42+11:00,2403274,2509_311,-33.86914825439453,151.22569274902344,188.0,29.5,158,2.63,True
2026-10-09T11:44:42+11:00,2396568,2509_392,-33.93872833251953,151.2289581298828,21.0,2.9,286,4.77,True
2026-10-09T11:44:42+11:00,2534249,2509_355,-33.891624450683594,151.21348571777344,101.0,38.5,153,2.55,True
2026-10-09T11:44:42+11:00,2356213,2509_343,-33.87291717529297,151.20994567871094,186.0,0.0,493,8.22,False
2026-10-09T11:44:42+11:00,2534203,2509_326,-33.875831604003906,151.2579803466797,355.0,15.5,161,2.68,True
2026-10-09T11:44:42+11:00,2564976,2509_350,-33.8912239074707,151.24969482421875,325.0,10.8,0,0.0,True
2026-10-09T11:44:42+11:00,2564715,2509_333,-33.89049530029297,151.24301147460938,289.0,0.0,444,7.4,False
2026-10-09T11:44:42+11:00,2356387,2509_343,-33.89865493774414,151.20635986328125,1.0,0.0,288,4.8,True
2026-10-09T11:44:42+11:00,2532795,2509_362,-33.91929244995117,151.2571258544922,9.0,0.0,0,0.0,True
2026-10-09T11:44:42+11:00,2740230,2509_370,-33.90107727050781,151.19302368164062,36.0,0.4,184,3.07,True
2026-10-09T11:44:42+11:00,2357170,2509_370,-33.89529037475586,151.1815948486328,38.0,0.0,481,8.02,False
2026-10-09T11:44:42+11:00,2352450,2509_356,-33.90328598022461,151.2447967529297,188.0,0.0,85,1.42,True
2026-10-09T11:44:42+11:00,2139262,2509_375,-33.94639587402344,151.22799682617188,133.0,0.0,162,2.7,True
2026-10-09T11:44:42+11:00,2357082,2509_343,-33.907230377197266,151.2075958251953,150.0,20.9,85,1.42,True
2026-10-09T11:44:42+11:00,2531402,2509_362,-33.873291015625,151.2734832763672,141.0,0.0,407,6.78,False
2026-10-09T11:44:42+11:00,2740164,2509_370,-33.88310241699219,151.19107055664062,142.0,5.4,179,2.98,True
2026-10-09T11:44:42+11:00,2357467,2509_370,-33.91044998168945,151.2040252685547,281.0,20.5,4,0.07,True
2026-10-09T11:44:42+11:00,2138413,2509_396,-33.869659423828125,151.21034240722656,187.0,29.2,98,1.63,True
2026-10-09T11:44:42+11:00,2628783,2509_304,-33.88980484008789,151.2130584716797,190.0,22.3,227,3.78,True
2026-10-09T11:44:42+11:00,2357368,2509_373,-33.88011932373047,151.21627807617188,324.0,0.0,59,0.98,True
2026-10-09T11:44:42+11:00,2628690,2509_304,-33.873966217041016,151.20980834960938,187.0,38.5,166,2.77,True
2026-10-09T11:44:42+11:00,2564968,2509_333,-33.895057678222656,151.27110290527344,112.0,8.6,-84,-1.4,False
2026-10-09T11:44:42+11:00,2533057,2509_380,-33.88920211791992,151.27923583984375,116.0,41.8,47,0.78,True
2026-10-09T11:44:42+11:00,2533176,2509_324,-33.87394714355469,151.2139434814453,280.0,0.0,-266,-4.43,False
2026-10-09T11:44:42+11:00,2564641,2509_350,-33.896331787109375,151.25132751464844,337.0,4.7,-62,-1.03,False
2026-10-09T11:44:42+11:00,2564674,2509_350,-33.933837890625,151.25802612304688,348.0,37.8,-28,-0.47,True
2026-10-09T11:44:42+11:00,2138056,2509_375,-33.93697738647461,151.2576141357422,1.0,0.0,401,6.68,False
2026-10-09T11:44:42+11:00,2564971,2509_350,-33.92798614501953,151.25526428222656,190.0,38.2,249,4.15,True
2026-10-09T11:44:42+11:00,2136843,2509_396,-33.863582611083984,151.21185302734375,5.0,5.8,202,3.37,True
2026-10-09T11:44:42+11:00,2488366,2509_392,-33.8934440612793,151.19992065429688,201.0,23.8,281,4.68,True
2026-10-09T11:44:42+11:00,2534314,2509_325,-33.873191833496094,151.2088623046875,97.0,0.0,56,0.93,True
2026-10-09T11:44:42+11:00,2564997,2509_350,-33.92508316040039,151.19261169433594,281.0,31.0,464,7.73,False
2026-10-09T11:44:42+11:00,2551782,2509_379,-33.88209533691406,151.2767333984375,284.0,15.1,164,2.73,True
2026-10-09T11:44:42+11:00,2531823,2509_380,-33.89399719238281,151.2640838623047,278.0,0.0,578,9.63,False
2026-10-09T11:44:42+11:00,2564539,2509_333,-33.86165237426758,151.2118682861328,94.0,0.0,0,0.0,True
2026-10-09T11:44:42+11:00,2531763,2509_355,-33.90156555175781,151.19993591308594,156.0,10.8,174,2.9,True
2026-10-09T11:44:42+11:00,2346348,2509_390X,-33.919639587402344,151.2264404296875,350.0,0.0,270,4.5,True
2026-10-09T11:44:42+11:00,2534276,2509_313,-33.893043518066406,151.2496337890625,189.0,0.0,15,0.25,True
2026-10-09T11:44:42+11:00,2357253,2509_373,-33.90847396850586,151.23451232910156,278.0,0.0,0,0.0,True
2026-10-09T11:44:42+11:00,2356698,2509_370,-33.90223693847656,151.19764709472656,254.0,32.8,203,3.38,True
2026-10-09T11:44:42+11:00,2335667,2509_309,-33.92158126831055,151.1960906982422,9.0,0.0,71,1.18,True
2026-10-09T11:44:42+11:00,2564675,2509_350,-33.94746780395508,151.25051879882812,284.0,37.1,239,3.98,True
2026-10-09T11:44:42+11:00,2531895,2509_325,-33.871131896972656,151.20553588867188,354.0,0.0,301,5.02,True
2026-10-09T11:44:42+11:00,2564778,2509_333,-33.88951110839844,151.2834014892578,213.0,0.0,0,0.0,True
2026-10-09T11:44:42+11:00,2675085,2509_309,-33.92136764526367,151.19662475585938,222.0,0.0,45,0.75,True
2026-10-09T11:44:42+11:00,2400228,2509_309,-33.90542984008789,151.20281982421875,351.0,22.3,192,3.2,True
2026-10-09T11:44:42+11:00,2470785,2509_356,-33.896671295166016,151.24952697753906,9.0,20.5,-164,-2.73,False
2026-10-09T11:44:42+11:00,2551869,2509_379,-33.895992279052734,151.25103759765625,159.0,0.0,-73,-1.22,False
2026-10-09T11:44:42+11:00,2563997,2509_379,-33.90653610229492,151.26779174804688,259.0,31.3,25,0.42,True
2026-10-09T11:44:42+11:00,2335806,2509_309,-33.89703369140625,151.1994171142578,343.0,0.0,373,6.22,False
2026-10-09T11:44:42+11:00,2740206,2509_370,-33.87330627441406,151.18194580078125,144.0,25.2,-30,-0.5,True
2026-10-09T11:44:42+11:00,2565082,2509_350,-33.911537170410156,151.2546844482422,280.0,30.6,30,0.5,True
2026-10-09T11:44:42+11:00,2564945,2509_350,-33.90636444091797,151.2539520263672,166.0,17.3,162,2.7,True
2026-10-09T11:44:42+11:00,2356578,2509_373,-33.923606872558594,151.25628662109375,9.0,8.3,-559,-9.32,False
2026-10-09T11:44:42+11:00,2533052,2509_352,-33.88905334472656,151.20140075683594,105.0,0.0,-97,-1.62,False
2026-10-09T11:44:42+11:00,2532991,2509_360,-33.91093826293945,151.26947021484375,99.0,28.1,-88,-1.47,False
2026-10-09T11:44:42+11:00,2356676,2509_339,-33.907901763916016,151.24754333496094,159.0,0.0,-12,-0.2,True
2026-10-09T11:44:42+11:00,2534522,2509_324,-33.8486442565918,151.28688049316406,173.0,26.3,94,1.57,True
2026-10-09T11:44:42+11:00,2470760,2509_356,-33.93159484863281,151.25364685058594,5.0,0.0,283,4.72,True
2026-10-09T11:44:42+11:00,2357842,2509_374,-33.885807037353516,151.20814514160156,180.0,18.7,112,1.87,True
2026-10-09T11:44:42+11:00,2138713,2509_396,-33.947757720947266,151.2550506591797,43.0,0.0,20,0.33,True
2026-10-09T11:44:42+11:00,2140857,2509_396,-33.929141998291016,151.23536682128906,125.0,37.8,273,4.55,True
2026-10-09T11:44:42+11:00,2357441,2509_370,-33.91996765136719,151.25689697265625,7.0,0.0,0,0.0,True
2026-10-09T11:44:42+11:00,2434567,2509_390X,-33.9124641418457,151.23927307128906,155.0,0.0,297,4.95,True
2026-10-09T11:44:42+11:00,2533198,2509_387,-33.88994598388672,151.25506591796875,232.0,0.0,-169,-2.82,False
2026-10-09T11:44:42+11:00,2352717,2509_356,-33.91291046142578,151.240234375,279.0,36.7,997,16.62,False
2026-10-09T11:44:42+11:00,2470770,2509_397,-33.941978454589844,151.24114990234375,281.0,26.6,-24,-0.4,True
2026-10-09T11:44:42+11:00,2564592,2509_333,-33.89155197143555,151.24656677246094,109.0,24.8,-141,-2.35,False
2026-10-09T11:44:42+11:00,2356007,2509_373,-33.904273986816406,151.22679138183594,140.0,2.5,53,0.88,True
2026-10-09T11:44:42+11:00,2357297,2509_370,-33.914955139160156,151.22618103027344,279.0,7.2,63,1.05,True
2026-10-09T11:44:42+11:00,2564678,2509_333,-33.89124298095703,151.2530517578125,72.0,0.0,171,2.85,True
2026-10-09T11:44:42+11:00,2357048,2509_370,-33.919410705566406,151.2469482421875,280.0,35.6,30,0.5,True
2026-10-09T11:44:42+11:00,2740166,2509_370,-33.916439056396484,151.24105834960938,159.0,0.0,296,4.93,True
2026-10-09T11:44:42+11:00,2563935,2509_379,-33.890892028808594,151.2476043701172,200.0,8.3,0,0.0,True
2026-10-09T11:44:42+11:00,2533228,2509_352,-33.88457489013672,151.22425842285156,119.0,25.2,641,10.68,False
2026-10-09T11:44:42+11:00,2564750,2509_333,-33.8687629699707,151.21047973632812,186.0,0.0,172,2.87,True
2026-10-09T11:44:42+11:00,2575729,2509_374,-33.913429260253906,151.244140625,279.0,41.8,-13,-0.22,True
2026-10-09T11:44:42+11:00,2628695,2509_304,-33.875144958496094,151.2096710205078,5.0,0.0,60,1.0,True
2026-10-09T11:44:42+11:00,2356041,2509_373,-33.9196662902832,151.25704956054688,9.0,0.0,0,0.0,True
2026-10-09T11:44:42+11:00,2346317,2509_390X,-33.91317367553711,151.23953247070312,340.0,0.0,116,1.93,True
2026-10-09T11:44:42+11:00,2534636,2509_362,-33.870304107666016,151.27044677734375,320.0,0.0,-30,-0.5,True
2026-10-09T11:44:42+11:00,2534279,2509_327,-33.88594436645508,151.24844360351562,173.0,11.2,38,0.63,True
2026-10-09T11:44:42+11:00,2565060,2509_350,-33.942142486572266,151.2398681640625,168.0,0.0,52,0.87,True
2026-10-09T11:44:42+11:00,2357270,2509_339,-33.88388442993164,151.20933532714844,295.0,0.0,29,0.48,True
2026-10-09T11:44:42+11:00,2740265,2509_370,-33.91671371459961,151.23948669433594,7.0,11.9,-107,-1.78,False
2026-10-09T11:44:42+11:00,2137875,2509_396,-33.94792556762695,151.25491333007812,44.0,0.0,0,0.0,True
2026-10-09T11:44:42+11:00,2140570,2509_396,-33.941680908203125,151.23980712890625,279.0,0.0,174,2.9,True
2026-10-09T11:44:42+11:00,2488503,2509_392,-33.912010192871094,151.22372436523438,142.0,35.3,461,7.68,False
2026-10-09T11:44:42+11:00,2139038,2509_375,-33.916996002197266,151.24122619628906,165.0,27.7,207,3.45,True
2026-10-09T11:44:42+11:00,2564919,2509_333,-33.87498092651367,151.20970153808594,5.0,0.0,-184,-3.07,False
2026-10-09T11:44:42+11:00,2434767,2509_390X,-33.891300201416016,151.24790954589844,97.0,11.9,83,1.38,True
2026-10-09T11:44:42+11:00,2356942,2509_370,-33.920005798339844,151.2571258544922,189.0,0.0,0,0.0,True
2026-10-09T11:44:42+11:00,2396597,2509_392,-33.947479248046875,151.229736328125,317.0,13.3,-7,-0.12,True
2026-10-09T11:44:42+11:00,2531904,2509_352,-33.90851974487305,151.1719970703125,81.0,0.0,0,0.0,True
2026-10-09T11:44:42+11:00,2532127,2509_325,-33.84334182739258,151.2840576171875,345.0,0.0,0,0.0,True
2026-10-09T11:44:42+11:00,2356077,2509_370,-33.88009262084961,151.18714904785156,325.0,0.0,221,3.68,True
2026-10-09T11:44:42+11:00,2565042,2509_333,-33.893680572509766,151.26194763183594,281.0,19.4,-19,-0.32,True
2026-10-09T11:44:42+11:00,2151719,2509_333,-33.87737274169922,151.20838928222656,92.0,13.7,581,9.68,False
2026-10-09T11:44:42+11:00,2139005,2509_375,-33.95195007324219,151.24725341796875,237.0,0.0,363,6.05,False
2026-10-09T11:44:42+11:00,2139006,2509_396,-33.91494369506836,151.22491455078125,171.0,27.4,76,1.27,True
2026-10-09T11:44:42+11:00,2139735,2509_306,-33.9295654296875,151.19476318359375,189.0,19.4,-74,-1.23,False
2026-10-09T11:44:42+11:00,2300921,2509_399,-33.94068908691406,151.2394561767578,168.0,0.0,-114,-1.9,False
2026-10-09T11:44:42+11:00,2564923,2509_333,-33.892051696777344,151.2501678466797,259.0,0.7,38,0.63,True
2026-10-09T11:44:42+11:00,2352665,2509_392,-33.93293380737305,151.2302703857422,163.0,33.8,459,7.65,False
2026-10-09T11:44:42+11:00,2531785,2509_380,-33.859092712402344,151.28025817871094,47.0,22.3,407,6.78,False
2026-10-09T11:44:42+11:00,2356321,2509_343,-33.923614501953125,151.21112060546875,286.0,40.3,-90,-1.5,False
2026-10-09T11:44:42+11:00,2532769,2509_386,-33.86994171142578,151.2701873779297,135.0,0.0,118,1.97,True
2026-10-09T11:44:42+11:00,2138924,2509_306,-33.89267349243164,151.19923400878906,25.0,0.0,0,0.0,True
2026-10-09T11:44:42+11:00,2151526,2509_333,-33.89130783081055,151.2479705810547,98.0,0.0,108,1.8,True
2026-10-09T11:44:42+11:00,2531776,2509_352,-33.88130187988281,151.21482849121094,204.0,9.7,-7,-0.12,True
2026-10-09T11:44:42+11:00,2357387,2509_343,-33.86538314819336,151.2114715576172,203.0,27.4,178,2.97,True
2026-10-09T11:44:42+11:00,2628631,2509_304,-33.861656188964844,151.21173095703125,265.0,16.2,0,0.0,True
2026-10-09T11:44:42+11:00,2434418,2509_390X,-33.89125061035156,151.2496795654297,314.0,7.9,11,0.18,True
2026-10-09T11:44:42+11:00,2346388,2509_390X,-33.92475891113281,151.22872924804688,315.0,1.8,-153,-2.55,False
2026-10-09T11:44:42+11:00,2564575,2509_333,-33.89147186279297,151.24951171875,98.0,0.0,-141,-2.35,False
2026-10-09T11:44:42+11:00,2564613,2509_333,-33.89120864868164,151.24949645996094,278.0,16.2,467,7.78,False
2026-10-09T11:44:42+11:00,2532381,2509_380,-33.88144302368164,151.28260803222656,172.0,37.4,219,3.65,True
2026-10-09T11:44:42+11:00,2740184,2509_370,-33.90835952758789,151.2028350830078,180.0,36.0,336,5.6,True
2026-10-09T11:44:42+11:00,2675024,2509_309,-33.89324188232422,151.19900512695312,21.0,0.0,0,0.0,True
2026-10-09T11:44:42+11:00,2352323,2509_307,-33.94804382324219,151.20950317382812,356.0,31.3,-96,-1.6,False
2026-10-09T11:44:42+11:00,2628694,2509_304,-33.880123138427734,151.20977783203125,302.0,0.0,-271,-4.52,False
2026-10-09T11:44:42+11:00,2675014,2509_309,-33.93098068237305,151.19436645507812,190.0,15.5,403,6.72,False
2026-10-09T11:44:42+11:00,2551889,2509_379,-33.888065338134766,151.2637176513672,271.0,38.5,207,3.45,True
2026-10-09T11:44:42+11:00,2357309,2509_311,-33.86833953857422,151.22274780273438,205.0,20.9,3,0.05,True
2026-10-09T11:44:42+11:00,2140283,2509_396,-33.88429641723633,151.2176513671875,335.0,0.0,562,9.37,False
2026-10-09T11:44:42+11:00,2434466,2509_390X,-33.94023895263672,151.239501953125,168.0,31.3,58,0.97,True
2026-10-09T11:45:00+11:00,2287949,2459_433,-33.85810470581055,151.18325805664062,292.0,0.0,0,0.0,True
2026-10-09T11:45:00+11:00,2036758,2459_440,-33.88494110107422,151.2259063720703,95.0,0.0,-147,-2.45,False
2026-10-09T11:45:00+11:00,1961266,2459_412,-33.90888595581055,151.15234375,34.0,0.0,256,4.27,True
2026-10-09T11:45:00+11:00,2285484,2459_433,-33.884300231933594,151.20028686523438,268.0,0.0,26,0.43,True
2026-10-09T11:45:00+11:00,2685969,2459_423,-33.88516616821289,151.1945037841797,209.0,18.0,163,2.72,True
2026-10-09T11:45:00+11:00,2736628,2459_445,-33.889713287353516,151.15663146972656,186.0,17.3,6,0.1,True
2026-10-09T11:45:00+11:00,2596223,2459_490,-33.880638122558594,151.1062774658203,101.0,0.0,792,13.2,False
2026-10-09T11:45:00+11:00,2438304,7084_SW2,-33.91438293457031,151.16552734375,31.0,0.0,-483,-8.05,False
2026-10-09T11:45:00+11:00,2374938,2508_144,-33.83066177368164,151.225341796875,64.0,9.0,202,3.37,True
2026-10-09T11:45:00+11:00,2383242,2508_100,-33.828617095947266,151.2290496826172,61.0,21.2,158,2.63,True
2026-10-09T11:45:00+11:00,2428398,2508_238,-33.84223937988281,151.24359130859375,325.0,0.0,233,3.88,True
2026-10-09T11:45:00+11:00,2208357,2459_464,-33.88845443725586,151.118896484375,78.0,31.3,-11,-0.18,True
2026-10-09T11:45:00+11:00,2570030,7083_SW1,-33.91130447387695,151.1555633544922,42.0,5.8,749,12.48,False
2026-10-09T11:45:00+11:00,2284171,2459_442,-33.85699462890625,151.1798553466797,298.0,0.0,-14,-0.23,True
2026-10-09T11:45:00+11:00,2285836,2459_461X,-33.8817253112793,151.20611572265625,302.0,0.0,1018,16.97,False
2026-10-09T11:45:00+11:00,2286237,2459_470,-33.87444305419922,151.16329956054688,266.0,50.8,32,0.53,True
2026-10-09T11:45:00+11:00,2288963,2459_348,-33.91232681274414,151.22402954101562,138.0,40.0,109,1.82,True
2026-10-09T11:45:00+11:00,2283837,2459_423,-33.91053009033203,151.156494140625,51.0,13.3,62,1.03,True
2026-10-09T11:45:00+11:00,2590056,2508_280,-33.79684066772461,151.1810760498047,124.0,4.3,0,0.0,True
2026-10-09T11:45:00+11:00,2290236,2459_438X,-33.87900924682617,151.20916748046875,190.0,30.6,262,4.37,True
2026-10-09T11:45:00+11:00,2736871,2459_428,-33.89284133911133,151.18568420410156,252.0,0.0,254,4.23,True
2026-10-09T11:45:00+11:00,2714649,2508_144,-33.8147087097168,151.177734375,340.0,39.6,352,5.87,True
2026-10-09T11:45:00+11:00,2284553,2459_433,-33.878055572509766,151.18389892578125,61.0,5.8,559,9.32,False
2026-10-09T11:45:00+11:00,2596307,2459_490,-33.86907958984375,151.13055419921875,250.0,29.2,111,1.85,True
2026-10-09T11:45:00+11:00,2349671,2459_418,-33.88642883300781,151.11068725585938,88.0,35.6,353,5.88,True
2026-10-09T11:45:00+11:00,2286401,2459_433,-33.86556625366211,151.1723175048828,138.0,9.7,534,8.9,False
2026-10-09T11:45:00+11:00,2374833,2508_144,-33.81730270385742,151.1804962158203,100.0,38.5,79,1.32,True
2026-10-09T11:45:00+11:00,2388828,2508_173X,-33.79270553588867,151.26527404785156,190.0,8.3,291,4.85,True
2026-10-09T11:45:00+11:00,1963814,2459_412,-33.87811279296875,151.20755004882812,271.0,8.3,-30,-0.5,True
2026-10-09T11:45:00+11:00,2288124,2459_437,-33.865264892578125,151.13670349121094,199.0,18.0,-30,-0.5,True
2026-10-09T11:45:00+11:00,2288010,2459_470,-33.88446807861328,151.19903564453125,265.0,0.0,-56,-0.93,True
2026-10-09T11:45:00+11:00,2286863,2459_438X,-33.88414764404297,151.14402770996094,88.0,0.0,563,9.38,False
2026-10-09T11:45:00+11:00,2290366,2459_431,-33.88059616088867,151.18772888183594,139.0,0.0,57,0.95,True
2026-10-09T11:45:00+11:00,2677592,2503_M90,-33.87500762939453,151.10752868652344,9.0,0.0,0,0.0,True
2026-10-09T11:45:00+11:00,2284471,2459_433,-33.88032913208008,151.20681762695312,194.0,0.0,0,0.0,True
2026-10-09T11:45:00+11:00,2428548,2508_238,-33.844425201416016,151.24452209472656,188.0,0.0,0,0.0,True
2026-10-09T11:45:00+11:00,2290210,2459_438X,-33.86805725097656,151.21055603027344,5.0,0.0,61,1.02,True
2026-10-09T11:45:00+11:00,2677032,2503_M90,-33.8739128112793,151.1047821044922,280.0,0.0,175,2.92,True
2026-10-09T11:45:00+11:00,2209158,2459_440,-33.88771057128906,151.23097229003906,314.0,0.0,-49,-0.82,True
2026-10-09T11:45:00+11:00,2375862,2508_144,-33.79649353027344,151.1803741455078,178.0,0.4,0,0.0,True
2026-10-09T11:45:00+11:00,2383265,2508_100,-33.84202194213867,151.2438201904297,181.0,0.0,251,4.18,True
2026-10-09T11:45:00+11:00,2736886,2459_308,-33.896751403808594,151.19908142089844,242.0,20.9,104,1.73,True
2026-10-09T11:45:00+11:00,2376016,2508_B1,-33.824119567871094,151.2416534423828,232.0,4.3,133,2.22,True
2026-10-09T11:45:00+11:00,2714673,2508_144,-33.82451629638672,151.23643493652344,270.0,45.0,440,7.33,False
2026-10-09T11:45:00+11:00,2374439,2508_144,-33.79377365112305,151.26063537597656,77.0,33.1,861,14.35,False
2026-10-09T11:45:00+11:00,2608997,2459_430,-33.884178161621094,151.1969451904297,89.0,27.7,83,1.38,True
2026-10-09T11:45:00+11:00,2208180,2459_464,-33.87643814086914,151.10386657714844,9.0,0.0,427,7.12,False
2026-10-09T11:45:00+11:00,2374921,2508_144,-33.8240966796875,151.24136352539062,47.0,0.0,463,7.72,False
2026-10-09T11:45:00+11:00,2596229,2459_492,-33.88180923461914,151.10618591308594,344.0,28.8,434,7.23,False
2026-10-09T11:45:00+11:00,1961374,2459_412,-33.884342193603516,151.1964569091797,88.0,18.0,209,3.48,True
2026-10-09T11:45:00+11:00,2720939,2514_556,-33.78434371948242,151.1768035888672,313.0,37.4,18,0.3,True
2026-10-09T11:45:00+11:00,2374204,2508_172X,-33.85969543457031,151.20626831054688,198.0,56.5,258,4.3,True
2026-10-09T11:45:00+11:00,2685979,2459_423,-33.91633605957031,151.14968872070312,219.0,29.9,477,7.95,False
2026-10-09T11:45:00+11:00,2349493,2459_418,-33.90438461303711,151.1394805908203,65.0,45.4,404,6.73,False
2026-10-09T11:45:00+11:00,2725773,7083_SW1,-33.90827560424805,151.1299591064453,311.0,39.2,-44,-0.73,True
2026-10-09T11:45:00+11:00,2570077,7083_SW1,-33.91740798950195,151.1457977294922,122.0,27.7,-11,-0.18,True
2026-10-09T11:45:00+11:00,2686003,2459_423,-33.88756561279297,151.19320678710938,222.0,0.0,714,11.9,False
2026-10-09T11:45:00+11:00,1870764,2459_412,-33.884700775146484,151.18663024902344,83.0,45.0,-368,-6.13,False
2026-10-09T11:45:00+11:00,2383201,2508_100,-33.83842086791992,151.24508666992188,180.0,42.8,292,4.87,True
2026-10-09T11:45:00+11:00,2209667,2459_415,-33.863609313964844,151.13034057617188,357.0,37.1,-291,-4.85,False
2026-10-09T11:45:00+11:00,1962701,2459_413,-33.885074615478516,151.18429565429688,77.0,0.0,-63,-1.05,False
2026-10-09T11:45:00+11:00,1962702,2459_413,-33.89901351928711,151.10809326171875,8.0,51.8,123,2.05,True
2026-10-09T11:45:00+11:00,2039021,2459_470,-33.88400650024414,151.19076538085938,123.0,15.5,78,1.3,True
2026-10-09T11:45:00+11:00,2285728,2459_423,-33.902774810791016,151.1691436767578,25.0,41.0,236,3.93,True
2026-10-09T11:45:00+11:00,2668052,2459_420,-33.87538528442383,151.1041259765625,9.0,33.5,651,10.85,False
2026-10-09T11:45:00+11:00,2287147,2459_428,-33.9114990234375,151.11875915527344,141.0,0.0,43,0.72,True
2026-10-09T11:45:00+11:00,2284302,2459_441,-33.867225646972656,151.21791076660156,218.0,23.8,-172,-2.87,False
2026-10-09T11:45:00+11:00,2514704,2459_410,-33.8821907043457,151.1027374267578,9.0,10.4,209,3.48,True
2026-10-09T11:45:00+11:00,2635994,2459_504,-33.85283279418945,151.15615844726562,322.0,0.0,-12,-0.2,True
2026-10-09T11:45:00+11:00,2371480,7083_SW3,-33.904380798339844,151.15611267089844,141.0,21.6,-307,-5.12,False
2026-10-09T11:45:00+11:00,2287041,2459_438X,-33.888023376464844,151.16700744628906,263.0,0.0,-159,-2.65,False
2026-10-09T11:45:00+11:00,2286708,2459_426,-33.90493392944336,151.1679229736328,204.0,36.0,165,2.75,True
2026-10-09T11:45:00+11:00,1963813,2459_412,-33.894325256347656,151.15521240234375,239.0,0.0,-64,-1.07,False
2026-10-09T11:45:00+11:00,2284664,2459_461X,-33.87696838378906,151.1014404296875,95.0,0.0,32,0.53,True
2026-10-09T11:45:00+11:00,2388846,2508_173X,-33.854515075683594,151.20936584472656,207.0,66.2,-291,-4.85,False
2026-10-09T11:45:00+11:00,2720353,2514_194,-33.81850051879883,151.2123565673828,63.0,36.0,203,3.38,True
2026-10-09T11:45:00+11:00,2553993,2459_358,-33.924049377441406,151.1844940185547,279.0,32.0,525,8.75,False
2026-10-09T11:45:00+11:00,2287214,2459_431,-33.88313293457031,151.2037811279297,212.0,28.1,-134,-2.23,False
2026-10-09T11:45:00+11:00,2632144,2510_301,-33.92631149291992,151.2062530517578,190.0,20.9,159,2.65,True
2026-10-09T11:45:00+11:00,2383269,2508_100,-33.832820892333984,151.24588012695312,330.0,46.1,124,2.07,True
2026-10-09T11:45:00+11:00,2618627,2459_422,-33.89662170410156,151.1798095703125,236.0,24.8,-90,-1.5,False
2026-10-09T11:45:00+11:00,2290445,2459_461X,-33.870792388916016,151.11692810058594,279.0,39.2,133,2.22,True
2026-10-09T11:45:00+11:00,2286119,2459_433,-33.87800216674805,151.1839141845703,236.0,32.4,167,2.78,True
2026-10-09T11:45:00+11:00,2287237,2459_422,-33.89741134643555,151.1788330078125,52.0,27.0,-45,-0.75,True
2026-10-09T11:45:00+11:00,2714687,2508_114,-33.831485748291016,151.22361755371094,242.0,27.0,175,2.92,True
2026-10-09T11:45:00+11:00,2208459,2459_464,-33.87482452392578,151.10426330566406,188.0,0.0,538,8.97,False
2026-10-09T11:45:00+11:00,2290848,2459_470,-33.864986419677734,151.2098388671875,224.0,0.0,0,0.0,True
2026-10-09T11:45:00+11:00,2285810,2459_438X,-33.850929260253906,151.12857055664062,334.0,0.0,-362,-6.03,False
2026-10-09T11:45:00+11:00,2383247,2508_100,-33.867305755615234,151.2058563232422,175.0,26.6,-57,-0.95,True
2026-10-09T11:45:00+11:00,2719555,2514_194,-33.8112907409668,151.21087646484375,190.0,0.0,466,7.77,False
2026-10-09T11:45:00+11:00,2375252,2508_144,-33.8259162902832,151.1992645263672,141.0,0.4,240,4.0,True
2026-10-09T11:45:00+11:00,2736627,2459_445,-33.86944580078125,151.16278076171875,223.0,37.4,70,1.17,True
2026-10-09T11:45:00+11:00,2286379,2459_423,-33.92356872558594,151.14218139648438,71.0,13.0,-51,-0.85,True
2026-10-09T11:45:00+11:00,2475321,2459_389,-33.86613464355469,151.1918182373047,172.0,18.4,64,1.07,True
2026-10-09T11:45:00+11:00,2288980,2459_428,-33.878238677978516,151.20840454101562,101.0,0.0,-12,-0.2,True
2026-10-09T11:45:00+11:00,2668099,2459_420,-33.8815803527832,151.1028289794922,8.0,19.1,-51,-0.85,True
2026-10-09T11:45:00+11:00,2036759,2459_440,-33.88456344604492,151.19235229492188,83.0,18.4,219,3.65,True
2026-10-09T11:45:00+11:00,2283743,2459_423,-33.89107894897461,151.18861389160156,44.0,40.3,75,1.25,True
2026-10-09T11:45:00+11:00,2286798,2459_442,-33.85747528076172,151.180908203125,113.0,5.0,65,1.08,True
2026-10-09T11:45:00+11:00,2474973,2459_389,-33.870941162109375,151.2052764892578,83.0,0.0,-26,-0.43,True
2026-10-09T11:45:00+11:00,2660255,2459_320,-33.88694381713867,151.20664978027344,10.0,34.2,-185,-3.08,False
2026-10-09T11:45:00+11:00,2668062,2459_420,-33.87641143798828,151.1039276123047,188.0,42.5,201,3.35,True
2026-10-09T11:45:00+11:00,2284139,2459_461X,-33.88555908203125,151.18191528320312,78.0,41.4,-92,-1.53,False
2026-10-09T11:45:00+11:00,2613637,7084_SW2,-33.93693542480469,151.1525115966797,302.0,0.0,-764,-12.73,False
2026-10-09T11:45:00+11:00,2596439,2459_490,-33.86545181274414,151.14456176757812,73.0,34.6,52,0.87,True
2026-10-09T11:45:00+11:00,2287321,2459_303,-33.92277908325195,151.21910095214844,192.0,40.0,189,3.15,True
2026-10-09T11:45:00+11:00,2285356,2459_461X,-33.88199996948242,151.20449829101562,195.0,23.0,-32,-0.53,True
2026-10-09T11:45:00+11:00,2285745,2459_438X,-33.88798904418945,151.1680450439453,265.0,45.0,537,8.95,False
2026-10-09T11:45:00+11:00,2283197,2459_461X,-33.88334655761719,151.20339965820312,45.0,0.0,375,6.25,False
2026-10-09T11:45:00+11:00,2484482,2459_483,-33.88357162475586,151.2032928466797,226.0,0.0,85,1.42,True
2026-10-09T11:45:00+11:00,2714607,2508_114,-33.822200775146484,151.2505645751953,347.0,3.2,0,0.0,True
2026-10-09T11:45:00+11:00,2454758,2508_225,-33.84041213989258,151.22108459472656,21.0,4.3,67,1.12,True
2026-10-09T11:45:00+11:00,2707042,2504_610X,-33.87043762207031,151.2062225341797,176.0,0.0,5,0.08,True
2026-10-09T11:45:00+11:00,2376028,2508_B1,-33.85988998413086,151.20619201660156,196.0,59.0,53,0.88,True
2026-10-09T11:45:00+11:00,2596252,2459_491,-33.884979248046875,151.12200927734375,120.0,37.8,52,0.87,True
2026-10-09T11:45:00+11:00,2554244,2459_358,-33.921478271484375,151.18373107910156,281.0,0.0,-88,-1.47,False
2026-10-09T11:45:00+11:00,2514770,2459_410,-33.87630844116211,151.10397338867188,9.0,0.0,838,13.97,False
2026-10-09T11:45:00+11:00,2208134,2459_440,-33.88768005371094,151.17161560058594,263.0,40.0,-88,-1.47,False
2026-10-09T11:45:00+11:00,2289827,2459_348,-33.93059158325195,151.15538024902344,218.0,0.0,127,2.12,True
2026-10-09T11:45:00+11:00,2421243,2508_230,-33.83010482788086,151.218017578125,277.0,0.0,253,4.22,True
2026-10-09T11:45:00+11:00,2284585,2459_426,-33.88432693481445,151.19873046875,268.0,0.0,-9,-0.15,True
2026-10-09T11:45:00+11:00,2383279,2508_100,-33.8316650390625,151.22259521484375,273.0,6.1,349,5.82,True
2026-10-09T11:45:00+11:00,2039022,2459_470,-33.88135528564453,151.17051696777344,112.0,4.0,-17,-0.28,True
2026-10-09T11:45:00+11:00,2609054,2459_430,-33.90979766845703,151.1620330810547,34.0,0.0,137,2.28,True
2026-10-09T11:45:00+11:00,2290487,2459_423,-33.87821578979492,151.20823669433594,101.0,0.0,-133,-2.22,False
2026-10-09T11:45:00+11:00,2714689,2508_144,-33.795066833496094,151.2691650390625,272.0,21.6,70,1.17,True
2026-10-09T11:45:00+11:00,2290322,2459_431,-33.86833190917969,151.2105255126953,4.0,10.4,31,0.52,True
2026-10-09T11:45:00+11:00,2209247,2459_440,-33.87714385986328,151.1562042236328,1.0,25.2,173,2.88,True
2026-10-09T11:45:00+11:00,2288533,2459_441,-33.8504524230957,151.18313598632812,221.0,0.0,0,0.0,True
2026-10-09T11:45:00+11:00,2308915,2459_445,-33.88395309448242,151.1499481201172,356.0,0.0,-104,-1.73,False
2026-10-09T11:45:00+11:00,2686026,2459_423,-33.86715316772461,151.21066284179688,187.0,2.9,0,0.0,True
2026-10-09T11:45:00+11:00,2208782,2459_413,-33.89356994628906,151.1502227783203,211.0,0.7,-82,-1.37,False
2026-10-09T11:45:00+11:00,2283459,2459_442,-33.87324523925781,151.2034149169922,251.0,37.4,237,3.95,True
2026-10-09T11:45:00+11:00,2288237,2459_461X,-33.87236785888672,151.1251983642578,130.0,40.0,113,1.88,True
2026-10-09T11:45:00+11:00,2287779,2459_422,-33.92445755004883,151.1610565185547,42.0,0.0,0,0.0,True
2026-10-09T11:45:00+11:00,2475151,2459_389,-33.870155334472656,151.19793701171875,137.0,25.6,0,0.0,True
2026-10-09T11:45:00+11:00,2736732,2459_428,-33.866737365722656,151.21070861816406,186.0,0.0,0,0.0,True
2026-10-09T11:45:00+11:00,2284119,2459_437,-33.874732971191406,151.19590759277344,126.0,51.8,160,2.67,True
2026-10-09T11:45:00+11:00,2415628,2508_B1,-33.85279846191406,151.21041870117188,27.0,63.0,38,0.63,True
2026-10-09T11:45:00+11:00,2376349,2508_144,-33.79642105102539,151.1803741455078,178.0,0.0,0,0.0,True
2026-10-09T11:45:00+11:00,2283706,2459_348,-33.92963790893555,151.15435791015625,172.0,25.9,0,0.0,True
2026-10-09T11:45:00+11:00,2288888,2459_437,-33.88417053222656,151.14974975585938,87.0,0.0,62,1.03,True
2026-10-09T11:45:00+11:00,1940345,2459_412,-33.864990234375,151.2108917236328,221.0,0.0,0,0.0,True
2026-10-09T11:45:00+11:00,2714712,2508_144,-33.83100891113281,151.22067260742188,294.0,42.8,675,11.25,False
2026-10-09T11:45:00+11:00,2287090,2459_389,-33.890838623046875,151.24417114257812,292.0,27.4,129,2.15,True
2026-10-09T11:45:00+11:00,2039020,2459_470,-33.87798309326172,151.2098846435547,11.0,0.0,0,0.0,True
2026-10-09T11:45:00+11:00,2415697,2508_B1,-33.82391357421875,151.24185180664062,50.0,19.1,269,4.48,True
2026-10-09T11:45:00+11:00,2660212,2459_320,-33.897586822509766,151.21270751953125,217.0,27.4,200,3.33,True
2026-10-09T11:45:00+11:00,2286659,2459_426,-33.87746810913086,151.20938110351562,6.0,0.0,62,1.03,True
2026-10-09T11:45:00+11:00,2289166,2459_470,-33.88399887084961,151.1792449951172,235.0,46.8,51,0.85,True
2026-10-09T11:45:00+11:00,2685992,2459_423,-33.865699768066406,151.21127319335938,21.0,36.4,0,0.0,True
2026-10-09T11:45:00+11:00,2287478,2459_428,-33.89678192138672,151.1520233154297,76.0,0.0,208,3.47,True
2026-10-09T11:45:00+11:00,2515009,2459_458,-33.87065505981445,151.10499572753906,190.0,10.4,0,0.0,True
2026-10-09T11:45:00+11:00,2377393,2508_111,-33.83319091796875,151.24935913085938,273.0,29.5,70,1.17,True
2026-10-09T11:45:00+11:00,2287265,2459_438X,-33.84490966796875,151.12852478027344,3.0,0.0,0,0.0,True
2026-10-09T11:45:00+11:00,2392583,2508_114,-33.82515335083008,151.24232482910156,118.0,1.8,49,0.82,True
2026-10-09T11:45:00+11:00,2209122,2459_440,-33.89087677001953,151.24842834472656,97.0,0.0,0,0.0,True
2026-10-09T11:45:00+11:00,2308899,2459_445,-33.896724700927734,151.14883422851562,90.0,0.0,-4,-0.07,True
2026-10-09T11:45:00+11:00,2424374,2508_230,-33.84870529174805,151.21168518066406,351.0,28.1,-41,-0.68,True
2026-10-09T11:45:00+11:00,2636282,2459_504,-33.85415267944336,151.13003540039062,169.0,41.4,-1,-0.02,True
2026-10-09T11:45:00+11:00,2290923,2459_433,-33.85820388793945,151.18353271484375,294.0,0.0,0,0.0,True
2026-10-09T11:45:00+11:00,2596232,2459_492,-33.85655975341797,151.14614868164062,52.0,43.9,660,11.0,False
2026-10-09T11:45:00+11:00,2660387,2459_320,-33.88606643676758,151.20281982421875,162.0,0.0,0,0.0,True
2026-10-09T11:45:00+11:00,2036760,2459_440,-33.88787841796875,151.1576385498047,173.0,6.8,161,2.68,True
2026-10-09T11:45:00+11:00,2424344,2508_230,-33.82985305786133,151.21844482421875,115.0,4.7,96,1.6,True
2026-10-09T11:45:00+11:00,2289579,2459_426,-33.895259857177734,151.1815948486328,29.0,11.9,-47,-0.78,True
2026-10-09T11:45:00+11:00,2596421,2459_491,-33.90193557739258,151.11924743652344,20.0,38.2,959,15.98,False
2026-10-09T11:45:00+11:00,2284094,2459_418,-33.91075897216797,151.15672302246094,297.0,0.0,29,0.48,True
2026-10-09T11:45:00+11:00,2474541,2508_225,-33.84407043457031,151.22787475585938,139.0,36.7,-220,-3.67,False
2026-10-09T11:45:00+11:00,2286112,2459_461X,-33.87246322631836,151.21575927734375,187.0,0.0,0,0.0,True
2026-10-09T11:45:00+11:00,2089188,2508_160X,-33.7957649230957,151.1811981201172,218.0,11.5,162,2.7,True
2026-10-09T11:45:00+11:00,2287957,2459_348,-33.909446716308594,151.21957397460938,282.0,24.1,11,0.18,True
2026-10-09T11:45:00+11:00,2721178,2514_271,-33.80244827270508,151.21156311035156,211.0,19.8,220,3.67,True
2026-10-09T11:45:00+11:00,2474898,2459_389,-33.88241195678711,151.23178100585938,131.0,0.0,140,2.33,True
2026-10-09T11:45:00+11:00,2685958,2459_423,-33.878211975097656,151.2093048095703,186.0,0.0,213,3.55,True
2026-10-09T11:45:00+11:00,2415640,2508_B1,-33.80022048950195,151.2471466064453,61.0,49.7,346,5.77,True
2026-10-09T11:45:00+11:00,2290538,2459_438X,-33.88434600830078,151.19537353515625,86.0,0.0,111,1.85,True
2026-10-09T11:45:00+11:00,2736773,2459_308,-33.89797592163086,151.19532775878906,22.0,0.0,59,0.98,True
2026-10-09T11:45:00+11:00,2736725,2459_428,-33.88313293457031,151.20375061035156,222.0,31.0,-134,-2.23,False
2026-10-09T11:45:00+11:00,2636242,2459_504,-33.87349319458008,151.21261596679688,186.0,0.0,46,0.77,True
2026-10-09T11:45:00+11:00,2209020,2459_464,-33.88856887817383,151.11891174316406,255.0,38.2,51,0.85,True
2026-10-09T11:45:00+11:00,2288630,2459_437,-33.873939514160156,151.16038513183594,343.0,0.0,-118,-1.97,False
2026-10-09T11:45:00+11:00,2392770,2508_114,-33.82429885864258,151.1976318359375,141.0,0.0,6,0.1,True
2026-10-09T11:45:00+11:00,2289674,2459_433,-33.85590744018555,151.1747589111328,84.0,23.0,-132,-2.2,False
2026-10-09T11:45:00+11:00,2376899,2508_B1,-33.83168029785156,151.22293090820312,268.0,7.2,-52,-0.87,True
2026-10-09T11:45:00+11:00,2286402,2459_480,-33.88435745239258,151.19593811035156,93.0,13.3,-152,-2.53,False
2026-10-09T11:45:00+11:00,2618184,2508_263,-33.831298828125,151.22438049316406,246.0,12.6,306,5.1,True
2026-10-09T11:45:00+11:00,2036762,2459_440,-33.883758544921875,151.1568603515625,85.0,38.5,131,2.18,True
2026-10-09T11:45:00+11:00,1912300,2459_483,-33.88909149169922,151.13284301757812,62.0,0.0,117,1.95,True
2026-10-09T11:45:00+11:00,2475014,2459_389,-33.89106750488281,151.24493408203125,109.0,19.1,232,3.87,True
2026-10-09T11:45:00+11:00,2736748,2459_428,-33.90557098388672,151.1366729736328,245.0,46.1,-67,-1.12,False
2026-10-09T11:45:00+11:00,2553950,2459_358,-33.92447280883789,151.23062133789062,279.0,35.3,210,3.5,True
2026-10-09T11:45:00+11:00,2484453,2459_483,-33.887840270996094,151.12298583984375,296.0,34.9,313,5.22,True
2026-10-09T11:45:00+11:00,2329281,7083_SW3,-33.91487121582031,151.1648712158203,0.0,0.4,664,11.07,False
2026-10-09T11:45:00+11:00,2704288,2504_610X,-33.8655891418457,151.20567321777344,174.0,1.1,-395,-6.58,False
2026-10-09T11:45:00+11:00,2383317,2508_100,-33.868919372558594,151.20529174804688,355.0,0.0,16,0.27,True
2026-10-09T11:45:00+11:00,2550306,2508_263,-33.827388763427734,151.22491455078125,290.0,33.1,178,2.97,True
2026-10-09T11:45:00+11:00,2287838,2459_438X,-33.881099700927734,151.13938903808594,146.0,22.7,67,1.12,True
2026-10-09T11:45:00+11:00,2089242,2508_160X,-33.784759521484375,151.1880340576172,250.0,67.3,-185,-3.08,False
2026-10-09T11:45:00+11:00,2415658,2508_B1,-33.866676330566406,151.206298828125,10.0,0.0,2,0.03,True
2026-10-09T11:45:00+11:00,2613591,7084_SW2,-33.91238784790039,151.11866760253906,57.0,1.1,-139,-2.32,False
2026-10-09T11:45:00+11:00,2283297,2459_442,-33.862632751464844,151.17648315429688,173.0,0.0,348,5.8,True
2026-10-09T11:45:00+11:00,2685935,2459_423,-33.915504455566406,151.1509552001953,238.0,37.8,-65,-1.08,False
2026-10-09T11:45:00+11:00,2714724,2508_144,-33.819908142089844,151.24388122558594,182.0,17.6,97,1.62,True
2026-10-09T11:45:00+11:00,2668097,2459_420,-33.937774658203125,151.16343688964844,268.0,25.2,138,2.3,True
2026-10-09T11:45:00+11:00,2514955,2459_410,-33.88069152832031,151.10243225097656,192.0,0.0,586,9.77,False
2026-10-09T11:45:00+11:00,2288161,2459_438X,-33.883262634277344,151.20396423339844,51.0,11.5,439,7.32,False
2026-10-09T11:45:00+11:00,2635961,2459_504,-33.872825622558594,151.20480346679688,82.0,10.8,-131,-2.18,False
2026-10-09T11:45:00+11:00,2089834,2508_160X,-33.790260314941406,151.18275451660156,70.0,0.0,222,3.7,True
2026-10-09T11:45:00+11:00,2374634,2508_B1,-33.79997253417969,151.2487030029297,250.0,29.9,182,3.03,True
2026-10-09T11:45:00+11:00,2421487,2508_229,-33.824859619140625,151.24147033691406,298.0,0.0,413,6.88,False
2026-10-09T11:45:00+11:00,2707287,2504_607X,-33.81742858886719,151.20181274414062,152.0,73.1,-251,-4.18,False
2026-10-09T11:45:00+11:00,2438379,7084_SW2,-33.909908294677734,151.1713104248047,0.0,0.0,236,3.93,True
2026-10-09T11:45:00+11:00,2609058,2459_430,-33.89167785644531,151.1882781982422,220.0,0.0,123,2.05,True
2026-10-09T11:45:00+11:00,2736730,2459_445,-33.905120849609375,151.13221740722656,276.0,38.9,17,0.28,True
2026-10-09T11:45:00+11:00,2620044,2459_530,-33.797569274902344,151.17892456054688,248.0,1.4,0,0.0,True
2026-10-09T11:45:00+11:00,2290491,2459_389,-33.879356384277344,151.22140502929688,287.0,18.7,-10,-0.17,True
2026-10-09T11:45:00+11:00,1940344,2459_412,-33.88477325439453,151.188232421875,271.0,33.8,60,1.0,True
2026-10-09T11:45:00+11:00,2570052,7083_SW1,-33.91094207763672,151.15597534179688,41.0,18.0,247,4.12,True
2026-10-09T11:45:00+11:00,1912299,2459_483,-33.884376525878906,151.19561767578125,88.0,0.0,388,6.47,False
2026-10-09T11:45:00+11:00,2284783,2459_470,-33.87649154663086,151.20950317382812,188.0,27.0,-80,-1.33,False
2026-10-09T11:45:00+11:00,2475071,2459_389,-33.88094711303711,151.22402954101562,106.0,0.0,-142,-2.37,False
2026-10-09T11:45:00+11:00,2283348,2459_422,-33.8834342956543,151.2032470703125,47.0,0.0,-267,-4.45,False
2026-10-09T11:45:00+11:00,2710657,2504_610X,-33.87002944946289,151.2053985595703,354.0,27.4,134,2.23,True
2026-10-09T11:45:00+11:00,2037362,2459_469,-33.880252838134766,151.17941284179688,108.0,0.0,38,0.63,True
2026-10-09T11:45:00+11:00,2596277,2459_492,-33.8765869140625,151.1181640625,191.0,0.0,341,5.68,True
2026-10-09T11:45:00+11:00,2721377,2514_558,-33.79560089111328,151.18089294433594,88.0,0.0,155,2.58,True
2026-10-09T11:45:00+11:00,2286320,2459_438X,-33.87009811401367,151.2103271484375,178.0,0.0,-50,-0.83,True
2026-10-09T11:45:00+11:00,2383299,2508_100,-33.82978057861328,151.24420166015625,175.0,17.6,107,1.78,True
2026-10-09T11:45:00+11:00,2376487,2508_173X,-33.86508560180664,151.20474243164062,326.0,13.0,301,5.02,True
2026-10-09T11:45:00+11:00,2283131,2459_418,-33.892704010009766,151.12779235839844,4.0,50.0,52,0.87,True
2026-10-09T11:45:00+11:00,2706092,2504_607X,-33.87173080444336,151.2064208984375,176.0,0.0,10,0.17,True
2026-10-09T11:45:00+11:00,2736637,2459_445,-33.8580207824707,151.18341064453125,115.0,0.0,0,0.0,True
2026-10-09T11:45:00+11:00,2636299,2459_504,-33.85142135620117,151.1539764404297,52.0,0.0,262,4.37,True
2026-10-09T11:45:00+11:00,2288793,2459_303,-33.92441177368164,151.20863342285156,101.0,39.6,238,3.97,True
2026-10-09T11:45:00+11:00,2319781,7083_SW3,-33.91349792480469,151.1160888671875,256.0,0.0,62,1.03,True
2026-10-09T11:45:00+11:00,2377350,2508_173X,-33.79599380493164,151.25302124023438,45.0,36.7,109,1.82,True
2026-10-09T11:45:00+11:00,2719824,2514_270,-33.80556869506836,151.20529174804688,11.0,24.1,-41,-0.68,True
2026-10-09T11:45:00+11:00,2421245,2508_230,-33.83944320678711,151.2069854736328,187.0,0.0,594,9.9,False
2026-10-09T11:45:00+11:00,2725843,7083_SW1,-33.91130447387695,151.15560913085938,219.0,5.8,52,0.87,True
2026-10-09T11:45:00+11:00,2288642,2459_389,-33.87517547607422,151.2151641845703,283.0,41.4,290,4.83,True
2026-10-09T11:45:00+11:00,2209279,2459_464,-33.862125396728516,151.10704040527344,119.0,35.3,136,2.27,True
2026-10-09T11:45:00+11:00,2613588,7084_SW2,-33.90134811401367,151.1533203125,124.0,0.0,-230,-3.83,False
2026-10-09T11:45:00+11:00,1973451,2508_162,-33.79595184326172,151.26446533203125,9.0,29.9,-84,-1.4,False
2026-10-09T11:45:00+11:00,2719820,2514_565,-33.79176330566406,151.18032836914062,191.0,33.5,68,1.13,True
2026-10-09T11:45:00+11:00,2720313,2514_271,-33.8702278137207,151.20619201660156,175.0,0.0,195,3.25,True
2026-10-09T11:45:00+11:00,2668151,2459_420,-33.9263801574707,151.1757354736328,267.0,70.2,-60,-1.0,False
2026-10-09T11:45:00+11:00,2376879,2508_243,-33.823692321777344,151.24038696289062,187.0,0.0,0,0.0,True
2026-10-09T11:45:00+11:00,2554274,2459_358,-33.924888610839844,151.22792053222656,65.0,15.1,158,2.63,True
2026-10-09T11:45:00+11:00,2619992,2459_530,-33.8558349609375,151.1473388671875,234.0,33.1,128,2.13,True
2026-10-09T11:45:00+11:00,2308837,2459_445,-33.85588836669922,151.1747589111328,85.0,34.6,-290,-4.83,False
2026-10-09T11:45:00+11:00,2208714,2459_530,-33.81488800048828,151.1570587158203,65.0,43.9,-187,-3.12,False
2026-10-09T11:45:00+11:00,2438326,7084_SW2,-33.913658142089844,151.1155548095703,238.0,0.0,-6,-0.1,True
2026-10-09T11:45:00+11:00,2636138,2459_504,-33.87466812133789,151.19854736328125,75.0,41.0,450,7.5,False
2026-10-09T11:45:00+11:00,2705345,2504_610X,-33.81105041503906,151.16653442382812,287.0,44.6,148,2.47,True
2026-10-09T11:45:00+11:00,2383244,2508_100,-33.8294677734375,151.2152862548828,52.0,40.7,8,0.13,True
2026-10-09T11:45:00+11:00,2421210,2508_230,-33.83030319213867,151.2433624267578,68.0,0.0,84,1.4,True
2026-10-09T11:45:00+11:00,2208473,2459_440,-33.879417419433594,151.2091522216797,184.0,0.0,44,0.73,True
2026-10-09T11:45:00+11:00,2632208,2510_301,-33.94078826904297,151.2154541015625,325.0,30.6,187,3.12,True
2026-10-09T11:45:00+11:00,2720091,2514_281,-33.79624557495117,151.1813507080078,2.0,0.0,0,0.0,True
2026-10-09T11:45:00+11:00,2643362,2507_120,-33.79552459716797,151.1813201904297,163.0,8.6,0,0.0,True
2026-10-09T11:45:00+11:00,2643205,2507_52,-33.84700012207031,151.15196228027344,153.0,0.0,162,2.7,True
2026-10-09T11:45:00+11:00,2643324,2507_501,-33.880802154541016,151.20664978027344,201.0,10.1,0,0.0,True
2026-10-09T11:45:00+11:00,2621391,2507_288,-33.81229782104492,151.1717071533203,94.0,0.0,481,8.02,False
2026-10-09T11:45:00+11:00,2407076,2507_265,-33.84102249145508,151.20651245117188,27.0,3.2,64,1.07,True
2026-10-09T11:45:00+11:00,2643628,2507_52,-33.85153579711914,151.15487670898438,322.0,18.4,124,2.07,True
2026-10-09T11:45:00+11:00,2555494,2507_538,-33.83134460449219,151.12628173828125,157.0,7.9,0,0.0,True
2026-10-09T11:45:00+11:00,2644808,2507_120,-33.826045989990234,151.21356201171875,140.0,61.6,123,2.05,True
2026-10-09T11:45:00+11:00,2738476,2507_533,-33.79673385620117,151.18052673339844,172.0,0.0,3,0.05,True
2026-10-09T11:45:00+11:00,2406785,2507_261,-33.838993072509766,151.20677185058594,6.0,18.4,312,5.2,True
2026-10-09T11:45:00+11:00,2621588,2507_516,-33.796730041503906,151.16773986816406,304.0,45.7,193,3.22,True
2026-10-09T11:45:00+11:00,2555520,2507_265,-33.817989349365234,151.17108154296875,243.0,24.1,138,2.3,True
2026-10-09T11:45:00+11:00,2643969,2507_52,-33.8734016418457,151.21060180664062,100.0,10.8,2,0.03,True
2026-10-09T11:45:00+11:00,2645009,2507_207,-33.838523864746094,151.20713806152344,187.0,0.0,-53,-0.88,True
2026-10-09T11:45:00+11:00,2672273,2507_115,-33.7932014465332,151.19300842285156,69.0,31.0,1,0.02,True
2026-10-09T11:45:00+11:00,2672481,2507_115,-33.80418014526367,151.1994171142578,9.0,29.2,-88,-1.47,False
2026-10-09T11:45:00+11:00,2642863,2507_501,-33.871917724609375,151.19322204589844,176.0,15.5,74,1.23,True
2026-10-09T11:45:00+11:00,2672408,2507_115,-33.823421478271484,151.200927734375,180.0,0.0,443,7.38,False
2026-10-09T11:45:00+11:00,2731257,2507_291,-33.8367919921875,151.20663452148438,101.0,13.7,85,1.42,True
2026-10-09T11:45:00+11:00,2744669,2507_292,-33.802181243896484,151.14854431152344,28.0,43.2,63,1.05,True
2026-10-09T11:45:00+11:00,2644483,2507_207,-33.79155349731445,151.20697021484375,357.0,0.0,-246,-4.1,False
2026-10-09T11:45:00+11:00,2672447,2507_267,-33.826473236083984,151.20648193359375,94.0,0.0,237,3.95,True
2026-10-09T11:45:00+11:00,2642829,2507_120,-33.79536437988281,151.18597412109375,251.0,8.6,-425,-7.08,False
2026-10-09T11:45:00+11:00,2537459,2507_506,-33.86506652832031,151.17190551757812,131.0,0.0,246,4.1,True
2026-10-09T11:45:00+11:00,2644515,2507_52,-33.829811096191406,151.12677001953125,173.0,28.8,-38,-0.63,True
2026-10-09T11:45:00+11:00,2322321,2507_506,-33.8680534362793,151.17578125,342.0,27.4,-2,-0.03,True
2026-10-09T11:45:00+11:00,2644761,2507_52,-33.87363052368164,151.20217895507812,249.0,46.1,122,2.03,True
2026-10-09T11:45:00+11:00,2642869,2507_501,-33.864253997802734,151.1707000732422,131.0,0.0,416,6.93,False
2026-10-09T11:45:00+11:00,2555546,2507_291,-33.82381820678711,151.1971893310547,323.0,17.3,-100,-1.67,False
2026-10-09T11:45:00+11:00,2621442,2507_288,-33.79642105102539,151.18077087402344,184.0,0.0,0,0.0,True
2026-10-09T11:45:00+11:00,2634478,2507_261,-33.814849853515625,151.16998291015625,167.0,0.0,0,0.0,True
2026-10-09T11:45:00+11:00,2227878,2507_275,-33.795989990234375,151.18112182617188,356.0,0.0,0,0.0,True
2026-10-09T11:45:00+11:00,2644482,2507_52,-33.83694839477539,151.13021850585938,293.0,18.0,414,6.9,False
2026-10-09T11:45:00+11:00,2407860,2507_252,-33.81227493286133,151.17259216308594,85.0,40.0,150,2.5,True
2026-10-09T11:45:00+11:00,2738475,2507_533,-33.80525588989258,151.16082763671875,99.0,0.0,8,0.13,True
2026-10-09T11:45:00+11:00,2644006,2507_52,-33.86534881591797,151.17222595214844,130.0,31.3,349,5.82,True
2026-10-09T11:45:00+11:00,2621608,2507_252,-33.840904235839844,151.20864868164062,188.0,22.0,0,0.0,True
2026-10-09T11:45:00+11:00,2645023,2507_501,-33.84000778198242,151.1373291015625,76.0,44.6,124,2.07,True
2026-10-09T11:45:00+11:00,2643576,2507_202,-33.81060791015625,151.2217559814453,225.0,16.6,-33,-0.55,True
2026-10-09T11:45:00+11:00,2644779,2507_120,-33.81686019897461,151.201416015625,343.0,37.1,-57,-0.95,True
2026-10-09T11:45:00+11:00,2226058,2507_288,-33.812339782714844,151.1724395751953,265.0,2.5,-9,-0.15,True
2026-10-09T11:45:00+11:00,2682098,2507_267,-33.7991943359375,151.1926727294922,112.0,19.1,56,0.93,True
2026-10-09T11:45:00+11:00,2682167,2507_202,-33.86357498168945,151.20957946777344,267.0,9.4,52,0.87,True
2026-10-09T11:45:00+11:00,2644341,2507_120,-33.79254150390625,151.1949005126953,77.0,6.1,274,4.57,True
2026-10-09T11:45:00+11:00,2643005,2507_254,-33.819515228271484,151.17015075683594,7.0,13.0,-294,-4.9,False
2026-10-09T11:45:00+11:00,2672270,2507_115,-33.796329498291016,151.1810760498047,4.0,0.0,0,0.0,True
2026-10-09T11:45:00+11:00,2744541,2507_292,-33.864620208740234,151.2047882080078,354.0,0.0,-113,-1.88,False
2026-10-09T11:45:00+11:00,2643679,2507_120,-33.796627044677734,151.1808319091797,177.0,0.0,0,0.0,True
2026-10-09T11:45:00+11:00,2744623,2507_292,-33.812400817871094,151.1757354736328,82.0,68.4,-146,-2.43,False
2026-10-09T11:45:00+11:00,2644829,2507_501,-33.8468132019043,151.151611328125,332.0,55.4,207,3.45,True
2026-10-09T11:45:00+11:00,2644533,2507_120,-33.796329498291016,151.18077087402344,188.0,12.6,360,6.0,False
2026-10-09T11:45:00+11:00,2643395,2507_501,-33.88077163696289,151.20668029785156,212.0,0.0,0,0.0,True
2026-10-09T11:45:00+11:00,2682028,2507_202,-33.84095764160156,151.2076873779297,280.0,18.0,163,2.72,True
2026-10-09T11:45:00+11:00,2642952,2507_120,-33.86835479736328,151.20599365234375,175.0,0.0,150,2.5,True
2026-10-09T11:45:00+11:00,2642952_2,2507_120,-33.87150192260742,151.20639038085938,173.0,0.0,-7,-0.12,True
2026-10-09T11:45:00+11:00,2621563,2507_252,-33.81612777709961,151.15179443359375,192.0,22.0,54,0.9,True
2026-10-09T11:45:00+11:00,2564964,2509_350,-33.93165969848633,151.19422912597656,13.0,22.0,85,1.42,True
2026-10-09T11:45:00+11:00,2575770,2509_374,-33.891563415527344,151.2119903564453,278.0,0.0,248,4.13,True
2026-10-09T11:45:00+11:00,2531927,2509_324,-33.85599899291992,151.20693969726562,224.0,0.0,0,0.0,True
2026-10-09T11:45:00+11:00,2565047,2509_333,-33.862388610839844,151.21119689941406,7.0,0.0,8,0.13,True
2026-10-09T11:45:00+11:00,2628701,2509_304,-33.897193908691406,151.212890625,39.0,0.0,36,0.6,True
2026-10-09T11:45:00+11:00,2141075,2509_306,-33.926822662353516,151.20626831054688,190.0,0.0,124,2.07,True
2026-10-09T11:45:00+11:00,2356095,2509_343,-33.875244140625,151.2096710205078,351.0,0.0,13,0.22,True
2026-10-09T11:45:00+11:00,2564618,2509_350,-33.93290328979492,151.17965698242188,101.0,0.0,30,0.5,True
2026-10-09T11:45:00+11:00,2564884,2509_350,-33.89098358154297,151.24464416503906,109.0,11.9,0,0.0,True
2026-10-09T11:45:00+11:00,2396521,2509_392,-33.903541564941406,151.20909118652344,293.0,18.0,-200,-3.33,False
2026-10-09T11:45:00+11:00,2565127,2509_333,-33.89177322387695,151.24734497070312,260.0,15.1,239,3.98,True
2026-10-09T11:45:00+11:00,2137058,2509_396,-33.88821792602539,151.21995544433594,160.0,39.6,77,1.28,True
2026-10-09T11:45:00+11:00,2357064,2509_374,-33.91769790649414,151.2546844482422,100.0,6.8,-206,-3.43,False
2026-10-09T11:45:00+11:00,2434864,2509_390X,-33.90707015991211,151.25201416015625,255.0,38.5,145,2.42,True
2026-10-09T11:45:00+11:00,2532777,2509_381,-33.89325714111328,151.25885009765625,101.0,36.7,296,4.93,True
2026-10-09T11:45:00+11:00,2400219,2509_309,-33.94175338745117,151.1951446533203,352.0,37.4,-32,-0.53,True
2026-10-09T11:45:00+11:00,2357311,2509_370,-33.90714645385742,151.18170166015625,249.0,0.0,307,5.12,True
2026-10-09T11:45:00+11:00,2564787,2509_350,-33.94476318359375,151.2398681640625,349.0,37.8,668,11.13,False
2026-10-09T11:45:00+11:00,2740193,2509_370,-33.90716552734375,151.18751525878906,38.0,37.1,-121,-2.02,False
2026-10-09T11:45:00+11:00,2675086,2509_309,-33.90070343017578,151.2007598876953,156.0,48.2,-15,-0.25,True
2026-10-09T11:45:00+11:00,2533142,2509_313,-33.91887283325195,151.25717163085938,68.0,8.6,0,0.0,True
2026-10-09T11:45:00+11:00,2565013,2509_333,-33.8634147644043,151.2113800048828,265.0,1.1,-283,-4.72,False
2026-10-09T11:45:00+11:00,2563938,2509_379,-33.88804626464844,151.2620849609375,79.0,24.1,484,8.07,False
2026-10-09T11:45:00+11:00,2564792,2509_333,-33.88594055175781,151.22882080078125,135.0,20.5,115,1.92,True
2026-10-09T11:45:00+11:00,2563839,2509_379,-33.896392822265625,151.25131225585938,338.0,0.0,68,1.13,True
2026-10-09T11:45:00+11:00,2357505,2509_343,-33.907073974609375,151.20758056640625,332.0,19.1,-19,-0.32,True
2026-10-09T11:45:00+11:00,2356482,2509_373,-33.87720489501953,151.21270751953125,135.0,10.8,173,2.88,True
2026-10-09T11:45:00+11:00,2565067,2509_333,-33.883602142333984,151.22142028808594,115.0,30.6,-30,-0.5,True
2026-10-09T11:45:00+11:00,2564650,2509_350,-33.9459114074707,151.2266845703125,82.0,4.0,-73,-1.22,False
2026-10-09T11:45:00+11:00,2563808,2509_386,-33.87355422973633,151.27349853515625,37.0,0.0,406,6.77,False
2026-10-09T11:45:00+11:00,2531227,2509_325,-33.86930847167969,151.27005004882812,36.0,0.0,-62,-1.03,False
2026-10-09T11:45:00+11:00,2356826,2509_373,-33.919551849365234,151.24241638183594,346.0,1.4,103,1.72,True
2026-10-09T11:45:00+11:00,2564670,2509_350,-33.93329620361328,151.18202209472656,96.0,21.6,502,8.37,False
2026-10-09T11:45:00+11:00,2352406,2509_307,-33.92870330810547,151.19479370117188,9.0,0.0,120,2.0,True
2026-10-09T11:45:00+11:00,2531541,2509_324,-33.87757873535156,151.2340850830078,136.0,7.9,-4,-0.07,True
2026-10-09T11:45:00+11:00,2470798,2509_356,-33.94581604003906,151.2260284423828,183.0,0.0,0,0.0,True
2026-10-09T11:45:00+11:00,2531221,2509_324,-33.84364318847656,151.28402709960938,5.0,0.0,0,0.0,True
2026-10-09T11:45:00+11:00,2352539,2509_307,-33.94550704956055,151.2267608642578,328.0,23.0,0,0.0,True
2026-10-09T11:45:00+11:00,2564709,2509_333,-33.889427185058594,151.2832794189453,36.0,0.0,0,0.0,True
2026-10-09T11:45:00+11:00,2356689,2509_339,-33.910125732421875,151.2516632080078,293.0,0.4,-8,-0.13,True
2026-10-09T11:45:00+11:00,2564729,2509_350,-33.89146423339844,151.2493896484375,97.0,19.4,-14,-0.23,True
2026-10-09T11:45:00+11:00,2564671,2509_333,-33.88954162597656,151.28326416015625,215.0,0.0,0,0.0,True
2026-10-09T11:45:00+11:00,2534709,2509_355,-33.90165710449219,151.16966247558594,26.0,25.9,77,1.28,True
2026-10-09T11:45:00+11:00,2346304,2509_390X,-33.9155387878418,151.23980712890625,73.0,13.0,758,12.63,False
2026-10-09T11:45:00+11:00,2434679,2509_390X,-33.94057846069336,151.2391815185547,168.0,0.0,556,9.27,False
2026-10-09T11:45:00+11:00,2628664,2509_304,-33.86266326904297,151.21200561523438,7.0,0.0,0,0.0,True
2026-10-09T11:45:00+11:00,2151370,2509_333,-33.869606018066406,151.2102813720703,5.0,16.9,0,0.0,True
2026-10-09T11:45:00+11:00,2396589,2509_392,-33.90328598022461,151.2075958251953,297.0,0.0,382,6.37,False
2026-10-09T11:45:00+11:00,2532017,2509_325,-33.87297439575195,151.26316833496094,253.0,31.0,364,6.07,False
2026-10-09T11:45:00+11:00,2564689,2509_333,-33.891441345214844,151.2737274169922,228.0,35.3,24,0.4,True
2026-10-09T11:45:00+11:00,2352755,2509_392,-33.90445327758789,151.2153778076172,142.0,0.0,173,2.88,True
2026-10-09T11:45:00+11:00,2138321,2509_396,-33.91611862182617,151.2256622314453,349.0,27.4,48,0.8,True
2026-10-09T11:45:00+11:00,2434622,2509_390X,-33.91901779174805,151.2264862060547,172.0,0.0,144,2.4,True
2026-10-09T11:45:00+11:00,2138929,2509_396,-33.896209716796875,151.22171020507812,351.0,20.2,229,3.82,True
2026-10-09T11:45:00+11:00,2628739,2509_304,-33.90786361694336,151.20645141601562,294.0,0.0,-54,-0.9,True
2026-10-09T11:45:00+11:00,2357126,2509_311,-33.858184814453125,151.20294189453125,130.0,36.0,370,6.17,False
2026-10-09T11:45:00+11:00,2403274,2509_311,-33.86933898925781,151.2256622314453,188.0,22.3,158,2.63,True
2026-10-09T11:45:00+11:00,2396568,2509_392,-33.93778991699219,151.22943115234375,22.0,38.9,295,4.92,True
2026-10-09T11:45:00+11:00,2534249,2509_355,-33.891719818115234,151.21412658691406,99.0,0.0,169,2.82,True
2026-10-09T11:45:00+11:00,2356213,2509_343,-33.87291717529297,151.20994567871094,186.0,0.0,508,8.47,False
2026-10-09T11:45:00+11:00,2534203,2509_326,-33.875553131103516,151.25912475585938,113.0,11.5,115,1.92,True
2026-10-09T11:45:00+11:00,2564976,2509_350,-33.891212463378906,151.24957275390625,275.0,2.9,0,0.0,True
2026-10-09T11:45:00+11:00,2564715,2509_333,-33.89036178588867,151.24256896972656,291.0,0.0,469,7.82,False
2026-10-09T11:45:00+11:00,2356387,2509_343,-33.898582458496094,151.2063751220703,1.0,3.6,303,5.05,True
2026-10-09T11:45:00+11:00,2532795,2509_362,-33.91929244995117,151.2571258544922,9.0,0.0,0,0.0,True
2026-10-09T11:45:00+11:00,2740230,2509_370,-33.90107727050781,151.19302368164062,36.0,0.0,200,3.33,True
2026-10-09T11:45:00+11:00,2357170,2509_370,-33.89497756958008,151.1819610595703,38.0,11.5,497,8.28,False
2026-10-09T11:45:00+11:00,2352450,2509_356,-33.903350830078125,151.24478149414062,197.0,12.6,100,1.67,True
2026-10-09T11:45:00+11:00,2139262,2509_375,-33.94667053222656,151.22845458984375,117.0,32.8,173,2.88,True
2026-10-09T11:45:00+11:00,2357082,2509_343,-33.907615661621094,151.20758056640625,206.0,0.4,85,1.42,True
2026-10-09T11:45:00+11:00,2531402,2509_362,-33.87334060668945,151.27352905273438,140.0,13.3,420,7.0,False
2026-10-09T11:45:00+11:00,2740164,2509_370,-33.8834342956543,151.19149780273438,130.0,27.7,188,3.13,True
2026-10-09T11:45:00+11:00,2357467,2509_370,-33.9102668762207,151.20274353027344,280.0,14.4,-15,-0.25,True
2026-10-09T11:45:00+11:00,2138413,2509_396,-33.870018005371094,151.21034240722656,180.0,0.0,106,1.77,True
2026-10-09T11:45:00+11:00,2628783,2509_304,-33.89023208618164,151.21302795410156,188.0,0.0,243,4.05,True
2026-10-09T11:45:00+11:00,2357368,2509_373,-33.879966735839844,151.21609497070312,315.0,20.2,74,1.23,True
2026-10-09T11:45:00+11:00,2628690,2509_304,-33.87648391723633,151.2095184326172,184.0,21.2,138,2.3,True
2026-10-09T11:45:00+11:00,2564968,2509_333,-33.89506149291992,151.2711181640625,112.0,2.5,-69,-1.15,False
2026-10-09T11:45:00+11:00,2533057,2509_380,-33.88966369628906,151.2801055908203,118.0,29.5,47,0.78,True
2026-10-09T11:45:00+11:00,2533176,2509_324,-33.873870849609375,151.21347045898438,282.0,1.1,-246,-4.1,False
2026-10-09T11:45:00+11:00,2564641,2509_350,-33.89628982543945,151.25131225585938,336.0,0.0,-47,-0.78,True
2026-10-09T11:45:00+11:00,2564674,2509_350,-33.932430267333984,151.25704956054688,323.0,46.8,-63,-1.05,False
2026-10-09T11:45:00+11:00,2138056,2509_375,-33.9359016418457,151.25775146484375,8.0,41.8,415,6.92,False
2026-10-09T11:45:00+11:00,2564971,2509_350,-33.92798614501953,151.25526428222656,190.0,38.2,249,4.15,True
2026-10-09T11:45:00+11:00,2136843,2509_396,-33.86344909667969,151.2118377685547,331.0,10.8,202,3.37,True
2026-10-09T11:45:00+11:00,2488366,2509_392,-33.893795013427734,151.1997528076172,202.0,14.0,237,3.95,True
2026-10-09T11:45:00+11:00,2534314,2509_325,-33.87319564819336,151.2088623046875,97.0,0.0,72,1.2,True
2026-10-09T11:45:00+11:00,2564997,2509_350,-33.92500686645508,151.1920623779297,279.0,34.6,427,7.12,False
2026-10-09T11:45:00+11:00,2551782,2509_379,-33.8824348449707,151.27647399902344,189.0,12.2,180,3.0,True
2026-10-09T11:45:00+11:00,2531823,2509_380,-33.89387512207031,151.2634735107422,282.0,28.8,594,9.9,False
2026-10-09T11:45:00+11:00,2564539,2509_333,-33.86165237426758,151.2118682861328,94.0,0.0,0,0.0,True
2026-10-09T11:45:00+11:00,2531763,2509_355,-33.901649475097656,151.20001220703125,156.0,3.2,179,2.98,True
2026-10-09T11:45:00+11:00,2346348,2509_390X,-33.919639587402344,151.2264404296875,350.0,0.0,285,4.75,True
2026-10-09T11:45:00+11:00,2534276,2509_313,-33.893043518066406,151.2496337890625,189.0,0.0,32,0.53,True
2026-10-09T11:45:00+11:00,2357253,2509_373,-33.90847396850586,151.23451232910156,278.0,0.0,0,0.0,True
2026-10-09T11:45:00+11:00,2356698,2509_370,-33.90248107910156,151.1966094970703,254.0,28.4,213,3.55,True
2026-10-09T11:45:00+11:00,2335667,2509_309,-33.92158126831055,151.1960906982422,9.0,0.0,86,1.43,True
2026-10-09T11:45:00+11:00,2564675,2509_350,-33.94709014892578,151.248779296875,285.0,41.4,240,4.0,True
2026-10-09T11:45:00+11:00,2531895,2509_325,-33.87101364135742,151.2055206298828,334.0,9.4,311,5.18,True
2026-10-09T11:45:00+11:00,2564778,2509_333,-33.88951110839844,151.2834014892578,213.0,0.0,0,0.0,True
2026-10-09T11:45:00+11:00,2675085,2509_309,-33.92136764526367,151.19662475585938,222.0,0.0,61,1.02,True
2026-10-09T11:45:00+11:00,2400228,2509_309,-33.90408706665039,151.20254516601562,342.0,34.2,180,3.0,True
2026-10-09T11:45:00+11:00,2470785,2509_356,-33.896114349365234,151.24966430664062,13.0,16.9,-142,-2.37,False
2026-10-09T11:45:00+11:00,2551869,2509_379,-33.895992279052734,151.25103759765625,159.0,0.0,-57,-0.95,True
2026-10-09T11:45:00+11:00,2563997,2509_379,-33.90666580200195,151.26734924316406,246.0,0.0,3,0.05,True
2026-10-09T11:45:00+11:00,2335806,2509_309,-33.896873474121094,151.1993865966797,348.0,0.0,398,6.63,False
2026-10-09T11:45:00+11:00,2740206,2509_370,-33.874488830566406,151.18283081054688,147.0,36.7,-69,-1.15,False
2026-10-09T11:45:00+11:00,2565082,2509_350,-33.910179138183594,151.25442504882812,10.0,41.4,-3,-0.05,True
2026-10-09T11:45:00+11:00,2564945,2509_350,-33.907371520996094,151.25448608398438,156.0,36.4,168,2.8,True
2026-10-09T11:45:00+11:00,2356578,2509_373,-33.92340087890625,151.25628662109375,7.0,21.6,-603,-10.05,False
2026-10-09T11:45:00+11:00,2533052,2509_352,-33.88905334472656,151.20140075683594,105.0,0.0,-82,-1.37,False
2026-10-09T11:45:00+11:00,2532991,2509_360,-33.911277770996094,151.26971435546875,188.0,0.0,-56,-0.93,True
2026-10-09T11:45:00+11:00,2356676,2509_339,-33.907920837402344,151.24755859375,159.0,1.4,3,0.05,True
2026-10-09T11:45:00+11:00,2534522,2509_324,-33.849124908447266,151.28695678710938,178.0,17.6,119,1.98,True
2026-10-09T11:45:00+11:00,2470760,2509_356,-33.93142318725586,151.25369262695312,11.0,12.6,298,4.97,True
2026-10-09T11:45:00+11:00,2357842,2509_374,-33.88619613647461,151.20819091796875,175.0,0.0,137,2.28,True
2026-10-09T11:45:00+11:00,2138713,2509_396,-33.947757720947266,151.2550506591797,43.0,0.0,20,0.33,True
2026-10-09T11:45:00+11:00,2140857,2509_396,-33.930824279785156,151.2369842529297,156.0,46.8,238,3.97,True
2026-10-09T11:45:00+11:00,2357441,2509_370,-33.91996765136719,151.25689697265625,7.0,0.0,0,0.0,True
2026-10-09T11:45:00+11:00,2434567,2509_390X,-33.9124641418457,151.23927307128906,155.0,0.0,312,5.2,True
2026-10-09T11:45:00+11:00,2533198,2509_387,-33.890777587890625,151.2537078857422,237.0,39.2,-168,-2.8,False
2026-10-09T11:45:00+11:00,2352717,2509_356,-33.91295623779297,151.23948669433594,171.0,13.7,963,16.05,False
2026-10-09T11:45:00+11:00,2470770,2509_397,-33.941951751708984,151.2407684326172,277.0,0.0,-53,-0.88,True
2026-10-09T11:45:00+11:00,2564592,2509_333,-33.891624450683594,151.246826171875,107.0,23.4,-141,-2.35,False
2026-10-09T11:45:00+11:00,2356007,2509_373,-33.90437316894531,151.2268524169922,160.0,0.0,66,1.1,True
2026-10-09T11:45:00+11:00,2357297,2509_370,-33.914939880371094,151.22605895996094,280.0,0.7,76,1.27,True
2026-10-09T11:45:00+11:00,2564678,2509_333,-33.89120864868164,151.2530975341797,72.0,0.0,185,3.08,True
2026-10-09T11:45:00+11:00,2357048,2509_370,-33.919334411621094,151.24647521972656,289.0,0.0,9,0.15,True
2026-10-09T11:45:00+11:00,2740166,2509_370,-33.916439056396484,151.24105834960938,159.0,0.0,312,5.2,True
2026-10-09T11:45:00+11:00,2563935,2509_379,-33.891361236572266,151.24853515625,98.0,14.0,292,4.87,True
2026-10-09T11:45:00+11:00,2533228,2509_352,-33.88483810424805,151.22518920898438,105.0,22.0,648,10.8,False
2026-10-09T11:45:00+11:00,2564750,2509_333,-33.86890411376953,151.21044921875,194.0,7.2,183,3.05,True
2026-10-09T11:45:00+11:00,2575729,2509_374,-33.91322708129883,151.24278259277344,279.0,38.2,-58,-0.97,True
2026-10-09T11:45:00+11:00,2628695,2509_304,-33.8751220703125,151.20968627929688,5.0,3.6,69,1.15,True
2026-10-09T11:45:00+11:00,2356041,2509_373,-33.9196662902832,151.25704956054688,9.0,0.0,0,0.0,True
2026-10-09T11:45:00+11:00,2346317,2509_390X,-33.91317367553711,151.23953247070312,340.0,0.0,131,2.18,True
2026-10-09T11:45:00+11:00,2534636,2509_362,-33.870304107666016,151.27044677734375,320.0,0.0,-15,-0.25,True
2026-10-09T11:45:00+11:00,2534279,2509_327,-33.8863525390625,151.24725341796875,225.0,30.6,46,0.77,True
2026-10-09T11:45:00+11:00,2565060,2509_350,-33.94261932373047,151.23992919921875,175.0,26.3,69,1.15,True
2026-10-09T11:45:00+11:00,2357270,2509_339,-33.88388442993164,151.20933532714844,295.0,0.4,50,0.83,True
2026-10-09T11:45:00+11:00,2740265,2509_370,-33.91666030883789,151.239501953125,9.0,0.0,-100,-1.67,False
2026-10-09T11:45:00+11:00,2137875,2509_396,-33.94792556762695,151.25491333007812,44.0,0.0,0,0.0,True
2026-10-09T11:45:00+11:00,2140570,2509_396,-33.94166946411133,151.2397003173828,279.0,9.7,180,3.0,True
2026-10-09T11:45:00+11:00,2488503,2509_392,-33.913082122802734,151.2248992919922,137.0,50.8,434,7.23,False
2026-10-09T11:45:00+11:00,2139038,2509_375,-33.91748046875,151.2415008544922,141.0,39.2,204,3.4,True
2026-10-09T11:45:00+11:00,2564919,2509_333,-33.87498092651367,151.20970153808594,5.0,0.0,-169,-2.82,False
2026-10-09T11:45:00+11:00,2434767,2509_390X,-33.8913688659668,151.24855041503906,99.0,14.8,90,1.5,True
2026-10-09T11:45:00+11:00,2356942,2509_370,-33.920005798339844,151.2571258544922,189.0,0.0,0,0.0,True
2026-10-09T11:45:00+11:00,2396597,2509_392,-33.94734191894531,151.2295379638672,306.0,14.0,-5,-0.08,True
2026-10-09T11:45:00+11:00,2531904,2509_352,-33.908512115478516,151.1720733642578,81.0,0.0,0,0.0,True
2026-10-09T11:45:00+11:00,2532127,2509_325,-33.84334182739258,151.2840576171875,345.0,0.0,0,0.0,True
2026-10-09T11:45:00+11:00,2356077,2509_370,-33.87992477416992,151.18702697753906,330.0,0.0,242,4.03,True
2026-10-09T11:45:00+11:00,2565042,2509_333,-33.89353942871094,151.26080322265625,280.0,39.6,-73,-1.22,False
2026-10-09T11:45:00+11:00,2151719,2509_333,-33.87739562988281,151.20986938476562,93.0,24.5,596,9.93,False
2026-10-09T11:45:00+11:00,2139005,2509_375,-33.95235824584961,151.24647521972656,218.0,0.0,377,6.28,False
2026-10-09T11:45:00+11:00,2139006,2509_396,-33.91557693481445,151.2250518798828,170.0,10.1,79,1.32,True
2026-10-09T11:45:00+11:00,2139735,2509_306,-33.92970275878906,151.1950225830078,96.0,0.0,-53,-0.88,True
2026-10-09T11:45:00+11:00,2300921,2509_399,-33.94068908691406,151.2394561767578,168.0,0.0,-99,-1.65,False
2026-10-09T11:45:00+11:00,2564923,2509_333,-33.89206314086914,151.25009155273438,259.0,2.9,53,0.88,True
2026-10-09T11:45:00+11:00,2352665,2509_392,-33.9333610534668,151.2303924560547,166.0,0.0,485,8.08,False
2026-10-09T11:45:00+11:00,2531785,2509_380,-33.85774612426758,151.2815399169922,39.0,45.7,411,6.85,False
2026-10-09T11:45:00+11:00,2356321,2509_343,-33.923526763916016,151.21063232421875,282.0,0.0,-64,-1.07,False
2026-10-09T11:45:00+11:00,2532769,2509_386,-33.87001037597656,151.2702178955078,150.0,9.0,134,2.23,True
2026-10-09T11:45:00+11:00,2138924,2509_306,-33.89267349243164,151.19923400878906,25.0,0.0,0,0.0,True
2026-10-09T11:45:00+11:00,2151526,2509_333,-33.891326904296875,151.24813842773438,99.0,7.9,124,2.07,True
2026-10-09T11:45:00+11:00,2531776,2509_352,-33.88169860839844,151.2147674560547,191.0,4.3,4,0.07,True
2026-10-09T11:45:00+11:00,2357387,2509_343,-33.86589813232422,151.21116638183594,204.0,21.2,178,2.97,True
2026-10-09T11:45:00+11:00,2628631,2509_304,-33.86164093017578,151.21170043945312,269.0,0.0,0,0.0,True
2026-10-09T11:45:00+11:00,2434418,2509_390X,-33.89120101928711,151.24935913085938,277.0,0.0,11,0.18,True
2026-10-09T11:45:00+11:00,2346388,2509_390X,-33.924713134765625,151.22865295410156,315.0,4.0,-137,-2.28,False
2026-10-09T11:45:00+11:00,2564575,2509_333,-33.89147186279297,151.24951171875,98.0,0.0,-126,-2.1,False
2026-10-09T11:45:00+11:00,2564613,2509_333,-33.89120864868164,151.24949645996094,278.0,16.2,467,7.78,False
2026-10-09T11:45:00+11:00,2532381,2509_380,-33.88256072998047,151.2825927734375,182.0,36.0,172,2.87,True
2026-10-09T11:45:00+11:00,2740184,2509_370,-33.90972137451172,151.20249938964844,193.0,28.4,322,5.37,True
2026-10-09T11:45:00+11:00,2675024,2509_309,-33.89324188232422,151.19900512695312,21.0,0.0,0,0.0,True
2026-10-09T11:45:00+11:00,2352323,2509_307,-33.94794845581055,151.20948791503906,356.0,37.4,-96,-1.6,False
2026-10-09T11:45:00+11:00,2628694,2509_304,-33.880123138427734,151.20977783203125,302.0,0.0,-256,-4.27,False
2026-10-09T11:45:00+11:00,2675014,2509_309,-33.931644439697266,151.1942138671875,187.0,24.1,409,6.82,False
2026-10-09T11:45:00+11:00,2551889,2509_379,-33.88800048828125,151.26319885253906,281.0,0.0,154,2.57,True
2026-10-09T11:45:00+11:00,2357309,2509_311,-33.868473052978516,151.22265625,209.0,0.0,24,0.4,True
2026-10-09T11:45:00+11:00,2140283,2509_396,-33.88429641723633,151.2176513671875,335.0,0.0,573,9.55,False
2026-10-09T11:45:00+11:00,2434466,2509_390X,-33.940975189208984,151.23971557617188,167.0,11.2,78,1.3,True
2026-10-09T11:53:45+11:00,2036758,2459_440,-33.891258239746094,151.24752807617188,10.0,36.0,-196,-3.27,False
2026-10-09T11:53:45+11:00,1961266,2459_412,-33.8939323425293,151.16360473632812,105.0,22.3,157,2.62,True
2026-10-09T11:53:45+11:00,2285484,2459_433,-33.88001251220703,151.18710327148438,333.0,0.0,170,2.83,True
2026-10-09T11:53:45+11:00,2685969,2459_423,-33.895179748535156,151.18173217773438,219.0,32.0,245,4.08,True
2026-10-09T11:53:45+11:00,2089461,2508_160X,-33.79015350341797,151.1827850341797,70.0,0.0,170,2.83,True
2026-10-09T11:53:45+11:00,2736628,2459_445,-33.89690017700195,151.14918518066406,286.0,42.8,55,0.92,True
2026-10-09T11:53:45+11:00,2438304,7084_SW2,-33.914283752441406,151.1661376953125,212.0,5.4,42,0.7,True
2026-10-09T11:53:45+11:00,2714641,2508_144,-33.79507827758789,151.26918029785156,270.0,33.5,-16,-0.27,True
2026-10-09T11:53:45+11:00,2374938,2508_144,-33.815181732177734,151.24325561523438,14.0,32.8,231,3.85,True
2026-10-09T11:53:45+11:00,2383242,2508_100,-33.827545166015625,151.24404907226562,178.0,31.3,250,4.17,True
2026-10-09T11:53:45+11:00,2428398,2508_238,-33.83089828491211,151.24668884277344,350.0,0.0,288,4.8,True
2026-10-09T11:53:45+11:00,2725802,7083_SW1,-33.91401672363281,151.1665496826172,0.0,0.0,2773,46.22,False
2026-10-09T11:53:45+11:00,2284171,2459_442,-33.86893844604492,151.1849365234375,107.0,53.3,-132,-2.2,False
2026-10-09T11:53:45+11:00,2285836,2459_461X,-33.884822845458984,151.1873321533203,268.0,38.9,1080,18.0,False
2026-10-09T11:53:45+11:00,2209665,2459_464,-33.85171127319336,151.1075897216797,178.0,5.0,69,1.15,True
2026-10-09T11:53:45+11:00,2288963,2459_348,-33.916587829589844,151.2411651611328,168.0,8.3,-12,-0.2,True
2026-10-09T11:53:45+11:00,2283837,2459_423,-33.905521392822266,151.1670684814453,83.0,39.2,254,4.23,True
2026-10-09T11:53:45+11:00,2590056,2508_280,-33.78567123413086,151.1846923828125,71.0,40.0,263,4.38,True
2026-10-09T11:53:45+11:00,2290236,2459_438X,-33.88434982299805,151.20028686523438,268.0,32.0,395,6.58,False
2026-10-09T11:53:45+11:00,2736871,2459_428,-33.903873443603516,151.16847229003906,213.0,16.9,250,4.17,True
2026-10-09T11:53:45+11:00,2284553,2459_433,-33.88433074951172,151.19300842285156,130.0,0.0,763,12.72,False
2026-10-09T11:53:45+11:00,2596307,2459_490,-33.8759651184082,151.113037109375,282.0,24.1,-21,-0.35,True
2026-10-09T11:53:45+11:00,2349671,2459_418,-33.889915466308594,151.12728881835938,109.0,0.0,605,10.08,False
2026-10-09T11:53:45+11:00,2286401,2459_433,-33.877567291259766,151.1854248046875,135.0,15.8,408,6.8,False
2026-10-09T11:53:45+11:00,2374833,2508_144,-33.82712173461914,151.2002716064453,133.0,0.0,107,1.78,True
2026-10-09T11:53:45+11:00,2736915,2459_445,-33.85821533203125,151.18357849121094,297.0,0.0,0,0.0,True
2026-10-09T11:53:45+11:00,2388828,2508_173X,-33.80225372314453,151.2462615966797,186.0,51.8,409,6.82,False
2026-10-09T11:53:45+11:00,1963814,2459_412,-33.88446807861328,151.19430541992188,264.0,31.7,-54,-0.9,True
2026-10-09T11:53:45+11:00,2288010,2459_470,-33.883331298828125,151.18325805664062,236.0,0.0,72,1.2,True
2026-10-09T11:53:45+11:00,2286863,2459_438X,-33.887779235839844,151.16046142578125,89.0,36.4,559,9.32,False
2026-10-09T11:53:45+11:00,2290366,2459_431,-33.8833122253418,151.20367431640625,45.0,0.0,55,0.92,True
2026-10-09T11:53:45+11:00,2284471,2459_433,-33.88459014892578,151.1939697265625,264.0,36.4,-163,-2.72,False
2026-10-09T11:53:45+11:00,2290210,2459_438X,-33.86754608154297,151.2106170654297,187.0,0.0,0,0.0,True
2026-10-09T11:53:45+11:00,2736670,2459_308,-33.90850830078125,151.17185974121094,80.0,0.0,0,0.0,True
2026-10-09T11:53:45+11:00,2209158,2459_440,-33.88018035888672,151.21633911132812,314.0,0.0,50,0.83,True
2026-10-09T11:53:45+11:00,2375862,2508_144,-33.796504974365234,151.1803741455078,178.0,0.0,0,0.0,True
2026-10-09T11:53:45+11:00,2383265,2508_100,-33.83127212524414,151.2442169189453,4.0,0.0,124,2.07,True
2026-10-09T11:53:45+11:00,2736886,2459_308,-33.90585708618164,151.18594360351562,278.0,20.5,164,2.73,True
2026-10-09T11:53:45+11:00,2376016,2508_B1,-33.838558197021484,151.21104431152344,192.0,67.7,-96,-1.6,False
2026-10-09T11:53:45+11:00,2287540,2459_428,-33.88420867919922,151.19570922851562,87.0,0.0,14,0.23,True
2026-10-09T11:53:45+11:00,2714673,2508_144,-33.829856872558594,151.21444702148438,268.0,0.0,455,7.58,False
2026-10-09T11:53:45+11:00,2375055,2508_173X,-33.86672592163086,151.206298828125,6.0,0.0,0,0.0,True
2026-10-09T11:53:45+11:00,2636298,2459_504,-33.85560989379883,151.13050842285156,117.0,10.1,-131,-2.18,False
2026-10-09T11:53:45+11:00,2608997,2459_430,-33.88020706176758,151.20770263671875,283.0,0.0,210,3.5,True
2026-10-09T11:53:45+11:00,2725810,7083_SW1,-33.91486358642578,151.16490173339844,0.0,0.0,2972,49.53,False
2026-10-09T11:53:45+11:00,2208180,2459_464,-33.86623001098633,151.1059112548828,9.0,15.1,583,9.72,False
2026-10-09T11:53:45+11:00,2289999,2459_438X,-33.84487533569336,151.12850952148438,2.0,0.0,0,0.0,True
2026-10-09T11:53:45+11:00,2374921,2508_144,-33.806190490722656,151.24647521972656,345.0,0.0,636,10.6,False
2026-10-09T11:53:45+11:00,2596229,2459_492,-33.87565612792969,151.10955810546875,99.0,39.2,578,9.63,False
2026-10-09T11:53:45+11:00,2377424,2508_199,-33.79654312133789,151.25209045410156,49.0,24.5,0,0.0,True
2026-10-09T11:53:45+11:00,1961374,2459_412,-33.87823486328125,151.20838928222656,102.0,0.0,341,5.68,True
2026-10-09T11:53:45+11:00,2736682,2459_428,-33.86684799194336,151.21070861816406,3.0,0.0,9,0.15,True
2026-10-09T11:53:45+11:00,2349493,2459_418,-33.91029739379883,151.15589904785156,119.0,1.8,618,10.3,False
2026-10-09T11:53:45+11:00,2686003,2459_423,-33.89634323120117,151.18038940429688,240.0,9.0,780,13.0,False
2026-10-09T11:53:45+11:00,2208918,2459_464,-33.88799285888672,151.1263427734375,113.0,0.0,0,0.0,True
2026-10-09T11:53:45+11:00,2383283,2508_100,-33.84199905395508,151.24386596679688,180.0,0.0,0,0.0,True
2026-10-09T11:53:45+11:00,1870764,2459_412,-33.879215240478516,151.2071075439453,12.0,24.5,-474,-7.9,False
2026-10-09T11:53:45+11:00,2285785,2459_437,-33.86520004272461,151.17205810546875,131.0,46.4,39,0.65,True
2026-10-09T11:53:45+11:00,2319865,7083_SW3,-33.915077209472656,151.16497802734375,0.0,0.0,816,13.6,False
2026-10-09T11:53:45+11:00,1962701,2459_413,-33.88351058959961,151.20333862304688,47.0,0.0,-45,-0.75,True
2026-10-09T11:53:45+11:00,2284153,2459_422,-33.880489349365234,151.20677185058594,194.0,0.0,0,0.0,True
2026-10-09T11:53:45+11:00,1962702,2459_413,-33.89571762084961,151.12960815429688,93.0,0.0,-30,-0.5,True
2026-10-09T11:53:45+11:00,2039021,2459_470,-33.880184173583984,151.2075958251953,104.0,31.7,25,0.42,True
2026-10-09T11:53:45+11:00,2285728,2459_423,-33.8935432434082,151.18325805664062,43.0,0.0,117,1.95,True
2026-10-09T11:53:45+11:00,2287147,2459_428,-33.90303039550781,151.142822265625,56.0,0.0,58,0.97,True
2026-10-09T11:53:45+11:00,2284302,2459_441,-33.87216567993164,151.2064666748047,176.0,0.0,-149,-2.48,False
2026-10-09T11:53:45+11:00,2514704,2459_410,-33.86293029785156,151.10784912109375,35.0,13.3,57,0.95,True
2026-10-09T11:53:45+11:00,2635994,2459_504,-33.85551834106445,151.1311798095703,258.0,0.0,89,1.48,True
2026-10-09T11:53:45+11:00,2287041,2459_438X,-33.884212493896484,151.14906311035156,270.0,40.3,-71,-1.18,False
2026-10-09T11:53:45+11:00,2287626,2459_406,-33.909889221191406,151.13243103027344,294.0,16.2,-100,-1.67,False
2026-10-09T11:53:45+11:00,2286708,2459_426,-33.908782958984375,151.15255737304688,297.0,0.0,225,3.75,True
2026-10-09T11:53:45+11:00,1963813,2459_412,-33.911922454833984,151.148193359375,221.0,38.2,-88,-1.47,False
2026-10-09T11:53:45+11:00,2284664,2459_461X,-33.87373733520508,151.10443115234375,15.0,28.8,105,1.75,True
2026-10-09T11:53:45+11:00,2208325,2459_464,-33.88008117675781,151.10313415527344,12.0,16.9,204,3.4,True
2026-10-09T11:53:45+11:00,2720353,2514_194,-33.794593811035156,151.20816040039062,340.0,36.4,359,5.98,True
2026-10-09T11:53:45+11:00,2708618,2504_610X,-33.80175018310547,151.14532470703125,132.0,66.6,-350,-5.83,False
2026-10-09T11:53:45+11:00,2553993,2459_358,-33.91780471801758,151.16773986816406,320.0,11.9,522,8.7,False
2026-10-09T11:53:45+11:00,2287214,2459_431,-33.88015365600586,151.18724060058594,330.0,0.0,-131,-2.18,False
2026-10-09T11:53:45+11:00,2618633,2459_422,-33.88015365600586,151.20741271972656,282.0,0.0,0,0.0,True
2026-10-09T11:53:45+11:00,2632144,2510_301,-33.93255615234375,151.19400024414062,189.0,38.9,159,2.65,True
2026-10-09T11:53:45+11:00,2383269,2508_100,-33.82443618774414,151.2362060546875,269.0,26.3,250,4.17,True
2026-10-09T11:53:45+11:00,2618627,2459_422,-33.913692474365234,151.17831420898438,225.0,40.7,-18,-0.3,True
2026-10-09T11:53:45+11:00,2290445,2459_461X,-33.871070861816406,151.10487365722656,190.0,1.4,433,7.22,False
2026-10-09T11:53:45+11:00,2286119,2459_433,-33.86325454711914,151.1703643798828,27.0,4.0,15,0.25,True
2026-10-09T11:53:45+11:00,2208075,2459_530,-33.869041442871094,151.10543823242188,10.0,0.0,640,10.67,False
2026-10-09T11:53:45+11:00,2287053,2459_428,-33.91146469116211,151.11875915527344,141.0,0.0,0,0.0,True
2026-10-09T11:53:45+11:00,2287237,2459_422,-33.88713073730469,151.17999267578125,319.0,33.5,28,0.47,True
2026-10-09T11:53:45+11:00,2714687,2508_114,-33.827110290527344,151.2001495361328,322.0,0.7,176,2.93,True
2026-10-09T11:53:45+11:00,1963815,2459_412,-33.86570358276367,151.21022033691406,217.0,0.0,9,0.15,True
2026-10-09T11:53:45+11:00,2428385,2508_238,-33.823238372802734,151.25035095214844,79.0,0.0,345,5.75,True
2026-10-09T11:53:45+11:00,2290848,2459_470,-33.87507629394531,151.2096710205078,187.0,39.6,-31,-0.52,True
2026-10-09T11:53:45+11:00,2383247,2508_100,-33.869354248046875,151.20533752441406,354.0,0.0,87,1.45,True
2026-10-09T11:53:45+11:00,2719555,2514_194,-33.854347229003906,151.20945739746094,208.0,52.9,114,1.9,True
2026-10-09T11:53:45+11:00,2375252,2508_144,-33.829315185546875,151.2162628173828,100.0,34.6,362,6.03,False
2026-10-09T11:53:45+11:00,2286569,2459_437,-33.87088394165039,151.2058868408203,83.0,0.0,66,1.1,True
2026-10-09T11:53:45+11:00,2668074,2459_420,-33.93247604370117,151.1651153564453,121.0,21.2,197,3.28,True
2026-10-09T11:53:45+11:00,2736627,2459_445,-33.881282806396484,151.1500244140625,181.0,33.8,56,0.93,True
2026-10-09T11:53:45+11:00,2736627_2,2459_445,-33.876220703125,151.16004943847656,20.0,10.8,-373,-6.22,False
2026-10-09T11:53:45+11:00,2285993,2459_433,-33.86560821533203,151.1725311279297,132.0,32.8,449,7.48,False
2026-10-09T11:53:45+11:00,2286379,2459_423,-33.911136627197266,151.1578826904297,121.0,16.6,-64,-1.07,False
2026-10-09T11:53:45+11:00,2475321,2459_389,-33.86973190307617,151.20372009277344,170.0,0.0,-13,-0.22,True
2026-10-09T11:53:45+11:00,2383235,2508_100,-33.84189224243164,151.24374389648438,167.0,14.0,59,0.98,True
2026-10-09T11:53:45+11:00,2036759,2459_440,-33.882301330566406,151.2071990966797,124.0,8.3,242,4.03,True
2026-10-09T11:53:45+11:00,2283743,2459_423,-33.883182525634766,151.20343017578125,43.0,0.0,16,0.27,True
2026-10-09T11:53:45+11:00,2474973,2459_389,-33.875831604003906,151.21566772460938,98.0,0.0,48,0.8,True
2026-10-09T11:53:45+11:00,2284139,2459_461X,-33.88418960571289,151.20071411132812,88.0,33.5,124,2.07,True
2026-10-09T11:53:45+11:00,2596439,2459_490,-33.851226806640625,151.15411376953125,51.0,0.0,-119,-1.98,False
2026-10-09T11:53:45+11:00,2285356,2459_461X,-33.88595962524414,151.18031311035156,243.0,15.1,90,1.5,True
2026-10-09T11:53:45+11:00,2285745,2459_438X,-33.884220123291016,151.14939880371094,271.0,22.0,534,8.9,False
2026-10-09T11:53:45+11:00,2283197,2459_461X,-33.87470245361328,151.20973205566406,9.0,38.2,461,7.68,False
2026-10-09T11:53:45+11:00,2484482,2459_483,-33.885986328125,151.1802520751953,250.0,25.9,139,2.32,True
2026-10-09T11:53:45+11:00,2714607,2508_114,-33.830963134765625,151.24462890625,263.0,0.7,182,3.03,True
2026-10-09T11:53:45+11:00,2454758,2508_225,-33.82828903198242,151.2303924560547,186.0,0.0,113,1.88,True
2026-10-09T11:53:45+11:00,2288717,2459_437,-33.870033264160156,151.1320037841797,84.0,47.2,129,2.15,True
2026-10-09T11:53:45+11:00,2709341,2504_610X,-33.82244110107422,151.20602416992188,135.0,68.0,-69,-1.15,False
2026-10-09T11:53:45+11:00,2636123,2459_415,-33.84778594970703,151.14132690429688,37.0,0.0,0,0.0,True
2026-10-09T11:53:45+11:00,2283431,2459_442,-33.857177734375,151.1956787109375,291.0,0.0,280,4.67,True
2026-10-09T11:53:45+11:00,2484438,2459_480,-33.87958526611328,151.20814514160156,105.0,0.0,0,0.0,True
2026-10-09T11:53:45+11:00,2707042,2504_610X,-33.86900329589844,151.20530700683594,359.0,0.0,-32,-0.53,True
2026-10-09T11:53:45+11:00,2596252,2459_491,-33.89619827270508,151.12034606933594,158.0,0.0,215,3.58,True
2026-10-09T11:53:45+11:00,2554244,2459_358,-33.92089080810547,151.1930694580078,279.0,31.3,39,0.65,True
2026-10-09T11:53:45+11:00,2415677,2508_B1,-33.86557388305664,151.20567321777344,175.0,0.0,1,0.02,True
2026-10-09T11:53:45+11:00,2514770,2459_410,-33.86334991455078,151.10769653320312,28.0,15.8,943,15.72,False
2026-10-09T11:53:45+11:00,2208134,2459_440,-33.88128662109375,151.1566619873047,351.0,0.0,-80,-1.33,False
2026-10-09T11:53:45+11:00,2415639,2508_B1,-33.866092681884766,151.20635986328125,5.0,0.0,0,0.0,True
2026-10-09T11:53:45+11:00,2421243,2508_230,-33.838260650634766,151.20713806152344,197.0,0.0,257,4.28,True
2026-10-09T11:53:45+11:00,2284585,2459_426,-33.89274978637695,151.18600463867188,252.0,36.0,43,0.72,True
2026-10-09T11:53:45+11:00,2383279,2508_100,-33.86760330200195,151.20591735839844,173.0,0.0,-20,-0.33,True
2026-10-09T11:53:45+11:00,2039022,2459_470,-33.8839225769043,151.1873016357422,118.0,14.0,44,0.73,True
2026-10-09T11:53:45+11:00,2609054,2459_430,-33.90011215209961,151.17056274414062,25.0,0.4,246,4.1,True
2026-10-09T11:53:45+11:00,2714689,2508_144,-33.80487823486328,151.246337890625,167.0,35.6,240,4.0,True
2026-10-09T11:53:45+11:00,2290322,2459_431,-33.86480712890625,151.21009826660156,218.0,10.4,31,0.52,True
2026-10-09T11:53:45+11:00,2288533,2459_441,-33.86061477661133,151.1772003173828,193.0,15.1,94,1.57,True
2026-10-09T11:53:45+11:00,2308915,2459_445,-33.87135314941406,151.1601104736328,73.0,0.0,-124,-2.07,False
2026-10-09T11:53:45+11:00,2686026,2459_423,-33.878143310546875,151.207763671875,278.0,0.0,75,1.25,True
2026-10-09T11:53:45+11:00,2208782,2459_413,-33.895774841308594,151.1297607421875,274.0,19.4,-28,-0.47,True
2026-10-09T11:53:45+11:00,2514979,2459_410,-33.86129379272461,151.1052703857422,118.0,36.4,27,0.45,True
2026-10-09T11:53:45+11:00,2283459,2459_442,-33.856834411621094,151.17794799804688,13.0,0.0,107,1.78,True
2026-10-09T11:53:45+11:00,2288237,2459_461X,-33.889217376708984,151.14407348632812,132.0,0.0,142,2.37,True
2026-10-09T11:53:45+11:00,2287779,2459_422,-33.905330657958984,151.1808624267578,338.0,19.8,-73,-1.22,False
2026-10-09T11:53:45+11:00,2475151,2459_389,-33.86943054199219,151.19789123535156,358.0,0.0,0,0.0,True
2026-10-09T11:53:45+11:00,2736732,2459_428,-33.87804412841797,151.20932006835938,185.0,0.0,-33,-0.55,True
2026-10-09T11:53:45+11:00,2415628,2508_B1,-33.83058547973633,151.22549438476562,64.0,7.9,278,4.63,True
2026-10-09T11:53:45+11:00,2376349,2508_144,-33.814762115478516,151.17800903320312,158.0,40.0,100,1.67,True
2026-10-09T11:53:45+11:00,2283706,2459_348,-33.909061431884766,151.18112182617188,19.0,15.1,248,4.13,True
2026-10-09T11:53:45+11:00,2288888,2459_437,-33.87157440185547,151.1593780517578,74.0,30.6,57,0.95,True
2026-10-09T11:53:45+11:00,2596137,2459_492,-33.85041427612305,151.1552276611328,112.0,0.0,675,11.25,False
2026-10-09T11:53:45+11:00,1940345,2459_412,-33.866695404052734,151.21072387695312,189.0,25.2,41,0.68,True
2026-10-09T11:53:45+11:00,2714712,2508_144,-33.82524871826172,151.1983184814453,321.0,0.0,675,11.25,False
2026-10-09T11:53:45+11:00,2287090,2459_389,-33.88356399536133,151.2328643798828,310.0,34.6,301,5.02,True
2026-10-09T11:53:45+11:00,2660212,2459_320,-33.90778350830078,151.20472717285156,182.0,17.3,12,0.2,True
2026-10-09T11:53:45+11:00,2289166,2459_470,-33.874290466308594,151.16424560546875,261.0,30.6,0,0.0,True
2026-10-09T11:53:45+11:00,2685992,2459_423,-33.86697769165039,151.21067810058594,192.0,0.0,0,0.0,True
2026-10-09T11:53:45+11:00,2287478,2459_428,-33.90013885498047,151.17071533203125,25.0,3.6,105,1.75,True
2026-10-09T11:53:45+11:00,2706842,2504_610X,-33.871665954589844,151.20640563964844,176.0,0.0,0,0.0,True
2026-10-09T11:53:45+11:00,2287265,2459_438X,-33.85716247558594,151.130859375,167.0,0.0,-67,-1.12,False
2026-10-09T11:53:45+11:00,2415722,2508_B1,-33.827415466308594,151.23126220703125,48.0,39.2,604,10.07,False
2026-10-09T11:53:45+11:00,2392583,2508_114,-33.82984924316406,151.24761962890625,355.0,52.9,212,3.53,True
2026-10-09T11:53:45+11:00,2209122,2459_440,-33.89149475097656,151.2474822998047,187.0,17.3,-15,-0.25,True
2026-10-09T11:53:45+11:00,2660348,2459_320,-33.885963439941406,151.20289611816406,162.0,0.0,0,0.0,True
2026-10-09T11:53:45+11:00,2308899,2459_445,-33.88816452026367,151.1579132080078,256.0,0.0,-68,-1.13,False
2026-10-09T11:53:45+11:00,2424374,2508_230,-33.82900619506836,151.2089385986328,10.0,0.0,-12,-0.2,True
2026-10-09T11:53:45+11:00,2636282,2459_504,-33.851173400878906,151.1543426513672,52.0,0.0,165,2.75,True
2026-10-09T11:53:45+11:00,2290923,2459_433,-33.859737396240234,151.1719512939453,185.0,40.3,41,0.68,True
2026-10-09T11:53:45+11:00,2660387,2459_320,-33.88328552246094,151.2083740234375,187.0,29.9,-6,-0.1,True
2026-10-09T11:53:45+11:00,2036760,2459_440,-33.886199951171875,151.17886352539062,75.0,14.8,166,2.77,True
2026-10-09T11:53:45+11:00,2424344,2508_230,-33.82449722290039,151.2399139404297,98.0,5.4,118,1.97,True
2026-10-09T11:53:45+11:00,2288033,2459_423,-33.926246643066406,151.13099670410156,67.0,9.7,102,1.7,True
2026-10-09T11:53:45+11:00,2289579,2459_426,-33.88418197631836,151.19589233398438,86.0,0.0,-105,-1.75,False
2026-10-09T11:53:45+11:00,2685954,2459_423,-33.865596771240234,151.2103271484375,217.0,0.0,0,0.0,True
2026-10-09T11:53:45+11:00,2287869,2459_438X,-33.865535736083984,151.21127319335938,227.0,0.0,0,0.0,True
2026-10-09T11:53:45+11:00,2596421,2459_491,-33.88795471191406,151.1259002685547,288.0,0.0,1069,17.82,False
2026-10-09T11:53:45+11:00,2284094,2459_418,-33.905738830566406,151.13612365722656,241.0,0.0,49,0.82,True
2026-10-09T11:53:45+11:00,2474541,2508_225,-33.8285026550293,151.23023986816406,6.0,1.1,110,1.83,True
2026-10-09T11:53:45+11:00,2286112,2459_461X,-33.87970733642578,151.2091064453125,188.0,29.2,-110,-1.83,False
2026-10-09T11:53:45+11:00,2287957,2459_348,-33.90795135498047,151.2027587890625,183.0,40.7,56,0.93,True
2026-10-09T11:53:45+11:00,2721178,2514_271,-33.857200622558594,151.2076873779297,207.0,56.5,151,2.52,True
2026-10-09T11:53:45+11:00,2474898,2459_389,-33.88966369628906,151.24183654785156,113.0,12.6,300,5.0,True
2026-10-09T11:53:45+11:00,2685958,2459_423,-33.8887939453125,151.19137573242188,238.0,14.0,-23,-0.38,True
2026-10-09T11:53:45+11:00,2290538,2459_438X,-33.88037872314453,151.20863342285156,103.0,0.0,207,3.45,True
2026-10-09T11:53:45+11:00,2374409,2508_B1,-33.80251693725586,151.24627685546875,185.0,48.6,274,4.57,True
2026-10-09T11:53:45+11:00,2736773,2459_308,-33.89289093017578,151.20509338378906,98.0,0.0,235,3.92,True
2026-10-09T11:53:45+11:00,2736725,2459_428,-33.88943862915039,151.19020080566406,215.0,1.8,11,0.18,True
2026-10-09T11:53:45+11:00,2636242,2459_504,-33.86888122558594,151.18472290039062,288.0,54.7,92,1.53,True
2026-10-09T11:53:45+11:00,2514798,2459_410,-33.871681213378906,151.10488891601562,190.0,3.2,422,7.03,False
2026-10-09T11:53:45+11:00,2288630,2459_437,-33.8841552734375,151.1521759033203,263.0,0.0,-4,-0.07,True
2026-10-09T11:53:45+11:00,2392770,2508_114,-33.829833984375,151.21397399902344,100.0,43.6,169,2.82,True
2026-10-09T11:53:45+11:00,2208684,2459_413,-33.87955093383789,151.20799255371094,99.0,0.0,358,5.97,True
2026-10-09T11:53:45+11:00,2618184,2508_263,-33.84215545654297,151.213134765625,297.0,33.1,143,2.38,True
2026-10-09T11:53:45+11:00,2036762,2459_440,-33.86608123779297,151.1731414794922,282.0,0.0,131,2.18,True
2026-10-09T11:53:45+11:00,1912300,2459_483,-33.888648986816406,151.1550750732422,80.0,37.1,206,3.43,True
2026-10-09T11:53:45+11:00,2373997,2508_172X,-33.85709762573242,151.2075653076172,29.0,57.2,161,2.68,True
2026-10-09T11:53:45+11:00,2570111,7083_SW1,-33.914119720458984,151.16636657714844,0.0,0.0,3408,56.8,False
2026-10-09T11:53:45+11:00,2553950,2459_358,-33.92222213745117,151.20188903808594,279.0,11.9,278,4.63,True
2026-10-09T11:53:45+11:00,2329281,7083_SW3,-33.910396575927734,151.15606689453125,300.0,24.1,45,0.75,True
2026-10-09T11:53:45+11:00,2383317,2508_100,-33.829891204833984,151.2186279296875,127.0,0.0,12,0.2,True
2026-10-09T11:53:45+11:00,2550306,2508_263,-33.821441650390625,151.2104949951172,191.0,0.0,168,2.8,True
2026-10-09T11:53:45+11:00,2287838,2459_438X,-33.8875617980957,151.1575927734375,172.0,35.3,110,1.83,True
2026-10-09T11:53:45+11:00,2415658,2508_B1,-33.86491012573242,151.20481872558594,357.0,20.2,259,4.32,True
2026-10-09T11:53:45+11:00,2613591,7084_SW2,-33.90884017944336,151.1606903076172,124.0,0.0,-269,-4.48,False
2026-10-09T11:53:45+11:00,2039023,2459_470,-33.87588119506836,151.16494750976562,183.0,19.1,111,1.85,True
2026-10-09T11:53:45+11:00,2283297,2459_442,-33.870941162109375,151.20526123046875,82.0,0.0,210,3.5,True
2026-10-09T11:53:45+11:00,2720106,2514_565,-33.79666519165039,151.1802520751953,1.0,0.0,10,0.17,True
2026-10-09T11:53:45+11:00,2714724,2508_144,-33.83161926269531,151.22308349609375,268.0,5.4,29,0.48,True
2026-10-09T11:53:45+11:00,2668097,2459_420,-33.93069076538086,151.1858673095703,94.0,36.4,166,2.77,True
2026-10-09T11:53:45+11:00,1870765,2459_412,-33.90964126586914,151.1516876220703,35.0,35.6,-81,-1.35,False
2026-10-09T11:53:45+11:00,2288161,2459_438X,-33.87236785888672,151.2100067138672,4.0,33.8,435,7.25,False
2026-10-09T11:53:45+11:00,2374634,2508_B1,-33.824153900146484,151.24160766601562,242.0,7.2,231,3.85,True
2026-10-09T11:53:45+11:00,2421487,2508_229,-33.82986068725586,151.21543884277344,276.0,9.4,296,4.93,True
2026-10-09T11:53:45+11:00,2438379,7084_SW2,-33.909908294677734,151.1713104248047,0.0,0.0,762,12.7,False
2026-10-09T11:53:45+11:00,2609058,2459_430,-33.89933395385742,151.17123413085938,244.0,0.0,120,2.0,True
2026-10-09T11:53:45+11:00,2349695,2459_418,-33.87941360473633,151.10305786132812,191.0,13.3,12,0.2,True
2026-10-09T11:53:45+11:00,2283374,2459_389,-33.89091491699219,151.24868774414062,274.0,30.6,221,3.68,True
2026-10-09T11:53:45+11:00,2620044,2459_530,-33.81220245361328,151.1754913330078,181.0,23.4,83,1.38,True
2026-10-09T11:53:45+11:00,2290491,2459_389,-33.873130798339844,151.2082061767578,270.0,16.9,-190,-3.17,False
2026-10-09T11:53:45+11:00,2284164,2459_422,-33.88515853881836,151.1847686767578,257.0,0.0,189,3.15,True
2026-10-09T11:53:45+11:00,2208953,2459_466,-33.86601257324219,151.10598754882812,10.0,0.0,214,3.57,True
2026-10-09T11:53:45+11:00,2377114,2508_144,-33.79710006713867,151.17991638183594,246.0,0.7,0,0.0,True
2026-10-09T11:53:45+11:00,1940344,2459_412,-33.89118576049805,151.17886352539062,251.0,11.9,169,2.82,True
2026-10-09T11:53:45+11:00,2284783,2459_470,-33.88463592529297,151.1942901611328,264.0,36.0,-240,-4.0,False
2026-10-09T11:53:45+11:00,2636029,2459_415,-33.86970138549805,151.1109619140625,276.0,10.1,116,1.93,True
2026-10-09T11:53:45+11:00,2475071,2459_389,-33.889034271240234,151.24029541015625,167.0,29.2,-255,-4.25,False
2026-10-09T11:53:45+11:00,2668117,2459_420,-33.9343376159668,151.1835174560547,276.0,34.6,-63,-1.05,False
2026-10-09T11:53:45+11:00,2710657,2504_610X,-33.813838958740234,151.1858673095703,276.0,82.8,167,2.78,True
2026-10-09T11:53:45+11:00,2037362,2459_469,-33.88254928588867,151.17593383789062,231.0,28.4,20,0.33,True
2026-10-09T11:53:45+11:00,2668061,2459_420,-33.87425994873047,151.10760498046875,307.0,0.0,336,5.6,True
2026-10-09T11:53:45+11:00,2596277,2459_492,-33.87429428100586,151.10755920410156,350.0,5.4,584,9.73,False
2026-10-09T11:53:45+11:00,2286320,2459_438X,-33.881202697753906,151.20498657226562,302.0,0.0,-89,-1.48,False
2026-10-09T11:53:45+11:00,2376487,2508_173X,-33.82952117919922,151.22769165039062,44.0,0.0,292,4.87,True
2026-10-09T11:53:45+11:00,2283131,2459_418,-33.88657760620117,151.11192321777344,280.0,23.4,165,2.75,True
2026-10-09T11:53:45+11:00,2706092,2504_607X,-33.854095458984375,151.20962524414062,28.0,60.1,160,2.67,True
2026-10-09T11:53:45+11:00,2736637,2459_445,-33.85658645629883,151.1781768798828,281.0,0.0,294,4.9,True
2026-10-09T11:53:45+11:00,2636299,2459_504,-33.86846160888672,151.18299865722656,108.0,56.2,-77,-1.28,False
2026-10-09T11:53:45+11:00,2288793,2459_303,-33.91944122314453,151.22625732421875,82.0,0.0,320,5.33,True
2026-10-09T11:53:45+11:00,2719824,2514_270,-33.781044006347656,151.19601440429688,322.0,0.0,117,1.95,True
2026-10-09T11:53:45+11:00,2421245,2508_230,-33.84762954711914,151.211669921875,152.0,10.4,609,10.15,False
2026-10-09T11:53:45+11:00,2288589,2459_426,-33.871028900146484,151.210205078125,186.0,37.4,59,0.98,True
2026-10-09T11:53:45+11:00,2725843,7083_SW1,-33.91010665893555,151.134521484375,238.0,15.5,64,1.07,True
2026-10-09T11:53:45+11:00,2288642,2459_389,-33.87226867675781,151.20826721191406,280.0,0.0,307,5.12,True
2026-10-09T11:53:45+11:00,2708433,2504_607X,-33.87057113647461,151.20623779296875,176.0,0.0,0,0.0,True
2026-10-09T11:53:45+11:00,2209279,2459_464,-33.87318420410156,151.10447692871094,191.0,9.0,256,4.27,True
2026-10-09T11:53:45+11:00,2309666,7083_SW3,-33.903499603271484,151.14195251464844,55.0,0.0,-228,-3.8,False
2026-10-09T11:53:45+11:00,1973451,2508_162,-33.80623245239258,151.26014709472656,189.0,39.6,-77,-1.28,False
2026-10-09T11:53:45+11:00,2720313,2514_271,-33.8609619140625,151.20545959472656,19.0,47.5,182,3.03,True
2026-10-09T11:53:45+11:00,2668146,2459_420,-33.875160217285156,151.10743713378906,9.0,0.0,0,0.0,True
2026-10-09T11:53:45+11:00,2036761,2459_440,-33.87226486206055,151.15647888183594,254.0,54.0,220,3.67,True
2026-10-09T11:53:45+11:00,2377512,2508_111,-33.84314727783203,151.23300170898438,228.0,0.0,0,0.0,True
2026-10-09T11:53:45+11:00,2668151,2459_420,-33.937400817871094,151.1535186767578,232.0,22.7,25,0.42,True
2026-10-09T11:53:45+11:00,2376879,2508_243,-33.82364273071289,151.2425079345703,51.0,32.4,183,3.05,True
2026-10-09T11:53:45+11:00,2554274,2459_358,-33.91578674316406,151.24073791503906,338.0,18.4,165,2.75,True
2026-10-09T11:53:45+11:00,2619992,2459_530,-33.86988067626953,151.12232971191406,187.0,0.4,9,0.15,True
2026-10-09T11:53:45+11:00,2308959,2459_445,-33.907806396484375,151.1256103515625,51.0,56.9,225,3.75,True
2026-10-09T11:53:45+11:00,2208714,2459_530,-33.81190872192383,151.175537109375,23.0,31.7,-109,-1.82,False
2026-10-09T11:53:45+11:00,2383244,2508_100,-33.82429504394531,151.2381591796875,92.0,19.8,19,0.32,True
2026-10-09T11:53:45+11:00,2421210,2508_230,-33.82902908325195,151.22854614257812,238.0,39.2,123,2.05,True
2026-10-09T11:53:45+11:00,2208473,2459_440,-33.884376525878906,151.20071411132812,268.0,26.3,132,2.2,True
2026-10-09T11:53:45+11:00,2632208,2510_301,-33.930320739746094,151.19984436035156,100.0,25.9,169,2.82,True
2026-10-09T11:53:45+11:00,2720091,2514_281,-33.79597854614258,151.18128967285156,348.0,0.0,0,0.0,True
2026-10-09T11:53:45+11:00,2643362,2507_120,-33.79619598388672,151.18093872070312,182.0,0.0,0,0.0,True
2026-10-09T11:53:45+11:00,2643205,2507_52,-33.86783218383789,151.1800994873047,88.0,53.6,100,1.67,True
2026-10-09T11:53:45+11:00,2643324,2507_501,-33.87809753417969,151.19874572753906,331.0,0.0,51,0.85,True
2026-10-09T11:53:45+11:00,2621391,2507_288,-33.85487365722656,151.20913696289062,208.0,68.4,517,8.62,False
2026-10-09T11:53:45+11:00,2441871,2507_207,-33.8575325012207,151.207275390625,26.0,67.3,5,0.08,True
2026-10-09T11:53:45+11:00,2643628,2507_52,-33.82027053833008,151.1185760498047,309.0,46.8,-57,-0.95,True
2026-10-09T11:53:45+11:00,2555494,2507_538,-33.82775115966797,151.13035583496094,31.0,44.3,-8,-0.13,True
2026-10-09T11:53:45+11:00,2644808,2507_120,-33.86796951293945,151.20594787597656,175.0,2.9,96,1.6,True
2026-10-09T11:53:45+11:00,2738476,2507_533,-33.7976188659668,151.17909240722656,245.0,0.0,101,1.68,True
2026-10-09T11:53:45+11:00,2406785,2507_261,-33.827117919921875,151.188720703125,281.0,22.3,431,7.18,False
2026-10-09T11:53:45+11:00,2643969,2507_52,-33.873477935791016,151.21096801757812,100.0,26.3,2,0.03,True
2026-10-09T11:53:45+11:00,2642972,2507_120,-33.796260833740234,151.18087768554688,185.0,0.0,0,0.0,True
2026-10-09T11:53:45+11:00,2672273,2507_115,-33.80632781982422,151.1992950439453,172.0,43.9,151,2.52,True
2026-10-09T11:53:45+11:00,2230929,2507_288,-33.86845016479492,151.2052459716797,353.0,24.8,39,0.65,True
2026-10-09T11:53:45+11:00,2672481,2507_115,-33.794551849365234,151.18853759765625,250.0,30.2,-241,-4.02,False
2026-10-09T11:53:45+11:00,2642863,2507_501,-33.8526496887207,151.1560821533203,325.0,0.0,-32,-0.53,True
2026-10-09T11:53:45+11:00,2672408,2507_115,-33.840476989746094,151.20835876464844,144.0,0.0,226,3.77,True
2026-10-09T11:53:45+11:00,2644483,2507_207,-33.78121566772461,151.18914794921875,250.0,37.1,-142,-2.37,False
2026-10-09T11:53:45+11:00,2672447,2507_267,-33.80946731567383,151.2081298828125,14.0,18.4,354,5.9,True
2026-10-09T11:53:45+11:00,2537459,2507_506,-33.87278366088867,151.206298828125,93.0,0.0,266,4.43,True
2026-10-09T11:53:45+11:00,2644515,2507_52,-33.85097122192383,151.15452575683594,146.0,0.0,7,0.12,True
2026-10-09T11:53:45+11:00,2322321,2507_506,-33.847469329833984,151.15200805664062,333.0,50.0,-20,-0.33,True
2026-10-09T11:53:45+11:00,2644761,2507_52,-33.85117721557617,151.15457153320312,320.0,0.0,38,0.63,True
2026-10-09T11:53:45+11:00,2621643,2507_516,-33.794647216796875,151.18038940429688,175.0,24.5,0,0.0,True
2026-10-09T11:53:45+11:00,2642869,2507_501,-33.87084197998047,151.19158935546875,2.0,20.5,476,7.93,False
2026-10-09T11:53:45+11:00,2555546,2507_291,-33.81250762939453,151.17103576660156,269.0,0.0,11,0.18,True
2026-10-09T11:53:45+11:00,2407926,2507_252,-33.821407318115234,151.14007568359375,120.0,35.3,-27,-0.45,True
2026-10-09T11:53:45+11:00,2643074,2507_52,-33.81699752807617,151.12155151367188,40.0,5.0,0,0.0,True
2026-10-09T11:53:45+11:00,2634478,2507_261,-33.830562591552734,151.1693878173828,215.0,39.6,-72,-1.2,False
2026-10-09T11:53:45+11:00,2227878,2507_275,-33.79152297973633,151.19845581054688,69.0,0.0,149,2.48,True
2026-10-09T11:53:45+11:00,2644774,2507_52,-33.872920989990234,151.2044219970703,244.0,4.7,66,1.1,True
2026-10-09T11:53:45+11:00,2407860,2507_252,-33.82326889038086,151.19467163085938,82.0,6.1,74,1.23,True
2026-10-09T11:53:45+11:00,2621507,2507_288,-33.81239700317383,151.17071533203125,105.0,0.0,-81,-1.35,False
2026-10-09T11:53:45+11:00,2644014,2507_52,-33.820068359375,151.11849975585938,124.0,36.4,95,1.58,True
2026-10-09T11:53:45+11:00,2644006,2507_52,-33.872779846191406,151.2062225341797,93.0,0.0,165,2.75,True
2026-10-09T11:53:45+11:00,2621608,2507_252,-33.830718994140625,151.20306396484375,324.0,0.0,-61,-1.02,False
2026-10-09T11:53:45+11:00,2645023,2507_501,-33.8646354675293,151.1713104248047,135.0,32.0,29,0.48,True
2026-10-09T11:53:45+11:00,2643576,2507_202,-33.822662353515625,151.21038818359375,185.0,0.0,-67,-1.12,False
2026-10-09T11:53:45+11:00,2644779,2507_120,-33.79493713378906,151.19667053222656,339.0,0.0,38,0.63,True
2026-10-09T11:53:45+11:00,2682098,2507_267,-33.80747604370117,151.20860290527344,193.0,36.7,-18,-0.3,True
2026-10-09T11:53:45+11:00,2644341,2507_120,-33.80439758300781,151.19955444335938,190.0,38.9,450,7.5,False
2026-10-09T11:53:45+11:00,2643005,2507_254,-33.812355041503906,151.1709747314453,55.0,20.9,-27,-0.45,True
2026-10-09T11:53:45+11:00,2744541,2507_292,-33.81241226196289,151.17227172851562,261.0,35.3,-104,-1.73,False
2026-10-09T11:53:45+11:00,2744623,2507_292,-33.86393356323242,151.2054901123047,173.0,0.0,-346,-5.77,False
2026-10-09T11:53:45+11:00,2682028,2507_202,-33.82919692993164,151.20887756347656,13.0,0.7,291,4.85,True
2026-10-09T11:53:45+11:00,2644748,2507_501,-33.8320426940918,151.126953125,177.0,41.8,-120,-2.0,False
2026-10-09T11:53:45+11:00,2744558,2507_292,-33.80107879638672,151.14590454101562,65.0,43.6,15,0.25,True
2026-10-09T11:53:45+11:00,2642952,2507_120,-33.845794677734375,151.21209716796875,342.0,45.0,106,1.77,True
2026-10-09T11:53:45+11:00,2621563,2507_252,-33.82829666137695,151.138671875,324.0,46.1,126,2.1,True
2026-10-09T11:53:45+11:00,2564964,2509_350,-33.9276123046875,151.18788146972656,197.0,26.6,-153,-2.55,False
2026-10-09T11:53:45+11:00,2531927,2509_324,-33.86670684814453,151.20339965820312,180.0,0.0,183,3.05,True
2026-10-09T11:53:45+11:00,2533378,2509_360,-33.89811325073242,151.2654571533203,109.0,16.6,41,0.68,True
2026-10-09T11:53:45+11:00,2565047,2509_333,-33.8659553527832,151.21107482910156,223.0,0.0,93,1.55,True
2026-10-09T11:53:45+11:00,2396551,2509_392,-33.950042724609375,151.23133850097656,353.0,38.9,-8,-0.13,True
2026-10-09T11:53:45+11:00,2628701,2509_304,-33.882747650146484,151.21453857421875,10.0,0.0,-73,-1.22,False
2026-10-09T11:53:45+11:00,2356256,2509_370,-33.92005920410156,151.2571258544922,184.0,1.4,0,0.0,True
2026-10-09T11:53:45+11:00,2141075,2509_306,-33.92589569091797,151.19534301757812,11.0,0.0,-32,-0.53,True
2026-10-09T11:53:45+11:00,2356916,2509_343,-33.86285400390625,151.2119598388672,4.0,0.0,0,0.0,True
2026-10-09T11:53:45+11:00,2352700,2509_356,-33.89105224609375,151.24923706054688,278.0,9.4,0,0.0,True
2026-10-09T11:53:45+11:00,2564618,2509_350,-33.92451095581055,151.18728637695312,356.0,0.0,164,2.73,True
2026-10-09T11:53:45+11:00,2564884,2509_350,-33.89130401611328,151.24794006347656,102.0,0.0,0,0.0,True
2026-10-09T11:53:45+11:00,2396521,2509_392,-33.8967399597168,151.20150756835938,269.0,0.4,-392,-6.53,False
2026-10-09T11:53:45+11:00,2565127,2509_333,-33.88917541503906,151.23255920410156,316.0,0.0,400,6.67,False
2026-10-09T11:53:45+11:00,2137058,2509_396,-33.920955657958984,151.22683715820312,171.0,0.7,-144,-2.4,False
2026-10-09T11:53:45+11:00,2434864,2509_390X,-33.9161376953125,151.23965454101562,189.0,0.0,205,3.42,True
2026-10-09T11:53:45+11:00,2534213,2509_355,-33.89069366455078,151.24368286132812,288.0,10.4,269,4.48,True
2026-10-09T11:53:45+11:00,2400219,2509_309,-33.92134475708008,151.1963653564453,38.0,24.5,2,0.03,True
2026-10-09T11:53:45+11:00,2551642,2509_379,-33.882354736328125,151.27658081054688,190.0,27.4,111,1.85,True
2026-10-09T11:53:45+11:00,2357311,2509_370,-33.8968505859375,151.1793975830078,35.0,9.4,516,8.6,False
2026-10-09T11:53:45+11:00,2564787,2509_350,-33.944923400878906,151.2266845703125,2.0,31.0,699,11.65,False
2026-10-09T11:53:45+11:00,2740193,2509_370,-33.9052734375,151.20289611816406,167.0,0.0,-221,-3.68,False
2026-10-09T11:53:45+11:00,2675086,2509_309,-33.92072296142578,151.19729614257812,221.0,37.1,39,0.65,True
2026-10-09T11:53:45+11:00,2531591,2509_325,-33.85603713989258,151.2069549560547,224.0,7.2,0,0.0,True
2026-10-09T11:53:45+11:00,2403234,2509_311,-33.866554260253906,151.20338439941406,177.0,0.0,78,1.3,True
2026-10-09T11:53:45+11:00,2533142,2509_313,-33.90920639038086,151.2516632080078,10.0,34.2,-193,-3.22,False
2026-10-09T11:53:45+11:00,2352294,2509_392,-33.8930778503418,151.19911193847656,25.0,9.7,339,5.65,True
2026-10-09T11:53:45+11:00,2563938,2509_379,-33.88205337524414,151.27706909179688,103.0,0.0,413,6.88,False
2026-10-09T11:53:45+11:00,2564792,2509_333,-33.89138412475586,151.2486114501953,99.0,16.9,-80,-1.33,False
2026-10-09T11:53:45+11:00,2563839,2509_379,-33.89163589477539,151.25192260742188,52.0,0.0,134,2.23,True
2026-10-09T11:53:45+11:00,2357505,2509_343,-33.889896392822266,151.2059783935547,9.0,1.1,-62,-1.03,False
2026-10-09T11:53:45+11:00,2356482,2509_373,-33.89689636230469,151.22225952148438,171.0,52.2,171,2.85,True
2026-10-09T11:53:45+11:00,2565067,2509_333,-33.89033889770508,151.24249267578125,110.0,29.9,31,0.52,True
2026-10-09T11:53:45+11:00,2564650,2509_350,-33.94620132446289,151.24130249023438,97.0,36.0,-83,-1.38,False
2026-10-09T11:53:45+11:00,2563808,2509_386,-33.86979293823242,151.26988220214844,320.0,0.0,761,12.68,False
2026-10-09T11:53:45+11:00,2531227,2509_325,-33.85158920288086,151.27622985839844,162.0,0.0,-183,-3.05,False
2026-10-09T11:53:45+11:00,2356826,2509_373,-33.909969329833984,151.2394256591797,9.0,32.4,348,5.8,True
2026-10-09T11:53:45+11:00,2740264,2509_370,-33.87205123901367,151.17999267578125,194.0,0.0,81,1.35,True
2026-10-09T11:53:45+11:00,2564670,2509_350,-33.92439270019531,151.18789672851562,100.0,0.0,701,11.68,False
2026-10-09T11:53:45+11:00,2352406,2509_307,-33.92734146118164,151.19532775878906,189.0,41.0,40,0.67,True
2026-10-09T11:53:45+11:00,2531541,2509_324,-33.87733459472656,151.24366760253906,72.0,21.2,139,2.32,True
2026-10-09T11:53:45+11:00,2532609,2509_380,-33.846954345703125,151.28561401367188,110.0,42.5,172,2.87,True
2026-10-09T11:53:45+11:00,2532059,2509_360,-33.91387939453125,151.26901245117188,208.0,0.0,0,0.0,True
2026-10-09T11:53:45+11:00,2470798,2509_356,-33.941429138183594,151.2388458251953,99.0,12.2,165,2.75,True
2026-10-09T11:53:45+11:00,2531221,2509_324,-33.843345642089844,151.28402709960938,345.0,0.0,0,0.0,True
2026-10-09T11:53:45+11:00,2352539,2509_307,-33.94852066040039,151.20852661132812,278.0,36.0,100,1.67,True
2026-10-09T11:53:45+11:00,2564709,2509_333,-33.89472961425781,151.2686767578125,280.0,0.0,-25,-0.42,True
2026-10-09T11:53:45+11:00,2356689,2509_339,-33.90536117553711,151.22865295410156,294.0,33.1,34,0.57,True
2026-10-09T11:53:45+11:00,2564729,2509_350,-33.906219482421875,151.25392150878906,155.0,0.4,99,1.65,True
2026-10-09T11:53:45+11:00,2534709,2509_355,-33.89990997314453,151.18560791015625,103.0,0.0,182,3.03,True
2026-10-09T11:53:45+11:00,2346304,2509_390X,-33.90702819824219,151.25204467773438,75.0,0.0,700,11.67,False
2026-10-09T11:53:45+11:00,2628664,2509_304,-33.862274169921875,151.21206665039062,12.0,18.4,0,0.0,True
2026-10-09T11:53:45+11:00,2151370,2509_333,-33.869606018066406,151.2102813720703,5.0,16.9,0,0.0,True
2026-10-09T11:53:45+11:00,2396589,2509_392,-33.89680480957031,151.20132446289062,272.0,0.0,201,3.35,True
2026-10-09T11:53:45+11:00,2532017,2509_325,-33.87687683105469,151.2451934814453,217.0,0.0,478,7.97,False
2026-10-09T11:53:45+11:00,2564689,2509_333,-33.89321517944336,151.2588348388672,275.0,1.4,71,1.18,True
2026-10-09T11:53:45+11:00,2352755,2509_392,-33.92103958129883,151.2268524169922,170.0,0.0,126,2.1,True
2026-10-09T11:53:45+11:00,2138321,2509_396,-33.88702392578125,151.2191619873047,336.0,4.7,-41,-0.68,True
2026-10-09T11:53:45+11:00,2434622,2509_390X,-33.940704345703125,151.23944091796875,167.0,0.4,126,2.1,True
2026-10-09T11:53:45+11:00,2138929,2509_396,-33.876888275146484,151.2119598388672,284.0,37.8,109,1.82,True
2026-10-09T11:53:45+11:00,2357642,2509_339,-33.91410827636719,151.26617431640625,132.0,0.0,0,0.0,True
2026-10-09T11:53:45+11:00,2356076,2509_373,-33.91962814331055,151.2572021484375,188.0,0.0,0,0.0,True
2026-10-09T11:53:45+11:00,2628739,2509_304,-33.900753021240234,151.213134765625,9.0,0.0,133,2.22,True
2026-10-09T11:53:45+11:00,2403274,2509_311,-33.874515533447266,151.22271728515625,221.0,4.0,158,2.63,True
2026-10-09T11:53:45+11:00,2357088,2509_343,-33.92521286010742,151.2192840576172,280.0,25.6,-30,-0.5,True
2026-10-09T11:53:45+11:00,2396568,2509_392,-33.917728424072266,151.22608947753906,350.0,20.9,352,5.87,True
2026-10-09T11:53:45+11:00,2534249,2509_355,-33.89012145996094,151.23191833496094,30.0,0.0,107,1.78,True
2026-10-09T11:53:45+11:00,2356213,2509_343,-33.8871955871582,151.20822143554688,183.0,37.1,588,9.8,False
2026-10-09T11:53:45+11:00,2534203,2509_326,-33.8885498046875,151.2577362060547,231.0,0.0,-3,-0.05,True
2026-10-09T11:53:45+11:00,2564976,2509_350,-33.8911018371582,151.2484588623047,277.0,0.0,0,0.0,True
2026-10-09T11:53:45+11:00,2564715,2509_333,-33.8827018737793,151.22052001953125,325.0,0.0,493,8.22,False
2026-10-09T11:53:45+11:00,2356387,2509_343,-33.8854866027832,151.20718383789062,49.0,30.6,320,5.33,True
2026-10-09T11:53:45+11:00,2488375,2509_392,-33.89311218261719,151.19898986816406,21.0,0.0,0,0.0,True
2026-10-09T11:53:45+11:00,2532795,2509_362,-33.90147018432617,151.26747131347656,99.0,33.1,33,0.55,True
2026-10-09T11:53:45+11:00,2740230,2509_370,-33.90717697143555,151.2030029296875,186.0,7.9,308,5.13,True
2026-10-09T11:53:45+11:00,2548556,2509_328,-33.888790130615234,151.24429321289062,331.0,29.5,43,0.72,True
2026-10-09T11:53:45+11:00,2357170,2509_370,-33.884559631347656,151.1932373046875,263.0,0.0,480,8.0,False
2026-10-09T11:53:45+11:00,2352450,2509_356,-33.92138671875,151.2431182861328,161.0,31.0,-3,-0.05,True
2026-10-09T11:53:45+11:00,2139262,2509_375,-33.9525260925293,151.24485778808594,105.0,8.3,295,4.92,True
2026-10-09T11:53:45+11:00,2357082,2509_343,-33.92307662963867,151.20816040039062,100.0,44.6,34,0.57,True
2026-10-09T11:53:45+11:00,2531402,2509_362,-33.889591217041016,151.27528381347656,128.0,0.0,505,8.42,False
2026-10-09T11:53:45+11:00,2740164,2509_370,-33.89324951171875,151.18418884277344,249.0,12.2,288,4.8,True
2026-10-09T11:53:45+11:00,2357467,2509_370,-33.905155181884766,151.1893310546875,217.0,32.0,-147,-2.45,False
2026-10-09T11:53:45+11:00,2138413,2509_396,-33.882408142089844,151.21737670898438,171.0,38.2,100,1.67,True
2026-10-09T11:53:45+11:00,2628783,2509_304,-33.900413513183594,151.21331787109375,186.0,0.0,239,3.98,True
2026-10-09T11:53:45+11:00,2357368,2509_373,-33.879695892333984,151.2157440185547,134.0,0.0,-38,-0.63,True
2026-10-09T11:53:45+11:00,2628690,2509_304,-33.88441467285156,151.2141876220703,189.0,0.0,369,6.15,False
2026-10-09T11:53:45+11:00,2533057,2509_380,-33.86555480957031,151.2806396484375,9.0,33.1,-89,-1.48,False
2026-10-09T11:53:45+11:00,2533176,2509_324,-33.867027282714844,151.20437622070312,355.0,0.0,-291,-4.85,False
2026-10-09T11:53:45+11:00,2346321,2509_390X,-33.9352912902832,151.23764038085938,349.0,49.7,177,2.95,True
2026-10-09T11:53:45+11:00,2564674,2509_350,-33.91469955444336,151.2580108642578,5.0,0.0,83,1.38,True
2026-10-09T11:53:45+11:00,2138056,2509_375,-33.918373107910156,151.24220275878906,349.0,0.0,304,5.07,True
2026-10-09T11:53:45+11:00,2564971,2509_350,-33.94786834716797,151.2522430419922,283.0,40.7,255,4.25,True
2026-10-09T11:53:45+11:00,2488366,2509_392,-33.8972053527832,151.21310424804688,208.0,16.6,495,8.25,False
2026-10-09T11:53:45+11:00,2534314,2509_325,-33.875736236572266,151.2245635986328,182.0,20.5,63,1.05,True
2026-10-09T11:53:45+11:00,2564997,2509_350,-33.93281936645508,151.1791229248047,103.0,4.3,99,1.65,True
2026-10-09T11:53:45+11:00,2551782,2509_379,-33.889244079589844,151.25949096679688,235.0,27.4,35,0.58,True
2026-10-09T11:53:45+11:00,2300946,2509_399,-33.93437957763672,151.23739624023438,349.0,48.2,232,3.87,True
2026-10-09T11:53:45+11:00,2355921,2509_374,-33.88193130493164,151.20651245117188,126.0,0.0,3,0.05,True
2026-10-09T11:53:45+11:00,2564539,2509_333,-33.87528991699219,151.2096405029297,191.0,34.9,284,4.73,True
2026-10-09T11:53:45+11:00,2352682,2509_307,-33.94488525390625,151.22633361816406,191.0,0.0,0,0.0,True
2026-10-09T11:53:45+11:00,2531763,2509_355,-33.89793395996094,151.17774963378906,246.0,31.7,-9,-0.15,True
2026-10-09T11:53:45+11:00,2346348,2509_390X,-33.9155387878418,151.2402801513672,71.0,10.1,299,4.98,True
2026-10-09T11:53:45+11:00,2534276,2509_313,-33.9138069152832,151.24949645996094,190.0,25.2,55,0.92,True
2026-10-09T11:53:45+11:00,2357253,2509_373,-33.88562774658203,151.2183837890625,337.0,0.0,173,2.88,True
2026-10-09T11:53:45+11:00,2356698,2509_370,-33.90592575073242,151.18093872070312,337.0,24.1,154,2.57,True
2026-10-09T11:53:45+11:00,2335667,2509_309,-33.898990631103516,151.19992065429688,344.0,5.4,-128,-2.13,False
2026-10-09T11:53:45+11:00,2628724,2509_304,-33.86329650878906,151.21270751953125,85.0,23.4,0,0.0,True
2026-10-09T11:53:45+11:00,2564675,2509_350,-33.940792083740234,151.2281036376953,204.0,51.5,234,3.9,True
2026-10-09T11:53:45+11:00,2564778,2509_333,-33.88963317871094,151.2794647216797,303.0,30.6,-18,-0.3,True
2026-10-09T11:53:45+11:00,2675085,2509_309,-33.94466781616211,151.19647216796875,155.0,29.2,-8,-0.13,True
2026-10-09T11:53:45+11:00,2551869,2509_379,-33.90645980834961,151.2678680419922,85.0,26.3,-194,-3.23,False
2026-10-09T11:53:45+11:00,2563997,2509_379,-33.900665283203125,151.25369262695312,334.0,0.0,179,2.98,True
2026-10-09T11:53:45+11:00,2740206,2509_370,-33.884254455566406,151.1928253173828,130.0,0.0,101,1.68,True
2026-10-09T11:53:45+11:00,2565082,2509_350,-33.893211364746094,151.2495880126953,10.0,0.0,-289,-4.82,False
2026-10-09T11:53:45+11:00,2564945,2509_350,-33.92100143432617,151.25686645507812,196.0,23.0,380,6.33,False
2026-10-09T11:53:45+11:00,2533052,2509_352,-33.887123107910156,151.2137451171875,9.0,25.2,-25,-0.42,True
2026-10-09T11:53:45+11:00,2534522,2509_324,-33.867130279541016,151.27195739746094,182.0,41.0,211,3.52,True
2026-10-09T11:53:45+11:00,2470760,2509_356,-33.9180793762207,151.24110412597656,265.0,13.0,277,4.62,True
2026-10-09T11:53:45+11:00,2357842,2509_374,-33.8947868347168,151.2207794189453,137.0,20.5,364,6.07,False
2026-10-09T11:53:45+11:00,2138713,2509_396,-33.94272232055664,151.2469024658203,281.0,35.3,160,2.67,True
2026-10-09T11:53:45+11:00,2356763,2509_311,-33.87745666503906,151.2117919921875,25.0,28.4,64,1.07,True
2026-10-09T11:53:45+11:00,2140857,2509_396,-33.94376754760742,151.25669860839844,124.0,0.0,-18,-0.3,True
2026-10-09T11:53:45+11:00,2434567,2509_390X,-33.915164947509766,151.2278289794922,277.0,0.0,375,6.25,False
2026-10-09T11:53:45+11:00,2352717,2509_356,-33.92857360839844,151.25059509277344,142.0,4.0,882,14.7,False
2026-10-09T11:53:45+11:00,2564781,2509_333,-33.86273956298828,151.21115112304688,5.0,0.0,0,0.0,True
2026-10-09T11:53:45+11:00,2564592,2509_333,-33.89226150512695,151.2548065185547,137.0,41.0,-59,-0.98,True
2026-10-09T11:53:45+11:00,2356007,2509_373,-33.91352081298828,151.2397918701172,153.0,0.0,171,2.85,True
2026-10-09T11:53:45+11:00,2357297,2509_370,-33.91050720214844,151.20501708984375,277.0,0.0,-46,-0.77,True
2026-10-09T11:53:45+11:00,2564678,2509_333,-33.890682220458984,151.27464294433594,41.0,0.0,-39,-0.65,True
2026-10-09T11:53:45+11:00,2357048,2509_370,-33.915103912353516,151.22796630859375,277.0,2.5,36,0.6,True
2026-10-09T11:53:45+11:00,2563935,2509_379,-33.89051818847656,151.25437927246094,52.0,37.4,643,10.72,False
2026-10-09T11:53:45+11:00,2564750,2509_333,-33.87961196899414,151.2156524658203,133.0,5.8,236,3.93,True
2026-10-09T11:53:45+11:00,2575729,2509_374,-33.902191162109375,151.2236328125,315.0,0.0,-25,-0.42,True
2026-10-09T11:53:45+11:00,2356041,2509_373,-33.91961669921875,151.24241638183594,344.0,7.9,39,0.65,True
2026-10-09T11:53:45+11:00,2346317,2509_390X,-33.90456008911133,151.2540283203125,11.0,19.1,152,2.53,True
2026-10-09T11:53:45+11:00,2565060,2509_350,-33.93983459472656,151.2584228515625,306.0,52.2,44,0.73,True
2026-10-09T11:53:45+11:00,2357270,2509_339,-33.89353561401367,151.22158813476562,172.0,59.8,111,1.85,True
2026-10-09T11:53:45+11:00,2564028,2509_379,-33.906272888183594,151.26431274414062,280.0,23.8,-94,-1.57,False
2026-10-09T11:53:45+11:00,2137875,2509_396,-33.9478874206543,151.25494384765625,44.0,0.0,0,0.0,True
2026-10-09T11:53:45+11:00,2140570,2509_396,-33.924495697021484,151.22828674316406,303.0,27.7,132,2.2,True
2026-10-09T11:53:45+11:00,2488503,2509_392,-33.927207946777344,151.2289276123047,164.0,0.0,580,9.67,False
2026-10-09T11:53:45+11:00,2139038,2509_375,-33.94001007080078,151.25860595703125,125.0,50.8,105,1.75,True
2026-10-09T11:53:45+11:00,2434767,2509_390X,-33.904518127441406,151.25416564941406,211.0,19.1,300,5.0,True
2026-10-09T11:53:45+11:00,2356942,2509_370,-33.92079162597656,151.25611877441406,279.0,5.0,112,1.87,True
2026-10-09T11:53:45+11:00,2396597,2509_392,-33.92543411254883,151.2281494140625,342.0,0.0,-62,-1.03,False
2026-10-09T11:53:45+11:00,2532127,2509_325,-33.84836196899414,151.28013610839844,217.0,47.5,-86,-1.43,False
2026-10-09T11:53:45+11:00,2565042,2509_333,-33.89176559448242,151.24732971191406,257.0,18.0,-13,-0.22,True
2026-10-09T11:53:45+11:00,2151719,2509_333,-33.887298583984375,151.230712890625,129.0,12.6,60,1.0,True
2026-10-09T11:53:45+11:00,2139005,2509_375,-33.955509185791016,151.23011779785156,321.0,23.0,467,7.78,False
2026-10-09T11:53:45+11:00,2139006,2509_396,-33.93735122680664,151.2364501953125,173.0,0.0,42,0.7,True
2026-10-09T11:53:45+11:00,2139735,2509_306,-33.9229621887207,151.2074432373047,280.0,0.0,-146,-2.43,False
2026-10-09T11:53:45+11:00,2564629,2509_333,-33.865013122558594,151.21160888671875,192.0,13.3,362,6.03,False
2026-10-09T11:53:45+11:00,2564923,2509_333,-33.89034652709961,151.2425079345703,290.0,0.7,153,2.55,True
2026-10-09T11:53:45+11:00,2352665,2509_392,-33.950538635253906,151.23155212402344,175.0,35.3,411,6.85,False
2026-10-09T11:53:45+11:00,2356321,2509_343,-33.913455963134766,151.20542907714844,14.0,0.0,117,1.95,True
2026-10-09T11:53:45+11:00,2532769,2509_386,-33.88357162475586,151.26904296875,206.0,0.0,231,3.85,True
2026-10-09T11:53:45+11:00,2138924,2509_306,-33.90779113769531,151.2029266357422,184.0,23.8,180,3.0,True
2026-10-09T11:53:45+11:00,2151526,2509_333,-33.89396286010742,151.264404296875,100.0,0.0,116,1.93,True
2026-10-09T11:53:45+11:00,2531776,2509_352,-33.89067840576172,151.20945739746094,294.0,0.0,28,0.47,True
2026-10-09T11:53:45+11:00,2357387,2509_343,-33.886024475097656,151.2080841064453,179.0,0.0,0,0.0,True
2026-10-09T11:53:45+11:00,2628631,2509_304,-33.8782958984375,151.20928955078125,185.0,3.2,42,0.7,True
2026-10-09T11:53:45+11:00,2434418,2509_390X,-33.89302062988281,151.2496337890625,189.0,0.0,82,1.37,True
2026-10-09T11:53:45+11:00,2346388,2509_390X,-33.91680908203125,151.23890686035156,101.0,37.4,-135,-2.25,False
2026-10-09T11:53:45+11:00,2564575,2509_333,-33.89324188232422,151.25929260253906,99.0,27.4,68,1.13,True
2026-10-09T11:53:45+11:00,2564613,2509_333,-33.89119338989258,151.2423553466797,192.0,0.0,467,7.78,False
2026-10-09T11:53:45+11:00,2532381,2509_380,-33.89434814453125,151.27322387695312,167.0,0.0,228,3.8,True
2026-10-09T11:53:45+11:00,2740184,2509_370,-33.91115951538086,151.22335815429688,180.0,18.0,335,5.58,True
2026-10-09T11:53:45+11:00,2675024,2509_309,-33.89716720581055,151.19947814941406,164.0,39.6,-65,-1.08,False
2026-10-09T11:53:45+11:00,2628694,2509_304,-33.86618423461914,151.21084594726562,35.0,31.7,-481,-8.02,False
2026-10-09T11:53:45+11:00,2532248,2509_380,-33.891422271728516,151.24905395507812,95.0,0.0,221,3.68,True
2026-10-09T11:53:45+11:00,2675014,2509_309,-33.95493698120117,151.2052001953125,147.0,0.0,353,5.88,True
2026-10-09T11:53:45+11:00,2346307,2509_390X,-33.94412612915039,151.23960876464844,349.0,13.3,-79,-1.32,False
2026-10-09T11:53:45+11:00,2551889,2509_379,-33.8912239074707,151.247802734375,129.0,13.3,99,1.65,True
2026-10-09T11:53:45+11:00,2564949,2509_333,-33.86252975463867,151.211181640625,6.0,0.0,0,0.0,True
2026-10-09T11:53:45+11:00,2357309,2509_311,-33.87382125854492,151.21316528320312,281.0,0.7,90,1.5,True
2026-10-09T11:53:45+11:00,2140283,2509_396,-33.87500762939453,151.20968627929688,9.0,5.8,540,9.0,False
2026-10-09T11:57:31+11:00,2287949,2459_433,-33.858001708984375,151.1829833984375,293.0,0.0,25,0.42,True
2026-10-09T11:57:31+11:00,1961266,2459_412,-33.891380310058594,151.171875,95.0,38.5,147,2.45,True
2026-10-09T11:57:31+11:00,2285484,2459_433,-33.87981033325195,151.17764282226562,295.0,0.0,158,2.63,True
2026-10-09T11:57:31+11:00,2685969,2459_423,-33.898765563964844,151.1749267578125,264.0,0.0,242,4.03,True
2026-10-09T11:57:31+11:00,2089461,2508_160X,-33.78425216674805,151.18927001953125,68.0,0.0,219,3.65,True
2026-10-09T11:57:31+11:00,2340872,2459_487,-33.90973663330078,151.11981201171875,9.0,37.4,-172,-2.87,False
2026-10-09T11:57:31+11:00,2736628,2459_445,-33.904170989990234,151.14036560058594,245.0,34.2,35,0.58,True
2026-10-09T11:57:31+11:00,2438304,7084_SW2,-33.910308837890625,151.1559600830078,306.0,16.6,25,0.42,True
2026-10-09T11:57:31+11:00,2714641,2508_144,-33.794708251953125,151.25765991210938,251.0,35.6,47,0.78,True
2026-10-09T11:57:31+11:00,2374938,2508_144,-33.80038833618164,151.2457275390625,229.0,34.6,152,2.53,True
2026-10-09T11:57:31+11:00,2383242,2508_100,-33.83541488647461,151.24647521972656,150.0,0.0,144,2.4,True
2026-10-09T11:57:31+11:00,2725802,7083_SW1,-33.91402816772461,151.16648864746094,235.0,4.7,-153,-2.55,False
2026-10-09T11:57:31+11:00,2284171,2459_442,-33.87070846557617,151.2038116455078,173.0,20.5,-120,-2.0,False
2026-10-09T11:57:31+11:00,2285836,2459_461X,-33.88711929321289,151.1754150390625,255.0,42.5,1069,17.82,False
2026-10-09T11:57:31+11:00,1961267,2459_412,-33.922481536865234,151.12893676757812,275.0,21.6,24,0.4,True
2026-10-09T11:57:31+11:00,2209665,2459_464,-33.85793685913086,151.1035919189453,171.0,0.0,90,1.5,True
2026-10-09T11:57:31+11:00,2283837,2459_423,-33.89889144897461,151.1722412109375,76.0,23.8,154,2.57,True
2026-10-09T11:57:31+11:00,2290236,2459_438X,-33.88479232788086,151.18746948242188,268.0,45.7,407,6.78,False
2026-10-09T11:57:31+11:00,2736871,2459_428,-33.89960861206055,151.1557159423828,272.0,0.0,263,4.38,True
2026-10-09T11:57:31+11:00,2570085,7083_SW1,-33.91255187988281,151.1182861328125,50.0,28.1,-36,-0.6,True
2026-10-09T11:57:31+11:00,2284553,2459_433,-33.88423538208008,151.20066833496094,87.0,41.0,743,12.38,False
2026-10-09T11:57:31+11:00,2596307,2459_490,-33.87542724609375,151.1077117919922,279.0,0.0,168,2.8,True
2026-10-09T11:57:31+11:00,2349671,2459_418,-33.89801788330078,151.1274871826172,183.0,0.0,577,9.62,False
2026-10-09T11:57:31+11:00,2286401,2459_433,-33.88213348388672,151.18968200683594,125.0,0.0,446,7.43,False
2026-10-09T11:57:31+11:00,2374833,2508_144,-33.829349517822266,151.21217346191406,97.0,19.4,43,0.72,True
2026-10-09T11:57:31+11:00,2388828,2508_173X,-33.814456939697266,151.2438201904297,203.0,39.2,407,6.78,False
2026-10-09T11:57:31+11:00,1963814,2459_412,-33.88535690307617,151.18304443359375,258.0,41.8,-135,-2.25,False
2026-10-09T11:57:31+11:00,2288010,2459_470,-33.88523864746094,151.17665100097656,253.0,18.7,100,1.67,True
2026-10-09T11:57:31+11:00,2286863,2459_438X,-33.887638092041016,151.17080688476562,85.0,47.5,621,10.35,False
2026-10-09T11:57:31+11:00,2290366,2459_431,-33.879173278808594,151.2091827392578,6.0,32.8,131,2.18,True
2026-10-09T11:57:31+11:00,2677592,2503_M90,-33.87497329711914,151.107421875,9.0,0.0,0,0.0,True
2026-10-09T11:57:31+11:00,2284471,2459_433,-33.88075637817383,151.18768310546875,321.0,29.2,-152,-2.53,False
2026-10-09T11:57:31+11:00,2290210,2459_438X,-33.87317657470703,151.2099151611328,186.0,0.0,-4,-0.07,True
2026-10-09T11:57:31+11:00,2736670,2459_308,-33.90850830078125,151.17185974121094,80.0,0.0,0,0.0,True
2026-10-09T11:57:31+11:00,2209158,2459_440,-33.87685012817383,151.21046447753906,270.0,0.0,67,1.12,True
2026-10-09T11:57:31+11:00,2375862,2508_144,-33.7995491027832,151.17919921875,156.0,36.7,31,0.52,True
2026-10-09T11:57:31+11:00,2383265,2508_100,-33.82624053955078,151.24366760253906,343.0,3.2,252,4.2,True
2026-10-09T11:57:31+11:00,2736886,2459_308,-33.9030876159668,151.17955017089844,330.0,0.0,245,4.08,True
2026-10-09T11:57:31+11:00,2283230,2459_426,-33.87169647216797,151.21011352539062,8.0,28.4,41,0.68,True
2026-10-09T11:57:31+11:00,2376016,2508_B1,-33.86104965209961,151.2059783935547,193.0,37.1,-129,-2.15,False
2026-10-09T11:57:31+11:00,2287540,2459_428,-33.88311767578125,151.2034454345703,60.0,11.9,59,0.98,True
2026-10-09T11:57:31+11:00,2714673,2508_144,-33.82827377319336,151.2044219970703,281.0,51.5,521,8.68,False
2026-10-09T11:57:31+11:00,2375055,2508_173X,-33.865413665771484,151.2064208984375,5.0,0.0,0,0.0,True
2026-10-09T11:57:31+11:00,2636298,2459_504,-33.85707092285156,151.14552307128906,48.0,14.0,-89,-1.48,False
2026-10-09T11:57:31+11:00,2608997,2459_430,-33.884307861328125,151.1997833251953,264.0,30.2,52,0.87,True
2026-10-09T11:57:31+11:00,2725810,7083_SW1,-33.9141845703125,151.1663055419922,240.0,5.4,447,7.45,False
2026-10-09T11:57:31+11:00,2208180,2459_464,-33.85713195800781,151.10337829589844,350.0,1.4,519,8.65,False
2026-10-09T11:57:31+11:00,2289999,2459_438X,-33.84487533569336,151.12850952148438,2.0,0.0,0,0.0,True
2026-10-09T11:57:31+11:00,2374921,2508_144,-33.79867935180664,151.24404907226562,28.0,40.0,683,11.38,False
2026-10-09T11:57:31+11:00,2596229,2459_492,-33.87666320800781,151.11776733398438,98.0,30.2,620,10.33,False
2026-10-09T11:57:31+11:00,2377424,2508_199,-33.794925689697266,151.268310546875,100.0,31.7,0,0.0,True
2026-10-09T11:57:31+11:00,2736682,2459_428,-33.865474700927734,151.21043395996094,220.0,0.0,9,0.15,True
2026-10-09T11:57:31+11:00,2349493,2459_418,-33.91466522216797,151.16392517089844,89.0,14.0,597,9.95,False
2026-10-09T11:57:31+11:00,2686003,2459_423,-33.89894485473633,151.17274475097656,263.0,42.1,815,13.58,False
2026-10-09T11:57:31+11:00,2208918,2459_464,-33.88894271850586,151.12506103515625,311.0,23.8,46,0.77,True
2026-10-09T11:57:31+11:00,2383283,2508_100,-33.84199905395508,151.24386596679688,180.0,0.0,0,0.0,True
2026-10-09T11:57:31+11:00,1870764,2459_412,-33.87506103515625,151.20968627929688,5.0,0.0,-618,-10.3,False
2026-10-09T11:57:31+11:00,2285785,2459_437,-33.874385833740234,151.1648712158203,259.0,18.4,39,0.65,True
2026-10-09T11:57:31+11:00,2283484,2459_431,-33.87246322631836,151.1798858642578,169.0,22.0,0,0.0,True
2026-10-09T11:57:31+11:00,2319865,7083_SW3,-33.915077209472656,151.1649627685547,0.0,0.0,816,13.6,False
2026-10-09T11:57:31+11:00,1962702,2459_413,-33.89530563354492,151.1426544189453,88.0,37.1,-132,-2.2,False
2026-10-09T11:57:31+11:00,2039021,2459_470,-33.8775520324707,151.20938110351562,4.0,1.1,36,0.6,True
2026-10-09T11:57:31+11:00,2285728,2459_423,-33.89134216308594,151.18821716308594,41.0,0.0,235,3.92,True
2026-10-09T11:57:31+11:00,2720337,2514_194,-33.86796951293945,151.2059326171875,175.0,4.3,126,2.1,True
2026-10-09T11:57:31+11:00,2287147,2459_428,-33.89706802368164,151.15040588378906,105.0,34.9,105,1.75,True
2026-10-09T11:57:31+11:00,2284302,2459_441,-33.8746337890625,151.198486328125,255.0,61.6,26,0.43,True
2026-10-09T11:57:31+11:00,2514704,2459_410,-33.85655212402344,151.10330200195312,351.0,0.0,50,0.83,True
2026-10-09T11:57:31+11:00,2635994,2459_504,-33.85115432739258,151.12893676757812,43.0,15.1,104,1.73,True
2026-10-09T11:57:31+11:00,2287041,2459_438X,-33.8808479309082,151.1390380859375,322.0,0.0,-80,-1.33,False
2026-10-09T11:57:31+11:00,2287626,2459_406,-33.90139389038086,151.13143920898438,35.0,41.8,-164,-2.73,False
2026-10-09T11:57:31+11:00,1963813,2459_412,-33.91146469116211,151.14187622070312,277.0,0.0,-108,-1.8,False
2026-10-09T11:57:31+11:00,2284664,2459_461X,-33.86915588378906,151.10865783691406,101.0,54.4,95,1.58,True
2026-10-09T11:57:31+11:00,2208325,2459_464,-33.875003814697266,151.1040802001953,5.0,10.4,164,2.73,True
2026-10-09T11:57:31+11:00,2720353,2514_194,-33.78264617919922,151.19683837890625,331.0,45.4,334,5.57,True
2026-10-09T11:57:31+11:00,2708618,2504_610X,-33.813568115234375,151.18971252441406,80.0,76.3,-352,-5.87,False
2026-10-09T11:57:31+11:00,2287214,2459_431,-33.873321533203125,151.181884765625,327.0,37.1,-79,-1.32,False
2026-10-09T11:57:31+11:00,2618633,2459_422,-33.88437271118164,151.19920349121094,267.0,40.0,-84,-1.4,False
2026-10-09T11:57:31+11:00,2632144,2510_301,-33.93586730957031,151.20838928222656,112.0,43.9,86,1.43,True
2026-10-09T11:57:31+11:00,2383269,2508_100,-33.830299377441406,151.22390747070312,241.0,0.7,262,4.37,True
2026-10-09T11:57:31+11:00,2618627,2459_422,-33.92127227783203,151.16561889648438,252.0,37.4,-87,-1.45,False
2026-10-09T11:57:31+11:00,2290445,2459_461X,-33.87349319458008,151.1043701171875,189.0,0.0,591,9.85,False
2026-10-09T11:57:31+11:00,2286119,2459_433,-33.85635757446289,151.17294311523438,51.0,0.0,28,0.47,True
2026-10-09T11:57:31+11:00,2208075,2459_530,-33.87068176269531,151.1176300048828,97.0,51.5,579,9.65,False
2026-10-09T11:57:31+11:00,2596315,2459_490,-33.8503532409668,151.1550750732422,75.0,0.0,0,0.0,True
2026-10-09T11:57:31+11:00,2287237,2459_422,-33.884605407714844,151.1875,84.0,0.0,0,0.0,True
2026-10-09T11:57:31+11:00,2714687,2508_114,-33.8233757019043,151.19454956054688,277.0,0.0,77,1.28,True
2026-10-09T11:57:31+11:00,1963815,2459_412,-33.86570358276367,151.21022033691406,217.0,0.0,9,0.15,True
2026-10-09T11:57:31+11:00,2428385,2508_238,-33.826446533203125,151.25123596191406,231.0,15.5,503,8.38,False
2026-10-09T11:57:31+11:00,2290848,2459_470,-33.88014221191406,151.20733642578125,282.0,0.0,-129,-2.15,False
2026-10-09T11:57:31+11:00,2383247,2508_100,-33.85236358642578,151.210693359375,28.0,68.8,31,0.52,True
2026-10-09T11:57:31+11:00,2596406,2459_491,-33.92036056518555,151.1233367919922,10.0,33.1,574,9.57,False
2026-10-09T11:57:31+11:00,2375252,2508_144,-33.83157730102539,151.22274780273438,103.0,34.2,399,6.65,False
2026-10-09T11:57:31+11:00,2287406,2459_303,-33.9211540222168,151.2379150390625,278.0,0.0,0,0.0,True
2026-10-09T11:57:31+11:00,2668074,2459_420,-33.93756866455078,151.1630859375,327.0,24.5,-5,-0.08,True
2026-10-09T11:57:31+11:00,2736627,2459_445,-33.88438415527344,151.1572265625,181.0,15.8,17,0.28,True
2026-10-09T11:57:31+11:00,2736627_2,2459_445,-33.87590408325195,151.16001892089844,355.0,0.0,-373,-6.22,False
2026-10-09T11:57:31+11:00,2285993,2459_433,-33.87603759765625,151.17532348632812,143.0,33.1,393,6.55,False
2026-10-09T11:57:31+11:00,2668055,2459_420,-33.92448043823242,151.18829345703125,280.0,0.0,28,0.47,True
2026-10-09T11:57:31+11:00,2286379,2459_423,-33.90648651123047,151.16490173339844,35.0,37.4,-84,-1.4,False
2026-10-09T11:57:31+11:00,2475321,2459_389,-33.872642517089844,151.2064971923828,172.0,0.0,-13,-0.22,True
2026-10-09T11:57:31+11:00,2376680,2508_B1,-33.798526763916016,151.2520294189453,216.0,46.8,154,2.57,True
2026-10-09T11:57:31+11:00,2208297,2459_440,-33.89090347290039,151.24867248535156,95.0,0.0,0,0.0,True
2026-10-09T11:57:31+11:00,2383235,2508_100,-33.83926010131836,151.2445831298828,25.0,0.0,-19,-0.32,True
2026-10-09T11:57:31+11:00,2036759,2459_440,-33.8772087097168,151.2119598388672,22.0,0.0,156,2.6,True
2026-10-09T11:57:31+11:00,2283743,2459_423,-33.878448486328125,151.20733642578125,13.0,13.7,79,1.32,True
2026-10-09T11:57:31+11:00,2474973,2459_389,-33.87894058227539,151.21868896484375,98.0,0.0,125,2.08,True
2026-10-09T11:57:31+11:00,2284139,2459_461X,-33.88050842285156,151.20677185058594,12.0,0.0,113,1.88,True
2026-10-09T11:57:31+11:00,2285356,2459_461X,-33.887794494628906,151.1694793701172,265.0,47.5,94,1.57,True
2026-10-09T11:57:31+11:00,2285745,2459_438X,-33.8788948059082,151.13748168945312,323.0,0.0,453,7.55,False
2026-10-09T11:57:31+11:00,2283197,2459_461X,-33.8741455078125,151.21517944335938,102.0,0.0,514,8.57,False
2026-10-09T11:57:31+11:00,2484482,2459_483,-33.88768768310547,151.17112731933594,267.0,4.7,172,2.87,True
2026-10-09T11:57:31+11:00,2714607,2508_114,-33.8248291015625,151.24148559570312,296.0,0.0,195,3.25,True
2026-10-09T11:57:31+11:00,2454758,2508_225,-33.835113525390625,151.22662353515625,274.0,0.0,224,3.73,True
2026-10-09T11:57:31+11:00,2288717,2459_437,-33.86651611328125,151.14125061035156,162.0,0.0,198,3.3,True
2026-10-09T11:57:31+11:00,2709341,2504_610X,-33.85282516479492,151.2104034423828,208.0,65.9,-38,-0.63,True
2026-10-09T11:57:31+11:00,2636123,2459_415,-33.84778594970703,151.14132690429688,37.0,0.0,0,0.0,True
2026-10-09T11:57:31+11:00,2283431,2459_442,-33.85837936401367,151.18467712402344,267.0,32.4,282,4.7,True
2026-10-09T11:57:31+11:00,2484407,2459_483,-33.879600524902344,151.208251953125,101.0,0.0,1,0.02,True
2026-10-09T11:57:31+11:00,2484438,2459_480,-33.87958526611328,151.20814514160156,105.0,0.0,0,0.0,True
2026-10-09T11:57:31+11:00,2707042,2504_610X,-33.85186004638672,151.2108612060547,29.0,66.6,74,1.23,True
2026-10-09T11:57:31+11:00,2596252,2459_491,-33.90837860107422,151.1193084716797,144.0,40.3,192,3.2,True
2026-10-09T11:57:31+11:00,2554244,2459_358,-33.922401428222656,151.2030792236328,279.0,31.7,25,0.42,True
2026-10-09T11:57:31+11:00,2415677,2508_B1,-33.86636734008789,151.20632934570312,7.0,0.0,1,0.02,True
2026-10-09T11:57:31+11:00,2514770,2459_410,-33.85736846923828,151.10354614257812,346.0,0.0,957,15.95,False
2026-10-09T11:57:31+11:00,2208134,2459_440,-33.87408447265625,151.1559600830078,357.0,34.9,-61,-1.02,False
2026-10-09T11:57:31+11:00,2415639,2508_B1,-33.86212158203125,151.20480346679688,25.0,47.2,41,0.68,True
2026-10-09T11:57:31+11:00,2514750,2459_410,-33.87993240356445,151.10316467285156,9.0,0.0,14,0.23,True
2026-10-09T11:57:31+11:00,2421243,2508_230,-33.843074798583984,151.20855712890625,103.0,30.2,160,2.67,True
2026-10-09T11:57:31+11:00,2284585,2459_426,-33.89722442626953,151.17919921875,215.0,31.0,82,1.37,True
2026-10-09T11:57:31+11:00,2383279,2508_100,-33.87054443359375,151.20620727539062,183.0,5.0,27,0.45,True
2026-10-09T11:57:31+11:00,2039022,2459_470,-33.88452911376953,151.1986083984375,87.0,44.3,-81,-1.35,False
2026-10-09T11:57:31+11:00,2609054,2459_430,-33.89643478393555,151.1798858642578,55.0,0.0,116,1.93,True
2026-10-09T11:57:31+11:00,2714689,2508_144,-33.81658935546875,151.2432098388672,160.0,32.4,320,5.33,True
2026-10-09T11:57:31+11:00,2290322,2459_431,-33.86899948120117,151.21044921875,189.0,0.0,24,0.4,True
2026-10-09T11:57:31+11:00,2288533,2459_441,-33.86783981323242,151.17984008789062,79.0,46.4,-122,-2.03,False
2026-10-09T11:57:31+11:00,2438312,7084_SW2,-33.914615631103516,151.165283203125,39.0,0.0,0,0.0,True
2026-10-09T11:57:31+11:00,2308915,2459_445,-33.86457824707031,151.16883850097656,54.0,0.0,-25,-0.42,True
2026-10-09T11:57:31+11:00,2686026,2459_423,-33.88147735595703,151.20602416992188,225.0,14.4,60,1.0,True
2026-10-09T11:57:31+11:00,2475314,2459_389,-33.86768341064453,151.19595336914062,154.0,0.0,244,4.07,True
2026-10-09T11:57:31+11:00,2208782,2459_413,-33.89585876464844,151.12005615234375,162.0,41.4,17,0.28,True
2026-10-09T11:57:31+11:00,2514979,2459_410,-33.866851806640625,151.10581970214844,191.0,30.2,25,0.42,True
2026-10-09T11:57:31+11:00,2283459,2459_442,-33.85825729370117,151.1845703125,90.0,28.4,99,1.65,True
2026-10-09T11:57:31+11:00,2288237,2459_461X,-33.888614654541016,151.15567016601562,76.0,0.0,208,3.47,True
2026-10-09T11:57:31+11:00,2287779,2459_422,-33.89812469482422,151.1782989501953,28.0,0.0,-166,-2.77,False
2026-10-09T11:57:31+11:00,2475151,2459_389,-33.86943054199219,151.19789123535156,358.0,0.0,0,0.0,True
2026-10-09T11:57:31+11:00,2288360,2459_422,-33.941017150878906,151.15110778808594,11.0,0.0,270,4.5,True
2026-10-09T11:57:31+11:00,2736732,2459_428,-33.88137435913086,151.2061309814453,224.0,0.0,-122,-2.03,False
2026-10-09T11:57:31+11:00,2415628,2508_B1,-33.82447052001953,151.2408447265625,81.0,0.0,211,3.52,True
2026-10-09T11:57:31+11:00,2376349,2508_144,-33.82441329956055,151.18826293945312,124.0,43.6,40,0.67,True
2026-10-09T11:57:31+11:00,2283706,2459_348,-33.90756607055664,151.18801879882812,103.0,15.8,319,5.32,True
2026-10-09T11:57:31+11:00,2288888,2459_437,-33.87376403808594,151.16810607910156,80.0,58.7,-5,-0.08,True
2026-10-09T11:57:31+11:00,2720574,2514_270,-33.786895751953125,151.20166015625,160.0,46.1,250,4.17,True
2026-10-09T11:57:31+11:00,2596137,2459_492,-33.85041427612305,151.1552276611328,112.0,0.0,675,11.25,False
2026-10-09T11:57:31+11:00,1940345,2459_412,-33.8717041015625,151.21009826660156,186.0,0.0,4,0.07,True
2026-10-09T11:57:31+11:00,2739840,2459_458,-33.87577438354492,151.10409545898438,8.0,31.3,342,5.7,True
2026-10-09T11:57:31+11:00,2714712,2508_144,-33.82275390625,151.18685913085938,330.0,37.8,687,11.45,False
2026-10-09T11:57:31+11:00,2287090,2459_389,-33.881622314453125,151.22483825683594,16.0,0.0,264,4.4,True
2026-10-09T11:57:31+11:00,2660212,2459_320,-33.9034538269043,151.2084503173828,278.0,0.0,17,0.28,True
2026-10-09T11:57:31+11:00,2685992,2459_423,-33.87054443359375,151.2102813720703,187.0,0.0,32,0.53,True
2026-10-09T11:57:31+11:00,2287478,2459_428,-33.89750289916992,151.1788787841797,53.0,21.6,55,0.92,True
2026-10-09T11:57:31+11:00,2287265,2459_438X,-33.8663444519043,151.1302032470703,187.0,4.0,36,0.6,True
2026-10-09T11:57:31+11:00,2415722,2508_B1,-33.82415008544922,151.2413787841797,53.0,0.0,631,10.52,False
2026-10-09T11:57:31+11:00,2209122,2459_440,-33.8902702331543,151.2422637939453,290.0,9.7,52,0.87,True
2026-10-09T11:57:31+11:00,2660348,2459_320,-33.885963439941406,151.20289611816406,162.0,0.0,0,0.0,True
2026-10-09T11:57:31+11:00,2308899,2459_445,-33.884490966796875,151.1571044921875,351.0,31.7,-128,-2.13,False
2026-10-09T11:57:31+11:00,2424374,2508_230,-33.830841064453125,151.22076416015625,114.0,32.8,-106,-1.77,False
2026-10-09T11:57:31+11:00,2636282,2459_504,-33.8569221496582,151.16017150878906,141.0,43.2,78,1.3,True
2026-10-09T11:57:31+11:00,2635944,2459_504,-33.87081527709961,151.214111328125,318.0,0.4,25,0.42,True
2026-10-09T11:57:31+11:00,2290923,2459_433,-33.86497116088867,151.17184448242188,131.0,0.0,81,1.35,True
2026-10-09T11:57:31+11:00,2660387,2459_320,-33.88969039916992,151.20791625976562,185.0,0.4,43,0.72,True
2026-10-09T11:57:31+11:00,2036760,2459_440,-33.884586334228516,151.18771362304688,85.0,0.0,180,3.0,True
2026-10-09T11:57:31+11:00,2424344,2508_230,-33.827579498291016,151.2440948486328,177.0,5.0,157,2.62,True
2026-10-09T11:57:31+11:00,2288033,2459_423,-33.9232063293457,151.14254760742188,14.0,21.6,71,1.18,True
2026-10-09T11:57:31+11:00,2289579,2459_426,-33.88311004638672,151.20352172851562,44.0,4.7,-61,-1.02,False
2026-10-09T11:57:31+11:00,2685954,2459_423,-33.8656005859375,151.2103271484375,217.0,0.0,0,0.0,True
2026-10-09T11:57:31+11:00,2329332,7083_SW3,-33.91242218017578,151.1184844970703,54.0,27.0,957,15.95,False
2026-10-09T11:57:31+11:00,2287869,2459_438X,-33.865535736083984,151.21127319335938,227.0,0.0,0,0.0,True
2026-10-09T11:57:31+11:00,2596421,2459_491,-33.886253356933594,151.12477111816406,357.0,0.0,1223,20.38,False
2026-10-09T11:57:31+11:00,2284094,2459_418,-33.907623291015625,151.12904357910156,312.0,39.6,-29,-0.48,True
2026-10-09T11:57:31+11:00,2474541,2508_225,-33.83209991455078,151.22225952148438,188.0,0.0,98,1.63,True
2026-10-09T11:57:31+11:00,2286112,2459_461X,-33.881221771240234,151.20501708984375,306.0,0.0,-157,-2.62,False
2026-10-09T11:57:31+11:00,2287957,2459_348,-33.910728454589844,151.19625854492188,309.0,36.7,79,1.32,True
2026-10-09T11:57:31+11:00,2685958,2459_423,-33.892822265625,151.18572998046875,252.0,33.1,14,0.23,True
2026-10-09T11:57:31+11:00,2290538,2459_438X,-33.87739944458008,151.2093963623047,6.0,1.8,210,3.5,True
2026-10-09T11:57:31+11:00,2374409,2508_B1,-33.820106506347656,151.24392700195312,176.0,23.8,247,4.12,True
2026-10-09T11:57:31+11:00,2736773,2459_308,-33.885780334472656,151.20701599121094,32.0,22.7,123,2.05,True
2026-10-09T11:57:31+11:00,2736725,2459_428,-33.89382553100586,151.1831817626953,223.0,0.0,17,0.28,True
2026-10-09T11:57:31+11:00,2636242,2459_504,-33.86388397216797,151.16995239257812,309.0,32.8,102,1.7,True
2026-10-09T11:57:31+11:00,2514798,2459_410,-33.8740234375,151.1044158935547,190.0,20.9,516,8.6,False
2026-10-09T11:57:31+11:00,2288630,2459_437,-33.88126754760742,151.13938903808594,325.0,20.9,-48,-0.8,True
2026-10-09T11:57:31+11:00,2392770,2508_114,-33.831214904785156,151.22152709960938,115.0,7.6,162,2.7,True
2026-10-09T11:57:31+11:00,2208684,2459_413,-33.87956619262695,151.2080535888672,99.0,0.0,358,5.97,True
2026-10-09T11:57:31+11:00,2618184,2508_263,-33.86320877075195,151.21353149414062,221.0,31.0,99,1.65,True
2026-10-09T11:57:31+11:00,2209199,2459_473,-33.93695068359375,151.1413116455078,59.0,49.7,135,2.25,True
2026-10-09T11:57:31+11:00,2036762,2459_440,-33.86422348022461,151.16949462890625,234.0,0.0,0,0.0,True
2026-10-09T11:57:31+11:00,1912300,2459_483,-33.88776779174805,151.1686553955078,84.0,46.8,98,1.63,True
2026-10-09T11:57:31+11:00,2373997,2508_172X,-33.82918167114258,151.2163543701172,100.0,30.6,91,1.52,True
2026-10-09T11:57:31+11:00,2570111,7083_SW1,-33.9144401550293,151.16342163085938,317.0,31.7,3408,56.8,False
2026-10-09T11:57:31+11:00,2553950,2459_358,-33.921382904052734,151.19552612304688,280.0,40.0,394,6.57,False
2026-10-09T11:57:31+11:00,2329281,7083_SW3,-33.90361404418945,151.1416778564453,258.0,32.8,36,0.6,True
2026-10-09T11:57:31+11:00,2383317,2508_100,-33.82822036743164,151.229736328125,60.0,41.8,-55,-0.92,True
2026-10-09T11:57:31+11:00,2550306,2508_263,-33.82670593261719,151.2069854736328,277.0,37.4,58,0.97,True
2026-10-09T11:57:31+11:00,2287838,2459_438X,-33.88795852661133,151.16668701171875,84.0,25.9,62,1.03,True
2026-10-09T11:57:31+11:00,2039023,2459_470,-33.88087463378906,151.1691436767578,109.0,31.0,170,2.83,True
2026-10-09T11:57:31+11:00,2285994,2459_348,-33.920841217041016,151.23704528808594,99.0,0.0,237,3.95,True
2026-10-09T11:57:31+11:00,2283297,2459_442,-33.87260818481445,151.20648193359375,177.0,11.2,425,7.08,False
2026-10-09T11:57:31+11:00,2714724,2508_144,-33.829769134521484,151.21353149414062,280.0,25.9,72,1.2,True
2026-10-09T11:57:31+11:00,1870765,2459_412,-33.901851654052734,151.1533203125,354.0,0.0,-15,-0.25,True
2026-10-09T11:57:31+11:00,2374634,2508_B1,-33.82851028442383,151.22943115234375,240.0,32.8,280,4.67,True
2026-10-09T11:57:31+11:00,2421487,2508_229,-33.83115768432617,151.20848083496094,193.0,33.5,330,5.5,True
2026-10-09T11:57:31+11:00,2589802,2508_280,-33.779972076416016,151.1957550048828,161.0,41.4,146,2.43,True
2026-10-09T11:57:31+11:00,2438379,7084_SW2,-33.909908294677734,151.1713104248047,0.0,0.0,987,16.45,False
2026-10-09T11:57:31+11:00,2609058,2459_430,-33.90763854980469,151.16387939453125,213.0,39.2,276,4.6,True
2026-10-09T11:57:31+11:00,2349695,2459_418,-33.8865966796875,151.1089630126953,82.0,47.9,-94,-1.57,False
2026-10-09T11:57:31+11:00,2283374,2459_389,-33.89144515991211,151.2462615966797,291.0,40.3,324,5.4,True
2026-10-09T11:57:31+11:00,2620044,2459_530,-33.814697265625,151.1681671142578,267.0,0.4,108,1.8,True
2026-10-09T11:57:31+11:00,2290491,2459_389,-33.87203598022461,151.20330810546875,172.0,46.4,-80,-1.33,False
2026-10-09T11:57:31+11:00,2284164,2459_422,-33.88789367675781,151.18067932128906,139.0,0.0,263,4.38,True
2026-10-09T11:57:31+11:00,2208953,2459_466,-33.858524322509766,151.11734008789062,76.0,35.6,199,3.32,True
2026-10-09T11:57:31+11:00,2377114,2508_144,-33.797298431396484,151.17941284179688,246.0,0.0,0,0.0,True
2026-10-09T11:57:31+11:00,1940344,2459_412,-33.892513275146484,151.16648864746094,241.0,43.9,255,4.25,True
2026-10-09T11:57:31+11:00,2719535,2514_270,-33.86784362792969,151.2059326171875,177.0,7.6,137,2.28,True
2026-10-09T11:57:31+11:00,2284783,2459_470,-33.882564544677734,151.18251037597656,325.0,22.7,-334,-5.57,False
2026-10-09T11:57:31+11:00,2636029,2459_415,-33.86954116821289,151.10520935058594,190.0,0.0,205,3.42,True
2026-10-09T11:57:31+11:00,2475071,2459_389,-33.891761779785156,151.2472686767578,109.0,0.0,-264,-4.4,False
2026-10-09T11:57:31+11:00,2668117,2459_420,-33.93326187133789,151.18234252929688,103.0,0.4,-56,-0.93,True
2026-10-09T11:57:31+11:00,2710657,2504_610X,-33.8000602722168,151.1423797607422,296.0,72.7,179,2.98,True
2026-10-09T11:57:31+11:00,2037362,2459_469,-33.880828857421875,151.16896057128906,293.0,33.5,134,2.23,True
2026-10-09T11:57:31+11:00,2668061,2459_420,-33.877479553222656,151.1036376953125,191.0,18.7,67,1.12,True
2026-10-09T11:57:31+11:00,2596277,2459_492,-33.87582778930664,151.1039276123047,190.0,28.1,655,10.92,False
2026-10-09T11:57:31+11:00,2286320,2459_438X,-33.88446044921875,151.19937133789062,267.0,42.1,-1,-0.02,True
2026-10-09T11:57:31+11:00,2376487,2508_173X,-33.82417678833008,151.24127197265625,51.0,0.0,236,3.93,True
2026-10-09T11:57:31+11:00,2283131,2459_418,-33.88069152832031,151.10302734375,9.0,9.0,15,0.25,True
2026-10-09T11:57:31+11:00,2719874,2514_194,-33.78033447265625,151.19212341308594,68.0,2.5,150,2.5,True
2026-10-09T11:57:31+11:00,2706092,2504_607X,-33.823570251464844,151.20777893066406,291.0,78.1,214,3.57,True
2026-10-09T11:57:31+11:00,2736637,2459_445,-33.86140060424805,151.17153930664062,204.0,1.1,260,4.33,True
2026-10-09T11:57:31+11:00,2636299,2459_504,-33.87279510498047,151.20516967773438,84.0,20.5,23,0.38,True
2026-10-09T11:57:31+11:00,2288589,2459_426,-33.87602233886719,151.20950317382812,190.0,34.6,142,2.37,True
2026-10-09T11:57:31+11:00,2725843,7083_SW1,-33.90633773803711,151.12710571289062,252.0,15.1,67,1.12,True
2026-10-09T11:57:31+11:00,2288642,2459_389,-33.87324523925781,151.1970977783203,328.0,28.1,366,6.1,False
2026-10-09T11:57:31+11:00,2708433,2504_607X,-33.87057113647461,151.20623779296875,176.0,0.0,0,0.0,True
2026-10-09T11:57:31+11:00,2613562,7084_SW2,-33.904823303222656,151.12843322753906,37.0,0.0,-37,-0.62,True
2026-10-09T11:57:31+11:00,2209279,2459_464,-33.87745666503906,151.10350036621094,190.0,26.3,357,5.95,True
2026-10-09T11:57:31+11:00,2309666,7083_SW3,-33.90876770019531,151.15264892578125,121.0,24.5,798,13.3,False
2026-10-09T11:57:31+11:00,1973451,2508_162,-33.8017692565918,151.2572021484375,9.0,26.6,-156,-2.6,False
2026-10-09T11:57:31+11:00,2720313,2514_271,-33.832923889160156,151.21189880371094,27.0,39.6,109,1.82,True
2026-10-09T11:57:31+11:00,2668146,2459_420,-33.875160217285156,151.10743713378906,9.0,0.0,0,0.0,True
2026-10-09T11:57:31+11:00,2036761,2459_440,-33.88178253173828,151.15676879882812,181.0,11.5,203,3.38,True
2026-10-09T11:57:31+11:00,2377512,2508_111,-33.83163833618164,151.24313354492188,54.0,42.5,10,0.17,True
2026-10-09T11:57:31+11:00,2376879,2508_243,-33.81845474243164,151.23306274414062,267.0,13.0,216,3.6,True
2026-10-09T11:57:31+11:00,2554274,2459_358,-33.91663360595703,151.23934936523438,192.0,0.0,311,5.18,True
2026-10-09T11:57:31+11:00,2619992,2459_530,-33.86973190307617,151.11141967773438,277.0,0.0,5,0.08,True
2026-10-09T11:57:31+11:00,2308959,2459_445,-33.90572738647461,151.13575744628906,88.0,22.7,204,3.4,True
2026-10-09T11:57:31+11:00,2208714,2459_530,-33.79963684082031,151.17898559570312,338.0,24.5,-218,-3.63,False
2026-10-09T11:57:31+11:00,2383244,2508_100,-33.824989318847656,151.24203491210938,119.0,16.2,93,1.55,True
2026-10-09T11:57:31+11:00,2287778,2459_470,-33.86698532104492,151.21070861816406,6.0,36.0,248,4.13,True
2026-10-09T11:57:31+11:00,2421210,2508_230,-33.830108642578125,151.21803283691406,276.0,0.0,88,1.47,True
2026-10-09T11:57:31+11:00,2208473,2459_440,-33.884918212890625,151.19114685058594,267.0,0.0,99,1.65,True
2026-10-09T11:57:31+11:00,2632208,2510_301,-33.929500579833984,151.21200561523438,31.0,39.6,202,3.37,True
2026-10-09T11:57:31+11:00,2720091,2514_281,-33.79505157470703,151.1824493408203,72.0,0.0,75,1.25,True
2026-10-09T11:57:31+11:00,2643362,2507_120,-33.79613494873047,151.1813507080078,350.0,0.0,146,2.43,True
2026-10-09T11:57:31+11:00,2643205,2507_52,-33.87281799316406,151.20489501953125,85.0,13.7,-143,-2.38,False
2026-10-09T11:57:31+11:00,2643324,2507_501,-33.87010955810547,151.1941680908203,334.0,21.2,44,0.73,True
2026-10-09T11:57:31+11:00,2621391,2507_288,-33.86512756347656,151.20518493652344,261.0,27.7,441,7.35,False
2026-10-09T11:57:31+11:00,2441871,2507_207,-33.840736389160156,151.20640563964844,322.0,12.6,-8,-0.13,True
2026-10-09T11:57:31+11:00,2555494,2507_538,-33.820552825927734,151.13528442382812,30.0,33.5,103,1.72,True
2026-10-09T11:57:31+11:00,2644808,2507_120,-33.87211227416992,151.2064208984375,176.0,24.8,127,2.12,True
2026-10-09T11:57:31+11:00,2738476,2507_533,-33.806976318359375,151.17364501953125,224.0,44.6,35,0.58,True
2026-10-09T11:57:31+11:00,2406785,2507_261,-33.825408935546875,151.17474365234375,226.0,11.9,503,8.38,False
2026-10-09T11:57:31+11:00,2643770,2507_52,-33.87350082397461,151.21116638183594,116.0,4.0,29,0.48,True
2026-10-09T11:57:31+11:00,2643969,2507_52,-33.87047576904297,151.2132568359375,273.0,0.0,2,0.03,True
2026-10-09T11:57:31+11:00,2642972,2507_120,-33.796260833740234,151.18087768554688,185.0,0.0,0,0.0,True
2026-10-09T11:57:31+11:00,2672273,2507_115,-33.81986999511719,151.2008056640625,169.0,40.0,53,0.88,True
2026-10-09T11:57:31+11:00,2230929,2507_288,-33.8582763671875,151.20687866210938,28.0,49.0,6,0.1,True
2026-10-09T11:57:31+11:00,2672481,2507_115,-33.79593276977539,151.18417358398438,250.0,27.4,-155,-2.58,False
2026-10-09T11:57:31+11:00,2642863,2507_501,-33.841163635253906,151.1468505859375,304.0,24.8,-7,-0.12,True
2026-10-09T11:57:31+11:00,2672408,2507_115,-33.83916091918945,151.20675659179688,9.0,0.7,224,3.73,True
2026-10-09T11:57:31+11:00,2672447,2507_267,-33.8024787902832,151.20669555664062,267.0,0.0,357,5.95,True
2026-10-09T11:57:31+11:00,2537459,2507_506,-33.87350845336914,151.211181640625,112.0,5.8,288,4.8,True
2026-10-09T11:57:31+11:00,2644515,2507_52,-33.86200714111328,151.16717529296875,118.0,20.5,21,0.35,True
2026-10-09T11:57:31+11:00,2322321,2507_506,-33.83161163330078,151.1418914794922,323.0,45.7,5,0.08,True
2026-10-09T11:57:31+11:00,2644761,2507_52,-33.83951187133789,151.1397247314453,247.0,67.3,36,0.6,True
2026-10-09T11:57:31+11:00,2621643,2507_516,-33.796546936035156,151.18055725097656,176.0,0.0,0,0.0,True
2026-10-09T11:57:31+11:00,2642869,2507_501,-33.87324523925781,151.1959686279297,150.0,0.0,411,6.85,False
2026-10-09T11:57:31+11:00,2555546,2507_291,-33.810325622558594,151.1614227294922,281.0,34.9,160,2.67,True
2026-10-09T11:57:31+11:00,2407926,2507_252,-33.831424713134766,151.14175415039062,146.0,35.3,-13,-0.22,True
2026-10-09T11:57:31+11:00,2643074,2507_52,-33.8166618347168,151.12205505371094,44.0,0.4,0,0.0,True
2026-10-09T11:57:31+11:00,2634478,2507_261,-33.82583236694336,151.17141723632812,35.0,38.9,-84,-1.4,False
2026-10-09T11:57:31+11:00,2227878,2507_275,-33.78837203979492,151.1959686279297,325.0,0.0,254,4.23,True
2026-10-09T11:57:31+11:00,2644774,2507_52,-33.86841583251953,151.176025390625,340.0,37.4,89,1.48,True
2026-10-09T11:57:31+11:00,2407860,2507_252,-33.827640533447266,151.2008056640625,137.0,20.5,132,2.2,True
2026-10-09T11:57:31+11:00,2621507,2507_288,-33.81246566772461,151.19725036621094,112.0,72.7,-134,-2.23,False
2026-10-09T11:57:31+11:00,2644014,2507_52,-33.82944869995117,151.12672424316406,168.0,0.0,144,2.4,True
2026-10-09T11:57:31+11:00,2621608,2507_252,-33.824527740478516,151.19781494140625,324.0,38.2,-54,-0.9,True
2026-10-09T11:57:31+11:00,2645023,2507_501,-33.87018585205078,151.18931579589844,117.0,54.0,-111,-1.85,False
2026-10-09T11:57:31+11:00,2643576,2507_202,-33.82926559448242,151.2090606689453,189.0,0.0,29,0.48,True
2026-10-09T11:57:31+11:00,2644779,2507_120,-33.794151306152344,151.18983459472656,250.0,0.0,-175,-2.92,False
2026-10-09T11:57:31+11:00,2682098,2507_267,-33.81654739379883,151.21234130859375,168.0,51.5,35,0.58,True
2026-10-09T11:57:31+11:00,2644341,2507_120,-33.81147384643555,151.19955444335938,181.0,49.7,506,8.43,False
2026-10-09T11:57:31+11:00,2643005,2507_254,-33.81529235839844,151.17832946777344,160.0,47.9,23,0.38,True
2026-10-09T11:57:31+11:00,2744541,2507_292,-33.80833435058594,151.1654510498047,21.0,1.8,-38,-0.63,True
2026-10-09T11:57:31+11:00,2744623,2507_292,-33.86453628540039,151.20315551757812,177.0,28.8,-247,-4.12,False
2026-10-09T11:57:31+11:00,2537945,2507_506,-33.81843948364258,151.1259307861328,113.0,0.0,275,4.58,True
2026-10-09T11:57:31+11:00,2644533,2507_120,-33.7958984375,151.18443298339844,72.0,2.9,635,10.58,False
2026-10-09T11:57:31+11:00,2682028,2507_202,-33.8223876953125,151.2103271484375,10.0,0.0,340,5.67,True
2026-10-09T11:57:31+11:00,2644748,2507_501,-33.839874267578125,151.13778686523438,73.0,0.0,-20,-0.33,True
2026-10-09T11:57:31+11:00,2744558,2507_292,-33.804656982421875,151.1566925048828,100.0,0.0,43,0.72,True
2026-10-09T11:57:31+11:00,2642952,2507_120,-33.81748580932617,151.20147705078125,331.0,0.0,102,1.7,True
2026-10-09T11:57:31+11:00,2621563,2507_252,-33.82052993774414,151.13536071777344,210.0,44.3,83,1.38,True
2026-10-09T11:57:31+11:00,2564964,2509_350,-33.93283462524414,151.179443359375,87.0,19.4,-287,-4.78,False
2026-10-09T11:57:31+11:00,2531927,2509_324,-33.868125915527344,151.20596313476562,173.0,4.3,223,3.72,True
2026-10-09T11:57:31+11:00,2533378,2509_360,-33.90497589111328,151.25729370117188,148.0,13.3,-32,-0.53,True
2026-10-09T11:57:31+11:00,2532280,2509_327,-33.879634857177734,151.23651123046875,179.0,17.6,26,0.43,True
2026-10-09T11:57:31+11:00,2565047,2509_333,-33.8765869140625,151.2095489501953,158.0,25.6,-9,-0.15,True
2026-10-09T11:57:31+11:00,2396551,2509_392,-33.94112777709961,151.22763061523438,33.0,14.8,-41,-0.68,True
2026-10-09T11:57:31+11:00,2628701,2509_304,-33.880340576171875,151.2113800048828,273.0,16.2,-32,-0.53,True
2026-10-09T11:57:31+11:00,2356256,2509_370,-33.92003631591797,151.2571258544922,184.0,0.0,0,0.0,True
2026-10-09T11:57:31+11:00,2141075,2509_306,-33.92660903930664,151.18814086914062,219.0,0.0,-56,-0.93,True
2026-10-09T11:57:31+11:00,2356916,2509_343,-33.86262512207031,151.21200561523438,8.0,0.0,0,0.0,True
2026-10-09T11:57:31+11:00,2352700,2509_356,-33.89563751220703,151.24737548828125,100.0,20.2,-17,-0.28,True
2026-10-09T11:57:31+11:00,2564618,2509_350,-33.925453186035156,151.19522094726562,99.0,0.0,177,2.95,True
2026-10-09T11:57:31+11:00,2564884,2509_350,-33.89130401611328,151.24794006347656,102.0,0.0,0,0.0,True
2026-10-09T11:57:31+11:00,2565127,2509_333,-33.88454818725586,151.22406005859375,297.0,32.0,395,6.58,False
2026-10-09T11:57:31+11:00,2137058,2509_396,-33.92725372314453,151.2324981689453,136.0,45.7,-96,-1.6,False
2026-10-09T11:57:31+11:00,2434864,2509_390X,-33.91604232788086,151.2338104248047,279.0,8.3,191,3.18,True
2026-10-09T11:57:31+11:00,2534213,2509_355,-33.8901252746582,151.23179626464844,212.0,30.6,286,4.77,True
2026-10-09T11:57:31+11:00,2400219,2509_309,-33.91200256347656,151.20164489746094,14.0,34.9,-28,-0.47,True
2026-10-09T11:57:31+11:00,2551642,2509_379,-33.88723373413086,151.2721710205078,214.0,0.0,107,1.78,True
2026-10-09T11:57:31+11:00,2357311,2509_370,-33.893985748291016,151.18287658691406,44.0,21.6,624,10.4,False
2026-10-09T11:57:31+11:00,2564787,2509_350,-33.9451904296875,151.2217254638672,203.0,0.4,815,13.58,False
2026-10-09T11:57:31+11:00,2740193,2509_370,-33.90749740600586,151.20291137695312,187.0,0.0,-77,-1.28,False
2026-10-09T11:57:31+11:00,2675086,2509_309,-33.927703857421875,151.19512939453125,190.0,0.0,27,0.45,True
2026-10-09T11:57:31+11:00,2531591,2509_325,-33.8559684753418,151.20704650878906,224.0,0.0,0,0.0,True
2026-10-09T11:57:31+11:00,2403234,2509_311,-33.86837387084961,151.20599365234375,173.0,8.3,149,2.48,True
2026-10-09T11:57:31+11:00,2533142,2509_313,-33.90210723876953,151.25323486328125,10.0,29.2,-152,-2.53,False
2026-10-09T11:57:31+11:00,2352294,2509_392,-33.89658737182617,151.1997833251953,93.0,18.4,356,5.93,True
2026-10-09T11:57:31+11:00,2563938,2509_379,-33.8880500793457,151.2832794189453,181.0,33.5,267,4.45,True
2026-10-09T11:57:31+11:00,2564792,2509_333,-33.891963958740234,151.24981689453125,173.0,0.7,110,1.83,True
2026-10-09T11:57:31+11:00,2563839,2509_379,-33.889404296875,151.25912475585938,84.0,27.0,96,1.6,True
2026-10-09T11:57:31+11:00,2357505,2509_343,-33.880897521972656,151.20880126953125,10.0,0.0,-210,-3.5,False
2026-10-09T11:57:31+11:00,2356482,2509_373,-33.90745544433594,151.23330688476562,127.0,8.3,79,1.32,True
2026-10-09T11:57:31+11:00,2565067,2509_333,-33.89147186279297,151.24951171875,97.0,0.0,-101,-1.68,False
2026-10-09T11:57:31+11:00,2564650,2509_350,-33.94655990600586,151.25650024414062,43.0,2.5,-99,-1.65,False
2026-10-09T11:57:31+11:00,2563808,2509_386,-33.85945129394531,151.27755737304688,91.0,41.8,585,9.75,False
2026-10-09T11:57:31+11:00,2531227,2509_325,-33.847660064697266,151.28126525878906,81.0,43.2,-259,-4.32,False
2026-10-09T11:57:31+11:00,2356826,2509_373,-33.90530014038086,151.22853088378906,294.0,0.0,304,5.07,True
2026-10-09T11:57:31+11:00,2740264,2509_370,-33.87623977661133,151.18435668945312,141.0,0.0,-20,-0.33,True
2026-10-09T11:57:31+11:00,2564670,2509_350,-33.92539596557617,151.1947479248047,99.0,24.8,793,13.22,False
2026-10-09T11:57:31+11:00,2352406,2509_307,-33.937538146972656,151.1946258544922,174.0,39.6,-21,-0.35,True
2026-10-09T11:57:31+11:00,2531541,2509_324,-33.87177276611328,151.25070190429688,34.0,39.6,206,3.43,True
2026-10-09T11:57:31+11:00,2532609,2509_380,-33.86198806762695,151.2781219482422,172.0,45.7,152,2.53,True
2026-10-09T11:57:31+11:00,2532059,2509_360,-33.91020584106445,151.2646484375,280.0,17.3,35,0.58,True
2026-10-09T11:57:31+11:00,2470798,2509_356,-33.94089126586914,151.24769592285156,10.0,24.1,273,4.55,True
2026-10-09T11:57:31+11:00,2531221,2509_324,-33.843345642089844,151.28402709960938,345.0,0.0,0,0.0,True
2026-10-09T11:57:31+11:00,2352539,2509_307,-33.9427375793457,151.203857421875,254.0,29.2,145,2.42,True
2026-10-09T11:57:31+11:00,2564709,2509_333,-33.89352035522461,151.26077270507812,278.0,38.2,-39,-0.65,True
2026-10-09T11:57:31+11:00,2356689,2509_339,-33.89548873901367,151.22198486328125,353.0,0.0,-148,-2.47,False
2026-10-09T11:57:31+11:00,2564729,2509_350,-33.9129524230957,151.25856018066406,193.0,28.4,111,1.85,True
2026-10-09T11:57:31+11:00,2564671,2509_333,-33.889766693115234,151.2831268310547,200.0,2.2,0,0.0,True
2026-10-09T11:57:31+11:00,2534709,2509_355,-33.902591705322266,151.1956787109375,138.0,10.4,192,3.2,True
2026-10-09T11:57:31+11:00,2346304,2509_390X,-33.90178680419922,151.25445556640625,335.0,10.1,757,12.62,False
2026-10-09T11:57:31+11:00,2628664,2509_304,-33.86603927612305,151.2110595703125,214.0,10.1,25,0.42,True
2026-10-09T11:57:31+11:00,2532017,2509_325,-33.8790283203125,151.23751831054688,278.0,36.0,391,6.52,False
2026-10-09T11:57:31+11:00,2564689,2509_333,-33.89202880859375,151.25030517578125,259.0,0.0,84,1.4,True
2026-10-09T11:57:31+11:00,2352755,2509_392,-33.93538284301758,151.23036193847656,193.0,28.4,-36,-0.6,True
2026-10-09T11:57:31+11:00,2138321,2509_396,-33.88109588623047,151.2169952392578,351.0,0.0,45,0.75,True
2026-10-09T11:57:31+11:00,2434622,2509_390X,-33.951805114746094,151.241943359375,169.0,34.9,168,2.8,True
2026-10-09T11:57:31+11:00,2138929,2509_396,-33.87092208862305,151.210205078125,5.0,0.0,35,0.58,True
2026-10-09T11:57:31+11:00,2357642,2509_339,-33.91410827636719,151.26617431640625,132.0,0.0,0,0.0,True
2026-10-09T11:57:31+11:00,2356076,2509_373,-33.919822692871094,151.25714111328125,188.0,0.0,0,0.0,True
2026-10-09T11:57:31+11:00,2628739,2509_304,-33.895713806152344,151.21170043945312,6.0,0.0,56,0.93,True
2026-10-09T11:57:31+11:00,2403274,2509_311,-33.87850570678711,151.2212371826172,191.0,17.6,151,2.52,True
2026-10-09T11:57:31+11:00,2357088,2509_343,-33.92286682128906,151.2063446044922,279.0,18.4,37,0.62,True
2026-10-09T11:57:31+11:00,2396568,2509_392,-33.90996551513672,151.22315979003906,322.0,7.6,338,5.63,True
2026-10-09T11:57:31+11:00,2534249,2509_355,-33.88984298706055,151.24110412597656,77.0,28.4,69,1.15,True
2026-10-09T11:57:31+11:00,2356213,2509_343,-33.89510726928711,151.20692443847656,190.0,42.8,593,9.88,False
2026-10-09T11:57:31+11:00,2564976,2509_350,-33.89300537109375,151.2496337890625,189.0,0.0,59,0.98,True
2026-10-09T11:57:31+11:00,2564715,2509_333,-33.88074493408203,151.21762084960938,298.0,21.2,658,10.97,False
2026-10-09T11:57:31+11:00,2356387,2509_343,-33.87752151489258,151.20938110351562,356.0,0.0,273,4.55,True
2026-10-09T11:57:31+11:00,2564996,2509_350,-33.93209457397461,151.18389892578125,14.0,26.3,-4,-0.07,True
2026-10-09T11:57:31+11:00,2488375,2509_392,-33.89311218261719,151.19898986816406,21.0,0.0,0,0.0,True
2026-10-09T11:57:31+11:00,2532795,2509_362,-33.897274017333984,151.27088928222656,280.0,1.8,48,0.8,True
2026-10-09T11:57:31+11:00,2565184,2509_333,-33.88919448852539,151.28367614746094,221.0,14.8,0,0.0,True
2026-10-09T11:57:31+11:00,2740230,2509_370,-33.911376953125,151.20875549316406,121.0,37.4,338,5.63,True
2026-10-09T11:57:31+11:00,2548556,2509_328,-33.88642501831055,151.23948669433594,347.0,27.0,82,1.37,True
2026-10-09T11:57:31+11:00,2357170,2509_370,-33.880496978759766,151.1875457763672,326.0,27.7,442,7.37,False
2026-10-09T11:57:31+11:00,2352450,2509_356,-33.929447174072266,151.2515869140625,136.0,29.2,-98,-1.63,False
2026-10-09T11:57:31+11:00,2139262,2509_375,-33.94789505004883,151.25314331054688,105.0,46.1,339,5.65,True
2026-10-09T11:57:31+11:00,2357082,2509_343,-33.92546463012695,151.2246856689453,81.0,38.5,-38,-0.63,True
2026-10-09T11:57:31+11:00,2531402,2509_362,-33.89398193359375,151.2732391357422,168.0,37.1,621,10.35,False
2026-10-09T11:57:31+11:00,2740164,2509_370,-33.8963508605957,151.18035888671875,240.0,9.0,421,7.02,False
2026-10-09T11:57:31+11:00,2357467,2509_370,-33.90345001220703,151.1796875,332.0,25.6,-263,-4.38,False
2026-10-09T11:57:31+11:00,2138413,2509_396,-33.896644592285156,151.22189331054688,173.0,42.1,38,0.63,True
2026-10-09T11:57:31+11:00,2628783,2509_304,-33.907352447509766,151.2076416015625,207.0,35.3,125,2.08,True
2026-10-09T11:57:31+11:00,2357368,2509_373,-33.88719940185547,151.21969604492188,156.0,46.8,-67,-1.12,False
2026-10-09T11:57:31+11:00,2628690,2509_304,-33.890289306640625,151.21299743652344,190.0,28.1,399,6.65,False
2026-10-09T11:57:31+11:00,2533057,2509_380,-33.858367919921875,151.28099060058594,38.0,29.9,-37,-0.62,True
2026-10-09T11:57:31+11:00,2533176,2509_324,-33.85801315307617,151.20266723632812,16.0,40.7,-504,-8.4,False
2026-10-09T11:57:31+11:00,2346321,2509_390X,-33.925437927246094,151.22967529296875,309.0,34.2,207,3.45,True
2026-10-09T11:57:31+11:00,2564674,2509_350,-33.90652084350586,151.2540740966797,336.0,43.6,39,0.65,True
2026-10-09T11:57:31+11:00,2138056,2509_375,-33.91463088989258,151.24017333984375,339.0,31.3,415,6.92,False
2026-10-09T11:57:31+11:00,2564971,2509_350,-33.94614028930664,151.24053955078125,278.0,10.8,256,4.27,True
2026-10-09T11:57:31+11:00,2488366,2509_392,-33.901893615722656,151.20863342285156,225.0,18.7,545,9.08,False
2026-10-09T11:57:31+11:00,2534314,2509_325,-33.877647399902344,151.2342071533203,135.0,0.0,-152,-2.53,False
2026-10-09T11:57:31+11:00,2551782,2509_379,-33.891971588134766,151.2506103515625,259.0,12.2,-108,-1.8,False
2026-10-09T11:57:31+11:00,2300946,2509_399,-33.92512512207031,151.22933959960938,303.0,29.2,202,3.37,True
2026-10-09T11:57:31+11:00,2355921,2509_374,-33.88199234008789,151.2066192626953,125.0,0.0,3,0.05,True
2026-10-09T11:57:31+11:00,2564539,2509_333,-33.8780403137207,151.21371459960938,133.0,6.1,290,4.83,True
2026-10-09T11:57:31+11:00,2352682,2509_307,-33.94488525390625,151.22633361816406,191.0,0.0,0,0.0,True
2026-10-09T11:57:31+11:00,2531763,2509_355,-33.90545654296875,151.1675567626953,220.0,0.0,-108,-1.8,False
2026-10-09T11:57:31+11:00,2346348,2509_390X,-33.91048049926758,151.2393798828125,6.0,0.0,280,4.67,True
2026-10-09T11:57:31+11:00,2139970,2509_396,-33.86383056640625,151.21180725097656,188.0,0.0,426,7.1,False
2026-10-09T11:57:31+11:00,2534276,2509_313,-33.92072677612305,151.2501678466797,184.0,34.6,37,0.62,True
2026-10-09T11:57:31+11:00,2357523,2509_373,-33.92265319824219,151.25660705566406,189.0,0.0,-12,-0.2,True
2026-10-09T11:57:31+11:00,2357253,2509_373,-33.880043029785156,151.2161865234375,317.0,0.0,221,3.68,True
2026-10-09T11:57:31+11:00,2356698,2509_370,-33.89767837524414,151.17849731445312,12.0,21.6,170,2.83,True
2026-10-09T11:57:31+11:00,2628724,2509_304,-33.88431167602539,151.21676635742188,168.0,63.4,0,0.0,True
2026-10-09T11:57:31+11:00,2564675,2509_350,-33.943519592285156,151.22274780273438,267.0,13.0,256,4.27,True
2026-10-09T11:57:31+11:00,2352778,2509_392,-33.892845153808594,151.1990509033203,20.0,22.0,0,0.0,True
2026-10-09T11:57:31+11:00,2564778,2509_333,-33.89204788208008,151.27333068847656,202.0,0.7,42,0.7,True
2026-10-09T11:57:31+11:00,2675085,2509_309,-33.95411682128906,151.2039031982422,115.0,19.1,23,0.38,True
2026-10-09T11:57:31+11:00,2335632,2509_309,-33.950897216796875,151.197998046875,307.0,42.8,318,5.3,True
2026-10-09T11:57:31+11:00,2563997,2509_379,-33.89512252807617,151.25038146972656,330.0,6.8,199,3.32,True
2026-10-09T11:57:31+11:00,2740206,2509_370,-33.88688278198242,151.19390869140625,201.0,28.4,223,3.72,True
2026-10-09T11:57:31+11:00,2564945,2509_350,-33.931236267089844,151.25599670410156,142.0,31.7,382,6.37,False
2026-10-09T11:57:31+11:00,2675009,2509_309,-33.89332580566406,151.1989288330078,19.0,0.0,67,1.12,True
2026-10-09T11:57:31+11:00,2533052,2509_352,-33.8796272277832,151.21566772460938,132.0,0.0,-141,-2.35,False
2026-10-09T11:57:31+11:00,2534522,2509_324,-33.87257385253906,151.26071166992188,272.0,40.0,198,3.3,True
2026-10-09T11:57:31+11:00,2470760,2509_356,-33.91320037841797,151.239501953125,339.0,0.0,353,5.88,True
2026-10-09T11:57:31+11:00,2357842,2509_374,-33.90586471557617,151.2303009033203,115.0,0.0,220,3.67,True
2026-10-09T11:57:31+11:00,2138713,2509_396,-33.94167709350586,151.23976135253906,280.0,0.0,356,5.93,True
2026-10-09T11:57:31+11:00,2356763,2509_311,-33.88075637817383,151.2172393798828,114.0,33.1,48,0.8,True
2026-10-09T11:57:31+11:00,2434567,2509_390X,-33.919151306152344,151.22647094726562,172.0,0.4,405,6.75,False
2026-10-09T11:57:31+11:00,2352717,2509_356,-33.93613815307617,151.24807739257812,271.0,24.8,878,14.63,False
2026-10-09T11:57:31+11:00,2564781,2509_333,-33.86273956298828,151.21115112304688,5.0,0.0,0,0.0,True
2026-10-09T11:57:31+11:00,2564592,2509_333,-33.8938102722168,151.26292419433594,101.0,19.4,-17,-0.28,True
2026-10-09T11:57:31+11:00,2356007,2509_373,-33.91680908203125,151.24114990234375,162.0,10.1,193,3.22,True
2026-10-09T11:57:31+11:00,2357297,2509_370,-33.90816116333008,151.20278930664062,359.0,0.4,30,0.5,True
2026-10-09T11:57:31+11:00,2357048,2509_370,-33.909969329833984,151.2229461669922,275.0,21.2,36,0.6,True
2026-10-09T11:57:31+11:00,2675021,2509_309,-33.8938102722168,151.19876098632812,22.0,0.0,0,0.0,True
2026-10-09T11:57:31+11:00,2628790,2509_304,-33.862159729003906,151.2120819091797,9.0,0.0,0,0.0,True
2026-10-09T11:57:31+11:00,2563935,2509_379,-33.887718200683594,151.26487731933594,55.0,0.0,585,9.75,False
2026-10-09T11:57:31+11:00,2564750,2509_333,-33.88490295410156,151.22589111328125,96.0,0.0,190,3.17,True
2026-10-09T11:57:31+11:00,2575729,2509_374,-33.89350128173828,151.21910095214844,312.0,37.1,-44,-0.73,True
2026-10-09T11:57:31+11:00,2356041,2509_373,-33.91546630859375,151.24049377441406,342.0,0.0,127,2.12,True
2026-10-09T11:57:31+11:00,2346317,2509_390X,-33.901248931884766,151.25413513183594,335.0,0.0,255,4.25,True
2026-10-09T11:57:31+11:00,2565060,2509_350,-33.93022537231445,151.25563049316406,6.0,52.2,43,0.72,True
2026-10-09T11:57:31+11:00,2357270,2509_339,-33.90587615966797,151.2314910888672,39.0,0.0,39,0.65,True
2026-10-09T11:57:31+11:00,2564028,2509_379,-33.90365982055664,151.25477600097656,29.0,25.9,-36,-0.6,True
2026-10-09T11:57:31+11:00,2563890,2509_386,-33.89165115356445,151.25189208984375,54.0,0.0,126,2.1,True
2026-10-09T11:57:31+11:00,2137875,2509_396,-33.94463348388672,151.25811767578125,305.0,28.8,34,0.57,True
2026-10-09T11:57:31+11:00,2140570,2509_396,-33.91106033325195,151.2230224609375,359.0,45.0,113,1.88,True
2026-10-09T11:57:31+11:00,2488503,2509_392,-33.937530517578125,151.22970581054688,196.0,48.6,507,8.45,False
2026-10-09T11:57:31+11:00,2139038,2509_375,-33.94668197631836,151.2565155029297,221.0,0.0,140,2.33,True
2026-10-09T11:57:31+11:00,2434767,2509_390X,-33.908233642578125,151.24801635742188,241.0,0.0,264,4.4,True
2026-10-09T11:57:31+11:00,2356942,2509_370,-33.91803741455078,151.2409210205078,335.0,15.8,152,2.53,True
2026-10-09T11:57:31+11:00,2396597,2509_392,-33.92454528808594,151.22789001464844,348.0,0.0,110,1.83,True
2026-10-09T11:57:31+11:00,2356989,2509_343,-33.863121032714844,151.2111053466797,187.0,0.0,425,7.08,False
2026-10-09T11:57:31+11:00,2531904,2509_352,-33.90850067138672,151.17225646972656,85.0,0.0,26,0.43,True
2026-10-09T11:57:31+11:00,2532127,2509_325,-33.85137176513672,151.27618408203125,329.0,27.4,-93,-1.55,False
2026-10-09T11:57:31+11:00,2565042,2509_333,-33.89029312133789,151.24234008789062,294.0,0.0,21,0.35,True
2026-10-09T11:57:31+11:00,2151719,2509_333,-33.889732360839844,151.24188232421875,110.0,19.8,39,0.65,True
2026-10-09T11:57:31+11:00,2139006,2509_396,-33.94300079345703,151.23968505859375,106.0,36.7,42,0.7,True
2026-10-09T11:57:31+11:00,2139735,2509_306,-33.91267776489258,151.2081756591797,10.0,0.0,-267,-4.45,False
2026-10-09T11:57:31+11:00,2564629,2509_333,-33.872962951660156,151.20994567871094,196.0,0.0,292,4.87,True
2026-10-09T11:57:31+11:00,2564923,2509_333,-33.8891487121582,151.2325897216797,316.0,1.1,218,3.63,True
2026-10-09T11:57:31+11:00,2356321,2509_343,-33.90709686279297,151.20755004882812,328.0,24.8,143,2.38,True
2026-10-09T11:57:31+11:00,2532769,2509_386,-33.886966705322266,151.26393127441406,279.0,30.6,152,2.53,True
2026-10-09T11:57:31+11:00,2138924,2509_306,-33.916011810302734,151.20803833007812,104.0,2.5,99,1.65,True
2026-10-09T11:57:31+11:00,2151526,2509_333,-33.89441680908203,151.273193359375,344.0,0.0,69,1.15,True
2026-10-09T11:57:31+11:00,2531776,2509_352,-33.888858795166016,151.20034790039062,280.0,35.3,48,0.8,True
2026-10-09T11:57:31+11:00,2357387,2509_343,-33.89408874511719,151.2071533203125,189.0,46.1,30,0.5,True
2026-10-09T11:57:31+11:00,2628631,2509_304,-33.883419036865234,151.2144012451172,189.0,12.6,23,0.38,True
2026-10-09T11:57:31+11:00,2434418,2509_390X,-33.90104293823242,151.2540740966797,154.0,0.0,158,2.63,True
2026-10-09T11:57:31+11:00,2346388,2509_390X,-33.90998840332031,151.239501953125,8.0,44.3,-208,-3.47,False
2026-10-09T11:57:31+11:00,2564575,2509_333,-33.894588470458984,151.268310546875,100.0,14.4,-14,-0.23,True
2026-10-09T11:57:31+11:00,2532381,2509_380,-33.894039154052734,151.26478576660156,281.0,0.0,199,3.32,True
2026-10-09T11:57:31+11:00,2740184,2509_370,-33.915306091308594,151.22898864746094,99.0,39.2,351,5.85,True
2026-10-09T11:57:31+11:00,2675024,2509_309,-33.90534210205078,151.20285034179688,165.0,0.0,54,0.9,True
2026-10-09T11:57:31+11:00,2532248,2509_380,-33.891117095947266,151.25326538085938,72.0,20.2,350,5.83,True
2026-10-09T11:57:31+11:00,2667438,2509_326,-33.89103698730469,151.2479248046875,288.0,7.6,0,0.0,True
2026-10-09T11:57:31+11:00,2346307,2509_390X,-33.94001388549805,151.23861694335938,349.0,21.2,61,1.02,True
2026-10-09T11:57:31+11:00,2551889,2509_379,-33.89823532104492,151.2521209716797,174.0,33.8,47,0.78,True
2026-10-09T11:57:31+11:00,2564949,2509_333,-33.86252975463867,151.211181640625,6.0,0.0,0,0.0,True
2026-10-09T11:57:31+11:00,2575707,2509_374,-33.92039489746094,151.2570343017578,188.0,0.0,0,0.0,True
2026-10-09T11:57:31+11:00,2357309,2509_311,-33.87300109863281,151.2071075439453,278.0,16.6,167,2.78,True
2026-10-09T11:57:31+11:00,2140283,2509_396,-33.86790466308594,151.21058654785156,13.0,0.0,462,7.7,False
2026-10-09T13:10:11+11:00,2720530,2514_281,-33.79249954223633,151.19517517089844,70.0,31.7,529,8.82,False
2026-10-09T13:10:11+11:00,2373674,2508_172X,-33.78587341308594,151.24398803710938,300.0,36.0,193,3.22,True
2026-10-09T13:10:11+11:00,2383272,2508_100,-33.838260650634766,151.24510192871094,2.0,39.2,16,0.27,True
2026-10-09T13:10:11+11:00,2349330,2459_418,-33.90964126586914,151.15467834472656,119.0,22.3,441,7.35,False
2026-10-09T13:10:11+11:00,2288413,2459_426,-33.866722106933594,151.21072387695312,185.0,0.7,5,0.08,True
2026-10-09T13:10:11+11:00,2736651,2459_428,-33.8648567199707,151.21128845214844,313.0,0.0,425,7.08,False
2026-10-09T13:10:11+11:00,2285430,2459_438X,-33.844913482666016,151.1285400390625,3.0,10.1,0,0.0,True
2026-10-09T13:10:11+11:00,2719501,2514_270,-33.8624382019043,151.2053985595703,200.0,47.2,191,3.18,True
2026-10-09T13:10:11+11:00,2289103,2459_348,-33.92882537841797,151.1537322998047,102.0,0.0,0,0.0,True
2026-10-09T13:10:11+11:00,2290977,2459_433,-33.88054275512695,151.20675659179688,192.0,0.0,17,0.28,True
2026-10-09T13:10:11+11:00,2209214,2459_440,-33.879634857177734,151.21568298339844,316.0,24.8,133,2.22,True
2026-10-09T13:10:11+11:00,2373957,2508_144,-33.79829406738281,151.24868774414062,97.0,36.7,189,3.15,True
2026-10-09T13:10:11+11:00,2668149,2459_420,-33.93290710449219,151.17958068847656,94.0,19.4,-162,-2.7,False
2026-10-09T13:10:11+11:00,2375723,2508_173X,-33.825843811035156,151.23294067382812,40.0,44.6,-91,-1.52,False
2026-10-09T13:10:11+11:00,2286682,2459_438X,-33.884761810302734,151.18882751464844,92.0,53.3,482,8.03,False
2026-10-09T13:10:11+11:00,2209114,2459_464,-33.887420654296875,151.1220245361328,98.0,0.0,522,8.7,False
2026-10-09T13:10:11+11:00,2570035,7083_SW1,-33.91521453857422,151.1514892578125,57.0,20.9,185,3.08,True
2026-10-09T13:10:11+11:00,1962704,2459_413,-33.88559341430664,151.1814422607422,84.0,25.6,-301,-5.02,False
2026-10-09T13:10:11+11:00,1940066,2459_412,-33.88422775268555,151.20150756835938,253.0,0.0,176,2.93,True
2026-10-09T13:10:11+11:00,2596241,2459_492,-33.87507247924805,151.1239776611328,220.0,32.0,254,4.23,True
2026-10-09T13:10:11+11:00,2668054,2459_420,-33.93505859375,151.16567993164062,200.0,21.2,374,6.23,False
2026-10-09T13:10:11+11:00,2289003,2459_461X,-33.86898422241211,151.1053009033203,9.0,0.0,47,0.78,True
2026-10-09T13:10:11+11:00,2089416,2508_160X,-33.79071807861328,151.18153381347656,68.0,29.5,564,9.4,False
2026-10-09T13:10:11+11:00,2415724,2508_B1,-33.844242095947266,151.21156311035156,344.0,58.7,-25,-0.42,True
2026-10-09T13:10:11+11:00,2284600,2459_423,-33.8986701965332,151.17462158203125,93.0,14.8,236,3.93,True
2026-10-09T13:10:11+11:00,2288839,2459_437,-33.86928176879883,151.1297607421875,257.0,0.0,5,0.08,True
2026-10-09T13:10:11+11:00,2287530,2459_428,-33.8837776184082,151.20245361328125,74.0,0.0,-2,-0.03,True
2026-10-09T13:10:11+11:00,2209333,2459_464,-33.87771224975586,151.1036376953125,10.0,0.0,192,3.2,True
2026-10-09T13:10:11+11:00,1961269,2459_412,-33.91385269165039,151.14596557617188,73.0,0.0,181,3.02,True
2026-10-09T13:10:11+11:00,2308874,2459_445,-33.90574645996094,151.13507080078125,85.0,33.8,74,1.23,True
2026-10-09T13:10:11+11:00,2286473,2459_438X,-33.88414764404297,151.1473846435547,91.0,14.0,196,3.27,True
2026-10-09T13:10:11+11:00,2609001,2459_430,-33.90083312988281,151.17015075683594,24.0,14.0,281,4.68,True
2026-10-09T13:10:11+11:00,2438270,7084_SW2,-33.91465377807617,151.1650848388672,208.0,0.4,0,0.0,True
2026-10-09T13:10:11+11:00,2725797,7083_SW1,-33.91508865356445,151.14266967773438,16.0,37.1,93,1.55,True
2026-10-09T13:10:11+11:00,2383187,2508_100,-33.86457443237305,151.20555114746094,178.0,18.7,-47,-0.78,True
2026-10-09T13:10:11+11:00,1940336,2459_412,-33.866455078125,151.2115936279297,276.0,0.0,0,0.0,True
2026-10-09T13:10:11+11:00,2209276,2459_466,-33.8656120300293,151.10609436035156,209.0,0.0,566,9.43,False
2026-10-09T13:10:11+11:00,2285541,2459_461X,-33.88759994506836,151.17091369628906,85.0,52.2,653,10.88,False
2026-10-09T13:10:11+11:00,2286164,2459_470,-33.88017272949219,151.20750427246094,282.0,0.0,50,0.83,True
2026-10-09T13:10:11+11:00,2383283,2508_100,-33.8413200378418,151.24371337890625,170.0,38.9,11,0.18,True
2026-10-09T13:10:11+11:00,2286175,2459_442,-33.87462615966797,151.19769287109375,65.0,58.7,140,2.33,True
2026-10-09T13:10:11+11:00,2736648,2459_445,-33.88136672973633,151.1499481201172,181.0,37.1,145,2.42,True
2026-10-09T13:10:11+11:00,2374358,2508_144,-33.794281005859375,151.25901794433594,71.0,49.7,541,9.02,False
2026-10-09T13:10:11+11:00,2375056,2508_B1,-33.82992172241211,151.21461486816406,261.0,24.8,348,5.8,True
2026-10-09T13:10:11+11:00,2286777,2459_461X,-33.86956787109375,151.11036682128906,277.0,25.6,-187,-3.12,False
2026-10-09T13:10:11+11:00,2208446,2459_413,-33.886322021484375,151.17860412597656,255.0,34.9,216,3.6,True
2026-10-09T13:10:11+11:00,2421364,2508_230,-33.83806228637695,151.23306274414062,27.0,0.0,5,0.08,True
2026-10-09T13:10:11+11:00,2514895,2459_410,-33.86484909057617,151.106689453125,209.0,25.6,840,14.0,False
2026-10-09T13:10:11+11:00,2308722,2459_445,-33.871219635009766,151.1607208251953,66.0,28.8,-30,-0.5,True
2026-10-09T13:10:11+11:00,2424425,2508_230,-33.8309440612793,151.20843505859375,11.0,5.0,123,2.05,True
2026-10-09T13:10:11+11:00,2415794,2508_B1,-33.826560974121094,151.232177734375,41.0,47.9,73,1.22,True
2026-10-09T13:10:11+11:00,2284096,2459_389,-33.889339447021484,151.2364959716797,341.0,37.1,238,3.97,True
2026-10-09T13:10:11+11:00,2329085,7083_SW3,-33.91425704956055,151.16612243652344,231.0,19.8,3017,50.28,False
2026-10-09T13:10:11+11:00,2554336,2459_358,-33.915985107421875,151.2407989501953,341.0,13.0,-50,-0.83,True
2026-10-09T13:10:11+11:00,1870767,2459_412,-33.892005920410156,151.167724609375,62.0,35.3,137,2.28,True
2026-10-09T13:10:11+11:00,2289908,2459_438X,-33.884521484375,151.19309997558594,266.0,6.8,3,0.05,True
2026-10-09T13:10:11+11:00,2421362,2508_230,-33.82810974121094,151.2302703857422,241.0,33.5,232,3.87,True
2026-10-09T13:10:11+11:00,1973300,2508_162,-33.79530715942383,151.25550842285156,79.0,10.1,86,1.43,True
2026-10-09T13:10:11+11:00,2474875,2459_389,-33.884437561035156,151.23428344726562,140.0,11.5,-215,-3.58,False
2026-10-09T13:10:11+11:00,2287773,2459_348,-33.903350830078125,151.20883178710938,99.0,31.0,321,5.35,True
2026-10-09T13:10:11+11:00,2619986,2459_530,-33.79652786254883,151.18043518066406,169.0,0.0,0,0.0,True
2026-10-09T13:10:11+11:00,1963815,2459_412,-33.922950744628906,151.13052368164062,211.0,21.2,78,1.3,True
2026-10-09T13:10:11+11:00,2710555,2504_607X,-33.818355560302734,151.20242309570312,149.0,72.4,36,0.6,True
2026-10-09T13:10:11+11:00,2287192,2459_423,-33.879390716552734,151.20706176757812,10.0,19.1,305,5.08,True
2026-10-09T13:10:11+11:00,2515116,2459_410,-33.87316131591797,151.10464477539062,11.0,0.0,475,7.92,False
2026-10-09T13:10:11+11:00,2515116_2,2459_410,-33.86090087890625,151.1044921875,297.0,0.0,1,0.02,True
2026-10-09T13:10:11+11:00,2285850,2459_433,-33.85670852661133,151.17877197265625,281.0,27.4,61,1.02,True
2026-10-09T13:10:11+11:00,2286045,2459_441,-33.868839263916016,151.17710876464844,244.0,48.2,-123,-2.05,False
2026-10-09T13:10:11+11:00,2613606,7084_SW2,-33.90327835083008,151.14239501953125,60.0,41.8,59,0.98,True
2026-10-09T13:10:11+11:00,2388810,2508_173X,-33.80664825439453,151.24688720703125,161.0,28.1,131,2.18,True
2026-10-09T13:10:11+11:00,2383315,2508_100,-33.825435638427734,151.23329162597656,41.0,41.0,-152,-2.53,False
2026-10-09T13:10:11+11:00,2283041,2459_389,-33.87934494018555,151.2213134765625,284.0,22.3,289,4.82,True
2026-10-09T13:10:11+11:00,2285008,2459_441,-33.874961853027344,151.19696044921875,81.0,47.2,-90,-1.5,False
2026-10-09T13:10:11+11:00,2685920,2459_423,-33.88574981689453,151.1943359375,195.0,0.0,1069,17.82,False
2026-10-09T13:10:11+11:00,2392719,2508_114,-33.82835006713867,151.2048797607422,101.0,48.6,125,2.08,True
2026-10-09T13:10:11+11:00,2089389,2508_160X,-33.79603958129883,151.18121337890625,349.0,0.0,5,0.08,True
2026-10-09T13:10:11+11:00,2721156,2514_194,-33.8326530456543,151.2119598388672,27.0,59.0,48,0.8,True
2026-10-09T13:10:11+11:00,2714652,2508_144,-33.806339263916016,151.1796875,345.0,44.6,323,5.38,True
2026-10-09T13:10:11+11:00,2725719,7083_SW1,-33.9135627746582,151.11572265625,245.0,22.3,-97,-1.62,False
2026-10-09T13:10:11+11:00,2608977,2459_430,-33.909698486328125,151.1622314453125,214.0,25.9,-303,-5.05,False
2026-10-09T13:10:11+11:00,2720142,2514_271,-33.792850494384766,151.20748901367188,159.0,43.6,44,0.73,True
2026-10-09T13:10:11+11:00,2736622,2459_428,-33.90342330932617,151.14230346679688,242.0,31.0,650,10.83,False
2026-10-09T13:10:11+11:00,2036763,2459_440,-33.8909797668457,151.24754333496094,6.0,0.0,-118,-1.97,False
2026-10-09T13:10:11+11:00,2287294,2459_461X,-33.8778190612793,151.2093505859375,186.0,34.9,37,0.62,True
2026-10-09T13:10:11+11:00,2376417,2508_144,-33.80344772338867,151.1795196533203,188.0,42.8,131,2.18,True
2026-10-09T13:10:11+11:00,2284948,2459_470,-33.8650016784668,151.20982360839844,225.0,0.0,102,1.7,True
2026-10-09T13:10:11+11:00,2288145,2459_438X,-33.86322784423828,151.13037109375,186.0,41.4,237,3.95,True
2026-10-09T13:10:11+11:00,2039028,2459_470,-33.873695373535156,151.20985412597656,6.0,24.1,88,1.47,True
2026-10-09T13:10:11+11:00,2038455,2459_440,-33.86192321777344,151.1692657470703,204.0,0.0,0,0.0,True
2026-10-09T13:10:11+11:00,2373887,2508_B1,-33.80107879638672,151.2465057373047,201.0,43.9,605,10.08,False
2026-10-09T13:10:11+11:00,2283595,2459_303,-33.9194221496582,151.22683715820312,281.0,0.0,165,2.75,True
2026-10-09T13:10:11+11:00,2736592,2459_445,-33.86492156982422,151.16844177246094,235.0,28.1,-39,-0.65,True
2026-10-09T13:10:11+11:00,2636262,2459_504,-33.862728118896484,151.16842651367188,129.0,0.0,455,7.58,False
2026-10-09T13:10:11+11:00,2454742,2508_225,-33.841861724853516,151.21890258789062,181.0,0.0,0,0.0,True
2026-10-09T13:10:11+11:00,2685929,2459_423,-33.88435363769531,151.19981384277344,269.0,31.0,28,0.47,True
2026-10-09T13:10:11+11:00,2720053,2514_271,-33.78782272338867,151.2019805908203,330.0,32.4,323,5.38,True
2026-10-09T13:10:11+11:00,2037365,2459_469,-33.88176727294922,151.1767578125,355.0,24.8,-114,-1.9,False
2026-10-09T13:10:11+11:00,2284218,2459_426,-33.89143753051758,151.188232421875,48.0,0.0,88,1.47,True
2026-10-09T13:10:11+11:00,2283721,2459_461X,-33.87320327758789,151.21121215820312,111.0,16.9,466,7.77,False
2026-10-09T13:10:11+11:00,2383282,2508_100,-33.861812591552734,151.20538330078125,29.0,52.9,186,3.1,True
2026-10-09T13:10:11+11:00,2290660,2459_442,-33.85675811767578,151.1777801513672,190.0,0.0,222,3.7,True
2026-10-09T13:10:11+11:00,2714688,2508_114,-33.8294563293457,151.21185302734375,282.0,53.6,205,3.42,True
2026-10-09T13:10:11+11:00,2609062,2459_430,-33.90909194946289,151.16265869140625,213.0,9.4,929,15.48,False
2026-10-09T13:10:11+11:00,2596152,2459_492,-33.875919342041016,151.1127166748047,98.0,0.0,1502,25.03,False
2026-10-09T13:10:11+11:00,2287482,2459_438X,-33.881752014160156,151.2061767578125,303.0,0.0,-168,-2.8,False
2026-10-09T13:10:11+11:00,2596145,2459_490,-33.876373291015625,151.11614990234375,100.0,23.4,553,9.22,False
2026-10-09T13:10:11+11:00,2714728,2508_144,-33.80598449707031,151.24658203125,168.0,17.3,15,0.25,True
2026-10-09T13:10:11+11:00,2288001,2459_433,-33.88412094116211,151.19247436523438,321.0,9.4,129,2.15,True
2026-10-09T13:10:11+11:00,2736573,2459_445,-33.90265655517578,151.14407348632812,246.0,15.1,-58,-0.97,True
2026-10-09T13:10:11+11:00,2287055,2459_438X,-33.886478424072266,151.1573486328125,354.0,4.0,-53,-0.88,True
2026-10-09T13:10:11+11:00,2618572,2459_422,-33.8886604309082,151.18153381347656,136.0,0.0,75,1.25,True
2026-10-09T13:10:11+11:00,2284101,2459_433,-33.866912841796875,151.17515563964844,133.0,0.0,198,3.3,True
2026-10-09T13:10:11+11:00,2719532,2514_283,-33.79604721069336,151.18081665039062,190.0,0.0,0,0.0,True
2026-10-09T13:10:11+11:00,1963816,2459_412,-33.89130783081055,151.1706085205078,265.0,9.0,29,0.48,True
2026-10-09T13:10:11+11:00,2209607,2459_440,-33.88801193237305,151.16748046875,264.0,40.3,479,7.98,False
2026-10-09T13:10:11+11:00,2375060,2508_144,-33.80746078491211,151.24676513671875,6.0,0.0,-173,-2.88,False
2026-10-09T13:10:11+11:00,2704599,2504_610X,-33.857086181640625,151.20774841308594,208.0,63.4,103,1.72,True
2026-10-09T13:10:11+11:00,2720975,2514_194,-33.810691833496094,151.20947265625,100.0,3.2,210,3.5,True
2026-10-09T13:10:11+11:00,2308873,2459_445,-33.85652160644531,151.17831420898438,104.0,29.2,243,4.05,True
2026-10-09T13:10:11+11:00,2736620,2459_428,-33.889339447021484,151.19024658203125,220.0,38.9,87,1.45,True
2026-10-09T13:10:11+11:00,2474495,2508_225,-33.84736633300781,151.23060607910156,311.0,0.0,0,0.0,True
2026-10-09T13:10:11+11:00,2349571,2459_418,-33.888614654541016,151.12477111816406,129.0,0.0,390,6.5,False
2026-10-09T13:10:11+11:00,2685943,2459_423,-33.9190788269043,151.14547729492188,236.0,11.5,36,0.6,True
2026-10-09T13:10:11+11:00,2668037,2459_420,-33.924495697021484,151.18841552734375,278.0,0.0,0,0.0,True
2026-10-09T13:10:11+11:00,2209193,2459_415,-33.86933135986328,151.10533142089844,10.0,15.1,242,4.03,True
2026-10-09T13:10:11+11:00,2596187,2459_490,-33.87540817260742,151.10769653320312,279.0,0.0,906,15.1,False
2026-10-09T13:10:11+11:00,2550451,2508_263,-33.83563232421875,151.21481323242188,40.0,25.9,495,8.25,False
2026-10-09T13:10:11+11:00,2474921,2459_389,-33.86944580078125,151.19789123535156,358.0,0.0,18,0.3,True
2026-10-09T13:10:11+11:00,2288099,2459_422,-33.88125228881836,151.20626831054688,44.0,29.2,290,4.83,True
2026-10-09T13:10:11+11:00,2660515,2459_320,-33.90754318237305,151.20755004882812,206.0,33.5,-149,-2.48,False
2026-10-09T13:10:11+11:00,2714615,2508_144,-33.8193359375,151.24400329589844,201.0,16.9,390,6.5,False
2026-10-09T13:10:11+11:00,2036765,2459_440,-33.884735107421875,151.19082641601562,90.0,33.5,11,0.18,True
2026-10-09T13:10:11+11:00,2290686,2459_426,-33.869422912597656,151.2104034423828,7.0,34.2,0,0.0,True
2026-10-09T13:10:11+11:00,2208905,2459_530,-33.877174377441406,151.102783203125,98.0,0.0,5,0.08,True
2026-10-09T13:10:11+11:00,2383266,2508_100,-33.87247848510742,151.20648193359375,173.0,0.7,41,0.68,True
2026-10-09T13:10:11+11:00,2608989,2459_430,-33.88301467895508,151.20372009277344,42.0,0.0,226,3.77,True
2026-10-09T13:10:11+11:00,2283429,2459_461X,-33.88771438598633,151.17092895507812,265.0,28.4,-9,-0.15,True
2026-10-09T13:10:11+11:00,2285724,2459_433,-33.86923599243164,151.1762237548828,38.0,0.0,28,0.47,True
2026-10-09T13:10:11+11:00,2383300,2508_100,-33.82876205444336,151.24407958984375,175.0,9.7,-42,-0.7,True
2026-10-09T13:10:11+11:00,1912303,2459_483,-33.88782501220703,151.1232452392578,116.0,0.0,83,1.38,True
2026-10-09T13:10:11+11:00,2475239,2459_389,-33.889583587646484,151.2404327392578,168.0,0.0,125,2.08,True
2026-10-09T13:10:11+11:00,2349421,2459_418,-33.875247955322266,151.10693359375,99.0,0.0,200,3.33,True
2026-10-09T13:10:11+11:00,2286159,2459_438X,-33.88799285888672,151.16168212890625,285.0,20.5,697,11.62,False
2026-10-09T13:10:11+11:00,2704139,2504_610X,-33.84553909301758,151.21226501464844,165.0,62.3,-433,-7.22,False
2026-10-09T13:10:11+11:00,2287425,2459_426,-33.911102294921875,151.15745544433594,300.0,3.6,120,2.0,True
2026-10-09T13:10:11+11:00,2287712,2459_389,-33.87253189086914,151.20565795898438,356.0,28.8,190,3.17,True
2026-10-09T13:10:11+11:00,2428365,2508_238,-33.845726013183594,151.23965454101562,355.0,0.0,305,5.08,True
2026-10-09T13:10:11+11:00,2287852,2459_389,-33.873069763183594,151.20770263671875,277.0,0.0,824,13.73,False
2026-10-09T13:10:11+11:00,2677106,2503_M90,-33.87496566772461,151.10501098632812,98.0,1.4,0,0.0,True
2026-10-09T13:10:11+11:00,2289420,2459_418,-33.90681457519531,151.1461639404297,294.0,12.2,146,2.43,True
2026-10-09T13:10:11+11:00,2287266,2459_428,-33.90439987182617,151.13943481445312,65.0,33.8,207,3.45,True
2026-10-09T13:10:11+11:00,2377634,2508_243,-33.82368087768555,151.24038696289062,186.0,0.0,5,0.08,True
2026-10-09T13:10:11+11:00,2290616,2459_423,-33.92359161376953,151.1422576904297,70.0,15.1,258,4.3,True
2026-10-09T13:10:11+11:00,2037364,2459_469,-33.884254455566406,151.14976501464844,268.0,0.0,480,8.0,False
2026-10-09T13:10:11+11:00,2590164,2508_280,-33.79264450073242,151.1824493408203,15.0,0.0,0,0.0,True
2026-10-09T13:10:11+11:00,2036764,2459_440,-33.87963104248047,151.21566772460938,131.0,0.0,-162,-2.7,False
2026-10-09T13:10:11+11:00,2736655,2459_308,-33.90626907348633,151.1883087158203,34.0,0.0,82,1.37,True
2026-10-09T13:10:11+11:00,2285726,2459_442,-33.85747146606445,151.18113708496094,104.0,15.8,-214,-3.57,False
2026-10-09T13:10:11+11:00,2208530,2459_440,-33.881202697753906,151.2050018310547,304.0,0.0,358,5.97,True
2026-10-09T13:10:11+11:00,2714631,2508_114,-33.82174301147461,151.24981689453125,260.0,11.9,0,0.0,True
2026-10-09T13:10:11+11:00,2636246,2459_504,-33.86806869506836,151.17579650878906,340.0,37.1,123,2.05,True
2026-10-09T13:10:11+11:00,2620034,2459_530,-33.819244384765625,151.15110778808594,191.0,39.2,530,8.83,False
2026-10-09T13:10:11+11:00,2036766,2459_440,-33.88013458251953,151.1566925048828,176.0,23.4,71,1.18,True
2026-10-09T13:10:11+11:00,2714620,2508_144,-33.828609466552734,151.2063446044922,280.0,8.3,694,11.57,False
2026-10-09T13:10:11+11:00,2709299,2504_610X,-33.87255096435547,151.20648193359375,175.0,0.0,5,0.08,True
2026-10-09T13:10:11+11:00,2209704,2459_530,-33.87692642211914,151.1022491455078,95.0,0.0,9,0.15,True
2026-10-09T13:10:11+11:00,2209677,2459_473,-33.9342041015625,151.14698791503906,86.0,0.0,150,2.5,True
2026-10-09T13:10:11+11:00,2288104,2459_423,-33.89148712158203,151.18807983398438,42.0,0.0,396,6.6,False
2026-10-09T13:10:11+11:00,2383198,2508_100,-33.823341369628906,151.2356719970703,271.0,19.1,131,2.18,True
2026-10-09T13:10:11+11:00,2514843,2459_410,-33.86525344848633,151.10646057128906,207.0,0.0,-97,-1.62,False
2026-10-09T13:10:11+11:00,2660486,2459_320,-33.88384246826172,151.20367431640625,28.0,0.0,6,0.1,True
2026-10-09T13:10:11+11:00,2285346,2459_348,-33.907310485839844,151.18507385253906,279.0,48.6,492,8.2,False
2026-10-09T13:10:11+11:00,2484376,2459_480,-33.88499450683594,151.18533325195312,256.0,39.2,-2,-0.03,True
2026-10-09T13:10:11+11:00,2736868,2459_428,-33.901920318603516,151.1624755859375,302.0,21.6,210,3.5,True
2026-10-09T13:10:11+11:00,2377096,2508_144,-33.82381057739258,151.1929473876953,66.0,44.3,166,2.77,True
2026-10-09T13:10:11+11:00,2570102,7083_SW1,-33.91218948364258,151.14036560058594,135.0,21.2,-63,-1.05,False
2026-10-09T13:10:11+11:00,2554070,2459_358,-33.92361831665039,151.1872100830078,10.0,1.8,79,1.32,True
2026-10-09T13:10:11+11:00,2374919,2508_111,-33.833778381347656,151.2533416748047,101.0,0.0,562,9.37,False
2026-10-09T13:10:11+11:00,2708037,2504_607X,-33.86898422241211,151.20530700683594,358.0,0.0,75,1.25,True
2026-10-09T13:10:11+11:00,2685930,2459_423,-33.892696380615234,151.18618774414062,252.0,14.4,197,3.28,True
2026-10-09T13:10:11+11:00,2286721,2459_348,-33.918704986572266,151.16993713378906,230.0,0.0,314,5.23,True
2026-10-09T13:10:11+11:00,2736870,2459_308,-33.89310073852539,151.2073211669922,189.0,0.0,173,2.88,True
2026-10-09T13:10:11+11:00,2208854,2459_464,-33.85455322265625,151.10317993164062,231.0,15.5,29,0.48,True
2026-10-09T13:10:11+11:00,2289785,2459_426,-33.909908294677734,151.15521240234375,119.0,9.0,118,1.97,True
2026-10-09T13:10:11+11:00,2714653,2508_144,-33.828094482421875,151.20358276367188,281.0,48.6,60,1.0,True
2026-10-09T13:10:11+11:00,2284614,2459_433,-33.870147705078125,151.1747283935547,231.0,41.4,704,11.73,False
2026-10-09T13:10:11+11:00,2392748,2508_114,-33.82633590698242,151.251220703125,67.0,1.1,-220,-3.67,False
2026-10-09T13:10:11+11:00,2635915,2459_504,-33.855628967285156,151.14744567871094,52.0,12.2,26,0.43,True
2026-10-09T13:10:11+11:00,2415634,2508_B1,-33.81477737426758,151.24349975585938,29.0,35.6,201,3.35,True
2026-10-09T13:10:11+11:00,2038723,2459_470,-33.88252639770508,151.18212890625,57.0,32.0,7,0.12,True
2026-10-09T13:10:11+11:00,1912302,2459_483,-33.8843879699707,151.1971893310547,89.0,28.1,83,1.38,True
2026-10-09T13:10:11+11:00,1963817,2459_412,-33.86794662475586,151.21058654785156,7.0,2.9,756,12.6,False
2026-10-09T13:10:11+11:00,2284518,2459_423,-33.9110107421875,151.1576690673828,116.0,0.0,319,5.32,True
2026-10-09T13:10:11+11:00,2596260,2459_490,-33.85881042480469,151.14332580566406,225.0,35.3,117,1.95,True
2026-10-09T13:10:11+11:00,2285685,2459_422,-33.884735107421875,151.19082641601562,89.0,31.3,-182,-3.03,False
2026-10-09T13:10:11+11:00,2685926,2459_423,-33.92369079589844,151.1360626220703,239.0,0.0,454,7.57,False
2026-10-09T13:10:11+11:00,2289754,2459_418,-33.887630462646484,151.12115478515625,255.0,39.2,125,2.08,True
2026-10-09T13:10:11+11:00,2613595,7084_SW2,-33.91312026977539,151.1175994873047,62.0,9.4,-181,-3.02,False
2026-10-09T13:10:11+11:00,2317250,7084_SW2,-33.910118103027344,151.155517578125,300.0,19.4,58,0.97,True
2026-10-09T13:10:11+11:00,2636111,2459_504,-33.87413787841797,151.21511840820312,102.0,8.6,430,7.17,False
2026-10-09T13:10:11+11:00,2284835,2459_433,-33.85595703125,151.17584228515625,97.0,21.2,143,2.38,True
2026-10-09T13:10:11+11:00,2290730,2459_422,-33.91719055175781,151.171875,48.0,40.7,354,5.9,True
2026-10-09T13:10:11+11:00,2685923,2459_423,-33.864967346191406,151.21090698242188,221.0,0.0,7,0.12,True
2026-10-09T13:10:11+11:00,2376602,2508_144,-33.82944107055664,151.212158203125,98.0,38.9,196,3.27,True
2026-10-09T13:10:11+11:00,2288844,2459_437,-33.87260055541992,151.15553283691406,206.0,31.3,202,3.37,True
2026-10-09T13:10:11+11:00,1961268,2459_412,-33.8841552734375,151.19891357421875,87.0,42.8,-102,-1.7,False
2026-10-09T13:10:11+11:00,2421445,2508_230,-33.842445373535156,151.205078125,214.0,13.3,140,2.33,True
2026-10-09T13:10:11+11:00,2618170,2508_263,-33.82989501953125,151.2263641357422,150.0,0.0,293,4.88,True
2026-10-09T13:10:11+11:00,2287410,2459_428,-33.8985481262207,151.17617797851562,84.0,0.0,31,0.52,True
2026-10-09T13:10:11+11:00,2636257,2459_415,-33.850486755371094,151.13734436035156,230.0,7.6,243,4.05,True
2026-10-09T13:10:11+11:00,2484378,2459_483,-33.88973617553711,151.12606811523438,290.0,5.0,115,1.92,True
2026-10-09T13:10:11+11:00,2039029,2459_470,-33.8838996887207,151.2023162841797,76.0,0.0,0,0.0,True
2026-10-09T13:10:11+11:00,2632146,2510_301,-33.923954010009766,151.21115112304688,9.0,0.0,635,10.58,False
2026-10-09T13:10:11+11:00,2374365,2508_173X,-33.79934310913086,151.2501678466797,67.0,25.6,498,8.3,False
2026-10-09T13:10:11+11:00,2288851,2459_502,-33.85884475708008,151.10362243652344,354.0,50.8,76,1.27,True
2026-10-09T13:10:11+11:00,2289730,2459_426,-33.88428497314453,151.20086669921875,268.0,13.3,336,5.6,True
2026-10-09T13:10:11+11:00,2660318,2459_320,-33.88983917236328,151.20603942871094,10.0,0.0,198,3.3,True
2026-10-09T13:10:11+11:00,2596431,2459_491,-33.88597869873047,151.12432861328125,301.0,35.6,126,2.1,True
2026-10-09T13:10:11+11:00,2383209,2508_100,-33.82439041137695,151.2389678955078,272.0,0.0,660,11.0,False
2026-10-09T13:10:11+11:00,2209731,2459_440,-33.89164733886719,151.2468719482422,288.0,0.0,8,0.13,True
2026-10-09T13:10:11+11:00,2309029,2459_445,-33.886802673339844,151.15745544433594,354.0,11.9,-94,-1.57,False
2026-10-09T13:10:11+11:00,2374428,2508_B1,-33.83027267456055,151.2188720703125,292.0,42.1,-47,-0.78,True
2026-10-09T13:10:11+11:00,2208131,2459_530,-33.8528938293457,151.15159606933594,49.0,0.0,371,6.18,False
2026-10-09T13:10:11+11:00,2038724,2459_470,-33.87353515625,151.1631622314453,71.0,0.0,6,0.1,True
2026-10-09T13:10:11+11:00,2290595,2459_438X,-33.845367431640625,151.1284637451172,355.0,20.5,468,7.8,False
2026-10-09T13:10:11+11:00,2289986,2459_470,-33.865047454833984,151.2097625732422,227.0,0.0,0,0.0,True
2026-10-09T13:10:11+11:00,2708665,2504_610X,-33.81438064575195,151.19970703125,332.0,82.8,15,0.25,True
2026-10-09T13:10:11+11:00,2089036,2508_160X,-33.795753479003906,151.18130493164062,189.0,26.6,-108,-1.8,False
2026-10-09T13:10:11+11:00,2415796,2508_B1,-33.86605453491211,151.20635986328125,7.0,0.0,0,0.0,True
2026-10-09T13:10:11+11:00,2209514,2459_464,-33.84223175048828,151.10769653320312,347.0,28.8,-98,-1.63,False
2026-10-09T13:10:11+11:00,2285694,2459_470,-33.88401412963867,151.18997192382812,271.0,36.7,12,0.2,True
2026-10-09T13:10:11+11:00,2288825,2459_431,-33.88442611694336,151.19454956054688,87.0,0.0,192,3.2,True
2026-10-09T13:10:11+11:00,2371485,7083_SW3,-33.90544128417969,151.1571807861328,142.0,42.5,-255,-4.25,False
2026-10-09T13:10:11+11:00,2289048,2459_442,-33.85702133178711,151.19552612304688,77.0,0.0,0,0.0,True
2026-10-09T13:10:11+11:00,2283237,2459_348,-33.91624450683594,151.23471069335938,304.0,27.7,176,2.93,True
2026-10-09T13:10:11+11:00,2287426,2459_438X,-33.884910583496094,151.18516540527344,77.0,0.0,-77,-1.28,False
2026-10-09T13:10:11+11:00,2554272,2459_358,-33.92094421386719,151.18136596679688,284.0,41.0,640,10.67,False
2026-10-09T13:10:11+11:00,2208749,2459_464,-33.880191802978516,151.1031951904297,189.0,32.0,132,2.2,True
2026-10-09T13:10:11+11:00,2290452,2459_431,-33.88425827026367,151.20135498046875,261.0,0.0,50,0.83,True
2026-10-09T13:10:11+11:00,2285166,2459_437,-33.883506774902344,151.15708923339844,358.0,30.2,257,4.28,True
2026-10-09T13:10:11+11:00,2474929,2459_389,-33.875282287597656,151.2141876220703,196.0,14.0,-105,-1.75,False
2026-10-09T13:10:11+11:00,2290459,2459_389,-33.89100646972656,151.24757385253906,191.0,20.5,6,0.1,True
2026-10-09T13:10:11+11:00,2632181,2510_301,-33.945777893066406,151.2261505126953,177.0,0.0,0,0.0,True
2026-10-09T13:10:11+11:00,2285397,2459_422,-33.88017272949219,151.20750427246094,281.0,0.0,6,0.1,True
2026-10-09T13:10:11+11:00,2284793,2459_461X,-33.88791275024414,151.16673278808594,84.0,39.6,-120,-2.0,False
2026-10-09T13:10:11+11:00,2283133,2459_442,-33.85713577270508,151.19561767578125,294.0,0.0,66,1.1,True
2026-10-09T13:10:11+11:00,2554287,2459_358,-33.9224853515625,151.2040252685547,276.0,2.5,74,1.23,True
2026-10-09T13:10:11+11:00,2290352,2459_406,-33.90904235839844,151.13104248046875,312.0,27.7,-42,-0.7,True
2026-10-09T13:10:11+11:00,2475094,2459_389,-33.86928939819336,151.19369506835938,153.0,0.0,199,3.32,True
2026-10-09T13:10:11+11:00,2596409,2459_491,-33.87795639038086,151.1277313232422,241.0,31.3,-8,-0.13,True
2026-10-09T13:10:11+11:00,2319194,7083_SW3,-33.91435241699219,151.16331481933594,314.0,50.8,1220,20.33,False
2026-10-09T13:10:11+11:00,2284618,2459_461X,-33.8763313293457,151.10389709472656,196.0,0.0,385,6.42,False
2026-10-09T13:10:11+11:00,2721278,2514_270,-33.81842041015625,151.20497131347656,10.0,42.1,-217,-3.62,False
2026-10-09T13:10:11+11:00,2721358,2514_277,-33.79012680053711,151.1831512451172,72.0,34.2,116,1.93,True
2026-10-09T13:10:11+11:00,2484404,2459_483,-33.880733489990234,151.2067108154297,205.0,0.0,68,1.13,True
2026-10-09T13:10:11+11:00,2284489,2459_422,-33.89952850341797,151.17787170410156,168.0,28.1,375,6.25,False
2026-10-09T13:10:11+11:00,2686001,2459_423,-33.8775520324707,151.20938110351562,188.0,29.9,-31,-0.52,True
2026-10-09T13:10:11+11:00,2374475,2508_B1,-33.80063247680664,151.24684143066406,230.0,41.8,192,3.2,True
2026-10-09T13:10:11+11:00,2596214,2459_492,-33.87754440307617,151.103515625,11.0,0.0,-17,-0.28,True
2026-10-09T13:10:11+11:00,2288130,2459_438X,-33.868324279785156,151.21054077148438,4.0,37.8,362,6.03,False
2026-10-09T13:10:11+11:00,2643418,2507_52,-33.87461853027344,151.19857788085938,74.0,50.8,348,5.8,True
2026-10-09T13:10:11+11:00,2642874,2507_52,-33.82395553588867,151.1241455078125,122.0,0.0,382,6.37,False
2026-10-09T13:10:11+11:00,2634533,2507_254,-33.83401107788086,151.20489501953125,349.0,35.3,-35,-0.58,True
2026-10-09T13:10:11+11:00,2621472,2507_252,-33.81473159790039,151.1669921875,252.0,31.3,60,1.0,True
2026-10-09T13:10:11+11:00,2231103,2507_288,-33.80613708496094,151.1529083251953,308.0,0.0,29,0.48,True
2026-10-09T13:10:11+11:00,2738453,2507_533,-33.8001594543457,151.14244079589844,296.0,46.8,342,5.7,True
2026-10-09T13:10:11+11:00,2654374,2507_52,-33.86678695678711,151.1740264892578,285.0,47.2,220,3.67,True
2026-10-09T13:10:11+11:00,2643236,2507_120,-33.79291915893555,151.19410705566406,71.0,36.4,0,0.0,True
2026-10-09T13:10:11+11:00,2643026,2507_120,-33.84444808959961,151.21189880371094,164.0,41.8,313,5.22,True
2026-10-09T13:10:11+11:00,2744620,2507_292,-33.80497360229492,151.1581573486328,277.0,28.8,536,8.93,False
2026-10-09T13:10:11+11:00,2644758,2507_120,-33.870933532714844,151.206298828125,172.0,32.4,288,4.8,True
2026-10-09T13:10:11+11:00,2744762,2507_292,-33.835609436035156,151.2116241455078,191.0,75.2,-180,-3.0,False
2026-10-09T13:10:11+11:00,2682143,2507_202,-33.86335754394531,151.21324157714844,260.0,16.6,3,0.05,True
2026-10-09T13:10:11+11:00,2644070,2507_501,-33.845542907714844,151.15090942382812,332.0,53.3,-172,-2.87,False
2026-10-09T13:10:11+11:00,2644052,2507_501,-33.86275863647461,151.16854858398438,135.0,0.0,155,2.58,True
2026-10-09T13:10:11+11:00,2555480,2507_538,-33.83732223510742,151.15591430664062,150.0,37.4,1,0.02,True
2026-10-09T13:10:11+11:00,2634550,2507_254,-33.82334518432617,151.19422912597656,70.0,29.5,271,4.52,True
2026-10-09T13:10:11+11:00,2744616,2507_292,-33.81377410888672,151.18943786621094,257.0,80.6,-221,-3.68,False
2026-10-09T13:10:11+11:00,2407865,2507_252,-33.83023452758789,151.12640380859375,58.0,0.0,37,0.62,True
2026-10-09T13:10:11+11:00,2731338,2507_507,-33.830528259277344,151.12559509277344,71.0,18.4,-238,-3.97,False
2026-10-09T13:10:11+11:00,2645041,2507_120,-33.81367874145508,151.19976806640625,154.0,0.0,-29,-0.48,True
2026-10-09T13:10:11+11:00,2654482,2507_52,-33.873374938964844,151.21046447753906,290.0,8.3,0,0.0,True
2026-10-09T13:10:11+11:00,2621592,2507_516,-33.797306060791016,151.1799774169922,241.0,0.0,66,1.1,True
2026-10-09T13:10:11+11:00,2644869,2507_501,-33.87417221069336,151.19650268554688,335.0,27.7,68,1.13,True
2026-10-09T13:10:11+11:00,2731353,2507_507,-33.82765197753906,151.12496948242188,278.0,46.1,5,0.08,True
2026-10-09T13:10:11+11:00,2643997,2507_501,-33.824867248535156,151.12574768066406,136.0,51.8,183,3.05,True
2026-10-09T13:10:11+11:00,2441721,2507_207,-33.80876922607422,151.208251953125,12.0,41.4,-110,-1.83,False
2026-10-09T13:10:11+11:00,2672264,2507_115,-33.79280471801758,151.1957550048828,159.0,20.5,270,4.5,True
2026-10-09T13:10:11+11:00,2672405,2507_115,-33.79458999633789,151.18853759765625,249.0,22.0,-449,-7.48,False
2026-10-09T13:10:11+11:00,2407586,2507_252,-33.814453125,151.1683807373047,91.0,0.0,35,0.58,True
2026-10-09T13:10:11+11:00,2738271,2507_533,-33.79640197753906,151.18045043945312,179.0,0.0,0,0.0,True
2026-10-09T13:10:11+11:00,2644523,2507_207,-33.86465835571289,151.20950317382812,171.0,0.0,26,0.43,True
2026-10-09T13:10:11+11:00,2643692,2507_207,-33.82876968383789,151.20907592773438,187.0,0.0,-62,-1.03,False
2026-10-09T13:10:11+11:00,2643794,2507_120,-33.810791015625,151.19944763183594,0.0,0.0,181,3.02,True
2026-10-09T13:10:11+11:00,2407151,2507_265,-33.81499481201172,151.16998291015625,174.0,6.5,6,0.1,True
2026-10-09T13:10:11+11:00,2645035,2507_52,-33.86831283569336,151.17633056640625,163.0,12.6,-71,-1.18,False
2026-10-09T13:10:11+11:00,2555509,2507_265,-33.83980941772461,151.20654296875,194.0,15.1,17,0.28,True
2026-10-09T13:10:11+11:00,2555439,2507_291,-33.84321594238281,151.2089080810547,282.0,34.2,44,0.73,True
2026-10-09T13:10:11+11:00,2538330,2507_506,-33.824005126953125,151.13912963867188,114.0,3.2,798,13.3,False
2026-10-09T13:10:11+11:00,2672301,2507_115,-33.827606201171875,151.20204162597656,197.0,0.0,523,8.72,False
2026-10-09T13:10:11+11:00,2643679,2507_120,-33.793548583984375,151.1918487548828,246.0,37.8,122,2.03,True
2026-10-09T13:10:11+11:00,2226232,2507_288,-33.86639404296875,151.20335388183594,174.0,0.0,6,0.1,True
2026-10-09T13:10:11+11:00,2322351,2507_506,-33.872005462646484,151.19337463378906,328.0,58.7,-127,-2.12,False
2026-10-09T13:10:11+11:00,2564623,2509_350,-33.94366455078125,151.2618408203125,216.0,45.7,177,2.95,True
2026-10-09T13:10:11+11:00,2564761,2509_333,-33.889888763427734,151.28292846679688,233.0,18.0,6,0.1,True
2026-10-09T13:10:11+11:00,2139530,2509_375,-33.93119430541992,151.2559814453125,146.0,33.1,63,1.05,True
2026-10-09T13:10:11+11:00,2434963,2509_390X,-33.902278900146484,151.25473022460938,154.0,23.4,155,2.58,True
2026-10-09T13:10:11+11:00,2533547,2509_381,-33.89425277709961,151.26611328125,105.0,13.7,242,4.03,True
2026-10-09T13:10:11+11:00,2356407,2509_373,-33.90595626831055,151.23031616210938,115.0,0.0,310,5.17,True
2026-10-09T13:10:11+11:00,2356256,2509_370,-33.87383270263672,151.1820831298828,324.0,0.0,-423,-7.05,False
2026-10-09T13:10:11+11:00,2674969,2509_309,-33.89358901977539,151.1988525390625,21.0,0.0,0,0.0,True
2026-10-09T13:10:11+11:00,2564576,2509_350,-33.94742965698242,151.25071716308594,104.0,23.4,131,2.18,True
2026-10-09T13:10:11+11:00,2628656,2509_304,-33.8650016784668,151.21160888671875,189.0,36.7,207,3.45,True
2026-10-09T13:10:11+11:00,2551837,2509_379,-33.90521240234375,151.25755310058594,112.0,20.5,-115,-1.92,False
2026-10-09T13:10:11+11:00,2740260,2509_370,-33.87190628051758,151.18014526367188,234.0,0.0,27,0.45,True
2026-10-09T13:10:11+11:00,2564905,2509_333,-33.895057678222656,151.27117919921875,111.0,35.3,199,3.32,True
2026-10-09T13:10:11+11:00,2740194,2509_370,-33.892555236816406,151.186767578125,252.0,3.2,138,2.3,True
2026-10-09T13:10:11+11:00,2565021,2509_333,-33.87262725830078,151.20999145507812,5.0,33.8,427,7.12,False
2026-10-09T13:10:11+11:00,2356860,2509_339,-33.91252517700195,151.2627716064453,99.0,36.4,-62,-1.03,False
2026-10-09T13:10:11+11:00,2565148,2509_333,-33.89491271972656,151.27056884765625,100.0,44.3,7,0.12,True
2026-10-09T13:10:11+11:00,2564884,2509_350,-33.92446517944336,151.18785095214844,280.0,12.6,503,8.38,False
2026-10-09T13:10:11+11:00,2533779,2509_327,-33.88591003417969,151.25689697265625,114.0,0.0,102,1.7,True
2026-10-09T13:10:11+11:00,2335891,2509_309,-33.95072937011719,151.1979522705078,307.0,41.4,-180,-3.0,False
2026-10-09T13:10:11+11:00,2534163,2509_355,-33.908538818359375,151.17230224609375,87.0,0.0,6,0.1,True
2026-10-09T13:10:11+11:00,2533641,2509_325,-33.87336730957031,151.21035766601562,282.0,0.0,222,3.7,True
2026-10-09T13:10:11+11:00,2403180,2509_311,-33.86894226074219,151.2222137451172,48.0,0.0,80,1.33,True
2026-10-09T13:10:11+11:00,2533592,2509_355,-33.895729064941406,151.2068634033203,193.0,5.4,276,4.6,True
2026-10-09T13:10:11+11:00,2140155,2509_375,-33.95306396484375,151.24229431152344,255.0,11.5,629,10.48,False
2026-10-09T13:10:11+11:00,2141085,2509_306,-33.927974700927734,151.21022033691406,91.0,18.4,372,6.2,False
2026-10-09T13:10:11+11:00,2152032,2509_333,-33.887542724609375,151.22470092773438,291.0,40.0,0,0.0,True
2026-10-09T13:10:11+11:00,2534298,2509_362,-33.88504409790039,151.26837158203125,298.0,0.0,248,4.13,True
2026-10-09T13:10:11+11:00,2470806,2509_356,-33.94014358520508,151.22836303710938,33.0,24.1,133,2.22,True
2026-10-09T13:10:11+11:00,2357281,2509_373,-33.9197998046875,151.25714111328125,190.0,0.0,0,0.0,True
2026-10-09T13:10:11+11:00,2346407,2509_390X,-33.91615676879883,151.23483276367188,115.0,24.5,196,3.27,True
2026-10-09T13:10:11+11:00,2564948,2509_350,-33.92037582397461,151.25698852539062,189.0,0.0,108,1.8,True
2026-10-09T13:10:11+11:00,2532182,2509_325,-33.873130798339844,151.20828247070312,97.0,30.6,-217,-3.62,False
2026-10-09T13:10:11+11:00,2357625,2509_370,-33.895687103271484,151.18116760253906,44.0,21.6,241,4.02,True
2026-10-09T13:10:11+11:00,2533842,2509_352,-33.88092041015625,151.2176055908203,298.0,0.0,-8,-0.13,True
2026-10-09T13:10:11+11:00,2434612,2509_390X,-33.92361068725586,151.22755432128906,158.0,44.6,358,5.97,True
2026-10-09T13:10:11+11:00,2548505,2509_328,-33.87049865722656,151.23611450195312,32.0,15.5,259,4.32,True
2026-10-09T13:10:11+11:00,2564621,2509_350,-33.93558883666992,151.20553588867188,94.0,53.3,-97,-1.62,False
2026-10-09T13:10:11+11:00,2352271,2509_356,-33.912994384765625,151.24075317382812,281.0,25.6,124,2.07,True
2026-10-09T13:10:11+11:00,2151562,2509_333,-33.86286544799805,151.21197509765625,188.0,31.3,-42,-0.7,True
2026-10-09T13:10:11+11:00,2151985,2509_333,-33.892967224121094,151.2571258544922,99.0,7.9,126,2.1,True
2026-10-09T13:10:11+11:00,2532428,2509_380,-33.89314651489258,151.25875854492188,279.0,13.0,685,11.42,False
2026-10-09T13:10:11+11:00,2740180,2509_370,-33.90407180786133,151.19029235839844,37.0,27.4,17,0.28,True
2026-10-09T13:10:11+11:00,2140272,2509_396,-33.915775299072266,151.22576904296875,167.0,36.7,391,6.52,False
2026-10-09T13:10:11+11:00,2410354,2509_392,-33.9039192199707,151.2144775390625,282.0,0.0,-108,-1.8,False
2026-10-09T13:10:11+11:00,2564831,2509_333,-33.88129806518555,151.21841430664062,304.0,3.6,189,3.15,True
2026-10-09T13:10:11+11:00,2139332,2509_396,-33.94125747680664,151.2529754638672,305.0,14.8,53,0.88,True
2026-10-09T13:10:11+11:00,2628787,2509_304,-33.90605545043945,151.21148681640625,41.0,0.0,13,0.22,True
2026-10-09T13:10:11+11:00,2563899,2509_379,-33.891456604003906,151.24916076660156,99.0,15.8,2,0.03,True
2026-10-09T13:10:11+11:00,2564857,2509_333,-33.89337158203125,151.2597198486328,280.0,23.4,2,0.03,True
2026-10-09T13:10:11+11:00,2352525,2509_307,-33.926719665527344,151.18809509277344,218.0,0.0,132,2.2,True
2026-10-09T13:10:11+11:00,2152086,2509_333,-33.888694763183594,151.2323760986328,142.0,8.3,73,1.22,True
2026-10-09T13:10:11+11:00,2533732,2509_352,-33.89131164550781,151.24803161621094,98.0,0.0,0,0.0,True
2026-10-09T13:10:11+11:00,2346298,2509_390X,-33.90656280517578,151.2528533935547,51.0,39.6,498,8.3,False
2026-10-09T13:10:11+11:00,2532105,2509_386,-33.86378860473633,151.2722625732422,170.0,39.2,-58,-0.97,True
2026-10-09T13:10:11+11:00,2410298,2509_392,-33.92338180541992,151.22727966308594,332.0,33.1,-39,-0.65,True
2026-10-09T13:10:11+11:00,2400363,2509_309,-33.89944839477539,151.20028686523438,344.0,41.4,259,4.32,True
2026-10-09T13:10:11+11:00,2151429,2509_333,-33.88694381713867,151.23028564453125,127.0,1.1,450,7.5,False
2026-10-09T13:10:11+11:00,2356157,2509_373,-33.921836853027344,151.2497100830078,279.0,29.2,-50,-0.83,True
2026-10-09T13:10:11+11:00,2356234,2509_370,-33.9009895324707,151.2059783935547,193.0,0.0,0,0.0,True
2026-10-09T13:10:11+11:00,2352588,2509_392,-33.94496536254883,151.2262725830078,189.0,23.0,539,8.98,False
2026-10-09T13:10:11+11:00,2400669,2509_393,-33.94835662841797,151.23043823242188,331.0,37.8,-8,-0.13,True
2026-10-09T13:10:11+11:00,2628760,2509_304,-33.89271926879883,151.21224975585938,6.0,23.8,188,3.13,True
2026-10-09T13:10:11+11:00,2533306,2509_325,-33.872703552246094,151.248291015625,75.0,38.9,94,1.57,True
2026-10-09T13:10:11+11:00,2488469,2509_392,-33.900047302246094,151.21051025390625,220.0,22.3,232,3.87,True
2026-10-09T13:10:11+11:00,2628771,2509_304,-33.8807373046875,151.21414184570312,104.0,19.1,250,4.17,True
2026-10-09T13:10:11+11:00,2533303,2509_324,-33.87626647949219,151.22601318359375,109.0,19.8,24,0.4,True
2026-10-09T13:10:11+11:00,2138825,2509_396,-33.925315856933594,151.22938537597656,305.0,29.2,-4,-0.07,True
2026-10-09T13:10:11+11:00,2136763,2509_396,-33.89960861206055,151.22247314453125,167.0,0.0,103,1.72,True
2026-10-09T13:10:11+11:00,2532830,2509_380,-33.88287353515625,151.28265380859375,180.0,0.0,492,8.2,False
2026-10-09T13:10:11+11:00,2357043,2509_370,-33.91630172729492,151.23475646972656,297.0,24.8,-58,-0.97,True
2026-10-09T13:10:11+11:00,2488408,2509_392,-33.893280029296875,151.1989288330078,21.0,0.0,0,0.0,True
2026-10-09T13:10:11+11:00,2435010,2509_390X,-33.94221115112305,151.23977661132812,168.0,0.0,325,5.42,True
2026-10-09T13:10:11+11:00,2564549,2509_333,-33.890846252441406,151.24815368652344,278.0,18.0,338,5.63,True
2026-10-09T13:10:11+11:00,2300879,2509_399,-33.938697814941406,151.2389373779297,167.0,36.7,185,3.08,True
2026-10-09T13:10:11+11:00,2352704,2509_356,-33.94257736206055,151.2473602294922,189.0,5.4,1355,22.58,False
2026-10-09T13:10:11+11:00,2740253,2509_370,-33.9150276184082,151.22732543945312,99.0,39.2,-73,-1.22,False
2026-10-09T13:10:11+11:00,2564658,2509_333,-33.89527893066406,151.27322387695312,203.0,33.8,17,0.28,True
2026-10-09T13:10:11+11:00,2575780,2509_374,-33.88022232055664,151.20779418945312,285.0,0.0,-15,-0.25,True
2026-10-09T13:10:11+11:00,2151927,2509_333,-33.86840057373047,151.2105255126953,185.0,32.4,172,2.87,True
2026-10-09T13:10:11+11:00,2139552,2509_306,-33.929588317871094,151.19485473632812,147.0,10.8,246,4.1,True
2026-10-09T13:10:11+11:00,2352506,2509_307,-33.94130325317383,151.21446228027344,55.0,40.3,62,1.03,True
2026-10-09T13:10:11+11:00,2740179,2509_370,-33.875362396240234,151.18304443359375,148.0,37.4,189,3.15,True
2026-10-09T13:10:11+11:00,2356877,2509_343,-33.89865493774414,151.2063446044922,360.0,0.0,15,0.25,True
2026-10-09T13:10:11+11:00,2346340,2509_390X,-33.90602493286133,151.25360107421875,49.0,34.2,-4,-0.07,True
2026-10-09T13:10:11+11:00,2357429,2509_370,-33.91169738769531,151.21495056152344,60.0,40.3,16,0.27,True
2026-10-09T13:10:11+11:00,2356743,2509_343,-33.88983917236328,151.20787048339844,186.0,0.0,309,5.15,True
2026-10-09T13:10:11+11:00,2346297,2509_390X,-33.92470169067383,151.22860717773438,306.0,0.0,173,2.88,True
2026-10-09T13:10:11+11:00,2551649,2509_379,-33.89109420776367,151.2484130859375,278.0,0.0,-90,-1.5,False
2026-10-09T13:10:11+11:00,2564570,2509_350,-33.94431686401367,151.2223663330078,195.0,19.1,397,6.62,False
2026-10-09T13:10:11+11:00,2488378,2509_392,-33.93379592895508,151.23036193847656,175.0,28.8,180,3.0,True
2026-10-09T13:10:11+11:00,2151641,2509_333,-33.89155960083008,151.24949645996094,99.0,0.0,107,1.78,True
2026-10-09T13:10:11+11:00,2564550,2509_350,-33.94623947143555,151.24188232421875,260.0,38.5,477,7.95,False
2026-10-09T13:10:11+11:00,2534387,2509_313,-33.90424728393555,151.25282287597656,192.0,33.8,128,2.13,True
2026-10-09T13:10:11+11:00,2356758,2509_370,-33.90157699584961,151.20079040527344,252.0,0.0,3,0.05,True
2026-10-09T13:10:11+11:00,2356855,2509_374,-33.916229248046875,151.24905395507812,187.0,27.4,215,3.58,True
2026-10-09T13:10:11+11:00,2356939,2509_311,-33.88202667236328,151.20668029785156,126.0,0.0,0,0.0,True
2026-10-09T13:10:11+11:00,2564591,2509_350,-33.91827392578125,151.25730895996094,7.0,38.2,-70,-1.17,False
2026-10-09T13:10:11+11:00,2575710,2509_374,-33.90895462036133,151.2378387451172,279.0,34.6,83,1.38,True
2026-10-09T13:10:11+11:00,2139160,2509_306,-33.892574310302734,151.2005157470703,196.0,23.4,186,3.1,True
2026-10-09T13:10:11+11:00,2675066,2509_309,-33.92133712768555,151.1967010498047,221.0,0.0,368,6.13,False
2026-10-09T13:10:11+11:00,2628721,2509_304,-33.8994026184082,151.21278381347656,100.0,12.6,74,1.23,True
2026-10-09T13:10:11+11:00,2356761,2509_343,-33.87849044799805,151.20925903320312,187.0,32.8,63,1.05,True
2026-10-09T13:10:11+11:00,2565155,2509_333,-33.86824035644531,151.21054077148438,3.0,38.2,-187,-3.12,False
2026-10-09T13:10:11+11:00,2565017,2509_333,-33.89119338989258,151.2497100830078,339.0,0.7,84,1.4,True
2026-10-09T13:10:11+11:00,2356335,2509_343,-33.868289947509766,151.21054077148438,4.0,28.1,-82,-1.37,False
2026-10-09T13:10:11+11:00,2357293,2509_374,-33.89134979248047,151.2118682861328,102.0,20.2,297,4.95,True
2026-10-09T13:10:11+11:00,2352202,2509_356,-33.89094924926758,151.2490692138672,279.0,0.0,0,0.0,True
2026-10-09T13:10:11+11:00,2434499,2509_390X,-33.91665267944336,151.23695373535156,280.0,0.7,407,6.78,False
2026-10-09T13:10:11+11:00,2564962,2509_350,-33.935691833496094,151.2073211669922,100.0,11.9,499,8.32,False
2026-10-09T13:10:11+11:00,2357300,2509_373,-33.886810302734375,151.2192840576172,309.0,0.0,-18,-0.3,True
2026-10-09T13:10:11+11:00,2628724,2509_304,-33.868370056152344,151.2105255126953,2.0,19.8,123,2.05,True
2026-10-09T13:10:11+11:00,2352659,2509_392,-33.903629302978516,151.20928955078125,110.0,24.8,667,11.12,False
2026-10-09T13:10:11+11:00,2564643,2509_333,-33.88911437988281,151.28369140625,121.0,10.4,0,0.0,True
2026-10-09T13:10:11+11:00,2564040,2509_379,-33.882171630859375,151.27734375,101.0,29.5,196,3.27,True
2026-10-09T13:10:11+11:00,2675097,2509_309,-33.904911041259766,151.20272827148438,170.0,0.0,231,3.85,True
2026-10-09T13:10:11+11:00,2531794,2509_360,-33.89299774169922,151.2496337890625,188.0,0.0,214,3.57,True
2026-10-09T13:10:11+11:00,2151528,2509_333,-33.879127502441406,151.21505737304688,134.0,30.2,304,5.07,True
2026-10-09T13:10:11+11:00,2434443,2509_390X,-33.890628814697266,151.24826049804688,273.0,0.7,0,0.0,True
2026-10-09T13:10:11+11:00,2355950,2509_339,-33.908546447753906,151.24790954589844,295.0,0.0,194,3.23,True
2026-10-09T13:10:11+11:00,2357080,2509_373,-33.88603973388672,151.2188720703125,157.0,21.6,127,2.12,True
2026-10-09T13:10:11+11:00,2137567,2509_396,-33.880348205566406,151.216552734375,307.0,23.8,175,2.92,True
2026-10-09T13:10:11+11:00,2533579,2509_380,-33.88898468017578,151.27896118164062,113.0,36.7,375,6.25,False
2026-10-09T13:10:11+11:00,2564615,2509_350,-33.91928482055664,151.25714111328125,9.0,0.0,527,8.78,False
2026-10-09T13:10:11+11:00,2357527,2509_343,-33.86163330078125,151.211669921875,276.0,0.0,6,0.1,True
2026-10-09T13:10:11+11:00,2357607,2509_343,-33.88389205932617,151.20823669433594,9.0,18.0,52,0.87,True
2026-10-09T13:10:11+11:00,2533860,2509_355,-33.8983039855957,151.20516967773438,92.0,36.4,367,6.12,False
2026-10-09T13:10:11+11:00,2356706,2509_370,-33.90692138671875,151.1876678466797,217.0,28.8,190,3.17,True
2026-10-09T13:10:11+11:00,2400447,2509_309,-33.94065475463867,151.19493103027344,355.0,27.0,301,5.02,True
2026-10-09T13:10:11+11:00,2357659,2509_339,-33.884422302246094,151.21795654296875,157.0,0.0,10,0.17,True
2026-10-09T13:10:11+11:00,2534432,2509_380,-33.84339141845703,151.28421020507812,167.0,0.0,6,0.1,True
2026-10-09T13:10:11+11:00,2356122,2509_373,-33.87810134887695,151.2093048095703,187.0,9.7,34,0.57,True
2026-10-09T13:10:11+11:00,2532276,2509_352,-33.89861297607422,151.177978515625,33.0,22.3,424,7.07,False
2026-10-09T13:10:11+11:00,2534063,2509_352,-33.90191650390625,151.17893981933594,156.0,0.0,75,1.25,True
2026-10-09T13:10:11+11:00,2140340,2509_396,-33.861637115478516,151.21188354492188,95.0,3.2,6,0.1,True
2026-10-09T13:10:11+11:00,2356497,2509_370,-33.91267013549805,151.2242431640625,319.0,45.4,310,5.17,True
2026-10-09T13:10:11+11:00,2151836,2509_333,-33.87614440917969,151.2098388671875,185.0,1.1,210,3.5,True
2026-10-09T13:10:11+11:00,2137967,2509_396,-33.94772720336914,151.25503540039062,40.0,0.0,0,0.0,True
2026-10-09T13:10:11+11:00,2140231,2509_396,-33.911197662353516,151.2230987548828,356.0,34.2,291,4.85,True
2026-10-09T13:10:11+11:00,2534619,2509_325,-33.85492706298828,151.27857971191406,296.0,11.2,779,12.98,False
2026-10-09T13:10:11+11:00,2564654,2509_350,-33.93319320678711,151.18344116210938,42.0,26.6,172,2.87,True
2026-10-09T13:10:11+11:00,2533535,2509_387,-33.87409210205078,151.2732391357422,204.0,0.0,585,9.75,False
2026-10-09T13:10:11+11:00,2564619,2509_333,-33.89093780517578,151.24896240234375,276.0,0.0,779,12.98,False
2026-10-09T13:10:11+11:00,2470757,2509_356,-33.922523498535156,151.24356079101562,335.0,33.5,151,2.52,True
2026-10-09T13:10:11+11:00,2532128,2509_362,-33.8749885559082,151.27268981933594,206.0,31.0,83,1.38,True
2026-10-09T13:10:11+11:00,2565009,2509_350,-33.8958625793457,151.25108337402344,148.0,0.0,134,2.23,True
2026-10-09T13:10:11+11:00,2628790,2509_304,-33.87375259399414,151.20985412597656,9.0,17.6,-222,-3.7,False
2026-10-09T13:10:11+11:00,2740261,2509_370,-33.91892623901367,151.24583435058594,110.0,0.0,392,6.53,False
2026-10-09T13:10:11+11:00,2140597,2509_396,-33.86356735229492,151.21185302734375,6.0,18.0,-60,-1.0,False
2026-10-09T13:10:11+11:00,2533202,2509_324,-33.87770080566406,151.24298095703125,239.0,0.0,446,7.43,False
2026-10-09T13:10:11+11:00,2410304,2509_392,-33.90398025512695,151.2146759033203,280.0,2.9,367,6.12,False
2026-10-09T13:10:11+11:00,2355949,2509_343,-33.920265197753906,151.2032012939453,194.0,17.6,65,1.08,True
2026-10-09T13:10:11+11:00,2564014,2509_379,-33.90416717529297,151.25428771972656,39.0,0.0,132,2.2,True
2026-10-09T13:10:11+11:00,2356959,2509_311,-33.85708999633789,151.20263671875,161.0,34.2,102,1.7,True
2026-10-09T13:10:11+11:00,2563831,2509_379,-33.88771438598633,151.26475524902344,54.0,11.2,129,2.15,True
2026-10-09T13:10:11+11:00,2533191,2509_324,-33.84364700317383,151.28407287597656,4.0,0.0,66,1.1,True
2026-10-09T13:10:11+11:00,2335498,2509_309,-33.899513244628906,151.2002716064453,345.0,29.5,-306,-5.1,False
2026-10-09T13:10:11+11:00,2139962,2509_396,-33.93915939331055,151.23902893066406,168.0,0.0,369,6.15,False
2026-10-09T13:10:11+11:00,2564961,2509_350,-33.925262451171875,151.19322204589844,280.0,33.8,192,3.2,True
2026-10-09T13:10:11+11:00,2740167,2509_370,-33.91147994995117,151.22341918945312,168.0,0.0,664,11.07,False
2026-10-09T13:10:11+11:00,2410272,2509_392,-33.9483642578125,151.22976684570312,354.0,6.8,191,3.18,True
2026-10-09T13:10:11+11:00,2151729,2509_333,-33.86206817626953,151.2112274169922,5.0,0.0,0,0.0,True
2026-10-09T13:10:11+11:00,2300906,2509_399,-33.942195892333984,151.2392120361328,349.0,0.4,232,3.87,True
2026-10-09T13:10:11+11:00,2565014,2509_333,-33.8895149230957,151.28334045410156,216.0,0.0,0,0.0,True
2026-10-09T13:10:11+11:00,2352652,2509_356,-33.941715240478516,151.2394561767578,279.0,32.0,14,0.23,True
2026-10-09T13:10:11+11:00,2740177,2509_370,-33.90236282348633,151.19189453125,37.0,28.8,575,9.58,False
2026-10-09T13:10:11+11:00,2531412,2509_325,-33.84377670288086,151.28399658203125,5.0,0.0,0,0.0,True
2026-10-09T13:10:11+11:00,2137401,2509_375,-33.9528923034668,151.24241638183594,80.0,24.8,122,2.03,True
2026-10-09T13:10:11+11:00,2137574,2509_375,-33.920692443847656,151.24278259277344,347.0,34.2,129,2.15,True
2026-10-09T13:10:11+11:00,2667422,2509_326,-33.886966705322266,151.2644805908203,84.0,37.8,313,5.22,True
2026-10-09T13:10:11+11:00,2356672,2509_311,-33.8758544921875,151.2216033935547,25.0,15.1,616,10.27,False
2026-10-09T13:10:11+11:00,2400370,2509_392,-33.892642974853516,151.19918823242188,24.0,0.0,0,0.0,True
2026-10-09T13:10:11+11:00,2357291,2509_373,-33.9117431640625,151.2390899658203,9.0,0.0,195,3.25,True
2026-10-09T13:10:11+11:00,2356556,2509_343,-33.921119689941406,151.20059204101562,15.0,39.6,80,1.33,True
2026-10-09T13:10:11+11:00,2563918,2509_386,-33.8729133605957,151.27304077148438,321.0,18.0,98,1.63,True
2026-10-09T13:10:11+11:00,2532559,2509_360,-33.89650344848633,151.25491333007812,282.0,23.4,-58,-0.97,True
2026-10-09T13:15:00+11:00,2720530,2514_281,-33.785743713378906,151.200927734375,66.0,11.9,470,7.83,False
2026-10-09T13:15:00+11:00,2373674,2508_172X,-33.793426513671875,151.249267578125,99.0,46.8,124,2.07,True
2026-10-09T13:15:00+11:00,2570114,7083_SW1,-33.90772247314453,151.1292724609375,131.0,31.3,63,1.05,True
2026-10-09T13:15:00+11:00,2383272,2508_100,-33.82978820800781,151.24415588378906,355.0,20.2,165,2.75,True
2026-10-09T13:15:00+11:00,2349330,2459_418,-33.913597106933594,151.162353515625,131.0,38.2,527,8.78,False
2026-10-09T13:15:00+11:00,2288413,2459_426,-33.87513732910156,151.2096710205078,186.0,27.4,-4,-0.07,True
2026-10-09T13:15:00+11:00,2736651,2459_428,-33.87144088745117,151.2101287841797,185.0,0.0,543,9.05,False
2026-10-09T13:15:00+11:00,2285430,2459_438X,-33.84490203857422,151.1285400390625,4.0,0.0,0,0.0,True
2026-10-09T13:15:00+11:00,2289103,2459_348,-33.9207878112793,151.16676330566406,64.0,41.4,56,0.93,True
2026-10-09T13:15:00+11:00,2290977,2459_433,-33.88386154174805,151.20263671875,251.0,40.7,68,1.13,True
2026-10-09T13:15:00+11:00,2209214,2459_440,-33.87683868408203,151.209716796875,273.0,0.0,203,3.38,True
2026-10-09T13:15:00+11:00,2373957,2508_144,-33.794151306152344,151.26332092285156,99.0,31.7,179,2.98,True
2026-10-09T13:15:00+11:00,2668149,2459_420,-33.92489242553711,151.16673278808594,215.0,61.9,-134,-2.23,False
2026-10-09T13:15:00+11:00,2668143,2459_420,-33.877540588378906,151.10369873046875,190.0,25.6,131,2.18,True
2026-10-09T13:15:00+11:00,2375723,2508_173X,-33.81696319580078,151.24342346191406,342.0,27.4,-42,-0.7,True
2026-10-09T13:15:00+11:00,2286682,2459_438X,-33.88318634033203,151.20372009277344,48.0,10.4,436,7.27,False
2026-10-09T13:15:00+11:00,2415755,2508_B1,-33.864891052246094,151.20559692382812,176.0,28.4,0,0.0,True
2026-10-09T13:15:00+11:00,2428440,2508_238,-33.823978424072266,151.25079345703125,350.0,20.2,0,0.0,True
2026-10-09T13:15:00+11:00,2570035,7083_SW1,-33.91252517700195,151.16058349609375,119.0,22.0,283,4.72,True
2026-10-09T13:15:00+11:00,1962704,2459_413,-33.88451385498047,151.19268798828125,94.0,6.8,-330,-5.5,False
2026-10-09T13:15:00+11:00,1940066,2459_412,-33.884891510009766,151.19100952148438,267.0,0.0,122,2.03,True
2026-10-09T13:15:00+11:00,2596241,2459_492,-33.875511169433594,151.1084442138672,278.0,0.0,135,2.25,True
2026-10-09T13:15:00+11:00,2668054,2459_420,-33.93716049194336,151.154052734375,234.0,21.2,352,5.87,True
2026-10-09T13:15:00+11:00,2289003,2459_461X,-33.87514114379883,151.12850952148438,149.0,37.8,-36,-0.6,True
2026-10-09T13:15:00+11:00,2089416,2508_160X,-33.78705978393555,151.1814422607422,339.0,3.6,784,13.07,False
2026-10-09T13:15:00+11:00,2415724,2508_B1,-33.83120346069336,151.22178649902344,114.0,8.3,63,1.05,True
2026-10-09T13:15:00+11:00,2284600,2459_423,-33.89464569091797,151.18251037597656,42.0,26.6,250,4.17,True
2026-10-09T13:15:00+11:00,2288839,2459_437,-33.867347717285156,151.14144897460938,165.0,25.9,43,0.72,True
2026-10-09T13:15:00+11:00,2287530,2459_428,-33.8837776184082,151.20245361328125,74.0,0.0,285,4.75,True
2026-10-09T13:15:00+11:00,2209333,2459_464,-33.86921310424805,151.10536193847656,10.0,12.2,155,2.58,True
2026-10-09T13:15:00+11:00,1961269,2459_412,-33.90657424926758,151.1530303955078,11.0,39.2,239,3.98,True
2026-10-09T13:15:00+11:00,2308874,2459_445,-33.89692306518555,151.14988708496094,111.0,7.9,-54,-0.9,True
2026-10-09T13:15:00+11:00,2286473,2459_438X,-33.885372161865234,151.1573944091797,175.0,8.6,258,4.3,True
2026-10-09T13:15:00+11:00,2609001,2459_430,-33.8985481262207,151.17550659179688,84.0,2.5,332,5.53,True
2026-10-09T13:15:00+11:00,2438270,7084_SW2,-33.914283752441406,151.16615295410156,229.0,0.4,0,0.0,True
2026-10-09T13:15:00+11:00,2725797,7083_SW1,-33.90885543823242,151.1307373046875,311.0,27.4,-36,-0.6,True
2026-10-09T13:15:00+11:00,2383187,2508_100,-33.87154006958008,151.20640563964844,172.0,0.4,-128,-2.13,False
2026-10-09T13:15:00+11:00,1940336,2459_412,-33.866825103759766,151.21070861816406,186.0,0.0,0,0.0,True
2026-10-09T13:15:00+11:00,2089833,2508_160X,-33.79650115966797,151.18124389648438,3.0,0.0,0,0.0,True
2026-10-09T13:15:00+11:00,2415643,2508_B1,-33.86569595336914,151.2056884765625,174.0,3.2,181,3.02,True
2026-10-09T13:15:00+11:00,2209276,2459_466,-33.873226165771484,151.10447692871094,188.0,14.0,633,10.55,False
2026-10-09T13:15:00+11:00,2285541,2459_461X,-33.88472366333008,151.1909942626953,89.0,45.7,631,10.52,False
2026-10-09T13:15:00+11:00,2286164,2459_470,-33.88334655761719,151.20364379882812,220.0,0.0,8,0.13,True
2026-10-09T13:15:00+11:00,2286175,2459_442,-33.8720703125,151.2065887451172,173.0,0.0,237,3.95,True
2026-10-09T13:15:00+11:00,2287829,2459_431,-33.86750793457031,151.2106170654297,185.0,0.0,0,0.0,True
2026-10-09T13:15:00+11:00,2736648,2459_445,-33.885189056396484,151.15736389160156,174.0,8.3,181,3.02,True
2026-10-09T13:15:00+11:00,2286777,2459_461X,-33.87623977661133,151.10386657714844,186.0,37.4,-198,-3.3,False
2026-10-09T13:15:00+11:00,2208446,2459_413,-33.88791275024414,151.159423828125,257.0,36.4,151,2.52,True
2026-10-09T13:15:00+11:00,2421364,2508_230,-33.83013153076172,151.24395751953125,68.0,3.6,81,1.35,True
2026-10-09T13:15:00+11:00,2514895,2459_410,-33.87350845336914,151.10446166992188,190.0,0.0,803,13.38,False
2026-10-09T13:15:00+11:00,2308722,2459_445,-33.86056900024414,151.17181396484375,13.0,20.2,-111,-1.85,False
2026-10-09T13:15:00+11:00,2424425,2508_230,-33.831111907958984,151.22157287597656,114.0,0.0,7,0.12,True
2026-10-09T13:15:00+11:00,2438286,7084_SW2,-33.91018295288086,151.17019653320312,235.0,0.4,-2881,-48.02,False
2026-10-09T13:15:00+11:00,2415794,2508_B1,-33.813148498535156,151.24407958984375,19.0,1.1,104,1.73,True
2026-10-09T13:15:00+11:00,2284096,2459_389,-33.8848762512207,151.2266082763672,268.0,31.3,238,3.97,True
2026-10-09T13:15:00+11:00,2329085,7083_SW3,-33.910057067871094,151.15530395507812,299.0,17.6,106,1.77,True
2026-10-09T13:15:00+11:00,2554336,2459_358,-33.9202995300293,151.23561096191406,181.0,0.0,-56,-0.93,True
2026-10-09T13:15:00+11:00,1870767,2459_412,-33.89147186279297,151.1825714111328,81.0,11.9,56,0.93,True
2026-10-09T13:15:00+11:00,2289908,2459_438X,-33.88756561279297,151.17190551757812,263.0,0.0,-6,-0.1,True
2026-10-09T13:15:00+11:00,2421362,2508_230,-33.83015060424805,151.21800231933594,276.0,1.1,240,4.0,True
2026-10-09T13:15:00+11:00,1973300,2508_162,-33.808998107910156,151.25579833984375,189.0,36.0,84,1.4,True
2026-10-09T13:15:00+11:00,2474875,2459_389,-33.88896179199219,151.2402801513672,167.0,32.4,-168,-2.8,False
2026-10-09T13:15:00+11:00,2287773,2459_348,-33.907752990722656,151.21768188476562,146.0,43.9,306,5.1,True
2026-10-09T13:15:00+11:00,2619986,2459_530,-33.796573638916016,151.18043518066406,169.0,0.0,0,0.0,True
2026-10-09T13:15:00+11:00,2710555,2504_607X,-33.860042572021484,151.20616149902344,196.0,59.8,76,1.27,True
2026-10-09T13:15:00+11:00,2287192,2459_423,-33.87516403198242,151.2096710205078,6.0,0.0,267,4.45,True
2026-10-09T13:15:00+11:00,2515116,2459_410,-33.863346099853516,151.10763549804688,28.0,40.3,462,7.7,False
2026-10-09T13:15:00+11:00,2515116_2,2459_410,-33.86091232299805,151.1044464111328,297.0,0.0,295,4.92,True
2026-10-09T13:15:00+11:00,2285850,2459_433,-33.861572265625,151.1714324951172,201.0,1.1,117,1.95,True
2026-10-09T13:15:00+11:00,2286045,2459_441,-33.86013412475586,151.17730712890625,7.0,19.4,-68,-1.13,False
2026-10-09T13:15:00+11:00,2613606,7084_SW2,-33.908966064453125,151.16094970703125,125.0,10.4,42,0.7,True
2026-10-09T13:15:00+11:00,2388810,2508_173X,-33.82405471801758,151.2418670654297,232.0,0.0,68,1.13,True
2026-10-09T13:15:00+11:00,2383315,2508_100,-33.82875061035156,151.244140625,173.0,14.0,-230,-3.83,False
2026-10-09T13:15:00+11:00,2209041,2459_464,-33.88851547241211,151.1265869140625,176.0,25.2,295,4.92,True
2026-10-09T13:15:00+11:00,2283041,2459_389,-33.87396240234375,151.21401977539062,282.0,18.4,170,2.83,True
2026-10-09T13:15:00+11:00,2285008,2459_441,-33.87086868286133,151.20603942871094,86.0,0.0,48,0.8,True
2026-10-09T13:15:00+11:00,2685920,2459_423,-33.88574981689453,151.1943359375,195.0,0.0,1358,22.63,False
2026-10-09T13:15:00+11:00,2392719,2508_114,-33.831119537353516,151.22140502929688,113.0,0.0,18,0.3,True
2026-10-09T13:15:00+11:00,2089389,2508_160X,-33.78757858276367,151.1817626953125,338.0,0.0,181,3.02,True
2026-10-09T13:15:00+11:00,2721156,2514_194,-33.813934326171875,151.2112579345703,294.0,34.9,114,1.9,True
2026-10-09T13:15:00+11:00,2714652,2508_144,-33.797428131103516,151.1781768798828,343.0,0.4,265,4.42,True
2026-10-09T13:15:00+11:00,2720142,2514_271,-33.809566497802734,151.20449829101562,189.0,26.3,121,2.02,True
2026-10-09T13:15:00+11:00,2736622,2459_428,-33.907039642333984,151.1264190673828,218.0,54.0,654,10.9,False
2026-10-09T13:15:00+11:00,2287294,2459_461X,-33.8831672668457,151.203857421875,216.0,25.6,-75,-1.25,False
2026-10-09T13:15:00+11:00,2376417,2508_144,-33.8139762878418,151.17721557617188,129.0,34.2,221,3.68,True
2026-10-09T13:15:00+11:00,2284948,2459_470,-33.866310119628906,151.2105255126953,99.0,2.9,295,4.92,True
2026-10-09T13:15:00+11:00,2288145,2459_438X,-33.87007522583008,151.13075256347656,130.0,0.0,308,5.13,True
2026-10-09T13:15:00+11:00,2038455,2459_440,-33.86307907104492,151.16885375976562,127.0,15.5,0,0.0,True
2026-10-09T13:15:00+11:00,2373887,2508_B1,-33.82392501831055,151.24195861816406,231.0,0.0,503,8.38,False
2026-10-09T13:15:00+11:00,2283595,2459_303,-33.924766540527344,151.21856689453125,191.0,0.0,73,1.22,True
2026-10-09T13:15:00+11:00,2609044,2459_430,-33.915401458740234,151.16622924804688,168.0,0.0,742,12.37,False
2026-10-09T13:15:00+11:00,2736592,2459_445,-33.87469482421875,151.15602111816406,174.0,0.0,-118,-1.97,False
2026-10-09T13:15:00+11:00,2636262,2459_504,-33.86681365966797,151.17529296875,133.0,30.6,577,9.62,False
2026-10-09T13:15:00+11:00,2454742,2508_225,-33.840999603271484,151.21913146972656,81.0,0.0,66,1.1,True
2026-10-09T13:15:00+11:00,2685929,2459_423,-33.88784408569336,151.19305419921875,227.0,33.8,115,1.92,True
2026-10-09T13:15:00+11:00,2037365,2459_469,-33.880088806152344,151.18724060058594,326.0,14.0,-237,-3.95,False
2026-10-09T13:15:00+11:00,2284218,2459_426,-33.88510513305664,151.19456481933594,20.0,14.0,154,2.57,True
2026-10-09T13:15:00+11:00,2383282,2508_100,-33.83012771606445,151.21868896484375,116.0,0.0,76,1.27,True
2026-10-09T13:15:00+11:00,2290660,2459_442,-33.8681755065918,151.17623901367188,157.0,25.6,-5,-0.08,True
2026-10-09T13:15:00+11:00,2383160,2508_100,-33.84197235107422,151.24359130859375,352.0,0.0,7,0.12,True
2026-10-09T13:15:00+11:00,2714688,2508_114,-33.82545852661133,151.19830322265625,321.0,3.2,161,2.68,True
2026-10-09T13:15:00+11:00,2288015,2459_437,-33.876861572265625,151.1359100341797,327.0,27.7,147,2.45,True
2026-10-09T13:15:00+11:00,2596152,2459_492,-33.873531341552734,151.12570190429688,41.0,0.0,1464,24.4,False
2026-10-09T13:15:00+11:00,2287482,2459_438X,-33.884315490722656,151.2010498046875,267.0,34.9,-110,-1.83,False
2026-10-09T13:15:00+11:00,2596145,2459_490,-33.8719482421875,151.127685546875,24.0,29.5,489,8.15,False
2026-10-09T13:15:00+11:00,2714728,2508_144,-33.824127197265625,151.24169921875,233.0,0.0,-20,-0.33,True
2026-10-09T13:15:00+11:00,2288001,2459_433,-33.87897491455078,151.1863250732422,327.0,39.2,231,3.85,True
2026-10-09T13:15:00+11:00,1959987,2459_408,-33.877376556396484,151.103271484375,101.0,0.0,310,5.17,True
2026-10-09T13:15:00+11:00,2736573,2459_445,-33.905696868896484,151.127685546875,216.0,31.0,-55,-0.92,True
2026-10-09T13:15:00+11:00,2287055,2459_438X,-33.883888244628906,151.1546630859375,266.0,7.2,48,0.8,True
2026-10-09T13:15:00+11:00,2618572,2459_422,-33.89436340332031,151.18260192871094,220.0,21.2,-26,-0.43,True
2026-10-09T13:15:00+11:00,2284101,2459_433,-33.87776565551758,151.17681884765625,164.0,34.6,176,2.93,True
2026-10-09T13:15:00+11:00,1963816,2459_412,-33.89348220825195,151.15762329101562,194.0,29.9,59,0.98,True
2026-10-09T13:15:00+11:00,2209607,2459_440,-33.88557815551758,151.15716552734375,348.0,0.0,420,7.0,False
2026-10-09T13:15:00+11:00,2375060,2508_144,-33.79704666137695,151.2509307861328,64.0,31.3,-199,-3.32,False
2026-10-09T13:15:00+11:00,2515037,2459_458,-33.874969482421875,151.10427856445312,188.0,11.9,0,0.0,True
2026-10-09T13:15:00+11:00,2720975,2514_194,-33.822811126708984,151.21031188964844,189.0,0.0,-145,-2.42,False
2026-10-09T13:15:00+11:00,2736620,2459_428,-33.89374542236328,151.18310546875,223.0,0.0,166,2.77,True
2026-10-09T13:15:00+11:00,2474495,2508_225,-33.8417854309082,151.22708129882812,340.0,33.1,-68,-1.13,False
2026-10-09T13:15:00+11:00,2349571,2459_418,-33.8955192565918,151.12774658203125,181.0,0.0,472,7.87,False
2026-10-09T13:15:00+11:00,2668037,2459_420,-33.92448425292969,151.18836975097656,278.0,0.0,0,0.0,True
2026-10-09T13:15:00+11:00,2208855,2459_464,-33.89385986328125,151.1140594482422,74.0,41.4,195,3.25,True
2026-10-09T13:15:00+11:00,2209193,2459_415,-33.86823654174805,151.1226348876953,9.0,32.4,21,0.35,True
2026-10-09T13:15:00+11:00,2596187,2459_490,-33.87450408935547,151.10414123535156,191.0,0.0,992,16.53,False
2026-10-09T13:15:00+11:00,2550451,2508_263,-33.832008361816406,151.2191619873047,8.0,0.0,532,8.87,False
2026-10-09T13:15:00+11:00,2474921,2459_389,-33.868865966796875,151.19345092773438,155.0,32.4,-20,-0.33,True
2026-10-09T13:15:00+11:00,2660515,2459_320,-33.906314849853516,151.20826721191406,24.0,33.5,-87,-1.45,False
2026-10-09T13:15:00+11:00,2714615,2508_144,-33.826194763183594,151.2327880859375,217.0,0.0,426,7.1,False
2026-10-09T13:15:00+11:00,2636219,2459_504,-33.84796142578125,151.1414031982422,222.0,0.0,0,0.0,True
2026-10-09T13:15:00+11:00,2036765,2459_440,-33.88420486450195,151.20115661621094,87.0,0.0,21,0.35,True
2026-10-09T13:15:00+11:00,2290686,2459_426,-33.865543365478516,151.2103729248047,217.0,0.0,0,0.0,True
2026-10-09T13:15:00+11:00,2208905,2459_530,-33.874610900878906,151.10414123535156,7.0,0.0,193,3.22,True
2026-10-09T13:15:00+11:00,2383266,2508_100,-33.85992431640625,151.20587158203125,24.0,60.1,-47,-0.78,True
2026-10-09T13:15:00+11:00,2608989,2459_430,-33.88011169433594,151.2071075439453,251.0,6.8,271,4.52,True
2026-10-09T13:15:00+11:00,2283429,2459_461X,-33.88976287841797,151.1500701904297,254.0,0.0,-59,-0.98,True
2026-10-09T13:15:00+11:00,2285724,2459_433,-33.8631706237793,151.17039489746094,24.0,0.0,92,1.53,True
2026-10-09T13:15:00+11:00,2383300,2508_100,-33.836639404296875,151.24632263183594,206.0,0.0,-62,-1.03,False
2026-10-09T13:15:00+11:00,2636179,2459_504,-33.873477935791016,151.21261596679688,187.0,0.0,44,0.73,True
2026-10-09T13:15:00+11:00,1962705,2459_413,-33.89905548095703,151.1122283935547,126.0,11.2,-17,-0.28,True
2026-10-09T13:15:00+11:00,1912303,2459_483,-33.890254974365234,151.1294708251953,84.0,0.0,205,3.42,True
2026-10-09T13:15:00+11:00,2349421,2459_418,-33.87744140625,151.1036376953125,192.0,19.4,146,2.43,True
2026-10-09T13:15:00+11:00,2286159,2459_438X,-33.88401412963867,151.15322875976562,266.0,41.8,716,11.93,False
2026-10-09T13:15:00+11:00,2287425,2459_426,-33.906734466552734,151.14598083496094,291.0,11.5,196,3.27,True
2026-10-09T13:15:00+11:00,2428511,2508_238,-33.84210968017578,151.24363708496094,350.0,4.7,227,3.78,True
2026-10-09T13:15:00+11:00,2285489,2459_480,-33.887516021728516,151.1050262451172,49.0,45.7,303,5.05,True
2026-10-09T13:15:00+11:00,2287712,2459_389,-33.87037658691406,151.19432067871094,334.0,29.2,122,2.03,True
2026-10-09T13:15:00+11:00,2287852,2459_389,-33.87495803833008,151.1982421875,250.0,37.8,824,13.73,False
2026-10-09T13:15:00+11:00,2677106,2503_M90,-33.87500762939453,151.1074981689453,6.0,0.0,0,0.0,True
2026-10-09T13:15:00+11:00,2289420,2459_418,-33.90418243408203,151.1399688720703,245.0,38.9,245,4.08,True
2026-10-09T13:15:00+11:00,2287266,2459_428,-33.89683151245117,151.14974975585938,106.0,0.0,240,4.0,True
2026-10-09T13:15:00+11:00,2377634,2508_243,-33.8187141418457,151.2350311279297,284.0,35.3,122,2.03,True
2026-10-09T13:15:00+11:00,2288824,2459_423,-33.926170349121094,151.1310577392578,69.0,28.1,191,3.18,True
2026-10-09T13:15:00+11:00,2290616,2459_423,-33.91509246826172,151.15164184570312,56.0,29.9,241,4.02,True
2026-10-09T13:15:00+11:00,2208631,2459_440,-33.89086151123047,151.24830627441406,97.0,0.0,0,0.0,True
2026-10-09T13:15:00+11:00,2590164,2508_280,-33.79267883300781,151.18191528320312,189.0,19.8,0,0.0,True
2026-10-09T13:15:00+11:00,2036764,2459_440,-33.883907318115234,151.2225341796875,114.0,27.7,-58,-0.97,True
2026-10-09T13:15:00+11:00,2736655,2459_308,-33.900848388671875,151.19314575195312,37.0,14.8,137,2.28,True
2026-10-09T13:15:00+11:00,2208530,2459_440,-33.88440704345703,151.19760131835938,267.0,0.0,417,6.95,False
2026-10-09T13:15:00+11:00,2714631,2508_114,-33.82853317260742,151.2480010986328,217.0,36.7,355,5.92,True
2026-10-09T13:15:00+11:00,2636246,2459_504,-33.859588623046875,151.16221618652344,316.0,65.9,90,1.5,True
2026-10-09T13:15:00+11:00,2285778,2459_438X,-33.86552429199219,151.2113494873047,18.0,35.3,23,0.38,True
2026-10-09T13:15:00+11:00,2620034,2459_530,-33.837127685546875,151.145263671875,184.0,58.3,444,7.4,False
2026-10-09T13:15:00+11:00,2036766,2459_440,-33.8876953125,151.15765380859375,174.0,0.0,144,2.4,True
2026-10-09T13:15:00+11:00,2714620,2508_144,-33.82427215576172,151.19717407226562,321.0,0.4,734,12.23,False
2026-10-09T13:15:00+11:00,2709299,2504_610X,-33.855220794677734,151.2087860107422,28.0,63.7,-72,-1.2,False
2026-10-09T13:15:00+11:00,2209677,2459_473,-33.93426513671875,151.147216796875,282.0,26.3,329,5.48,True
2026-10-09T13:15:00+11:00,2288104,2459_423,-33.88515090942383,151.19454956054688,20.0,8.6,460,7.67,False
2026-10-09T13:15:00+11:00,2383198,2508_100,-33.83158874511719,151.22335815429688,250.0,37.1,65,1.08,True
2026-10-09T13:15:00+11:00,2514843,2459_410,-33.87315368652344,151.10455322265625,190.0,7.2,-76,-1.27,False
2026-10-09T13:15:00+11:00,2660486,2459_320,-33.882686614990234,151.20791625976562,123.0,15.1,96,1.6,True
2026-10-09T13:15:00+11:00,2285346,2459_348,-33.91554641723633,151.17474365234375,241.0,19.8,591,9.85,False
2026-10-09T13:15:00+11:00,2484376,2459_480,-33.888004302978516,151.1664276123047,265.0,46.4,-106,-1.77,False
2026-10-09T13:15:00+11:00,2736868,2459_428,-33.89719009399414,151.15341186523438,324.0,22.0,285,4.75,True
2026-10-09T13:15:00+11:00,2377096,2508_144,-33.82755661010742,151.20068359375,142.0,0.0,187,3.12,True
2026-10-09T13:15:00+11:00,2570102,7083_SW1,-33.91606521606445,151.15000915527344,45.0,27.0,19,0.32,True
2026-10-09T13:15:00+11:00,2554070,2459_358,-33.92082977294922,151.1924591064453,99.0,0.0,123,2.05,True
2026-10-09T13:15:00+11:00,2708037,2504_607X,-33.84113693237305,151.2105255126953,346.0,66.6,154,2.57,True
2026-10-09T13:15:00+11:00,2685930,2459_423,-33.89701843261719,151.1793975830078,214.0,33.1,244,4.07,True
2026-10-09T13:15:00+11:00,2286721,2459_348,-33.91551971435547,151.1655731201172,8.0,0.0,314,5.23,True
2026-10-09T13:15:00+11:00,2736870,2459_308,-33.892433166503906,151.20074462890625,276.0,5.0,241,4.02,True
2026-10-09T13:15:00+11:00,2208854,2459_464,-33.862003326416016,151.10682678222656,119.0,36.4,133,2.22,True
2026-10-09T13:15:00+11:00,2289785,2459_426,-33.909576416015625,151.162353515625,36.0,16.2,141,2.35,True
2026-10-09T13:15:00+11:00,2714653,2508_144,-33.82369613647461,151.19332885742188,250.0,28.4,81,1.35,True
2026-10-09T13:15:00+11:00,2288017,2459_437,-33.87251281738281,151.2064971923828,180.0,0.0,0,0.0,True
2026-10-09T13:15:00+11:00,2284614,2459_433,-33.8802490234375,151.17941284179688,108.0,0.0,623,10.38,False
2026-10-09T13:15:00+11:00,2635915,2459_504,-33.85511779785156,151.15855407714844,142.0,43.6,66,1.1,True
2026-10-09T13:15:00+11:00,2319390,7083_SW3,-33.91487503051758,151.16529846191406,219.0,15.5,878,14.63,False
2026-10-09T13:15:00+11:00,2415634,2508_B1,-33.80436325073242,151.24606323242188,351.0,0.0,382,6.37,False
2026-10-09T13:15:00+11:00,2038723,2459_470,-33.88458251953125,151.1932830810547,92.0,0.0,-34,-0.57,True
2026-10-09T13:15:00+11:00,1963817,2459_412,-33.86549377441406,151.21041870117188,218.0,0.0,416,6.93,False
2026-10-09T13:15:00+11:00,2284518,2459_423,-33.90964889526367,151.1622772216797,35.0,16.9,450,7.5,False
2026-10-09T13:15:00+11:00,2596260,2459_490,-33.86750411987305,151.13673400878906,251.0,38.5,188,3.13,True
2026-10-09T13:15:00+11:00,2285685,2459_422,-33.88328170776367,151.20372009277344,48.0,14.4,-264,-4.4,False
2026-10-09T13:15:00+11:00,2613595,7084_SW2,-33.902870178222656,151.14317321777344,60.0,43.6,-262,-4.37,False
2026-10-09T13:15:00+11:00,2317250,7084_SW2,-33.90409851074219,151.1404266357422,245.0,39.6,78,1.3,True
2026-10-09T13:15:00+11:00,2290730,2459_422,-33.907264709472656,151.1814727783203,9.0,0.0,356,5.93,True
2026-10-09T13:15:00+11:00,2685923,2459_423,-33.865909576416016,151.21011352539062,184.0,1.1,0,0.0,True
2026-10-09T13:15:00+11:00,2736701,2459_445,-33.85806655883789,151.18359375,112.0,0.0,182,3.03,True
2026-10-09T13:15:00+11:00,2376602,2508_144,-33.829376220703125,151.22789001464844,46.0,18.0,121,2.02,True
2026-10-09T13:15:00+11:00,2710117,2504_610X,-33.8700065612793,151.2061767578125,174.0,0.0,39,0.65,True
2026-10-09T13:15:00+11:00,2288844,2459_437,-33.883338928222656,151.15708923339844,174.0,15.5,198,3.3,True
2026-10-09T13:15:00+11:00,1961268,2459_412,-33.87849044799805,151.2073211669922,12.0,0.0,-133,-2.22,False
2026-10-09T13:15:00+11:00,2421445,2508_230,-33.84907913208008,151.21331787109375,156.0,16.9,-37,-0.62,True
2026-10-09T13:15:00+11:00,2668060,2459_420,-33.880794525146484,151.1030731201172,11.0,11.9,-79,-1.32,False
2026-10-09T13:15:00+11:00,2618170,2508_263,-33.83277130126953,151.21905517578125,189.0,28.8,70,1.17,True
2026-10-09T13:15:00+11:00,2287410,2459_428,-33.895301818847656,151.18162536621094,37.0,0.0,83,1.38,True
2026-10-09T13:15:00+11:00,2636257,2459_415,-33.86039733886719,151.1309051513672,190.0,54.4,233,3.88,True
2026-10-09T13:15:00+11:00,2484378,2459_483,-33.88850021362305,151.11679077148438,274.0,36.0,186,3.1,True
2026-10-09T13:15:00+11:00,2039029,2459_470,-33.8768196105957,151.20945739746094,3.0,33.8,-120,-2.0,False
2026-10-09T13:15:00+11:00,2209317,2459_487,-33.917274475097656,151.12840270996094,278.0,34.6,110,1.83,True
2026-10-09T13:15:00+11:00,2632146,2510_301,-33.915802001953125,151.2075958251953,106.0,25.6,586,9.77,False
2026-10-09T13:15:00+11:00,2374365,2508_173X,-33.79420852661133,151.26416015625,100.0,34.6,506,8.43,False
2026-10-09T13:15:00+11:00,2288851,2459_502,-33.850040435791016,151.11331176757812,23.0,0.0,59,0.98,True
2026-10-09T13:15:00+11:00,2289730,2459_426,-33.88752746582031,151.1934051513672,216.0,7.6,420,7.0,False
2026-10-09T13:15:00+11:00,2660318,2459_320,-33.88179397583008,151.20623779296875,303.0,9.0,138,2.3,True
2026-10-09T13:15:00+11:00,2596431,2459_491,-33.876556396484375,151.1295166015625,341.0,31.3,46,0.77,True
2026-10-09T13:15:00+11:00,2383209,2508_100,-33.82891845703125,151.2286834716797,240.0,35.3,659,10.98,False
2026-10-09T13:15:00+11:00,2209731,2459_440,-33.888023376464844,151.2313995361328,318.0,33.1,-7,-0.12,True
2026-10-09T13:15:00+11:00,2309029,2459_445,-33.884185791015625,151.1501922607422,267.0,0.0,-67,-1.12,False
2026-10-09T13:15:00+11:00,2208131,2459_530,-33.840660095214844,151.1464080810547,322.0,70.6,389,6.48,False
2026-10-09T13:15:00+11:00,2038724,2459_470,-33.88088607788086,151.1691131591797,109.0,32.0,12,0.2,True
2026-10-09T13:15:00+11:00,2375659,2508_B1,-33.80073165893555,151.2467803955078,220.0,44.6,74,1.23,True
2026-10-09T13:15:00+11:00,2290595,2459_438X,-33.84518051147461,151.12844848632812,0.0,0.0,468,7.8,False
2026-10-09T13:15:00+11:00,2289986,2459_470,-33.865047454833984,151.2097625732422,227.0,0.0,0,0.0,True
2026-10-09T13:15:00+11:00,2721168,2514_271,-33.87123107910156,151.20632934570312,174.0,14.8,99,1.65,True
2026-10-09T13:15:00+11:00,2415796,2508_B1,-33.85166931152344,151.2111358642578,28.0,67.7,-90,-1.5,False
2026-10-09T13:15:00+11:00,2285777,2459_461X,-33.87132263183594,151.21653747558594,43.0,0.0,288,4.8,True
2026-10-09T13:15:00+11:00,2285694,2459_470,-33.88396453857422,151.1793212890625,237.0,37.8,52,0.87,True
2026-10-09T13:15:00+11:00,2288825,2459_431,-33.88306427001953,151.20396423339844,51.0,11.5,168,2.8,True
2026-10-09T13:15:00+11:00,2711079,2504_610X,-33.86840057373047,151.20599365234375,174.0,0.0,0,0.0,True
2026-10-09T13:15:00+11:00,2289048,2459_442,-33.85702133178711,151.19554138183594,77.0,0.0,0,0.0,True
2026-10-09T13:15:00+11:00,2283237,2459_348,-33.91458511352539,151.22532653808594,340.0,24.1,299,4.98,True
2026-10-09T13:15:00+11:00,2287426,2459_438X,-33.88413619995117,151.2012176513672,86.0,32.8,-59,-0.98,True
2026-10-09T13:15:00+11:00,2554272,2459_358,-33.91923522949219,151.16925048828125,250.0,18.0,618,10.3,False
2026-10-09T13:15:00+11:00,2290452,2459_431,-33.88323211669922,151.19113159179688,311.0,12.6,61,1.02,True
2026-10-09T13:15:00+11:00,2285166,2459_437,-33.87352752685547,151.15541076660156,289.0,0.0,299,4.98,True
2026-10-09T13:15:00+11:00,2474929,2459_389,-33.878936767578125,151.2187042236328,95.0,0.0,-9,-0.15,True
2026-10-09T13:15:00+11:00,2290459,2459_389,-33.88994598388672,151.24058532714844,265.0,2.9,41,0.68,True
2026-10-09T13:15:00+11:00,2632181,2510_301,-33.93877029418945,151.21331787109375,304.0,52.2,64,1.07,True
2026-10-09T13:15:00+11:00,2285397,2459_422,-33.88273239135742,151.2046356201172,232.0,1.8,175,2.92,True
2026-10-09T13:15:00+11:00,2284793,2459_461X,-33.88524627685547,151.18392944335938,77.0,9.0,-118,-1.97,False
2026-10-09T13:15:00+11:00,2718905,2514_141,-33.79507064819336,151.27015686035156,272.0,31.3,178,2.97,True
2026-10-09T13:15:00+11:00,2283133,2459_442,-33.858009338378906,151.18296813964844,290.0,0.0,65,1.08,True
2026-10-09T13:15:00+11:00,2618626,2459_422,-33.88015365600586,151.20741271972656,283.0,16.9,70,1.17,True
2026-10-09T13:15:00+11:00,2554287,2459_358,-33.9210319519043,151.19302368164062,278.0,16.2,75,1.25,True
2026-10-09T13:15:00+11:00,2376921,2508_111,-33.82790756225586,151.2611083984375,265.0,17.6,356,5.93,True
2026-10-09T13:15:00+11:00,2290352,2459_406,-33.89777374267578,151.12965393066406,295.0,9.4,-124,-2.07,False
2026-10-09T13:15:00+11:00,2475094,2459_389,-33.87415313720703,151.1964874267578,155.0,35.3,162,2.7,True
2026-10-09T13:15:00+11:00,2596409,2459_491,-33.88574981689453,151.12364196777344,120.0,42.8,57,0.95,True
2026-10-09T13:15:00+11:00,2285391,2459_442,-33.857059478759766,151.1953582763672,76.0,1.4,0,0.0,True
2026-10-09T13:15:00+11:00,2319194,7083_SW3,-33.905967712402344,151.14512634277344,318.0,21.6,1220,20.33,False
2026-10-09T13:15:00+11:00,2721278,2514_270,-33.80125427246094,151.21115112304688,339.0,48.2,-129,-2.15,False
2026-10-09T13:15:00+11:00,2721358,2514_277,-33.785221099853516,151.1922607421875,339.0,0.0,205,3.42,True
2026-10-09T13:15:00+11:00,2484404,2459_483,-33.88288879394531,151.20416259765625,247.0,18.4,123,2.05,True
2026-10-09T13:15:00+11:00,2284489,2459_422,-33.911468505859375,151.179931640625,203.0,10.1,409,6.82,False
2026-10-09T13:15:00+11:00,2686001,2459_423,-33.881370544433594,151.20611572265625,227.0,15.1,-65,-1.08,False
2026-10-09T13:15:00+11:00,2374475,2508_B1,-33.82154083251953,151.24395751953125,186.0,38.5,228,3.8,True
2026-10-09T13:15:00+11:00,2596214,2459_492,-33.87568664550781,151.1104278564453,91.0,4.7,18,0.3,True
2026-10-09T13:15:00+11:00,2288130,2459_438X,-33.8675537109375,151.21060180664062,185.0,1.1,56,0.93,True
2026-10-09T13:15:00+11:00,2642874,2507_52,-33.83634567260742,151.12892150878906,118.0,43.9,477,7.95,False
2026-10-09T13:15:00+11:00,2634533,2507_254,-33.82509231567383,151.19821166992188,329.0,27.0,-70,-1.17,False
2026-10-09T13:15:00+11:00,2621472,2507_252,-33.817527770996094,151.15155029296875,190.0,39.6,51,0.85,True
2026-10-09T13:15:00+11:00,2654374,2507_52,-33.85775375366211,151.16049194335938,329.0,60.8,257,4.28,True
2026-10-09T13:15:00+11:00,2643236,2507_120,-33.80125427246094,151.19874572753906,188.0,6.8,7,0.12,True
2026-10-09T13:15:00+11:00,2643026,2507_120,-33.86643600463867,151.20578002929688,174.0,31.3,175,2.92,True
2026-10-09T13:15:00+11:00,2744620,2507_292,-33.80154037475586,151.1455078125,210.0,0.0,603,10.05,False
2026-10-09T13:15:00+11:00,2644758,2507_120,-33.86540222167969,151.20489501953125,353.0,0.0,324,5.4,True
2026-10-09T13:15:00+11:00,2744762,2507_292,-33.865142822265625,151.2050018310547,262.0,23.4,-303,-5.05,False
2026-10-09T13:15:00+11:00,2644314,2507_501,-33.881126403808594,151.20639038085938,217.0,0.0,0,0.0,True
2026-10-09T13:15:00+11:00,2643370,2507_202,-33.81061553955078,151.22471618652344,280.0,33.5,1,0.02,True
2026-10-09T13:15:00+11:00,2682143,2507_202,-33.86389923095703,151.21029663085938,6.0,0.0,9,0.15,True
2026-10-09T13:15:00+11:00,2644070,2507_501,-33.83237838745117,151.126953125,357.0,25.6,-213,-3.55,False
2026-10-09T13:15:00+11:00,2644052,2507_501,-33.866737365722656,151.1752166748047,134.0,5.0,331,5.52,True
2026-10-09T13:15:00+11:00,2555480,2507_538,-33.83830261230469,151.17617797851562,173.0,0.0,16,0.27,True
2026-10-09T13:15:00+11:00,2634550,2507_254,-33.828575134277344,151.2014923095703,149.0,37.4,341,5.68,True
2026-10-09T13:15:00+11:00,2672466,2507_267,-33.84183120727539,151.1810760498047,321.0,0.0,56,0.93,True
2026-10-09T13:15:00+11:00,2621404,2507_288,-33.8068962097168,151.15414428710938,146.0,50.8,182,3.03,True
2026-10-09T13:15:00+11:00,2230223,2507_113,-33.79764175415039,151.17861938476562,248.0,0.0,142,2.37,True
2026-10-09T13:15:00+11:00,2744616,2507_292,-33.810855865478516,151.16407775878906,286.0,0.0,-105,-1.75,False
2026-10-09T13:15:00+11:00,2407865,2507_252,-33.83023452758789,151.12640380859375,58.0,0.0,37,0.62,True
2026-10-09T13:15:00+11:00,2645041,2507_120,-33.85004425048828,151.21226501464844,208.0,64.1,-33,-0.55,True
2026-10-09T13:15:00+11:00,2654482,2507_52,-33.874385833740234,151.198974609375,257.0,58.3,112,1.87,True
2026-10-09T13:15:00+11:00,2407779,2507_261,-33.84064865112305,151.20640563964844,3.0,22.7,416,6.93,False
2026-10-09T13:15:00+11:00,2672414,2507_115,-33.79633712768555,151.18089294433594,189.0,0.0,0,0.0,True
2026-10-09T13:15:00+11:00,2621592,2507_516,-33.79768753051758,151.1782989501953,327.0,5.0,364,6.07,False
2026-10-09T13:15:00+11:00,2644869,2507_501,-33.87158203125,151.19302368164062,137.0,0.0,130,2.17,True
2026-10-09T13:15:00+11:00,2643997,2507_501,-33.83652114868164,151.12948608398438,114.0,40.7,230,3.83,True
2026-10-09T13:15:00+11:00,2441721,2507_207,-33.79204559326172,151.20704650878906,342.0,34.9,-231,-3.85,False
2026-10-09T13:15:00+11:00,2682175,2507_202,-33.86335372924805,151.20559692382812,270.0,0.0,469,7.82,False
2026-10-09T13:15:00+11:00,2634518,2507_261,-33.814552307128906,151.16993713378906,170.0,8.6,0,0.0,True
2026-10-09T13:15:00+11:00,2672264,2507_115,-33.80320739746094,151.198486328125,183.0,0.0,251,4.18,True
2026-10-09T13:15:00+11:00,2407586,2507_252,-33.812347412109375,151.17161560058594,83.0,1.8,195,3.25,True
2026-10-09T13:15:00+11:00,2644523,2507_207,-33.86465835571289,151.20950317382812,171.0,0.0,26,0.43,True
2026-10-09T13:15:00+11:00,2643692,2507_207,-33.83536911010742,151.2076416015625,191.0,39.2,26,0.43,True
2026-10-09T13:15:00+11:00,2643794,2507_120,-33.797767639160156,151.19789123535156,338.0,0.0,187,3.12,True
2026-10-09T13:15:00+11:00,2407151,2507_265,-33.82051467895508,151.17715454101562,100.0,33.8,-19,-0.32,True
2026-10-09T13:15:00+11:00,2645035,2507_52,-33.872764587402344,151.2055206298828,84.0,20.2,-329,-5.48,False
2026-10-09T13:15:00+11:00,2555509,2507_265,-33.839439392089844,151.1973114013672,277.0,0.0,131,2.18,True
2026-10-09T13:15:00+11:00,2555439,2507_291,-33.848785400390625,151.20619201660156,204.0,4.7,44,0.73,True
2026-10-09T13:15:00+11:00,2538330,2507_506,-33.83374786376953,151.14476013183594,99.0,3.6,814,13.57,False
2026-10-09T13:15:00+11:00,2672301,2507_115,-33.83769607543945,151.20712280273438,189.0,34.6,478,7.97,False
2026-10-09T13:15:00+11:00,2643679,2507_120,-33.7956657409668,151.18121337890625,218.0,16.9,-119,-1.98,False
2026-10-09T13:15:00+11:00,2226232,2507_288,-33.86875534057617,151.20509338378906,86.0,11.2,112,1.87,True
2026-10-09T13:15:00+11:00,2538618,2507_506,-33.80937957763672,151.13211059570312,312.0,37.4,-110,-1.83,False
2026-10-09T13:15:00+11:00,2322351,2507_506,-33.86347198486328,151.16937255859375,307.0,41.4,-110,-1.83,False
2026-10-09T13:15:00+11:00,2564623,2509_350,-33.94609069824219,151.24301147460938,255.0,0.0,146,2.43,True
2026-10-09T13:15:00+11:00,2564761,2509_333,-33.891136169433594,151.2742462158203,224.0,0.0,40,0.67,True
2026-10-09T13:15:00+11:00,2139530,2509_375,-33.948055267333984,151.25491333007812,225.0,18.0,-33,-0.55,True
2026-10-09T13:15:00+11:00,2434963,2509_390X,-33.90922546386719,151.24411010742188,231.0,0.0,125,2.08,True
2026-10-09T13:15:00+11:00,2575735,2509_374,-33.919578552246094,151.25723266601562,189.0,0.0,96,1.6,True
2026-10-09T13:15:00+11:00,2533547,2509_381,-33.89969253540039,151.27081298828125,259.0,21.6,244,4.07,True
2026-10-09T13:15:00+11:00,2356407,2509_373,-33.91044235229492,151.23951721191406,188.0,0.0,370,6.17,False
2026-10-09T13:15:00+11:00,2674969,2509_309,-33.89433288574219,151.19949340820312,200.0,11.9,49,0.82,True
2026-10-09T13:15:00+11:00,2564576,2509_350,-33.940895080566406,151.26019287109375,306.0,40.7,110,1.83,True
2026-10-09T13:15:00+11:00,2628656,2509_304,-33.87306213378906,151.20993041992188,193.0,0.0,191,3.18,True
2026-10-09T13:15:00+11:00,2740260,2509_370,-33.8727912902832,151.1813507080078,79.0,9.4,-2,-0.03,True
2026-10-09T13:15:00+11:00,2564905,2509_333,-33.88877868652344,151.2773895263672,83.0,0.0,134,2.23,True
2026-10-09T13:15:00+11:00,2740194,2509_370,-33.89656448364258,151.1798553466797,238.0,30.2,271,4.52,True
2026-10-09T13:15:00+11:00,2565021,2509_333,-33.86400604248047,151.2117919921875,16.0,13.0,227,3.78,True
2026-10-09T13:15:00+11:00,2565148,2509_333,-33.889766693115234,151.28115844726562,83.0,37.1,-231,-3.85,False
2026-10-09T13:15:00+11:00,2564884,2509_350,-33.9324836730957,151.18594360351562,194.0,35.6,300,5.0,True
2026-10-09T13:15:00+11:00,2533779,2509_327,-33.89070129394531,151.25405883789062,233.0,31.0,-41,-0.68,True
2026-10-09T13:15:00+11:00,2335891,2509_309,-33.941802978515625,151.19517517089844,355.0,34.2,-60,-1.0,False
2026-10-09T13:15:00+11:00,2534163,2509_355,-33.90178298950195,151.16961669921875,26.0,5.0,206,3.43,True
2026-10-09T13:15:00+11:00,2533641,2509_325,-33.86909103393555,151.20462036132812,356.0,0.0,134,2.23,True
2026-10-09T13:15:00+11:00,2357181,2509_370,-33.91938781738281,151.24700927734375,279.0,36.7,55,0.92,True
2026-10-09T13:15:00+11:00,2403180,2509_311,-33.87189865112305,151.22796630859375,113.0,18.4,47,0.78,True
2026-10-09T13:15:00+11:00,2533592,2509_355,-33.89969253540039,151.19927978515625,164.0,39.6,228,3.8,True
2026-10-09T13:15:00+11:00,2140155,2509_375,-33.955543518066406,151.23109436035156,247.0,0.7,562,9.37,False
2026-10-09T13:15:00+11:00,2141085,2509_306,-33.92997741699219,151.19650268554688,279.0,36.0,296,4.93,True
2026-10-09T13:15:00+11:00,2152032,2509_333,-33.86879348754883,151.21823120117188,335.0,0.0,0,0.0,True
2026-10-09T13:15:00+11:00,2534298,2509_362,-33.87485122680664,151.27264404296875,27.0,20.5,169,2.82,True
2026-10-09T13:15:00+11:00,2470806,2509_356,-33.941829681396484,151.24143981933594,94.0,0.0,246,4.1,True
2026-10-09T13:15:00+11:00,2357281,2509_373,-33.9197998046875,151.25714111328125,190.0,0.0,0,0.0,True
2026-10-09T13:15:00+11:00,2403114,2509_311,-33.85852813720703,151.20469665527344,276.0,0.0,54,0.9,True
2026-10-09T13:15:00+11:00,2346407,2509_390X,-33.912784576416016,151.23951721191406,341.0,29.5,262,4.37,True
2026-10-09T13:15:00+11:00,2564948,2509_350,-33.934715270996094,151.258056640625,183.0,33.5,104,1.73,True
2026-10-09T13:15:00+11:00,2532182,2509_325,-33.87455368041992,151.2176055908203,102.0,40.3,-227,-3.78,False
2026-10-09T13:15:00+11:00,2357625,2509_370,-33.891387939453125,151.18826293945312,43.0,0.0,265,4.42,True
2026-10-09T13:15:00+11:00,2533842,2509_352,-33.88321304321289,151.21444702148438,188.0,0.0,-30,-0.5,True
2026-10-09T13:15:00+11:00,2434612,2509_390X,-33.92852020263672,151.23385620117188,125.0,42.5,384,6.4,False
2026-10-09T13:15:00+11:00,2548505,2509_328,-33.87287139892578,151.23797607421875,183.0,12.6,185,3.08,True
2026-10-09T13:15:00+11:00,2564621,2509_350,-33.944801330566406,151.22100830078125,143.0,5.8,13,0.22,True
2026-10-09T13:15:00+11:00,2352271,2509_356,-33.91958999633789,151.2426300048828,166.0,20.2,101,1.68,True
2026-10-09T13:15:00+11:00,2151562,2509_333,-33.87254333496094,151.2100067138672,185.0,38.9,-47,-0.78,True
2026-10-09T13:15:00+11:00,2151985,2509_333,-33.89471435546875,151.2689208984375,101.0,33.1,67,1.12,True
2026-10-09T13:15:00+11:00,2532428,2509_380,-33.89202117919922,151.25035095214844,259.0,0.0,593,9.88,False
2026-10-09T13:15:00+11:00,2740180,2509_370,-33.90301513671875,151.2019500732422,156.0,31.3,-58,-0.97,True
2026-10-09T13:15:00+11:00,2140272,2509_396,-33.92372512817383,151.22772216796875,156.0,0.0,457,7.62,False
2026-10-09T13:15:00+11:00,2410354,2509_392,-33.90234375,151.20790100097656,40.0,0.0,-56,-0.93,True
2026-10-09T13:15:00+11:00,2564831,2509_333,-33.87805938720703,151.2137451171875,315.0,32.4,293,4.88,True
2026-10-09T13:15:00+11:00,2139332,2509_396,-33.940940856933594,151.2388458251953,348.0,0.0,85,1.42,True
2026-10-09T13:15:00+11:00,2628787,2509_304,-33.89923858642578,151.2120361328125,275.0,0.0,164,2.73,True
2026-10-09T13:15:00+11:00,2563899,2509_379,-33.889095306396484,151.2581024169922,120.0,0.0,-37,-0.62,True
2026-10-09T13:15:00+11:00,2564857,2509_333,-33.892059326171875,151.25010681152344,259.0,0.0,38,0.63,True
2026-10-09T13:15:00+11:00,2352525,2509_307,-33.9245719909668,151.18910217285156,100.0,38.2,229,3.82,True
2026-10-09T13:15:00+11:00,2152086,2509_333,-33.8916015625,151.24671936035156,108.0,0.0,52,0.87,True
2026-10-09T13:15:00+11:00,2533732,2509_352,-33.891395568847656,151.248779296875,99.0,0.0,0,0.0,True
2026-10-09T13:15:00+11:00,2346298,2509_390X,-33.9012565612793,151.2541046142578,334.0,13.7,583,9.72,False
2026-10-09T13:15:00+11:00,2532105,2509_386,-33.8731803894043,151.2733917236328,140.0,0.0,10,0.17,True
2026-10-09T13:15:00+11:00,2410298,2509_392,-33.91209030151367,151.2233428955078,320.0,0.4,29,0.48,True
2026-10-09T13:15:00+11:00,2151429,2509_333,-33.89127731323242,151.24563598632812,109.0,24.5,370,6.17,False
2026-10-09T13:15:00+11:00,2356157,2509_373,-33.9158821105957,151.2405242919922,335.0,0.0,-28,-0.47,True
2026-10-09T13:15:00+11:00,2356234,2509_370,-33.909732818603516,151.20249938964844,196.0,23.0,10,0.17,True
2026-10-09T13:15:00+11:00,2488391,2509_392,-33.89323043823242,151.19908142089844,21.0,0.0,0,0.0,True
2026-10-09T13:15:00+11:00,2352588,2509_392,-33.95367431640625,151.23057556152344,211.0,18.7,431,7.18,False
2026-10-09T13:15:00+11:00,2628760,2509_304,-33.88554382324219,151.2139129638672,10.0,0.0,198,3.3,True
2026-10-09T13:15:00+11:00,2533306,2509_325,-33.87167739868164,151.26597595214844,69.0,29.5,51,0.85,True
2026-10-09T13:15:00+11:00,2488469,2509_392,-33.903831481933594,151.2139892578125,100.0,0.0,305,5.08,True
2026-10-09T13:15:00+11:00,2628771,2509_304,-33.88532257080078,151.21401977539062,189.0,0.0,368,6.13,False
2026-10-09T13:15:00+11:00,2564037,2509_379,-33.90668869018555,151.2666015625,278.0,44.3,8,0.13,True
2026-10-09T13:15:00+11:00,2533303,2509_324,-33.879024505615234,151.23716735839844,103.0,0.0,-88,-1.47,False
2026-10-09T13:15:00+11:00,2138825,2509_396,-33.91669845581055,151.22576904296875,354.0,22.3,46,0.77,True
2026-10-09T13:15:00+11:00,2136763,2509_396,-33.91474151611328,151.2255859375,170.0,0.0,109,1.82,True
2026-10-09T13:15:00+11:00,2532830,2509_380,-33.88908004760742,151.27745056152344,273.0,20.9,560,9.33,False
2026-10-09T13:15:00+11:00,2357043,2509_370,-33.9149055480957,151.2259063720703,280.0,0.0,57,0.95,True
2026-10-09T13:15:00+11:00,2488408,2509_392,-33.891746520996094,151.20050048828125,101.0,0.0,0,0.0,True
2026-10-09T13:15:00+11:00,2564549,2509_333,-33.890499114990234,151.24301147460938,288.0,29.2,465,7.75,False
2026-10-09T13:15:00+11:00,2300879,2509_399,-33.9440803527832,151.2401885986328,168.0,31.7,408,6.8,False
2026-10-09T13:15:00+11:00,2352704,2509_356,-33.94026184082031,151.2295379638672,279.0,35.3,1146,19.1,False
2026-10-09T13:15:00+11:00,2740253,2509_370,-33.916839599609375,151.23890686035156,100.0,36.0,-108,-1.8,False
2026-10-09T13:15:00+11:00,2564658,2509_333,-33.89351272583008,151.2606964111328,279.0,29.5,-81,-1.35,False
2026-10-09T13:15:00+11:00,2675143,2509_309,-33.89345932006836,151.1989288330078,20.0,0.0,64,1.07,True
2026-10-09T13:15:00+11:00,2151927,2509_333,-33.876869201660156,151.2113494873047,91.0,30.6,139,2.32,True
2026-10-09T13:15:00+11:00,2357246,2509_370,-33.9255256652832,151.22824096679688,343.0,0.0,0,0.0,True
2026-10-09T13:15:00+11:00,2139552,2509_306,-33.93165969848633,151.2098388671875,98.0,43.9,404,6.73,False
2026-10-09T13:15:00+11:00,2139180,2509_396,-33.86872863769531,151.21047973632812,186.0,0.0,719,11.98,False
2026-10-09T13:15:00+11:00,2352506,2509_307,-33.94119644165039,151.22811889648438,201.0,0.0,-50,-0.83,True
2026-10-09T13:15:00+11:00,2740179,2509_370,-33.881752014160156,151.18824768066406,132.0,38.2,285,4.75,True
2026-10-09T13:15:00+11:00,2356877,2509_343,-33.88766860961914,151.20645141601562,10.0,37.1,-4,-0.07,True
2026-10-09T13:15:00+11:00,2346340,2509_390X,-33.90071105957031,151.2537384033203,332.0,0.0,47,0.78,True
2026-10-09T13:15:00+11:00,2357429,2509_370,-33.914146423339844,151.2255401611328,171.0,15.1,-36,-0.6,True
2026-10-09T13:15:00+11:00,2356743,2509_343,-33.90478515625,151.2056121826172,150.0,21.2,242,4.03,True
2026-10-09T13:15:00+11:00,2346297,2509_390X,-33.91559982299805,151.22561645507812,352.0,37.1,327,5.45,True
2026-10-09T13:15:00+11:00,2356943,2509_373,-33.9202766418457,151.2570343017578,189.0,4.3,0,0.0,True
2026-10-09T13:15:00+11:00,2551649,2509_379,-33.89600372314453,151.25106811523438,157.0,1.1,-55,-0.92,True
2026-10-09T13:15:00+11:00,2564570,2509_350,-33.93479919433594,151.2008819580078,304.0,32.8,268,4.47,True
2026-10-09T13:15:00+11:00,2488378,2509_392,-33.945274353027344,151.2262725830078,187.0,0.0,228,3.8,True
2026-10-09T13:15:00+11:00,2396575,2509_392,-33.95148849487305,151.23155212402344,355.0,34.6,106,1.77,True
2026-10-09T13:15:00+11:00,2151641,2509_333,-33.89116668701172,151.25318908691406,72.0,0.0,237,3.95,True
2026-10-09T13:15:00+11:00,2564550,2509_350,-33.94230651855469,151.23927307128906,349.0,2.9,628,10.47,False
2026-10-09T13:15:00+11:00,2137078,2509_396,-33.86204528808594,151.2112274169922,6.0,0.0,0,0.0,True
2026-10-09T13:15:00+11:00,2531149,2509_324,-33.855873107910156,151.2068634033203,46.0,0.0,0,0.0,True
2026-10-09T13:15:00+11:00,2534387,2509_313,-33.9122200012207,151.24957275390625,175.0,35.3,178,2.97,True
2026-10-09T13:15:00+11:00,2356758,2509_370,-33.904701232910156,151.18971252441406,210.0,6.8,-66,-1.1,False
2026-10-09T13:15:00+11:00,2564591,2509_350,-33.904579162597656,151.25396728515625,13.0,12.2,-128,-2.13,False
2026-10-09T13:15:00+11:00,2532094,2509_313,-33.92253112792969,151.2525177001953,310.0,32.4,286,4.77,True
2026-10-09T13:15:00+11:00,2575710,2509_374,-33.904666900634766,151.22679138183594,297.0,0.4,164,2.73,True
2026-10-09T13:15:00+11:00,2139160,2509_306,-33.905029296875,151.2027587890625,171.0,26.3,337,5.62,True
2026-10-09T13:15:00+11:00,2675066,2509_309,-33.930137634277344,151.194580078125,195.0,29.5,445,7.42,False
2026-10-09T13:15:00+11:00,2628721,2509_304,-33.90654373168945,151.211181640625,228.0,0.0,62,1.03,True
2026-10-09T13:15:00+11:00,2356761,2509_343,-33.88484191894531,151.20809936523438,178.0,10.8,126,2.1,True
2026-10-09T13:15:00+11:00,2565017,2509_333,-33.89079666137695,151.24403381347656,290.0,27.7,124,2.07,True
2026-10-09T13:15:00+11:00,2357293,2509_374,-33.89299392700195,151.21861267089844,127.0,0.0,706,11.77,False
2026-10-09T13:15:00+11:00,2352202,2509_356,-33.89085388183594,151.2482147216797,277.0,0.0,0,0.0,True
2026-10-09T13:15:00+11:00,2628612,2509_304,-33.86263656616211,151.21200561523438,9.0,0.0,0,0.0,True
2026-10-09T13:15:00+11:00,2434499,2509_390X,-33.915016174316406,151.22584533691406,279.0,11.9,430,7.17,False
2026-10-09T13:15:00+11:00,2531894,2509_362,-33.91940689086914,151.2571258544922,10.0,0.0,0,0.0,True
2026-10-09T13:15:00+11:00,2564962,2509_350,-33.94495391845703,151.2212371826172,141.0,5.4,615,10.25,False
2026-10-09T13:15:00+11:00,2357300,2509_373,-33.87902069091797,151.2149200439453,314.0,37.1,54,0.9,True
2026-10-09T13:15:00+11:00,2352659,2509_392,-33.907310485839844,151.2173309326172,150.0,24.8,681,11.35,False
2026-10-09T13:15:00+11:00,2564643,2509_333,-33.889522552490234,151.2833709716797,214.0,0.0,0,0.0,True
2026-10-09T13:15:00+11:00,2675097,2509_309,-33.91350173950195,151.20126342773438,196.0,27.4,295,4.92,True
2026-10-09T13:15:00+11:00,2531794,2509_360,-33.896575927734375,151.25509643554688,101.0,39.2,355,5.92,True
2026-10-09T13:15:00+11:00,2151528,2509_333,-33.884944915771484,151.22543334960938,99.0,29.5,279,4.65,True
2026-10-09T13:15:00+11:00,2434443,2509_390X,-33.898338317871094,151.25228881835938,165.0,34.9,7,0.12,True
2026-10-09T13:15:00+11:00,2355950,2509_339,-33.90540313720703,151.23202514648438,216.0,40.0,171,2.85,True
2026-10-09T13:15:00+11:00,2357080,2509_373,-33.89569091796875,151.2220458984375,171.0,0.0,254,4.23,True
2026-10-09T13:15:00+11:00,2137567,2509_396,-33.87492752075195,151.20970153808594,4.0,0.0,29,0.48,True
2026-10-09T13:15:00+11:00,2533579,2509_380,-33.88615036010742,151.28440856933594,353.0,0.0,476,7.93,False
2026-10-09T13:15:00+11:00,2628660,2509_304,-33.86163330078125,151.21168518066406,277.0,0.0,0,0.0,True
2026-10-09T13:15:00+11:00,2564615,2509_350,-33.91111373901367,151.2543182373047,17.0,20.9,596,9.93,False
2026-10-09T13:15:00+11:00,2357527,2509_343,-33.86860656738281,151.2104949951172,186.0,0.0,63,1.05,True
2026-10-09T13:15:00+11:00,2357607,2509_343,-33.87579345703125,151.20941162109375,6.0,31.0,100,1.67,True
2026-10-09T13:15:00+11:00,2533860,2509_355,-33.892120361328125,151.20558166503906,6.0,36.7,413,6.88,False
2026-10-09T13:15:00+11:00,2356706,2509_370,-33.90432357788086,151.18020629882812,336.0,0.0,205,3.42,True
2026-10-09T13:15:00+11:00,2400447,2509_309,-33.92638397216797,151.19529724121094,8.0,41.0,279,4.65,True
2026-10-09T13:15:00+11:00,2357659,2509_339,-33.895572662353516,151.22201538085938,172.0,0.0,128,2.13,True
2026-10-09T13:15:00+11:00,2534432,2509_380,-33.854522705078125,151.2843475341797,206.0,32.8,124,2.07,True
2026-10-09T13:15:00+11:00,2356122,2509_373,-33.88066482543945,151.2169952392578,138.0,21.2,1,0.02,True
2026-10-09T13:15:00+11:00,2532276,2509_352,-33.894798278808594,151.18203735351562,41.0,20.5,542,9.03,False
2026-10-09T13:15:00+11:00,2534063,2509_352,-33.90873336791992,151.17138671875,264.0,11.5,-128,-2.13,False
2026-10-09T13:15:00+11:00,2140932,2509_375,-33.94465255737305,151.22628784179688,192.0,0.0,0,0.0,True
2026-10-09T13:15:00+11:00,2140340,2509_396,-33.869049072265625,151.21044921875,189.0,0.0,123,2.05,True
2026-10-09T13:15:00+11:00,2356497,2509_370,-33.912139892578125,151.21397399902344,240.0,0.4,235,3.92,True
2026-10-09T13:15:00+11:00,2151836,2509_333,-33.87913131713867,151.21505737304688,134.0,31.7,295,4.92,True
2026-10-09T13:15:00+11:00,2137967,2509_396,-33.946556091308594,151.25643920898438,43.0,18.4,-69,-1.15,False
2026-10-09T13:15:00+11:00,2357024,2509_374,-33.88189697265625,151.20645141601562,127.0,0.0,4,0.07,True
2026-10-09T13:15:00+11:00,2140231,2509_396,-33.899898529052734,151.22232055664062,352.0,42.8,245,4.08,True
2026-10-09T13:15:00+11:00,2534619,2509_325,-33.85383605957031,151.27120971679688,300.0,33.1,834,13.9,False
2026-10-09T13:15:00+11:00,2564654,2509_350,-33.92448425292969,151.1873016357422,355.0,0.0,231,3.85,True
2026-10-09T13:15:00+11:00,2533535,2509_387,-33.883094787597656,151.26930236816406,207.0,0.0,585,9.75,False
2026-10-09T13:15:00+11:00,2564619,2509_333,-33.89079284667969,151.2367401123047,278.0,34.9,658,10.97,False
2026-10-09T13:15:00+11:00,2470757,2509_356,-33.91565704345703,151.24049377441406,338.0,0.0,213,3.55,True
2026-10-09T13:15:00+11:00,2532128,2509_362,-33.88340377807617,151.26922607421875,208.0,0.0,169,2.82,True
2026-10-09T13:15:00+11:00,2565009,2509_350,-33.903892517089844,151.2547149658203,212.0,27.0,235,3.92,True
2026-10-09T13:15:00+11:00,2563835,2509_387,-33.891700744628906,151.2517852783203,53.0,0.0,288,4.8,True
2026-10-09T13:15:00+11:00,2533202,2509_324,-33.87668991088867,151.23060607910156,272.0,44.6,362,6.03,False
2026-10-09T13:15:00+11:00,2410304,2509_392,-33.90282440185547,151.2074737548828,44.0,22.7,484,8.07,False
2026-10-09T13:15:00+11:00,2551949,2509_379,-33.88447952270508,151.28086853027344,6.0,0.0,256,4.27,True
2026-10-09T13:15:00+11:00,2355949,2509_343,-33.9234619140625,151.2113037109375,103.0,28.1,20,0.33,True
2026-10-09T13:15:00+11:00,2564014,2509_379,-33.89874267578125,151.25221252441406,340.0,36.7,232,3.87,True
2026-10-09T13:15:00+11:00,2563831,2509_379,-33.885807037353516,151.27337646484375,37.0,0.0,130,2.17,True
2026-10-09T13:15:00+11:00,2335724_2,2509_309,-33.89080047607422,151.24234008789062,11.0,0.0,,,
2026-10-09T13:15:00+11:00,2356765,2509_339,-33.91434097290039,151.26638793945312,132.0,0.0,0,0.0,True
2026-10-09T13:15:00+11:00,2533191,2509_324,-33.845516204833984,151.28323364257812,150.0,29.9,159,2.65,True
2026-10-09T13:15:00+11:00,2139962,2509_396,-33.94267654418945,151.2466278076172,95.0,27.4,365,6.08,False
2026-10-09T13:15:00+11:00,2564961,2509_350,-33.92669677734375,151.1878662109375,141.0,0.0,-28,-0.47,True
2026-10-09T13:15:00+11:00,2740167,2509_370,-33.91640853881836,151.2357177734375,100.0,25.9,589,9.82,False
2026-10-09T13:15:00+11:00,2410272,2509_392,-33.93701934814453,151.2288360595703,354.0,8.6,169,2.82,True
2026-10-09T13:15:00+11:00,2151729,2509_333,-33.86402130126953,151.21177673339844,186.0,0.0,-26,-0.43,True
2026-10-09T13:15:00+11:00,2300906,2509_399,-33.92924118041992,151.23489379882812,302.0,61.2,176,2.93,True
2026-10-09T13:15:00+11:00,2565014,2509_333,-33.8895149230957,151.28334045410156,216.0,0.0,0,0.0,True
2026-10-09T13:15:00+11:00,2352652,2509_356,-33.9447135925293,151.2263641357422,191.0,0.0,-198,-3.3,False
2026-10-09T13:15:00+11:00,2740177,2509_370,-33.90239334106445,151.20162963867188,157.0,39.6,551,9.18,False
2026-10-09T13:15:00+11:00,2531412,2509_325,-33.843345642089844,151.2840118408203,343.0,0.0,0,0.0,True
2026-10-09T13:15:00+11:00,2137401,2509_375,-33.94732666015625,151.25555419921875,48.0,20.5,136,2.27,True
2026-10-09T13:15:00+11:00,2357806,2509_343,-33.92543029785156,151.2202606201172,280.0,13.7,56,0.93,True
2026-10-09T13:15:00+11:00,2137574,2509_375,-33.91294479370117,151.23948669433594,341.0,27.0,203,3.38,True
2026-10-09T13:15:00+11:00,2667422,2509_326,-33.877193450927734,151.2579345703125,187.0,43.6,220,3.67,True
2026-10-09T13:15:00+11:00,2356672,2509_311,-33.8731575012207,151.22447204589844,61.0,19.4,837,13.95,False
2026-10-09T13:15:00+11:00,2400370,2509_392,-33.892642974853516,151.19918823242188,24.0,0.0,0,0.0,True
2026-10-09T13:15:00+11:00,2357291,2509_373,-33.90852355957031,151.23423767089844,273.0,15.1,265,4.42,True
2026-10-09T13:15:00+11:00,2356556,2509_343,-33.91011428833008,151.2061309814453,22.0,38.2,67,1.12,True
2026-10-09T13:15:00+11:00,2563918,2509_386,-33.85905456542969,151.27537536621094,84.0,42.1,-173,-2.88,False
2026-10-09T13:15:00+11:00,2533757,2509_380,-33.89191436767578,151.24981689453125,173.0,0.0,296,4.93,True
2026-10-09T13:15:00+11:00,2151608,2509_333,-33.862545013427734,151.21116638183594,1.0,0.0,0,0.0,True
2026-10-09T13:45:00+11:00,2635833,2459_415,-33.8676643371582,151.1298828125,192.0,8.6,85,1.42,True
2026-10-09T13:45:00+11:00,2287909,2459_470,-33.88334655761719,151.20361328125,222.0,0.0,15,0.25,True
2026-10-09T13:45:00+11:00,2375945,2508_111,-33.83592987060547,151.26031494140625,348.0,39.2,350,5.83,True
2026-10-09T13:45:00+11:00,2707262,2504_610X,-33.8699951171875,151.2061767578125,174.0,0.0,0,0.0,True
2026-10-09T13:45:00+11:00,2286897,2459_441,-33.866188049316406,151.17630004882812,237.0,42.8,47,0.78,True
2026-10-09T13:45:00+11:00,2383272,2508_100,-33.869117736816406,151.20530700683594,355.0,0.0,24,0.4,True
2026-10-09T13:45:00+11:00,2725794,7083_SW1,-33.909690856933594,151.1367645263672,238.0,29.2,176,2.93,True
2026-10-09T13:45:00+11:00,2288413,2459_426,-33.90970230102539,151.1623077392578,215.0,25.2,-8,-0.13,True
2026-10-09T13:45:00+11:00,2288671,2459_418,-33.90625762939453,151.1272735595703,312.0,0.0,353,5.88,True
2026-10-09T13:45:00+11:00,2736651,2459_428,-33.90068054199219,151.15945434570312,296.0,44.3,464,7.73,False
2026-10-09T13:45:00+11:00,2285430,2459_438X,-33.8878288269043,151.16746520996094,90.0,9.4,-98,-1.63,False
2026-10-09T13:45:00+11:00,1932429,2459_412,-33.92243957519531,151.12879943847656,273.0,19.8,178,2.97,True
2026-10-09T13:45:00+11:00,2289103,2459_348,-33.909934997558594,151.22238159179688,98.0,16.6,242,4.03,True
2026-10-09T13:45:00+11:00,2209214,2459_440,-33.883934020996094,151.156982421875,354.0,0.0,375,6.25,False
2026-10-09T13:45:00+11:00,2038727,2459_470,-33.88127899169922,151.17025756835938,111.0,14.4,-3,-0.05,True
2026-10-09T13:45:00+11:00,2454744,2508_225,-33.84096145629883,151.21913146972656,83.0,0.0,62,1.03,True
2026-10-09T13:45:00+11:00,2415709,2508_B1,-33.85441207885742,151.21017456054688,31.0,59.8,40,0.67,True
2026-10-09T13:45:00+11:00,2286838,2459_438X,-33.881351470947266,151.2052764892578,303.0,0.0,-10,-0.17,True
2026-10-09T13:45:00+11:00,2415755,2508_B1,-33.823455810546875,151.24249267578125,49.0,14.8,284,4.73,True
2026-10-09T13:45:00+11:00,2596278,2459_491,-33.879085540771484,151.12506103515625,59.0,5.8,123,2.05,True
2026-10-09T13:45:00+11:00,2038456,2459_440,-33.87828063964844,151.15643310546875,173.0,32.4,421,7.02,False
2026-10-09T13:45:00+11:00,2285131,2459_433,-33.87744140625,151.18496704101562,54.0,9.4,-69,-1.15,False
2026-10-09T13:45:00+11:00,2710160,2504_607X,-33.81217956542969,151.19552612304688,90.0,73.1,-226,-3.77,False
2026-10-09T13:45:00+11:00,2514897,2459_410,-33.86952209472656,151.1053009033203,189.0,0.7,-7,-0.12,True
2026-10-09T13:45:00+11:00,1940066,2459_412,-33.91033172607422,151.15087890625,233.0,32.4,544,9.07,False
2026-10-09T13:45:00+11:00,2424375,2508_230,-33.837623596191406,151.23318481445312,177.0,30.2,-177,-2.95,False
2026-10-09T13:45:00+11:00,2289003,2459_461X,-33.877750396728516,151.20933532714844,4.0,15.5,105,1.75,True
2026-10-09T13:45:00+11:00,2388861,2508_173X,-33.83079528808594,151.2202606201172,294.0,30.2,252,4.2,True
2026-10-09T13:45:00+11:00,2290971,2459_433,-33.88032150268555,151.20803833007812,275.0,16.2,895,14.92,False
2026-10-09T13:45:00+11:00,2286441,2459_428,-33.9118537902832,151.11912536621094,141.0,0.0,0,0.0,True
2026-10-09T13:45:00+11:00,2288839,2459_437,-33.869773864746094,151.20309448242188,4.0,30.2,60,1.0,True
2026-10-09T13:45:00+11:00,2285155,2459_426,-33.86500930786133,151.21087646484375,220.0,0.0,119,1.98,True
2026-10-09T13:45:00+11:00,2721079,2514_271,-33.84358215332031,151.2115478515625,165.0,60.1,-233,-3.88,False
2026-10-09T13:45:00+11:00,2287530,2459_428,-33.88761901855469,151.17190551757812,262.0,0.0,1624,27.07,False
2026-10-09T13:45:00+11:00,2613517,7084_SW2,-33.913028717041016,151.16659545898438,133.0,0.7,70,1.17,True
2026-10-09T13:45:00+11:00,2475267,2459_389,-33.86738586425781,151.19261169433594,149.0,0.0,6,0.1,True
2026-10-09T13:45:00+11:00,2475262,2459_389,-33.87483215332031,151.19688415527344,155.0,0.0,762,12.7,False
2026-10-09T13:45:00+11:00,2635894,2459_504,-33.86421585083008,151.17039489746094,312.0,14.0,259,4.32,True
2026-10-09T13:45:00+11:00,1961269,2459_412,-33.87826919555664,151.20738220214844,14.0,2.5,-143,-2.38,False
2026-10-09T13:45:00+11:00,2308874,2459_445,-33.86330795288086,151.1704559326172,21.0,0.0,12,0.2,True
2026-10-09T13:45:00+11:00,2287348,2459_423,-33.911109924316406,151.15577697753906,40.0,18.4,94,1.57,True
2026-10-09T13:45:00+11:00,2609001,2459_430,-33.88904571533203,151.19082641601562,57.0,0.0,145,2.42,True
2026-10-09T13:45:00+11:00,2283289,2459_422,-33.884605407714844,151.18890380859375,92.0,41.4,139,2.32,True
2026-10-09T13:45:00+11:00,2383187,2508_100,-33.82997131347656,151.24423217773438,175.0,0.0,86,1.43,True
2026-10-09T13:45:00+11:00,1940336,2459_412,-33.883174896240234,151.2037353515625,211.0,31.0,507,8.45,False
2026-10-09T13:45:00+11:00,2375409,2508_173X,-33.84369659423828,151.21136474609375,343.0,56.2,97,1.62,True
2026-10-09T13:45:00+11:00,2286763,2459_433,-33.884239196777344,151.20042419433594,270.0,0.0,30,0.5,True
2026-10-09T13:45:00+11:00,2038725,2459_470,-33.877750396728516,151.2093505859375,6.0,4.3,-114,-1.9,False
2026-10-09T13:45:00+11:00,2736832,2459_428,-33.864925384521484,151.2099151611328,224.0,0.0,0,0.0,True
2026-10-09T13:45:00+11:00,2596426,2459_492,-33.87337112426758,151.12738037109375,190.0,0.0,729,12.15,False
2026-10-09T13:45:00+11:00,2209256,2459_464,-33.888587951660156,151.11788940429688,274.0,0.0,63,1.05,True
2026-10-09T13:45:00+11:00,2424424,2508_230,-33.85057067871094,151.21115112304688,297.0,0.0,55,0.92,True
2026-10-09T13:45:00+11:00,2736709,2459_308,-33.90851974487305,151.17185974121094,77.0,0.0,90,1.5,True
2026-10-09T13:45:00+11:00,2287829,2459_431,-33.87377166748047,151.18209838867188,322.0,0.0,371,6.18,False
2026-10-09T13:45:00+11:00,2475256,2459_389,-33.865238189697266,151.2000732421875,176.0,0.0,0,0.0,True
2026-10-09T13:45:00+11:00,2668051,2459_420,-33.879966735839844,151.10311889648438,190.0,33.8,121,2.02,True
2026-10-09T13:45:00+11:00,2613549,7084_SW2,-33.92250442504883,151.1634979248047,218.0,54.7,0,0.0,True
2026-10-09T13:45:00+11:00,2710926,2504_610X,-33.86885452270508,151.20529174804688,356.0,15.8,48,0.8,True
2026-10-09T13:45:00+11:00,2421454,2508_230,-33.82917785644531,151.244140625,2.0,4.3,59,0.98,True
2026-10-09T13:45:00+11:00,2286012,2459_431,-33.875999450683594,151.20953369140625,191.0,27.7,308,5.13,True
2026-10-09T13:45:00+11:00,2438286,7084_SW2,-33.910179138183594,151.17019653320312,235.0,0.4,-1082,-18.03,False
2026-10-09T13:45:00+11:00,2438504,7084_SW2,-33.91194534301758,151.15936279296875,299.0,11.9,61,1.02,True
2026-10-09T13:45:00+11:00,2290889,2459_422,-33.8843879699707,151.20034790039062,267.0,0.0,84,1.4,True
2026-10-09T13:45:00+11:00,2554336,2459_358,-33.91707229614258,151.1759490966797,323.0,60.8,167,2.78,True
2026-10-09T13:45:00+11:00,2374905,2508_B1,-33.817352294921875,151.2437286376953,158.0,10.8,1,0.02,True
2026-10-09T13:45:00+11:00,2283948,2459_438X,-33.84487533569336,151.12857055664062,3.0,0.0,0,0.0,True
2026-10-09T13:45:00+11:00,2484369,2459_483,-33.883609771728516,151.2034149169922,222.0,0.0,84,1.4,True
2026-10-09T13:45:00+11:00,2208668,2459_406,-33.870113372802734,151.13101196289062,112.0,12.2,-16,-0.27,True
2026-10-09T13:45:00+11:00,2608963,2459_430,-33.910465240478516,151.16151428222656,34.0,34.2,171,2.85,True
2026-10-09T13:45:00+11:00,2349613,2459_418,-33.888057708740234,151.11563110351562,122.0,0.0,283,4.72,True
2026-10-09T13:45:00+11:00,2736824,2459_445,-33.872596740722656,151.1557159423828,218.0,31.0,-80,-1.33,False
2026-10-09T13:45:00+11:00,2329244,7083_SW3,-33.91435623168945,151.16600036621094,234.0,0.0,-328,-5.47,False
2026-10-09T13:45:00+11:00,2282999,2459_422,-33.89918899536133,151.1778106689453,349.0,22.7,62,1.03,True
2026-10-09T13:45:00+11:00,2619986,2459_530,-33.85681915283203,151.14590454101562,232.0,41.8,106,1.77,True
2026-10-09T13:45:00+11:00,2720014,2514_271,-33.872398376464844,151.2056884765625,351.0,0.0,0,0.0,True
2026-10-09T13:45:00+11:00,2635983,2459_504,-33.873260498046875,151.2095184326172,278.0,15.8,-57,-0.95,True
2026-10-09T13:45:00+11:00,2208591,2459_440,-33.8908576965332,151.24827575683594,96.0,0.0,0,0.0,True
2026-10-09T13:45:00+11:00,2415798,2508_B1,-33.84245300292969,151.21087646484375,342.0,57.6,369,6.15,False
2026-10-09T13:45:00+11:00,2287786,2459_431,-33.88140106201172,151.1886749267578,129.0,0.0,60,1.0,True
2026-10-09T13:45:00+11:00,2209041,2459_464,-33.869964599609375,151.1051025390625,8.0,0.0,178,2.97,True
2026-10-09T13:45:00+11:00,2209041_2,2459_464,-33.869876861572266,151.10498046875,7.0,0.0,175,2.92,True
2026-10-09T13:45:00+11:00,2285008,2459_441,-33.86289978027344,151.17642211914062,356.0,24.8,14,0.23,True
2026-10-09T13:45:00+11:00,2685920,2459_423,-33.88587951660156,151.1942901611328,195.0,0.0,3160,52.67,False
2026-10-09T13:45:00+11:00,2289159,2459_438X,-33.87049102783203,151.1315155029297,125.0,34.6,301,5.02,True
2026-10-09T13:45:00+11:00,2550162,2508_263,-33.835777282714844,151.2144012451172,57.0,7.2,-104,-1.73,False
2026-10-09T13:45:00+11:00,2286779,2459_470,-33.87643051147461,151.20948791503906,188.0,25.6,-57,-0.95,True
2026-10-09T13:45:00+11:00,2286507,2459_461X,-33.873435974121094,151.2107696533203,279.0,0.0,509,8.48,False
2026-10-09T13:45:00+11:00,2596374,2459_490,-33.86700439453125,151.13839721679688,251.0,26.3,235,3.92,True
2026-10-09T13:45:00+11:00,1961270,2459_412,-33.901451110839844,151.1533966064453,3.0,34.2,123,2.05,True
2026-10-09T13:45:00+11:00,1961442,2459_412,-33.87805938720703,151.20932006835938,185.0,2.9,50,0.83,True
2026-10-09T13:45:00+11:00,2038726,2459_470,-33.88505935668945,151.1770782470703,71.0,34.9,412,6.87,False
2026-10-09T13:45:00+11:00,2287765,2459_461X,-33.872459411621094,151.21575927734375,188.0,0.0,0,0.0,True
2026-10-09T13:45:00+11:00,2287294,2459_461X,-33.8696174621582,151.11033630371094,277.0,29.9,61,1.02,True
2026-10-09T13:45:00+11:00,2376417,2508_144,-33.81308364868164,151.24400329589844,19.0,31.0,274,4.57,True
2026-10-09T13:45:00+11:00,2284948,2459_470,-33.881622314453125,151.17132568359375,293.0,27.7,363,6.05,False
2026-10-09T13:45:00+11:00,2288145,2459_438X,-33.880008697509766,151.20896911621094,19.0,0.0,265,4.42,True
2026-10-09T13:45:00+11:00,2287013,2459_428,-33.89856719970703,151.17588806152344,85.0,11.2,325,5.42,True
2026-10-09T13:45:00+11:00,2038455,2459_440,-33.88243103027344,151.20742797851562,122.0,0.0,-291,-4.85,False
2026-10-09T13:45:00+11:00,2609044,2459_430,-33.891109466552734,151.18858337402344,41.0,31.3,504,8.4,False
2026-10-09T13:45:00+11:00,2736592,2459_445,-33.90481948852539,151.1387481689453,245.0,36.0,162,2.7,True
2026-10-09T13:45:00+11:00,2736681,2459_308,-33.89369583129883,151.1988525390625,17.0,41.0,-79,-1.32,False
2026-10-09T13:45:00+11:00,2685929,2459_423,-33.926902770996094,151.1292266845703,263.0,36.4,23,0.38,True
2026-10-09T13:45:00+11:00,2286017,2459_418,-33.911048889160156,151.15753173828125,300.0,0.0,50,0.83,True
2026-10-09T13:45:00+11:00,2613553,7084_SW2,-33.913604736328125,151.1155548095703,63.0,38.9,-35,-0.58,True
2026-10-09T13:45:00+11:00,2383160,2508_100,-33.842864990234375,151.21133422851562,166.0,69.5,-142,-2.37,False
2026-10-09T13:45:00+11:00,2290561,2459_426,-33.89400100708008,151.182861328125,43.0,20.5,-69,-1.15,False
2026-10-09T13:45:00+11:00,2288015,2459_437,-33.8836555480957,151.14144897460938,147.0,37.8,234,3.9,True
2026-10-09T13:45:00+11:00,2376073,2508_144,-33.796226501464844,151.17803955078125,10.0,0.0,0,0.0,True
2026-10-09T13:45:00+11:00,2287482,2459_438X,-33.856590270996094,151.1306610107422,349.0,13.3,-235,-3.92,False
2026-10-09T13:45:00+11:00,2720587,2514_565,-33.78550338745117,151.17816162109375,146.0,52.6,236,3.93,True
2026-10-09T13:45:00+11:00,2037366,2459_469,-33.88058090209961,151.17999267578125,131.0,30.6,49,0.82,True
2026-10-09T13:45:00+11:00,2714674,2508_144,-33.82432174682617,151.24131774902344,228.0,0.0,585,9.75,False
2026-10-09T13:45:00+11:00,2708524,2504_607X,-33.87186050415039,151.20643615722656,175.0,0.0,0,0.0,True
2026-10-09T13:45:00+11:00,2428447,2508_238,-33.83916091918945,151.2447052001953,42.0,9.0,129,2.15,True
2026-10-09T13:45:00+11:00,2736742,2459_445,-33.858238220214844,151.18357849121094,291.0,0.0,0,0.0,True
2026-10-09T13:45:00+11:00,2515089,2459_410,-33.85711669921875,151.10333251953125,351.0,0.7,195,3.25,True
2026-10-09T13:45:00+11:00,2388833,2508_173X,-33.79402542114258,151.2653350830078,187.0,0.0,239,3.98,True
2026-10-09T13:45:00+11:00,2289809,2459_423,-33.9254150390625,151.1334228515625,76.0,4.3,145,2.42,True
2026-10-09T13:45:00+11:00,2474921,2459_389,-33.88981246948242,151.24087524414062,76.0,30.6,-203,-3.38,False
2026-10-09T13:45:00+11:00,2288398,2459_433,-33.884254455566406,151.19276428222656,128.0,0.0,193,3.22,True
2026-10-09T13:45:00+11:00,2636219,2459_504,-33.87308883666992,151.20787048339844,99.0,0.0,-32,-0.53,True
2026-10-09T13:45:00+11:00,2290686,2459_426,-33.884300231933594,151.2003173828125,267.0,0.0,36,0.6,True
2026-10-09T13:45:00+11:00,2373847,2508_173X,-33.7946662902832,151.2574920654297,81.0,11.2,-1,-0.02,True
2026-10-09T13:45:00+11:00,2668154,2459_420,-33.92448043823242,151.1882781982422,280.0,0.0,142,2.37,True
2026-10-09T13:45:00+11:00,2208905,2459_530,-33.81474685668945,151.15451049804688,106.0,32.0,-119,-1.98,False
2026-10-09T13:45:00+11:00,2608989,2459_430,-33.914432525634766,151.1658172607422,224.0,18.0,352,5.87,True
2026-10-09T13:45:00+11:00,2383188,2508_100,-33.82976150512695,151.24420166015625,356.0,20.2,43,0.72,True
2026-10-09T13:45:00+11:00,2415772,2508_B1,-33.86610794067383,151.2057342529297,176.0,0.0,0,0.0,True
2026-10-09T13:45:00+11:00,2284175,2459_433,-33.86371994018555,151.170166015625,24.0,23.8,112,1.87,True
2026-10-09T13:45:00+11:00,2636179,2459_504,-33.85514450073242,151.13311767578125,260.0,24.1,424,7.07,False
2026-10-09T13:45:00+11:00,1962705,2459_413,-33.884368896484375,151.19615173339844,88.0,6.8,-451,-7.52,False
2026-10-09T13:45:00+11:00,2569998,7083_SW1,-33.91204071044922,151.1595458984375,118.0,40.0,664,11.07,False
2026-10-09T13:45:00+11:00,2349421,2459_418,-33.90389633178711,151.14308166503906,139.0,0.0,299,4.98,True
2026-10-09T13:45:00+11:00,2209547,2459_415,-33.869205474853516,151.10543823242188,11.0,23.0,526,8.77,False
2026-10-09T13:45:00+11:00,2554147,2459_358,-33.921234130859375,151.1825714111328,106.0,0.0,2,0.03,True
2026-10-09T13:45:00+11:00,2208292,2459_464,-33.86057662963867,151.10397338867188,149.0,23.8,185,3.08,True
2026-10-09T13:45:00+11:00,2719743,2514_194,-33.84491729736328,151.2119598388672,165.0,46.4,-348,-5.8,False
2026-10-09T13:45:00+11:00,2668080,2459_420,-33.935455322265625,151.1654815673828,208.0,21.2,479,7.98,False
2026-10-09T13:45:00+11:00,2285489,2459_480,-33.883480072021484,151.20355224609375,47.0,0.0,-259,-4.32,False
2026-10-09T13:45:00+11:00,2720226,2514_270,-33.79764938354492,151.2096405029297,340.0,9.7,-167,-2.78,False
2026-10-09T13:45:00+11:00,2375301,2508_144,-33.81150436401367,151.1765594482422,213.0,0.7,288,4.8,True
2026-10-09T13:45:00+11:00,2383309,2508_100,-33.82613754272461,151.23284912109375,221.0,11.2,178,2.97,True
2026-10-09T13:45:00+11:00,2209291,2459_464,-33.869754791259766,151.10899353027344,196.0,0.4,498,8.3,False
2026-10-09T13:45:00+11:00,2286827,2459_433,-33.86182403564453,151.17124938964844,205.0,22.3,58,0.97,True
2026-10-09T13:45:00+11:00,2287266,2459_428,-33.884037017822266,151.20208740234375,74.0,0.0,313,5.22,True
2026-10-09T13:45:00+11:00,2288824,2459_423,-33.89070129394531,151.18898010253906,40.0,40.0,76,1.27,True
2026-10-09T13:45:00+11:00,2290616,2459_423,-33.889076232910156,151.19068908691406,52.0,5.4,559,9.32,False
2026-10-09T13:45:00+11:00,2685996,2459_423,-33.88968276977539,151.18997192382812,216.0,34.9,-46,-0.77,True
2026-10-09T13:45:00+11:00,2668101,2459_420,-33.92759323120117,151.18751525878906,199.0,0.0,432,7.2,False
2026-10-09T13:45:00+11:00,2208631,2459_440,-33.87702178955078,151.2124481201172,302.0,0.0,258,4.3,True
2026-10-09T13:45:00+11:00,2288696,2459_438X,-33.8668098449707,151.21070861816406,182.0,0.0,0,0.0,True
2026-10-09T13:45:00+11:00,2374644,2508_144,-33.79656982421875,151.18043518066406,174.0,0.0,0,0.0,True
2026-10-09T13:45:00+11:00,2736655,2459_308,-33.894989013671875,151.19906616210938,201.0,23.8,190,3.17,True
2026-10-09T13:45:00+11:00,2618164,2508_263,-33.82634353637695,151.20529174804688,281.0,37.8,356,5.93,True
2026-10-09T13:45:00+11:00,2714704,2508_114,-33.8270378112793,151.23187255859375,220.0,35.3,396,6.6,False
2026-10-09T13:45:00+11:00,2288274,2459_423,-33.898765563964844,151.17337036132812,83.0,27.4,-14,-0.23,True
2026-10-09T13:45:00+11:00,1962149,2459_412,-33.865535736083984,151.2103729248047,218.0,0.0,0,0.0,True
2026-10-09T13:45:00+11:00,2285631,2459_428,-33.900306701660156,151.15878295898438,119.0,33.1,-35,-0.58,True
2026-10-09T13:45:00+11:00,2285778,2459_438X,-33.88615417480469,151.1792755126953,255.0,0.0,47,0.78,True
2026-10-09T13:45:00+11:00,2036766,2459_440,-33.882225036621094,151.2200164794922,144.0,0.0,13,0.22,True
2026-10-09T13:45:00+11:00,2209704,2459_530,-33.87455749511719,151.1041717529297,8.0,0.0,192,3.2,True
2026-10-09T13:45:00+11:00,2283438,2459_303,-33.92366409301758,151.21119689941406,11.0,0.0,209,3.48,True
2026-10-09T13:45:00+11:00,2570047,7083_SW1,-33.91117858886719,151.15567016601562,40.0,15.1,264,4.4,True
2026-10-09T13:45:00+11:00,2286969,2459_470,-33.864810943603516,151.21009826660156,220.0,27.4,60,1.0,True
2026-10-09T13:45:00+11:00,2349609,2459_418,-33.874595642089844,151.1075897216797,9.0,0.0,47,0.78,True
2026-10-09T13:45:00+11:00,2383198,2508_100,-33.8299674987793,151.21876525878906,116.0,12.2,-42,-0.7,True
2026-10-09T13:45:00+11:00,2719965,2514_194,-33.8145751953125,151.21197509765625,346.0,0.0,115,1.92,True
2026-10-09T13:45:00+11:00,2660486,2459_320,-33.89330291748047,151.20718383789062,342.0,20.5,-24,-0.4,True
2026-10-09T13:45:00+11:00,1870768,2459_412,-33.89127731323242,151.18258666992188,9.0,14.0,45,0.75,True
2026-10-09T13:45:00+11:00,2720721,2514_558,-33.79021072387695,151.1826629638672,70.0,0.0,65,1.08,True
2026-10-09T13:45:00+11:00,2709879,2504_610X,-33.801048278808594,151.1443328857422,129.0,61.2,-276,-4.6,False
2026-10-09T13:45:00+11:00,2714654,2508_144,-33.79426956176758,151.26356506347656,276.0,40.3,3,0.05,True
2026-10-09T13:45:00+11:00,2714654_2,2508_144,-33.79463195800781,151.25811767578125,251.0,0.0,-106,-1.77,False
2026-10-09T13:45:00+11:00,2377096,2508_144,-33.79682159423828,151.25146484375,53.0,0.0,391,6.52,False
2026-10-09T13:45:00+11:00,2714723,2508_144,-33.830169677734375,151.2169952392578,274.0,46.4,554,9.23,False
2026-10-09T13:45:00+11:00,2287156,2459_389,-33.87937927246094,151.2214813232422,282.0,0.0,-27,-0.45,True
2026-10-09T13:45:00+11:00,2554070,2459_358,-33.921878814697266,151.24029541015625,200.0,14.0,338,5.63,True
2026-10-09T13:45:00+11:00,2209507,2459_440,-33.88606643676758,151.22885131835938,312.0,0.0,-118,-1.97,False
2026-10-09T13:45:00+11:00,2596188,2459_490,-33.86867141723633,151.1317901611328,75.0,48.6,364,6.07,False
2026-10-09T13:45:00+11:00,2618657,2459_422,-33.87956237792969,151.2080535888672,102.0,0.0,178,2.97,True
2026-10-09T13:45:00+11:00,2392790,2508_114,-33.82758712768555,151.24417114257812,178.0,15.5,-57,-0.95,True
2026-10-09T13:45:00+11:00,2286721,2459_348,-33.90640640258789,151.21688842773438,343.0,40.7,-6,-0.1,True
2026-10-09T13:45:00+11:00,2375279,2508_172X,-33.86437225341797,151.20553588867188,175.0,43.9,89,1.48,True
2026-10-09T13:45:00+11:00,2208854,2459_464,-33.8889045715332,151.1173553466797,10.0,0.0,76,1.27,True
2026-10-09T13:45:00+11:00,2289785,2459_426,-33.87823486328125,151.2083740234375,101.0,0.0,168,2.8,True
2026-10-09T13:45:00+11:00,2283391,2459_438X,-33.861934661865234,151.130615234375,189.0,45.0,-97,-1.62,False
2026-10-09T13:45:00+11:00,2288017,2459_437,-33.86426544189453,151.13717651367188,258.0,0.4,6,0.1,True
2026-10-09T13:45:00+11:00,2374878,2508_144,-33.827545166015625,151.20077514648438,139.0,12.6,195,3.25,True
2026-10-09T13:45:00+11:00,2725750,7083_SW1,-33.9127082824707,151.1539764404297,222.0,27.0,21,0.35,True
2026-10-09T13:45:00+11:00,2554177,2459_358,-33.924842834472656,151.21783447265625,100.0,43.2,287,4.78,True
2026-10-09T13:45:00+11:00,2208334,2459_413,-33.88832473754883,151.16281127929688,275.0,41.0,221,3.68,True
2026-10-09T13:45:00+11:00,2319390,7083_SW3,-33.912574768066406,151.1184844970703,230.0,16.9,135,2.25,True
2026-10-09T13:45:00+11:00,2596369,2459_491,-33.88547897338867,151.12307739257812,117.0,20.5,62,1.03,True
2026-10-09T13:45:00+11:00,2383217,2508_100,-33.868431091308594,151.2060089111328,173.0,0.0,-88,-1.47,False
2026-10-09T13:45:00+11:00,1963817,2459_412,-33.88869857788086,151.18165588378906,138.0,0.0,769,12.82,False
2026-10-09T13:45:00+11:00,2284518,2459_423,-33.88179016113281,151.20565795898438,44.0,0.0,657,10.95,False
2026-10-09T13:45:00+11:00,2685940,2459_423,-33.86564636230469,151.2102813720703,219.0,0.0,136,2.27,True
2026-10-09T13:45:00+11:00,2285963,2459_389,-33.8734130859375,151.21063232421875,281.0,0.0,95,1.58,True
2026-10-09T13:45:00+11:00,2685923,2459_423,-33.90383529663086,151.16851806640625,203.0,0.0,-124,-2.07,False
2026-10-09T13:45:00+11:00,2736701,2459_445,-33.88720703125,151.15756225585938,174.0,18.7,69,1.15,True
2026-10-09T13:45:00+11:00,2287463,2459_348,-33.92306137084961,151.16273498535156,44.0,46.1,101,1.68,True
2026-10-09T13:45:00+11:00,2474502,2508_225,-33.841468811035156,151.2268829345703,335.0,0.0,-70,-1.17,False
2026-10-09T13:45:00+11:00,2569999,7083_SW1,-33.912601470947266,151.1407470703125,137.0,15.1,106,1.77,True
2026-10-09T13:45:00+11:00,2514839,2459_458,-33.87474060058594,151.1041717529297,189.0,0.0,0,0.0,True
2026-10-09T13:45:00+11:00,2392550,2508_114,-33.82244873046875,151.1916046142578,162.0,6.8,116,1.93,True
2026-10-09T13:45:00+11:00,2415717,2508_B1,-33.86638641357422,151.20632934570312,9.0,0.0,0,0.0,True
2026-10-09T13:45:00+11:00,2308996,2459_445,-33.902408599853516,151.14407348632812,64.0,32.0,187,3.12,True
2026-10-09T13:45:00+11:00,2209317,2459_487,-33.91192626953125,151.11915588378906,143.0,0.0,0,0.0,True
2026-10-09T13:45:00+11:00,2590131,2508_280,-33.796268463134766,151.1808319091797,191.0,0.0,0,0.0,True
2026-10-09T13:45:00+11:00,1962706,2459_413,-33.898128509521484,151.1104736328125,92.0,0.0,26,0.43,True
2026-10-09T13:45:00+11:00,2289678,2459_303,-33.92501449584961,151.2185516357422,214.0,24.5,68,1.13,True
2026-10-09T13:45:00+11:00,2038457,2459_440,-33.86097717285156,151.16746520996094,54.0,28.4,396,6.6,False
2026-10-09T13:45:00+11:00,2383209,2508_100,-33.83118438720703,151.2217559814453,112.0,0.0,313,5.22,True
2026-10-09T13:45:00+11:00,2474916,2459_389,-33.86894989013672,151.2032928466797,73.0,0.0,63,1.05,True
2026-10-09T13:45:00+11:00,2209731,2459_440,-33.884700775146484,151.1938934326172,262.0,0.0,314,5.23,True
2026-10-09T13:45:00+11:00,2290595,2459_438X,-33.885990142822266,151.1801300048828,75.0,54.7,351,5.85,True
2026-10-09T13:45:00+11:00,2089784,2508_160X,-33.794677734375,151.1824951171875,159.0,0.0,199,3.32,True
2026-10-09T13:45:00+11:00,2289986,2459_470,-33.882198333740234,151.1731719970703,292.0,36.0,-194,-3.23,False
2026-10-09T13:45:00+11:00,2736741,2459_428,-33.89814376831055,151.1775360107422,245.0,43.6,-40,-0.67,True
2026-10-09T13:45:00+11:00,2660197,2459_320,-33.896949768066406,151.21298217773438,110.0,0.0,227,3.78,True
2026-10-09T13:45:00+11:00,2283582,2459_461X,-33.870933532714844,151.1201934814453,100.0,45.4,170,2.83,True
2026-10-09T13:45:00+11:00,1973453,2508_162,-33.796714782714844,151.26454162597656,279.0,5.0,-108,-1.8,False
2026-10-09T13:45:00+11:00,2285777,2459_461X,-33.889705657958984,151.1500701904297,254.0,25.2,-74,-1.23,False
2026-10-09T13:45:00+11:00,2641897,2503_M90,-33.87733840942383,151.103515625,102.0,0.0,-163,-2.72,False
2026-10-09T13:45:00+11:00,2289048,2459_442,-33.86757278442383,151.17567443847656,333.0,39.6,-106,-1.77,False
2026-10-09T13:45:00+11:00,2283237,2459_348,-33.91503143310547,151.17611694335938,249.0,28.1,586,9.77,False
2026-10-09T13:45:00+11:00,2285552,2459_461X,-33.88689041137695,151.1761474609375,75.0,10.8,0,0.0,True
2026-10-09T13:45:00+11:00,2424345,2508_230,-33.82948684692383,151.2135467529297,101.0,13.7,229,3.82,True
2026-10-09T13:45:00+11:00,2290459,2459_389,-33.86761474609375,151.1927490234375,338.0,21.2,3,0.05,True
2026-10-09T13:45:00+11:00,2632181,2510_301,-33.9279899597168,151.21043395996094,113.0,9.4,64,1.07,True
2026-10-09T13:45:00+11:00,2285397,2459_422,-33.91519546508789,151.1757354736328,247.0,0.0,263,4.38,True
2026-10-09T13:45:00+11:00,2283133,2459_442,-33.85722732543945,151.1804656982422,118.0,24.8,87,1.45,True
2026-10-09T13:45:00+11:00,2618626,2459_422,-33.896305084228516,151.18045043945312,236.0,0.0,-101,-1.68,False
2026-10-09T13:45:00+11:00,2375700,2508_144,-33.79645919799805,151.1803741455078,179.0,0.0,0,0.0,True
2026-10-09T13:45:00+11:00,2289065,2459_431,-33.86457061767578,151.21035766601562,225.0,9.0,0,0.0,True
2026-10-09T13:45:00+11:00,2475094,2459_389,-33.889713287353516,151.24142456054688,78.0,35.6,390,6.5,False
2026-10-09T13:45:00+11:00,2613613,7084_SW2,-33.90127182006836,151.1531524658203,99.0,5.0,-107,-1.78,False
2026-10-09T13:45:00+11:00,2285391,2459_442,-33.8741455078125,151.199462890625,73.0,38.2,-183,-3.05,False
2026-10-09T13:45:00+11:00,2685924,2459_423,-33.87818908691406,151.2093048095703,186.0,11.9,225,3.75,True
2026-10-09T13:45:00+11:00,2377560,2508_B1,-33.84968948364258,151.2124786376953,203.0,60.1,-220,-3.67,False
2026-10-09T13:45:00+11:00,1912304,2459_483,-33.88773727416992,151.13597106933594,60.0,37.1,45,0.75,True
2026-10-09T13:45:00+11:00,2721358,2514_277,-33.79545211791992,151.18133544921875,217.0,0.0,11,0.18,True
2026-10-09T13:45:00+11:00,2484404,2459_483,-33.88861846923828,151.11769104003906,273.0,0.0,219,3.65,True
2026-10-09T13:45:00+11:00,2283089,2459_438X,-33.8675537109375,151.21060180664062,197.0,7.2,56,0.93,True
2026-10-09T13:45:00+11:00,2289443,2459_437,-33.87202453613281,151.15963745117188,344.0,0.0,-114,-1.9,False
2026-10-09T13:45:00+11:00,2308909,2459_445,-33.88405227661133,151.1527099609375,266.0,31.0,-23,-0.38,True
2026-10-09T13:45:00+11:00,2285032,2459_442,-33.85769271850586,151.18167114257812,282.0,6.5,42,0.7,True
2026-10-09T13:45:00+11:00,2686001,2459_423,-33.91237258911133,151.15435791015625,224.0,1.4,20,0.33,True
2026-10-09T13:45:00+11:00,2089781,2508_160X,-33.78070831298828,151.19593811035156,177.0,0.0,1231,20.52,False
2026-10-09T13:45:00+11:00,2286352,2459_426,-33.903507232666016,151.14280700683594,138.0,0.0,116,1.93,True
2026-10-09T13:45:00+11:00,2288130,2459_438X,-33.884822845458984,151.1571044921875,354.0,13.7,173,2.88,True
2026-10-09T13:45:00+11:00,2744716,2507_292,-33.812339782714844,151.17161560058594,95.0,0.0,-167,-2.78,False
2026-10-09T13:45:00+11:00,2644981,2507_207,-33.83512878417969,151.20762634277344,192.0,30.2,33,0.55,True
2026-10-09T13:45:00+11:00,2634533,2507_254,-33.82255172729492,151.17189025878906,334.0,0.0,-245,-4.08,False
2026-10-09T13:45:00+11:00,2227655,2507_275,-33.79595184326172,151.18112182617188,352.0,1.1,0,0.0,True
2026-10-09T13:45:00+11:00,2229905,2507_254,-33.81406021118164,151.1698455810547,198.0,7.2,1,0.02,True
2026-10-09T13:45:00+11:00,2643391,2507_501,-33.88197708129883,151.20542907714844,42.0,11.2,0,0.0,True
2026-10-09T13:45:00+11:00,2643236,2507_120,-33.82073974609375,151.2039794921875,325.0,72.4,-26,-0.43,True
2026-10-09T13:45:00+11:00,2643026,2507_120,-33.79545211791992,151.18582153320312,250.0,0.0,168,2.8,True
2026-10-09T13:45:00+11:00,2643243,2507_120,-33.796051025390625,151.1811981201172,4.0,0.0,0,0.0,True
2026-10-09T13:45:00+11:00,2621414,2507_252,-33.839359283447266,151.2073974609375,143.0,0.0,0,0.0,True
2026-10-09T13:45:00+11:00,2643365,2507_120,-33.79376220703125,151.1913604736328,70.0,25.6,343,5.72,True
2026-10-09T13:45:00+11:00,2672284,2507_115,-33.79636764526367,151.1808319091797,191.0,0.0,0,0.0,True
2026-10-09T13:45:00+11:00,2654578,2507_52,-33.85252380371094,151.15589904785156,322.0,31.3,133,2.22,True
2026-10-09T13:45:00+11:00,2643176,2507_52,-33.85651779174805,151.1597900390625,140.0,0.0,-69,-1.15,False
2026-10-09T13:45:00+11:00,2644678,2507_202,-33.80738830566406,151.23036193847656,186.0,0.0,176,2.93,True
2026-10-09T13:45:00+11:00,2644314,2507_501,-33.84340286254883,151.14901733398438,322.0,57.2,100,1.67,True
2026-10-09T13:45:00+11:00,2407458,2507_261,-33.83085250854492,151.202880859375,325.0,0.0,43,0.72,True
2026-10-09T13:45:00+11:00,2682143,2507_202,-33.83462142944336,151.20779418945312,11.0,24.1,-73,-1.22,False
2026-10-09T13:45:00+11:00,2738439,2507_533,-33.79731750488281,151.17901611328125,246.0,0.0,0,0.0,True
2026-10-09T13:45:00+11:00,2537632,2507_506,-33.80990219116211,151.1324462890625,40.0,0.0,-105,-1.75,False
2026-10-09T13:45:00+11:00,2621648,2507_288,-33.83184814453125,151.21334838867188,215.0,58.3,139,2.32,True
2026-10-09T13:45:00+11:00,2672466,2507_267,-33.80379104614258,151.20103454589844,279.0,33.1,73,1.22,True
2026-10-09T13:45:00+11:00,2644199,2507_501,-33.871681213378906,151.19354248046875,150.0,0.0,-25,-0.42,True
2026-10-09T13:45:00+11:00,2672410,2507_115,-33.7956657409668,151.1850128173828,69.0,0.0,199,3.32,True
2026-10-09T13:45:00+11:00,2621632,2507_252,-33.813228607177734,151.1702880859375,273.0,9.0,499,8.32,False
2026-10-09T13:45:00+11:00,2644043,2507_120,-33.86383056640625,151.20547485351562,173.0,0.0,376,6.27,False
2026-10-09T13:45:00+11:00,2407865,2507_252,-33.81224822998047,151.1753692626953,80.0,0.0,116,1.93,True
2026-10-09T13:45:00+11:00,2744502,2507_292,-33.86561965942383,151.20492553710938,355.0,0.4,-104,-1.73,False
2026-10-09T13:45:00+11:00,2644167,2507_254,-33.840843200683594,151.20851135253906,13.0,8.3,0,0.0,True
2026-10-09T13:45:00+11:00,2645041,2507_120,-33.7936897277832,151.19131469726562,248.0,0.0,-300,-5.0,False
2026-10-09T13:45:00+11:00,2672414,2507_115,-33.817264556884766,151.2016143798828,197.0,0.0,-76,-1.27,False
2026-10-09T13:45:00+11:00,2682054,2507_267,-33.8023567199707,151.2113037109375,90.0,0.0,243,4.05,True
2026-10-09T13:45:00+11:00,2643930,2507_52,-33.820465087890625,151.11907958984375,132.0,40.7,158,2.63,True
2026-10-09T13:45:00+11:00,2672264,2507_115,-33.82529067993164,151.20091247558594,1.0,14.4,350,5.83,True
2026-10-09T13:45:00+11:00,2654438,2507_52,-33.8747444152832,151.1956024169922,303.0,51.5,31,0.52,True
2026-10-09T13:45:00+11:00,2644932,2507_501,-33.83259963989258,151.12701416015625,182.0,2.2,258,4.3,True
2026-10-09T13:45:00+11:00,2555407,2507_538,-33.83021545410156,151.12649536132812,64.0,0.0,0,0.0,True
2026-10-09T13:45:00+11:00,2644523,2507_207,-33.79541778564453,151.20855712890625,340.0,37.8,-159,-2.65,False
2026-10-09T13:45:00+11:00,2642932,2507_501,-33.880191802978516,151.20758056640625,283.0,9.0,0,0.0,True
2026-10-09T13:45:00+11:00,2731355,2507_291,-33.836822509765625,151.20703125,101.0,0.0,73,1.22,True
2026-10-09T13:45:00+11:00,1879162,2507_113,-33.79905319213867,151.17889404296875,338.0,35.6,120,2.0,True
2026-10-09T13:45:00+11:00,2555509,2507_265,-33.81784439086914,151.1712188720703,244.0,21.6,145,2.42,True
2026-10-09T13:45:00+11:00,2555439,2507_291,-33.82526779174805,151.198486328125,321.0,0.0,-62,-1.03,False
2026-10-09T13:45:00+11:00,2654513,2507_52,-33.83803939819336,151.1330108642578,310.0,51.5,434,7.23,False
2026-10-09T13:45:00+11:00,2644838,2507_120,-33.85865020751953,151.2069091796875,208.0,69.1,-100,-1.67,False
2026-10-09T13:45:00+11:00,2621503,2507_516,-33.7968864440918,151.16908264160156,266.0,0.0,201,3.35,True
2026-10-09T13:45:00+11:00,2225486,2507_288,-33.81247329711914,151.17059326171875,282.0,36.0,-58,-0.97,True
2026-10-09T13:45:00+11:00,2643152,2507_52,-33.874847412109375,151.19601440429688,115.0,45.0,55,0.92,True
2026-10-09T13:45:00+11:00,2654369,2507_52,-33.87242126464844,151.21275329589844,0.0,0.0,0,0.0,True
2026-10-09T13:45:00+11:00,2634583,2507_261,-33.813751220703125,151.17002868652344,203.0,1.8,108,1.8,True
2026-10-09T13:45:00+11:00,2672301,2507_115,-33.795345306396484,151.1859130859375,250.0,0.0,359,5.98,True
2026-10-09T13:45:00+11:00,2538618,2507_506,-33.84814453125,151.15269470214844,154.0,42.1,668,11.13,False
2026-10-09T13:45:00+11:00,2672424,2507_115,-33.83967590332031,151.2071075439453,148.0,33.8,-238,-3.97,False
2026-10-09T13:45:00+11:00,2322335,2507_506,-33.86602783203125,151.17288208007812,292.0,22.0,-9,-0.15,True
2026-10-09T13:45:00+11:00,2564755,2509_379,-33.889366149902344,151.28321838378906,39.0,0.0,0,0.0,True
2026-10-09T13:45:00+11:00,2564623,2509_350,-33.92745590209961,151.18763732910156,204.0,0.0,-67,-1.12,False
2026-10-09T13:45:00+11:00,2564761,2509_333,-33.881324768066406,151.2183074951172,298.0,1.4,226,3.77,True
2026-10-09T13:45:00+11:00,2563861,2509_386,-33.8735466003418,151.27340698242188,23.0,0.0,412,6.87,False
2026-10-09T13:45:00+11:00,2531499,2509_326,-33.877410888671875,151.25784301757812,16.0,42.1,196,3.27,True
2026-10-09T13:45:00+11:00,2575735,2509_374,-33.89183044433594,151.2146453857422,277.0,0.0,305,5.08,True
2026-10-09T13:45:00+11:00,2352612,2509_356,-33.897071838378906,151.24940490722656,191.0,7.6,371,6.18,False
2026-10-09T13:45:00+11:00,2740262,2509_370,-33.8851203918457,151.19467163085938,200.0,0.0,114,1.9,True
2026-10-09T13:45:00+11:00,2352502,2509_307,-33.93181228637695,151.19406127929688,9.0,8.6,295,4.92,True
2026-10-09T13:45:00+11:00,2628656,2509_304,-33.90668487548828,151.20797729492188,22.0,16.9,410,6.83,False
2026-10-09T13:45:00+11:00,2740260,2509_370,-33.90176773071289,151.199951171875,73.0,22.7,66,1.1,True
2026-10-09T13:45:00+11:00,2740194,2509_370,-33.90996170043945,151.2230987548828,99.0,0.7,448,7.47,False
2026-10-09T13:45:00+11:00,2533243,2509_352,-33.8891487121582,151.1904754638672,47.0,0.0,168,2.8,True
2026-10-09T13:45:00+11:00,2532278,2509_324,-33.85607147216797,151.2069091796875,225.0,0.0,0,0.0,True
2026-10-09T13:45:00+11:00,2534163,2509_355,-33.89072799682617,151.2100830078125,115.0,36.4,290,4.83,True
2026-10-09T13:45:00+11:00,2357181,2509_370,-33.901344299316406,151.19277954101562,217.0,34.6,8,0.13,True
2026-10-09T13:45:00+11:00,2357358,2509_343,-33.88862228393555,151.206298828125,9.0,2.5,2,0.03,True
2026-10-09T13:45:00+11:00,2531782,2509_387,-33.891357421875,151.25221252441406,240.0,10.4,-211,-3.52,False
2026-10-09T13:45:00+11:00,2141085,2509_306,-33.91130065917969,151.20864868164062,311.0,20.9,185,3.08,True
2026-10-09T13:45:00+11:00,2674995,2509_309,-33.92073440551758,151.19732666015625,221.0,25.6,107,1.78,True
2026-10-09T13:45:00+11:00,2470748,2509_356,-33.922428131103516,151.2434844970703,336.0,38.5,-164,-2.73,False
2026-10-09T13:45:00+11:00,2152032,2509_333,-33.88489532470703,151.2261199951172,100.0,12.6,278,4.63,True
2026-10-09T13:45:00+11:00,2470806,2509_356,-33.89925003051758,151.2489776611328,11.0,17.6,11,0.18,True
2026-10-09T13:45:00+11:00,2137792,2509_396,-33.93095779418945,151.23651123046875,338.0,38.9,436,7.27,False
2026-10-09T13:45:00+11:00,2357281,2509_373,-33.90653610229492,151.23146057128906,304.0,0.0,0,0.0,True
2026-10-09T13:45:00+11:00,2403114,2509_311,-33.87177658081055,151.22691345214844,102.0,24.5,63,1.05,True
2026-10-09T13:45:00+11:00,2564948,2509_350,-33.93457794189453,151.1949005126953,258.0,38.5,252,4.2,True
2026-10-09T13:45:00+11:00,2532182,2509_325,-33.87252426147461,151.26382446289062,52.0,41.0,113,1.88,True
2026-10-09T13:45:00+11:00,2396570,2509_392,-33.91806411743164,151.22618103027344,351.0,7.9,434,7.23,False
2026-10-09T13:45:00+11:00,2151517,2509_333,-33.86164855957031,151.21192932128906,93.0,0.0,0,0.0,True
2026-10-09T13:45:00+11:00,2400599,2509_392,-33.893943786621094,151.1986083984375,22.0,0.0,6,0.1,True
2026-10-09T13:45:00+11:00,2564621,2509_350,-33.90529251098633,151.2537841796875,10.0,24.1,-125,-2.08,False
2026-10-09T13:45:00+11:00,2151562,2509_333,-33.89392852783203,151.2639923095703,101.0,33.1,-113,-1.88,False
2026-10-09T13:45:00+11:00,2531974,2509_362,-33.88002014160156,151.2705078125,181.0,37.4,235,3.92,True
2026-10-09T13:45:00+11:00,2139332,2509_396,-33.86802673339844,151.21055603027344,4.0,0.0,-288,-4.8,False
2026-10-09T13:45:00+11:00,2151800,2509_333,-33.86208724975586,151.21121215820312,356.0,0.0,0,0.0,True
2026-10-09T13:45:00+11:00,2136850,2509_306,-33.92339324951172,151.2101593017578,99.0,52.2,306,5.1,True
2026-10-09T13:45:00+11:00,2505816,2509_393,-33.94767379760742,151.23004150390625,147.0,44.6,573,9.55,False
2026-10-09T13:45:00+11:00,2435596,2509_390X,-33.91667556762695,151.2394561767578,190.0,18.7,645,10.75,False
2026-10-09T13:45:00+11:00,2533732,2509_352,-33.881141662597656,151.21804809570312,305.0,3.2,334,5.57,True
2026-10-09T13:45:00+11:00,2355924,2509_343,-33.86260986328125,151.21200561523438,8.0,0.0,0,0.0,True
2026-10-09T13:45:00+11:00,2356157,2509_373,-33.88020324707031,151.21636962890625,134.0,16.9,33,0.55,True
2026-10-09T13:45:00+11:00,2488391,2509_392,-33.90388107299805,151.21363830566406,105.0,5.0,189,3.15,True
2026-10-09T13:45:00+11:00,2534643,2509_360,-33.89139938354492,151.24884033203125,97.0,10.8,8,0.13,True
2026-10-09T13:45:00+11:00,2357261,2509_343,-33.91301345825195,151.20556640625,14.0,24.5,187,3.12,True
2026-10-09T13:45:00+11:00,2564981,2509_350,-33.94076156616211,151.2280731201172,21.0,20.5,370,6.17,False
2026-10-09T13:45:00+11:00,2346383,2509_390X,-33.90418243408203,151.25436401367188,40.0,2.5,552,9.2,False
2026-10-09T13:45:00+11:00,2564748,2509_350,-33.908260345458984,151.25498962402344,181.0,20.9,125,2.08,True
2026-10-09T13:45:00+11:00,2356531,2509_373,-33.91954803466797,151.242431640625,345.0,0.0,125,2.08,True
2026-10-09T13:45:00+11:00,2531767,2509_313,-33.891448974609375,151.24949645996094,99.0,12.2,85,1.42,True
2026-10-09T13:45:00+11:00,2628771,2509_304,-33.896820068359375,151.21197509765625,278.0,17.6,613,10.22,False
2026-10-09T13:45:00+11:00,2564037,2509_379,-33.88491439819336,151.276123046875,7.0,13.7,50,0.83,True
2026-10-09T13:45:00+11:00,2628625,2509_304,-33.88009262084961,151.2115478515625,121.0,0.7,0,0.0,True
2026-10-09T13:45:00+11:00,2533303,2509_324,-33.850040435791016,151.28668212890625,25.0,42.1,233,3.88,True
2026-10-09T13:45:00+11:00,2138825,2509_396,-33.86409378051758,151.21176147460938,7.0,0.0,218,3.63,True
2026-10-09T13:45:00+11:00,2435323,2509_390X,-33.89300537109375,151.2496337890625,189.0,0.0,23,0.38,True
2026-10-09T13:45:00+11:00,2356736,2509_339,-33.9093017578125,151.2488555908203,331.0,39.2,-56,-0.93,True
2026-10-09T13:45:00+11:00,2357043,2509_370,-33.894798278808594,151.18211364746094,39.0,18.7,-123,-2.05,False
2026-10-09T13:45:00+11:00,2488408,2509_392,-33.92299270629883,151.2274932861328,154.0,35.6,460,7.67,False
2026-10-09T13:45:00+11:00,2534274,2509_360,-33.91260528564453,151.26278686523438,101.0,41.4,108,1.8,True
2026-10-09T13:45:00+11:00,2400572,2509_392,-33.896324157714844,151.1991729736328,162.0,3.2,283,4.72,True
2026-10-09T13:45:00+11:00,2138159,2509_396,-33.88054656982422,151.21681213378906,127.0,4.7,246,4.1,True
2026-10-09T13:45:00+11:00,2356682,2509_374,-33.88191604614258,151.20648193359375,127.0,0.0,0,0.0,True
2026-10-09T13:45:00+11:00,2564658,2509_333,-33.88094711303711,151.21751403808594,297.0,0.0,540,9.0,False
2026-10-09T13:45:00+11:00,2575736,2509_374,-33.914772033691406,151.24923706054688,7.0,0.0,122,2.03,True
2026-10-09T13:45:00+11:00,2356448,2509_370,-33.91474151611328,151.22601318359375,281.0,23.4,67,1.12,True
2026-10-09T13:45:00+11:00,2675143,2509_309,-33.941471099853516,151.19512939453125,175.0,31.0,166,2.77,True
2026-10-09T13:45:00+11:00,2151927,2509_333,-33.88874435424805,151.27792358398438,96.0,31.3,-355,-5.92,False
2026-10-09T13:45:00+11:00,2532513,2509_313,-33.893192291259766,151.24960327148438,16.0,15.1,-162,-2.7,False
2026-10-09T13:45:00+11:00,2357246,2509_370,-33.914329528808594,151.2255096435547,170.0,0.0,-30,-0.5,True
2026-10-09T13:45:00+11:00,2139180,2509_396,-33.93075180053711,151.23692321777344,159.0,37.4,836,13.93,False
2026-10-09T13:45:00+11:00,2532875,2509_362,-33.919151306152344,151.25714111328125,12.0,13.0,0,0.0,True
2026-10-09T13:45:00+11:00,2564464,2509_379,-33.905818939208984,151.26080322265625,258.0,31.0,533,8.88,False
2026-10-09T13:45:00+11:00,2551958,2509_379,-33.89197540283203,151.25057983398438,260.0,18.4,-308,-5.13,False
2026-10-09T13:45:00+11:00,2740179,2509_370,-33.903045654296875,151.19606018066406,76.0,29.5,279,4.65,True
2026-10-09T13:45:00+11:00,2356029,2509_373,-33.92033767700195,151.2570037841797,187.0,0.0,0,0.0,True
2026-10-09T13:45:00+11:00,2357444,2509_370,-33.91835403442383,151.24301147460938,280.0,40.3,10,0.17,True
2026-10-09T13:45:00+11:00,2532705,2509_386,-33.86994552612305,151.2701873779297,134.0,7.6,132,2.2,True
2026-10-09T13:45:00+11:00,2151996,2509_333,-33.8880500793457,151.23146057128906,137.0,29.9,421,7.02,False
2026-10-09T13:45:00+11:00,2152013,2509_333,-33.86248779296875,151.211181640625,7.0,0.7,0,0.0,True
2026-10-09T13:45:00+11:00,2533552,2509_325,-33.8727912902832,151.20877075195312,96.0,0.0,72,1.2,True
2026-10-09T13:45:00+11:00,2675047,2509_309,-33.89264678955078,151.19923400878906,24.0,0.0,0,0.0,True
2026-10-09T13:45:00+11:00,2564706,2509_333,-33.893455505371094,151.26026916503906,279.0,0.0,-84,-1.4,False
2026-10-09T13:45:00+11:00,2356943,2509_373,-33.88085174560547,151.21694946289062,351.0,7.6,131,2.18,True
2026-10-09T13:45:00+11:00,2565169,2509_379,-33.891151428222656,151.2489471435547,284.0,0.0,-1371,-22.85,False
2026-10-09T13:45:00+11:00,2531214,2509_360,-33.90187072753906,151.2602081298828,73.0,31.7,115,1.92,True
2026-10-09T13:45:00+11:00,2396575,2509_392,-33.8961067199707,151.20700073242188,280.0,15.8,-176,-2.93,False
2026-10-09T13:45:00+11:00,2564550,2509_350,-33.927608489990234,151.18760681152344,199.0,0.0,520,8.67,False
2026-10-09T13:45:00+11:00,2137078,2509_396,-33.918025970458984,151.22637939453125,171.0,0.7,-5,-0.08,True
2026-10-09T13:45:00+11:00,2531149,2509_324,-33.87950897216797,151.23597717285156,4.0,0.0,-255,-4.25,False
2026-10-09T13:45:00+11:00,2137856,2509_375,-33.94754409790039,151.23004150390625,142.0,39.6,162,2.7,True
2026-10-09T13:45:00+11:00,2357619,2509_343,-33.88164520263672,151.20864868164062,188.0,0.7,235,3.92,True
2026-10-09T13:45:00+11:00,2139562,2509_396,-33.93140411376953,151.2366485595703,349.0,9.0,-162,-2.7,False
2026-10-09T13:45:00+11:00,2565099,2509_333,-33.889530181884766,151.28323364257812,215.0,0.0,0,0.0,True
2026-10-09T13:45:00+11:00,2356939,2509_311,-33.87232208251953,151.22915649414062,263.0,0.0,511,8.52,False
2026-10-09T13:45:00+11:00,2139160,2509_306,-33.92479705810547,151.1903076171875,100.0,30.6,189,3.15,True
2026-10-09T13:45:00+11:00,2628721,2509_304,-33.87733459472656,151.20941162109375,6.0,0.0,185,3.08,True
2026-10-09T13:45:00+11:00,2531286,2509_380,-33.890716552734375,151.2744598388672,41.0,0.0,163,2.72,True
2026-10-09T13:45:00+11:00,2435289,2509_390X,-33.916229248046875,151.2396240234375,199.0,2.9,162,2.7,True
2026-10-09T13:45:00+11:00,2400413,2509_309,-33.90346908569336,151.20211791992188,337.0,15.1,121,2.02,True
2026-10-09T13:45:00+11:00,2564585,2509_333,-33.89113235473633,151.2742156982422,223.0,0.0,43,0.72,True
2026-10-09T13:45:00+11:00,2352202,2509_356,-33.93807601928711,151.2460479736328,113.0,31.3,-55,-0.92,True
2026-10-09T13:45:00+11:00,2628612,2509_304,-33.885921478271484,151.2138671875,189.0,33.5,372,6.2,False
2026-10-09T13:45:00+11:00,2357084,2509_343,-33.92359161376953,151.21115112304688,287.0,41.8,-73,-1.22,False
2026-10-09T13:45:00+11:00,2532591,2509_380,-33.869327545166016,151.28158569335938,191.0,40.7,413,6.88,False
2026-10-09T13:45:00+11:00,2531894,2509_362,-33.88501739501953,151.26803588867188,271.0,0.0,542,9.03,False
2026-10-09T13:45:00+11:00,2564962,2509_350,-33.90494918823242,151.25389099121094,10.0,18.4,478,7.97,False
2026-10-09T13:45:00+11:00,2357300,2509_373,-33.92426300048828,151.25498962402344,99.0,0.0,-531,-8.85,False
2026-10-09T13:45:00+11:00,2357456,2509_370,-33.91200637817383,151.2110137939453,276.0,28.1,178,2.97,True
2026-10-09T13:45:00+11:00,2400450,2509_309,-33.94347381591797,151.19573974609375,334.0,0.0,42,0.7,True
2026-10-09T13:45:00+11:00,2564783,2509_350,-33.94295120239258,151.21824645996094,124.0,41.0,71,1.18,True
2026-10-09T13:45:00+11:00,2564643,2509_333,-33.88966751098633,151.23355102539062,292.0,0.0,-122,-2.03,False
2026-10-09T13:45:00+11:00,2434443,2509_390X,-33.94681167602539,151.2408905029297,167.0,0.7,-51,-0.85,True
2026-10-09T13:45:00+11:00,2355950,2509_339,-33.90351104736328,151.24295043945312,125.0,0.0,177,2.95,True
2026-10-09T13:45:00+11:00,2138960,2509_306,-33.89255905151367,151.2003936767578,196.0,25.2,0,0.0,True
2026-10-09T13:45:00+11:00,2352445,2509_307,-33.945167541503906,151.22647094726562,358.0,0.0,0,0.0,True
2026-10-09T13:45:00+11:00,2531217,2509_352,-33.90848922729492,151.1720428466797,82.0,0.0,0,0.0,True
2026-10-09T13:45:00+11:00,2151457,2509_333,-33.875343322753906,151.20965576171875,185.0,1.8,231,3.85,True
2026-10-09T13:45:00+11:00,2531614,2509_327,-33.88193893432617,151.24978637695312,307.0,20.2,183,3.05,True
2026-10-09T13:45:00+11:00,2628660,2509_304,-33.90652847290039,151.211181640625,228.0,0.7,71,1.18,True
2026-10-09T13:45:00+11:00,2565029,2509_333,-33.889522552490234,151.28338623046875,213.0,0.0,0,0.0,True
2026-10-09T13:45:00+11:00,2357527,2509_343,-33.92137908935547,151.20059204101562,189.0,29.9,303,5.05,True
2026-10-09T13:45:00+11:00,2396550,2509_392,-33.929046630859375,151.2291717529297,348.0,3.2,59,0.98,True
2026-10-09T13:45:00+11:00,2346306,2509_390X,-33.93175506591797,151.23680114746094,350.0,33.5,75,1.25,True
2026-10-09T13:45:00+11:00,2551953,2509_379,-33.89348602294922,151.24954223632812,189.0,0.0,-32,-0.53,True
2026-10-09T13:45:00+11:00,2300926,2509_399,-33.953163146972656,151.2417755126953,356.0,0.0,68,1.13,True
2026-10-09T13:45:00+11:00,2740227,2509_370,-33.872100830078125,151.17994689941406,196.0,0.0,58,0.97,True
2026-10-09T13:45:00+11:00,2534432,2509_380,-33.89200973510742,151.25015258789062,258.0,0.0,-7,-0.12,True
2026-10-09T13:45:00+11:00,2532276,2509_352,-33.884586334228516,151.22425842285156,118.0,20.9,655,10.92,False
2026-10-09T13:45:00+11:00,2140932,2509_375,-33.92344665527344,151.24386596679688,11.0,0.0,-144,-2.4,False
2026-10-09T13:45:00+11:00,2140340,2509_396,-33.94023132324219,151.23936462402344,170.0,30.2,48,0.8,True
2026-10-09T13:45:00+11:00,2675052,2509_309,-33.89576721191406,151.1990203857422,166.0,12.2,41,0.68,True
2026-10-09T13:45:00+11:00,2356497,2509_370,-33.893951416015625,151.18301391601562,42.0,20.2,425,7.08,False
2026-10-09T13:45:00+11:00,2740222,2509_370,-33.905540466308594,151.18093872070312,156.0,0.0,-13,-0.22,True
2026-10-09T13:45:00+11:00,2346315,2509_390X,-33.91545104980469,151.2401123046875,83.0,22.3,724,12.07,False
2026-10-09T13:45:00+11:00,2488435,2509_392,-33.891754150390625,151.19985961914062,30.0,19.1,0,0.0,True
2026-10-09T13:45:00+11:00,2357700,2509_343,-33.89596176147461,151.20677185058594,197.0,8.6,436,7.27,False
2026-10-09T13:45:00+11:00,2151836,2509_333,-33.89013671875,151.27520751953125,44.0,28.4,101,1.68,True
2026-10-09T13:45:00+11:00,2564562,2509_379,-33.8858757019043,151.27342224121094,215.0,0.0,49,0.82,True
2026-10-09T13:45:00+11:00,2470775,2509_397,-33.941566467285156,151.23684692382812,235.0,36.7,-118,-1.97,False
2026-10-09T13:45:00+11:00,2137967,2509_396,-33.88340377807617,151.21749877929688,352.0,33.1,14,0.23,True
2026-10-09T13:45:00+11:00,2357024,2509_374,-33.912933349609375,151.24053955078125,100.0,0.0,295,4.92,True
2026-10-09T13:45:00+11:00,2534619,2509_325,-33.876914978027344,151.2325439453125,284.0,23.4,1257,20.95,False
2026-10-09T13:45:00+11:00,2564654,2509_350,-33.946556091308594,151.25657653808594,44.0,5.0,352,5.87,True
2026-10-09T13:45:00+11:00,2628591,2509_304,-33.86248779296875,151.2112274169922,189.0,23.8,22,0.37,True
2026-10-09T13:45:00+11:00,2564637,2509_333,-33.891212463378906,151.2533416748047,318.0,0.0,113,1.88,True
2026-10-09T13:45:00+11:00,2532353,2509_381,-33.89305877685547,151.25831604003906,98.0,0.4,77,1.28,True
2026-10-09T13:45:00+11:00,2565009,2509_350,-33.94521713256836,151.22630310058594,186.0,0.0,265,4.42,True
2026-10-09T13:45:00+11:00,2565137,2509_350,-33.8919563293457,151.24981689453125,176.0,13.0,4,0.07,True
2026-10-09T13:45:00+11:00,2356325,2509_343,-33.86445617675781,151.21170043945312,187.0,35.3,215,3.58,True
2026-10-09T13:45:00+11:00,2534513,2509_324,-33.858768463134766,151.20260620117188,357.0,22.3,34,0.57,True
2026-10-09T13:45:00+11:00,2151796,2509_333,-33.862937927246094,151.21112060546875,4.0,0.0,2,0.03,True
2026-10-09T13:45:00+11:00,2346384,2509_390X,-33.915218353271484,151.24053955078125,345.0,14.0,234,3.9,True
2026-10-09T13:45:00+11:00,2551949,2509_379,-33.90654754638672,151.2675323486328,74.0,44.6,-177,-2.95,False
2026-10-09T13:45:00+11:00,2300894,2509_399,-33.94172668457031,151.23959350585938,168.0,28.1,-128,-2.13,False
2026-10-09T13:45:00+11:00,2335724,2509_309,-33.92558670043945,151.19540405273438,9.0,0.0,255,4.25,True
2026-10-09T13:45:00+11:00,2533167,2509_380,-33.84332275390625,151.28404235839844,343.0,0.0,0,0.0,True
2026-10-09T13:45:00+11:00,2356765,2509_339,-33.8863525390625,151.2184600830078,304.0,34.9,161,2.68,True
2026-10-09T13:45:00+11:00,2532110,2509_324,-33.859683990478516,151.27342224121094,216.0,47.5,180,3.0,True
2026-10-09T13:45:00+11:00,2533191,2509_324,-33.87709426879883,151.23355102539062,312.0,31.3,416,6.93,False
2026-10-09T13:45:00+11:00,2533839,2509_355,-33.89674758911133,151.2003936767578,274.0,0.0,395,6.58,False
2026-10-09T13:45:00+11:00,2470778,2509_356,-33.94463348388672,151.22637939453125,192.0,0.4,13,0.22,True
2026-10-09T13:45:00+11:00,2138658,2509_396,-33.8648796081543,151.2116241455078,189.0,34.6,253,4.22,True
2026-10-09T13:45:00+11:00,2564544,2509_350,-33.924949645996094,151.19174194335938,100.0,31.0,111,1.85,True
2026-10-09T13:45:00+11:00,2533490,2509_355,-33.89094924926758,151.2490692138672,277.0,0.0,1,0.02,True
2026-10-09T13:45:00+11:00,2563998,2509_387,-33.89118957519531,151.25302124023438,75.0,0.0,232,3.87,True
2026-10-09T13:45:00+11:00,2533680,2509_355,-33.905738830566406,151.1672821044922,338.0,0.0,139,2.32,True
2026-10-09T13:45:00+11:00,2531858,2509_313,-33.9196662902832,151.25704956054688,10.0,0.0,10,0.17,True
2026-10-09T13:45:00+11:00,2151729,2509_333,-33.891197204589844,151.25315856933594,73.0,0.0,-46,-0.77,True
2026-10-09T13:45:00+11:00,2564771,2509_350,-33.92889404296875,151.25552368164062,135.0,32.0,856,14.27,False
2026-10-09T13:45:00+11:00,2565014,2509_333,-33.882083892822266,151.21995544433594,325.0,20.2,-152,-2.53,False
2026-10-09T13:45:00+11:00,2531412,2509_325,-33.87279510498047,151.2622528076172,291.0,4.7,371,6.18,False
2026-10-09T13:45:00+11:00,2564043,2509_379,-33.891258239746094,151.25283813476562,77.0,0.0,173,2.88,True
2026-10-09T13:45:00+11:00,2346376,2509_390X,-33.94364547729492,151.23959350585938,349.0,42.1,-128,-2.13,False
2026-10-09T13:45:00+11:00,2137401,2509_375,-33.9249382019043,151.24618530273438,105.0,29.2,0,0.0,True
2026-10-09T13:45:00+11:00,2357806,2509_343,-33.87650680541992,151.20950317382812,5.0,31.0,83,1.38,True
2026-10-09T13:45:00+11:00,2137574,2509_375,-33.95561981201172,151.230224609375,285.0,16.9,-49,-0.82,True
2026-10-09T13:45:00+11:00,2435618,2509_390X,-33.90304183959961,151.2549285888672,166.0,27.7,302,5.03,True
2026-10-09T13:45:00+11:00,2565114,2509_350,-33.922733306884766,151.25599670410156,191.0,0.0,319,5.32,True
2026-10-09T13:45:00+11:00,2356672,2509_311,-33.86418151855469,151.20323181152344,294.0,10.8,744,12.4,False
2026-10-09T13:45:00+11:00,2357734,2509_374,-33.889251708984375,151.20791625976562,185.0,0.0,92,1.53,True
2026-10-09T13:45:00+11:00,2400370,2509_392,-33.90993118286133,151.2224578857422,97.0,0.0,412,6.87,False
2026-10-09T13:45:00+11:00,2740198,2509_370,-33.87196350097656,151.18014526367188,197.0,0.0,0,0.0,True
2026-10-09T13:45:00+11:00,2357291,2509_373,-33.88759994506836,151.2198944091797,160.0,53.6,414,6.9,False
2026-10-09T13:45:00+11:00,2533757,2509_380,-33.85872268676758,151.28067016601562,38.0,37.8,422,7.03,False
2026-10-09T13:45:00+11:00,2151608,2509_333,-33.883785247802734,151.22210693359375,115.0,0.0,25,0.42,True
2026-10-09T14:00:00+11:00,2720530,2514_281,-33.78681564331055,151.19790649414062,249.0,4.0,432,7.2,False
2026-10-09T14:00:00+11:00,2635833,2459_415,-33.877262115478516,151.10203552246094,281.0,18.0,29,0.48,True
2026-10-09T14:00:00+11:00,2287909,2459_470,-33.88148880004883,151.1704864501953,291.0,0.0,4,0.07,True
2026-10-09T14:00:00+11:00,2635872,2459_504,-33.85190963745117,151.1531219482422,58.0,0.0,336,5.6,True
2026-10-09T14:00:00+11:00,2707262,2504_610X,-33.840885162353516,151.21043395996094,350.0,65.9,181,3.02,True
2026-10-09T14:00:00+11:00,2608984,2459_430,-33.9147834777832,151.16526794433594,235.0,36.0,63,1.05,True
2026-10-09T14:00:00+11:00,2286897,2459_441,-33.87044143676758,151.2130126953125,28.0,15.5,-71,-1.18,False
2026-10-09T14:00:00+11:00,2383272,2508_100,-33.83136749267578,151.2222137451172,114.0,10.4,247,4.12,True
2026-10-09T14:00:00+11:00,2288671,2459_418,-33.88663864135742,151.10791015625,271.0,54.7,474,7.9,False
2026-10-09T14:00:00+11:00,2736651,2459_428,-33.906097412109375,151.12728881835938,217.0,0.0,610,10.17,False
2026-10-09T14:00:00+11:00,2285430,2459_438X,-33.880245208740234,151.20791625976562,97.0,13.3,-9,-0.15,True
2026-10-09T14:00:00+11:00,1932429,2459_412,-33.901710510253906,151.1533660888672,3.0,21.2,130,2.17,True
2026-10-09T14:00:00+11:00,2589889,2508_280,-33.794151306152344,151.18226623535156,156.0,28.4,-369,-6.15,False
2026-10-09T14:00:00+11:00,2208148,2459_487,-33.91152572631836,151.1188507080078,140.0,0.0,0,0.0,True
2026-10-09T14:00:00+11:00,2308854,2459_445,-33.89670944213867,151.14898681640625,94.0,34.9,4,0.07,True
2026-10-09T14:00:00+11:00,2209604,2459_408,-33.87720489501953,151.10235595703125,280.0,11.2,-192,-3.2,False
2026-10-09T14:00:00+11:00,1961271,2459_412,-33.91166305541992,151.14242553710938,145.0,15.5,-260,-4.33,False
2026-10-09T14:00:00+11:00,2038727,2459_470,-33.882747650146484,151.20433044433594,69.0,28.4,-103,-1.72,False
2026-10-09T14:00:00+11:00,2619983,2459_530,-33.81479263305664,151.1535186767578,255.0,27.4,62,1.03,True
2026-10-09T14:00:00+11:00,2711063,2504_610X,-33.8685302734375,151.2060089111328,173.0,0.0,0,0.0,True
2026-10-09T14:00:00+11:00,2428522,2508_238,-33.834861755371094,151.2459716796875,155.0,25.9,354,5.9,True
2026-10-09T14:00:00+11:00,2668143,2459_420,-33.93589401245117,151.16500854492188,231.0,29.2,474,7.9,False
2026-10-09T14:00:00+11:00,2415709,2508_B1,-33.80018615722656,151.247314453125,65.0,50.8,48,0.8,True
2026-10-09T14:00:00+11:00,2286838,2459_438X,-33.88831329345703,151.16278076171875,278.0,47.5,116,1.93,True
2026-10-09T14:00:00+11:00,2415700,2508_B1,-33.86623001098633,151.20574951171875,174.0,0.0,0,0.0,True
2026-10-09T14:00:00+11:00,2038456,2459_440,-33.8856315612793,151.18128967285156,84.0,7.9,534,8.9,False
2026-10-09T14:00:00+11:00,2209621,2459_440,-33.89086151123047,151.24827575683594,97.0,0.0,34,0.57,True
2026-10-09T14:00:00+11:00,2635840,2459_504,-33.847747802734375,151.14134216308594,43.0,4.7,0,0.0,True
2026-10-09T14:00:00+11:00,2421366,2508_230,-33.82565689086914,151.24349975585938,327.0,21.6,-23,-0.38,True
2026-10-09T14:00:00+11:00,2660258,2459_320,-33.884220123291016,151.20346069335938,32.0,0.0,0,0.0,True
2026-10-09T14:00:00+11:00,2038459,2459_440,-33.86430740356445,151.1696319580078,234.0,0.0,65,1.08,True
2026-10-09T14:00:00+11:00,2677246,2503_M90,-33.87405776977539,151.10586547851562,278.0,16.6,0,0.0,True
2026-10-09T14:00:00+11:00,2290971,2459_433,-33.878028869628906,151.1855926513672,327.0,33.8,1135,18.92,False
2026-10-09T14:00:00+11:00,2286441,2459_428,-33.904022216796875,151.1681671142578,109.0,0.0,-190,-3.17,False
2026-10-09T14:00:00+11:00,2720512,2514_270,-33.809322357177734,151.2045135498047,190.0,29.2,119,1.98,True
2026-10-09T14:00:00+11:00,2285155,2459_426,-33.87812042236328,151.20748901367188,250.0,6.8,166,2.77,True
2026-10-09T14:00:00+11:00,1962065,2459_412,-33.8671875,151.2110595703125,7.0,0.0,252,4.2,True
2026-10-09T14:00:00+11:00,2287530,2459_428,-33.912410736083984,151.1187286376953,231.0,15.1,,,
2026-10-09T14:00:00+11:00,2475267,2459_389,-33.87339401245117,151.2106475830078,92.0,20.5,-5,-0.08,True
2026-10-09T14:00:00+11:00,2415646,2508_B1,-33.82975769042969,151.21351623535156,20.0,27.7,-23,-0.38,True
2026-10-09T14:00:00+11:00,2374436,2508_B1,-33.8245735168457,151.24017333984375,279.0,20.2,245,4.08,True
2026-10-09T14:00:00+11:00,2475262,2459_389,-33.875755310058594,151.21524047851562,100.0,32.0,1031,17.18,False
2026-10-09T14:00:00+11:00,2635894,2459_504,-33.85551834106445,151.13027954101562,346.0,15.8,371,6.18,False
2026-10-09T14:00:00+11:00,2287348,2459_423,-33.89860916137695,151.17555236816406,85.0,15.1,207,3.45,True
2026-10-09T14:00:00+11:00,2609001,2459_430,-33.90614700317383,151.1650848388672,43.0,29.2,379,6.32,False
2026-10-09T14:00:00+11:00,1940336,2459_412,-33.89185333251953,151.17613220214844,248.0,36.7,551,9.18,False
2026-10-09T14:00:00+11:00,2375409,2508_173X,-33.801029205322266,151.24636840820312,11.0,53.6,-115,-1.92,False
2026-10-09T14:00:00+11:00,2286763,2459_433,-33.87980651855469,151.17770385742188,289.0,0.0,285,4.75,True
2026-10-09T14:00:00+11:00,2283426,2459_437,-33.86964797973633,151.17552185058594,240.0,33.8,-238,-3.97,False
2026-10-09T14:00:00+11:00,2736832,2459_428,-33.878150939941406,151.20777893066406,279.0,8.3,298,4.97,True
2026-10-09T14:00:00+11:00,2596426,2459_492,-33.87517166137695,151.1040496826172,190.0,22.3,809,13.48,False
2026-10-09T14:00:00+11:00,2424424,2508_230,-33.83000946044922,151.21836853027344,114.0,0.0,65,1.08,True
2026-10-09T14:00:00+11:00,2736709,2459_308,-33.908512115478516,151.1719207763672,77.0,0.0,90,1.5,True
2026-10-09T14:00:00+11:00,2042452,2508_B1,-33.79180145263672,151.2545928955078,217.0,71.3,42,0.7,True
2026-10-09T14:00:00+11:00,2208339,2459_466,-33.859230041503906,151.11392211914062,257.0,42.1,61,1.02,True
2026-10-09T14:00:00+11:00,2475256,2459_389,-33.86935043334961,151.2004852294922,209.0,43.6,0,0.0,True
2026-10-09T14:00:00+11:00,2290334,2459_433,-33.86863327026367,151.17636108398438,162.0,0.0,137,2.28,True
2026-10-09T14:00:00+11:00,2209369,2459_464,-33.89450454711914,151.1116180419922,73.0,0.0,293,4.88,True
2026-10-09T14:00:00+11:00,2421454,2508_230,-33.83066940307617,151.20858764648438,188.0,0.0,2,0.03,True
2026-10-09T14:00:00+11:00,2286012,2459_431,-33.88228988647461,151.18994140625,302.0,0.0,294,4.9,True
2026-10-09T14:00:00+11:00,2718605,2508_144,-33.798988342285156,151.25148010253906,234.0,0.0,129,2.15,True
2026-10-09T14:00:00+11:00,2438286,7084_SW2,-33.9146614074707,151.16510009765625,215.0,0.0,-183,-3.05,False
2026-10-09T14:00:00+11:00,2685962,2459_423,-33.867149353027344,151.21066284179688,186.0,0.0,295,4.92,True
2026-10-09T14:00:00+11:00,2290889,2459_422,-33.893856048583984,151.1832275390625,222.0,2.2,-12,-0.2,True
2026-10-09T14:00:00+11:00,2284053,2459_442,-33.86262512207031,151.17648315429688,172.0,0.0,43,0.72,True
2026-10-09T14:00:00+11:00,2374905,2508_B1,-33.836788177490234,151.2115478515625,180.0,58.7,-67,-1.12,False
2026-10-09T14:00:00+11:00,2632201,2510_301,-33.935760498046875,151.20713806152344,280.0,59.4,19,0.32,True
2026-10-09T14:00:00+11:00,2287347,2459_433,-33.881103515625,151.2064208984375,211.0,0.0,0,0.0,True
2026-10-09T14:00:00+11:00,2287251,2459_431,-33.87334442138672,151.18199157714844,142.0,30.6,49,0.82,True
2026-10-09T14:00:00+11:00,2283948,2459_438X,-33.8704833984375,151.1314239501953,126.0,39.2,2,0.03,True
2026-10-09T14:00:00+11:00,2475272,2459_389,-33.86964416503906,151.19790649414062,181.0,0.0,0,0.0,True
2026-10-09T14:00:00+11:00,2373630,2508_173X,-33.865108489990234,151.2062530517578,276.0,13.3,0,0.0,True
2026-10-09T14:00:00+11:00,2484369,2459_483,-33.888092041015625,151.15867614746094,255.0,32.4,140,2.33,True
2026-10-09T14:00:00+11:00,2208668,2459_406,-33.889156341552734,151.12632751464844,205.0,31.3,7,0.12,True
2026-10-09T14:00:00+11:00,2608963,2459_430,-33.89106750488281,151.18836975097656,41.0,33.5,217,3.62,True
2026-10-09T14:00:00+11:00,2349613,2459_418,-33.90591812133789,151.12705993652344,177.0,5.4,545,9.08,False
2026-10-09T14:00:00+11:00,2736824,2459_445,-33.88795852661133,151.15768432617188,174.0,0.0,80,1.33,True
2026-10-09T14:00:00+11:00,2554282,2459_358,-33.92050552368164,151.1878662109375,11.0,0.0,59,0.98,True
2026-10-09T14:00:00+11:00,2329244,7083_SW3,-33.90580368041992,151.1357879638672,264.0,37.8,105,1.75,True
2026-10-09T14:00:00+11:00,2708082,2504_620X,-33.813568115234375,151.18788146972656,90.0,64.8,8,0.13,True
2026-10-09T14:00:00+11:00,2720913,2514_194,-33.87014389038086,151.20542907714844,354.0,0.4,0,0.0,True
2026-10-09T14:00:00+11:00,2282999,2459_422,-33.88465118408203,151.19129943847656,85.0,0.0,110,1.83,True
2026-10-09T14:00:00+11:00,2619986,2459_530,-33.87299346923828,151.10450744628906,190.0,24.1,-76,-1.27,False
2026-10-09T14:00:00+11:00,2720014,2514_271,-33.80717086791992,151.2049560546875,11.0,47.2,-28,-0.47,True
2026-10-09T14:00:00+11:00,2635983,2459_504,-33.85139846801758,151.1539306640625,231.0,0.0,-119,-1.98,False
2026-10-09T14:00:00+11:00,2572850,7084_SW2,-33.900943756103516,151.1476593017578,93.0,51.8,-33,-0.55,True
2026-10-09T14:00:00+11:00,2289551,2459_461X,-33.87234115600586,151.125244140625,130.0,44.6,110,1.83,True
2026-10-09T14:00:00+11:00,2038728,2459_470,-33.87680435180664,151.16482543945312,188.0,28.4,489,8.15,False
2026-10-09T14:00:00+11:00,2287571,2459_433,-33.88007736206055,151.1871337890625,331.0,0.0,-56,-0.93,True
2026-10-09T14:00:00+11:00,2208591,2459_440,-33.88721466064453,151.2303924560547,309.0,17.3,-51,-0.85,True
2026-10-09T14:00:00+11:00,2415798,2508_B1,-33.796329498291016,151.25270080566406,11.0,0.0,370,6.17,False
2026-10-09T14:00:00+11:00,2287786,2459_431,-33.875370025634766,151.20965576171875,354.0,0.0,22,0.37,True
2026-10-09T14:00:00+11:00,2209041,2459_464,-33.84794616699219,151.10739135742188,77.0,21.2,368,6.13,False
2026-10-09T14:00:00+11:00,2289159,2459_438X,-33.887996673583984,151.16673278808594,83.0,42.8,199,3.32,True
2026-10-09T14:00:00+11:00,2550162,2508_263,-33.82160949707031,151.2206268310547,314.0,0.0,-162,-2.7,False
2026-10-09T14:00:00+11:00,2286779,2459_470,-33.88279724121094,151.1857147216797,310.0,33.1,-68,-1.13,False
2026-10-09T14:00:00+11:00,2438262,7084_SW2,-33.91460418701172,151.16522216796875,255.0,0.4,0,0.0,True
2026-10-09T14:00:00+11:00,2286507,2459_461X,-33.88473892211914,151.19432067871094,264.0,26.3,595,9.92,False
2026-10-09T14:00:00+11:00,2596374,2459_490,-33.87564468383789,151.10902404785156,280.0,33.5,311,5.18,True
2026-10-09T14:00:00+11:00,2287202,2459_502,-33.86808776855469,151.13414001464844,260.0,16.9,0,0.0,True
2026-10-09T14:00:00+11:00,1961270,2459_412,-33.89120101928711,151.17843627929688,67.0,17.3,172,2.87,True
2026-10-09T14:00:00+11:00,1961442,2459_412,-33.88527297973633,151.1836395263672,257.0,38.9,24,0.4,True
2026-10-09T14:00:00+11:00,2038726,2459_470,-33.8802604675293,151.20797729492188,102.0,0.0,412,6.87,False
2026-10-09T14:00:00+11:00,2286715,2459_433,-33.85663604736328,151.17881774902344,283.0,24.1,18,0.3,True
2026-10-09T14:00:00+11:00,2287765,2459_461X,-33.88400650024414,151.20266723632812,251.0,10.4,-76,-1.27,False
2026-10-09T14:00:00+11:00,2287013,2459_428,-33.884098052978516,151.201416015625,87.0,13.7,349,5.82,True
2026-10-09T14:00:00+11:00,2038455,2459_440,-33.89070510864258,151.23890686035156,74.0,37.8,-441,-7.35,False
2026-10-09T14:00:00+11:00,2609044,2459_430,-33.880977630615234,151.20652770996094,209.0,0.0,408,6.8,False
2026-10-09T14:00:00+11:00,2095862,2508_160X,-33.781227111816406,151.19570922851562,14.0,0.0,267,4.45,True
2026-10-09T14:00:00+11:00,2736681,2459_308,-33.8828125,151.20814514160156,123.0,0.0,-7,-0.12,True
2026-10-09T14:00:00+11:00,2208296,2459_464,-33.8658332824707,151.10621643066406,11.0,25.2,51,0.85,True
2026-10-09T14:00:00+11:00,2208579,2459_464,-33.865726470947266,151.10604858398438,198.0,24.1,5,0.08,True
2026-10-09T14:00:00+11:00,2286017,2459_418,-33.9055061340332,151.12693786621094,356.0,23.0,65,1.08,True
2026-10-09T14:00:00+11:00,2714718,2508_114,-33.8247184753418,151.24119567871094,299.0,0.0,336,5.6,True
2026-10-09T14:00:00+11:00,2383160,2508_100,-33.870391845703125,151.20545959472656,354.0,24.1,44,0.73,True
2026-10-09T14:00:00+11:00,2290561,2459_426,-33.87858581542969,151.20730590820312,13.0,0.0,-55,-0.92,True
2026-10-09T14:00:00+11:00,2288015,2459_437,-33.87303924560547,151.16026306152344,168.0,19.1,374,6.23,False
2026-10-09T14:00:00+11:00,2376073,2508_144,-33.79615020751953,151.1805419921875,178.0,0.0,0,0.0,True
2026-10-09T14:00:00+11:00,2719835,2514_281,-33.79575729370117,151.18592834472656,74.0,14.0,85,1.42,True
2026-10-09T14:00:00+11:00,2287660,2459_438X,-33.84599685668945,151.1285858154297,182.0,37.8,0,0.0,True
2026-10-09T14:00:00+11:00,2037366,2459_469,-33.881404876708984,151.17039489746094,291.0,0.0,304,5.07,True
2026-10-09T14:00:00+11:00,2570056,7083_SW1,-33.9130744934082,151.1412353515625,138.0,25.6,39,0.65,True
2026-10-09T14:00:00+11:00,2714674,2508_144,-33.82333755493164,151.19564819335938,278.0,30.2,429,7.15,False
2026-10-09T14:00:00+11:00,2208584,2459_473,-33.93220901489258,151.14462280273438,350.0,0.0,-130,-2.17,False
2026-10-09T14:00:00+11:00,2708524,2504_607X,-33.8078727722168,151.15576171875,307.0,79.9,129,2.15,True
2026-10-09T14:00:00+11:00,2736742,2459_445,-33.87153625488281,151.15977478027344,254.0,18.4,7,0.12,True
2026-10-09T14:00:00+11:00,2514885,2459_410,-33.8571662902832,151.10333251953125,347.0,0.0,189,3.15,True
2026-10-09T14:00:00+11:00,2383186,2508_100,-33.83338165283203,151.24508666992188,332.0,59.4,88,1.47,True
2026-10-09T14:00:00+11:00,2388833,2508_173X,-33.82454299926758,151.2400665283203,277.0,27.7,330,5.5,True
2026-10-09T14:00:00+11:00,2289809,2459_423,-33.90742492675781,151.16409301757812,33.0,29.5,122,2.03,True
2026-10-09T14:00:00+11:00,2290686,2459_426,-33.89800262451172,151.17784118652344,245.0,37.1,140,2.33,True
2026-10-09T14:00:00+11:00,2668154,2459_420,-33.92866134643555,151.1835174560547,9.0,57.6,47,0.78,True
2026-10-09T14:00:00+11:00,2289699,2459_348,-33.92881774902344,151.15370178222656,103.0,0.0,152,2.53,True
2026-10-09T14:00:00+11:00,2289638,2459_461X,-33.87142562866211,151.21653747558594,42.0,0.0,0,0.0,True
2026-10-09T14:00:00+11:00,2208905,2459_530,-33.79895782470703,151.17874145507812,339.0,38.9,-69,-1.15,False
2026-10-09T14:00:00+11:00,2375016,2508_172X,-33.80521011352539,151.24649047851562,162.0,0.0,75,1.25,True
2026-10-09T14:00:00+11:00,2383188,2508_100,-33.83700180053711,151.2115478515625,182.0,57.2,-147,-2.45,False
2026-10-09T14:00:00+11:00,2725835,7083_SW1,-33.91403579711914,151.1660614013672,42.0,17.6,1,0.02,True
2026-10-09T14:00:00+11:00,2596472,2459_492,-33.86092758178711,151.14015197753906,247.0,37.8,104,1.73,True
2026-10-09T14:00:00+11:00,2596458,2459_491,-33.9195671081543,151.12228393554688,279.0,18.0,715,11.92,False
2026-10-09T14:00:00+11:00,2415772,2508_B1,-33.83040237426758,151.2259979248047,62.0,20.9,215,3.58,True
2026-10-09T14:00:00+11:00,2038458,2459_440,-33.8738899230957,151.15602111816406,180.0,22.3,0,0.0,True
2026-10-09T14:00:00+11:00,2288071,2459_428,-33.90858459472656,151.12457275390625,51.0,38.9,-3,-0.05,True
2026-10-09T14:00:00+11:00,2349421,2459_418,-33.9210205078125,151.16668701171875,245.0,40.3,189,3.15,True
2026-10-09T14:00:00+11:00,2209547,2459_415,-33.85114288330078,151.12942504882812,97.0,0.0,300,5.0,True
2026-10-09T14:00:00+11:00,2376108,2508_111,-33.83278274536133,151.24131774902344,54.0,41.4,162,2.7,True
2026-10-09T14:00:00+11:00,2554147,2459_358,-33.92277526855469,151.2064208984375,97.0,0.0,240,4.0,True
2026-10-09T14:00:00+11:00,2514956,2459_410,-33.87073516845703,151.10498046875,9.0,20.5,-245,-4.08,False
2026-10-09T14:00:00+11:00,2208752,2459_464,-33.888458251953125,151.11917114257812,245.0,4.3,105,1.75,True
2026-10-09T14:00:00+11:00,2668080,2459_420,-33.93204116821289,151.18377685546875,11.0,16.6,521,8.68,False
2026-10-09T14:00:00+11:00,2375301,2508_144,-33.828941345214844,151.20947265625,100.0,31.7,297,4.95,True
2026-10-09T14:00:00+11:00,2383309,2508_100,-33.865997314453125,151.20571899414062,175.0,27.4,45,0.75,True
2026-10-09T14:00:00+11:00,2289513,2459_348,-33.921165466308594,151.23809814453125,101.0,0.0,101,1.68,True
2026-10-09T14:00:00+11:00,2286827,2459_433,-33.87910079956055,151.18650817871094,148.0,28.1,170,2.83,True
2026-10-09T14:00:00+11:00,2290616,2459_423,-33.87738800048828,151.2093963623047,6.0,0.0,666,11.1,False
2026-10-09T14:00:00+11:00,2685996,2459_423,-33.90586471557617,151.16558837890625,253.0,33.8,138,2.3,True
2026-10-09T14:00:00+11:00,2668101,2459_420,-33.93647384643555,151.16293334960938,360.0,38.5,501,8.35,False
2026-10-09T14:00:00+11:00,2208631,2459_440,-33.88465881347656,151.19383239746094,262.0,0.0,328,5.47,True
2026-10-09T14:00:00+11:00,2725792,7083_SW1,-33.914119720458984,151.1662139892578,264.0,1.4,596,9.93,False
2026-10-09T14:00:00+11:00,2288696,2459_438X,-33.87969207763672,151.20912170410156,185.0,9.0,-30,-0.5,True
2026-10-09T14:00:00+11:00,2374644,2508_144,-33.82388687133789,151.1927490234375,65.0,34.6,146,2.43,True
2026-10-09T14:00:00+11:00,2736655,2459_308,-33.908626556396484,151.1750946044922,187.0,15.8,132,2.2,True
2026-10-09T14:00:00+11:00,2618164,2508_263,-33.82524108886719,151.2247772216797,178.0,33.8,535,8.92,False
2026-10-09T14:00:00+11:00,2714704,2508_114,-33.8232536315918,151.19515991210938,259.0,31.7,413,6.88,False
2026-10-09T14:00:00+11:00,2288274,2459_423,-33.88378143310547,151.2024688720703,73.0,23.8,-97,-1.62,False
2026-10-09T14:00:00+11:00,2596255,2459_490,-33.850765228271484,151.15512084960938,232.0,0.7,2,0.03,True
2026-10-09T14:00:00+11:00,1962149,2459_412,-33.87773895263672,151.20933532714844,193.0,29.5,109,1.82,True
2026-10-09T14:00:00+11:00,2285631,2459_428,-33.885643005371094,151.19430541992188,20.0,41.0,-273,-4.55,False
2026-10-09T14:00:00+11:00,2285778,2459_438X,-33.87550354003906,151.13478088378906,326.0,26.3,-46,-0.77,True
2026-10-09T14:00:00+11:00,2515017,2459_410,-33.87345886230469,151.10446166992188,189.0,32.0,-100,-1.67,False
2026-10-09T14:00:00+11:00,2209704,2459_530,-33.85786056518555,151.14442443847656,46.0,21.2,-52,-0.87,True
2026-10-09T14:00:00+11:00,2286969,2459_470,-33.88161849975586,151.20584106445312,227.0,18.4,-137,-2.28,False
2026-10-09T14:00:00+11:00,2349609,2459_418,-33.887672424316406,151.11485290527344,121.0,46.4,-12,-0.2,True
2026-10-09T14:00:00+11:00,2721325,2514_270,-33.87235641479492,151.20567321777344,354.0,0.0,0,0.0,True
2026-10-09T14:00:00+11:00,2383198,2508_100,-33.838417053222656,151.24517822265625,183.0,42.1,-242,-4.03,False
2026-10-09T14:00:00+11:00,2570040,7083_SW1,-33.91022872924805,151.1219482421875,50.0,47.5,57,0.95,True
2026-10-09T14:00:00+11:00,1870768,2459_412,-33.8802604675293,151.2068328857422,13.0,0.0,-55,-0.92,True
2026-10-09T14:00:00+11:00,2714654,2508_144,-33.82441711425781,151.2382049560547,271.0,45.4,149,2.48,True
2026-10-09T14:00:00+11:00,2714654_2,2508_144,-33.8244514465332,151.2382354736328,269.0,37.1,229,3.82,True
2026-10-09T14:00:00+11:00,2720617,2514_194,-33.79750061035156,151.20956420898438,161.0,15.1,-177,-2.95,False
2026-10-09T14:00:00+11:00,2714723,2508_144,-33.81596755981445,151.1783447265625,338.0,0.4,707,11.78,False
2026-10-09T14:00:00+11:00,2287156,2459_389,-33.87488555908203,151.19729614257812,250.0,0.0,-94,-1.57,False
2026-10-09T14:00:00+11:00,2383172,2508_100,-33.842262268066406,151.2439422607422,172.0,4.3,12,0.2,True
2026-10-09T14:00:00+11:00,2554070,2459_358,-33.921661376953125,151.19775390625,279.0,0.0,545,9.08,False
2026-10-09T14:00:00+11:00,2209507,2459_440,-33.87711715698242,151.2125701904297,307.0,13.7,276,4.6,True
2026-10-09T14:00:00+11:00,2618657,2459_422,-33.884029388427734,151.20225524902344,251.0,27.7,117,1.95,True
2026-10-09T14:00:00+11:00,2725813,7083_SW1,-33.91455841064453,151.1653594970703,0.0,0.4,2963,49.38,False
2026-10-09T14:00:00+11:00,2719514,2514_565,-33.79661178588867,151.18032836914062,359.0,0.0,0,0.0,True
2026-10-09T14:00:00+11:00,2286721,2459_348,-33.910762786865234,151.19627380371094,308.0,26.6,181,3.02,True
2026-10-09T14:00:00+11:00,2288915,2459_438X,-33.8650016784668,151.20982360839844,227.0,0.0,0,0.0,True
2026-10-09T14:00:00+11:00,2375279,2508_172X,-33.83111572265625,151.221435546875,115.0,7.6,108,1.8,True
2026-10-09T14:00:00+11:00,2283391,2459_438X,-33.8870964050293,151.1575164794922,174.0,6.5,-87,-1.45,False
2026-10-09T14:00:00+11:00,2383184,2508_100,-33.82477951049805,151.2415008544922,296.0,0.7,332,5.53,True
2026-10-09T14:00:00+11:00,2374878,2508_144,-33.82406997680664,151.24147033691406,52.0,0.7,170,2.83,True
2026-10-09T14:00:00+11:00,2554177,2459_358,-33.9200553894043,151.2357177734375,191.0,35.6,291,4.85,True
2026-10-09T14:00:00+11:00,2208334,2459_413,-33.895137786865234,151.12413024902344,272.0,31.3,241,4.02,True
2026-10-09T14:00:00+11:00,2289120,2459_422,-33.92200469970703,151.1639404296875,44.0,39.2,-106,-1.77,False
2026-10-09T14:00:00+11:00,2596369,2459_491,-33.912879943847656,151.11819458007812,231.0,37.4,240,4.0,True
2026-10-09T14:00:00+11:00,2383217,2508_100,-33.82947540283203,151.21368408203125,102.0,0.0,-42,-0.7,True
2026-10-09T14:00:00+11:00,2285727,2459_470,-33.8650016784668,151.20982360839844,225.0,0.0,34,0.57,True
2026-10-09T14:00:00+11:00,1963817,2459_412,-33.896480560302734,151.15243530273438,147.0,0.0,742,12.37,False
2026-10-09T14:00:00+11:00,2438452,7084_SW2,-33.907474517822266,151.1484832763672,290.0,43.2,77,1.28,True
2026-10-09T14:00:00+11:00,2710607,2504_610X,-33.82337188720703,151.2074737548828,118.0,63.0,-295,-4.92,False
2026-10-09T14:00:00+11:00,2685940,2459_423,-33.8836555480957,151.2031707763672,224.0,1.8,56,0.93,True
2026-10-09T14:00:00+11:00,2290905,2459_422,-33.89808654785156,151.17832946777344,32.0,0.0,-63,-1.05,False
2026-10-09T14:00:00+11:00,2685923,2459_423,-33.92169952392578,151.14328002929688,216.0,40.0,16,0.27,True
2026-10-09T14:00:00+11:00,2736701,2459_445,-33.904571533203125,151.13925170898438,245.0,38.5,182,3.03,True
2026-10-09T14:00:00+11:00,2287463,2459_348,-33.912330627441406,151.2002410888672,107.0,40.3,225,3.75,True
2026-10-09T14:00:00+11:00,2392550,2508_114,-33.82814407348633,151.22994995117188,61.0,0.0,198,3.3,True
2026-10-09T14:00:00+11:00,2415717,2508_B1,-33.865997314453125,151.20639038085938,20.0,0.0,0,0.0,True
2026-10-09T14:00:00+11:00,2308996,2459_445,-33.880252838134766,151.15261840820312,85.0,37.8,-187,-3.12,False
2026-10-09T14:00:00+11:00,2635822,2459_504,-33.8733024597168,151.20985412597656,270.0,18.7,-49,-0.82,True
2026-10-09T14:00:00+11:00,2590131,2508_280,-33.781646728515625,151.19552612304688,28.0,52.2,442,7.37,False
2026-10-09T14:00:00+11:00,1962706,2459_413,-33.89348602294922,151.14573669433594,25.0,33.8,-23,-0.38,True
2026-10-09T14:00:00+11:00,2038457,2459_440,-33.88510513305664,151.15724182128906,176.0,0.0,226,3.77,True
2026-10-09T14:00:00+11:00,2284141,2459_423,-33.88386917114258,151.2018585205078,72.0,7.9,216,3.6,True
2026-10-09T14:00:00+11:00,2474916,2459_389,-33.876014709472656,151.21682739257812,100.0,36.7,413,6.88,False
2026-10-09T14:00:00+11:00,2209731,2459_440,-33.883052825927734,151.15689086914062,354.0,25.9,366,6.1,False
2026-10-09T14:00:00+11:00,2290595,2459_438X,-33.87527847290039,151.20965576171875,2.0,0.0,263,4.38,True
2026-10-09T14:00:00+11:00,2736741,2459_428,-33.90568542480469,151.13412475585938,304.0,35.3,-131,-2.18,False
2026-10-09T14:00:00+11:00,2710426,2504_607X,-33.870506286621094,151.2061004638672,175.0,0.0,0,0.0,True
2026-10-09T14:00:00+11:00,2660197,2459_320,-33.9056282043457,151.20860290527344,25.0,28.1,211,3.52,True
2026-10-09T14:00:00+11:00,2283582,2459_461X,-33.88709259033203,151.1754150390625,75.0,52.2,15,0.25,True
2026-10-09T14:00:00+11:00,2685975,2459_423,-33.87199783325195,151.21006774902344,12.0,18.0,0,0.0,True
2026-10-09T14:00:00+11:00,1973453,2508_162,-33.80110168457031,151.25730895996094,8.0,35.3,-47,-0.78,True
2026-10-09T14:00:00+11:00,2424388,2508_230,-33.84616470336914,151.2113494873047,348.0,0.0,-24,-0.4,True
2026-10-09T14:00:00+11:00,2285777,2459_461X,-33.8695182800293,151.1043701171875,214.0,20.9,-214,-3.57,False
2026-10-09T14:00:00+11:00,2668023,2459_420,-33.88200759887695,151.10272216796875,190.0,36.7,88,1.47,True
2026-10-09T14:00:00+11:00,2376056,2508_B1,-33.82076644897461,151.24392700195312,174.0,33.5,32,0.53,True
2026-10-09T14:00:00+11:00,2704773,2504_607X,-33.809776306152344,151.16021728515625,106.0,77.4,-339,-5.65,False
2026-10-09T14:00:00+11:00,2146851,2508_161,-33.81828689575195,151.29513549804688,253.0,4.3,170,2.83,True
2026-10-09T14:00:00+11:00,2286250,2459_423,-33.912418365478516,151.15432739257812,44.0,28.1,-143,-2.38,False
2026-10-09T14:00:00+11:00,2208219,2459_413,-33.880149841308594,151.2073974609375,283.0,0.0,236,3.93,True
2026-10-09T14:00:00+11:00,2285552,2459_461X,-33.87771224975586,151.20936584472656,2.0,15.1,-2,-0.03,True
2026-10-09T14:00:00+11:00,2424345,2508_230,-33.83197021484375,151.2384490966797,249.0,0.0,16,0.27,True
2026-10-09T14:00:00+11:00,2736859,2459_428,-33.86497497558594,151.21090698242188,222.0,0.0,8,0.13,True
2026-10-09T14:00:00+11:00,2632181,2510_301,-33.94523620605469,151.22157287597656,133.0,0.0,-28,-0.47,True
2026-10-09T14:00:00+11:00,2374194,2508_243,-33.83078384399414,151.22537231445312,246.0,30.2,-159,-2.65,False
2026-10-09T14:00:00+11:00,2288148,2459_389,-33.89082336425781,151.24794006347656,280.0,0.0,0,0.0,True
2026-10-09T14:00:00+11:00,2618626,2459_422,-33.92430877685547,151.1614227294922,225.0,0.0,-139,-2.32,False
2026-10-09T14:00:00+11:00,2375700,2508_144,-33.80455017089844,151.1793212890625,178.0,37.1,66,1.1,True
2026-10-09T14:00:00+11:00,2289065,2459_431,-33.879425048828125,151.2091522216797,185.0,0.0,-119,-1.98,False
2026-10-09T14:00:00+11:00,2596221,2459_490,-33.87498092651367,151.10455322265625,98.0,0.0,166,2.77,True
2026-10-09T14:00:00+11:00,2290830,2459_303,-33.92111587524414,151.2379150390625,279.0,0.0,109,1.82,True
2026-10-09T14:00:00+11:00,2719594,2514_277,-33.78548812866211,151.18553161621094,250.0,42.8,1,0.02,True
2026-10-09T14:00:00+11:00,2285391,2459_442,-33.86636734008789,151.17567443847656,56.0,0.0,146,2.43,True
2026-10-09T14:00:00+11:00,2685924,2459_423,-33.89291763305664,151.18482971191406,255.0,19.8,162,2.7,True
2026-10-09T14:00:00+11:00,2660425,2459_320,-33.89073944091797,151.20765686035156,190.0,32.8,191,3.18,True
2026-10-09T14:00:00+11:00,1912304,2459_483,-33.88509750366211,151.1846466064453,76.0,41.8,-123,-2.05,False
2026-10-09T14:00:00+11:00,2710793,2504_610X,-33.871856689453125,151.20643615722656,176.0,0.0,0,0.0,True
2026-10-09T14:00:00+11:00,2089730,2508_160X,-33.78460693359375,151.1886444091797,250.0,37.8,225,3.75,True
2026-10-09T14:00:00+11:00,2283089,2459_438X,-33.88467025756836,151.19435119628906,263.0,18.4,51,0.85,True
2026-10-09T14:00:00+11:00,2421459,2508_229,-33.831520080566406,151.20846557617188,11.0,30.6,-86,-1.43,False
2026-10-09T14:00:00+11:00,2289443,2459_437,-33.8776969909668,151.1407928466797,26.0,0.0,44,0.73,True
2026-10-09T14:00:00+11:00,2308909,2459_445,-33.863304138183594,151.1704559326172,20.0,0.0,29,0.48,True
2026-10-09T14:00:00+11:00,2285032,2459_442,-33.870758056640625,151.20616149902344,88.0,0.0,-16,-0.27,True
2026-10-09T14:00:00+11:00,2283299,2459_437,-33.88363265991211,151.14138793945312,146.0,41.0,-69,-1.15,False
2026-10-09T14:00:00+11:00,2286352,2459_426,-33.90430450439453,151.16827392578125,25.0,15.5,295,4.92,True
2026-10-09T14:00:00+11:00,2736598,2459_445,-33.85821533203125,151.18345642089844,288.0,0.0,0,0.0,True
2026-10-09T14:00:00+11:00,2288130,2459_438X,-33.869468688964844,151.1298065185547,306.0,0.0,389,6.48,False
2026-10-09T14:00:00+11:00,2744716,2507_292,-33.86447525024414,151.2034149169922,351.0,24.1,-11,-0.18,True
2026-10-09T14:00:00+11:00,2441472,2507_207,-33.864036560058594,151.21014404296875,6.0,0.0,0,0.0,True
2026-10-09T14:00:00+11:00,2654471,2507_52,-33.87338638305664,151.21047973632812,102.0,0.7,0,0.0,True
2026-10-09T14:00:00+11:00,2634533,2507_254,-33.82200241088867,151.18655395507812,149.0,41.0,-77,-1.28,False
2026-10-09T14:00:00+11:00,2644426,2507_120,-33.7963752746582,151.18118286132812,4.0,0.0,0,0.0,True
2026-10-09T14:00:00+11:00,2227655,2507_275,-33.791133880615234,151.1985321044922,161.0,8.3,338,5.63,True
2026-10-09T14:00:00+11:00,2643391,2507_501,-33.88081359863281,151.20664978027344,212.0,7.6,0,0.0,True
2026-10-09T14:00:00+11:00,2643236,2507_120,-33.796058654785156,151.18360900878906,257.0,0.0,-354,-5.9,False
2026-10-09T14:00:00+11:00,2643243,2507_120,-33.809993743896484,151.19955444335938,179.0,36.0,71,1.18,True
2026-10-09T14:00:00+11:00,2621414,2507_252,-33.823909759521484,151.1927490234375,247.0,20.2,16,0.27,True
2026-10-09T14:00:00+11:00,2643365,2507_120,-33.82306671142578,151.2069091796875,125.0,64.4,479,7.98,False
2026-10-09T14:00:00+11:00,2672284,2507_115,-33.797115325927734,151.19766235351562,159.0,40.3,174,2.9,True
2026-10-09T14:00:00+11:00,2644678,2507_202,-33.838443756103516,151.20701599121094,189.0,0.0,-53,-0.88,True
2026-10-09T14:00:00+11:00,2738258,2507_533,-33.8066291809082,151.17420959472656,78.0,4.3,659,10.98,False
2026-10-09T14:00:00+11:00,2555432,2507_265,-33.840206146240234,151.2064666748047,192.0,16.9,9,0.15,True
2026-10-09T14:00:00+11:00,2407458,2507_261,-33.831382751464844,151.1668243408203,33.0,0.0,61,1.02,True
2026-10-09T14:00:00+11:00,2682143,2507_202,-33.80808639526367,151.22930908203125,52.0,38.9,-162,-2.7,False
2026-10-09T14:00:00+11:00,2738439,2507_533,-33.80678176879883,151.16754150390625,279.0,0.0,119,1.98,True
2026-10-09T14:00:00+11:00,2537632,2507_506,-33.82914352416992,151.13946533203125,143.0,52.6,145,2.42,True
2026-10-09T14:00:00+11:00,2672356,2507_115,-33.79633331298828,151.18081665039062,191.0,0.0,1,0.02,True
2026-10-09T14:00:00+11:00,2621572,2507_288,-33.81235885620117,151.17115783691406,85.0,23.4,190,3.17,True
2026-10-09T14:00:00+11:00,2672410,2507_115,-33.82358169555664,151.200927734375,177.0,0.0,143,2.38,True
2026-10-09T14:00:00+11:00,2621632,2507_252,-33.82171630859375,151.14076232910156,305.0,24.1,368,6.13,False
2026-10-09T14:00:00+11:00,2644043,2507_120,-33.8564338684082,151.20803833007812,28.0,69.5,566,9.43,False
2026-10-09T14:00:00+11:00,2744502,2507_292,-33.80558395385742,151.16259765625,281.0,41.0,-1,-0.02,True
2026-10-09T14:00:00+11:00,2672414,2507_115,-33.84090805053711,151.20672607421875,279.0,0.0,-180,-3.0,False
2026-10-09T14:00:00+11:00,2682054,2507_267,-33.82864761352539,151.2012939453125,329.0,29.9,303,5.05,True
2026-10-09T14:00:00+11:00,2441886,2507_207,-33.834068298339844,151.20790100097656,8.0,0.0,-74,-1.23,False
2026-10-09T14:00:00+11:00,2643930,2507_52,-33.85874938964844,151.16200256347656,137.0,59.0,219,3.65,True
2026-10-09T14:00:00+11:00,2672264,2507_115,-33.79507064819336,151.18707275390625,248.0,11.9,113,1.88,True
2026-10-09T14:00:00+11:00,2654438,2507_52,-33.8397331237793,151.13546752929688,310.0,52.9,100,1.67,True
2026-10-09T14:00:00+11:00,2644932,2507_501,-33.86417770385742,151.1707000732422,130.0,3.2,412,6.87,False
2026-10-09T14:00:00+11:00,2555407,2507_538,-33.823421478271484,151.1450958251953,354.0,14.4,-49,-0.82,True
2026-10-09T14:00:00+11:00,2642932,2507_501,-33.86998748779297,151.194091796875,334.0,0.0,212,3.53,True
2026-10-09T14:00:00+11:00,2645077,2507_120,-33.79541778564453,151.1863555908203,70.0,1.1,166,2.77,True
2026-10-09T14:00:00+11:00,2643525,2507_207,-33.80246353149414,151.21160888671875,175.0,39.6,-51,-0.85,True
2026-10-09T14:00:00+11:00,2644013,2507_52,-33.83918762207031,151.14019775390625,68.0,43.9,-30,-0.5,True
2026-10-09T14:00:00+11:00,2322312,2507_506,-33.857418060302734,151.20755004882812,208.0,64.1,0,0.0,True
2026-10-09T14:00:00+11:00,2555439,2507_291,-33.808834075927734,151.15530395507812,316.0,0.0,196,3.27,True
2026-10-09T14:00:00+11:00,2644838,2507_120,-33.84653854370117,151.21234130859375,343.0,52.9,-124,-2.07,False
2026-10-09T14:00:00+11:00,2744791,2507_292,-33.810508728027344,151.1642303466797,247.0,23.0,-110,-1.83,False
2026-10-09T14:00:00+11:00,2654369,2507_52,-33.866180419921875,151.17376708984375,287.0,50.8,162,2.7,True
2026-10-09T14:00:00+11:00,2634583,2507_261,-33.83174133300781,151.1667022705078,324.0,22.3,174,2.9,True
2026-10-09T14:00:00+11:00,2538618,2507_506,-33.872798919677734,151.20516967773438,85.0,21.6,686,11.43,False
2026-10-09T14:00:00+11:00,2654514,2507_52,-33.873409271240234,151.2106170654297,281.0,0.0,0,0.0,True
2026-10-09T14:00:00+11:00,2672424,2507_115,-33.82150650024414,151.20098876953125,2.0,31.3,-56,-0.93,True
2026-10-09T14:00:00+11:00,2407238,2507_252,-33.833106994628906,151.14321899414062,142.0,38.2,114,1.9,True
2026-10-09T14:00:00+11:00,2230868,2507_288,-33.8559684753418,151.2084503173828,27.0,49.0,125,2.08,True
2026-10-09T14:00:00+11:00,2322335,2507_506,-33.82259750366211,151.13607788085938,299.0,37.4,0,0.0,True
2026-10-09T14:00:00+11:00,2564755,2509_379,-33.888427734375,151.26025390625,247.0,36.4,-160,-2.67,False
2026-10-09T14:00:00+11:00,2564761,2509_333,-33.863525390625,151.21185302734375,2.0,0.0,37,0.62,True
2026-10-09T14:00:00+11:00,2564789,2509_379,-33.904632568359375,151.2672576904297,98.0,4.3,0,0.0,True
2026-10-09T14:00:00+11:00,2357796,2509_370,-33.91640853881836,151.2407989501953,341.0,28.8,243,4.05,True
2026-10-09T14:00:00+11:00,2352612,2509_356,-33.91351318359375,151.23968505859375,157.0,0.0,615,10.25,False
2026-10-09T14:00:00+11:00,2740262,2509_370,-33.9070930480957,151.18182373046875,87.0,13.7,292,4.87,True
2026-10-09T14:00:00+11:00,2352502,2509_307,-33.93461990356445,151.19393920898438,166.0,23.8,295,4.92,True
2026-10-09T14:00:00+11:00,2564531,2509_333,-33.88954544067383,151.28330993652344,214.0,0.0,0,0.0,True
2026-10-09T14:00:00+11:00,2532480,2509_380,-33.89359664916992,151.26210021972656,97.0,34.6,301,5.02,True
2026-10-09T14:00:00+11:00,2564683,2509_350,-33.92472457885742,151.1897430419922,100.0,0.0,448,7.47,False
2026-10-09T14:00:00+11:00,2628656,2509_304,-33.881595611572266,151.21478271484375,9.0,14.4,289,4.82,True
2026-10-09T14:00:00+11:00,2740194,2509_370,-33.91871643066406,151.25657653808594,100.0,32.4,-52,-0.87,True
2026-10-09T14:00:00+11:00,2740236,2509_370,-33.8719367980957,151.1800537109375,198.0,0.0,0,0.0,True
2026-10-09T14:00:00+11:00,2533243,2509_352,-33.88090515136719,151.21493530273438,11.0,15.8,104,1.73,True
2026-10-09T14:00:00+11:00,2532278,2509_324,-33.87387466430664,151.2134552001953,102.0,26.6,0,0.0,True
2026-10-09T14:00:00+11:00,2534163,2509_355,-33.890350341796875,151.2425537109375,105.0,28.4,18,0.3,True
2026-10-09T14:00:00+11:00,2674995,2509_309,-33.954708099365234,151.20498657226562,145.0,15.8,131,2.18,True
2026-10-09T14:00:00+11:00,2470748,2509_356,-33.899383544921875,151.24790954589844,99.0,0.0,-188,-3.13,False
2026-10-09T14:00:00+11:00,2152032,2509_333,-33.893104553222656,151.25262451171875,109.0,0.0,290,4.83,True
2026-10-09T14:00:00+11:00,2137792,2509_396,-33.89043426513672,151.22059631347656,345.0,49.3,420,7.0,False
2026-10-09T14:00:00+11:00,2357281,2509_373,-33.87700653076172,151.21240234375,300.0,0.0,142,2.37,True
2026-10-09T14:00:00+11:00,2403114,2509_311,-33.88108825683594,151.2181854248047,200.0,15.8,172,2.87,True
2026-10-09T14:00:00+11:00,2532182,2509_325,-33.84966278076172,151.27923583984375,21.0,33.8,4,0.07,True
2026-10-09T14:00:00+11:00,2532877,2509_327,-33.87941360473633,151.2380828857422,22.0,0.0,145,2.42,True
2026-10-09T14:00:00+11:00,2335383,2509_309,-33.92722702026367,151.19515991210938,8.0,45.4,-15,-0.25,True
2026-10-09T14:00:00+11:00,2396570,2509_392,-33.90191650390625,151.20838928222656,42.0,29.9,600,10.0,False
2026-10-09T14:00:00+11:00,2531460,2509_387,-33.86772155761719,151.27752685546875,193.0,36.7,68,1.13,True
2026-10-09T14:00:00+11:00,2151517,2509_333,-33.88081741333008,151.2174530029297,115.0,0.0,194,3.23,True
2026-10-09T14:00:00+11:00,2400599,2509_392,-33.89604568481445,151.2068634033203,86.0,23.4,56,0.93,True
2026-10-09T14:00:00+11:00,2403047,2509_311,-33.872344970703125,151.2064666748047,176.0,0.0,73,1.22,True
2026-10-09T14:00:00+11:00,2531974,2509_362,-33.902374267578125,151.26768493652344,307.0,0.0,476,7.93,False
2026-10-09T14:00:00+11:00,2137646,2509_396,-33.86225509643555,151.21119689941406,1.0,0.0,0,0.0,True
2026-10-09T14:00:00+11:00,2357424,2509_343,-33.920352935791016,151.20297241210938,100.0,21.2,9,0.15,True
2026-10-09T14:00:00+11:00,2151800,2509_333,-33.86165237426758,151.2118682861328,95.0,0.0,0,0.0,True
2026-10-09T14:00:00+11:00,2352369,2509_356,-33.89796447753906,151.24917602539062,183.0,15.5,73,1.22,True
2026-10-09T14:00:00+11:00,2136850,2509_306,-33.9268684387207,151.18797302246094,239.0,21.6,105,1.75,True
2026-10-09T14:00:00+11:00,2435596,2509_390X,-33.925071716308594,151.229248046875,128.0,0.0,878,14.63,False
2026-10-09T14:00:00+11:00,2346375,2509_390X,-33.91449737548828,151.2401885986328,341.0,23.0,624,10.4,False
2026-10-09T14:00:00+11:00,2533732,2509_352,-33.89060592651367,151.20945739746094,294.0,0.0,442,7.37,False
2026-10-09T14:00:00+11:00,2355924,2509_343,-33.88114929199219,151.20875549316406,188.0,0.0,-57,-0.95,True
2026-10-09T14:00:00+11:00,2356093,2509_370,-33.91505432128906,151.22779846191406,99.0,0.0,0,0.0,True
2026-10-09T14:00:00+11:00,2356157,2509_373,-33.91874694824219,151.24249267578125,168.0,38.5,-283,-4.72,False
2026-10-09T14:00:00+11:00,2548769,2509_328,-33.881534576416016,151.23814392089844,338.0,17.6,33,0.55,True
2026-10-09T14:00:00+11:00,2531178,2509_325,-33.85297393798828,151.27584838867188,323.0,28.1,123,2.05,True
2026-10-09T14:00:00+11:00,2488391,2509_392,-33.93926239013672,151.228759765625,199.0,0.0,1,0.02,True
2026-10-09T14:00:00+11:00,2534643,2509_360,-33.90538024902344,151.25784301757812,112.0,22.0,114,1.9,True
2026-10-09T14:00:00+11:00,2357261,2509_343,-33.8902473449707,151.2059326171875,9.0,0.0,307,5.12,True
2026-10-09T14:00:00+11:00,2564981,2509_350,-33.94503402709961,151.25823974609375,56.0,9.7,612,10.2,False
2026-10-09T14:00:00+11:00,2564748,2509_350,-33.946285247802734,151.25686645507812,223.0,12.6,112,1.87,True
2026-10-09T14:00:00+11:00,2356531,2509_373,-33.89115524291992,151.22120666503906,349.0,45.7,71,1.18,True
2026-10-09T14:00:00+11:00,2667432,2509_326,-33.89190673828125,151.2498016357422,172.0,5.8,11,0.18,True
2026-10-09T14:00:00+11:00,2628771,2509_304,-33.874969482421875,151.20970153808594,5.0,0.0,377,6.28,False
2026-10-09T14:00:00+11:00,2628625,2509_304,-33.90414810180664,151.21249389648438,190.0,31.7,-146,-2.43,False
2026-10-09T14:00:00+11:00,2435323,2509_390X,-33.91669464111328,151.23733520507812,280.0,44.6,88,1.47,True
2026-10-09T14:00:00+11:00,2356736,2509_339,-33.88525390625,151.21620178222656,299.0,1.4,-167,-2.78,False
2026-10-09T14:00:00+11:00,2534410,2509_360,-33.91230773925781,151.259521484375,280.0,31.3,111,1.85,True
2026-10-09T14:00:00+11:00,2357599,2509_311,-33.87880325317383,151.2200469970703,22.0,27.4,192,3.2,True
2026-10-09T14:00:00+11:00,2488408,2509_392,-33.95048904418945,151.23159790039062,176.0,38.5,547,9.12,False
2026-10-09T14:00:00+11:00,2400572,2509_392,-33.903438568115234,151.21038818359375,94.0,0.0,638,10.63,False
2026-10-09T14:00:00+11:00,2138159,2509_396,-33.91926956176758,151.2265625,171.0,0.0,248,4.13,True
2026-10-09T14:00:00+11:00,2356682,2509_374,-33.88222122192383,151.20704650878906,124.0,0.0,0,0.0,True
2026-10-09T14:00:00+11:00,2564658,2509_333,-33.86439895629883,151.2117156982422,8.0,40.0,349,5.82,True
2026-10-09T14:00:00+11:00,2575736,2509_374,-33.8934326171875,151.2190399169922,312.0,36.4,117,1.95,True
2026-10-09T14:00:00+11:00,2563929,2509_386,-33.8918571472168,151.2513427734375,71.0,0.0,282,4.7,True
2026-10-09T14:00:00+11:00,2356448,2509_370,-33.908058166503906,151.20272827148438,1.0,11.5,182,3.03,True
2026-10-09T14:00:00+11:00,2675143,2509_309,-33.95568084716797,151.22975158691406,79.0,6.1,76,1.27,True
2026-10-09T14:00:00+11:00,2628792,2509_304,-33.86264419555664,151.21200561523438,9.0,0.0,0,0.0,True
2026-10-09T14:00:00+11:00,2564405,2509_379,-33.892173767089844,151.2498016357422,9.0,14.0,222,3.7,True
2026-10-09T14:00:00+11:00,2533000,2509_313,-33.920108795166016,151.2570037841797,9.0,25.9,0,0.0,True
2026-10-09T14:00:00+11:00,2532875,2509_362,-33.89516067504883,151.271484375,110.0,10.1,67,1.12,True
2026-10-09T14:00:00+11:00,2357454,2509_373,-33.922176361083984,151.25146484375,283.0,23.4,-2,-0.03,True
2026-10-09T14:00:00+11:00,2488416,2509_392,-33.89316940307617,151.19883728027344,18.0,0.0,0,0.0,True
2026-10-09T14:00:00+11:00,2564464,2509_379,-33.89082717895508,151.2476348876953,228.0,12.6,611,10.18,False
2026-10-09T14:00:00+11:00,2470761,2509_397,-33.945892333984375,151.22671508789062,77.0,0.0,0,0.0,True
2026-10-09T14:00:00+11:00,2551958,2509_379,-33.90504837036133,151.256591796875,101.0,34.9,-181,-3.02,False
2026-10-09T14:00:00+11:00,2740179,2509_370,-33.91573715209961,151.23219299316406,99.0,11.2,480,8.0,False
2026-10-09T14:00:00+11:00,2356029,2509_373,-33.90690231323242,151.2320098876953,302.0,7.9,-47,-0.78,True
2026-10-09T14:00:00+11:00,2357444,2509_370,-33.911949157714844,151.21444702148438,239.0,0.0,51,0.85,True
2026-10-09T14:00:00+11:00,2564704,2509_379,-33.904563903808594,151.26707458496094,117.0,0.0,0,0.0,True
2026-10-09T14:00:00+11:00,2532705,2509_386,-33.88827133178711,151.25816345214844,223.0,29.5,49,0.82,True
2026-10-09T14:00:00+11:00,2564883,2509_333,-33.88953399658203,151.28334045410156,212.0,0.0,0,0.0,True
2026-10-09T14:00:00+11:00,2151996,2509_333,-33.893524169921875,151.26133728027344,99.0,4.3,326,5.43,True
2026-10-09T14:00:00+11:00,2152013,2509_333,-33.88072967529297,151.21710205078125,125.0,29.5,-114,-1.9,False
2026-10-09T14:00:00+11:00,2533552,2509_325,-33.877952575683594,151.23443603515625,142.0,0.0,0,0.0,True
2026-10-09T14:00:00+11:00,2675047,2509_309,-33.905189514160156,151.202880859375,168.0,0.0,212,3.53,True
2026-10-09T14:00:00+11:00,2564706,2509_333,-33.884910583496094,151.22531127929688,281.0,34.2,-222,-3.7,False
2026-10-09T14:00:00+11:00,2356943,2509_373,-33.8988037109375,151.2225799560547,174.0,48.2,-63,-1.05,False
2026-10-09T14:00:00+11:00,2151898,2509_333,-33.88076400756836,151.21726989746094,111.0,3.2,493,8.22,False
2026-10-09T14:00:00+11:00,2565169,2509_379,-33.90454864501953,151.26708984375,113.0,0.0,0,0.0,True
2026-10-09T14:00:00+11:00,2564719,2509_379,-33.88572311401367,151.28082275390625,276.0,0.0,-18,-0.3,True
2026-10-09T14:00:00+11:00,2137078,2509_396,-33.94206237792969,151.2544708251953,125.0,41.4,-168,-2.8,False
2026-10-09T14:00:00+11:00,2531149,2509_324,-33.87266159057617,151.26255798339844,113.0,13.3,138,2.3,True
2026-10-09T14:00:00+11:00,2137856,2509_375,-33.94205093383789,151.2621307373047,300.0,0.0,246,4.1,True
2026-10-09T14:00:00+11:00,2357619,2509_343,-33.912261962890625,151.20591735839844,196.0,4.7,245,4.08,True
2026-10-09T14:00:00+11:00,2139562,2509_396,-33.88466262817383,151.21803283691406,336.0,41.0,-291,-4.85,False
2026-10-09T14:00:00+11:00,2565099,2509_333,-33.894588470458984,151.267822265625,279.0,0.4,-6,-0.1,True
2026-10-09T14:00:00+11:00,2356939,2509_311,-33.87322235107422,151.20916748046875,278.0,27.0,373,6.22,False
2026-10-09T14:00:00+11:00,2139160,2509_306,-33.91484069824219,151.2074432373047,15.0,18.4,-35,-0.58,True
2026-10-09T14:00:00+11:00,2396518,2509_392,-33.946929931640625,151.22848510742188,295.0,0.0,260,4.33,True
2026-10-09T14:00:00+11:00,2532100,2509_352,-33.8911018371582,151.2475128173828,190.0,27.0,176,2.93,True
2026-10-09T14:00:00+11:00,2357402,2509_343,-33.861328125,151.2115020751953,264.0,11.5,0,0.0,True
2026-10-09T14:00:00+11:00,2531286,2509_380,-33.85325622558594,151.2847137451172,18.0,42.1,-7,-0.12,True
2026-10-09T14:00:00+11:00,2435289,2509_390X,-33.92517852783203,151.22943115234375,127.0,0.0,396,6.6,False
2026-10-09T14:00:00+11:00,2533138,2509_386,-33.857757568359375,151.28160095214844,40.0,35.3,0,0.0,True
2026-10-09T14:00:00+11:00,2564585,2509_333,-33.89085388183594,151.2482147216797,277.0,4.3,85,1.42,True
2026-10-09T14:00:00+11:00,2355850,2509_390X,-33.95051956176758,151.2412567138672,349.0,0.0,-2,-0.03,True
2026-10-09T14:00:00+11:00,2628612,2509_304,-33.90684509277344,151.20985412597656,80.0,45.0,81,1.35,True
2026-10-09T14:00:00+11:00,2357084,2509_343,-33.90184783935547,151.20584106445312,13.0,42.5,126,2.1,True
2026-10-09T14:00:00+11:00,2532591,2509_380,-33.894622802734375,151.26870727539062,280.0,0.0,525,8.75,False
2026-10-09T14:00:00+11:00,2564779,2509_333,-33.89122009277344,151.2740936279297,221.0,0.0,-24,-0.4,True
2026-10-09T14:00:00+11:00,2396613,2509_392,-33.945098876953125,151.2263946533203,355.0,0.0,771,12.85,False
2026-10-09T14:00:00+11:00,2357456,2509_370,-33.90243148803711,151.1918487548828,217.0,34.6,402,6.7,False
2026-10-09T14:00:00+11:00,2400450,2509_309,-33.90970993041992,151.2025146484375,15.0,24.1,63,1.05,True
2026-10-09T14:00:00+11:00,2564783,2509_350,-33.947265625,151.2556610107422,44.0,16.9,73,1.22,True
2026-10-09T14:00:00+11:00,2564643,2509_333,-33.877960205078125,151.213623046875,314.0,0.0,112,1.87,True
2026-10-09T14:00:00+11:00,2740234,2509_370,-33.87184143066406,151.18072509765625,327.0,28.4,104,1.73,True
2026-10-09T14:00:00+11:00,2138960,2509_306,-33.92268371582031,151.2071075439453,180.0,0.0,79,1.32,True
2026-10-09T14:00:00+11:00,2352445,2509_307,-33.936668395996094,151.19447326660156,357.0,52.2,121,2.02,True
2026-10-09T14:00:00+11:00,2628648,2509_304,-33.86871337890625,151.21047973632812,186.0,0.0,56,0.93,True
2026-10-09T14:00:00+11:00,2531217,2509_352,-33.90419387817383,151.17523193359375,64.0,2.9,-5,-0.08,True
2026-10-09T14:00:00+11:00,2151457,2509_333,-33.88916778564453,151.2328338623047,136.0,18.0,340,5.67,True
2026-10-09T14:00:00+11:00,2628660,2509_304,-33.89120864868164,151.212890625,11.0,19.4,106,1.77,True
2026-10-09T14:00:00+11:00,2565029,2509_333,-33.89346694946289,151.26022338867188,278.0,0.0,112,1.87,True
2026-10-09T14:00:00+11:00,2396550,2509_392,-33.902259826660156,151.2080535888672,41.0,32.4,-10,-0.17,True
2026-10-09T14:00:00+11:00,2346306,2509_390X,-33.91626739501953,151.23956298828125,13.0,24.5,229,3.82,True
2026-10-09T14:00:00+11:00,2300926,2509_399,-33.92132568359375,151.2266387939453,90.0,5.0,47,0.78,True
2026-10-09T14:00:00+11:00,2740227,2509_370,-33.888580322265625,151.19198608398438,239.0,31.7,248,4.13,True
2026-10-09T14:00:00+11:00,2531555,2509_324,-33.870269775390625,151.26902770996094,236.0,21.2,241,4.02,True
2026-10-09T14:00:00+11:00,2435436,2509_390X,-33.895938873291016,151.25100708007812,150.0,0.0,331,5.52,True
2026-10-09T14:00:00+11:00,2140932,2509_375,-33.91511535644531,151.2404022216797,158.0,0.0,7,0.12,True
2026-10-09T14:00:00+11:00,2675052,2509_309,-33.92604446411133,151.19540405273438,190.0,33.1,249,4.15,True
2026-10-09T14:00:00+11:00,2740222,2509_370,-33.91073226928711,151.2065887451172,99.0,34.6,-66,-1.1,False
2026-10-09T14:00:00+11:00,2346315,2509_390X,-33.897525787353516,151.25189208984375,339.0,32.8,723,12.05,False
2026-10-09T14:00:00+11:00,2488435,2509_392,-33.90281295776367,151.20755004882812,223.0,2.5,258,4.3,True
2026-10-09T14:00:00+11:00,2357700,2509_343,-33.92319869995117,151.20933532714844,100.0,41.8,418,6.97,False
2026-10-09T14:00:00+11:00,2564562,2509_379,-33.89109420776367,151.2484130859375,277.0,0.0,0,0.0,True
2026-10-09T14:00:00+11:00,2534619,2509_325,-33.873023986816406,151.20729064941406,280.0,0.0,1304,21.73,False
2026-10-09T14:00:00+11:00,2564654,2509_350,-33.91220474243164,151.25863647460938,3.0,9.7,430,7.17,False
2026-10-09T14:00:00+11:00,2628591,2509_304,-33.88507843017578,151.21414184570312,188.0,24.1,68,1.13,True
2026-10-09T14:00:00+11:00,2564637,2509_333,-33.88347625732422,151.22117614746094,302.0,2.5,134,2.23,True
2026-10-09T14:00:00+11:00,2565193,2509_350,-33.92538833618164,151.1873016357422,356.0,0.0,-33,-0.55,True
2026-10-09T14:00:00+11:00,2532353,2509_381,-33.895713806152344,151.268310546875,8.0,32.8,102,1.7,True
2026-10-09T14:00:00+11:00,2565009,2509_350,-33.92588424682617,151.19532775878906,11.0,28.8,237,3.95,True
2026-10-09T14:00:00+11:00,2565137,2509_350,-33.92226028442383,151.25656127929688,190.0,24.8,78,1.3,True
2026-10-09T14:00:00+11:00,2356325,2509_343,-33.890254974365234,151.20782470703125,189.0,32.0,316,5.27,True
2026-10-09T14:00:00+11:00,2534513,2509_324,-33.855918884277344,151.20681762695312,220.0,0.0,34,0.57,True
2026-10-09T14:00:00+11:00,2151796,2509_333,-33.86330032348633,151.21189880371094,185.0,0.4,228,3.8,True
2026-10-09T14:00:00+11:00,2346384,2509_390X,-33.893924713134766,151.24974060058594,331.0,1.4,111,1.85,True
2026-10-09T14:00:00+11:00,2675122,2509_309,-33.89267349243164,151.1992950439453,25.0,0.0,15,0.25,True
2026-10-09T14:00:00+11:00,2335724,2509_309,-33.900936126708984,151.20091247558594,335.0,32.8,299,4.98,True
2026-10-09T14:00:00+11:00,2533167,2509_380,-33.874568939208984,151.2805938720703,171.0,30.2,74,1.23,True
2026-10-09T14:00:00+11:00,2139586,2509_306,-33.89363479614258,151.1988067626953,21.0,0.0,0,0.0,True
2026-10-09T14:00:00+11:00,2356765,2509_339,-33.90598678588867,151.23046875,116.0,11.2,256,4.27,True
2026-10-09T14:00:00+11:00,2532110,2509_324,-33.878116607666016,151.2424774169922,218.0,28.1,147,2.45,True
2026-10-09T14:00:00+11:00,2533191,2509_324,-33.873226165771484,151.209228515625,279.0,23.8,497,8.28,False
2026-10-09T14:00:00+11:00,2533839,2509_355,-33.89860916137695,151.1746826171875,272.0,22.3,326,5.43,True
2026-10-09T14:00:00+11:00,2470778,2509_356,-33.93606185913086,151.24844360351562,92.0,0.0,131,2.18,True
2026-10-09T14:00:00+11:00,2138658,2509_396,-33.88627243041992,151.21888732910156,157.0,2.9,428,7.13,False
2026-10-09T14:00:00+11:00,2564544,2509_350,-33.945308685302734,151.2216033935547,133.0,5.4,329,5.48,True
2026-10-09T14:00:00+11:00,2564912,2509_350,-33.932857513427734,151.17965698242188,100.0,0.0,0,0.0,True
2026-10-09T14:00:00+11:00,2533490,2509_355,-33.89228820800781,151.21710205078125,303.0,9.0,79,1.32,True
2026-10-09T14:00:00+11:00,2533680,2509_355,-33.90239715576172,151.19749450683594,73.0,35.3,292,4.87,True
2026-10-09T14:00:00+11:00,2531858,2509_313,-33.907196044921875,151.25210571289062,10.0,0.4,135,2.25,True
2026-10-09T14:00:00+11:00,2564771,2509_350,-33.94141387939453,151.23793029785156,279.0,0.0,850,14.17,False
2026-10-09T14:00:00+11:00,2565014,2509_333,-33.86796951293945,151.21055603027344,5.0,0.0,-229,-3.82,False
2026-10-09T14:00:00+11:00,2346323,2509_390X,-33.95311737060547,151.24179077148438,358.0,8.3,422,7.03,False
2026-10-09T14:00:00+11:00,2565064,2509_333,-33.88935470581055,151.28347778320312,215.0,0.0,0,0.0,True
2026-10-09T14:00:00+11:00,2531412,2509_325,-33.87685012817383,151.22830200195312,276.0,28.8,312,5.2,True
2026-10-09T14:00:00+11:00,2564043,2509_379,-33.88373947143555,151.28118896484375,189.0,0.0,101,1.68,True
2026-10-09T14:00:00+11:00,2346376,2509_390X,-33.91695022583008,151.2392578125,100.0,0.4,-244,-4.07,False
2026-10-09T14:00:00+11:00,2137401,2509_375,-33.95199966430664,151.24722290039062,235.0,0.0,102,1.7,True
2026-10-09T14:00:00+11:00,2138097,2509_396,-33.87689208984375,151.21202087402344,98.0,24.1,139,2.32,True
2026-10-09T14:00:00+11:00,2435618,2509_390X,-33.91658020019531,151.2362060546875,277.0,27.7,508,8.47,False
2026-10-09T14:00:00+11:00,2565114,2509_350,-33.946144104003906,151.24008178710938,288.0,7.9,411,6.85,False
2026-10-09T14:00:00+11:00,2136835,2509_396,-33.934974670410156,151.2375030517578,341.0,21.2,239,3.98,True
2026-10-09T14:00:00+11:00,2357734,2509_374,-33.91057205200195,151.2394256591797,196.0,17.6,154,2.57,True
2026-10-09T14:00:00+11:00,2400370,2509_392,-33.939659118652344,151.2286834716797,198.0,0.0,484,8.07,False
2026-10-09T14:00:00+11:00,2564890,2509_350,-33.90544891357422,151.2538604736328,190.0,47.9,59,0.98,True
2026-10-09T14:00:00+11:00,2740198,2509_370,-33.88176727294922,151.18905639648438,131.0,24.1,-66,-1.1,False
2026-10-09T14:00:00+11:00,2357291,2509_373,-33.91499328613281,151.24041748046875,156.0,1.1,521,8.68,False
2026-10-09T14:00:00+11:00,2400330,2509_309,-33.95366287231445,151.2027130126953,289.0,20.9,10,0.17,True
2026-10-09T14:00:00+11:00,2534368,2509_324,-33.84361267089844,151.28407287597656,5.0,0.0,27,0.45,True
2026-10-09T14:00:00+11:00,2151608,2509_333,-33.89147186279297,151.24952697753906,97.0,0.0,96,1.6,True
2026-10-09T14:00:00+11:00,2356909,2509_339,-33.91462326049805,151.2667236328125,154.0,0.0,0,0.0,True
2026-10-09T14:15:00+11:00,2376386,2508_B1,-33.8068962097168,151.2469024658203,164.0,23.8,308,5.13,True
2026-10-09T14:15:00+11:00,2635872,2459_504,-33.87275695800781,151.2056121826172,85.0,0.0,120,2.0,True
2026-10-09T14:15:00+11:00,1912305,2459_483,-33.8862419128418,151.13858032226562,52.0,0.0,38,0.63,True
2026-10-09T14:15:00+11:00,2608984,2459_430,-33.89672088623047,151.17959594726562,36.0,0.0,152,2.53,True
2026-10-09T14:15:00+11:00,2286897,2459_441,-33.870758056640625,151.2086639404297,265.0,1.1,27,0.45,True
2026-10-09T14:15:00+11:00,2383272,2508_100,-33.83482360839844,151.24607849121094,155.0,28.1,291,4.85,True
2026-10-09T14:15:00+11:00,2374073,2508_243,-33.820274353027344,151.23251342773438,10.0,34.9,-1,-0.02,True
2026-10-09T14:15:00+11:00,2736825,2459_445,-33.85799026489258,151.18301391601562,289.0,0.0,0,0.0,True
2026-10-09T14:15:00+11:00,1932429,2459_412,-33.89143371582031,151.18238830566406,81.0,0.0,41,0.68,True
2026-10-09T14:15:00+11:00,1962707,2459_413,-33.89845275878906,151.1082000732422,6.0,24.1,113,1.88,True
2026-10-09T14:15:00+11:00,2308854,2459_445,-33.88417053222656,151.1504669189453,266.0,32.4,-70,-1.17,False
2026-10-09T14:15:00+11:00,2349463,2459_418,-33.87641525268555,151.10377502441406,189.0,41.8,146,2.43,True
2026-10-09T14:15:00+11:00,1961271,2459_412,-33.89248275756836,151.16659545898438,61.0,39.6,-438,-7.3,False
2026-10-09T14:15:00+11:00,2619983,2459_530,-33.854576110839844,151.14923095703125,233.0,35.3,185,3.08,True
2026-10-09T14:15:00+11:00,2711063,2504_610X,-33.86891174316406,151.20529174804688,355.0,0.0,41,0.68,True
2026-10-09T14:15:00+11:00,2286838,2459_438X,-33.86834716796875,151.12962341308594,8.0,36.4,-20,-0.33,True
2026-10-09T14:15:00+11:00,2038456,2459_440,-33.87896728515625,151.21023559570312,48.0,0.0,345,5.75,True
2026-10-09T14:15:00+11:00,2288276,2459_431,-33.866943359375,151.210693359375,186.0,0.0,0,0.0,True
2026-10-09T14:15:00+11:00,2283522,2459_438X,-33.86536407470703,151.2093963623047,224.0,0.0,0,0.0,True
2026-10-09T14:15:00+11:00,2209621,2459_440,-33.889678955078125,151.23353576660156,294.0,0.0,60,1.0,True
2026-10-09T14:15:00+11:00,2635840,2459_504,-33.85115051269531,151.1543731689453,52.0,0.0,264,4.4,True
2026-10-09T14:15:00+11:00,2285795,2459_461X,-33.869842529296875,151.11354064941406,105.0,37.8,245,4.08,True
2026-10-09T14:15:00+11:00,2421366,2508_230,-33.832618713378906,151.208251953125,188.0,0.0,-60,-1.0,False
2026-10-09T14:15:00+11:00,2613542,7084_SW2,-33.91301727294922,151.16656494140625,137.0,0.0,68,1.13,True
2026-10-09T14:15:00+11:00,2660258,2459_320,-33.88410568237305,151.20819091796875,191.0,5.8,10,0.17,True
2026-10-09T14:15:00+11:00,2038459,2459_440,-33.885711669921875,151.15725708007812,174.0,0.0,-41,-0.68,True
2026-10-09T14:15:00+11:00,2725755,7083_SW1,-33.91408157348633,151.16636657714844,234.0,0.0,-59,-0.98,True
2026-10-09T14:15:00+11:00,2290971,2459_433,-33.85595703125,151.1747283935547,85.0,26.6,1032,17.2,False
2026-10-09T14:15:00+11:00,2286441,2459_428,-33.89479446411133,151.18209838867188,43.0,18.4,61,1.02,True
2026-10-09T14:15:00+11:00,2285155,2459_426,-33.889732360839844,151.1900177001953,216.0,31.3,283,4.72,True
2026-10-09T14:15:00+11:00,1962065,2459_412,-33.87561798095703,151.2095184326172,197.0,22.0,145,2.42,True
2026-10-09T14:15:00+11:00,2095882,2508_160X,-33.79045486450195,151.18222045898438,67.0,32.8,298,4.97,True
2026-10-09T14:15:00+11:00,2685928,2459_423,-33.86653137207031,151.2107391357422,6.0,0.0,0,0.0,True
2026-10-09T14:15:00+11:00,2668085,2459_420,-33.92451858520508,151.18826293945312,281.0,0.0,0,0.0,True
2026-10-09T14:15:00+11:00,2475267,2459_389,-33.888214111328125,151.2372283935547,175.0,0.0,-44,-0.73,True
2026-10-09T14:15:00+11:00,2475262,2459_389,-33.88797378540039,151.23965454101562,79.0,0.0,1078,17.97,False
2026-10-09T14:15:00+11:00,2392759,2508_114,-33.83026123046875,151.21920776367188,116.0,27.4,60,1.0,True
2026-10-09T14:15:00+11:00,2287348,2459_423,-33.88422775268555,151.19635009765625,86.0,0.0,272,4.53,True
2026-10-09T14:15:00+11:00,2388832,2508_173X,-33.82387161254883,151.24203491210938,225.0,30.2,103,1.72,True
2026-10-09T14:15:00+11:00,1940336,2459_412,-33.913734436035156,151.1464385986328,222.0,19.4,395,6.58,False
2026-10-09T14:15:00+11:00,2286763,2459_433,-33.85679626464844,151.1796112060547,104.0,13.3,360,6.0,False
2026-10-09T14:15:00+11:00,2283426,2459_437,-33.88423538208008,151.1476593017578,271.0,30.6,-49,-0.82,True
2026-10-09T14:15:00+11:00,2736832,2459_428,-33.88749694824219,151.1934051513672,217.0,23.4,538,8.97,False
2026-10-09T14:15:00+11:00,2596426,2459_492,-33.89739227294922,151.10836791992188,185.0,26.3,966,16.1,False
2026-10-09T14:15:00+11:00,2209256,2459_464,-33.866390228271484,151.1058349609375,10.0,3.2,74,1.23,True
2026-10-09T14:15:00+11:00,2424424,2508_230,-33.83211898803711,151.2382354736328,253.0,22.3,16,0.27,True
2026-10-09T14:15:00+11:00,2736709,2459_308,-33.89684295654297,151.197998046875,76.0,28.1,42,0.7,True
2026-10-09T14:15:00+11:00,2042452,2508_B1,-33.82887268066406,151.2288360595703,241.0,1.4,163,2.72,True
2026-10-09T14:15:00+11:00,2514987,2459_458,-33.87408447265625,151.10775756835938,189.0,18.4,0,0.0,True
2026-10-09T14:15:00+11:00,2736780,2459_428,-33.86561965942383,151.21128845214844,18.0,25.9,262,4.37,True
2026-10-09T14:15:00+11:00,2428503,2508_B1,-33.83097457885742,151.22459411621094,65.0,20.9,59,0.98,True
2026-10-09T14:15:00+11:00,2374463,2508_173X,-33.86566925048828,151.20565795898438,189.0,13.3,34,0.57,True
2026-10-09T14:15:00+11:00,2037477,2459_440,-33.869441986083984,151.16281127929688,223.0,43.6,-43,-0.72,True
2026-10-09T14:15:00+11:00,2383166,2508_100,-33.8244514465332,151.24005126953125,277.0,33.1,256,4.27,True
2026-10-09T14:15:00+11:00,2475256,2459_389,-33.86935043334961,151.2004852294922,209.0,43.6,0,0.0,True
2026-10-09T14:15:00+11:00,2290334,2459_433,-33.884239196777344,151.20057678222656,87.0,17.6,-6,-0.1,True
2026-10-09T14:15:00+11:00,2484371,2459_483,-33.884498596191406,151.19778442382812,267.0,0.0,-9,-0.15,True
2026-10-09T14:15:00+11:00,2288147,2459_438X,-33.845069885253906,151.12855529785156,2.0,0.0,0,0.0,True
2026-10-09T14:15:00+11:00,2290914,2459_426,-33.903160095214844,151.14222717285156,335.0,0.0,0,0.0,True
2026-10-09T14:15:00+11:00,2284715,2459_433,-33.86468505859375,151.1713104248047,128.0,40.7,-13,-0.22,True
2026-10-09T14:15:00+11:00,2719489,2514_271,-33.872657775878906,151.2064971923828,175.0,0.0,13,0.22,True
2026-10-09T14:15:00+11:00,2718605,2508_144,-33.828617095947266,151.22918701171875,240.0,14.0,329,5.48,True
2026-10-09T14:15:00+11:00,2438286,7084_SW2,-33.904876708984375,151.12942504882812,275.0,32.4,49,0.82,True
2026-10-09T14:15:00+11:00,2685962,2459_423,-33.884456634521484,151.19627380371094,266.0,0.0,284,4.73,True
2026-10-09T14:15:00+11:00,2415769,2508_B1,-33.86570739746094,151.2056884765625,174.0,0.0,11,0.18,True
2026-10-09T14:15:00+11:00,2284053,2459_442,-33.87393569946289,151.2013397216797,250.0,47.5,86,1.43,True
2026-10-09T14:15:00+11:00,2632201,2510_301,-33.92338180541992,151.21046447753906,279.0,43.6,-26,-0.43,True
2026-10-09T14:15:00+11:00,2287347,2459_433,-33.878055572509766,151.18553161621094,327.0,27.4,162,2.7,True
2026-10-09T14:15:00+11:00,2285896,2459_426,-33.87234115600586,151.20999145507812,190.0,37.8,111,1.85,True
2026-10-09T14:15:00+11:00,2287251,2459_431,-33.88288879394531,151.20382690429688,49.0,0.0,140,2.33,True
2026-10-09T14:15:00+11:00,2283948,2459_438X,-33.8865966796875,151.17709350585938,74.0,38.9,-186,-3.1,False
2026-10-09T14:15:00+11:00,2475272,2459_389,-33.86701583862305,151.19239807128906,154.0,33.8,45,0.75,True
2026-10-09T14:15:00+11:00,2373630,2508_173X,-33.82440948486328,151.240234375,95.0,0.0,115,1.92,True
2026-10-09T14:15:00+11:00,2484369,2459_483,-33.88655471801758,151.1117401123047,280.0,0.4,50,0.83,True
2026-10-09T14:15:00+11:00,2608963,2459_430,-33.880252838134766,151.2079620361328,285.0,15.5,287,4.78,True
2026-10-09T14:15:00+11:00,2349613,2459_418,-33.90947723388672,151.15426635742188,126.0,0.0,748,12.47,False
2026-10-09T14:15:00+11:00,2283189,2459_470,-33.86898422241211,151.21044921875,189.0,0.0,262,4.37,True
2026-10-09T14:15:00+11:00,2209414,2459_464,-33.86125183105469,151.1051788330078,117.0,34.6,100,1.67,True
2026-10-09T14:15:00+11:00,2736824,2459_445,-33.90483856201172,151.12855529785156,277.0,15.5,-59,-0.98,True
2026-10-09T14:15:00+11:00,2554282,2459_358,-33.925533294677734,151.23912048339844,98.0,0.0,-81,-1.35,False
2026-10-09T14:15:00+11:00,2720913,2514_194,-33.81037139892578,151.20822143554688,282.0,17.3,55,0.92,True
2026-10-09T14:15:00+11:00,2208961,2459_464,-33.88808822631836,151.1263427734375,114.0,0.0,0,0.0,True
2026-10-09T14:15:00+11:00,1962075,2459_412,-33.86500930786133,151.20980834960938,227.0,0.0,0,0.0,True
2026-10-09T14:15:00+11:00,2288770,2459_442,-33.85708236694336,151.19554138183594,80.0,0.0,46,0.77,True
2026-10-09T14:15:00+11:00,2708081,2504_607X,-33.87035369873047,151.20620727539062,174.0,0.0,0,0.0,True
2026-10-09T14:15:00+11:00,2289551,2459_461X,-33.88766098022461,151.1709442138672,85.0,51.5,52,0.87,True
2026-10-09T14:15:00+11:00,2038728,2459_470,-33.88389587402344,151.19027709960938,90.0,0.0,680,11.33,False
2026-10-09T14:15:00+11:00,2474503,2508_225,-33.84326934814453,151.2273712158203,1.0,31.0,-14,-0.23,True
2026-10-09T14:15:00+11:00,2287571,2459_433,-33.86147689819336,151.17138671875,25.0,9.4,-18,-0.3,True
2026-10-09T14:15:00+11:00,2208591,2459_440,-33.88271713256836,151.2079620361328,302.0,0.0,-63,-1.05,False
2026-10-09T14:15:00+11:00,2718941,2514_141,-33.795047760009766,151.2686309814453,278.0,0.0,202,3.37,True
2026-10-09T14:15:00+11:00,2375131,2508_B1,-33.801300048828125,151.2464141845703,194.0,30.6,-40,-0.67,True
2026-10-09T14:15:00+11:00,2635993,2459_504,-33.847747802734375,151.14138793945312,29.0,0.0,0,0.0,True
2026-10-09T14:15:00+11:00,2289159,2459_438X,-33.88029479980469,151.20816040039062,105.0,0.0,291,4.85,True
2026-10-09T14:15:00+11:00,2377220,2508_111,-33.83409118652344,151.24978637695312,291.0,47.5,242,4.03,True
2026-10-09T14:15:00+11:00,2421265,2508_230,-33.82978439331055,151.24429321289062,357.0,25.9,57,0.95,True
2026-10-09T14:15:00+11:00,2590040,2508_280,-33.796382904052734,151.18136596679688,1.0,0.0,0,0.0,True
2026-10-09T14:15:00+11:00,2037025,2459_440,-33.879940032958984,151.15643310546875,84.0,23.8,130,2.17,True
2026-10-09T14:15:00+11:00,2475255,2459_389,-33.87266159057617,151.2064971923828,173.0,0.0,-158,-2.63,False
2026-10-09T14:15:00+11:00,2285659,2459_480,-33.8881721496582,151.1159210205078,121.0,52.2,35,0.58,True
2026-10-09T14:15:00+11:00,2438262,7084_SW2,-33.914241790771484,151.16607666015625,249.0,6.8,118,1.97,True
2026-10-09T14:15:00+11:00,2286507,2459_461X,-33.884521484375,151.13511657714844,299.0,41.0,554,9.23,False
2026-10-09T14:15:00+11:00,2596374,2459_490,-33.889137268066406,151.11306762695312,186.0,37.1,470,7.83,False
2026-10-09T14:15:00+11:00,2287202,2459_502,-33.8563232421875,151.1031951904297,352.0,0.4,348,5.8,True
2026-10-09T14:15:00+11:00,1961270,2459_412,-33.88410949707031,151.2007293701172,88.0,32.4,161,2.68,True
2026-10-09T14:15:00+11:00,1961442,2459_412,-33.89276885986328,151.15797424316406,286.0,8.6,64,1.07,True
2026-10-09T14:15:00+11:00,2286715,2459_433,-33.87937545776367,151.1817169189453,57.0,44.3,1,0.02,True
2026-10-09T14:15:00+11:00,2706056,2504_610X,-33.864418029785156,151.20555114746094,176.0,34.6,-392,-6.53,False
2026-10-09T14:15:00+11:00,2287765,2459_461X,-33.889652252197266,151.15020751953125,254.0,0.0,-78,-1.3,False
2026-10-09T14:15:00+11:00,2308754,2459_445,-33.85811996459961,151.183349609375,294.0,0.0,1,0.02,True
2026-10-09T14:15:00+11:00,2609044,2459_430,-33.887901306152344,151.1930389404297,227.0,24.5,891,14.85,False
2026-10-09T14:15:00+11:00,2736681,2459_308,-33.902793884277344,151.19149780273438,214.0,0.0,-168,-2.8,False
2026-10-09T14:15:00+11:00,2714718,2508_114,-33.82777786254883,151.20228576660156,281.0,6.5,323,5.38,True
2026-10-09T14:15:00+11:00,2383160,2508_100,-33.8244743347168,151.2402801513672,97.0,11.5,-237,-3.95,False
2026-10-09T14:15:00+11:00,2290342,2459_433,-33.88444519042969,151.19354248046875,266.0,34.9,-105,-1.75,False
2026-10-09T14:15:00+11:00,2428401,2508_238,-33.84616470336914,151.24549865722656,328.0,28.1,582,9.7,False
2026-10-09T14:15:00+11:00,2376073,2508_144,-33.817413330078125,151.18104553222656,105.0,15.5,92,1.53,True
2026-10-09T14:15:00+11:00,2287660,2459_438X,-33.8841438293457,151.14976501464844,87.0,0.0,-182,-3.03,False
2026-10-09T14:15:00+11:00,2286992,2459_426,-33.86463165283203,151.2102508544922,225.0,0.0,0,0.0,True
2026-10-09T14:15:00+11:00,2620059,2459_530,-33.79747772216797,151.1789093017578,249.0,0.0,0,0.0,True
2026-10-09T14:15:00+11:00,1932430,2459_412,-33.91929626464844,151.126220703125,270.0,16.6,70,1.17,True
2026-10-09T14:15:00+11:00,2284524,2459_423,-33.92649841308594,151.12673950195312,101.0,25.9,234,3.9,True
2026-10-09T14:15:00+11:00,2308757,2459_445,-33.9027214050293,151.14346313476562,65.0,33.5,194,3.23,True
2026-10-09T14:15:00+11:00,2209167,2459_464,-33.88859558105469,151.11814880371094,274.0,0.0,39,0.65,True
2026-10-09T14:15:00+11:00,2736742,2459_445,-33.8900032043457,151.1583251953125,98.0,0.0,-62,-1.03,False
2026-10-09T14:15:00+11:00,2287153,2459_470,-33.86497116088867,151.20985412597656,225.0,0.0,0,0.0,True
2026-10-09T14:15:00+11:00,2668037,2459_420,-33.879154205322266,151.10328674316406,10.0,11.5,-178,-2.97,False
2026-10-09T14:15:00+11:00,2376419,2508_144,-33.79741668701172,151.1793212890625,250.0,0.0,0,0.0,True
2026-10-09T14:15:00+11:00,2736572,2459_428,-33.86977005004883,151.21035766601562,7.0,0.0,0,0.0,True
2026-10-09T14:15:00+11:00,2383186,2508_100,-33.83024215698242,151.21827697753906,277.0,29.9,173,2.88,True
2026-10-09T14:15:00+11:00,2371570,7083_SW3,-33.90412521362305,151.15589904785156,142.0,17.6,66,1.1,True
2026-10-09T14:15:00+11:00,2289809,2459_423,-33.893985748291016,151.18289184570312,42.0,26.6,233,3.88,True
2026-10-09T14:15:00+11:00,1973301,2508_162,-33.80663299560547,151.25619506835938,189.0,0.0,125,2.08,True
2026-10-09T14:15:00+11:00,2290686,2459_426,-33.90692138671875,151.14659118652344,285.0,0.0,199,3.32,True
2026-10-09T14:15:00+11:00,2289699,2459_348,-33.923091888427734,151.1626739501953,44.0,36.4,280,4.67,True
2026-10-09T14:15:00+11:00,2289638,2459_461X,-33.8836555480957,151.20338439941406,225.0,0.0,-67,-1.12,False
2026-10-09T14:15:00+11:00,2375016,2508_172X,-33.83064651489258,151.2257843017578,243.0,37.1,343,5.72,True
2026-10-09T14:15:00+11:00,2720356,2514_271,-33.86137008666992,151.20579528808594,192.0,62.6,-410,-6.83,False
2026-10-09T14:15:00+11:00,2383188,2508_100,-33.87234878540039,151.20648193359375,176.0,7.2,118,1.97,True
2026-10-09T14:15:00+11:00,2725835,7083_SW1,-33.91432189941406,151.14256286621094,307.0,14.4,316,5.27,True
2026-10-09T14:15:00+11:00,2618165,2508_263,-33.82670974731445,151.2010955810547,102.0,0.0,0,0.0,True
2026-10-09T14:15:00+11:00,2596472,2459_492,-33.874271392822266,151.1072998046875,276.0,22.0,67,1.12,True
2026-10-09T14:15:00+11:00,2596458,2459_491,-33.89330291748047,151.12538146972656,5.0,27.0,660,11.0,False
2026-10-09T14:15:00+11:00,2676984,2503_M90,-33.87513732910156,151.1074676513672,9.0,0.0,3,0.05,True
2026-10-09T14:15:00+11:00,2038729,2459_470,-33.88463592529297,151.19203186035156,82.0,0.0,2,0.03,True
2026-10-09T14:15:00+11:00,2038458,2459_440,-33.884803771972656,151.1851043701172,76.0,0.0,0,0.0,True
2026-10-09T14:15:00+11:00,2284982,2459_441,-33.85550308227539,151.1783905029297,197.0,31.3,235,3.92,True
2026-10-09T14:15:00+11:00,2288071,2459_428,-33.90214920043945,151.16336059570312,112.0,0.0,-15,-0.25,True
2026-10-09T14:15:00+11:00,2554147,2459_358,-33.91560363769531,151.2406005859375,339.0,0.0,245,4.08,True
2026-10-09T14:15:00+11:00,2618565,2459_422,-33.880775451660156,151.2066650390625,209.0,0.0,3,0.05,True
2026-10-09T14:15:00+11:00,2668026,2459_420,-33.9329719543457,151.1800079345703,111.0,9.4,123,2.05,True
2026-10-09T14:15:00+11:00,2514956,2459_410,-33.85607147216797,151.102783203125,251.0,0.0,-38,-0.63,True
2026-10-09T14:15:00+11:00,2288091,2459_437,-33.87229919433594,151.2064666748047,174.0,0.0,0,0.0,True
2026-10-09T14:15:00+11:00,2596206,2459_490,-33.89555740356445,151.1084747314453,6.0,27.0,165,2.75,True
2026-10-09T14:15:00+11:00,2375301,2508_144,-33.80939483642578,151.2456512451172,35.0,29.9,176,2.93,True
2026-10-09T14:15:00+11:00,2383309,2508_100,-33.834022521972656,151.21144104003906,19.0,58.3,-51,-0.85,True
2026-10-09T14:15:00+11:00,2289513,2459_348,-33.90981674194336,151.2221221923828,281.0,24.1,70,1.17,True
2026-10-09T14:15:00+11:00,2286827,2459_433,-33.881385803222656,151.20611572265625,43.0,0.0,417,6.95,False
2026-10-09T14:15:00+11:00,2685996,2459_423,-33.92115783691406,151.14373779296875,214.0,0.4,260,4.33,True
2026-10-09T14:15:00+11:00,2375111,2508_144,-33.79656982421875,151.1803436279297,179.0,0.0,21,0.35,True
2026-10-09T14:15:00+11:00,2284019,2459_428,-33.911888122558594,151.11917114257812,141.0,0.0,175,2.92,True
2026-10-09T14:15:00+11:00,2208631,2459_440,-33.885581970214844,151.15719604492188,350.0,0.0,420,7.0,False
2026-10-09T14:15:00+11:00,2725792,7083_SW1,-33.908145904541016,151.12977600097656,311.0,36.4,554,9.23,False
2026-10-09T14:15:00+11:00,2288696,2459_438X,-33.88762283325195,151.1728973388672,262.0,22.0,-16,-0.27,True
2026-10-09T14:15:00+11:00,2374644,2508_144,-33.830894470214844,151.2249755859375,66.0,3.6,194,3.23,True
2026-10-09T14:15:00+11:00,2428435,2508_238,-33.82433319091797,151.25083923339844,352.0,0.0,34,0.57,True
2026-10-09T14:15:00+11:00,2618164,2508_263,-33.83837127685547,151.21388244628906,153.0,6.5,746,12.43,False
2026-10-09T14:15:00+11:00,2375575,2508_172X,-33.794700622558594,151.25048828125,189.0,0.0,104,1.73,True
2026-10-09T14:15:00+11:00,2596255,2459_490,-33.869205474853516,151.1298065185547,256.0,0.0,60,1.0,True
2026-10-09T14:15:00+11:00,2286210,2459_437,-33.86357116699219,151.1399688720703,74.0,10.8,50,0.83,True
2026-10-09T14:15:00+11:00,1962149,2459_412,-33.88479232788086,151.1869659423828,264.0,36.7,114,1.9,True
2026-10-09T14:15:00+11:00,2428487,2508_238,-33.842018127441406,151.24356079101562,355.0,0.0,231,3.85,True
2026-10-09T14:15:00+11:00,2209704,2459_530,-33.815086364746094,151.15228271484375,60.0,0.0,-45,-0.75,True
2026-10-09T14:15:00+11:00,2286969,2459_470,-33.88235092163086,151.18492126464844,274.0,8.3,181,3.02,True
2026-10-09T14:15:00+11:00,2454777,2508_225,-33.841819763183594,151.21893310546875,182.0,0.0,110,1.83,True
2026-10-09T14:15:00+11:00,2349609,2459_418,-33.90826416015625,151.12997436523438,131.0,38.5,144,2.4,True
2026-10-09T14:15:00+11:00,2721325,2514_270,-33.803592681884766,151.20579528808594,11.0,43.2,-66,-1.1,False
2026-10-09T14:15:00+11:00,2570040,7083_SW1,-33.910831451416016,151.1571044921875,119.0,31.3,112,1.87,True
2026-10-09T14:15:00+11:00,2349303,2459_418,-33.924049377441406,151.16017150878906,313.0,16.2,0,0.0,True
2026-10-09T14:15:00+11:00,2038031,2459_469,-33.882511138916016,151.1405487060547,146.0,41.0,6,0.1,True
2026-10-09T14:15:00+11:00,2714654,2508_144,-33.82525634765625,151.1982879638672,329.0,3.6,170,2.83,True
2026-10-09T14:15:00+11:00,2714654_2,2508_144,-33.8275146484375,151.2006072998047,311.0,23.0,291,4.85,True
2026-10-09T14:15:00+11:00,2720617,2514_194,-33.86429977416992,151.20553588867188,172.0,36.0,-541,-9.02,False
2026-10-09T14:15:00+11:00,2668126,2459_420,-33.9377555847168,151.15267944335938,53.0,0.0,650,10.83,False
2026-10-09T14:15:00+11:00,2038771,2459_469,-33.8825569152832,151.1825714111328,145.0,0.0,-42,-0.7,True
2026-10-09T14:15:00+11:00,2383172,2508_100,-33.839073181152344,151.2447052001953,31.0,11.9,71,1.18,True
2026-10-09T14:15:00+11:00,2554070,2459_358,-33.91851043701172,151.1685028076172,323.0,41.0,406,6.77,False
2026-10-09T14:15:00+11:00,2209507,2459_440,-33.88460159301758,151.19427490234375,264.0,38.2,313,5.22,True
2026-10-09T14:15:00+11:00,2618657,2459_422,-33.89313507080078,151.18336486816406,161.0,0.0,72,1.2,True
2026-10-09T14:15:00+11:00,2668029,2459_420,-33.88069534301758,151.10301208496094,189.0,18.7,109,1.82,True
2026-10-09T14:15:00+11:00,2725813,7083_SW1,-33.91490173339844,151.15203857421875,238.0,28.8,-50,-0.83,True
2026-10-09T14:15:00+11:00,2286721,2459_348,-33.92716979980469,151.15847778320312,211.0,45.7,224,3.73,True
2026-10-09T14:15:00+11:00,2288516,2459_418,-33.90492248535156,151.13821411132812,242.0,0.0,182,3.03,True
2026-10-09T14:15:00+11:00,2288915,2459_438X,-33.88446044921875,151.19699096679688,268.0,5.0,-195,-3.25,False
2026-10-09T14:15:00+11:00,2375279,2508_172X,-33.797298431396484,151.25076293945312,259.0,16.6,212,3.53,True
2026-10-09T14:15:00+11:00,2283391,2459_438X,-33.882957458496094,151.2036895751953,46.0,0.7,-160,-2.67,False
2026-10-09T14:15:00+11:00,2289077,2459_442,-33.868812561035156,151.17689514160156,71.0,36.4,15,0.25,True
2026-10-09T14:15:00+11:00,2383184,2508_100,-33.83823013305664,151.2109832763672,199.0,69.5,255,4.25,True
2026-10-09T14:15:00+11:00,2374878,2508_144,-33.793792724609375,151.2606658935547,75.0,27.0,232,3.87,True
2026-10-09T14:15:00+11:00,2554177,2459_358,-33.922523498535156,151.20408630371094,279.0,0.0,243,4.05,True
2026-10-09T14:15:00+11:00,2289800,2459_423,-33.91288757324219,151.15391540527344,41.0,38.9,178,2.97,True
2026-10-09T14:15:00+11:00,2289120,2459_422,-33.898109436035156,151.17837524414062,40.0,0.0,-49,-0.82,True
2026-10-09T14:15:00+11:00,2718611,2508_144,-33.79503631591797,151.26876831054688,278.0,0.0,94,1.57,True
2026-10-09T14:15:00+11:00,2209234,2459_440,-33.89132308959961,151.24810791015625,95.0,0.0,0,0.0,True
2026-10-09T14:15:00+11:00,2596312,2459_492,-33.87498092651367,151.10519409179688,100.0,25.9,149,2.48,True
2026-10-09T14:15:00+11:00,2383217,2508_100,-33.82957077026367,151.24420166015625,174.0,17.6,-17,-0.28,True
2026-10-09T14:15:00+11:00,2283723,2459_422,-33.88459396362305,151.19760131835938,266.0,0.0,-9,-0.15,True
2026-10-09T14:15:00+11:00,2285727,2459_470,-33.88084411621094,151.20664978027344,206.0,24.5,164,2.73,True
2026-10-09T14:15:00+11:00,1963817,2459_412,-33.91590881347656,151.13340759277344,241.0,32.0,721,12.02,False
2026-10-09T14:15:00+11:00,2415795,2508_B1,-33.86642837524414,151.20632934570312,6.0,0.0,0,0.0,True
2026-10-09T14:15:00+11:00,2685940,2459_423,-33.89677810668945,151.1795654296875,226.0,25.2,250,4.17,True
2026-10-09T14:15:00+11:00,2287423,2459_303,-33.923736572265625,151.2121124267578,117.0,42.5,133,2.22,True
2026-10-09T14:15:00+11:00,2290905,2459_422,-33.88417434692383,151.20068359375,88.0,27.0,-136,-2.27,False
2026-10-09T14:15:00+11:00,2089005,2508_160X,-33.78665542602539,151.1820526123047,249.0,0.0,379,6.32,False
2026-10-09T14:15:00+11:00,2287463,2459_348,-33.909908294677734,151.2229766845703,99.0,28.4,216,3.6,True
2026-10-09T14:15:00+11:00,2553941,2459_358,-33.92058563232422,151.19140625,105.0,22.3,250,4.17,True
2026-10-09T14:15:00+11:00,2415717,2508_B1,-33.823429107666016,151.2425079345703,50.0,0.0,111,1.85,True
2026-10-09T14:15:00+11:00,2308996,2459_445,-33.85739517211914,151.18064880371094,124.0,25.9,-417,-6.95,False
2026-10-09T14:15:00+11:00,2635822,2459_504,-33.855281829833984,151.1584930419922,322.0,0.0,4,0.07,True
2026-10-09T14:15:00+11:00,2288856,2459_426,-33.91184616088867,151.1591339111328,121.0,0.0,289,4.82,True
2026-10-09T14:15:00+11:00,1962706,2459_413,-33.88518142700195,151.18435668945312,77.0,0.0,-64,-1.07,False
2026-10-09T14:15:00+11:00,2038457,2459_440,-33.88431167602539,151.1960906982422,86.0,0.0,90,1.5,True
2026-10-09T14:15:00+11:00,2474916,2459_389,-33.89083480834961,151.244140625,110.0,33.5,247,4.12,True
2026-10-09T14:15:00+11:00,2710426,2504_607X,-33.84257125854492,151.21099853515625,344.0,60.5,156,2.6,True
2026-10-09T14:15:00+11:00,2514966,2459_410,-33.87363052368164,151.10459899902344,179.0,5.0,-170,-2.83,False
2026-10-09T14:15:00+11:00,2660197,2459_320,-33.89016342163086,151.20590209960938,8.0,2.5,489,8.15,False
2026-10-09T14:15:00+11:00,2283582,2459_461X,-33.87749481201172,151.20938110351562,5.0,0.0,12,0.2,True
2026-10-09T14:15:00+11:00,2685975,2459_423,-33.86555099487305,151.2103729248047,217.0,0.0,0,0.0,True
2026-10-09T14:15:00+11:00,2424388,2508_230,-33.83082962036133,151.22073364257812,111.0,32.8,45,0.75,True
2026-10-09T14:15:00+11:00,2376056,2508_B1,-33.84865188598633,151.21282958984375,186.0,49.3,-97,-1.62,False
2026-10-09T14:15:00+11:00,2286250,2459_423,-33.89719772338867,151.17913818359375,38.0,24.1,-240,-4.0,False
2026-10-09T14:15:00+11:00,2208219,2459_413,-33.88773727416992,151.17086791992188,270.0,25.6,318,5.3,True
2026-10-09T14:15:00+11:00,2736859,2459_428,-33.88380432128906,151.2030029296875,226.0,0.0,-110,-1.83,False
2026-10-09T14:15:00+11:00,2484450,2459_480,-33.884952545166016,151.18536376953125,257.0,38.5,284,4.73,True
2026-10-09T14:15:00+11:00,2709219,2504_610X,-33.870052337646484,151.2061767578125,174.0,0.0,0,0.0,True
2026-10-09T14:15:00+11:00,2596303,2459_491,-33.8832893371582,151.1208953857422,210.0,30.2,99,1.65,True
2026-10-09T14:15:00+11:00,2685952,2459_423,-33.878082275390625,151.2093048095703,186.0,22.7,228,3.8,True
2026-10-09T14:15:00+11:00,2038730,2459_470,-33.880714416503906,151.16867065429688,113.0,40.0,17,0.28,True
2026-10-09T14:15:00+11:00,2288148,2459_389,-33.88221740722656,151.22869873046875,234.0,0.0,198,3.3,True
2026-10-09T14:15:00+11:00,2570112,7083_SW1,-33.91114807128906,151.13938903808594,145.0,33.5,34,0.57,True
2026-10-09T14:15:00+11:00,2635845,2459_504,-33.847808837890625,151.14137268066406,40.0,0.0,0,0.0,True
2026-10-09T14:15:00+11:00,2375700,2508_144,-33.8259162902832,151.19927978515625,150.0,0.0,237,3.95,True
2026-10-09T14:15:00+11:00,2288833,2459_438X,-33.844852447509766,151.12847900390625,2.0,0.0,331,5.52,True
2026-10-09T14:15:00+11:00,2283269,2459_438X,-33.866756439208984,151.21070861816406,185.0,0.0,56,0.93,True
2026-10-09T14:15:00+11:00,2636106,2459_415,-33.8513069152832,151.12962341308594,279.0,27.7,402,6.7,False
2026-10-09T14:15:00+11:00,2289065,2459_431,-33.879913330078125,151.1870880126953,326.0,0.0,-54,-0.9,True
2026-10-09T14:15:00+11:00,2596221,2459_490,-33.86195373535156,151.14492797851562,320.0,32.8,-112,-1.87,False
2026-10-09T14:15:00+11:00,2290830,2459_303,-33.924678802490234,151.21865844726562,190.0,0.0,64,1.07,True
2026-10-09T14:15:00+11:00,2719594,2514_277,-33.796512603759766,151.18106079101562,177.0,0.0,0,0.0,True
2026-10-09T14:15:00+11:00,2685924,2459_423,-33.909278869628906,151.16259765625,213.0,21.6,304,5.07,True
2026-10-09T14:15:00+11:00,2660425,2459_320,-33.906646728515625,151.20806884765625,19.0,11.9,-5,-0.08,True
2026-10-09T14:15:00+11:00,2718609,2508_144,-33.822975158691406,151.24330139160156,233.0,24.1,-41,-0.68,True
2026-10-09T14:15:00+11:00,2710793,2504_610X,-33.80651092529297,151.15335083007812,308.0,75.2,83,1.38,True
2026-10-09T14:15:00+11:00,2714732,2508_114,-33.83024215698242,151.24398803710938,355.0,4.3,226,3.77,True
2026-10-09T14:15:00+11:00,2283089,2459_438X,-33.8841667175293,151.1459503173828,270.0,43.6,-60,-1.0,False
2026-10-09T14:15:00+11:00,2421459,2508_229,-33.82130813598633,151.24386596679688,13.0,0.0,-26,-0.43,True
2026-10-09T14:15:00+11:00,2285032,2459_442,-33.85731506347656,151.18060302734375,119.0,0.0,72,1.2,True
2026-10-09T14:15:00+11:00,2283299,2459_437,-33.86942672729492,151.17539978027344,68.0,62.6,-227,-3.78,False
2026-10-09T14:15:00+11:00,2286352,2459_426,-33.89267349243164,151.1858367919922,73.0,0.0,436,7.27,False
2026-10-09T14:15:00+11:00,2736598,2459_445,-33.87480926513672,151.15609741210938,175.0,11.5,-185,-3.08,False
2026-10-09T14:15:00+11:00,2554003,2459_358,-33.921356201171875,151.18331909179688,105.0,0.0,-6,-0.1,True
2026-10-09T14:15:00+11:00,2731272,2507_507,-33.82622146606445,151.11492919921875,297.0,39.2,131,2.18,True
2026-10-09T14:15:00+11:00,2441472,2507_207,-33.86371994018555,151.20806884765625,263.0,0.0,0,0.0,True
2026-10-09T14:15:00+11:00,2654471,2507_52,-33.87290573120117,151.20445251464844,244.0,0.0,91,1.52,True
2026-10-09T14:15:00+11:00,2634533,2507_254,-33.848793029785156,151.20553588867188,102.0,30.6,-306,-5.1,False
2026-10-09T14:15:00+11:00,2644426,2507_120,-33.80162048339844,151.1985626220703,189.0,37.8,4,0.07,True
2026-10-09T14:15:00+11:00,2229905,2507_254,-33.82048034667969,151.16067504882812,100.0,31.7,-10,-0.17,True
2026-10-09T14:15:00+11:00,2621466,2507_288,-33.808658599853516,151.1553955078125,142.0,0.0,150,2.5,True
2026-10-09T14:15:00+11:00,2643391,2507_501,-33.869873046875,151.1935577392578,246.0,19.4,131,2.18,True
2026-10-09T14:15:00+11:00,2643243,2507_120,-33.87214660644531,151.20643615722656,177.0,22.0,19,0.32,True
2026-10-09T14:15:00+11:00,2621414,2507_252,-33.81656265258789,151.1516876220703,191.0,8.3,64,1.07,True
2026-10-09T14:15:00+11:00,2643365,2507_120,-33.86912155151367,151.205322265625,354.0,0.0,428,7.13,False
2026-10-09T14:15:00+11:00,2322353,2507_506,-33.87047576904297,151.21324157714844,107.0,23.0,0,0.0,True
2026-10-09T14:15:00+11:00,2672284,2507_115,-33.83343505859375,151.20474243164062,158.0,0.0,-11,-0.18,True
2026-10-09T14:15:00+11:00,2555432,2507_265,-33.83799743652344,151.19619750976562,41.0,23.0,68,1.13,True
2026-10-09T14:15:00+11:00,2642981,2507_501,-33.824867248535156,151.12570190429688,134.0,47.5,465,7.75,False
2026-10-09T14:15:00+11:00,2229125,2507_275,-33.79868698120117,151.2267608642578,145.0,2.9,0,0.0,True
2026-10-09T14:15:00+11:00,2537632,2507_506,-33.87318801879883,151.20375061035156,70.0,0.0,-245,-4.08,False
2026-10-09T14:15:00+11:00,2672356,2507_115,-33.79550552368164,151.18630981445312,70.0,0.0,207,3.45,True
2026-10-09T14:15:00+11:00,2322356,2507_506,-33.87046432495117,151.21322631835938,273.0,0.0,590,9.83,False
2026-10-09T14:15:00+11:00,2621572,2507_288,-33.86457061767578,151.20346069335938,350.0,30.2,261,4.35,True
2026-10-09T14:15:00+11:00,2672308,2507_115,-33.79555130004883,151.1969757080078,159.0,46.4,468,7.8,False
2026-10-09T14:15:00+11:00,2744685,2507_292,-33.81241226196289,151.17190551757812,260.0,23.8,-49,-0.82,True
2026-10-09T14:15:00+11:00,2672410,2507_115,-33.832435607910156,151.20425415039062,339.0,12.6,-122,-2.03,False
2026-10-09T14:15:00+11:00,2644043,2507_120,-33.79349136352539,151.19589233398438,339.0,26.3,617,10.28,False
2026-10-09T14:15:00+11:00,2407324,2507_265,-33.81720733642578,151.17462158203125,130.0,34.2,127,2.12,True
2026-10-09T14:15:00+11:00,2644167,2507_254,-33.826141357421875,151.19935607910156,321.0,0.0,3,0.05,True
2026-10-09T14:15:00+11:00,2672414,2507_115,-33.819847106933594,151.20074462890625,343.0,2.9,182,3.03,True
2026-10-09T14:15:00+11:00,2643744,2507_207,-33.798828125,151.22616577148438,260.0,35.3,35,0.58,True
2026-10-09T14:15:00+11:00,2644643,2507_501,-33.88081741333008,151.20655822753906,208.0,15.5,0,0.0,True
2026-10-09T14:15:00+11:00,2441886,2507_207,-33.802330017089844,151.21148681640625,345.0,24.8,-8,-0.13,True
2026-10-09T14:15:00+11:00,2738364,2507_533,-33.80467987060547,151.15679931640625,99.0,0.0,11,0.18,True
2026-10-09T14:15:00+11:00,2644265,2507_202,-33.81214904785156,151.21885681152344,283.0,34.9,-119,-1.98,False
2026-10-09T14:15:00+11:00,2644932,2507_501,-33.88068389892578,151.2002410888672,155.0,7.9,221,3.68,True
2026-10-09T14:15:00+11:00,2682148,2507_202,-33.83853530883789,151.20681762695312,8.0,23.0,-13,-0.22,True
2026-10-09T14:15:00+11:00,2644397,2507_120,-33.796287536621094,151.1811981201172,5.0,6.1,56,0.93,True
2026-10-09T14:15:00+11:00,2642932,2507_501,-33.84770202636719,151.1521453857422,332.0,0.0,137,2.28,True
2026-10-09T14:15:00+11:00,2672467,2507_267,-33.840721130371094,151.18125915527344,10.0,32.4,48,0.8,True
2026-10-09T14:15:00+11:00,2645077,2507_120,-33.8310661315918,151.21401977539062,216.0,64.8,102,1.7,True
2026-10-09T14:15:00+11:00,2643525,2507_207,-33.83418655395508,151.20790100097656,189.0,0.0,18,0.3,True
2026-10-09T14:15:00+11:00,2644013,2507_52,-33.872833251953125,151.20472717285156,76.0,0.7,-285,-4.75,False
2026-10-09T14:15:00+11:00,2407553,2507_261,-33.834022521972656,151.20445251464844,348.0,41.0,135,2.25,True
2026-10-09T14:15:00+11:00,2644838,2507_120,-33.795406341552734,151.18585205078125,250.0,0.0,-388,-6.47,False
2026-10-09T14:15:00+11:00,2654369,2507_52,-33.823448181152344,151.12306213378906,304.0,43.9,111,1.85,True
2026-10-09T14:15:00+11:00,2407008,2507_252,-33.83018112182617,151.12643432617188,58.0,0.0,93,1.55,True
2026-10-09T14:15:00+11:00,2634583,2507_261,-33.836708068847656,151.206298828125,101.0,4.0,218,3.63,True
2026-10-09T14:15:00+11:00,2230534,2507_288,-33.86630630493164,151.2050018310547,354.0,31.7,-92,-1.53,False
2026-10-09T14:15:00+11:00,2654514,2507_52,-33.85723876953125,151.16021728515625,329.0,51.5,189,3.15,True
2026-10-09T14:15:00+11:00,2621621,2507_516,-33.79566192626953,151.16712951660156,349.0,49.3,180,3.0,True
2026-10-09T14:15:00+11:00,2643590,2507_52,-33.8399543762207,151.1376190185547,74.0,28.1,296,4.93,True
2026-10-09T14:15:00+11:00,2672424,2507_115,-33.795570373535156,151.18577575683594,248.0,0.0,-216,-3.6,False
2026-10-09T14:15:00+11:00,2407238,2507_252,-33.81228256225586,151.17530822753906,80.0,11.2,106,1.77,True
2026-10-09T14:15:00+11:00,2230868,2507_288,-33.806636810302734,151.15362548828125,320.0,0.0,356,5.93,True
2026-10-09T14:15:00+11:00,2564755,2509_379,-33.90561294555664,151.25921630859375,100.0,23.0,-551,-9.18,False
2026-10-09T14:15:00+11:00,2564789,2509_379,-33.89116668701172,151.2490692138672,277.0,0.0,-105,-1.75,False
2026-10-09T14:15:00+11:00,2357796,2509_370,-33.90978240966797,151.22177124023438,281.0,18.4,487,8.12,False
2026-10-09T14:15:00+11:00,2352322,2509_307,-33.9449462890625,151.2265167236328,26.0,1.8,596,9.93,False
2026-10-09T14:15:00+11:00,2151869,2509_333,-33.86165237426758,151.21189880371094,96.0,0.0,-9,-0.15,True
2026-10-09T14:15:00+11:00,2352612,2509_356,-33.93613052368164,151.24781799316406,290.0,18.4,722,12.03,False
2026-10-09T14:15:00+11:00,2740262,2509_370,-33.9106559753418,151.20509338378906,100.0,32.8,263,4.38,True
2026-10-09T14:15:00+11:00,2352502,2509_307,-33.940765380859375,151.21514892578125,57.0,0.0,308,5.13,True
2026-10-09T14:15:00+11:00,2564531,2509_333,-33.891143798828125,151.27413940429688,223.0,0.0,-23,-0.38,True
2026-10-09T14:15:00+11:00,2533079,2509_352,-33.891292572021484,151.2494354248047,274.0,18.0,0,0.0,True
2026-10-09T14:15:00+11:00,2534188,2509_313,-33.91926956176758,151.24835205078125,190.0,3.6,-7,-0.12,True
2026-10-09T14:15:00+11:00,2532480,2509_380,-33.87677764892578,151.28001403808594,9.0,47.9,241,4.02,True
2026-10-09T14:15:00+11:00,2564683,2509_350,-33.940338134765625,151.2304229736328,101.0,40.0,299,4.98,True
2026-10-09T14:15:00+11:00,2356012,2509_343,-33.8675537109375,151.2106170654297,185.0,0.0,129,2.15,True
2026-10-09T14:15:00+11:00,2335725,2509_309,-33.9354133605957,151.1939697265625,342.0,0.0,57,0.95,True
2026-10-09T14:15:00+11:00,2300884,2509_399,-33.92837905883789,151.2332000732422,310.0,6.1,123,2.05,True
2026-10-09T14:15:00+11:00,2533243,2509_352,-33.891265869140625,151.24562072753906,118.0,5.8,11,0.18,True
2026-10-09T14:15:00+11:00,2532278,2509_324,-33.879215240478516,151.23863220214844,77.0,27.0,0,0.0,True
2026-10-09T14:15:00+11:00,2152032,2509_333,-33.889644622802734,151.2800750732422,124.0,28.1,136,2.27,True
2026-10-09T14:15:00+11:00,2137792,2509_396,-33.86933135986328,151.21041870117188,8.0,0.0,421,7.02,False
2026-10-09T14:15:00+11:00,2357281,2509_373,-33.90531539916992,151.22882080078125,115.0,37.4,38,0.63,True
2026-10-09T14:15:00+11:00,2335383,2509_309,-33.896888732910156,151.19932556152344,346.0,0.0,-204,-3.4,False
2026-10-09T14:15:00+11:00,2531460,2509_387,-33.88707733154297,151.25897216796875,207.0,0.0,68,1.13,True
2026-10-09T14:15:00+11:00,2628637,2509_304,-33.878116607666016,151.2093048095703,192.0,15.8,113,1.88,True
2026-10-09T14:15:00+11:00,2151517,2509_333,-33.89173889160156,151.24745178222656,42.0,17.3,302,5.03,True
2026-10-09T14:15:00+11:00,2400599,2509_392,-33.91313934326172,151.2249298095703,137.0,30.6,96,1.6,True
2026-10-09T14:15:00+11:00,2357754,2509_343,-33.91796112060547,151.20404052734375,23.0,32.4,304,5.07,True
2026-10-09T14:15:00+11:00,2403047,2509_311,-33.87101364135742,151.2252960205078,187.0,15.8,123,2.05,True
2026-10-09T14:15:00+11:00,2137646,2509_396,-33.8729362487793,151.20994567871094,186.0,0.0,-50,-0.83,True
2026-10-09T14:15:00+11:00,2396591,2509_392,-33.92461013793945,151.22793579101562,359.0,0.4,-24,-0.4,True
2026-10-09T14:15:00+11:00,2400289,2509_392,-33.89677429199219,151.2031707763672,93.0,25.6,146,2.43,True
2026-10-09T14:15:00+11:00,2138093,2509_396,-33.939937591552734,151.23855590820312,349.0,33.5,59,0.98,True
2026-10-09T14:15:00+11:00,2357424,2509_343,-33.89216995239258,151.20559692382812,10.0,32.4,113,1.88,True
2026-10-09T14:15:00+11:00,2151800,2509_333,-33.88419723510742,151.22314453125,117.0,47.2,8,0.13,True
2026-10-09T14:15:00+11:00,2138763,2509_396,-33.879478454589844,151.2154998779297,123.0,3.6,279,4.65,True
2026-10-09T14:15:00+11:00,2352369,2509_356,-33.919071197509766,151.2424774169922,167.0,23.8,116,1.93,True
2026-10-09T14:15:00+11:00,2136850,2509_306,-33.92470169067383,151.2100830078125,99.0,24.5,54,0.9,True
2026-10-09T14:15:00+11:00,2346375,2509_390X,-33.896297454833984,151.2512664794922,335.0,0.0,574,9.57,False
2026-10-09T14:15:00+11:00,2533732,2509_352,-33.89630889892578,151.180419921875,238.0,0.0,557,9.28,False
2026-10-09T14:15:00+11:00,2355924,2509_343,-33.91437911987305,151.20521545410156,196.0,26.3,-119,-1.98,False
2026-10-09T14:15:00+11:00,2356525,2509_343,-33.92330551147461,151.2091522216797,280.0,34.9,-70,-1.17,False
2026-10-09T14:15:00+11:00,2356093,2509_370,-33.919612884521484,151.25721740722656,190.0,0.0,0,0.0,True
2026-10-09T14:15:00+11:00,2548769,2509_328,-33.87889862060547,151.23655700683594,103.0,6.5,-16,-0.27,True
2026-10-09T14:15:00+11:00,2531178,2509_325,-33.87125015258789,151.2550506591797,297.0,42.5,247,4.12,True
2026-10-09T14:15:00+11:00,2435526,2509_390X,-33.899967193603516,151.25328063964844,142.0,0.0,244,4.07,True
2026-10-09T14:15:00+11:00,2357261,2509_343,-33.865291595458984,151.2114715576172,23.0,24.8,181,3.02,True
2026-10-09T14:15:00+11:00,2564981,2509_350,-33.91670227050781,151.25767517089844,10.0,32.0,792,13.2,False
2026-10-09T14:15:00+11:00,2564748,2509_350,-33.945411682128906,151.22132873535156,308.0,24.1,52,0.87,True
2026-10-09T14:15:00+11:00,2356531,2509_373,-33.8791389465332,151.21507263183594,131.0,9.7,114,1.9,True
2026-10-09T14:15:00+11:00,2667432,2509_326,-33.879119873046875,151.25839233398438,189.0,31.3,191,3.18,True
2026-10-09T14:15:00+11:00,2470774,2509_356,-33.94144058227539,151.2387237548828,96.0,1.4,251,4.18,True
2026-10-09T14:15:00+11:00,2628625,2509_304,-33.89670944213867,151.21200561523438,278.0,19.4,16,0.27,True
2026-10-09T14:15:00+11:00,2532940,2509_360,-33.89836120605469,151.26560974121094,188.0,28.8,117,1.95,True
2026-10-09T14:15:00+11:00,2435323,2509_390X,-33.940643310546875,151.2393798828125,168.0,0.4,-33,-0.55,True
2026-10-09T14:15:00+11:00,2356736,2509_339,-33.90522384643555,151.22860717773438,115.0,33.1,-20,-0.33,True
2026-10-09T14:15:00+11:00,2357599,2509_311,-33.871883392333984,151.22789001464844,289.0,0.0,492,8.2,False
2026-10-09T14:15:00+11:00,2400572,2509_392,-33.92399597167969,151.2278289794922,156.0,0.0,821,13.68,False
2026-10-09T14:15:00+11:00,1780084,2509_757e,-33.89164733886719,151.24977111816406,353.0,22.0,0,0.0,True
2026-10-09T14:15:00+11:00,2138159,2509_396,-33.945045471191406,151.258544921875,167.0,13.7,32,0.53,True
2026-10-09T14:15:00+11:00,2356682,2509_374,-33.904300689697266,151.22634887695312,123.0,0.0,45,0.75,True
2026-10-09T14:15:00+11:00,2563929,2509_386,-33.87356185913086,151.2734375,26.0,0.0,297,4.95,True
2026-10-09T14:15:00+11:00,2356448,2509_370,-33.90340042114258,151.17977905273438,333.0,31.7,193,3.22,True
2026-10-09T14:15:00+11:00,2628792,2509_304,-33.862606048583984,151.21115112304688,187.0,30.6,24,0.4,True
2026-10-09T14:15:00+11:00,2564405,2509_379,-33.888614654541016,151.2664337158203,118.0,15.1,368,6.13,False
2026-10-09T14:15:00+11:00,2533000,2509_313,-33.91815948486328,151.2484893798828,9.0,40.7,182,3.03,True
2026-10-09T14:15:00+11:00,2151503,2509_333,-33.862098693847656,151.2112274169922,5.0,0.0,0,0.0,True
2026-10-09T14:15:00+11:00,2531997,2509_380,-33.8918342590332,151.25148010253906,64.0,0.0,324,5.4,True
2026-10-09T14:15:00+11:00,2532875,2509_362,-33.87045669555664,151.27059936523438,321.0,3.2,-6,-0.1,True
2026-10-09T14:15:00+11:00,2357454,2509_373,-33.901527404785156,151.22323608398438,320.0,49.7,6,0.1,True
2026-10-09T14:15:00+11:00,2488416,2509_392,-33.899967193603516,151.21060180664062,216.0,0.0,276,4.6,True
2026-10-09T14:15:00+11:00,2564464,2509_379,-33.88884735107422,151.27052307128906,38.0,0.0,841,14.02,False
2026-10-09T14:15:00+11:00,2470761,2509_397,-33.95288848876953,151.2457733154297,300.0,20.5,-173,-2.88,False
2026-10-09T14:15:00+11:00,2356029,2509_373,-33.87746810913086,151.2130126953125,314.0,0.0,-155,-2.58,False
2026-10-09T14:15:00+11:00,2356005,2509_370,-33.91981887817383,151.25709533691406,190.0,0.0,0,0.0,True
2026-10-09T14:15:00+11:00,2357444,2509_370,-33.90422439575195,151.19012451171875,218.0,40.0,-12,-0.2,True
2026-10-09T14:15:00+11:00,2564704,2509_379,-33.90459442138672,151.25390625,352.0,8.3,109,1.82,True
2026-10-09T14:15:00+11:00,2564883,2509_333,-33.891357421875,151.25357055664062,317.0,1.4,-124,-2.07,False
2026-10-09T14:15:00+11:00,2152013,2509_333,-33.891761779785156,151.24990844726562,103.0,0.0,-212,-3.53,False
2026-10-09T14:15:00+11:00,2356515,2509_373,-33.919578552246094,151.24241638183594,344.0,0.0,123,2.05,True
2026-10-09T14:15:00+11:00,2564594,2509_350,-33.912105560302734,151.25820922851562,98.0,0.0,156,2.6,True
2026-10-09T14:15:00+11:00,2533552,2509_325,-33.87149429321289,151.25096130371094,36.0,0.0,358,5.97,True
2026-10-09T14:15:00+11:00,2139725,2509_396,-33.94750213623047,151.25531005859375,42.0,0.0,0,0.0,True
2026-10-09T14:15:00+11:00,2675047,2509_309,-33.93329620361328,151.1939697265625,191.0,42.5,346,5.77,True
2026-10-09T14:15:00+11:00,2564706,2509_333,-33.869346618652344,151.21041870117188,6.0,0.0,-226,-3.77,False
2026-10-09T14:15:00+11:00,2151898,2509_333,-33.891754150390625,151.2516632080078,54.0,0.0,281,4.68,True
2026-10-09T14:15:00+11:00,2565169,2509_379,-33.89204025268555,151.25,81.0,18.0,369,6.15,False
2026-10-09T14:15:00+11:00,2533341,2509_355,-33.89894485473633,151.17185974121094,74.0,30.2,-47,-0.78,True
2026-10-09T14:15:00+11:00,2564719,2509_379,-33.88969802856445,151.25563049316406,236.0,26.3,-75,-1.25,False
2026-10-09T14:15:00+11:00,2533122,2509_362,-33.88436508178711,151.26849365234375,212.0,8.3,263,4.38,True
2026-10-09T14:15:00+11:00,2151783,2509_333,-33.8728141784668,151.2099609375,185.0,0.0,259,4.32,True
2026-10-09T14:15:00+11:00,2396562,2509_392,-33.9558219909668,151.23020935058594,355.0,0.0,195,3.25,True
2026-10-09T14:15:00+11:00,2357562,2509_339,-33.91433334350586,151.26637268066406,133.0,0.0,0,0.0,True
2026-10-09T14:15:00+11:00,2357096,2509_374,-33.88185119628906,151.2063751220703,126.0,0.0,1,0.02,True
2026-10-09T14:15:00+11:00,2675017,2509_309,-33.89225387573242,151.19944763183594,23.0,0.0,278,4.63,True
2026-10-09T14:15:00+11:00,2137856,2509_375,-33.91213607788086,151.2390594482422,343.0,36.4,185,3.08,True
2026-10-09T14:15:00+11:00,2139562,2509_396,-33.86357498168945,151.21185302734375,4.0,0.0,-388,-6.47,False
2026-10-09T14:15:00+11:00,2531411,2509_325,-33.85920715332031,151.20263671875,177.0,31.7,703,11.72,False
2026-10-09T14:15:00+11:00,2565099,2509_333,-33.891300201416016,151.2457275390625,290.0,26.3,147,2.45,True
2026-10-09T14:15:00+11:00,2488403,2509_392,-33.89268112182617,151.19924926757812,24.0,0.0,0,0.0,True
2026-10-09T14:15:00+11:00,2355798,2509_390X,-33.93227767944336,151.23696899414062,350.0,26.3,88,1.47,True
2026-10-09T14:15:00+11:00,2396518,2509_392,-33.912071228027344,151.2233428955078,319.0,0.0,271,4.52,True
2026-10-09T14:15:00+11:00,2532100,2509_352,-33.88142395019531,151.21875,295.0,0.0,353,5.88,True
2026-10-09T14:15:00+11:00,2357402,2509_343,-33.88344192504883,151.20831298828125,189.0,0.0,182,3.03,True
2026-10-09T14:15:00+11:00,2565125,2509_379,-33.8842887878418,151.2761993408203,189.0,35.3,177,2.95,True
2026-10-09T14:15:00+11:00,2533138,2509_386,-33.87018585205078,151.27032470703125,144.0,1.4,133,2.22,True
2026-10-09T14:15:00+11:00,2564585,2509_333,-33.88373565673828,151.22186279296875,285.0,0.0,310,5.17,True
2026-10-09T14:15:00+11:00,2355850,2509_390X,-33.91509246826172,151.22549438476562,349.0,1.1,174,2.9,True
2026-10-09T14:15:00+11:00,2628612,2509_304,-33.88311767578125,151.21446228027344,9.0,32.8,108,1.8,True
2026-10-09T14:15:00+11:00,2357084,2509_343,-33.87494659423828,151.20970153808594,5.0,0.0,27,0.45,True
2026-10-09T14:15:00+11:00,2564779,2509_333,-33.89069747924805,151.2479248046875,279.0,18.7,-31,-0.52,True
2026-10-09T14:15:00+11:00,2396613,2509_392,-33.91505813598633,151.22543334960938,350.0,0.0,926,15.43,False
2026-10-09T14:15:00+11:00,2357456,2509_370,-33.892852783203125,151.1852569580078,75.0,27.0,406,6.77,False
2026-10-09T14:15:00+11:00,2564783,2509_350,-33.91130828857422,151.254150390625,3.0,0.0,-4,-0.07,True
2026-10-09T14:15:00+11:00,2563958,2509_387,-33.890926361083984,151.2528839111328,71.0,0.0,238,3.97,True
2026-10-09T14:15:00+11:00,2356105,2509_343,-33.86282730102539,151.21197509765625,7.0,0.0,0,0.0,True
2026-10-09T14:15:00+11:00,2532337,2509_324,-33.85610580444336,151.20684814453125,224.0,0.0,32,0.53,True
2026-10-09T14:15:00+11:00,2740234,2509_370,-33.88069152832031,151.187744140625,149.0,0.0,248,4.13,True
2026-10-09T14:15:00+11:00,2138960,2509_306,-33.931732177734375,151.18463134765625,302.0,35.3,-81,-1.35,False
2026-10-09T14:15:00+11:00,2138960_2,2509_306,-33.92491912841797,151.19049072265625,276.0,34.2,,,
2026-10-09T14:15:00+11:00,2352445,2509_307,-33.9259033203125,151.19557189941406,190.0,32.8,85,1.42,True
2026-10-09T14:15:00+11:00,2628648,2509_304,-33.89678192138672,151.21173095703125,98.0,15.5,-59,-0.98,True
2026-10-09T14:15:00+11:00,2531217,2509_352,-33.887847900390625,151.19297790527344,47.0,0.0,150,2.5,True
2026-10-09T14:15:00+11:00,2357438,2509_373,-33.92023468017578,151.25704956054688,191.0,13.3,0,0.0,True
2026-10-09T14:15:00+11:00,2151457,2509_333,-33.893402099609375,151.26068115234375,99.0,1.1,346,5.77,True
2026-10-09T14:15:00+11:00,2531906,2509_380,-33.85652542114258,151.283203125,210.0,33.5,125,2.08,True
2026-10-09T14:15:00+11:00,2435348,2509_390X,-33.891197204589844,151.2496795654297,317.0,12.6,0,0.0,True
2026-10-09T14:15:00+11:00,2628660,2509_304,-33.86960220336914,151.21038818359375,7.0,0.0,-162,-2.7,False
2026-10-09T14:15:00+11:00,2565029,2509_333,-33.89006423950195,151.24134826660156,282.0,33.8,342,5.7,True
2026-10-09T14:15:00+11:00,2435614,2509_390X,-33.90707778930664,151.25035095214844,274.0,41.0,493,8.22,False
2026-10-09T14:15:00+11:00,2740227,2509_370,-33.90743637084961,151.18731689453125,41.0,19.1,420,7.0,False
2026-10-09T14:15:00+11:00,2531555,2509_324,-33.879005432128906,151.23643493652344,282.0,18.4,201,3.35,True
2026-10-09T14:15:00+11:00,2435436,2509_390X,-33.91504669189453,151.2403564453125,161.0,21.2,553,9.22,False
2026-10-09T14:15:00+11:00,2140932,2509_375,-33.946895599365234,151.25616455078125,225.0,25.6,-4,-0.07,True
2026-10-09T14:15:00+11:00,2740222,2509_370,-33.916595458984375,151.23757934570312,100.0,41.0,-31,-0.52,True
2026-10-09T14:15:00+11:00,2488435,2509_392,-33.92413330078125,151.22802734375,143.0,0.0,336,5.6,True
2026-10-09T14:15:00+11:00,2137467,2509_396,-33.934959411621094,151.2375030517578,346.0,0.0,539,8.98,False
2026-10-09T14:15:00+11:00,2628591,2509_304,-33.9079475402832,151.2073211669922,204.0,0.0,-40,-0.67,True
2026-10-09T14:15:00+11:00,2138999,2509_375,-33.948265075683594,151.25123596191406,19.0,49.0,318,5.3,True
2026-10-09T14:15:00+11:00,2564637,2509_333,-33.86531066894531,151.21145629882812,24.0,22.3,-63,-1.05,False
2026-10-09T14:15:00+11:00,2565193,2509_350,-33.94294738769531,151.21827697753906,123.0,57.6,56,0.93,True
2026-10-09T14:15:00+11:00,2565137,2509_350,-33.94336700439453,151.23941040039062,341.0,0.0,49,0.82,True
2026-10-09T14:15:00+11:00,2356325,2509_343,-33.92136764526367,151.20057678222656,196.0,37.1,293,4.88,True
2026-10-09T14:15:00+11:00,2575732,2509_374,-33.921119689941406,151.2567901611328,19.0,14.8,0,0.0,True
2026-10-09T14:15:00+11:00,2534513,2509_324,-33.85647201538086,151.20611572265625,222.0,27.0,56,0.93,True
2026-10-09T14:15:00+11:00,2532589,2509_360,-33.91385269165039,151.26905822753906,201.0,0.0,56,0.93,True
2026-10-09T14:15:00+11:00,2151796,2509_333,-33.87972640991211,151.21578979492188,134.0,0.0,553,9.22,False
2026-10-09T14:15:00+11:00,2675122,2509_309,-33.91498565673828,151.20066833496094,197.0,12.2,247,4.12,True
2026-10-09T14:15:00+11:00,2356446,2509_370,-33.91596984863281,151.2338409423828,279.0,0.0,165,2.75,True
2026-10-09T14:15:00+11:00,2137817,2509_375,-33.94484329223633,151.2262725830078,191.0,0.4,22,0.37,True
2026-10-09T14:15:00+11:00,2565049,2509_350,-33.93285369873047,151.17982482910156,102.0,0.0,0,0.0,True
2026-10-09T14:15:00+11:00,2533167,2509_380,-33.892757415771484,151.2553253173828,269.0,0.0,-331,-5.52,False
2026-10-09T14:15:00+11:00,2139586,2509_306,-33.9052734375,151.2028350830078,166.0,0.0,330,5.5,True
2026-10-09T14:15:00+11:00,2532110,2509_324,-33.87337112426758,151.21041870117188,284.0,14.0,-87,-1.45,False
2026-10-09T14:15:00+11:00,2564856,2509_379,-33.904598236083984,151.26705932617188,115.0,0.0,0,0.0,True
2026-10-09T14:15:00+11:00,2470778,2509_356,-33.91286849975586,151.2394256591797,341.0,8.6,177,2.95,True
2026-10-09T14:15:00+11:00,2531504,2509_355,-33.890804290771484,151.24777221679688,280.0,0.0,56,0.93,True
2026-10-09T14:15:00+11:00,2138658,2509_396,-33.924232482910156,151.22804260253906,136.0,0.0,443,7.38,False
2026-10-09T14:15:00+11:00,2564544,2509_350,-33.94791793823242,151.25494384765625,36.0,24.8,368,6.13,False
2026-10-09T14:15:00+11:00,2564912,2509_350,-33.92502212524414,151.19215393066406,96.0,0.0,84,1.4,True
2026-10-09T14:15:00+11:00,2533490,2509_355,-33.90156173706055,151.1999969482422,155.0,0.0,185,3.08,True
2026-10-09T14:15:00+11:00,2533680,2509_355,-33.89160919189453,151.2134552001953,99.0,8.6,172,2.87,True
2026-10-09T14:15:00+11:00,2356043,2509_370,-33.919673919677734,151.24838256835938,271.0,0.4,60,1.0,True
2026-10-09T14:15:00+11:00,2564771,2509_350,-33.939727783203125,151.21456909179688,321.0,1.4,980,16.33,False
2026-10-09T14:15:00+11:00,2346323,2509_390X,-33.91506576538086,151.22552490234375,349.0,0.0,535,8.92,False
2026-10-09T14:15:00+11:00,2565064,2509_333,-33.893550872802734,151.2613525390625,280.0,0.0,-133,-2.22,False
2026-10-09T14:15:00+11:00,2531412,2509_325,-33.8709602355957,151.20547485351562,326.0,11.9,314,5.23,True
2026-10-09T14:15:00+11:00,2151892,2509_333,-33.8701286315918,151.2103271484375,178.0,0.0,92,1.53,True
2026-10-09T14:15:00+11:00,2346376,2509_390X,-33.89733123779297,151.251708984375,339.0,26.3,-312,-5.2,False
2026-10-09T14:15:00+11:00,2138097,2509_396,-33.921043395996094,151.22683715820312,171.0,0.0,-68,-1.13,False
2026-10-09T14:15:00+11:00,2435618,2509_390X,-33.94025421142578,151.2393341064453,166.0,21.6,441,7.35,False
2026-10-09T14:15:00+11:00,2565114,2509_350,-33.94475555419922,151.2208251953125,322.0,47.5,640,10.67,False
2026-10-09T14:15:00+11:00,2534390,2509_324,-33.843772888183594,151.28404235839844,5.0,0.0,0,0.0,True
2026-10-09T14:15:00+11:00,2136835,2509_396,-33.899879455566406,151.2222900390625,352.0,50.4,254,4.23,True
2026-10-09T14:15:00+11:00,2137927,2509_306,-33.89278030395508,151.19921875,24.0,0.0,0,0.0,True
2026-10-09T14:15:00+11:00,2564890,2509_350,-33.94253158569336,151.26272583007812,181.0,17.6,83,1.38,True
2026-10-09T14:15:00+11:00,2740198,2509_370,-33.898597717285156,151.17796325683594,215.0,8.6,127,2.12,True
2026-10-09T14:15:00+11:00,2564710,2509_350,-33.89112091064453,151.2486572265625,277.0,0.0,302,5.03,True
2026-10-09T14:15:00+11:00,2400330,2509_309,-33.91706085205078,151.20008850097656,13.0,35.3,-51,-0.85,True
2026-10-09T14:15:00+11:00,2534368,2509_324,-33.86077117919922,151.2721405029297,206.0,0.0,128,2.13,True
2026-10-09T14:15:00+11:00,2151608,2509_333,-33.88969802856445,151.2800750732422,120.0,24.8,-75,-1.25,False
2026-10-09T14:15:00+11:00,2356909,2509_339,-33.90494918823242,151.23434448242188,269.0,44.3,183,3.05,True
2026-10-09T14:15:00+11:00,2564808,2509_333,-33.889530181884766,151.28338623046875,214.0,0.0,66,1.1,True
2026-10-09T14:30:00+11:00,2474948,2459_389,-33.86460494995117,151.192138671875,161.0,39.6,-1,-0.02,True
2026-10-09T14:30:00+11:00,2376386,2508_B1,-33.833221435546875,151.21243286132812,204.0,58.7,66,1.1,True
2026-10-09T14:30:00+11:00,1912305,2459_483,-33.884708404541016,151.19090270996094,90.0,30.6,-313,-5.22,False
2026-10-09T14:30:00+11:00,2208940,2459_413,-33.88277053833008,151.20443725585938,247.0,0.0,125,2.08,True
2026-10-09T14:30:00+11:00,2608984,2459_430,-33.88090896606445,151.20880126953125,9.0,2.9,41,0.68,True
2026-10-09T14:30:00+11:00,2286897,2459_441,-33.85137176513672,151.1815643310547,50.0,24.1,-57,-0.95,True
2026-10-09T14:30:00+11:00,2286926,2459_348,-33.9210090637207,151.2379913330078,100.0,0.0,0,0.0,True
2026-10-09T14:30:00+11:00,2736825,2459_445,-33.87457275390625,151.15606689453125,175.0,0.0,-230,-3.83,False
2026-10-09T14:30:00+11:00,2375499,2508_173X,-33.86433410644531,151.20553588867188,175.0,36.7,0,0.0,True
2026-10-09T14:30:00+11:00,1932429,2459_412,-33.88408279418945,151.20199584960938,74.0,0.0,130,2.17,True
2026-10-09T14:30:00+11:00,1962707,2459_413,-33.89545440673828,151.14036560058594,88.0,34.9,116,1.93,True
2026-10-09T14:30:00+11:00,2288690,2459_433,-33.85625457763672,151.17715454101562,291.0,31.7,58,0.97,True
2026-10-09T14:30:00+11:00,2308854,2459_445,-33.85634231567383,151.17303466796875,55.0,0.4,-238,-3.97,False
2026-10-09T14:30:00+11:00,2349463,2459_418,-33.89365768432617,151.12782287597656,176.0,0.0,239,3.98,True
2026-10-09T14:30:00+11:00,1961271,2459_412,-33.884334564208984,151.19558715820312,88.0,0.0,-689,-11.48,False
2026-10-09T14:30:00+11:00,2613579,7084_SW2,-33.900787353515625,151.1455535888672,94.0,34.9,361,6.02,False
2026-10-09T14:30:00+11:00,2554045,2459_358,-33.920719146728516,151.18077087402344,117.0,0.0,349,5.82,True
2026-10-09T14:30:00+11:00,2290161,2459_442,-33.8570442199707,151.1955108642578,79.0,0.0,13,0.22,True
2026-10-09T14:30:00+11:00,2685956,2459_423,-33.869346618652344,151.21041870117188,6.0,5.4,249,4.15,True
2026-10-09T14:30:00+11:00,2285794,2459_461X,-33.87670135498047,151.1297607421875,147.0,0.0,-45,-0.75,True
2026-10-09T14:30:00+11:00,2619983,2459_530,-33.86902618408203,151.10585021972656,278.0,39.2,-3,-0.05,True
2026-10-09T14:30:00+11:00,2375827,2508_B1,-33.81696319580078,151.24346923828125,157.0,30.6,223,3.72,True
2026-10-09T14:30:00+11:00,2704462,2504_607X,-33.84526824951172,151.21212768554688,165.0,52.9,-143,-2.38,False
2026-10-09T14:30:00+11:00,2415700,2508_B1,-33.820152282714844,151.2438201904297,354.0,0.0,249,4.15,True
2026-10-09T14:30:00+11:00,2038456,2459_440,-33.889671325683594,151.24171447753906,87.0,19.1,368,6.13,False
2026-10-09T14:30:00+11:00,2349679,2459_418,-33.8739013671875,151.10574340820312,282.0,3.2,15,0.25,True
2026-10-09T14:30:00+11:00,2288276,2459_431,-33.88434600830078,151.2003631591797,266.0,0.0,24,0.4,True
2026-10-09T14:30:00+11:00,2283522,2459_438X,-33.879608154296875,151.20913696289062,184.0,31.0,-27,-0.45,True
2026-10-09T14:30:00+11:00,2209621,2459_440,-33.87885284423828,151.20919799804688,187.0,31.0,36,0.6,True
2026-10-09T14:30:00+11:00,2635840,2459_504,-33.87276077270508,151.20555114746094,84.0,0.0,128,2.13,True
2026-10-09T14:30:00+11:00,2285795,2459_461X,-33.88813018798828,151.16424560546875,84.0,40.7,184,3.07,True
2026-10-09T14:30:00+11:00,1912306,2459_483,-33.88738250732422,151.10511779785156,52.0,8.6,-71,-1.18,False
2026-10-09T14:30:00+11:00,2660258,2459_320,-33.907711029052734,151.20626831054688,38.0,13.0,-305,-5.08,False
2026-10-09T14:30:00+11:00,2038459,2459_440,-33.88442611694336,151.19459533691406,87.0,24.8,-53,-0.88,True
2026-10-09T14:30:00+11:00,2725755,7083_SW1,-33.91006851196289,151.13446044921875,262.0,20.2,-37,-0.62,True
2026-10-09T14:30:00+11:00,2736777,2459_308,-33.90434265136719,151.1747283935547,68.0,29.9,99,1.65,True
2026-10-09T14:30:00+11:00,2550230,2508_263,-33.84315872192383,151.21095275878906,341.0,55.8,329,5.48,True
2026-10-09T14:30:00+11:00,2286441,2459_428,-33.88096618652344,151.20652770996094,36.0,12.6,138,2.3,True
2026-10-09T14:30:00+11:00,2719840,2514_270,-33.8024787902832,151.20787048339844,269.0,50.0,140,2.33,True
2026-10-09T14:30:00+11:00,2285155,2459_426,-33.905460357666016,151.16757202148438,216.0,9.0,461,7.68,False
2026-10-09T14:30:00+11:00,2719935,2514_283,-33.795997619628906,151.1812286376953,359.0,0.0,295,4.92,True
2026-10-09T14:30:00+11:00,1962065,2459_412,-33.88481140136719,151.1907958984375,281.0,15.8,187,3.12,True
2026-10-09T14:30:00+11:00,2708240,2504_610X,-33.825584411621094,151.21315002441406,137.0,67.3,-320,-5.33,False
2026-10-09T14:30:00+11:00,2685928,2459_423,-33.87546157836914,151.2096405029297,185.0,0.0,6,0.1,True
2026-10-09T14:30:00+11:00,2668085,2459_420,-33.933326721191406,151.18124389648438,102.0,34.9,23,0.38,True
2026-10-09T14:30:00+11:00,2392759,2508_114,-33.83078384399414,151.2466583251953,85.0,32.8,10,0.17,True
2026-10-09T14:30:00+11:00,2308694,2459_445,-33.893978118896484,151.1562957763672,79.0,0.0,-256,-4.27,False
2026-10-09T14:30:00+11:00,2596384,2459_491,-33.872310638427734,151.1562957763672,254.0,42.5,0,0.0,True
2026-10-09T14:30:00+11:00,2708640,2504_607X,-33.87234878540039,151.20567321777344,355.0,0.0,0,0.0,True
2026-10-09T14:30:00+11:00,2392586,2508_114,-33.82843017578125,151.20571899414062,101.0,29.5,107,1.78,True
2026-10-09T14:30:00+11:00,2283615,2459_461X,-33.879390716552734,151.20913696289062,189.0,24.8,267,4.45,True
2026-10-09T14:30:00+11:00,2424349,2508_230,-33.84812927246094,151.21116638183594,354.0,5.8,63,1.05,True
2026-10-09T14:30:00+11:00,2636258,2459_504,-33.8734245300293,151.21072387695312,281.0,23.8,-31,-0.52,True
2026-10-09T14:30:00+11:00,2375278,2508_111,-33.8375358581543,151.25909423828125,264.0,12.2,118,1.97,True
2026-10-09T14:30:00+11:00,2736832,2459_428,-33.903507232666016,151.16871643066406,204.0,0.0,632,10.53,False
2026-10-09T14:30:00+11:00,2736709,2459_308,-33.88041687011719,151.2088623046875,316.0,8.6,137,2.28,True
2026-10-09T14:30:00+11:00,2736780,2459_428,-33.88100814819336,151.20651245117188,213.0,0.0,45,0.75,True
2026-10-09T14:30:00+11:00,2374463,2508_173X,-33.85681915283203,151.20791625976562,27.0,58.0,542,9.03,False
2026-10-09T14:30:00+11:00,2037477,2459_440,-33.88648986816406,151.1775360107422,75.0,45.4,-122,-2.03,False
2026-10-09T14:30:00+11:00,2383166,2508_100,-33.85544204711914,151.20877075195312,208.0,61.6,55,0.92,True
2026-10-09T14:30:00+11:00,2475256,2459_389,-33.86935043334961,151.2004852294922,209.0,43.6,0,0.0,True
2026-10-09T14:30:00+11:00,2668051,2459_420,-33.93904495239258,151.1515350341797,7.0,33.1,705,11.75,False
2026-10-09T14:30:00+11:00,2484371,2459_483,-33.88984680175781,151.1492462158203,254.0,9.0,8,0.13,True
2026-10-09T14:30:00+11:00,2288147,2459_438X,-33.87223434448242,151.1324462890625,166.0,34.2,-56,-0.93,True
2026-10-09T14:30:00+11:00,2290914,2459_426,-33.910362243652344,151.1561279296875,119.0,0.0,79,1.32,True
2026-10-09T14:30:00+11:00,2284715,2459_433,-33.88419723510742,151.1927947998047,129.0,0.0,-85,-1.42,False
2026-10-09T14:30:00+11:00,2375897,2508_111,-33.83372497558594,151.25274658203125,102.0,42.5,172,2.87,True
2026-10-09T14:30:00+11:00,2719489,2514_271,-33.802345275878906,151.2080535888672,89.0,47.2,-85,-1.42,False
2026-10-09T14:30:00+11:00,2718605,2508_144,-33.824710845947266,151.18919372558594,281.0,43.9,307,5.12,True
2026-10-09T14:30:00+11:00,2608988,2459_430,-33.8989143371582,151.17208862304688,78.0,19.8,135,2.25,True
2026-10-09T14:30:00+11:00,2685962,2459_423,-33.898746490478516,151.1744842529297,264.0,23.4,389,6.48,False
2026-10-09T14:30:00+11:00,2415769,2508_B1,-33.83061218261719,151.21334838867188,15.0,30.2,-15,-0.25,True
2026-10-09T14:30:00+11:00,2284053,2459_442,-33.85824203491211,151.18589782714844,87.0,18.7,125,2.08,True
2026-10-09T14:30:00+11:00,2287347,2459_433,-33.862457275390625,151.1708984375,24.0,28.1,246,4.1,True
2026-10-09T14:30:00+11:00,2285896,2459_426,-33.88762283325195,151.19329833984375,221.0,0.0,119,1.98,True
2026-10-09T14:30:00+11:00,2283948,2459_438X,-33.87733459472656,151.2093963623047,6.0,0.0,-234,-3.9,False
2026-10-09T14:30:00+11:00,2475272,2459_389,-33.87785339355469,151.21742248535156,191.0,29.5,-247,-4.12,False
2026-10-09T14:30:00+11:00,2373630,2508_173X,-33.79413604736328,151.26332092285156,100.0,24.1,243,4.05,True
2026-10-09T14:30:00+11:00,2608963,2459_430,-33.893550872802734,151.18394470214844,235.0,4.7,289,4.82,True
2026-10-09T14:30:00+11:00,2283189,2459_470,-33.883995056152344,151.19091796875,311.0,11.9,18,0.3,True
2026-10-09T14:30:00+11:00,2290467,2459_418,-33.90785217285156,151.149658203125,289.0,0.0,127,2.12,True
2026-10-09T14:30:00+11:00,2554282,2459_358,-33.92517852783203,151.22769165039062,270.0,19.4,-374,-6.23,False
2026-10-09T14:30:00+11:00,2708082,2504_620X,-33.87153625488281,151.2029266357422,199.0,52.6,8,0.13,True
2026-10-09T14:30:00+11:00,2660253,2459_320,-33.88392639160156,151.20362854003906,27.0,0.0,0,0.0,True
2026-10-09T14:30:00+11:00,2208961,2459_464,-33.887786865234375,151.12071228027344,245.0,42.1,108,1.8,True
2026-10-09T14:30:00+11:00,1962075,2459_412,-33.87192153930664,151.21006774902344,189.0,15.1,206,3.43,True
2026-10-09T14:30:00+11:00,2288770,2459_442,-33.86569595336914,151.1769561767578,179.0,28.1,-119,-1.98,False
2026-10-09T14:30:00+11:00,2708081,2504_607X,-33.86463165283203,151.20480346679688,8.0,4.0,-7,-0.12,True
2026-10-09T14:30:00+11:00,2289551,2459_461X,-33.87968826293945,151.2091064453125,13.0,31.0,184,3.07,True
2026-10-09T14:30:00+11:00,2038728,2459_470,-33.87574005126953,151.20960998535156,5.0,29.2,676,11.27,False
2026-10-09T14:30:00+11:00,2208591,2459_440,-33.885963439941406,151.18031311035156,250.0,19.1,109,1.82,True
2026-10-09T14:30:00+11:00,2286862,2459_418,-33.916587829589844,151.1666717529297,320.0,0.0,-270,-4.5,False
2026-10-09T14:30:00+11:00,2375131,2508_B1,-33.831642150878906,151.2228240966797,268.0,12.6,-243,-4.05,False
2026-10-09T14:30:00+11:00,2635993,2459_504,-33.85189437866211,151.1555938720703,141.0,11.5,183,3.05,True
2026-10-09T14:30:00+11:00,2596311,2459_490,-33.85042190551758,151.1552276611328,123.0,0.0,0,0.0,True
2026-10-09T14:30:00+11:00,2421265,2508_230,-33.82914733886719,151.20913696289062,224.0,0.0,56,0.93,True
2026-10-09T14:30:00+11:00,2590040,2508_280,-33.78759765625,151.18177795410156,339.0,0.0,834,13.9,False
2026-10-09T14:30:00+11:00,2037025,2459_440,-33.87479782104492,151.1560821533203,174.0,0.0,113,1.88,True
2026-10-09T14:30:00+11:00,2475255,2459_389,-33.88325119018555,151.2324981689453,129.0,28.8,-168,-2.8,False
2026-10-09T14:30:00+11:00,2415645,2508_B1,-33.86599349975586,151.20635986328125,7.0,0.0,0,0.0,True
2026-10-09T14:30:00+11:00,2038731,2459_470,-33.882225036621094,151.1732635498047,105.0,0.0,220,3.67,True
2026-10-09T14:30:00+11:00,2618587,2459_477,-33.92472457885742,151.16046142578125,313.0,0.0,0,0.0,True
2026-10-09T14:30:00+11:00,2572846,7084_SW2,-33.90189743041992,151.15379333496094,141.0,39.2,-171,-2.85,False
2026-10-09T14:30:00+11:00,2285659,2459_480,-33.88840103149414,151.15650939941406,77.0,11.2,-9,-0.15,True
2026-10-09T14:30:00+11:00,2286507,2459_461X,-33.87483215332031,151.1041259765625,189.0,0.7,599,9.98,False
2026-10-09T14:30:00+11:00,2374143,2508_172X,-33.86652374267578,151.20631408691406,6.0,0.0,45,0.75,True
2026-10-09T14:30:00+11:00,1961442,2459_412,-33.91672897338867,151.13182067871094,234.0,24.8,-190,-3.17,False
2026-10-09T14:30:00+11:00,2668147,2459_420,-33.92461395263672,151.18923950195312,281.0,38.5,181,3.02,True
2026-10-09T14:30:00+11:00,2286715,2459_433,-33.88206481933594,151.20591735839844,48.0,21.2,127,2.12,True
2026-10-09T14:30:00+11:00,2287765,2459_461X,-33.86928176879883,151.1078338623047,282.0,37.8,-105,-1.75,False
2026-10-09T14:30:00+11:00,2288431,2459_423,-33.879539489746094,151.2079315185547,103.0,0.0,0,0.0,True
2026-10-09T14:30:00+11:00,2285950,2459_438X,-33.84444046020508,151.12872314453125,110.0,1.1,0,0.0,True
2026-10-09T14:30:00+11:00,2287893,2459_389,-33.86776351928711,151.1928253173828,332.0,0.0,64,1.07,True
2026-10-09T14:30:00+11:00,2308754,2459_445,-33.871620178222656,151.15914916992188,254.0,35.6,1,0.02,True
2026-10-09T14:30:00+11:00,2609044,2459_430,-33.90507507324219,151.16786193847656,203.0,7.6,1000,16.67,False
2026-10-09T14:30:00+11:00,2710658,2504_610X,-33.8719596862793,151.20643615722656,176.0,0.0,0,0.0,True
2026-10-09T14:30:00+11:00,2209353,2459_530,-33.86836624145508,151.12911987304688,100.0,19.4,495,8.25,False
2026-10-09T14:30:00+11:00,2309580,7083_SW3,-33.900997161865234,151.1489715576172,94.0,10.1,-347,-5.78,False
2026-10-09T14:30:00+11:00,2208579,2459_464,-33.890167236328125,151.11720275878906,6.0,38.5,-12,-0.2,True
2026-10-09T14:30:00+11:00,2677400,2503_M90,-33.87462615966797,151.10755920410156,8.0,0.0,0,0.0,True
2026-10-09T14:30:00+11:00,2515069,2459_410,-33.86637496948242,151.10586547851562,10.0,16.2,786,13.1,False
2026-10-09T14:30:00+11:00,2287723,2459_502,-33.859718322753906,151.10389709472656,168.0,34.6,58,0.97,True
2026-10-09T14:30:00+11:00,2290342,2459_433,-33.861454010009766,151.1714324951172,25.0,24.1,-418,-6.97,False
2026-10-09T14:30:00+11:00,2438471,7084_SW2,-33.90789031982422,151.14988708496094,291.0,25.6,116,1.93,True
2026-10-09T14:30:00+11:00,2383297,2508_100,-33.82444381713867,151.23773193359375,270.0,0.0,84,1.4,True
2026-10-09T14:30:00+11:00,2376073,2508_144,-33.83112716674805,151.22154235839844,113.0,2.9,-59,-0.98,True
2026-10-09T14:30:00+11:00,2287660,2459_438X,-33.88435363769531,151.1959228515625,96.0,0.0,-285,-4.75,False
2026-10-09T14:30:00+11:00,2088873,2508_160X,-33.78324508666992,151.1930389404297,251.0,41.0,231,3.85,True
2026-10-09T14:30:00+11:00,2421322,2508_229,-33.813968658447266,151.2451171875,197.0,35.3,72,1.2,True
2026-10-09T14:30:00+11:00,2286992,2459_426,-33.86463165283203,151.2102508544922,225.0,0.0,0,0.0,True
2026-10-09T14:30:00+11:00,2620059,2459_530,-33.814815521240234,151.1576690673828,240.0,0.0,55,0.92,True
2026-10-09T14:30:00+11:00,2719532,2514_283,-33.79240417480469,151.19570922851562,249.0,0.0,119,1.98,True
2026-10-09T14:30:00+11:00,1932430,2459_412,-33.89667892456055,151.15272521972656,304.0,0.0,-6,-0.1,True
2026-10-09T14:30:00+11:00,2284524,2459_423,-33.90886306762695,151.1629180908203,34.0,27.4,135,2.25,True
2026-10-09T14:30:00+11:00,2308757,2459_445,-33.884037017822266,151.1516876220703,267.0,29.9,-47,-0.78,True
2026-10-09T14:30:00+11:00,2736742,2459_445,-33.90500259399414,151.13088989257812,275.0,39.2,-62,-1.03,False
2026-10-09T14:30:00+11:00,2287153,2459_470,-33.88143539428711,151.20606994628906,224.0,0.0,-150,-2.5,False
2026-10-09T14:30:00+11:00,2376419,2508_144,-33.824989318847656,151.1982879638672,147.0,0.0,-3,-0.05,True
2026-10-09T14:30:00+11:00,2619980,2459_530,-33.795387268066406,151.1803741455078,178.0,13.3,0,0.0,True
2026-10-09T14:30:00+11:00,2383186,2508_100,-33.872344970703125,151.20567321777344,351.0,31.3,-12,-0.2,True
2026-10-09T14:30:00+11:00,2289809,2459_423,-33.88187789916992,151.20555114746094,43.0,5.4,365,6.08,False
2026-10-09T14:30:00+11:00,2719844,2514_194,-33.87185287475586,151.20562744140625,354.0,0.0,0,0.0,True
2026-10-09T14:30:00+11:00,2710697,2504_610X,-33.870094299316406,151.2061767578125,175.0,0.0,0,0.0,True
2026-10-09T14:30:00+11:00,2589841,2508_280,-33.78413009643555,151.19009399414062,251.0,43.9,119,1.98,True
2026-10-09T14:30:00+11:00,2421350,2508_230,-33.82979202270508,151.2442626953125,358.0,23.8,54,0.9,True
2026-10-09T14:30:00+11:00,2288549,2459_348,-33.915531158447266,151.1656494140625,11.0,0.0,37,0.62,True
2026-10-09T14:30:00+11:00,2289699,2459_348,-33.91251754760742,151.2008056640625,107.0,28.1,369,6.15,False
2026-10-09T14:30:00+11:00,2289638,2459_461X,-33.888145446777344,151.1620330810547,283.0,0.0,111,1.85,True
2026-10-09T14:30:00+11:00,1962076,2459_412,-33.86814498901367,151.21054077148438,5.0,0.0,62,1.03,True
2026-10-09T14:30:00+11:00,2289762,2459_431,-33.884281158447266,151.19606018066406,91.0,0.0,33,0.55,True
2026-10-09T14:30:00+11:00,2383188,2508_100,-33.83131408691406,151.22177124023438,124.0,6.8,129,2.15,True
2026-10-09T14:30:00+11:00,2286572,2459_433,-33.88157653808594,151.20668029785156,213.0,0.0,0,0.0,True
2026-10-09T14:30:00+11:00,2618165,2508_263,-33.82156753540039,151.22073364257812,135.0,0.0,-37,-0.62,True
2026-10-09T14:30:00+11:00,2596458,2459_491,-33.87031936645508,151.12998962402344,75.0,30.6,772,12.87,False
2026-10-09T14:30:00+11:00,2374581,2508_B1,-33.79029083251953,151.25588989257812,220.0,67.3,172,2.87,True
2026-10-09T14:30:00+11:00,2514978,2459_410,-33.86143493652344,151.10572814941406,299.0,32.0,-118,-1.97,False
2026-10-09T14:30:00+11:00,2038729,2459_470,-33.87358474731445,151.20986938476562,5.0,0.0,68,1.13,True
2026-10-09T14:30:00+11:00,2038458,2459_440,-33.877506256103516,151.2117462158203,20.0,17.3,0,0.0,True
2026-10-09T14:30:00+11:00,2284982,2459_441,-33.87308120727539,151.2078094482422,97.0,0.0,174,2.9,True
2026-10-09T14:30:00+11:00,2288071,2459_428,-33.89137268066406,151.18812561035156,47.0,0.0,41,0.68,True
2026-10-09T14:30:00+11:00,2554147,2459_358,-33.92514419555664,151.2272186279297,265.0,0.0,354,5.9,True
2026-10-09T14:30:00+11:00,2618565,2459_422,-33.88431930541992,151.20021057128906,267.0,0.0,100,1.67,True
2026-10-09T14:30:00+11:00,2668026,2459_420,-33.940059661865234,151.14710998535156,222.0,43.6,168,2.8,True
2026-10-09T14:30:00+11:00,2289204,2459_433,-33.88102722167969,151.1879425048828,308.0,0.0,-13,-0.22,True
2026-10-09T14:30:00+11:00,2208752,2459_464,-33.865848541259766,151.1059112548828,9.0,21.2,45,0.75,True
2026-10-09T14:30:00+11:00,2288091,2459_437,-33.87675857543945,151.15625,175.0,0.0,-132,-2.2,False
2026-10-09T14:30:00+11:00,2095798,2508_160X,-33.79595184326172,151.1811981201172,352.0,0.0,0,0.0,True
2026-10-09T14:30:00+11:00,2596206,2459_490,-33.87492752075195,151.1040802001953,71.0,9.4,306,5.1,True
2026-10-09T14:30:00+11:00,2375301,2508_144,-33.79487991333008,151.2683563232422,100.0,38.2,343,5.72,True
2026-10-09T14:30:00+11:00,2383309,2508_100,-33.82884216308594,151.24412536621094,176.0,13.0,-65,-1.08,False
2026-10-09T14:30:00+11:00,2289513,2459_348,-33.912662506103516,151.2010955810547,286.0,6.5,266,4.43,True
2026-10-09T14:30:00+11:00,2102856,2459_442,-33.87282943725586,151.20480346679688,262.0,27.4,-2,-0.03,True
2026-10-09T14:30:00+11:00,2718579,2508_114,-33.82654571533203,151.25115966796875,239.0,0.7,242,4.03,True
2026-10-09T14:30:00+11:00,2375111,2508_144,-33.79898452758789,151.1788787841797,164.0,5.8,195,3.25,True
2026-10-09T14:30:00+11:00,2284019,2459_428,-33.9025993347168,151.16429138183594,115.0,30.2,60,1.0,True
2026-10-09T14:30:00+11:00,2719928,2514_270,-33.870628356933594,151.20545959472656,348.0,26.3,0,0.0,True
2026-10-09T14:30:00+11:00,2290261,2459_389,-33.889892578125,151.2406768798828,255.0,23.0,329,5.48,True
2026-10-09T14:30:00+11:00,2288696,2459_438X,-33.877044677734375,151.1360321044922,325.0,0.0,-19,-0.32,True
2026-10-09T14:30:00+11:00,2374644,2508_144,-33.799835205078125,151.2467041015625,300.0,29.2,317,5.28,True
2026-10-09T14:30:00+11:00,2428435,2508_238,-33.845298767089844,151.244873046875,144.0,43.6,33,0.55,True
2026-10-09T14:30:00+11:00,2570103,7083_SW1,-33.91694641113281,151.14291381835938,105.0,15.8,327,5.45,True
2026-10-09T14:30:00+11:00,2289257,2459_422,-33.90195846557617,151.17893981933594,331.0,0.0,122,2.03,True
2026-10-09T14:30:00+11:00,2375575,2508_172X,-33.82440948486328,151.23802185058594,271.0,50.4,302,5.03,True
2026-10-09T14:30:00+11:00,2596255,2459_490,-33.87776565551758,151.103515625,189.0,0.0,49,0.82,True
2026-10-09T14:30:00+11:00,2286210,2459_437,-33.884056091308594,151.15208435058594,87.0,26.3,325,5.42,True
2026-10-09T14:30:00+11:00,1962149,2459_412,-33.8929328918457,151.15777587890625,201.0,22.7,58,0.97,True
2026-10-09T14:30:00+11:00,2285072,2459_389,-33.888038635253906,151.23928833007812,258.0,30.6,839,13.98,False
2026-10-09T14:30:00+11:00,2515112,2459_410,-33.861244201660156,151.10525512695312,118.0,31.3,411,6.85,False
2026-10-09T14:30:00+11:00,2283079,2459_422,-33.93095779418945,151.1549072265625,39.0,0.0,151,2.52,True
2026-10-09T14:30:00+11:00,2290110,2459_422,-33.88065719604492,151.20672607421875,202.0,0.0,0,0.0,True
2026-10-09T14:30:00+11:00,2209037,2459_466,-33.85742950439453,151.11251831054688,246.0,0.0,-103,-1.72,False
2026-10-09T14:30:00+11:00,2285992,2459_437,-33.87087631225586,151.20596313476562,82.0,0.0,0,0.0,True
2026-10-09T14:30:00+11:00,2286969,2459_470,-33.87530517578125,151.15798950195312,272.0,57.6,229,3.82,True
2026-10-09T14:30:00+11:00,2454777,2508_225,-33.84247970581055,151.22735595703125,162.0,33.5,231,3.85,True
2026-10-09T14:30:00+11:00,2349609,2459_418,-33.91041564941406,151.15631103515625,118.0,0.0,373,6.22,False
2026-10-09T14:30:00+11:00,2038031,2459_469,-33.885467529296875,151.1499481201172,9.0,0.0,0,0.0,True
2026-10-09T14:30:00+11:00,2714654,2508_144,-33.79972839355469,151.17916870117188,338.0,4.7,4,0.07,True
2026-10-09T14:30:00+11:00,2038771,2459_469,-33.879844665527344,151.15919494628906,192.0,23.8,62,1.03,True
2026-10-09T14:30:00+11:00,2383172,2508_100,-33.829349517822266,151.22802734375,223.0,0.0,358,5.97,True
2026-10-09T14:30:00+11:00,2209507,2459_440,-33.886234283447266,151.15725708007812,354.0,11.5,477,7.95,False
2026-10-09T14:30:00+11:00,2618657,2459_422,-33.90996551513672,151.1807098388672,203.0,0.0,410,6.83,False
2026-10-09T14:30:00+11:00,2208974,2459_464,-33.86262512207031,151.1078338623047,120.0,0.0,46,0.77,True
2026-10-09T14:30:00+11:00,2288516,2459_418,-33.88801956176758,151.12371826171875,297.0,1.4,133,2.22,True
2026-10-09T14:30:00+11:00,2288915,2459_438X,-33.88591766357422,151.15725708007812,353.0,11.5,-126,-2.1,False
2026-10-09T14:30:00+11:00,2283316,2459_428,-33.90579605102539,151.13487243652344,88.0,36.7,-6,-0.1,True
2026-10-09T14:30:00+11:00,1961272,2459_412,-33.91794204711914,151.12554931640625,338.0,34.6,57,0.95,True
2026-10-09T14:30:00+11:00,2383250,2508_100,-33.835105895996094,151.24612426757812,324.0,5.4,37,0.62,True
2026-10-09T14:30:00+11:00,2289077,2459_442,-33.863739013671875,151.1765899658203,342.0,0.0,23,0.38,True
2026-10-09T14:30:00+11:00,2383184,2508_100,-33.86101150512695,151.20541381835938,23.0,45.4,185,3.08,True
2026-10-09T14:30:00+11:00,2554177,2459_358,-33.916778564453125,151.1755828857422,322.0,0.0,232,3.87,True
2026-10-09T14:30:00+11:00,2289800,2459_423,-33.89699172973633,151.17938232421875,34.0,21.6,57,0.95,True
2026-10-09T14:30:00+11:00,2289120,2459_422,-33.88453674316406,151.19271850585938,83.0,0.0,48,0.8,True
2026-10-09T14:30:00+11:00,2718611,2508_144,-33.820762634277344,151.24398803710938,178.0,17.6,311,5.18,True
2026-10-09T14:30:00+11:00,2209234,2459_440,-33.888221740722656,151.23155212402344,319.0,37.4,-64,-1.07,False
2026-10-09T14:30:00+11:00,2596312,2459_492,-33.86439895629883,151.13040161132812,8.0,21.6,187,3.12,True
2026-10-09T14:30:00+11:00,2283723,2459_422,-33.89312744140625,151.183349609375,160.0,0.0,64,1.07,True
2026-10-09T14:30:00+11:00,2285727,2459_470,-33.884178161621094,151.17880249023438,237.0,0.0,287,4.78,True
2026-10-09T14:30:00+11:00,2415795,2508_B1,-33.83103942871094,151.22445678710938,65.0,35.3,214,3.57,True
2026-10-09T14:30:00+11:00,2685940,2459_423,-33.911983489990234,151.15914916992188,299.0,19.4,487,8.12,False
2026-10-09T14:30:00+11:00,2389206,2508_173X,-33.813804626464844,151.24403381347656,190.0,16.2,85,1.42,True
2026-10-09T14:30:00+11:00,2415837,2508_B1,-33.86637496948242,151.20632934570312,7.0,0.0,0,0.0,True
2026-10-09T14:30:00+11:00,2037026,2459_440,-33.86054229736328,151.16848754882812,100.0,28.4,241,4.02,True
2026-10-09T14:30:00+11:00,2725778,7083_SW1,-33.9146842956543,151.1650848388672,0.0,0.0,2911,48.52,False
2026-10-09T14:30:00+11:00,2553941,2459_358,-33.925559997558594,151.23902893066406,98.0,0.0,217,3.62,True
2026-10-09T14:30:00+11:00,2095629,2508_160X,-33.78771209716797,151.1818084716797,339.0,0.0,524,8.73,False
2026-10-09T14:30:00+11:00,2475205,2459_389,-33.86896514892578,151.20327758789062,79.0,24.5,-180,-3.0,False
2026-10-09T14:30:00+11:00,2635822,2459_504,-33.849361419677734,151.138916015625,52.0,0.0,61,1.02,True
2026-10-09T14:30:00+11:00,2288856,2459_426,-33.8952751159668,151.18167114257812,38.0,0.0,260,4.33,True
2026-10-09T14:30:00+11:00,2288927,2459_433,-33.868045806884766,151.17613220214844,162.0,5.0,231,3.85,True
2026-10-09T14:30:00+11:00,2038457,2459_440,-33.87888717651367,151.2147674560547,134.0,32.0,183,3.05,True
2026-10-09T14:30:00+11:00,2721103,2514_558,-33.7941780090332,151.18222045898438,159.0,38.2,-78,-1.3,False
2026-10-09T14:30:00+11:00,2374155,2508_100,-33.84210205078125,151.24365234375,352.0,0.0,0,0.0,True
2026-10-09T14:30:00+11:00,2286295,2459_442,-33.86618423461914,151.17636108398438,238.0,41.0,524,8.73,False
2026-10-09T14:30:00+11:00,2685975,2459_423,-33.88374328613281,151.20303344726562,230.0,0.0,66,1.1,True
2026-10-09T14:30:00+11:00,2424388,2508_230,-33.8345832824707,151.23463439941406,246.0,34.2,-115,-1.92,False
2026-10-09T14:30:00+11:00,2484413,2459_483,-33.880584716796875,151.20684814453125,195.0,0.0,0,0.0,True
2026-10-09T14:30:00+11:00,2319467,7083_SW3,-33.91435623168945,151.1659698486328,0.0,0.4,-27,-0.45,True
2026-10-09T14:30:00+11:00,2286250,2459_423,-33.87834548950195,151.20904541015625,100.0,0.0,-464,-7.73,False
2026-10-09T14:30:00+11:00,2208219,2459_413,-33.895530700683594,151.13235473632812,179.0,25.6,389,6.48,False
2026-10-09T14:30:00+11:00,2736859,2459_428,-33.894309997558594,151.18260192871094,220.0,14.8,159,2.65,True
2026-10-09T14:30:00+11:00,2484450,2459_480,-33.887229919433594,151.1412811279297,311.0,0.0,328,5.47,True
2026-10-09T14:30:00+11:00,2374201,2508_243,-33.82430648803711,151.2401123046875,180.0,0.0,0,0.0,True
2026-10-09T14:30:00+11:00,2287139,2459_470,-33.86885070800781,151.21046447753906,186.0,15.1,-28,-0.47,True
2026-10-09T14:30:00+11:00,2038732,2459_470,-33.87355422973633,151.1631622314453,73.0,0.0,0,0.0,True
2026-10-09T14:30:00+11:00,2709219,2504_610X,-33.82958221435547,151.2139129638672,10.0,48.6,90,1.5,True
2026-10-09T14:30:00+11:00,2596303,2459_491,-33.91243362426758,151.118896484375,231.0,32.4,231,3.85,True
2026-10-09T14:30:00+11:00,2685952,2459_423,-33.88933563232422,151.19027709960938,225.0,4.3,266,4.43,True
2026-10-09T14:30:00+11:00,2284198,2459_470,-33.86603546142578,151.2100830078125,186.0,5.0,0,0.0,True
2026-10-09T14:30:00+11:00,2038730,2459_470,-33.88410186767578,151.2018585205078,74.0,0.0,8,0.13,True
2026-10-09T14:30:00+11:00,2288148,2459_389,-33.873390197753906,151.2104949951172,281.0,0.0,390,6.5,False
2026-10-09T14:30:00+11:00,2635845,2459_504,-33.8477668762207,151.14132690429688,37.0,0.0,0,0.0,True
2026-10-09T14:30:00+11:00,2375700,2508_144,-33.820396423339844,151.2438201904297,353.0,23.0,82,1.37,True
2026-10-09T14:30:00+11:00,2288833,2459_438X,-33.870025634765625,151.1307373046875,126.0,0.0,606,10.1,False
2026-10-09T14:30:00+11:00,2725733,7083_SW1,-33.91376495361328,151.153076171875,205.0,4.0,-7,-0.12,True
2026-10-09T14:30:00+11:00,2720455,2514_141,-33.79118347167969,151.2412567138672,188.0,41.4,363,6.05,False
2026-10-09T14:30:00+11:00,2283269,2459_438X,-33.88252258300781,151.20433044433594,194.0,0.0,257,4.28,True
2026-10-09T14:30:00+11:00,2283828,2459_478,-33.915016174316406,151.16586303710938,142.0,0.0,0,0.0,True
2026-10-09T14:30:00+11:00,2636106,2459_415,-33.86970138549805,151.1119384765625,277.0,37.8,435,7.25,False
2026-10-09T14:30:00+11:00,2290830,2459_303,-33.93592834472656,151.19320678710938,234.0,0.0,189,3.15,True
2026-10-09T14:30:00+11:00,2719594,2514_277,-33.7822265625,151.1958465576172,67.0,13.0,433,7.22,False
2026-10-09T14:30:00+11:00,2685924,2459_423,-33.926631927490234,151.12722778320312,279.0,26.6,179,2.98,True
2026-10-09T14:30:00+11:00,2660425,2459_320,-33.88602066040039,151.2068328857422,9.0,23.0,-17,-0.28,True
2026-10-09T14:30:00+11:00,2718609,2508_144,-33.8278923034668,151.20265197753906,281.0,36.0,-31,-0.52,True
2026-10-09T14:30:00+11:00,2714732,2508_114,-33.829219818115234,151.210205078125,280.0,50.8,177,2.95,True
2026-10-09T14:30:00+11:00,2287927,2459_438X,-33.84492111206055,151.1285400390625,3.0,7.2,0,0.0,True
2026-10-09T14:30:00+11:00,2514828,2459_410,-33.87282180786133,151.10464477539062,10.0,14.8,-109,-1.82,False
2026-10-09T14:30:00+11:00,2383292,2508_100,-33.84204864501953,151.24386596679688,174.0,2.9,0,0.0,True
2026-10-09T14:30:00+11:00,2376512,2508_145,-33.79439163208008,151.26437377929688,280.0,33.5,360,6.0,False
2026-10-09T14:30:00+11:00,2424415,2508_230,-33.82927322387695,151.21217346191406,99.0,47.9,245,4.08,True
2026-10-09T14:30:00+11:00,2285096,2459_423,-33.91451644897461,151.15267944335938,35.0,10.4,-12,-0.2,True
2026-10-09T14:30:00+11:00,2286352,2459_426,-33.88077926635742,151.2067108154297,43.0,12.2,616,10.27,False
2026-10-09T14:30:00+11:00,2736598,2459_445,-33.88798522949219,151.15771484375,173.0,0.0,6,0.1,True
2026-10-09T14:30:00+11:00,2286156,2459_303,-33.94593811035156,151.17410278320312,92.0,64.4,63,1.05,True
2026-10-09T14:30:00+11:00,2554003,2459_358,-33.92338180541992,151.2111053466797,100.0,0.0,142,2.37,True
2026-10-09T14:30:00+11:00,2441472,2507_207,-33.83109664916992,151.2084503173828,9.0,0.0,87,1.45,True
2026-10-09T14:30:00+11:00,2654471,2507_52,-33.84052276611328,151.14622497558594,320.0,60.1,169,2.82,True
2026-10-09T14:30:00+11:00,2644426,2507_120,-33.87065124511719,151.20623779296875,185.0,0.0,-306,-5.1,False
2026-10-09T14:30:00+11:00,2229905,2507_254,-33.8238525390625,151.19744873046875,139.0,34.2,-405,-6.75,False
2026-10-09T14:30:00+11:00,2621466,2507_288,-33.85857391357422,151.2068328857422,207.0,68.4,264,4.4,True
2026-10-09T14:30:00+11:00,2643391,2507_501,-33.84113693237305,151.14688110351562,322.0,63.0,27,0.45,True
2026-10-09T14:30:00+11:00,2643243,2507_120,-33.806434631347656,151.19915771484375,351.0,0.0,8,0.13,True
2026-10-09T14:30:00+11:00,2621414,2507_252,-33.824676513671875,151.1324005126953,215.0,29.2,178,2.97,True
2026-10-09T14:30:00+11:00,2642840,2507_207,-33.79219436645508,151.2071075439453,162.0,37.8,194,3.23,True
2026-10-09T14:30:00+11:00,2643365,2507_120,-33.80237579345703,151.1984100341797,15.0,17.6,544,9.07,False
2026-10-09T14:30:00+11:00,2682057,2507_536,-33.83253860473633,151.14588928222656,10.0,56.9,134,2.23,True
2026-10-09T14:30:00+11:00,2672284,2507_115,-33.82793426513672,151.20184326171875,10.0,0.0,114,1.9,True
2026-10-09T14:30:00+11:00,2654575,2507_52,-33.87236404418945,151.21275329589844,187.0,0.0,0,0.0,True
2026-10-09T14:30:00+11:00,2672445,2507_115,-33.79844284057617,151.19827270507812,160.0,35.3,168,2.8,True
2026-10-09T14:30:00+11:00,2555432,2507_265,-33.82714080810547,151.2002410888672,330.0,7.6,133,2.22,True
2026-10-09T14:30:00+11:00,2642981,2507_501,-33.86420440673828,151.17068481445312,132.0,0.0,409,6.82,False
2026-10-09T14:30:00+11:00,2229125,2507_275,-33.79149627685547,151.1988983154297,250.0,0.0,-46,-0.77,True
2026-10-09T14:30:00+11:00,2681914,2507_267,-33.79670715332031,151.1875,228.0,11.5,219,3.65,True
2026-10-09T14:30:00+11:00,2581513,2507_538,-33.834617614746094,151.14761352539062,275.0,0.0,113,1.88,True
2026-10-09T14:30:00+11:00,2672356,2507_115,-33.818939208984375,151.20111083984375,189.0,37.8,268,4.47,True
2026-10-09T14:30:00+11:00,2322356,2507_506,-33.86470413208008,151.1709747314453,311.0,38.9,782,13.03,False
2026-10-09T14:30:00+11:00,2654473,2507_52,-33.81682586669922,151.12266540527344,254.0,0.0,0,0.0,True
2026-10-09T14:30:00+11:00,2672308,2507_115,-33.8305549621582,151.20285034179688,146.0,29.5,474,7.9,False
2026-10-09T14:30:00+11:00,2621441,2507_252,-33.824729919433594,151.19049072265625,253.0,0.0,-40,-0.67,True
2026-10-09T14:30:00+11:00,2744685,2507_292,-33.79972457885742,151.14132690429688,290.0,51.5,276,4.6,True
2026-10-09T14:30:00+11:00,2672410,2507_115,-33.79332733154297,151.1959228515625,340.0,0.0,-215,-3.58,False
2026-10-09T14:30:00+11:00,2407324,2507_265,-33.82474136352539,151.19810485839844,146.0,0.7,184,3.07,True
2026-10-09T14:30:00+11:00,2644167,2507_254,-33.81914520263672,151.17025756835938,172.0,16.6,199,3.32,True
2026-10-09T14:30:00+11:00,2672414,2507_115,-33.795257568359375,151.18670654296875,248.0,0.0,37,0.62,True
2026-10-09T14:30:00+11:00,2644643,2507_501,-33.86983871459961,151.1940155029297,334.0,0.0,161,2.68,True
2026-10-09T14:30:00+11:00,2744637,2507_292,-33.82170867919922,151.20497131347656,321.0,80.6,-100,-1.67,False
2026-10-09T14:30:00+11:00,2442157,2507_207,-33.83461380004883,151.20755004882812,9.0,26.6,-77,-1.28,False
2026-10-09T14:30:00+11:00,2644265,2507_202,-33.83662414550781,151.2073516845703,189.0,0.0,-15,-0.25,True
2026-10-09T14:30:00+11:00,2738367,2507_533,-33.80530548095703,151.16012573242188,282.0,37.4,-10,-0.17,True
2026-10-09T14:30:00+11:00,2643764,2507_52,-33.86260223388672,151.16824340820312,127.0,46.1,145,2.42,True
2026-10-09T14:30:00+11:00,2682148,2507_202,-33.81199645996094,151.21900939941406,100.0,22.0,68,1.13,True
2026-10-09T14:30:00+11:00,2644397,2507_120,-33.80316162109375,151.19833374023438,187.0,0.0,326,5.43,True
2026-10-09T14:30:00+11:00,2322373,2507_506,-33.870853424072266,151.21417236328125,306.0,0.0,0,0.0,True
2026-10-09T14:30:00+11:00,2672467,2507_267,-33.82606887817383,151.20236206054688,12.0,0.0,-6,-0.1,True
2026-10-09T14:30:00+11:00,2644809,2507_120,-33.79544448852539,151.1863250732422,73.0,0.7,207,3.45,True
2026-10-09T14:30:00+11:00,2644947,2507_501,-33.88080978393555,151.20664978027344,201.0,8.6,0,0.0,True
2026-10-09T14:30:00+11:00,2672318,2507_115,-33.79570770263672,151.18247985839844,74.0,15.8,117,1.95,True
2026-10-09T14:30:00+11:00,2645077,2507_120,-33.86918258666992,151.205322265625,355.0,0.0,121,2.02,True
2026-10-09T14:30:00+11:00,2322312,2507_506,-33.87314987182617,151.20843505859375,277.0,0.4,414,6.9,False
2026-10-09T14:30:00+11:00,2407553,2507_261,-33.82924270629883,151.16860961914062,33.0,0.0,55,0.92,True
2026-10-09T14:30:00+11:00,2654550,2507_52,-33.841007232666016,151.13026428222656,115.0,15.1,85,1.42,True
2026-10-09T14:30:00+11:00,2644281,2507_501,-33.840919494628906,151.14686584472656,143.0,62.3,-21,-0.35,True
2026-10-09T14:30:00+11:00,2407008,2507_252,-33.83176040649414,151.1460418701172,7.0,55.1,21,0.35,True
2026-10-09T14:30:00+11:00,2634582,2507_261,-33.83085250854492,151.16722106933594,33.0,39.2,129,2.15,True
2026-10-09T14:30:00+11:00,2654378,2507_52,-33.870582580566406,151.190185546875,299.0,59.0,286,4.77,True
2026-10-09T14:30:00+11:00,2226180,2507_288,-33.866424560546875,151.203369140625,175.0,0.0,0,0.0,True
2026-10-09T14:30:00+11:00,2731345,2507_291,-33.817928314208984,151.18252563476562,139.0,55.4,73,1.22,True
2026-10-09T14:30:00+11:00,2230534,2507_288,-33.811012268066406,151.16455078125,286.0,0.0,256,4.27,True
2026-10-09T14:30:00+11:00,2744736,2507_292,-33.808536529541016,151.16555786132812,199.0,6.8,513,8.55,False
2026-10-09T14:30:00+11:00,2621447,2507_516,-33.79646682739258,151.180419921875,176.0,0.0,1,0.02,True
2026-10-09T14:30:00+11:00,2744566,2507_292,-33.79922103881836,151.14138793945312,118.0,63.7,-159,-2.65,False
2026-10-09T14:30:00+11:00,2643590,2507_52,-33.87286376953125,151.20457458496094,67.0,16.9,14,0.23,True
2026-10-09T14:30:00+11:00,2407238,2507_252,-33.82863235473633,151.2015380859375,156.0,0.0,221,3.68,True
2026-10-09T14:30:00+11:00,2564789,2509_379,-33.88581085205078,151.2734375,38.0,6.1,11,0.18,True
2026-10-09T14:30:00+11:00,2357796,2509_370,-33.90174865722656,151.19993591308594,254.0,31.7,582,9.7,False
2026-10-09T14:30:00+11:00,2356806,2509_311,-33.881080627441406,151.2181396484375,81.0,10.4,197,3.28,True
2026-10-09T14:30:00+11:00,2352322,2509_307,-33.944786071777344,151.1967010498047,256.0,7.9,790,13.17,False
2026-10-09T14:30:00+11:00,2151869,2509_333,-33.88289260864258,151.2205352783203,144.0,27.0,122,2.03,True
2026-10-09T14:30:00+11:00,2564530,2509_333,-33.8910026550293,151.27418518066406,225.0,0.0,-22,-0.37,True
2026-10-09T14:30:00+11:00,2740262,2509_370,-33.915435791015625,151.2404327392578,73.0,11.2,144,2.4,True
2026-10-09T14:30:00+11:00,2564531,2509_333,-33.89109420776367,151.24752807617188,190.0,10.8,-35,-0.58,True
2026-10-09T14:30:00+11:00,2533079,2509_352,-33.89091873168945,151.24444580078125,290.0,10.8,84,1.4,True
2026-10-09T14:30:00+11:00,2564683,2509_350,-33.93943786621094,151.25775146484375,306.0,32.8,363,6.05,False
2026-10-09T14:30:00+11:00,2356012,2509_343,-33.89079666137695,151.20773315429688,190.0,31.7,240,4.0,True
2026-10-09T14:30:00+11:00,2335725,2509_309,-33.89674758911133,151.19859313964844,252.0,16.6,-397,-6.62,False
2026-10-09T14:30:00+11:00,2740236,2509_370,-33.89125061035156,151.1886749267578,221.0,25.6,87,1.45,True
2026-10-09T14:30:00+11:00,2300884,2509_399,-33.9455451965332,151.240478515625,170.0,41.0,117,1.95,True
2026-10-09T14:30:00+11:00,2532278,2509_324,-33.853759765625,151.28469848632812,14.0,41.0,0,0.0,True
2026-10-09T14:30:00+11:00,2488455,2509_392,-33.8931999206543,151.1990203857422,21.0,0.0,0,0.0,True
2026-10-09T14:30:00+11:00,2357281,2509_373,-33.924072265625,151.2552032470703,101.0,5.8,-226,-3.77,False
2026-10-09T14:30:00+11:00,2628763,2509_304,-33.86448287963867,151.21168518066406,189.0,23.4,211,3.52,True
2026-10-09T14:30:00+11:00,2628637,2509_304,-33.89635467529297,151.21170043945312,189.0,19.8,283,4.72,True
2026-10-09T14:30:00+11:00,2151517,2509_333,-33.889930725097656,151.2754669189453,48.0,23.8,91,1.52,True
2026-10-09T14:30:00+11:00,2400599,2509_392,-33.944969177246094,151.22622680664062,188.0,3.6,233,3.88,True
2026-10-09T14:30:00+11:00,2152014,2509_333,-33.86252975463867,151.21116638183594,6.0,0.7,0,0.0,True
2026-10-09T14:30:00+11:00,2563950,2509_386,-33.890052795410156,151.25497436523438,53.0,10.8,90,1.5,True
2026-10-09T14:30:00+11:00,2531977,2509_325,-33.85585021972656,151.2069091796875,45.0,0.0,0,0.0,True
2026-10-09T14:30:00+11:00,2357754,2509_343,-33.88978576660156,151.20608520507812,12.0,14.0,307,5.12,True
2026-10-09T14:30:00+11:00,2403047,2509_311,-33.881126403808594,151.2178955078125,299.0,0.0,82,1.37,True
2026-10-09T14:30:00+11:00,2137533,2509_396,-33.942317962646484,151.25027465820312,234.0,6.1,7,0.12,True
2026-10-09T14:30:00+11:00,2137646,2509_396,-33.907188415527344,151.22381591796875,188.0,0.4,-10,-0.17,True
2026-10-09T14:30:00+11:00,2396591,2509_392,-33.903621673583984,151.209716796875,216.0,3.6,119,1.98,True
2026-10-09T14:30:00+11:00,2400289,2509_392,-33.90958786010742,151.21969604492188,99.0,31.3,338,5.63,True
2026-10-09T14:30:00+11:00,2138093,2509_396,-33.891666412353516,151.220947265625,351.0,55.4,-200,-3.33,False
2026-10-09T14:30:00+11:00,2357424,2509_343,-33.8679313659668,151.2105712890625,5.0,0.0,-107,-1.78,False
2026-10-09T14:30:00+11:00,2151800,2509_333,-33.89283752441406,151.2561798095703,98.0,0.0,-190,-3.17,False
2026-10-09T14:30:00+11:00,2138763,2509_396,-33.924129486083984,151.22799682617188,144.0,0.0,139,2.32,True
2026-10-09T14:30:00+11:00,2352369,2509_356,-33.941402435302734,151.23764038085938,282.0,23.4,-114,-1.9,False
2026-10-09T14:30:00+11:00,2136850,2509_306,-33.90165328979492,151.20120239257812,338.0,0.0,-46,-0.77,True
2026-10-09T14:30:00+11:00,2356353,2509_343,-33.86307907104492,151.21192932128906,8.0,0.0,0,0.0,True
2026-10-09T14:30:00+11:00,2356525,2509_343,-33.89766311645508,151.2064971923828,6.0,40.3,1,0.02,True
2026-10-09T14:30:00+11:00,2575721,2509_374,-33.91278076171875,151.23960876464844,281.0,0.0,195,3.25,True
2026-10-09T14:30:00+11:00,2356093,2509_370,-33.92008972167969,151.25706481933594,178.0,10.1,0,0.0,True
2026-10-09T14:30:00+11:00,2356628,2509_343,-33.86267852783203,151.2119903564453,8.0,0.0,0,0.0,True
2026-10-09T14:30:00+11:00,2531178,2509_325,-33.87516403198242,151.22201538085938,204.0,0.0,60,1.0,True
2026-10-09T14:30:00+11:00,2435526,2509_390X,-33.91629409790039,151.23472595214844,306.0,29.9,345,5.75,True
2026-10-09T14:30:00+11:00,2564990,2509_333,-33.889442443847656,151.28335571289062,217.0,10.4,1,0.02,True
2026-10-09T14:30:00+11:00,2564748,2509_350,-33.92477798461914,151.1903533935547,280.0,0.0,77,1.28,True
2026-10-09T14:30:00+11:00,2356531,2509_373,-33.91146469116211,151.23927307128906,189.0,43.6,46,0.77,True
2026-10-09T14:30:00+11:00,2470774,2509_356,-33.92505645751953,151.24362182617188,5.0,31.3,283,4.72,True
2026-10-09T14:30:00+11:00,2628625,2509_304,-33.87203598022461,151.20993041992188,5.0,0.0,-412,-6.87,False
2026-10-09T14:30:00+11:00,2356736,2509_339,-33.91196060180664,151.25772094726562,100.0,37.8,61,1.02,True
2026-10-09T14:30:00+11:00,2357599,2509_311,-33.874114990234375,151.21499633789062,282.0,0.0,536,8.93,False
2026-10-09T14:30:00+11:00,2534322,2509_313,-33.900474548339844,151.25364685058594,184.0,28.1,290,4.83,True
2026-10-09T14:30:00+11:00,2400572,2509_392,-33.955474853515625,151.23025512695312,171.0,0.0,663,11.05,False
2026-10-09T14:30:00+11:00,1780084,2509_757e,-33.891212463378906,151.253173828125,72.0,24.5,0,0.0,True
2026-10-09T14:30:00+11:00,2431713,2509_396,-33.8621826171875,151.2112274169922,5.0,0.0,0,0.0,True
2026-10-09T14:30:00+11:00,2396519,2509_392,-33.944889068603516,151.22654724121094,31.0,4.3,155,2.58,True
2026-10-09T14:30:00+11:00,2356682,2509_374,-33.91440200805664,151.24896240234375,98.0,0.0,248,4.13,True
2026-10-09T14:30:00+11:00,2564991,2509_350,-33.891334533691406,151.24822998046875,98.0,0.0,0,0.0,True
2026-10-09T14:30:00+11:00,2356448,2509_370,-33.8822021484375,151.18824768066406,307.0,31.0,52,0.87,True
2026-10-09T14:30:00+11:00,2628792,2509_304,-33.89101028442383,151.212890625,191.0,27.4,-93,-1.55,False
2026-10-09T14:30:00+11:00,2139243,2509_375,-33.94532012939453,151.2266082763672,326.0,0.0,0,0.0,True
2026-10-09T14:30:00+11:00,2356184,2509_343,-33.922054290771484,151.2005615234375,280.0,0.0,112,1.87,True
2026-10-09T14:30:00+11:00,2151503,2509_333,-33.87795639038086,151.21359252929688,135.0,41.4,32,0.53,True
2026-10-09T14:30:00+11:00,2531997,2509_380,-33.88985824584961,151.28274536132812,58.0,23.8,354,5.9,True
2026-10-09T14:30:00+11:00,2357454,2509_373,-33.87714385986328,151.21194458007812,22.0,0.0,-106,-1.77,False
2026-10-09T14:30:00+11:00,2488416,2509_392,-33.92151641845703,151.22695922851562,172.0,29.2,323,5.38,True
2026-10-09T14:30:00+11:00,2400462,2509_309,-33.955352783203125,151.2051239013672,289.0,16.2,16,0.27,True
2026-10-09T14:30:00+11:00,2356029,2509_373,-33.8993034362793,151.22256469726562,171.0,10.1,-144,-2.4,False
2026-10-09T14:30:00+11:00,2356005,2509_370,-33.916690826416016,151.23944091796875,190.0,0.0,37,0.62,True
2026-10-09T14:30:00+11:00,2355883,2509_390X,-33.9201545715332,151.22637939453125,352.0,32.8,246,4.1,True
2026-10-09T14:30:00+11:00,2357444,2509_370,-33.892513275146484,151.18650817871094,65.0,9.4,68,1.13,True
2026-10-09T14:30:00+11:00,2564704,2509_379,-33.891841888427734,151.2514190673828,72.0,2.5,167,2.78,True
2026-10-09T14:30:00+11:00,2564883,2509_333,-33.88928985595703,151.2327117919922,313.0,0.0,125,2.08,True
2026-10-09T14:30:00+11:00,2533486,2509_360,-33.89680480957031,151.25718688964844,100.0,36.0,-4,-0.07,True
2026-10-09T14:30:00+11:00,2152013,2509_333,-33.89104080200195,151.27420043945312,42.0,27.0,-137,-2.28,False
2026-10-09T14:30:00+11:00,2356515,2509_373,-33.886783599853516,151.21942138671875,307.0,0.0,-16,-0.27,True
2026-10-09T14:30:00+11:00,2564594,2509_350,-33.942405700683594,151.26271057128906,135.0,7.6,384,6.4,False
2026-10-09T14:30:00+11:00,2533552,2509_325,-33.85429382324219,151.2770233154297,143.0,36.4,183,3.05,True
2026-10-09T14:30:00+11:00,2139725,2509_396,-33.92489242553711,151.22891235351562,309.0,1.1,-83,-1.38,False
2026-10-09T14:30:00+11:00,2565169,2509_379,-33.88491439819336,151.27615356445312,8.0,20.5,480,8.0,False
2026-10-09T14:30:00+11:00,2563814,2509_387,-33.89134216308594,151.24815368652344,94.0,0.0,0,0.0,True
2026-10-09T14:30:00+11:00,2533341,2509_355,-33.896690368652344,151.20263671875,88.0,0.0,-229,-3.82,False
2026-10-09T14:30:00+11:00,2564719,2509_379,-33.905113220214844,151.2567138671875,100.0,32.8,-123,-2.05,False
2026-10-09T14:30:00+11:00,2533122,2509_362,-33.901554107666016,151.26129150390625,242.0,35.3,301,5.02,True
2026-10-09T14:30:00+11:00,2534236,2509_362,-33.90091323852539,151.27001953125,358.0,27.4,375,6.25,False
2026-10-09T14:30:00+11:00,2675022,2509_309,-33.901302337646484,151.2011260986328,155.0,0.0,256,4.27,True
2026-10-09T14:30:00+11:00,2151783,2509_333,-33.8900146484375,151.2401580810547,67.0,0.0,222,3.7,True
2026-10-09T14:30:00+11:00,2396562,2509_392,-33.92552947998047,151.228271484375,346.0,1.1,315,5.25,True
2026-10-09T14:30:00+11:00,2357562,2509_339,-33.90488052368164,151.2445068359375,313.0,15.1,122,2.03,True
2026-10-09T14:30:00+11:00,2565072,2509_333,-33.889225006103516,151.28358459472656,213.0,0.0,101,1.68,True
2026-10-09T14:30:00+11:00,2357096,2509_374,-33.89158630371094,151.2123260498047,100.0,0.0,239,3.98,True
2026-10-09T14:30:00+11:00,2564529,2509_350,-33.90431594848633,151.25436401367188,220.0,0.0,123,2.05,True
2026-10-09T14:30:00+11:00,2675017,2509_309,-33.90999221801758,151.20245361328125,197.0,5.4,618,10.3,False
2026-10-09T14:30:00+11:00,2534547,2509_381,-33.897212982177734,151.27005004882812,101.0,30.6,68,1.13,True
2026-10-09T14:30:00+11:00,2335823,2509_309,-33.94343185424805,151.19583129882812,334.0,0.0,226,3.77,True
2026-10-09T14:30:00+11:00,2137856,2509_375,-33.92803955078125,151.2552947998047,189.0,35.3,99,1.65,True
2026-10-09T14:30:00+11:00,2531411,2509_325,-33.87343978881836,151.2108154296875,101.0,25.9,934,15.57,False
2026-10-09T14:30:00+11:00,2565099,2509_333,-33.88100051879883,151.21775817871094,299.0,10.1,370,6.17,False
2026-10-09T14:30:00+11:00,2488403,2509_392,-33.90339279174805,151.2080841064453,99.0,0.0,138,2.3,True
2026-10-09T14:30:00+11:00,2356549,2509_373,-33.919925689697266,151.2571563720703,188.0,2.5,236,3.93,True
2026-10-09T14:30:00+11:00,2355798,2509_390X,-33.915496826171875,151.24014282226562,72.0,6.1,193,3.22,True
2026-10-09T14:30:00+11:00,2396518,2509_392,-33.896507263183594,151.2094268798828,288.0,19.4,251,4.18,True
2026-10-09T14:30:00+11:00,2532100,2509_352,-33.89002227783203,151.20809936523438,295.0,0.0,375,6.25,False
2026-10-09T14:30:00+11:00,2357402,2509_343,-33.911319732666016,151.2062225341797,196.0,27.0,298,4.97,True
2026-10-09T14:30:00+11:00,2565125,2509_379,-33.89204788208008,151.2501983642578,259.0,0.0,-8,-0.13,True
2026-10-09T14:30:00+11:00,2533138,2509_386,-33.88933563232422,151.25645446777344,240.0,40.3,-58,-0.97,True
2026-10-09T14:30:00+11:00,2564585,2509_333,-33.86527633666992,151.2114715576172,23.0,13.3,116,1.93,True
2026-10-09T14:30:00+11:00,2355850,2509_390X,-33.90699768066406,151.2515106201172,101.0,0.0,168,2.8,True
2026-10-09T14:30:00+11:00,2352640,2509_307,-33.940330505371094,151.2161102294922,230.0,28.8,184,3.07,True
2026-10-09T14:30:00+11:00,2740220,2509_370,-33.87195587158203,151.1800079345703,194.0,0.0,51,0.85,True
2026-10-09T14:30:00+11:00,2137812,2509_375,-33.945892333984375,151.226318359375,90.0,0.0,107,1.78,True
2026-10-09T14:30:00+11:00,2151583,2509_333,-33.86225128173828,151.2112274169922,5.0,14.4,0,0.0,True
2026-10-09T14:30:00+11:00,2564779,2509_333,-33.881370544433594,151.2185821533203,296.0,0.0,97,1.62,True
2026-10-09T14:30:00+11:00,2396613,2509_392,-33.896514892578125,151.2097625732422,274.0,4.3,854,14.23,False
2026-10-09T14:30:00+11:00,2563958,2509_387,-33.870269775390625,151.2760009765625,35.0,40.3,283,4.72,True
2026-10-09T14:30:00+11:00,2356105,2509_343,-33.87257385253906,151.2100067138672,185.0,40.0,187,3.12,True
2026-10-09T14:30:00+11:00,2533545,2509_324,-33.855960845947266,151.20703125,222.0,0.0,0,0.0,True
2026-10-09T14:30:00+11:00,2532337,2509_324,-33.8665885925293,151.20338439941406,177.0,0.0,76,1.27,True
2026-10-09T14:30:00+11:00,2564614,2509_379,-33.88589859008789,151.28343200683594,274.0,0.0,602,10.03,False
2026-10-09T14:30:00+11:00,2564828,2509_379,-33.89870071411133,151.25213623046875,344.0,43.6,169,2.82,True
2026-10-09T14:30:00+11:00,2740234,2509_370,-33.89476013183594,151.18222045898438,218.0,22.0,566,9.43,False
2026-10-09T14:30:00+11:00,2138960,2509_306,-33.93041229248047,151.2112579345703,26.0,0.0,53,0.88,True
2026-10-09T14:30:00+11:00,2352445,2509_307,-33.93978500366211,151.2167205810547,40.0,42.1,-109,-1.82,False
2026-10-09T14:30:00+11:00,2533740,2509_380,-33.845088958740234,151.2828369140625,163.0,20.2,-64,-1.07,False
2026-10-09T14:30:00+11:00,2628648,2509_304,-33.90529251098633,151.21206665039062,21.0,0.0,-24,-0.4,True
2026-10-09T14:30:00+11:00,2531217,2509_352,-33.881561279296875,151.2147979736328,10.0,18.4,162,2.7,True
2026-10-09T14:30:00+11:00,2357438,2509_373,-33.90861511230469,151.23532104492188,279.0,0.0,0,0.0,True
2026-10-09T14:30:00+11:00,2531906,2509_380,-33.88913345336914,151.2767791748047,255.0,17.3,232,3.87,True
2026-10-09T14:30:00+11:00,2435348,2509_390X,-33.899879455566406,151.25326538085938,141.0,19.4,181,3.02,True
2026-10-09T14:30:00+11:00,2565029,2509_333,-33.87699508666992,151.21240234375,299.0,8.6,382,6.37,False
2026-10-09T14:30:00+11:00,2435614,2509_390X,-33.917911529541016,151.22628784179688,172.0,0.0,466,7.77,False
2026-10-09T14:30:00+11:00,2352651,2509_356,-33.9132194519043,151.2416534423828,284.0,6.5,123,2.05,True
2026-10-09T14:30:00+11:00,2740227,2509_370,-33.91070556640625,151.20584106445312,98.0,14.8,464,7.73,False
2026-10-09T14:30:00+11:00,2531555,2509_324,-33.87385559082031,151.2134246826172,280.0,20.5,352,5.87,True
2026-10-09T14:30:00+11:00,2435436,2509_390X,-33.9251823425293,151.22943115234375,128.0,0.0,757,12.62,False
2026-10-09T14:30:00+11:00,2300911,2509_399,-33.95231628417969,151.24159240722656,351.0,45.7,359,5.98,True
2026-10-09T14:30:00+11:00,2488435,2509_392,-33.955318450927734,151.23023986816406,173.0,0.0,233,3.88,True
2026-10-09T14:30:00+11:00,2137467,2509_396,-33.8953742980957,151.22152709960938,348.0,1.4,479,7.98,False
2026-10-09T14:30:00+11:00,2435581,2509_390X,-33.9006462097168,151.2538604736328,157.0,23.4,648,10.8,False
2026-10-09T14:30:00+11:00,2355835,2509_390X,-33.94523620605469,151.24000549316406,351.0,0.7,314,5.23,True
2026-10-09T14:30:00+11:00,2435287,2509_390X,-33.890926361083984,151.2488250732422,277.0,2.2,0,0.0,True
2026-10-09T14:30:00+11:00,2628591,2509_304,-33.89231872558594,151.21238708496094,17.0,1.4,138,2.3,True
2026-10-09T14:30:00+11:00,2138999,2509_375,-33.918113708496094,151.2412567138672,265.0,0.0,186,3.1,True
2026-10-09T14:30:00+11:00,2565193,2509_350,-33.94167709350586,151.26162719726562,306.0,29.9,-142,-2.37,False
2026-10-09T14:30:00+11:00,2565137,2509_350,-33.94081115722656,151.2154998779297,324.0,0.0,252,4.2,True
2026-10-09T14:30:00+11:00,2470804,2509_356,-33.940582275390625,151.23265075683594,107.0,14.4,55,0.92,True
2026-10-09T14:30:00+11:00,2352392,2509_392,-33.89502716064453,151.1990966796875,211.0,4.7,-4,-0.07,True
2026-10-09T14:30:00+11:00,2534513,2509_324,-33.8734245300293,151.21043395996094,102.0,24.1,165,2.75,True
2026-10-09T14:30:00+11:00,2532589,2509_360,-33.90019989013672,151.2652587890625,11.0,20.9,237,3.95,True
2026-10-09T14:30:00+11:00,2533077,2509_352,-33.90847396850586,151.1724090576172,84.0,9.4,176,2.93,True
2026-10-09T14:30:00+11:00,2151796,2509_333,-33.89131546020508,151.24803161621094,98.0,0.7,424,7.07,False
2026-10-09T14:30:00+11:00,2675122,2509_309,-33.95109558105469,151.19850158691406,125.0,0.0,252,4.2,True
2026-10-09T14:30:00+11:00,2564567,2509_333,-33.895240783691406,151.27133178710938,301.0,0.7,88,1.47,True
2026-10-09T14:30:00+11:00,2356446,2509_370,-33.90854263305664,151.20272827148438,0.0,31.3,231,3.85,True
2026-10-09T14:30:00+11:00,2137817,2509_375,-33.947967529296875,151.25131225585938,31.0,7.6,28,0.47,True
2026-10-09T14:30:00+11:00,2565049,2509_350,-33.931968688964844,151.19427490234375,189.0,0.0,185,3.08,True
2026-10-09T14:30:00+11:00,2139586,2509_306,-33.92778396606445,151.20925903320312,99.0,45.7,416,6.93,False
2026-10-09T14:30:00+11:00,2564856,2509_379,-33.906089782714844,151.2626953125,280.0,27.4,5,0.08,True
2026-10-09T14:30:00+11:00,2531989,2509_325,-33.85347366333008,151.2761993408203,322.0,31.7,130,2.17,True
2026-10-09T14:30:00+11:00,2470778,2509_356,-33.89334487915039,151.24710083007812,11.0,12.6,28,0.47,True
2026-10-09T14:30:00+11:00,2152019,2509_333,-33.86213684082031,151.21121215820312,5.0,0.0,296,4.93,True
2026-10-09T14:30:00+11:00,2531504,2509_355,-33.890647888183594,151.2098388671875,295.0,34.9,-17,-0.28,True
2026-10-09T14:30:00+11:00,2138658,2509_396,-33.944698333740234,151.25823974609375,124.0,0.0,318,5.3,True
2026-10-09T14:30:00+11:00,2564544,2509_350,-33.91923904418945,151.25701904296875,9.0,0.0,513,8.55,False
2026-10-09T14:30:00+11:00,2564912,2509_350,-33.945289611816406,151.2265625,322.0,0.0,142,2.37,True
2026-10-09T14:30:00+11:00,2533490,2509_355,-33.905147552490234,151.1678466796875,202.0,0.0,14,0.23,True
2026-10-09T14:30:00+11:00,2533680,2509_355,-33.88959503173828,151.23385620117188,112.0,36.0,357,5.95,True
2026-10-09T14:30:00+11:00,2140824,2509_396,-33.86165237426758,151.21189880371094,96.0,0.0,596,9.93,False
2026-10-09T14:30:00+11:00,2356043,2509_370,-33.90989303588867,151.22225952148438,283.0,23.4,192,3.2,True
2026-10-09T14:30:00+11:00,2352282,2509_307,-33.944583892822266,151.22628784179688,194.0,0.0,0,0.0,True
2026-10-09T14:30:00+11:00,2564771,2509_350,-33.92985916137695,151.1868438720703,201.0,29.5,719,11.98,False
2026-10-09T14:30:00+11:00,2532876,2509_380,-33.89149475097656,151.24905395507812,96.0,0.0,56,0.93,True
2026-10-09T14:30:00+11:00,2400658,2509_309,-33.92721939086914,151.1951446533203,10.0,43.6,221,3.68,True
2026-10-09T14:30:00+11:00,2403179,2509_311,-33.8731803894043,151.2087860107422,96.0,0.0,17,0.28,True
2026-10-09T14:30:00+11:00,2531571,2509_387,-33.87378692626953,151.27334594726562,208.0,38.5,-69,-1.15,False
2026-10-09T14:30:00+11:00,2346323,2509_390X,-33.90729522705078,151.2494354248047,44.0,38.5,536,8.93,False
2026-10-09T14:30:00+11:00,2565007,2509_379,-33.885765075683594,151.2816162109375,275.0,40.7,-20,-0.33,True
2026-10-09T14:30:00+11:00,2565064,2509_333,-33.889713287353516,151.2337188720703,295.0,26.3,-115,-1.92,False
2026-10-09T14:30:00+11:00,2151892,2509_333,-33.89067077636719,151.23806762695312,77.0,49.3,-33,-0.55,True
2026-10-09T14:30:00+11:00,2534608,2509_324,-33.87091064453125,151.25437927246094,298.0,47.9,-63,-1.05,False
2026-10-09T14:30:00+11:00,2138097,2509_396,-33.94106674194336,151.2527313232422,87.0,0.0,-57,-0.95,True
2026-10-09T14:30:00+11:00,2532119,2509_313,-33.920257568359375,151.257080078125,187.0,0.0,176,2.93,True
2026-10-09T14:30:00+11:00,2565114,2509_350,-33.925880432128906,151.19541931152344,11.0,0.0,827,13.78,False
2026-10-09T14:30:00+11:00,2136835,2509_396,-33.86832809448242,151.21051025390625,4.0,15.1,101,1.68,True
2026-10-09T14:30:00+11:00,2137927,2509_306,-33.89634323120117,151.19924926757812,166.0,23.0,185,3.08,True
2026-10-09T14:30:00+11:00,2564890,2509_350,-33.944400787353516,151.22642517089844,195.0,14.0,-8,-0.13,True
2026-10-09T14:30:00+11:00,2740198,2509_370,-33.9017333984375,151.2001190185547,82.0,14.8,276,4.6,True
2026-10-09T14:30:00+11:00,2564710,2509_350,-33.912559509277344,151.2586212158203,190.0,31.0,506,8.43,False
2026-10-09T14:30:00+11:00,2534368,2509_324,-33.877681732177734,151.2429962158203,242.0,0.0,132,2.2,True
2026-10-09T14:30:00+11:00,2356909,2509_339,-33.88397216796875,151.20956420898438,303.0,6.8,342,5.7,True
2026-10-09T14:30:00+11:00,2564808,2509_333,-33.89292526245117,151.25648498535156,278.0,17.6,-12,-0.2,True
2026-10-09T14:45:00+11:00,2474948,2459_389,-33.872650146484375,151.2064971923828,172.0,0.0,14,0.23,True
2026-10-09T14:45:00+11:00,2283824,2459_470,-33.865238189697266,151.2115020751953,23.0,13.7,0,0.0,True
2026-10-09T14:45:00+11:00,2208940,2459_413,-33.88779830932617,151.16049194335938,277.0,31.3,147,2.45,True
2026-10-09T14:45:00+11:00,2608984,2459_430,-33.8916015625,151.1881866455078,221.0,0.0,123,2.05,True
2026-10-09T14:45:00+11:00,2286926,2459_348,-33.905513763427734,151.2162322998047,319.0,0.0,-126,-2.1,False
2026-10-09T14:45:00+11:00,2736825,2459_445,-33.88772964477539,151.15765380859375,181.0,15.8,-42,-0.7,True
2026-10-09T14:45:00+11:00,2375499,2508_173X,-33.84269332885742,151.21080017089844,331.0,60.5,98,1.63,True
2026-10-09T14:45:00+11:00,2515056,2459_410,-33.869483947753906,151.10531616210938,188.0,3.2,-139,-2.32,False
2026-10-09T14:45:00+11:00,1962707,2459_413,-33.88666915893555,151.1771697998047,75.0,16.9,60,1.0,True
2026-10-09T14:45:00+11:00,2288690,2459_433,-33.88010787963867,151.1803436279297,53.0,32.8,70,1.17,True
2026-10-09T14:45:00+11:00,2349463,2459_418,-33.905853271484375,151.14512634277344,139.0,41.4,294,4.9,True
2026-10-09T14:45:00+11:00,2636119,2459_504,-33.871009826660156,151.21437072753906,320.0,0.0,0,0.0,True
2026-10-09T14:45:00+11:00,2283152,2459_422,-33.924434661865234,151.16114807128906,41.0,1.4,0,0.0,True
2026-10-09T14:45:00+11:00,2554045,2459_358,-33.92316436767578,151.20870971679688,98.0,3.2,479,7.98,False
2026-10-09T14:45:00+11:00,2285360,2459_433,-33.85800552368164,151.1830291748047,291.0,0.0,0,0.0,True
2026-10-09T14:45:00+11:00,2290161,2459_442,-33.86827850341797,151.17623901367188,160.0,45.0,-116,-1.93,False
2026-10-09T14:45:00+11:00,2685956,2459_423,-33.878135681152344,151.2076873779297,278.0,15.5,153,2.55,True
2026-10-09T14:45:00+11:00,2285794,2459_461X,-33.886207580566406,151.1790313720703,75.0,3.6,-56,-0.93,True
2026-10-09T14:45:00+11:00,2514984,2459_410,-33.864166259765625,151.10691833496094,26.0,0.0,46,0.77,True
2026-10-09T14:45:00+11:00,2375827,2508_B1,-33.8519401550293,151.21109008789062,208.0,52.9,-2,-0.03,True
2026-10-09T14:45:00+11:00,2285194,2459_438X,-33.86749267578125,151.2106170654297,195.0,0.0,55,0.92,True
2026-10-09T14:45:00+11:00,2349679,2459_418,-33.88863754272461,151.12477111816406,130.0,0.7,70,1.17,True
2026-10-09T14:45:00+11:00,2596271,2459_492,-33.873443603515625,151.12730407714844,189.0,12.6,1041,17.35,False
2026-10-09T14:45:00+11:00,2283522,2459_438X,-33.88615798950195,151.1795196533203,254.0,0.0,65,1.08,True
2026-10-09T14:45:00+11:00,2209621,2459_440,-33.88517379760742,151.18475341796875,257.0,0.0,153,2.55,True
2026-10-09T14:45:00+11:00,2285795,2459_461X,-33.88038635253906,151.20864868164062,103.0,12.2,226,3.77,True
2026-10-09T14:45:00+11:00,1912306,2459_483,-33.88676834106445,151.1376190185547,57.0,33.8,73,1.22,True
2026-10-09T14:45:00+11:00,2660258,2459_320,-33.886661529541016,151.20669555664062,10.0,29.2,-388,-6.47,False
2026-10-09T14:45:00+11:00,2038459,2459_440,-33.88066101074219,151.21702575683594,124.0,33.5,-159,-2.65,False
2026-10-09T14:45:00+11:00,2736777,2459_308,-33.89175796508789,151.20050048828125,99.0,0.0,135,2.25,True
2026-10-09T14:45:00+11:00,2618182,2508_263,-33.82895278930664,151.259033203125,212.0,18.4,34,0.57,True
2026-10-09T14:45:00+11:00,2550230,2508_263,-33.83204650878906,151.2222137451172,10.0,9.7,432,7.2,False
2026-10-09T14:45:00+11:00,2719935,2514_283,-33.79091262817383,151.19833374023438,338.0,20.2,653,10.88,False
2026-10-09T14:45:00+11:00,1962065,2459_412,-33.89371871948242,151.1641845703125,198.0,20.5,172,2.87,True
2026-10-09T14:45:00+11:00,2286732,2459_438X,-33.844852447509766,151.12843322753906,2.0,0.0,12,0.2,True
2026-10-09T14:45:00+11:00,2685928,2459_423,-33.88906478881836,151.19078063964844,237.0,0.0,-26,-0.43,True
2026-10-09T14:45:00+11:00,2668085,2459_420,-33.93935012817383,151.14837646484375,277.0,0.0,97,1.62,True
2026-10-09T14:45:00+11:00,2376052,2508_B1,-33.823280334472656,151.24285888671875,232.0,45.7,123,2.05,True
2026-10-09T14:45:00+11:00,2308694,2459_445,-33.884002685546875,151.14991760253906,356.0,0.0,-110,-1.83,False
2026-10-09T14:45:00+11:00,2373898,2508_144,-33.79658126831055,151.1803741455078,178.0,0.0,0,0.0,True
2026-10-09T14:45:00+11:00,2392586,2508_114,-33.830352783203125,151.2442169189453,176.0,13.7,-165,-2.75,False
2026-10-09T14:45:00+11:00,2283615,2459_461X,-33.88715362548828,151.1741485595703,261.0,45.0,304,5.07,True
2026-10-09T14:45:00+11:00,2285828,2459_389,-33.88996505737305,151.2417449951172,337.0,13.7,134,2.23,True
2026-10-09T14:45:00+11:00,2709109,2504_610X,-33.80548858642578,151.15162658691406,118.0,73.4,-305,-5.08,False
2026-10-09T14:45:00+11:00,2284589,2459_431,-33.88145446777344,151.1887969970703,129.0,29.2,120,2.0,True
2026-10-09T14:45:00+11:00,2424349,2508_230,-33.82973861694336,151.21798706054688,115.0,0.0,78,1.3,True
2026-10-09T14:45:00+11:00,2636258,2459_504,-33.85113525390625,151.15428161621094,240.0,17.6,-73,-1.22,False
2026-10-09T14:45:00+11:00,2375278,2508_111,-33.828067779541016,151.2599639892578,247.0,22.0,282,4.7,True
2026-10-09T14:45:00+11:00,2736832,2459_428,-33.90317916870117,151.1428680419922,233.0,0.0,802,13.37,False
2026-10-09T14:45:00+11:00,2736709,2459_308,-33.892486572265625,151.20172119140625,279.0,26.6,274,4.57,True
2026-10-09T14:45:00+11:00,2736780,2459_428,-33.893619537353516,151.18324279785156,222.0,0.0,177,2.95,True
2026-10-09T14:45:00+11:00,2374463,2508_173X,-33.82042694091797,151.2438507080078,353.0,36.4,628,10.47,False
2026-10-09T14:45:00+11:00,2037477,2459_440,-33.88274383544922,151.2080078125,122.0,0.0,-187,-3.12,False
2026-10-09T14:45:00+11:00,2719601,2514_281,-33.79574203491211,151.18099975585938,276.0,0.0,2,0.03,True
2026-10-09T14:45:00+11:00,2383166,2508_100,-33.86931228637695,151.20533752441406,354.0,0.0,293,4.88,True
2026-10-09T14:45:00+11:00,2290121,2459_303,-33.92416763305664,151.21873474121094,191.0,28.8,65,1.08,True
2026-10-09T14:45:00+11:00,2668051,2459_420,-33.93339157104492,151.18243408203125,110.0,0.0,562,9.37,False
2026-10-09T14:45:00+11:00,2287258,2459_389,-33.89145278930664,151.2493133544922,98.0,0.0,0,0.0,True
2026-10-09T14:45:00+11:00,2095875,2508_160X,-33.78062057495117,151.1959686279297,172.0,0.0,53,0.88,True
2026-10-09T14:45:00+11:00,2288147,2459_438X,-33.887855529785156,151.15916442871094,77.0,17.6,138,2.3,True
2026-10-09T14:45:00+11:00,2290914,2459_426,-33.89631271362305,151.18017578125,58.0,6.1,24,0.4,True
2026-10-09T14:45:00+11:00,2720311,2514_558,-33.78882598876953,151.18087768554688,250.0,30.2,25,0.42,True
2026-10-09T14:45:00+11:00,2608988,2459_430,-33.883811950683594,151.20217895507812,72.0,20.2,9,0.15,True
2026-10-09T14:45:00+11:00,2685962,2459_423,-33.91138458251953,151.1554718017578,220.0,17.6,648,10.8,False
2026-10-09T14:45:00+11:00,2284817,2459_389,-33.88813781738281,151.23834228515625,258.0,40.0,527,8.78,False
2026-10-09T14:45:00+11:00,2283182,2459_423,-33.917423248291016,151.1483154296875,52.0,0.0,-156,-2.6,False
2026-10-09T14:45:00+11:00,2415769,2508_B1,-33.79985046386719,151.24832153320312,71.0,45.0,162,2.7,True
2026-10-09T14:45:00+11:00,2285896,2459_426,-33.904754638671875,151.1680145263672,204.0,31.0,173,2.88,True
2026-10-09T14:45:00+11:00,2308771,2459_445,-33.89712142944336,151.15110778808594,69.0,4.7,173,2.88,True
2026-10-09T14:45:00+11:00,2475272,2459_389,-33.89080810546875,151.2440643310547,110.0,22.0,-350,-5.83,False
2026-10-09T14:45:00+11:00,2720889,2514_194,-33.809322357177734,151.2082061767578,189.0,45.7,548,9.13,False
2026-10-09T14:45:00+11:00,2283189,2459_470,-33.87446594238281,151.16293334960938,266.0,52.2,1,0.02,True
2026-10-09T14:45:00+11:00,2290467,2459_418,-33.88999557495117,151.12750244140625,289.0,0.0,-109,-1.82,False
2026-10-09T14:45:00+11:00,2554282,2459_358,-33.92351531982422,151.1871795654297,185.0,21.6,-410,-6.83,False
2026-10-09T14:45:00+11:00,2708082,2504_620X,-33.828147888183594,151.21405029296875,355.0,58.7,89,1.48,True
2026-10-09T14:45:00+11:00,2660253,2459_320,-33.89864730834961,151.21197509765625,207.0,19.8,54,0.9,True
2026-10-09T14:45:00+11:00,2037803,2459_440,-33.87517547607422,151.15615844726562,175.0,26.6,-109,-1.82,False
2026-10-09T14:45:00+11:00,1962075,2459_412,-33.88475799560547,151.1881103515625,271.0,32.4,171,2.85,True
2026-10-09T14:45:00+11:00,2424389,2508_230,-33.84171676635742,151.20968627929688,315.0,57.2,11,0.18,True
2026-10-09T14:45:00+11:00,2440934,2508_150X,-33.83330535888672,151.22201538085938,189.0,46.1,0,0.0,True
2026-10-09T14:45:00+11:00,2288770,2459_442,-33.874916076660156,151.19573974609375,302.0,56.5,-265,-4.42,False
2026-10-09T14:45:00+11:00,2208591,2459_440,-33.87461471557617,151.15597534179688,354.0,0.0,98,1.63,True
2026-10-09T14:45:00+11:00,2286862,2459_418,-33.90338897705078,151.1420440673828,247.0,28.4,-97,-1.62,False
2026-10-09T14:45:00+11:00,2635993,2459_504,-33.87276840209961,151.2054901123047,85.0,17.3,158,2.63,True
2026-10-09T14:45:00+11:00,2596311,2459_490,-33.86968994140625,151.12939453125,191.0,6.5,-67,-1.12,False
2026-10-09T14:45:00+11:00,2037025,2459_440,-33.887813568115234,151.1671905517578,82.0,0.0,372,6.2,False
2026-10-09T14:45:00+11:00,2415645,2508_B1,-33.82663345336914,151.23211669921875,42.0,41.8,293,4.88,True
2026-10-09T14:45:00+11:00,2038731,2459_470,-33.881961822509766,151.20590209960938,51.0,33.1,163,2.72,True
2026-10-09T14:45:00+11:00,2618587,2459_477,-33.94272232055664,151.1507568359375,190.0,55.8,0,0.0,True
2026-10-09T14:45:00+11:00,2283711,2459_426,-33.865699768066406,151.21023559570312,217.0,0.0,80,1.33,True
2026-10-09T14:45:00+11:00,2374143,2508_172X,-33.8294792175293,151.2136993408203,100.0,0.0,570,9.5,False
2026-10-09T14:45:00+11:00,2668147,2459_420,-33.93288803100586,151.17982482910156,92.0,0.0,21,0.35,True
2026-10-09T14:45:00+11:00,2209658,2459_440,-33.89166259765625,151.24691772460938,287.0,0.0,235,3.92,True
2026-10-09T14:45:00+11:00,2095805,2508_160X,-33.79032516479492,151.18284606933594,68.0,0.0,316,5.27,True
2026-10-09T14:45:00+11:00,2288431,2459_423,-33.884700775146484,151.1934051513672,265.0,23.8,0,0.0,True
2026-10-09T14:45:00+11:00,2285950,2459_438X,-33.88442611694336,151.14242553710938,77.0,30.6,-3,-0.05,True
2026-10-09T14:45:00+11:00,2720637,2514_271,-33.83573913574219,151.21151733398438,188.0,49.0,-246,-4.1,False
2026-10-09T14:45:00+11:00,2283196,2459_461X,-33.883148193359375,151.20387268066406,219.0,34.6,-74,-1.23,False
2026-10-09T14:45:00+11:00,2308754,2459_445,-33.88827896118164,151.11773681640625,207.0,2.5,1,0.02,True
2026-10-09T14:45:00+11:00,2710658,2504_610X,-33.81008529663086,151.16204833984375,284.0,82.4,109,1.82,True
2026-10-09T14:45:00+11:00,2209353,2459_530,-33.83133316040039,151.14599609375,6.0,61.9,252,4.2,True
2026-10-09T14:45:00+11:00,2289089,2459_433,-33.86654281616211,151.17494201660156,132.0,0.0,28,0.47,True
2026-10-09T14:45:00+11:00,2288669,2459_433,-33.88432693481445,151.19679260253906,269.0,0.0,-24,-0.4,True
2026-10-09T14:45:00+11:00,2415855,2508_B1,-33.86637496948242,151.20632934570312,4.0,0.0,0,0.0,True
2026-10-09T14:45:00+11:00,2383297,2508_100,-33.86499786376953,151.20559692382812,176.0,26.6,-115,-1.92,False
2026-10-09T14:45:00+11:00,1960491,2459_412,-33.86813735961914,151.21054077148438,5.0,0.0,0,0.0,True
2026-10-09T14:45:00+11:00,2376073,2508_144,-33.80037307739258,151.2457275390625,229.0,37.4,2,0.03,True
2026-10-09T14:45:00+11:00,2596269,2459_492,-33.85130310058594,151.15420532226562,230.0,0.0,1,0.02,True
2026-10-09T14:45:00+11:00,2668102,2459_420,-33.88054275512695,151.10299682617188,188.0,13.0,123,2.05,True
2026-10-09T14:45:00+11:00,2283489,2459_461X,-33.87043380737305,151.11619567871094,104.0,0.0,134,2.23,True
2026-10-09T14:45:00+11:00,2421322,2508_229,-33.82616424560547,151.2328338623047,218.0,0.0,149,2.48,True
2026-10-09T14:45:00+11:00,2286992,2459_426,-33.88277053833008,151.20443725585938,245.0,0.0,175,2.92,True
2026-10-09T14:45:00+11:00,2620059,2459_530,-33.85118865966797,151.1531982421875,147.0,0.0,248,4.13,True
2026-10-09T14:45:00+11:00,2208894,2459_487,-33.91168212890625,151.11892700195312,140.0,0.0,0,0.0,True
2026-10-09T14:45:00+11:00,1932430,2459_412,-33.89143371582031,151.18263244628906,63.0,7.2,48,0.8,True
2026-10-09T14:45:00+11:00,2284524,2459_423,-33.894283294677734,151.18263244628906,38.0,5.8,242,4.03,True
2026-10-09T14:45:00+11:00,2308757,2459_445,-33.863685607910156,151.1702880859375,26.0,25.9,51,0.85,True
2026-10-09T14:45:00+11:00,2284687,2459_441,-33.87443542480469,151.16261291503906,86.0,55.1,9,0.15,True
2026-10-09T14:45:00+11:00,2209167,2459_464,-33.85708999633789,151.10328674316406,350.0,0.0,-307,-5.12,False
2026-10-09T14:45:00+11:00,2287153,2459_470,-33.885040283203125,151.17727661132812,258.0,23.8,-41,-0.68,True
2026-10-09T14:45:00+11:00,2208718,2459_464,-33.86250686645508,151.10797119140625,122.0,29.2,53,0.88,True
2026-10-09T14:45:00+11:00,1961005,2459_413,-33.89502716064453,151.12501525878906,97.0,2.2,-167,-2.78,False
2026-10-09T14:45:00+11:00,2376419,2508_144,-33.824241638183594,151.23838806152344,91.0,35.6,-59,-0.98,True
2026-10-09T14:45:00+11:00,2736572,2459_428,-33.883934020996094,151.20262145996094,253.0,0.4,-119,-1.98,False
2026-10-09T14:45:00+11:00,2677535,2503_M90,-33.87506866455078,151.10751342773438,9.0,0.0,0,0.0,True
2026-10-09T14:45:00+11:00,2415838,2508_B1,-33.86602783203125,151.20635986328125,6.0,0.0,0,0.0,True
2026-10-09T14:45:00+11:00,2383186,2508_100,-33.830745697021484,151.22496032714844,64.0,0.7,14,0.23,True
2026-10-09T14:45:00+11:00,2288936,2459_431,-33.86686325073242,151.210693359375,188.0,7.6,0,0.0,True
2026-10-09T14:45:00+11:00,2719844,2514_194,-33.811126708984375,151.21070861816406,8.0,0.0,107,1.78,True
2026-10-09T14:45:00+11:00,2710697,2504_610X,-33.868934631347656,151.20529174804688,358.0,0.0,43,0.72,True
2026-10-09T14:45:00+11:00,2736574,2459_445,-33.86408996582031,151.169921875,230.0,24.8,260,4.33,True
2026-10-09T14:45:00+11:00,2421350,2508_230,-33.82986068725586,151.21437072753906,270.0,0.0,170,2.83,True
2026-10-09T14:45:00+11:00,2289699,2459_348,-33.910160064697266,151.22344970703125,146.0,27.0,249,4.15,True
2026-10-09T14:45:00+11:00,2289638,2459_461X,-33.8708610534668,151.11849975585938,277.0,53.3,16,0.27,True
2026-10-09T14:45:00+11:00,2474514,2508_225,-33.84178924560547,151.22703552246094,339.0,31.3,-80,-1.33,False
2026-10-09T14:45:00+11:00,1962076,2459_412,-33.87225341796875,151.2100067138672,188.0,23.8,215,3.58,True
2026-10-09T14:45:00+11:00,2284967,2459_437,-33.88410568237305,151.14720153808594,84.0,0.0,126,2.1,True
2026-10-09T14:45:00+11:00,2424378,2508_154X,-33.80662155151367,151.24684143066406,160.0,0.0,8,0.13,True
2026-10-09T14:45:00+11:00,2383188,2508_100,-33.840484619140625,151.24386596679688,202.0,41.8,-9,-0.15,True
2026-10-09T14:45:00+11:00,2286572,2459_433,-33.88002014160156,151.17816162109375,288.0,40.3,-57,-0.95,True
2026-10-09T14:45:00+11:00,2618165,2508_263,-33.83537673950195,151.2154541015625,359.0,41.4,-77,-1.28,False
2026-10-09T14:45:00+11:00,2374581,2508_B1,-33.830474853515625,151.22616577148438,243.0,35.6,239,3.98,True
2026-10-09T14:45:00+11:00,2706816,2504_607X,-33.87043762207031,151.2062225341797,176.0,0.0,0,0.0,True
2026-10-09T14:45:00+11:00,2276379,7084_SW2,-33.90675354003906,151.1461181640625,288.0,11.5,362,6.03,False
2026-10-09T14:45:00+11:00,2038458,2459_440,-33.89091873168945,151.24441528320312,110.0,18.0,0,0.0,True
2026-10-09T14:45:00+11:00,2373716,2508_144,-33.79656982421875,151.1803741455078,176.0,0.0,0,0.0,True
2026-10-09T14:45:00+11:00,2289006,2459_461X,-33.87137985229492,151.21658325195312,40.0,0.0,91,1.52,True
2026-10-09T14:45:00+11:00,2284982,2459_441,-33.86956787109375,151.2147216796875,229.0,26.3,29,0.48,True
2026-10-09T14:45:00+11:00,2288071,2459_428,-33.877742767333984,151.20877075195312,99.0,13.0,47,0.78,True
2026-10-09T14:45:00+11:00,2554147,2459_358,-33.9233512878418,151.18719482421875,188.0,0.0,313,5.22,True
2026-10-09T14:45:00+11:00,2618565,2459_422,-33.8940544128418,151.1830291748047,224.0,10.1,-4,-0.07,True
2026-10-09T14:45:00+11:00,2421368,2508_230,-33.83002853393555,151.24412536621094,65.0,6.1,55,0.92,True
2026-10-09T14:45:00+11:00,2290405,2459_433,-33.858116149902344,151.18328857421875,293.0,0.0,0,0.0,True
2026-10-09T14:45:00+11:00,2590099,2508_280,-33.79655456542969,151.18092346191406,176.0,0.0,0,0.0,True
2026-10-09T14:45:00+11:00,2570071,7083_SW1,-33.906436920166016,151.1275634765625,135.0,30.6,-76,-1.27,False
2026-10-09T14:45:00+11:00,2289204,2459_433,-33.86394500732422,151.17025756835938,312.0,0.0,-1,-0.02,True
2026-10-09T14:45:00+11:00,2208752,2459_464,-33.84010314941406,151.10682678222656,256.0,0.0,131,2.18,True
2026-10-09T14:45:00+11:00,2288091,2459_437,-33.8703498840332,151.14138793945312,319.0,37.4,3,0.05,True
2026-10-09T14:45:00+11:00,2288994,2459_442,-33.85701370239258,151.19549560546875,79.0,0.0,0,0.0,True
2026-10-09T14:45:00+11:00,2596206,2459_490,-33.86637878417969,151.14080810546875,71.0,26.3,165,2.75,True
2026-10-09T14:45:00+11:00,2428531,2508_238,-33.841148376464844,151.24362182617188,355.0,29.2,228,3.8,True
2026-10-09T14:45:00+11:00,2011193,2459_305,-33.92249298095703,151.1874237060547,12.0,0.0,-135,-2.25,False
2026-10-09T14:45:00+11:00,2102856,2459_442,-33.857913970947266,151.1896514892578,76.0,0.0,-62,-1.03,False
2026-10-09T14:45:00+11:00,2718579,2508_114,-33.829044342041016,151.22850036621094,234.0,0.0,432,7.2,False
2026-10-09T14:45:00+11:00,2375111,2508_144,-33.82415008544922,151.19775390625,141.0,0.0,307,5.12,True
2026-10-09T14:45:00+11:00,2668101,2459_420,-33.877750396728516,151.10353088378906,8.0,0.0,547,9.12,False
2026-10-09T14:45:00+11:00,2284019,2459_428,-33.887210845947266,151.19357299804688,31.0,28.1,-109,-1.82,False
2026-10-09T14:45:00+11:00,2719928,2514_270,-33.80234909057617,151.21096801757812,89.0,9.0,-116,-1.93,False
2026-10-09T14:45:00+11:00,2290261,2459_389,-33.875911712646484,151.2161407470703,277.0,0.0,278,4.63,True
2026-10-09T14:45:00+11:00,2415863,2508_B1,-33.8287353515625,151.21636962890625,60.0,0.0,125,2.08,True
2026-10-09T14:45:00+11:00,2636133,2459_504,-33.85503005981445,151.13414001464844,79.0,34.6,-51,-0.85,True
2026-10-09T14:45:00+11:00,2376526,2508_172X,-33.78653335571289,151.24513244628906,308.0,7.6,70,1.17,True
2026-10-09T14:45:00+11:00,2209624,2459_530,-33.86906814575195,151.10757446289062,97.0,32.8,364,6.07,False
2026-10-09T14:45:00+11:00,2289257,2459_422,-33.88609313964844,151.1791229248047,45.0,13.0,372,6.2,False
2026-10-09T14:45:00+11:00,2290039,2459_348,-33.92426300048828,151.161376953125,226.0,0.0,31,0.52,True
2026-10-09T14:45:00+11:00,2286210,2459_437,-33.87393569946289,151.1664276123047,76.0,55.8,399,6.65,False
2026-10-09T14:45:00+11:00,1962149,2459_412,-33.911460876464844,151.1419219970703,279.0,14.0,53,0.88,True
2026-10-09T14:45:00+11:00,2285072,2459_389,-33.875755310058594,151.21517944335938,280.0,26.3,869,14.48,False
2026-10-09T14:45:00+11:00,2283079,2459_422,-33.906333923339844,151.18133544921875,345.0,16.2,310,5.17,True
2026-10-09T14:45:00+11:00,2290110,2459_422,-33.884361267089844,151.1968536376953,268.0,7.6,-27,-0.45,True
2026-10-09T14:45:00+11:00,2484439,2459_480,-33.8796272277832,151.20701599121094,12.0,0.0,0,0.0,True
2026-10-09T14:45:00+11:00,2285992,2459_437,-33.872440338134766,151.15985107421875,344.0,52.9,-247,-4.12,False
2026-10-09T14:45:00+11:00,2389214,2508_173X,-33.81792449951172,151.24388122558594,164.0,28.8,-238,-3.97,False
2026-10-09T14:45:00+11:00,2288093,2459_438X,-33.869041442871094,151.21044921875,189.0,0.0,619,10.32,False
2026-10-09T14:45:00+11:00,2038031,2459_469,-33.88088607788086,151.18763732910156,59.0,0.0,-238,-3.97,False
2026-10-09T14:45:00+11:00,2705616,2504_607X,-33.87074279785156,151.2062225341797,176.0,18.0,0,0.0,True
2026-10-09T14:45:00+11:00,2383172,2508_100,-33.8683967590332,151.20599365234375,173.0,0.0,165,2.75,True
2026-10-09T14:45:00+11:00,2283260,2459_431,-33.88416290283203,151.19256591796875,309.0,10.1,485,8.08,False
2026-10-09T14:45:00+11:00,2618657,2459_422,-33.93759536743164,151.15184020996094,193.0,10.8,456,7.6,False
2026-10-09T14:45:00+11:00,2288915,2459_438X,-33.866172790527344,151.130126953125,6.0,0.0,-53,-0.88,True
2026-10-09T14:45:00+11:00,1963105,2459_412,-33.864952087402344,151.21141052246094,316.0,18.0,6,0.1,True
2026-10-09T14:45:00+11:00,2283316,2459_428,-33.899261474609375,151.17117309570312,58.0,0.0,-155,-2.58,False
2026-10-09T14:45:00+11:00,2429143,2459_418,-33.87460708618164,151.10757446289062,7.0,9.4,20,0.33,True
2026-10-09T14:45:00+11:00,1961272,2459_412,-33.901885986328125,151.15325927734375,1.0,0.0,132,2.2,True
2026-10-09T14:45:00+11:00,2286414,2459_415,-33.86753845214844,151.12319946289062,98.0,29.5,-156,-2.6,False
2026-10-09T14:45:00+11:00,2383250,2508_100,-33.83161926269531,151.22276306152344,268.0,0.0,116,1.93,True
2026-10-09T14:45:00+11:00,2283250,2459_431,-33.868072509765625,151.21055603027344,3.0,0.0,28,0.47,True
2026-10-09T14:45:00+11:00,2608959,2459_430,-33.90022277832031,151.1705780029297,24.0,25.2,66,1.1,True
2026-10-09T14:45:00+11:00,2383184,2508_100,-33.82414627075195,151.2406463623047,95.0,0.7,110,1.83,True
2026-10-09T14:45:00+11:00,2736644,2459_428,-33.865570068359375,151.21034240722656,217.0,0.0,0,0.0,True
2026-10-09T14:45:00+11:00,2284567,2459_441,-33.856910705566406,151.17799377441406,189.0,0.0,28,0.47,True
2026-10-09T14:45:00+11:00,2289800,2459_423,-33.8797607421875,151.20697021484375,11.0,2.5,-23,-0.38,True
2026-10-09T14:45:00+11:00,2718611,2508_144,-33.828670501708984,151.20703125,279.0,0.0,337,5.62,True
2026-10-09T14:45:00+11:00,1931872,2459_412,-33.919944763183594,151.1263885498047,11.0,29.2,121,2.02,True
2026-10-09T14:45:00+11:00,2209234,2459_440,-33.878543853759766,151.209228515625,187.0,41.0,25,0.42,True
2026-10-09T14:45:00+11:00,2554203,2459_358,-33.92068862915039,151.1808624267578,117.0,0.0,42,0.7,True
2026-10-09T14:45:00+11:00,2283723,2459_422,-33.91690444946289,151.17237854003906,231.0,22.3,187,3.12,True
2026-10-09T14:45:00+11:00,2685940,2459_423,-33.92657470703125,151.1263427734375,285.0,22.3,367,6.12,False
2026-10-09T14:45:00+11:00,2475150,2459_389,-33.870933532714844,151.19464111328125,143.0,0.0,68,1.13,True
2026-10-09T14:45:00+11:00,2283512,2459_438X,-33.86500930786133,151.2097930908203,224.0,0.0,1,0.02,True
2026-10-09T14:45:00+11:00,2389206,2508_173X,-33.8337287902832,151.2122344970703,200.0,58.7,-120,-2.0,False
2026-10-09T14:45:00+11:00,2415837,2508_B1,-33.85471725463867,151.209228515625,28.0,68.8,8,0.13,True
2026-10-09T14:45:00+11:00,2375707,2508_172X,-33.828468322753906,151.22967529296875,240.0,0.0,-115,-1.92,False
2026-10-09T14:45:00+11:00,2718597,2508_114,-33.826568603515625,151.2510986328125,239.0,1.1,181,3.02,True
2026-10-09T14:45:00+11:00,2037026,2459_440,-33.885337829589844,151.1573028564453,173.0,8.3,156,2.6,True
2026-10-09T14:45:00+11:00,2725778,7083_SW1,-33.91316604614258,151.16165161132812,310.0,20.2,213,3.55,True
2026-10-09T14:45:00+11:00,2553941,2459_358,-33.92539596557617,151.23703002929688,275.0,0.0,180,3.0,True
2026-10-09T14:45:00+11:00,2287056,2459_470,-33.864627838134766,151.2102508544922,223.0,0.0,0,0.0,True
2026-10-09T14:45:00+11:00,2283815,2459_442,-33.85802459716797,151.1895294189453,260.0,8.6,107,1.78,True
2026-10-09T14:45:00+11:00,2475205,2459_389,-33.87936782836914,151.22140502929688,99.0,0.0,-48,-0.8,True
2026-10-09T14:45:00+11:00,2288856,2459_426,-33.88093948364258,151.20657348632812,32.0,0.0,307,5.12,True
2026-10-09T14:45:00+11:00,2618575,2459_422,-33.87953567504883,151.20790100097656,104.0,0.0,0,0.0,True
2026-10-09T14:45:00+11:00,2685917,2459_423,-33.86715316772461,151.21066284179688,183.0,0.0,0,0.0,True
2026-10-09T14:45:00+11:00,2288927,2459_433,-33.884193420410156,151.2016143798828,80.0,25.6,-40,-0.67,True
2026-10-09T14:45:00+11:00,2720296,2514_565,-33.79719161987305,151.1801300048828,72.0,0.0,-125,-2.08,False
2026-10-09T14:45:00+11:00,2286509,2459_423,-33.911136627197266,151.1575927734375,118.0,0.0,191,3.18,True
2026-10-09T14:45:00+11:00,2377240,2508_B1,-33.80159378051758,151.2463836669922,186.0,57.6,47,0.78,True
2026-10-09T14:45:00+11:00,2038457,2459_440,-33.8909912109375,151.2446746826172,110.0,20.2,225,3.75,True
2026-10-09T14:45:00+11:00,2383249,2508_100,-33.834049224853516,151.2454071044922,331.0,46.8,82,1.37,True
2026-10-09T14:45:00+11:00,2554126,2459_358,-33.915557861328125,151.1656036376953,8.0,0.0,1108,18.47,False
2026-10-09T14:45:00+11:00,2209076,2459_464,-33.889610290527344,151.1259765625,240.0,8.3,206,3.43,True
2026-10-09T14:45:00+11:00,2288714,2459_418,-33.9153938293457,151.16546630859375,60.0,0.0,96,1.6,True
2026-10-09T14:45:00+11:00,2286295,2459_442,-33.87485885620117,151.19583129882812,295.0,58.3,339,5.65,True
2026-10-09T14:45:00+11:00,2685975,2459_423,-33.894344329833984,151.18258666992188,226.0,15.1,345,5.75,True
2026-10-09T14:45:00+11:00,2376640,2508_144,-33.80584716796875,151.17958068847656,165.0,35.3,355,5.92,True
2026-10-09T14:45:00+11:00,2484413,2459_483,-33.88389587402344,151.20272827148438,243.0,5.4,83,1.38,True
2026-10-09T14:45:00+11:00,2668023,2459_420,-33.93623352050781,151.16455078125,232.0,0.0,58,0.97,True
2026-10-09T14:45:00+11:00,2721367,2514_271,-33.87021255493164,151.20619201660156,186.0,4.3,185,3.08,True
2026-10-09T14:45:00+11:00,2319467,7083_SW3,-33.910743713378906,151.12130737304688,231.0,40.0,159,2.65,True
2026-10-09T14:45:00+11:00,2596227,2459_492,-33.87900924682617,151.10330200195312,9.0,0.0,256,4.27,True
2026-10-09T14:45:00+11:00,1959185,2459_406,-33.89015579223633,151.12796020507812,288.0,25.2,-8,-0.13,True
2026-10-09T14:45:00+11:00,2736859,2459_428,-33.89951705932617,151.1540069580078,275.0,41.0,250,4.17,True
2026-10-09T14:45:00+11:00,2377294,2508_172X,-33.866722106933594,151.20626831054688,5.0,0.0,4,0.07,True
2026-10-09T14:45:00+11:00,2095833,2508_160X,-33.79511260986328,151.18209838867188,160.0,0.0,204,3.4,True
2026-10-09T14:45:00+11:00,2287139,2459_470,-33.88444519042969,151.19703674316406,268.0,0.0,-139,-2.32,False
2026-10-09T14:45:00+11:00,2613601,7084_SW2,-33.90557861328125,151.136474609375,64.0,50.4,71,1.18,True
2026-10-09T14:45:00+11:00,2596276,2459_491,-33.888587951660156,151.12660217285156,182.0,0.0,190,3.17,True
2026-10-09T14:45:00+11:00,2038732,2459_470,-33.884521484375,151.19268798828125,80.0,13.0,-12,-0.2,True
2026-10-09T14:45:00+11:00,2596396,2459_491,-33.88712692260742,151.12425231933594,21.0,21.2,333,5.55,True
2026-10-09T14:45:00+11:00,2660124,2459_320,-33.88429260253906,151.20338439941406,22.0,36.7,0,0.0,True
2026-10-09T14:45:00+11:00,2718594,2508_144,-33.795963287353516,151.25357055664062,251.0,35.3,455,7.58,False
2026-10-09T14:45:00+11:00,2685952,2459_423,-33.9049186706543,151.1678924560547,200.0,30.2,423,7.05,False
2026-10-09T14:45:00+11:00,2284198,2459_470,-33.87544250488281,151.2096405029297,186.0,0.0,-63,-1.05,False
2026-10-09T14:45:00+11:00,2718574,2508_144,-33.79463577270508,151.26654052734375,280.0,20.9,55,0.92,True
2026-10-09T14:45:00+11:00,2288148,2459_389,-33.873451232910156,151.1960906982422,334.0,16.9,774,12.9,False
2026-10-09T14:45:00+11:00,2454751,2508_225,-33.84178924560547,151.21888732910156,178.0,0.0,116,1.93,True
2026-10-09T14:45:00+11:00,2725804,7083_SW1,-33.914798736572266,151.16494750976562,0.0,0.0,2995,49.92,False
2026-10-09T14:45:00+11:00,2392629,2508_114,-33.82334518432617,151.19680786132812,108.0,25.6,-2,-0.03,True
2026-10-09T14:45:00+11:00,2635845,2459_504,-33.85197448730469,151.15557861328125,142.0,33.1,185,3.08,True
2026-10-09T14:45:00+11:00,2288833,2459_438X,-33.88777542114258,151.16041564941406,89.0,34.2,630,10.5,False
2026-10-09T14:45:00+11:00,2283269,2459_438X,-33.88703155517578,151.15731811523438,354.0,5.8,256,4.27,True
2026-10-09T14:45:00+11:00,2283828,2459_478,-33.93895721435547,151.14805603027344,212.0,0.0,0,0.0,True
2026-10-09T14:45:00+11:00,2515143,2459_410,-33.88075256347656,151.10296630859375,9.0,18.4,222,3.7,True
2026-10-09T14:45:00+11:00,2038733,2459_470,-33.87998580932617,151.16714477539062,113.0,35.3,59,0.98,True
2026-10-09T14:45:00+11:00,2636068,2459_504,-33.8729362487793,151.2043914794922,244.0,7.6,50,0.83,True
2026-10-09T14:45:00+11:00,2719594,2514_277,-33.78083419799805,151.20034790039062,250.0,34.2,421,7.02,False
2026-10-09T14:45:00+11:00,2289595,2459_426,-33.904052734375,151.14320373535156,139.0,0.4,176,2.93,True
2026-10-09T14:45:00+11:00,2705686,2504_610X,-33.860530853271484,151.20602416992188,193.0,54.4,-232,-3.87,False
2026-10-09T14:45:00+11:00,2718609,2508_144,-33.81066131591797,151.17654418945312,51.0,0.0,132,2.2,True
2026-10-09T14:45:00+11:00,2438457,7084_SW2,-33.91452407836914,151.16539001464844,222.0,0.4,0,0.0,True
2026-10-09T14:45:00+11:00,2287927,2459_438X,-33.864105224609375,151.13040161132812,175.0,22.3,-65,-1.08,False
2026-10-09T14:45:00+11:00,2383292,2508_100,-33.82583236694336,151.23297119140625,218.0,32.0,27,0.45,True
2026-10-09T14:45:00+11:00,2559041,7083_SW1,-33.9154052734375,151.15113830566406,60.0,39.6,-232,-3.87,False
2026-10-09T14:45:00+11:00,2424415,2508_230,-33.830238342285156,151.24386596679688,243.0,0.0,179,2.98,True
2026-10-09T14:45:00+11:00,2285339,2459_428,-33.90571212768555,151.1356201171875,87.0,0.0,64,1.07,True
2026-10-09T14:45:00+11:00,2285096,2459_423,-33.89909362792969,151.17144775390625,64.0,4.0,24,0.4,True
2026-10-09T14:45:00+11:00,2736598,2459_445,-33.905006408691406,151.13133239746094,275.0,37.8,-113,-1.88,False
2026-10-09T14:45:00+11:00,2286156,2459_303,-33.92470932006836,151.21873474121094,15.0,13.3,-59,-0.98,True
2026-10-09T14:45:00+11:00,2554003,2459_358,-33.91670608520508,151.23753356933594,280.0,35.6,121,2.02,True
2026-10-09T14:45:00+11:00,1973454,2508_162,-33.79877471923828,151.27406311035156,277.0,31.7,118,1.97,True
2026-10-09T14:45:00+11:00,2428436,2508_238,-33.84503936767578,151.24217224121094,111.0,28.1,662,11.03,False
2026-10-09T14:45:00+11:00,2441472,2507_207,-33.797752380371094,151.2095947265625,340.0,0.0,123,2.05,True
2026-10-09T14:45:00+11:00,2644426,2507_120,-33.823116302490234,151.20652770996094,305.0,66.2,-2,-0.03,True
2026-10-09T14:45:00+11:00,2537675,2507_506,-33.808467864990234,151.13084411621094,312.0,33.8,-179,-2.98,False
2026-10-09T14:45:00+11:00,2538249,2507_506,-33.85071563720703,151.1544189453125,146.0,4.7,616,10.27,False
2026-10-09T14:45:00+11:00,2643243,2507_120,-33.79509735107422,151.18215942382812,248.0,30.2,-164,-2.73,False
2026-10-09T14:45:00+11:00,2642840,2507_207,-33.83387756347656,151.20787048339844,189.0,34.9,50,0.83,True
2026-10-09T14:45:00+11:00,2672404,2507_115,-33.79526138305664,151.18626403808594,68.0,0.0,202,3.37,True
2026-10-09T14:45:00+11:00,2322353,2507_506,-33.87451171875,151.19871520996094,256.0,51.1,127,2.12,True
2026-10-09T14:45:00+11:00,2682057,2507_536,-33.8112907409668,151.1759033203125,33.0,16.6,191,3.18,True
2026-10-09T14:45:00+11:00,2672284,2507_115,-33.79372024536133,151.1912078857422,241.0,0.0,-317,-5.28,False
2026-10-09T14:45:00+11:00,2643987,2507_501,-33.85047149658203,151.15415954589844,144.0,0.0,-107,-1.78,False
2026-10-09T14:45:00+11:00,2654575,2507_52,-33.87478256225586,151.19757080078125,253.0,55.8,51,0.85,True
2026-10-09T14:45:00+11:00,2643582,2507_119,-33.826751708984375,151.19992065429688,142.0,33.1,11,0.18,True
2026-10-09T14:45:00+11:00,2672445,2507_115,-33.83806610107422,151.20709228515625,184.0,11.5,-228,-3.8,False
2026-10-09T14:45:00+11:00,2555432,2507_265,-33.81889343261719,151.17630004882812,10.0,23.4,172,2.87,True
2026-10-09T14:45:00+11:00,2642981,2507_501,-33.883304595947266,151.2017364501953,155.0,0.0,88,1.47,True
2026-10-09T14:45:00+11:00,2682060,2507_202,-33.8392448425293,151.20669555664062,10.0,0.0,72,1.2,True
2026-10-09T14:45:00+11:00,2681914,2507_267,-33.806575775146484,151.20884704589844,185.0,23.4,240,4.0,True
2026-10-09T14:45:00+11:00,2672356,2507_115,-33.839500427246094,151.20669555664062,8.0,0.0,68,1.13,True
2026-10-09T14:45:00+11:00,2322356,2507_506,-33.833740234375,151.14471435546875,282.0,0.0,1056,17.6,False
2026-10-09T14:45:00+11:00,2672308,2507_115,-33.826114654541016,151.2008514404297,2.0,16.9,301,5.02,True
2026-10-09T14:45:00+11:00,2621441,2507_252,-33.81834030151367,151.15138244628906,189.0,2.2,53,0.88,True
2026-10-09T14:45:00+11:00,2643095,2507_120,-33.79611587524414,151.18124389648438,19.0,6.1,176,2.93,True
2026-10-09T14:45:00+11:00,2642997,2507_501,-33.881126403808594,151.2063751220703,215.0,0.0,0,0.0,True
2026-10-09T14:45:00+11:00,2407324,2507_265,-33.84103012084961,151.20640563964844,30.0,16.6,57,0.95,True
2026-10-09T14:45:00+11:00,2644167,2507_254,-33.81977844238281,151.16331481933594,107.0,4.7,122,2.03,True
2026-10-09T14:45:00+11:00,2738477,2507_533,-33.804203033447266,151.15330505371094,100.0,52.9,119,1.98,True
2026-10-09T14:45:00+11:00,2644643,2507_501,-33.849693298339844,151.1533203125,333.0,33.5,51,0.85,True
2026-10-09T14:45:00+11:00,2744637,2507_292,-33.803672790527344,151.14979553222656,280.0,0.0,-65,-1.08,False
2026-10-09T14:45:00+11:00,2442157,2507_207,-33.798152923583984,151.2097625732422,340.0,9.7,-77,-1.28,False
2026-10-09T14:45:00+11:00,2654396,2507_52,-33.872352600097656,151.21275329589844,188.0,0.0,0,0.0,True
2026-10-09T14:45:00+11:00,2407678,2507_261,-33.8279914855957,151.19998168945312,241.0,23.8,-44,-0.73,True
2026-10-09T14:45:00+11:00,2644972,2507_120,-33.805660247802734,151.19911193847656,184.0,27.7,-3,-0.05,True
2026-10-09T14:45:00+11:00,2731413,2507_507,-33.82649230957031,151.11541748046875,309.0,45.0,127,2.12,True
2026-10-09T14:45:00+11:00,2634530,2507_254,-33.79763412475586,151.20370483398438,72.0,0.0,0,0.0,True
2026-10-09T14:45:00+11:00,2621609,2507_536,-33.797630310058594,151.1789093017578,249.0,0.0,6,0.1,True
2026-10-09T14:45:00+11:00,2644397,2507_120,-33.87002182006836,151.2061767578125,175.0,0.0,-8,-0.13,True
2026-10-09T14:45:00+11:00,2744597,2507_292,-33.86630630493164,151.2050018310547,355.0,31.7,-17,-0.28,True
2026-10-09T14:45:00+11:00,2731252,2507_507,-33.83046340942383,151.12600708007812,48.0,0.0,0,0.0,True
2026-10-09T14:45:00+11:00,2672467,2507_267,-33.8034553527832,151.19894409179688,283.0,19.1,72,1.2,True
2026-10-09T14:45:00+11:00,2644809,2507_120,-33.82987976074219,151.2147216796875,191.0,53.3,107,1.78,True
2026-10-09T14:45:00+11:00,2644947,2507_501,-33.87028503417969,151.19247436523438,246.0,32.0,44,0.73,True
2026-10-09T14:45:00+11:00,2672318,2507_115,-33.80268096923828,151.19847106933594,189.0,0.0,325,5.42,True
2026-10-09T14:45:00+11:00,2681939,2507_267,-33.79636001586914,151.17996215820312,69.0,26.6,0,0.0,True
2026-10-09T14:45:00+11:00,2645077,2507_120,-33.80033874511719,151.19879150390625,11.0,37.8,115,1.92,True
2026-10-09T14:45:00+11:00,2322312,2507_506,-33.84320068359375,151.14881896972656,322.0,57.6,229,3.82,True
2026-10-09T14:45:00+11:00,2654550,2507_52,-33.87428665161133,151.20018005371094,76.0,56.9,17,0.28,True
2026-10-09T14:45:00+11:00,2644281,2507_501,-33.87157440185547,151.19337463378906,137.0,0.0,-29,-0.48,True
2026-10-09T14:45:00+11:00,2407008,2507_252,-33.819427490234375,151.18411254882812,139.0,0.0,-178,-2.97,False
2026-10-09T14:45:00+11:00,2654515,2507_52,-33.86429977416992,151.17051696777344,311.0,0.0,403,6.72,False
2026-10-09T14:45:00+11:00,2654378,2507_52,-33.837432861328125,151.13165283203125,292.0,54.4,305,5.08,True
2026-10-09T14:45:00+11:00,2226180,2507_288,-33.8129768371582,151.19793701171875,305.0,70.6,132,2.2,True
2026-10-09T14:45:00+11:00,2621585,2507_252,-33.83820724487305,151.2068328857422,190.0,0.0,72,1.2,True
2026-10-09T14:45:00+11:00,2731345,2507_291,-33.84056854248047,151.20654296875,192.0,0.0,-48,-0.8,True
2026-10-09T14:45:00+11:00,2654384,2507_52,-33.87337112426758,151.2104034423828,101.0,0.0,0,0.0,True
2026-10-09T14:45:00+11:00,2621447,2507_516,-33.79762649536133,151.1786651611328,247.0,0.0,377,6.28,False
2026-10-09T14:45:00+11:00,2744566,2507_292,-33.81190490722656,151.17886352539062,90.0,85.0,-184,-3.07,False
2026-10-09T14:45:00+11:00,2555580,2507_291,-33.8245735168457,151.1978759765625,324.0,33.1,-20,-0.33,True
2026-10-09T14:45:00+11:00,2644338,2507_202,-33.810523986816406,151.2218475341797,226.0,0.0,-42,-0.7,True
2026-10-09T14:45:00+11:00,2654517,2507_52,-33.85067367553711,151.15432739257812,140.0,0.0,133,2.22,True
2026-10-09T14:45:00+11:00,2357796,2509_370,-33.900352478027344,151.17811584472656,336.0,0.0,674,11.23,False
2026-10-09T14:45:00+11:00,2356806,2509_311,-33.87229537963867,151.2296142578125,251.0,23.8,511,8.52,False
2026-10-09T14:45:00+11:00,2352322,2509_307,-33.92673110961914,151.1880645751953,220.0,0.0,928,15.47,False
2026-10-09T14:45:00+11:00,2564645,2509_350,-33.897457122802734,151.2518310546875,159.0,41.0,126,2.1,True
2026-10-09T14:45:00+11:00,2564837,2509_350,-33.92808151245117,151.187255859375,14.0,38.9,350,5.83,True
2026-10-09T14:45:00+11:00,2151869,2509_333,-33.89168167114258,151.2518310546875,63.0,0.0,-22,-0.37,True
2026-10-09T14:45:00+11:00,2564530,2509_333,-33.89097213745117,151.24920654296875,275.0,26.3,51,0.85,True
2026-10-09T14:45:00+11:00,2628681,2509_304,-33.86353302001953,151.21185302734375,5.0,0.0,12,0.2,True
2026-10-09T14:45:00+11:00,2564531,2509_333,-33.8805046081543,151.216552734375,313.0,24.8,-5,-0.08,True
2026-10-09T14:45:00+11:00,2533079,2509_352,-33.88045883178711,151.2165985107422,314.0,26.6,234,3.9,True
2026-10-09T14:45:00+11:00,2564683,2509_350,-33.90296173095703,151.2549285888672,346.0,31.7,313,5.22,True
2026-10-09T14:45:00+11:00,2356012,2509_343,-33.92025375366211,151.20094299316406,196.0,21.2,309,5.15,True
2026-10-09T14:45:00+11:00,2740236,2509_370,-33.9030647277832,151.19113159179688,17.0,14.8,136,2.27,True
2026-10-09T14:45:00+11:00,2532655,2509_324,-33.84361267089844,151.28407287597656,6.0,0.0,62,1.03,True
2026-10-09T14:45:00+11:00,2435571,2509_390X,-33.891075134277344,151.24879455566406,276.0,0.0,0,0.0,True
2026-10-09T14:45:00+11:00,2564716,2509_350,-33.9328727722168,151.17965698242188,98.0,0.0,0,0.0,True
2026-10-09T14:45:00+11:00,2357541,2509_339,-33.912269592285156,151.25885009765625,274.0,0.0,126,2.1,True
2026-10-09T14:45:00+11:00,2355863,2509_390X,-33.918941497802734,151.22613525390625,351.0,3.6,144,2.4,True
2026-10-09T14:45:00+11:00,2488455,2509_392,-33.8961067199707,151.2073974609375,100.0,0.4,118,1.97,True
2026-10-09T14:45:00+11:00,2356561,2509_370,-33.92026138305664,151.25274658203125,281.0,34.2,136,2.27,True
2026-10-09T14:45:00+11:00,2410319,2509_392,-33.94131851196289,151.22764587402344,16.0,0.0,-126,-2.1,False
2026-10-09T14:45:00+11:00,2628763,2509_304,-33.8836784362793,151.21434020996094,190.0,21.6,462,7.7,False
2026-10-09T14:45:00+11:00,2628637,2509_304,-33.90570831298828,151.21188354492188,33.0,25.9,296,4.93,True
2026-10-09T14:45:00+11:00,2335549,2509_309,-33.93132781982422,151.19419860839844,11.0,9.7,86,1.43,True
2026-10-09T14:45:00+11:00,2152014,2509_333,-33.87565994262695,151.2095947265625,188.0,36.4,219,3.65,True
2026-10-09T14:45:00+11:00,2563950,2509_386,-33.869754791259766,151.2698516845703,321.0,19.4,175,2.92,True
2026-10-09T14:45:00+11:00,2565045,2509_333,-33.8894157409668,151.2833709716797,39.0,0.0,0,0.0,True
2026-10-09T14:45:00+11:00,2531977,2509_325,-33.87318801879883,151.20880126953125,96.0,0.0,-104,-1.73,False
2026-10-09T14:45:00+11:00,2564649,2509_355,-33.89113998413086,151.24884033203125,277.0,0.0,77,1.28,True
2026-10-09T14:45:00+11:00,2533624,2509_325,-33.84585189819336,151.28237915039062,174.0,2.9,-5,-0.08,True
2026-10-09T14:45:00+11:00,2137533,2509_396,-33.918922424316406,151.22592163085938,350.0,14.4,143,2.38,True
2026-10-09T14:45:00+11:00,2137646,2509_396,-33.94123077392578,151.23947143554688,168.0,0.0,51,0.85,True
2026-10-09T14:45:00+11:00,2400289,2509_392,-33.94081115722656,151.2281494140625,201.0,33.8,289,4.82,True
2026-10-09T14:45:00+11:00,2138093,2509_396,-33.865718841552734,151.21127319335938,24.0,31.3,-287,-4.78,False
2026-10-09T14:45:00+11:00,2138763,2509_396,-33.942806243896484,151.24917602539062,63.0,46.1,340,5.67,True
2026-10-09T14:45:00+11:00,2356353,2509_343,-33.881290435791016,151.20872497558594,189.0,9.0,262,4.37,True
2026-10-09T14:45:00+11:00,2356525,2509_343,-33.87100601196289,151.21018981933594,6.0,0.0,-116,-1.93,False
2026-10-09T14:45:00+11:00,2575721,2509_374,-33.89066696166992,151.20974731445312,295.0,36.7,228,3.8,True
2026-10-09T14:45:00+11:00,2356093,2509_370,-33.915348052978516,151.22891235351562,279.0,1.1,104,1.73,True
2026-10-09T14:45:00+11:00,2532164,2509_362,-33.917884826660156,151.25743103027344,13.0,31.7,-34,-0.57,True
2026-10-09T14:45:00+11:00,2356628,2509_343,-33.86736297607422,151.21063232421875,183.0,0.0,134,2.23,True
2026-10-09T14:45:00+11:00,2531178,2509_325,-33.86903762817383,151.20462036132812,356.0,0.0,78,1.3,True
2026-10-09T14:45:00+11:00,2151643,2509_333,-33.86274719238281,151.21115112304688,6.0,0.0,2,0.03,True
2026-10-09T14:45:00+11:00,2357004,2509_343,-33.90898895263672,151.20672607421875,19.0,33.5,28,0.47,True
2026-10-09T14:45:00+11:00,2435526,2509_390X,-33.945003509521484,151.24024963378906,171.0,39.2,250,4.17,True
2026-10-09T14:45:00+11:00,2564990,2509_333,-33.889095306396484,151.2779998779297,281.0,9.0,172,2.87,True
2026-10-09T14:45:00+11:00,2470774,2509_356,-33.89892578125,151.2449493408203,116.0,30.2,125,2.08,True
2026-10-09T14:45:00+11:00,2534119,2509_313,-33.89738464355469,151.25173950195312,161.0,38.2,52,0.87,True
2026-10-09T14:45:00+11:00,2400436,2509_309,-33.94718933105469,151.197265625,1.0,0.0,-31,-0.52,True
2026-10-09T14:45:00+11:00,2357599,2509_311,-33.857295989990234,151.2027130126953,180.0,32.4,394,6.57,False
2026-10-09T14:45:00+11:00,2140010,2509_396,-33.937679290771484,151.2381134033203,349.0,32.8,-5,-0.08,True
2026-10-09T14:45:00+11:00,1780084,2509_757e,-33.87266540527344,151.2822723388672,97.0,0.0,0,0.0,True
2026-10-09T14:45:00+11:00,2431713,2509_396,-33.88325119018555,151.2175750732422,167.0,0.0,126,2.1,True
2026-10-09T14:45:00+11:00,2396519,2509_392,-33.90589904785156,151.2166290283203,332.0,31.0,-15,-0.25,True
2026-10-09T14:45:00+11:00,2564991,2509_350,-33.92225646972656,151.2565460205078,188.0,31.3,14,0.23,True
2026-10-09T14:45:00+11:00,2628792,2509_304,-33.90733337402344,151.20518493652344,294.0,0.0,-68,-1.13,False
2026-10-09T14:45:00+11:00,2151799,2509_333,-33.86259460449219,151.21142578125,265.0,0.4,0,0.0,True
2026-10-09T14:45:00+11:00,2139243,2509_375,-33.955257415771484,151.232177734375,78.0,21.2,-4,-0.07,True
2026-10-09T14:45:00+11:00,2532529,2509_352,-33.891517639160156,151.2474822998047,187.0,0.0,0,0.0,True
2026-10-09T14:45:00+11:00,2533612,2509_324,-33.87959289550781,151.2360382080078,357.0,0.0,103,1.72,True
2026-10-09T14:45:00+11:00,2356184,2509_343,-33.896175384521484,151.20664978027344,6.0,4.3,201,3.35,True
2026-10-09T14:45:00+11:00,2532200,2509_326,-33.879127502441406,151.2574920654297,159.0,0.0,201,3.35,True
2026-10-09T14:45:00+11:00,2151503,2509_333,-33.891475677490234,151.24951171875,96.0,0.0,-186,-3.1,False
2026-10-09T14:45:00+11:00,2531997,2509_380,-33.85607147216797,151.2833709716797,33.0,9.7,424,7.07,False
2026-10-09T14:45:00+11:00,2534255,2509_360,-33.89103698730469,151.24783325195312,248.0,9.0,0,0.0,True
2026-10-09T14:45:00+11:00,2357454,2509_373,-33.91049575805664,151.2394561767578,191.0,5.4,-234,-3.9,False
2026-10-09T14:45:00+11:00,2470764,2509_397,-33.94480895996094,151.236083984375,348.0,34.6,-115,-1.92,False
2026-10-09T14:45:00+11:00,2470800,2509_356,-33.94508361816406,151.22657775878906,2.0,0.0,207,3.45,True
2026-10-09T14:45:00+11:00,2488416,2509_392,-33.94771957397461,151.23011779785156,149.0,37.4,387,6.45,False
2026-10-09T14:45:00+11:00,2400462,2509_309,-33.919349670410156,151.19869995117188,40.0,0.0,-13,-0.22,True
2026-10-09T14:45:00+11:00,2356029,2509_373,-33.924068450927734,151.25509643554688,98.0,0.0,-526,-8.77,False
2026-10-09T14:45:00+11:00,2356005,2509_370,-33.910804748535156,151.20703125,279.0,35.3,77,1.28,True
2026-10-09T14:45:00+11:00,2355883,2509_390X,-33.90696716308594,151.25079345703125,93.0,34.2,74,1.23,True
2026-10-09T14:45:00+11:00,2564704,2509_379,-33.88328170776367,151.2764434814453,9.0,29.5,185,3.08,True
2026-10-09T14:45:00+11:00,2564883,2509_333,-33.874961853027344,151.20970153808594,5.0,0.4,151,2.52,True
2026-10-09T14:45:00+11:00,2533486,2509_360,-33.91122055053711,151.2697296142578,184.0,0.0,-226,-3.77,False
2026-10-09T14:45:00+11:00,2356515,2509_373,-33.878536224365234,151.21432495117188,135.0,24.1,129,2.15,True
2026-10-09T14:45:00+11:00,2564594,2509_350,-33.94027328491211,151.22950744628906,279.0,41.0,417,6.95,False
2026-10-09T14:45:00+11:00,2139725,2509_396,-33.88548278808594,151.21836853027344,337.0,16.2,-2,-0.03,True
2026-10-09T14:45:00+11:00,2675033,2509_309,-33.896175384521484,151.1991729736328,157.0,0.0,35,0.58,True
2026-10-09T14:45:00+11:00,2563814,2509_387,-33.891117095947266,151.2531280517578,72.0,0.0,415,6.92,False
2026-10-09T14:45:00+11:00,2628689,2509_304,-33.861629486083984,151.2116241455078,276.0,0.0,0,0.0,True
2026-10-09T14:45:00+11:00,2533341,2509_355,-33.89185333251953,151.21524047851562,100.0,0.0,82,1.37,True
2026-10-09T14:45:00+11:00,2534236,2509_362,-33.87649154663086,151.271484375,40.0,34.2,207,3.45,True
2026-10-09T14:45:00+11:00,2675022,2509_309,-33.94142532348633,151.195068359375,175.0,32.4,172,2.87,True
2026-10-09T14:45:00+11:00,2151783,2509_333,-33.89491271972656,151.27035522460938,99.0,36.0,60,1.0,True
2026-10-09T14:45:00+11:00,2396562,2509_392,-33.903987884521484,151.21441650390625,280.0,0.0,536,8.93,False
2026-10-09T14:45:00+11:00,2357562,2509_339,-33.883548736572266,151.20852661132812,295.0,0.0,42,0.7,True
2026-10-09T14:45:00+11:00,2565072,2509_333,-33.89333724975586,151.25929260253906,279.0,25.2,35,0.58,True
2026-10-09T14:45:00+11:00,2357096,2509_374,-33.91345977783203,151.2454833984375,100.0,6.5,-6,-0.1,True
2026-10-09T14:45:00+11:00,2564529,2509_350,-33.940486907958984,151.25942993164062,124.0,32.8,227,3.78,True
2026-10-09T14:45:00+11:00,2675017,2509_309,-33.95256423950195,151.20065307617188,124.0,40.0,530,8.83,False
2026-10-09T14:45:00+11:00,2534547,2509_381,-33.89439010620117,151.2669677734375,280.0,0.0,290,4.83,True
2026-10-09T14:45:00+11:00,2335823,2509_309,-33.91343307495117,151.2012939453125,11.0,33.8,292,4.87,True
2026-10-09T14:45:00+11:00,2137856,2509_375,-33.95551300048828,151.2308807373047,260.0,0.0,-38,-0.63,True
2026-10-09T14:45:00+11:00,2488403,2509_392,-33.939537048339844,151.22874450683594,197.0,0.0,-236,-3.93,False
2026-10-09T14:45:00+11:00,2356549,2509_373,-33.90907287597656,151.23895263671875,279.0,0.4,321,5.35,True
2026-10-09T14:45:00+11:00,2355798,2509_390X,-33.90056610107422,151.253662109375,335.0,0.0,160,2.67,True
2026-10-09T14:45:00+11:00,2532100,2509_352,-33.895931243896484,151.180908203125,229.0,30.2,590,9.83,False
2026-10-09T14:45:00+11:00,2565125,2509_379,-33.90644836425781,151.26901245117188,4.0,20.2,-289,-4.82,False
2026-10-09T14:45:00+11:00,2356954,2509_343,-33.86225128173828,151.21253967285156,9.0,0.0,0,0.0,True
2026-10-09T14:45:00+11:00,2675030,2509_309,-33.901302337646484,151.2011260986328,155.0,4.0,497,8.28,False
2026-10-09T14:45:00+11:00,2352640,2509_307,-33.924808502197266,151.1904296875,279.0,32.0,-105,-1.75,False
2026-10-09T14:45:00+11:00,2740220,2509_370,-33.88315963745117,151.19129943847656,130.0,11.5,73,1.22,True
2026-10-09T14:45:00+11:00,2137812,2509_375,-33.9357795715332,151.2577667236328,8.0,42.1,-66,-1.1,False
2026-10-09T14:45:00+11:00,2151583,2509_333,-33.88071060180664,151.21714782714844,119.0,24.1,195,3.25,True
2026-10-09T14:45:00+11:00,2431358,2509_396,-33.867557525634766,151.2106170654297,186.0,0.0,187,3.12,True
2026-10-09T14:45:00+11:00,2356105,2509_343,-33.90097427368164,151.20606994628906,191.0,47.9,319,5.32,True
2026-10-09T14:45:00+11:00,2533545,2509_324,-33.855960845947266,151.20703125,222.0,0.0,0,0.0,True
2026-10-09T14:45:00+11:00,2532253,2509_360,-33.90132141113281,151.2616729736328,62.0,3.6,60,1.0,True
2026-10-09T14:45:00+11:00,2532337,2509_324,-33.875343322753906,151.2217559814453,118.0,0.0,107,1.78,True
2026-10-09T14:45:00+11:00,2564614,2509_379,-33.89183807373047,151.25144958496094,252.0,40.0,363,6.05,False
2026-10-09T14:45:00+11:00,2564828,2509_379,-33.88902282714844,151.25816345214844,120.0,0.0,198,3.3,True
2026-10-09T14:45:00+11:00,2740234,2509_370,-33.901832580566406,151.19955444335938,74.0,0.0,589,9.82,False
2026-10-09T14:45:00+11:00,2138960,2509_306,-33.91167068481445,151.20860290527344,6.0,33.8,209,3.48,True
2026-10-09T14:45:00+11:00,2356204,2509_370,-33.91967010498047,151.25717163085938,189.0,0.0,34,0.57,True
2026-10-09T14:45:00+11:00,2357673,2509_373,-33.919490814208984,151.24237060546875,352.0,12.2,127,2.12,True
2026-10-09T14:45:00+11:00,2533740,2509_380,-33.88676834106445,151.28443908691406,187.0,0.0,184,3.07,True
2026-10-09T14:45:00+11:00,2628648,2509_304,-33.880088806152344,151.209716796875,301.0,0.0,-256,-4.27,False
2026-10-09T14:45:00+11:00,2531217,2509_352,-33.89079666137695,151.2440185546875,110.0,25.6,62,1.03,True
2026-10-09T14:45:00+11:00,2357438,2509_373,-33.87702941894531,151.21243286132812,300.0,8.3,-159,-2.65,False
2026-10-09T14:45:00+11:00,2531906,2509_380,-33.892051696777344,151.25015258789062,259.0,0.0,-4,-0.07,True
2026-10-09T14:45:00+11:00,2435348,2509_390X,-33.91511535644531,151.22689819335938,278.0,39.2,87,1.45,True
2026-10-09T14:45:00+11:00,2675003,2509_309,-33.893314361572266,151.198974609375,22.0,0.0,0,0.0,True
2026-10-09T14:45:00+11:00,2435614,2509_390X,-33.95024108886719,151.24159240722656,169.0,37.1,592,9.87,False
2026-10-09T14:45:00+11:00,2355931,2509_373,-33.9199104309082,151.25697326660156,9.0,0.0,0,0.0,True
2026-10-09T14:45:00+11:00,2352651,2509_356,-33.93622589111328,151.24913024902344,271.0,41.4,69,1.15,True
2026-10-09T14:45:00+11:00,2564804,2509_379,-33.90170669555664,151.25436401367188,335.0,8.3,116,1.93,True
2026-10-09T14:45:00+11:00,2740227,2509_370,-33.91617965698242,151.23968505859375,13.0,28.8,464,7.73,False
2026-10-09T14:45:00+11:00,2531555,2509_324,-33.85889434814453,151.20262145996094,357.0,34.9,256,4.27,True
2026-10-09T14:45:00+11:00,2435436,2509_390X,-33.95280075073242,151.2421875,170.0,0.0,1069,17.82,False
2026-10-09T14:45:00+11:00,2300911,2509_399,-33.92756652832031,151.23275756835938,135.0,12.2,57,0.95,True
2026-10-09T14:45:00+11:00,2140251,2509_306,-33.951637268066406,151.23159790039062,357.0,36.4,456,7.6,False
2026-10-09T14:45:00+11:00,2137467,2509_396,-33.86936569213867,151.21041870117188,7.0,0.0,435,7.25,False
2026-10-09T14:45:00+11:00,2531358,2509_327,-33.884483337402344,151.24879455566406,243.0,14.0,130,2.17,True
2026-10-09T14:45:00+11:00,2355835,2509_390X,-33.91636657714844,151.2397003173828,83.0,3.6,173,2.88,True
2026-10-09T14:45:00+11:00,2435287,2509_390X,-33.91254425048828,151.23924255371094,159.0,26.3,77,1.28,True
2026-10-09T14:45:00+11:00,2628591,2509_304,-33.87204360961914,151.21002197265625,5.0,0.0,-99,-1.65,False
2026-10-09T14:45:00+11:00,2138999,2509_375,-33.924598693847656,151.24411010742188,110.0,22.7,150,2.5,True
2026-10-09T14:45:00+11:00,2335774,2509_309,-33.95623016357422,151.22657775878906,257.0,39.2,302,5.03,True
2026-10-09T14:45:00+11:00,2565193,2509_350,-33.901161193847656,151.25413513183594,334.0,0.0,-471,-7.85,False
2026-10-09T14:45:00+11:00,2565137,2509_350,-33.92618942260742,151.1873321533203,164.0,35.3,-30,-0.5,True
2026-10-09T14:45:00+11:00,2470804,2509_356,-33.92713165283203,151.24307250976562,10.0,28.1,21,0.35,True
2026-10-09T14:45:00+11:00,2352392,2509_392,-33.90982437133789,151.22256469726562,102.0,3.2,28,0.47,True
2026-10-09T14:45:00+11:00,2575732,2509_374,-33.90895080566406,151.23829650878906,284.0,31.0,-172,-2.87,False
2026-10-09T14:45:00+11:00,2300896,2509_399,-33.93734359741211,151.23806762695312,349.0,38.5,-192,-3.2,False
2026-10-09T14:45:00+11:00,2534513,2509_324,-33.87928009033203,151.2359619140625,7.0,0.0,0,0.0,True
2026-10-09T14:45:00+11:00,2533077,2509_352,-33.89255142211914,151.1866912841797,72.0,16.2,432,7.2,False
2026-10-09T14:45:00+11:00,2151796,2509_333,-33.895259857177734,151.2716522216797,114.0,1.4,607,10.12,False
2026-10-09T14:45:00+11:00,2355776,2509_390X,-33.93313217163086,151.23703002929688,345.0,37.1,-30,-0.5,True
2026-10-09T14:45:00+11:00,2564886,2509_350,-33.924957275390625,151.19166564941406,101.0,37.1,684,11.4,False
2026-10-09T14:45:00+11:00,2533516,2509_362,-33.87320327758789,151.27342224121094,140.0,8.3,440,7.33,False
2026-10-09T14:45:00+11:00,2564896,2509_355,-33.905696868896484,151.1672821044922,339.0,0.0,15,0.25,True
2026-10-09T14:45:00+11:00,2435379,2509_390X,-33.892822265625,151.24966430664062,185.0,0.0,272,4.53,True
2026-10-09T14:45:00+11:00,2564567,2509_333,-33.89051818847656,151.2430877685547,286.0,19.1,103,1.72,True
2026-10-09T14:45:00+11:00,2356446,2509_370,-33.90591812133789,151.18109130859375,338.0,20.5,245,4.08,True
2026-10-09T14:45:00+11:00,2152123,2509_333,-33.86255645751953,151.21116638183594,5.0,0.0,93,1.55,True
2026-10-09T14:45:00+11:00,2575690,2509_374,-33.91999816894531,151.257080078125,191.0,0.0,0,0.0,True
2026-10-09T14:45:00+11:00,2137817,2509_375,-33.91960144042969,151.2424774169922,346.0,10.8,-53,-0.88,True
2026-10-09T14:45:00+11:00,2410357,2509_392,-33.94117736816406,151.22767639160156,23.0,0.0,429,7.15,False
2026-10-09T14:45:00+11:00,2565049,2509_350,-33.941036224365234,151.23606872558594,101.0,54.7,201,3.35,True
2026-10-09T14:45:00+11:00,2139586,2509_306,-33.926658630371094,151.18817138671875,220.0,0.0,392,6.53,False
2026-10-09T14:45:00+11:00,2564856,2509_379,-33.89171600341797,151.24978637695312,170.0,0.0,-33,-0.55,True
2026-10-09T14:45:00+11:00,2531989,2509_325,-33.87061309814453,151.26834106445312,234.0,32.4,523,8.72,False
2026-10-09T14:45:00+11:00,2356365,2509_374,-33.88933563232422,151.20794677734375,186.0,0.0,34,0.57,True
2026-10-09T14:45:00+11:00,2531504,2509_355,-33.90093231201172,151.19313049316406,231.0,19.1,28,0.47,True
2026-10-09T14:45:00+11:00,2564544,2509_350,-33.89601135253906,151.25106811523438,331.0,33.8,544,9.07,False
2026-10-09T14:45:00+11:00,2564912,2509_350,-33.94765853881836,151.2552032470703,38.0,0.0,303,5.05,True
2026-10-09T14:45:00+11:00,2352689,2509_392,-33.892696380615234,151.19924926757812,25.0,0.0,0,0.0,True
2026-10-09T14:45:00+11:00,2140824,2509_396,-33.8828125,151.2174835205078,171.0,23.4,759,12.65,False
2026-10-09T14:45:00+11:00,2152078,2509_333,-33.87314224243164,151.20993041992188,187.0,0.4,-43,-0.72,True
2026-10-09T14:45:00+11:00,2137466,2509_396,-33.947547912597656,151.2553253173828,43.0,0.0,0,0.0,True
2026-10-09T14:45:00+11:00,2356043,2509_370,-33.9026985168457,151.2017059326172,338.0,0.0,333,5.55,True
2026-10-09T14:45:00+11:00,2352282,2509_307,-33.93968963623047,151.22572326660156,274.0,18.7,129,2.15,True
2026-10-09T14:45:00+11:00,2532876,2509_380,-33.88939666748047,151.27593994140625,38.0,24.1,191,3.18,True
2026-10-09T14:45:00+11:00,2400658,2509_309,-33.896942138671875,151.19937133789062,360.0,0.0,33,0.55,True
2026-10-09T14:45:00+11:00,2403179,2509_311,-33.872100830078125,151.2284393310547,108.0,2.9,-30,-0.5,True
2026-10-09T14:45:00+11:00,2357733,2509_343,-33.924720764160156,151.21621704101562,278.0,32.0,-21,-0.35,True
2026-10-09T14:45:00+11:00,2532241,2509_386,-33.86198043823242,151.2722625732422,173.0,39.2,194,3.23,True
2026-10-09T14:45:00+11:00,2400495,2509_309,-33.955650329589844,151.22962951660156,257.0,20.9,69,1.15,True
2026-10-09T14:45:00+11:00,2740186,2509_370,-33.871788024902344,151.18017578125,235.0,0.0,0,0.0,True
2026-10-09T14:45:00+11:00,2565007,2509_379,-33.88995361328125,151.255126953125,233.0,6.8,-155,-2.58,False
2026-10-09T14:45:00+11:00,2565064,2509_333,-33.869476318359375,151.2104034423828,7.0,0.0,-397,-6.62,False
2026-10-09T14:45:00+11:00,2151892,2509_333,-33.89412307739258,151.26499938964844,100.0,9.4,-115,-1.92,False
2026-10-09T14:45:00+11:00,2534608,2509_324,-33.8765983581543,151.22621154785156,275.0,41.8,-8,-0.13,True
2026-10-09T14:45:00+11:00,2565147,2509_333,-33.89496994018555,151.2703399658203,280.0,30.6,82,1.37,True
2026-10-09T14:45:00+11:00,2532119,2509_313,-33.89382553100586,151.24961853027344,330.0,0.0,-124,-2.07,False
2026-10-09T14:45:00+11:00,2534390,2509_324,-33.859291076660156,151.27835083007812,207.0,7.9,236,3.93,True
2026-10-09T14:45:00+11:00,2137927,2509_306,-33.927330017089844,151.20640563964844,100.0,30.2,119,1.98,True
2026-10-09T14:45:00+11:00,2564890,2509_350,-33.93275833129883,151.1938934326172,11.0,22.0,139,2.32,True
2026-10-09T14:45:00+11:00,2740198,2509_370,-33.90983963012695,151.22213745117188,100.0,0.0,401,6.68,False
2026-10-09T14:45:00+11:00,2564710,2509_350,-33.94666290283203,151.2565155029297,222.0,0.0,597,9.95,False
2026-10-09T14:45:00+11:00,2564685,2509_333,-33.88954162597656,151.28330993652344,215.0,0.4,0,0.0,True
2026-10-09T14:45:00+11:00,2565113,2509_379,-33.883758544921875,151.2762908935547,186.0,0.0,177,2.95,True
2026-10-09T14:45:00+11:00,2356572,2509_373,-33.9189567565918,151.25717163085938,343.0,18.0,0,0.0,True
2026-10-09T14:45:00+11:00,2534368,2509_324,-33.87382507324219,151.2131805419922,281.0,0.0,78,1.3,True
2026-10-09T14:45:00+11:00,2356909,2509_339,-33.904354095458984,151.2364959716797,54.0,35.6,344,5.73,True
2026-10-09T14:45:00+11:00,2564808,2509_333,-33.890079498291016,151.2403564453125,248.0,39.6,284,4.73,True
2026-10-09T14:45:00+11:00,2628714,2509_304,-33.87847900390625,151.20993041992188,100.0,32.4,99,1.65,True
2026-10-09T15:00:00+11:00,2474948,2459_389,-33.88434982299805,151.23416137695312,124.0,0.0,-104,-1.73,False
2026-10-09T15:00:00+11:00,2283824,2459_470,-33.86962127685547,151.2103729248047,185.0,0.0,-70,-1.17,False
2026-10-09T15:00:00+11:00,2376336,2508_B1,-33.792083740234375,151.25428771972656,215.0,79.6,244,4.07,True
2026-10-09T15:00:00+11:00,2570091,7083_SW1,-33.91874313354492,151.14573669433594,176.0,3.6,-207,-3.45,False
2026-10-09T15:00:00+11:00,2208940,2459_413,-33.89544677734375,151.1251678466797,303.0,11.2,105,1.75,True
2026-10-09T15:00:00+11:00,2608984,2459_430,-33.9100456237793,151.1619415283203,211.0,0.0,237,3.95,True
2026-10-09T15:00:00+11:00,2286926,2459_348,-33.909847259521484,151.19325256347656,308.0,33.1,-60,-1.0,False
2026-10-09T15:00:00+11:00,2668114,2459_420,-33.88307189941406,151.1024932861328,193.0,28.8,71,1.18,True
2026-10-09T15:00:00+11:00,2705137,2504_612X,-33.839847564697266,151.20774841308594,324.0,0.0,0,0.0,True
2026-10-09T15:00:00+11:00,2736825,2459_445,-33.903194427490234,151.1428985595703,230.0,0.0,39,0.65,True
2026-10-09T15:00:00+11:00,2375499,2508_173X,-33.813602447509766,151.2438507080078,9.0,0.0,158,2.63,True
2026-10-09T15:00:00+11:00,2283577,2459_426,-33.909156799316406,151.1536102294922,120.0,33.8,52,0.87,True
2026-10-09T15:00:00+11:00,2349463,2459_418,-33.91896438598633,151.16896057128906,144.0,0.0,376,6.27,False
2026-10-09T15:00:00+11:00,2636119,2459_504,-33.86776351928711,151.1756134033203,337.0,0.0,120,2.0,True
2026-10-09T15:00:00+11:00,2283152,2459_422,-33.89615249633789,151.1804962158203,59.0,32.0,-96,-1.6,False
2026-10-09T15:00:00+11:00,2554045,2459_358,-33.91541290283203,151.23988342285156,275.0,19.8,541,9.02,False
2026-10-09T15:00:00+11:00,2285360,2459_433,-33.87532043457031,151.17503356933594,183.0,23.8,70,1.17,True
2026-10-09T15:00:00+11:00,2290161,2459_442,-33.86603546142578,151.17636108398438,56.0,42.8,-275,-4.58,False
2026-10-09T15:00:00+11:00,2685956,2459_423,-33.892921447753906,151.18540954589844,254.0,33.5,167,2.78,True
2026-10-09T15:00:00+11:00,2285794,2459_461X,-33.8736572265625,151.210205078125,7.0,0.7,-94,-1.57,False
2026-10-09T15:00:00+11:00,2037725,2459_470,-33.88241195678711,151.18211364746094,56.0,13.3,-10,-0.17,True
2026-10-09T15:00:00+11:00,2572721,7084_SW2,-33.901145935058594,151.15139770507812,94.0,37.1,-145,-2.42,False
2026-10-09T15:00:00+11:00,2424416,2508_230,-33.8413200378418,151.20896911621094,313.0,35.6,51,0.85,True
2026-10-09T15:00:00+11:00,2596349,2459_492,-33.895416259765625,151.1085205078125,5.0,0.0,-251,-4.18,False
2026-10-09T15:00:00+11:00,2686004,2459_423,-33.87519454956055,151.2096710205078,186.0,0.0,6,0.1,True
2026-10-09T15:00:00+11:00,2707206,2504_610X,-33.83694839477539,151.21080017089844,9.0,63.0,116,1.93,True
2026-10-09T15:00:00+11:00,2590171,2508_280,-33.78464889526367,151.1884002685547,249.0,0.0,91,1.52,True
2026-10-09T15:00:00+11:00,2371406,7083_SW3,-33.908294677734375,151.15138244628906,290.0,35.6,349,5.82,True
2026-10-09T15:00:00+11:00,2285194,2459_438X,-33.88441848754883,151.19760131835938,269.0,40.3,120,2.0,True
2026-10-09T15:00:00+11:00,2349679,2459_418,-33.90481948852539,151.13816833496094,63.0,0.0,98,1.63,True
2026-10-09T15:00:00+11:00,2596271,2459_492,-33.878578186035156,151.10328674316406,190.0,12.2,988,16.47,False
2026-10-09T15:00:00+11:00,2283522,2459_438X,-33.884239196777344,151.14474487304688,268.0,32.4,230,3.83,True
2026-10-09T15:00:00+11:00,2725728,7083_SW1,-33.91408920288086,151.1663818359375,0.0,0.0,2,0.03,True
2026-10-09T15:00:00+11:00,2475002,2459_389,-33.86738967895508,151.19577026367188,334.0,36.0,170,2.83,True
2026-10-09T15:00:00+11:00,1912306,2459_483,-33.884822845458984,151.18569946289062,81.0,33.8,-191,-3.18,False
2026-10-09T15:00:00+11:00,2038459,2459_440,-33.891761779785156,151.2472686767578,107.0,0.0,-97,-1.62,False
2026-10-09T15:00:00+11:00,2736777,2459_308,-33.8825798034668,151.20773315429688,122.0,25.2,252,4.2,True
2026-10-09T15:00:00+11:00,2618182,2508_263,-33.82868576049805,151.2261199951172,239.0,5.4,34,0.57,True
2026-10-09T15:00:00+11:00,2550230,2508_263,-33.82280731201172,151.21026611328125,187.0,29.2,376,6.27,False
2026-10-09T15:00:00+11:00,2289813,2459_422,-33.939876556396484,151.15130615234375,8.0,0.0,327,5.45,True
2026-10-09T15:00:00+11:00,2095924,2508_160X,-33.783721923828125,151.191650390625,250.0,0.0,295,4.92,True
2026-10-09T15:00:00+11:00,1962065,2459_412,-33.90855026245117,151.15248107910156,191.0,0.0,190,3.17,True
2026-10-09T15:00:00+11:00,2286732,2459_438X,-33.874794006347656,151.13436889648438,146.0,0.0,-24,-0.4,True
2026-10-09T15:00:00+11:00,2376896,2508_100,-33.8293571472168,151.24407958984375,355.0,0.0,109,1.82,True
2026-10-09T15:00:00+11:00,2290268,2459_418,-33.91535949707031,151.16558837890625,62.0,0.0,112,1.87,True
2026-10-09T15:00:00+11:00,2685928,2459_423,-33.906089782714844,151.1652069091797,230.0,0.0,67,1.12,True
2026-10-09T15:00:00+11:00,2287310,2459_428,-33.911529541015625,151.1187744140625,140.0,0.0,0,0.0,True
2026-10-09T15:00:00+11:00,2376052,2508_B1,-33.86137390136719,151.205810546875,192.0,63.4,-111,-1.85,False
2026-10-09T15:00:00+11:00,2308694,2459_445,-33.85902786254883,151.17202758789062,4.0,17.6,-227,-3.78,False
2026-10-09T15:00:00+11:00,2371545,7083_SW3,-33.905029296875,151.13223266601562,93.0,52.6,259,4.32,True
2026-10-09T15:00:00+11:00,2095738,2508_160X,-33.79598617553711,151.18121337890625,353.0,0.0,0,0.0,True
2026-10-09T15:00:00+11:00,2373898,2508_144,-33.82473373413086,151.19021606445312,83.0,42.8,182,3.03,True
2026-10-09T15:00:00+11:00,2283615,2459_461X,-33.8773193359375,151.1299285888672,329.0,0.0,300,5.0,True
2026-10-09T15:00:00+11:00,2285828,2459_389,-33.8757209777832,151.2149658203125,280.0,36.4,-75,-1.25,False
2026-10-09T15:00:00+11:00,2608939,2459_430,-33.909950256347656,151.16183471679688,29.0,7.6,29,0.48,True
2026-10-09T15:00:00+11:00,2308782,2459_445,-33.90357208251953,151.1417236328125,65.0,6.1,652,10.87,False
2026-10-09T15:00:00+11:00,2284589,2459_431,-33.87531280517578,151.20965576171875,5.0,0.0,93,1.55,True
2026-10-09T15:00:00+11:00,2424349,2508_230,-33.82563400268555,151.24221801757812,121.0,13.3,52,0.87,True
2026-10-09T15:00:00+11:00,2208342,2459_530,-33.87455368041992,151.10421752929688,10.0,5.0,195,3.25,True
2026-10-09T15:00:00+11:00,2719684,2514_194,-33.798255920410156,151.2098846435547,160.0,55.1,-175,-2.92,False
2026-10-09T15:00:00+11:00,2736709,2459_308,-33.906524658203125,151.1817169189453,245.0,13.3,350,5.83,True
2026-10-09T15:00:00+11:00,2208339,2459_466,-33.87663269042969,151.12973022460938,149.0,0.0,,,
2026-10-09T15:00:00+11:00,2736780,2459_428,-33.90019607543945,151.1583709716797,296.0,31.0,311,5.18,True
2026-10-09T15:00:00+11:00,2037477,2459_440,-33.89030456542969,151.2358856201172,113.0,39.6,-272,-4.53,False
2026-10-09T15:00:00+11:00,2383166,2508_100,-33.83148956298828,151.22311401367188,84.0,26.6,487,8.12,False
2026-10-09T15:00:00+11:00,2037952,2459_440,-33.877628326416016,151.1562042236328,352.0,0.0,32,0.53,True
2026-10-09T15:00:00+11:00,2209081,2459_464,-33.88813018798828,151.12637329101562,113.0,0.0,186,3.1,True
2026-10-09T15:00:00+11:00,2287258,2459_389,-33.88668441772461,151.23663330078125,343.0,0.0,154,2.57,True
2026-10-09T15:00:00+11:00,2720694,2514_565,-33.79666519165039,151.1802520751953,2.0,0.0,0,0.0,True
2026-10-09T15:00:00+11:00,2705979,2504_607X,-33.86052703857422,151.20596313476562,193.0,42.1,151,2.52,True
2026-10-09T15:00:00+11:00,2288147,2459_438X,-33.87928009033203,151.20913696289062,4.0,32.0,-95,-1.58,False
2026-10-09T15:00:00+11:00,2421317,2508_230,-33.83002471923828,151.24417114257812,69.0,9.4,58,0.97,True
2026-10-09T15:00:00+11:00,2290914,2459_426,-33.878238677978516,151.2084197998047,101.0,0.0,-132,-2.2,False
2026-10-09T15:00:00+11:00,2719716,2514_281,-33.79650115966797,151.18093872070312,179.0,0.0,295,4.92,True
2026-10-09T15:00:00+11:00,2608988,2459_430,-33.88443374633789,151.19749450683594,268.0,5.8,219,3.65,True
2026-10-09T15:00:00+11:00,2284817,2459_389,-33.873802185058594,151.2130584716797,281.0,0.0,482,8.03,False
2026-10-09T15:00:00+11:00,2283182,2459_423,-33.899635314941406,151.17080688476562,25.0,5.0,-189,-3.15,False
2026-10-09T15:00:00+11:00,2725752,7083_SW1,-33.91397476196289,151.16656494140625,0.0,0.0,2953,49.22,False
2026-10-09T15:00:00+11:00,2373917,2508_172X,-33.786598205566406,151.24673461914062,299.0,44.6,-75,-1.25,False
2026-10-09T15:00:00+11:00,2308771,2459_445,-33.88373565673828,151.1564483642578,267.0,33.1,263,4.38,True
2026-10-09T15:00:00+11:00,2285373,2459_348,-33.921329498291016,151.23960876464844,98.0,31.0,-139,-2.32,False
2026-10-09T15:00:00+11:00,2037804,2459_440,-33.88192367553711,151.1568145751953,177.0,16.6,170,2.83,True
2026-10-09T15:00:00+11:00,2290467,2459_418,-33.87751770019531,151.1036376953125,11.0,0.0,41,0.68,True
2026-10-09T15:00:00+11:00,2286351,2459_438X,-33.868011474609375,151.21055603027344,4.0,0.0,0,0.0,True
2026-10-09T15:00:00+11:00,2660253,2459_320,-33.901092529296875,151.20932006835938,41.0,0.4,-2,-0.03,True
2026-10-09T15:00:00+11:00,2037803,2459_440,-33.88575744628906,151.18064880371094,75.0,37.1,-155,-2.58,False
2026-10-09T15:00:00+11:00,2208961,2459_464,-33.86909484863281,151.10533142089844,12.0,0.0,88,1.47,True
2026-10-09T15:00:00+11:00,1962075,2459_412,-33.89253234863281,151.16648864746094,239.0,29.5,219,3.65,True
2026-10-09T15:00:00+11:00,2424389,2508_230,-33.829444885253906,151.22779846191406,42.0,0.0,-62,-1.03,False
2026-10-09T15:00:00+11:00,2373788,2508_243,-33.82804489135742,151.22694396972656,60.0,38.5,418,6.97,False
2026-10-09T15:00:00+11:00,2440934,2508_150X,-33.848384857177734,151.21157836914062,350.0,16.9,-90,-1.5,False
2026-10-09T15:00:00+11:00,2514848,2459_410,-33.86946487426758,151.10523986816406,9.0,0.0,167,2.78,True
2026-10-09T15:00:00+11:00,2287497,2459_433,-33.88069152832031,151.20668029785156,223.0,10.1,0,0.0,True
2026-10-09T15:00:00+11:00,2286862,2459_418,-33.8897705078125,151.1267852783203,290.0,41.8,-178,-2.97,False
2026-10-09T15:00:00+11:00,2736818,2459_308,-33.907508850097656,151.18673706054688,91.0,11.9,68,1.13,True
2026-10-09T15:00:00+11:00,2596311,2459_490,-33.878509521484375,151.103515625,190.0,2.2,-204,-3.4,False
2026-10-09T15:00:00+11:00,2037025,2459_440,-33.88346862792969,151.20327758789062,48.0,3.6,257,4.28,True
2026-10-09T15:00:00+11:00,2289545,2459_442,-33.85700988769531,151.19532775878906,74.0,0.0,49,0.82,True
2026-10-09T15:00:00+11:00,2283711,2459_426,-33.87993621826172,151.20840454101562,186.0,0.0,142,2.37,True
2026-10-09T15:00:00+11:00,2374143,2508_172X,-33.80940246582031,151.2455596923828,34.0,21.2,768,12.8,False
2026-10-09T15:00:00+11:00,2209658,2459_440,-33.88048553466797,151.2165985107422,314.0,35.3,405,6.75,False
2026-10-09T15:00:00+11:00,2377123,2508_B1,-33.82230758666992,151.2438201904297,187.0,45.4,218,3.63,True
2026-10-09T15:00:00+11:00,2285950,2459_438X,-33.88479232788086,151.18634033203125,82.0,44.3,-93,-1.55,False
2026-10-09T15:00:00+11:00,2283196,2459_461X,-33.88793182373047,151.16122436523438,284.0,29.2,47,0.78,True
2026-10-09T15:00:00+11:00,2328510,7084_SW2,-33.909908294677734,151.1713104248047,0.0,0.0,-963,-16.05,False
2026-10-09T15:00:00+11:00,2209353,2459_530,-33.81083679199219,151.17636108398438,47.0,0.0,194,3.23,True
2026-10-09T15:00:00+11:00,2515027,2459_410,-33.87479019165039,151.10414123535156,8.0,3.2,-107,-1.78,False
2026-10-09T15:00:00+11:00,2289089,2459_433,-33.88424301147461,151.19293212890625,131.0,0.0,-96,-1.6,False
2026-10-09T15:00:00+11:00,2668063,2459_420,-33.933475494384766,151.1786346435547,280.0,22.3,25,0.42,True
2026-10-09T15:00:00+11:00,2704896,2504_607X,-33.81293869018555,151.1829376220703,107.0,76.3,-457,-7.62,False
2026-10-09T15:00:00+11:00,2284675,2459_461X,-33.87714385986328,151.10287475585938,96.0,0.0,0,0.0,True
2026-10-09T15:00:00+11:00,2383291,2508_100,-33.84197235107422,151.24362182617188,352.0,0.0,8,0.13,True
2026-10-09T15:00:00+11:00,2288669,2459_433,-33.869266510009766,151.1761016845703,58.0,34.6,-104,-1.73,False
2026-10-09T15:00:00+11:00,2705932,2504_612X,-33.86701583862305,151.205078125,354.0,0.0,0,0.0,True
2026-10-09T15:00:00+11:00,2415855,2508_B1,-33.84246826171875,151.21066284179688,329.0,60.5,80,1.33,True
2026-10-09T15:00:00+11:00,2383297,2508_100,-33.86653137207031,151.2050323486328,356.0,33.8,66,1.1,True
2026-10-09T15:00:00+11:00,2368275,2459_464,-33.86251449584961,151.1082000732422,219.0,12.2,0,0.0,True
2026-10-09T15:00:00+11:00,1960491,2459_412,-33.86501693725586,151.20980834960938,223.0,0.0,0,0.0,True
2026-10-09T15:00:00+11:00,2719835,2514_281,-33.79170608520508,151.19830322265625,246.0,2.9,252,4.2,True
2026-10-09T15:00:00+11:00,2596269,2459_492,-33.8731689453125,151.1273651123047,187.0,33.8,161,2.68,True
2026-10-09T15:00:00+11:00,2283489,2459_461X,-33.88997268676758,151.1468048095703,100.0,41.8,425,7.08,False
2026-10-09T15:00:00+11:00,2286992,2459_426,-33.89590835571289,151.1809539794922,227.0,14.4,251,4.18,True
2026-10-09T15:00:00+11:00,2720017,2514_194,-33.87184524536133,151.20562744140625,353.0,0.0,0,0.0,True
2026-10-09T15:00:00+11:00,2620059,2459_530,-33.869842529296875,151.11276245117188,280.0,41.4,53,0.88,True
2026-10-09T15:00:00+11:00,2286386,2459_428,-33.896629333496094,151.15243530273438,65.0,0.0,-79,-1.32,False
2026-10-09T15:00:00+11:00,1932430,2459_412,-33.881675720214844,151.2057647705078,46.0,29.5,5,0.08,True
2026-10-09T15:00:00+11:00,2038795,2459_440,-33.871856689453125,151.15835571289062,254.0,43.2,-71,-1.18,False
2026-10-09T15:00:00+11:00,2284524,2459_423,-33.881412506103516,151.20608520507812,44.0,27.7,357,5.95,True
2026-10-09T15:00:00+11:00,2287800,2459_461X,-33.871700286865234,151.2162322998047,41.0,0.0,94,1.57,True
2026-10-09T15:00:00+11:00,2284687,2459_441,-33.850101470947266,151.18359375,131.0,3.2,9,0.15,True
2026-10-09T15:00:00+11:00,2283672,2459_422,-33.87934112548828,151.207275390625,98.0,19.4,151,2.52,True
2026-10-09T15:00:00+11:00,1961005,2459_413,-33.88853073120117,151.1556854248047,76.0,0.7,-54,-0.9,True
2026-10-09T15:00:00+11:00,2290093,2459_348,-33.91227340698242,151.22384643554688,315.0,39.6,173,2.88,True
2026-10-09T15:00:00+11:00,2376419,2508_144,-33.794891357421875,151.25694274902344,71.0,51.5,-15,-0.25,True
2026-10-09T15:00:00+11:00,2736572,2459_428,-33.89659118652344,151.17984008789062,236.0,20.2,58,0.97,True
2026-10-09T15:00:00+11:00,2289518,2459_437,-33.872825622558594,151.20481872558594,262.0,15.8,-70,-1.17,False
2026-10-09T15:00:00+11:00,2619980,2459_530,-33.8148307800293,151.1544952392578,283.0,8.6,72,1.2,True
2026-10-09T15:00:00+11:00,2677535,2503_M90,-33.87502670288086,151.10748291015625,9.0,0.0,0,0.0,True
2026-10-09T15:00:00+11:00,2415838,2508_B1,-33.83074951171875,151.2251739501953,66.0,34.2,147,2.45,True
2026-10-09T15:00:00+11:00,2428561,2508_238,-33.8318977355957,151.24447631835938,304.0,2.9,395,6.58,False
2026-10-09T15:00:00+11:00,2383186,2508_100,-33.83841323852539,151.24502563476562,183.0,37.8,-12,-0.2,True
2026-10-09T15:00:00+11:00,2288936,2459_431,-33.88432312011719,151.20057678222656,266.0,39.2,32,0.53,True
2026-10-09T15:00:00+11:00,2596325,2459_491,-33.89497375488281,151.12315368652344,105.0,27.0,-298,-4.97,False
2026-10-09T15:00:00+11:00,2736574,2459_445,-33.88422775268555,151.1572723388672,174.0,0.0,53,0.88,True
2026-10-09T15:00:00+11:00,2208701,2459_440,-33.890235900878906,151.2421417236328,290.0,0.0,158,2.63,True
2026-10-09T15:00:00+11:00,2421350,2508_230,-33.84873962402344,151.2125701904297,178.0,32.4,-39,-0.65,True
2026-10-09T15:00:00+11:00,2635899,2459_504,-33.856285095214844,151.14657592773438,51.0,37.8,53,0.88,True
2026-10-09T15:00:00+11:00,2283476,2459_433,-33.881317138671875,151.18856811523438,310.0,42.8,-11,-0.18,True
2026-10-09T15:00:00+11:00,2288549,2459_348,-33.91059875488281,151.19537353515625,39.0,27.0,511,8.52,False
2026-10-09T15:00:00+11:00,2736716,2459_445,-33.858177185058594,151.18344116210938,292.0,0.0,0,0.0,True
2026-10-09T15:00:00+11:00,2685955,2459_423,-33.865020751953125,151.2108612060547,220.0,0.0,1,0.02,True
2026-10-09T15:00:00+11:00,1962076,2459_412,-33.884552001953125,151.19435119628906,264.0,25.2,312,5.2,True
2026-10-09T15:00:00+11:00,2284967,2459_437,-33.868099212646484,151.17855834960938,68.0,45.7,22,0.37,True
2026-10-09T15:00:00+11:00,2286572,2459_433,-33.856998443603516,151.1800537109375,126.0,30.2,-132,-2.2,False
2026-10-09T15:00:00+11:00,2368261,2459_466,-33.84941101074219,151.11358642578125,203.0,28.1,40,0.67,True
2026-10-09T15:00:00+11:00,2554370,2459_358,-33.92045974731445,151.1879119873047,11.0,0.0,53,0.88,True
2026-10-09T15:00:00+11:00,2706816,2504_607X,-33.86470031738281,151.2047882080078,354.0,0.0,-12,-0.2,True
2026-10-09T15:00:00+11:00,2282986,2459_438X,-33.86502456665039,151.2097930908203,227.0,0.0,32,0.53,True
2026-10-09T15:00:00+11:00,2373716,2508_144,-33.809547424316406,151.17819213867188,204.0,51.5,12,0.2,True
2026-10-09T15:00:00+11:00,2289006,2459_461X,-33.8798828125,151.20907592773438,192.0,29.5,266,4.43,True
2026-10-09T15:00:00+11:00,2284982,2459_441,-33.865570068359375,151.17691040039062,13.0,29.9,11,0.18,True
2026-10-09T15:00:00+11:00,2377389,2508_100,-33.84074020385742,151.2189178466797,183.0,35.3,0,0.0,True
2026-10-09T15:00:00+11:00,2618565,2459_422,-33.921329498291016,151.16554260253906,252.0,40.7,-64,-1.07,False
2026-10-09T15:00:00+11:00,2421368,2508_230,-33.83161544799805,151.22293090820312,268.0,0.0,348,5.8,True
2026-10-09T15:00:00+11:00,2290405,2459_433,-33.863704681396484,151.1702880859375,204.0,0.0,-49,-0.82,True
2026-10-09T15:00:00+11:00,2283326,2459_437,-33.8836669921875,151.14149475097656,145.0,29.5,46,0.77,True
2026-10-09T15:00:00+11:00,2288994,2459_442,-33.859336853027344,151.17739868164062,184.0,0.0,2,0.03,True
2026-10-09T15:00:00+11:00,2554059,2459_358,-33.91544723510742,151.16542053222656,67.0,0.0,0,0.0,True
2026-10-09T15:00:00+11:00,2283332,2459_303,-33.92230224609375,151.21922302246094,198.0,24.8,135,2.25,True
2026-10-09T15:00:00+11:00,2718579,2508_114,-33.82386779785156,151.19720458984375,323.0,0.0,558,9.3,False
2026-10-09T15:00:00+11:00,2290667,2459_438X,-33.84486389160156,151.12850952148438,3.0,0.0,6,0.1,True
2026-10-09T15:00:00+11:00,2375111,2508_144,-33.82591247558594,151.23280334472656,40.0,37.4,267,4.45,True
2026-10-09T15:00:00+11:00,2284019,2459_428,-33.875797271728516,151.2095947265625,3.0,33.1,-26,-0.43,True
2026-10-09T15:00:00+11:00,2290261,2459_389,-33.871158599853516,151.19476318359375,334.0,0.0,432,7.2,False
2026-10-09T15:00:00+11:00,2415863,2508_B1,-33.7970085144043,151.25254821777344,9.0,31.0,241,4.02,True
2026-10-09T15:00:00+11:00,2636133,2459_504,-33.86414337158203,151.17066955566406,132.0,0.0,55,0.92,True
2026-10-09T15:00:00+11:00,2376526,2508_172X,-33.820289611816406,151.24391174316406,174.0,4.0,7,0.12,True
2026-10-09T15:00:00+11:00,2095791,2508_160X,-33.78374099731445,151.19085693359375,70.0,45.0,342,5.7,True
2026-10-09T15:00:00+11:00,2209624,2459_530,-33.85731887817383,151.14503479003906,47.0,26.3,230,3.83,True
2026-10-09T15:00:00+11:00,2289213,2459_431,-33.88026809692383,151.2068328857422,13.0,0.0,-170,-2.83,False
2026-10-09T15:00:00+11:00,2283628,2459_438X,-33.867454528808594,151.21063232421875,184.0,0.0,0,0.0,True
2026-10-09T15:00:00+11:00,2286358,2459_502,-33.8681755065918,151.1272430419922,276.0,42.1,79,1.32,True
2026-10-09T15:00:00+11:00,2208550,2459_464,-33.892906188964844,151.1170654296875,183.0,6.1,234,3.9,True
2026-10-09T15:00:00+11:00,2208692,2459_464,-33.86392593383789,151.10733032226562,209.0,42.1,-9,-0.15,True
2026-10-09T15:00:00+11:00,2739621,2459_458,-33.87749481201172,151.10391235351562,60.0,4.7,391,6.52,False
2026-10-09T15:00:00+11:00,2285072,2459_389,-33.871002197265625,151.19467163085938,320.0,0.0,1029,17.15,False
2026-10-09T15:00:00+11:00,1962554,2459_410,-33.87480545043945,151.10414123535156,190.0,0.0,0,0.0,True
2026-10-09T15:00:00+11:00,2283079,2459_422,-33.88674545288086,151.17955017089844,316.0,0.4,368,6.13,False
2026-10-09T15:00:00+11:00,2290110,2459_422,-33.89543151855469,151.18154907226562,220.0,22.3,-55,-0.92,True
2026-10-09T15:00:00+11:00,2038758,2459_469,-33.885284423828125,151.14999389648438,18.0,12.6,0,0.0,True
2026-10-09T15:00:00+11:00,2285992,2459_437,-33.88422775268555,151.14772033691406,270.0,20.5,62,1.03,True
2026-10-09T15:00:00+11:00,2376710,2508_173X,-33.86616516113281,151.2063446044922,6.0,0.0,0,0.0,True
2026-10-09T15:00:00+11:00,2283594,2459_303,-33.92108154296875,151.23785400390625,280.0,0.0,0,0.0,True
2026-10-09T15:00:00+11:00,2389214,2508_173X,-33.830020904541016,151.21600341796875,280.0,50.8,-377,-6.28,False
2026-10-09T15:00:00+11:00,2349303,2459_418,-33.87456130981445,151.1043243408203,188.0,0.0,536,8.93,False
2026-10-09T15:00:00+11:00,2720985,2514_270,-33.870704650878906,151.2054901123047,352.0,28.1,0,0.0,True
2026-10-09T15:00:00+11:00,2288093,2459_438X,-33.88446807861328,151.19891357421875,267.0,46.8,743,12.38,False
2026-10-09T15:00:00+11:00,2038031,2459_469,-33.88341522216797,151.1590576171875,172.0,0.0,-148,-2.47,False
2026-10-09T15:00:00+11:00,2288322,2459_461X,-33.869632720947266,151.11245727539062,97.0,38.2,361,6.02,False
2026-10-09T15:00:00+11:00,2705616,2504_607X,-33.81990432739258,151.20346069335938,325.0,78.8,300,5.0,True
2026-10-09T15:00:00+11:00,2383172,2508_100,-33.829742431640625,151.21315002441406,5.0,0.4,211,3.52,True
2026-10-09T15:00:00+11:00,2376772,2508_172X,-33.86634063720703,151.2057647705078,173.0,0.0,0,0.0,True
2026-10-09T15:00:00+11:00,2668029,2459_420,-33.92292022705078,151.1684112548828,43.0,67.0,-125,-2.08,False
2026-10-09T15:00:00+11:00,2596425,2459_490,-33.85039520263672,151.15521240234375,110.0,0.0,0,0.0,True
2026-10-09T15:00:00+11:00,2415632,2508_B1,-33.86589050292969,151.20640563964844,14.0,5.8,0,0.0,True
2026-10-09T15:00:00+11:00,2208974,2459_464,-33.88762283325195,151.12112426757812,64.0,0.0,-306,-5.1,False
2026-10-09T15:00:00+11:00,2708635,2504_612X,-33.870338439941406,151.20620727539062,179.0,0.0,0,0.0,True
2026-10-09T15:00:00+11:00,1963105,2459_412,-33.87653732299805,151.20948791503906,184.0,24.8,116,1.93,True
2026-10-09T15:00:00+11:00,2283316,2459_428,-33.886962890625,151.1936492919922,27.0,0.0,-56,-0.93,True
2026-10-09T15:00:00+11:00,2429143,2459_418,-33.874534606933594,151.1075897216797,7.0,0.0,20,0.33,True
2026-10-09T15:00:00+11:00,1961272,2459_412,-33.88853454589844,151.18145751953125,316.0,13.7,-59,-0.98,True
2026-10-09T15:00:00+11:00,2286414,2459_415,-33.84821319580078,151.14096069335938,53.0,32.0,-74,-1.23,False
2026-10-09T15:00:00+11:00,2383250,2508_100,-33.87150573730469,151.20639038085938,173.0,0.0,-55,-0.92,True
2026-10-09T15:00:00+11:00,2283250,2459_431,-33.87538528442383,151.2096405029297,186.0,0.0,-52,-0.87,True
2026-10-09T15:00:00+11:00,2608959,2459_430,-33.88466262817383,151.19461059570312,18.0,0.0,75,1.25,True
2026-10-09T15:00:00+11:00,2736644,2459_428,-33.878143310546875,151.207763671875,280.0,8.6,276,4.6,True
2026-10-09T15:00:00+11:00,2209742,2459_487,-33.911441802978516,151.11863708496094,141.0,0.0,0,0.0,True
2026-10-09T15:00:00+11:00,2284567,2459_441,-33.87328338623047,151.20973205566406,95.0,23.0,-59,-0.98,True
2026-10-09T15:00:00+11:00,2718611,2508_144,-33.810604095458984,151.1765594482422,51.0,0.0,436,7.27,False
2026-10-09T15:00:00+11:00,1931872,2459_412,-33.90232467651367,151.15333557128906,3.0,28.1,161,2.68,True
2026-10-09T15:00:00+11:00,2209234,2459_440,-33.8847541809082,151.19142150878906,265.0,41.4,185,3.08,True
2026-10-09T15:00:00+11:00,2287319,2459_442,-33.85709762573242,151.1957550048828,173.0,10.8,0,0.0,True
2026-10-09T15:00:00+11:00,2660407,2459_320,-33.883888244628906,151.20364379882812,207.0,0.0,0,0.0,True
2026-10-09T15:00:00+11:00,2554203,2459_358,-33.92521286010742,151.2204132080078,98.0,0.7,7,0.12,True
2026-10-09T15:00:00+11:00,2286785,2459_502,-33.87297058105469,151.2042999267578,244.0,0.0,-9,-0.15,True
2026-10-09T15:00:00+11:00,2368260,2459_428,-33.912174224853516,151.1189727783203,53.0,21.6,0,0.0,True
2026-10-09T15:00:00+11:00,2725705,7083_SW1,-33.915313720703125,151.16616821289062,-1.0,0.0,-239,-3.98,False
2026-10-09T15:00:00+11:00,2736756,2459_445,-33.866939544677734,151.16554260253906,222.0,31.3,133,2.22,True
2026-10-09T15:00:00+11:00,2475150,2459_389,-33.8790283203125,151.21905517578125,101.0,32.8,-99,-1.65,False
2026-10-09T15:00:00+11:00,2283512,2459_438X,-33.87931442260742,151.20916748046875,185.0,5.0,33,0.55,True
2026-10-09T15:00:00+11:00,2415837,2508_B1,-33.812843322753906,151.24427795410156,48.0,22.0,105,1.75,True
2026-10-09T15:00:00+11:00,2289989,2459_348,-33.894752502441406,151.1982879638672,14.0,21.2,0,0.0,True
2026-10-09T15:00:00+11:00,2718597,2508_114,-33.83060073852539,151.22598266601562,243.0,23.0,286,4.77,True
2026-10-09T15:00:00+11:00,2704137,2504_610X,-33.849449157714844,151.2125701904297,198.0,67.3,-472,-7.87,False
2026-10-09T15:00:00+11:00,2209078,2459_440,-33.890899658203125,151.24864196777344,96.0,0.0,0,0.0,True
2026-10-09T15:00:00+11:00,2037026,2459_440,-33.88414001464844,151.2007293701172,88.0,38.5,-109,-1.82,False
2026-10-09T15:00:00+11:00,2725778,7083_SW1,-33.909912109375,151.1324462890625,322.0,14.4,165,2.75,True
2026-10-09T15:00:00+11:00,2719749,2514_270,-33.79279708862305,151.2074737548828,160.0,44.6,204,3.4,True
2026-10-09T15:00:00+11:00,2553941,2459_358,-33.9230842590332,151.20802307128906,280.0,0.0,427,7.12,False
2026-10-09T15:00:00+11:00,2287056,2459_470,-33.880096435546875,151.2071075439453,278.0,16.6,15,0.25,True
2026-10-09T15:00:00+11:00,2283815,2459_442,-33.87350082397461,151.20162963867188,65.0,54.0,-19,-0.32,True
2026-10-09T15:00:00+11:00,2714655,2508_114,-33.82322692871094,151.24990844726562,78.0,22.0,-6,-0.1,True
2026-10-09T15:00:00+11:00,2475205,2459_389,-33.89145278930664,151.24623107910156,109.0,6.5,-1,-0.02,True
2026-10-09T15:00:00+11:00,2618575,2459_422,-33.88447189331055,151.19778442382812,267.0,0.4,-6,-0.1,True
2026-10-09T15:00:00+11:00,2685917,2459_423,-33.88246536254883,151.2048797607422,224.0,43.9,182,3.03,True
2026-10-09T15:00:00+11:00,2286509,2459_423,-33.894378662109375,151.1822509765625,39.0,30.6,74,1.23,True
2026-10-09T15:00:00+11:00,2377240,2508_B1,-33.83163833618164,151.2227783203125,269.0,0.0,-92,-1.53,False
2026-10-09T15:00:00+11:00,2383249,2508_100,-33.8313102722168,151.22393798828125,247.0,27.4,233,3.88,True
2026-10-09T15:00:00+11:00,2554126,2459_358,-33.92097854614258,151.18136596679688,110.0,27.4,1548,25.8,False
2026-10-09T15:00:00+11:00,2037595,2459_470,-33.87367248535156,151.16259765625,72.0,45.7,0,0.0,True
2026-10-09T15:00:00+11:00,2288714,2459_418,-33.90810775756836,151.15049743652344,291.0,37.8,173,2.88,True
2026-10-09T15:00:00+11:00,2374155,2508_100,-33.82617950439453,151.23277282714844,220.0,0.4,123,2.05,True
2026-10-09T15:00:00+11:00,2553939,2459_358,-33.91591262817383,151.1739044189453,53.0,0.0,1,0.02,True
2026-10-09T15:00:00+11:00,2289418,2459_433,-33.858062744140625,151.18325805664062,277.0,0.0,0,0.0,True
2026-10-09T15:00:00+11:00,2685975,2459_423,-33.910953521728516,151.15728759765625,300.0,20.2,341,5.68,True
2026-10-09T15:00:00+11:00,2376640,2508_144,-33.82771682739258,151.20175170898438,102.0,5.4,443,7.38,False
2026-10-09T15:00:00+11:00,2484413,2459_483,-33.887939453125,151.16127014160156,284.0,27.7,99,1.65,True
2026-10-09T15:00:00+11:00,2668023,2459_420,-33.9253044128418,151.1894073486328,40.0,15.1,317,5.28,True
2026-10-09T15:00:00+11:00,2721367,2514_271,-33.804744720458984,151.20545959472656,10.0,14.4,-52,-0.87,True
2026-10-09T15:00:00+11:00,2636036,2459_504,-33.87349319458008,151.21261596679688,186.0,0.0,44,0.73,True
2026-10-09T15:00:00+11:00,2596227,2459_492,-33.87091827392578,151.1288604736328,42.0,29.5,313,5.22,True
2026-10-09T15:00:00+11:00,2596330,2459_490,-33.893341064453125,151.1125946044922,6.0,29.5,785,13.08,False
2026-10-09T15:00:00+11:00,1959185,2459_406,-33.86691665649414,151.14134216308594,347.0,33.8,-192,-3.2,False
2026-10-09T15:00:00+11:00,2710351,2504_610X,-33.87179946899414,151.2064208984375,175.0,0.0,0,0.0,True
2026-10-09T15:00:00+11:00,2376297,2508_111,-33.831298828125,151.243896484375,54.0,30.2,115,1.92,True
2026-10-09T15:00:00+11:00,2377294,2508_172X,-33.83072280883789,151.22048950195312,115.0,30.6,161,2.68,True
2026-10-09T15:00:00+11:00,2287901,2459_431,-33.877628326416016,151.18540954589844,140.0,0.0,66,1.1,True
2026-10-09T15:00:00+11:00,2287139,2459_470,-33.880706787109375,151.16835021972656,291.0,0.0,-43,-0.72,True
2026-10-09T15:00:00+11:00,2596276,2459_491,-33.91608810424805,151.11770629882812,135.0,34.6,224,3.73,True
2026-10-09T15:00:00+11:00,2596396,2459_491,-33.868751525878906,151.13174438476562,256.0,39.2,353,5.88,True
2026-10-09T15:00:00+11:00,2660124,2459_320,-33.896915435791016,151.21282958984375,100.0,16.6,149,2.48,True
2026-10-09T15:00:00+11:00,2718594,2508_144,-33.828792572021484,151.22906494140625,244.0,6.5,575,9.58,False
2026-10-09T15:00:00+11:00,2685952,2459_423,-33.91966247558594,151.14486694335938,208.0,1.4,539,8.98,False
2026-10-09T15:00:00+11:00,2284198,2459_470,-33.8846549987793,151.19386291503906,263.0,0.0,111,1.85,True
2026-10-09T15:00:00+11:00,2718574,2508_144,-33.82051086425781,151.24404907226562,174.0,0.0,295,4.92,True
2026-10-09T15:00:00+11:00,2721190,2514_283,-33.79635238647461,151.18093872070312,180.0,0.0,0,0.0,True
2026-10-09T15:00:00+11:00,2454751,2508_225,-33.82826232910156,151.22984313964844,61.0,24.8,477,7.95,False
2026-10-09T15:00:00+11:00,2725804,7083_SW1,-33.91189193725586,151.13992309570312,324.0,16.9,-21,-0.35,True
2026-10-09T15:00:00+11:00,2392629,2508_114,-33.82615280151367,151.2325897216797,41.0,30.2,30,0.5,True
2026-10-09T15:00:00+11:00,2635845,2459_504,-33.87320327758789,151.208984375,98.0,28.1,-40,-0.67,True
2026-10-09T15:00:00+11:00,2288833,2459_438X,-33.88046646118164,151.206787109375,11.0,0.0,640,10.67,False
2026-10-09T15:00:00+11:00,2283269,2459_438X,-33.868385314941406,151.1295166015625,8.0,28.8,301,5.02,True
2026-10-09T15:00:00+11:00,2209318,2459_408,-33.87532424926758,151.10433959960938,189.0,14.4,0,0.0,True
2026-10-09T15:00:00+11:00,2515143,2459_410,-33.86201858520508,151.1068878173828,298.0,36.0,352,5.87,True
2026-10-09T15:00:00+11:00,2038733,2459_470,-33.8834114074707,151.20358276367188,45.0,0.0,-65,-1.08,False
2026-10-09T15:00:00+11:00,2286462,2459_423,-33.91062927246094,151.15621948242188,40.0,0.0,-112,-1.87,False
2026-10-09T15:00:00+11:00,2636068,2459_504,-33.85685729980469,151.14581298828125,232.0,0.0,18,0.3,True
2026-10-09T15:00:00+11:00,2289595,2459_426,-33.89906311035156,151.17149353027344,71.0,19.8,30,0.5,True
2026-10-09T15:00:00+11:00,2570078,7083_SW1,-33.907405853271484,151.1288604736328,124.0,31.3,-167,-2.78,False
2026-10-09T15:00:00+11:00,2720601,2514_194,-33.870750427246094,151.2062225341797,184.0,14.8,104,1.73,True
2026-10-09T15:00:00+11:00,2428567,2508_B1,-33.86637496948242,151.20632934570312,8.0,0.0,0,0.0,True
2026-10-09T15:00:00+11:00,2438457,7084_SW2,-33.90461349487305,151.14369201660156,319.0,24.1,14,0.23,True
2026-10-09T15:00:00+11:00,2287927,2459_438X,-33.887935638427734,151.16152954101562,106.0,32.0,-261,-4.35,False
2026-10-09T15:00:00+11:00,2383292,2508_100,-33.86027908325195,151.2061004638672,193.0,52.9,-45,-0.75,True
2026-10-09T15:00:00+11:00,1961556,2459_480,-33.88981628417969,151.126708984375,103.0,25.6,105,1.75,True
2026-10-09T15:00:00+11:00,1958665,2459_412,-33.91328048706055,151.137939453125,52.0,24.8,-196,-3.27,False
2026-10-09T15:00:00+11:00,2660473,2459_320,-33.88434600830078,151.20338439941406,37.0,0.0,0,0.0,True
2026-10-09T15:00:00+11:00,2285339,2459_428,-33.901065826416016,151.1700439453125,25.0,43.9,46,0.77,True
2026-10-09T15:00:00+11:00,2285096,2459_423,-33.88418197631836,151.1960906982422,86.0,4.7,-33,-0.55,True
2026-10-09T15:00:00+11:00,2554003,2459_358,-33.92527770996094,151.21929931640625,281.0,38.2,50,0.83,True
2026-10-09T15:00:00+11:00,1973454,2508_162,-33.80719757080078,151.25997924804688,188.0,0.0,302,5.03,True
2026-10-09T15:00:00+11:00,2672339,2507_115,-33.79603576660156,151.18426513671875,69.0,0.0,98,1.63,True
2026-10-09T15:00:00+11:00,2644426,2507_120,-33.796016693115234,151.18386840820312,252.0,0.0,-525,-8.75,False
2026-10-09T15:00:00+11:00,2537675,2507_506,-33.84809112548828,151.15260314941406,154.0,53.6,-369,-6.15,False
2026-10-09T15:00:00+11:00,2538249,2507_506,-33.87278747558594,151.2063751220703,94.0,0.0,634,10.57,False
2026-10-09T15:00:00+11:00,2644666,2507_501,-33.8458137512207,151.1511688232422,152.0,55.1,58,0.97,True
2026-10-09T15:00:00+11:00,2621654,2507_516,-33.79763412475586,151.17860412597656,248.0,0.0,29,0.48,True
2026-10-09T15:00:00+11:00,2672404,2507_115,-33.81043243408203,151.19955444335938,180.0,0.0,429,7.15,False
2026-10-09T15:00:00+11:00,2322353,2507_506,-33.8386116027832,151.14511108398438,348.0,59.4,96,1.6,True
2026-10-09T15:00:00+11:00,2643987,2507_501,-33.87114715576172,151.19476318359375,155.0,0.7,-173,-2.88,False
2026-10-09T15:00:00+11:00,2654575,2507_52,-33.83203887939453,151.12680053710938,356.0,1.1,-79,-1.32,False
2026-10-09T15:00:00+11:00,2407190,2507_261,-33.84115982055664,151.2080078125,277.0,0.0,0,0.0,True
2026-10-09T15:00:00+11:00,2654565,2507_261,-33.82630157470703,151.17559814453125,312.0,33.5,113,1.88,True
2026-10-09T15:00:00+11:00,2672445,2507_115,-33.825294494628906,151.20086669921875,1.0,36.7,-36,-0.6,True
2026-10-09T15:00:00+11:00,2407922,2507_252,-33.83021926879883,151.12693786621094,234.0,0.0,0,0.0,True
2026-10-09T15:00:00+11:00,2738328,2507_533,-33.8073616027832,151.1693572998047,279.0,42.1,248,4.13,True
2026-10-09T15:00:00+11:00,2654541,2507_52,-33.86188888549805,151.1669158935547,117.0,0.0,160,2.67,True
2026-10-09T15:00:00+11:00,2433019,2507_265,-33.81820297241211,151.17027282714844,95.0,5.8,49,0.82,True
2026-10-09T15:00:00+11:00,2682060,2507_202,-33.81129837036133,151.214111328125,100.0,42.5,177,2.95,True
2026-10-09T15:00:00+11:00,2681914,2507_267,-33.827938079833984,151.20187377929688,191.0,0.4,499,8.32,False
2026-10-09T15:00:00+11:00,2672356,2507_115,-33.8109016418457,151.19943237304688,1.0,0.0,223,3.72,True
2026-10-09T15:00:00+11:00,2322356,2507_506,-33.819210052490234,151.12879943847656,299.0,30.6,1566,26.1,False
2026-10-09T15:00:00+11:00,2643554,2507_120,-33.796138763427734,151.1811981201172,0.0,0.0,0,0.0,True
2026-10-09T15:00:00+11:00,2672308,2507_115,-33.79604721069336,151.18368530273438,258.0,2.9,-409,-6.82,False
2026-10-09T15:00:00+11:00,2643095,2507_120,-33.80482864379883,151.19937133789062,191.0,5.8,363,6.05,False
2026-10-09T15:00:00+11:00,2228731,2507_288,-33.83395767211914,151.2115478515625,20.0,52.9,32,0.53,True
2026-10-09T15:00:00+11:00,2621508,2507_256,-33.796138763427734,151.1720733642578,94.0,39.2,-165,-2.75,False
2026-10-09T15:00:00+11:00,2642997,2507_501,-33.87064743041992,151.19448852539062,335.0,22.0,126,2.1,True
2026-10-09T15:00:00+11:00,2230095,2507_288,-33.86606979370117,151.2033233642578,173.0,0.0,0,0.0,True
2026-10-09T15:00:00+11:00,2643636,2507_501,-33.879581451416016,151.20701599121094,10.0,12.2,0,0.0,True
2026-10-09T15:00:00+11:00,2644167,2507_254,-33.81747817993164,151.18161010742188,104.0,38.2,30,0.5,True
2026-10-09T15:00:00+11:00,2643744,2507_207,-33.80423355102539,151.2100067138672,245.0,0.0,-109,-1.82,False
2026-10-09T15:00:00+11:00,2644643,2507_501,-33.82322692871094,151.12261962890625,304.0,0.0,186,3.1,True
2026-10-09T15:00:00+11:00,2441675,2507_207,-33.85260009765625,151.21054077148438,27.0,64.1,10,0.17,True
2026-10-09T15:00:00+11:00,2407895,2507_538,-33.82640075683594,151.1377410888672,209.0,9.0,-56,-0.93,True
2026-10-09T15:00:00+11:00,2654396,2507_52,-33.867923736572266,151.17564392089844,339.0,0.0,170,2.83,True
2026-10-09T15:00:00+11:00,2407678,2507_261,-33.83393478393555,151.16958618164062,314.0,20.2,168,2.8,True
2026-10-09T15:00:00+11:00,2228440,2507_275,-33.79132843017578,151.19851684570312,163.0,0.0,345,5.75,True
2026-10-09T15:00:00+11:00,2682156,2507_536,-33.82981872558594,151.12733459472656,48.0,0.0,0,0.0,True
2026-10-09T15:00:00+11:00,2644972,2507_120,-33.870277404785156,151.2061767578125,176.0,5.4,-309,-5.15,False
2026-10-09T15:00:00+11:00,2581460,2507_269,-33.842002868652344,151.2098846435547,316.0,35.6,-79,-1.32,False
2026-10-09T15:00:00+11:00,2644562,2507_501,-33.880767822265625,151.20668029785156,210.0,0.0,0,0.0,True
2026-10-09T15:00:00+11:00,2644397,2507_120,-33.8233757019043,151.20681762695312,301.0,65.9,301,5.02,True
2026-10-09T15:00:00+11:00,2744597,2507_292,-33.811851501464844,151.16848754882812,289.0,37.4,172,2.87,True
2026-10-09T15:00:00+11:00,2672305,2507_115,-33.80340576171875,151.19879150390625,101.0,34.9,72,1.2,True
2026-10-09T15:00:00+11:00,2322373,2507_506,-33.869022369384766,151.1765594482422,263.0,0.0,-1,-0.02,True
2026-10-09T15:00:00+11:00,2644809,2507_120,-33.87042999267578,151.20545959472656,353.0,15.8,131,2.18,True
2026-10-09T15:00:00+11:00,2644947,2507_501,-33.8508186340332,151.1540985107422,324.0,0.0,62,1.03,True
2026-10-09T15:00:00+11:00,2672318,2507_115,-33.83688735961914,151.20681762695312,101.0,0.0,207,3.45,True
2026-10-09T15:00:00+11:00,2681939,2507_267,-33.80101013183594,151.19424438476562,190.0,21.2,47,0.78,True
2026-10-09T15:00:00+11:00,2644005,2507_501,-33.829872131347656,151.12677001953125,175.0,3.6,-225,-3.75,False
2026-10-09T15:00:00+11:00,2447562,2507_203,-33.849632263183594,151.2129364013672,233.0,0.0,0,0.0,True
2026-10-09T15:00:00+11:00,2643261,2507_120,-33.792755126953125,151.1942596435547,69.0,5.8,114,1.9,True
2026-10-09T15:00:00+11:00,2731423,2507_291,-33.80185317993164,151.14564514160156,149.0,32.4,91,1.52,True
2026-10-09T15:00:00+11:00,2744543,2507_292,-33.812355041503906,151.1716766357422,95.0,0.0,-441,-7.35,False
2026-10-09T15:00:00+11:00,2621585,2507_252,-33.823421478271484,151.19447326660156,258.0,1.8,29,0.48,True
2026-10-09T15:00:00+11:00,2654384,2507_52,-33.87325668334961,151.20945739746094,277.0,30.2,-58,-0.97,True
2026-10-09T15:00:00+11:00,2621558,2507_288,-33.80519485473633,151.1514892578125,108.0,46.1,478,7.97,False
2026-10-09T15:00:00+11:00,2621447,2507_516,-33.79283905029297,151.1563720703125,261.0,0.0,885,14.75,False
2026-10-09T15:00:00+11:00,2555580,2507_291,-33.80833053588867,151.15492248535156,330.0,61.9,90,1.5,True
2026-10-09T15:00:00+11:00,2644338,2507_202,-33.840328216552734,151.2083282470703,146.0,9.4,-188,-3.13,False
2026-10-09T15:00:00+11:00,2356514,2509_339,-33.91437530517578,151.26644897460938,132.0,1.1,56,0.93,True
2026-10-09T15:00:00+11:00,2674987,2509_309,-33.89327621459961,151.19894409179688,21.0,0.0,0,0.0,True
2026-10-09T15:00:00+11:00,2357796,2509_370,-33.8845100402832,151.19326782226562,265.0,0.0,844,14.07,False
2026-10-09T15:00:00+11:00,2356806,2509_311,-33.87328338623047,151.20980834960938,280.0,28.1,330,5.5,True
2026-10-09T15:00:00+11:00,2357508,2509_343,-33.922813415527344,151.20608520507812,281.0,3.6,186,3.1,True
2026-10-09T15:00:00+11:00,2137772,2509_306,-33.893585205078125,151.19873046875,20.0,0.0,0,0.0,True
2026-10-09T15:00:00+11:00,2352322,2509_307,-33.942928314208984,151.2030487060547,75.0,18.0,1002,16.7,False
2026-10-09T15:00:00+11:00,2564645,2509_350,-33.92800521850586,151.25526428222656,191.0,36.7,243,4.05,True
2026-10-09T15:00:00+11:00,2564837,2509_350,-33.94327163696289,151.21878051757812,124.0,50.8,337,5.62,True
2026-10-09T15:00:00+11:00,2564530,2509_333,-33.88100051879883,151.21771240234375,300.0,16.2,54,0.9,True
2026-10-09T15:00:00+11:00,2628681,2509_304,-33.85880661010742,151.203857421875,300.0,0.0,0,0.0,True
2026-10-09T15:00:00+11:00,2533079,2509_352,-33.88864517211914,151.19882202148438,287.0,30.2,186,3.1,True
2026-10-09T15:00:00+11:00,2667442,2509_326,-33.89194107055664,151.25088500976562,84.0,35.6,104,1.73,True
2026-10-09T15:00:00+11:00,2740236,2509_370,-33.9120979309082,151.2141571044922,60.0,42.8,186,3.1,True
2026-10-09T15:00:00+11:00,2532655,2509_324,-33.87042236328125,151.26856994628906,237.0,33.8,294,4.9,True
2026-10-09T15:00:00+11:00,2431426,2509_396,-33.94209289550781,151.2425537109375,279.0,39.2,-73,-1.22,False
2026-10-09T15:00:00+11:00,2435571,2509_390X,-33.91218566894531,151.23912048339844,167.0,14.0,21,0.35,True
2026-10-09T15:00:00+11:00,2352540,2509_307,-33.93999481201172,151.2278594970703,287.0,31.3,16,0.27,True
2026-10-09T15:00:00+11:00,2564716,2509_350,-33.93460464477539,151.19467163085938,73.0,35.6,153,2.55,True
2026-10-09T15:00:00+11:00,2357541,2509_339,-33.90451431274414,151.2267303466797,297.0,0.0,361,6.02,False
2026-10-09T15:00:00+11:00,2355863,2509_390X,-33.913272857666016,151.23973083496094,342.0,12.6,430,7.17,False
2026-10-09T15:00:00+11:00,2488455,2509_392,-33.90991973876953,151.2228546142578,98.0,0.0,339,5.65,True
2026-10-09T15:00:00+11:00,2534017,2509_313,-33.90708541870117,151.25213623046875,10.0,0.0,131,2.18,True
2026-10-09T15:00:00+11:00,2356561,2509_370,-33.909820556640625,151.2221221923828,282.0,40.0,195,3.25,True
2026-10-09T15:00:00+11:00,2335874,2509_309,-33.955299377441406,151.20509338378906,327.0,0.0,-51,-0.85,True
2026-10-09T15:00:00+11:00,2410319,2509_392,-33.90998840332031,151.22291564941406,273.0,0.0,-47,-0.78,True
2026-10-09T15:00:00+11:00,2628763,2509_304,-33.90751266479492,151.2056884765625,295.0,37.1,233,3.88,True
2026-10-09T15:00:00+11:00,2151779,2509_333,-33.86227798461914,151.21119689941406,4.0,0.0,0,0.0,True
2026-10-09T15:00:00+11:00,2628637,2509_304,-33.8809814453125,151.2149200439453,3.0,4.7,250,4.17,True
2026-10-09T15:00:00+11:00,2335549,2509_309,-33.90401840209961,151.20248413085938,335.0,33.5,49,0.82,True
2026-10-09T15:00:00+11:00,2152014,2509_333,-33.88974380493164,151.24195861816406,157.0,18.4,180,3.0,True
2026-10-09T15:00:00+11:00,2534029,2509_327,-33.891998291015625,151.2503204345703,81.0,23.0,6,0.1,True
2026-10-09T15:00:00+11:00,2565045,2509_333,-33.889076232910156,151.27713012695312,266.0,10.8,-17,-0.28,True
2026-10-09T15:00:00+11:00,2531977,2509_325,-33.8798828125,151.2376708984375,172.0,10.8,-333,-5.55,False
2026-10-09T15:00:00+11:00,2564649,2509_355,-33.895755767822266,151.22373962402344,294.0,0.0,295,4.92,True
2026-10-09T15:00:00+11:00,2533624,2509_325,-33.869808197021484,151.26966857910156,228.0,15.8,53,0.88,True
2026-10-09T15:00:00+11:00,2564684,2509_350,-33.93169403076172,151.18397521972656,17.0,0.0,129,2.15,True
2026-10-09T15:00:00+11:00,2137533,2509_396,-33.87807846069336,151.21372985839844,308.0,24.5,50,0.83,True
2026-10-09T15:00:00+11:00,2139591,2509_375,-33.94482421875,151.22630310058594,192.0,0.0,0,0.0,True
2026-10-09T15:00:00+11:00,2435450,2509_390X,-33.891136169433594,151.20590209960938,9.0,42.5,0,0.0,True
2026-10-09T15:00:00+11:00,2431149,2509_396,-33.861534118652344,151.2113037109375,7.0,2.9,0,0.0,True
2026-10-09T15:00:00+11:00,2548811,2509_328,-33.88782501220703,151.2399139404297,299.0,0.0,254,4.23,True
2026-10-09T15:00:00+11:00,2356353,2509_343,-33.90703201293945,151.20745849609375,145.0,0.0,399,6.65,False
2026-10-09T15:00:00+11:00,2357005,2509_339,-33.91449737548828,151.2666015625,131.0,0.0,43,0.72,True
2026-10-09T15:00:00+11:00,2396558,2509_392,-33.945491790771484,151.22665405273438,325.0,32.8,-194,-3.23,False
2026-10-09T15:00:00+11:00,2356093,2509_370,-33.9106559753418,151.2049102783203,277.0,3.6,353,5.88,True
2026-10-09T15:00:00+11:00,2532164,2509_362,-33.895233154296875,151.27113342285156,8.0,0.0,67,1.12,True
2026-10-09T15:00:00+11:00,2356628,2509_343,-33.89251708984375,151.20742797851562,190.0,9.0,229,3.82,True
2026-10-09T15:00:00+11:00,2357570,2509_374,-33.88258743286133,151.2077178955078,125.0,29.5,0,0.0,True
2026-10-09T15:00:00+11:00,1780183,2509_756e,-33.88974380493164,151.28173828125,276.0,24.1,350,5.83,True
2026-10-09T15:00:00+11:00,2151643,2509_333,-33.87911605834961,151.2150421142578,134.0,36.0,-5,-0.08,True
2026-10-09T15:00:00+11:00,2357004,2509_343,-33.880401611328125,151.20892333984375,14.0,20.9,-57,-0.95,True
2026-10-09T15:00:00+11:00,2564990,2509_333,-33.890869140625,151.2483673095703,277.0,0.0,24,0.4,True
2026-10-09T15:00:00+11:00,2533623,2509_324,-33.85569381713867,151.20680236816406,46.0,0.0,356,5.93,True
2026-10-09T15:00:00+11:00,2410343,2509_392,-33.9410285949707,151.22767639160156,33.0,5.0,133,2.22,True
2026-10-09T15:00:00+11:00,2564866,2509_379,-33.8891716003418,151.27012634277344,269.0,14.8,221,3.68,True
2026-10-09T15:00:00+11:00,2403200,2509_311,-33.87046432495117,151.2062225341797,175.0,4.3,215,3.58,True
2026-10-09T15:00:00+11:00,2534119,2509_313,-33.922054290771484,151.2513885498047,96.0,27.4,131,2.18,True
2026-10-09T15:00:00+11:00,2564526,2509_355,-33.90855407714844,151.17208862304688,85.0,0.0,0,0.0,True
2026-10-09T15:00:00+11:00,2400436,2509_309,-33.912017822265625,151.20175170898438,16.0,39.2,-112,-1.87,False
2026-10-09T15:00:00+11:00,2140010,2509_396,-33.89298629760742,151.2210235595703,351.0,46.8,-151,-2.52,False
2026-10-09T15:00:00+11:00,2356704,2509_343,-33.86326599121094,151.21170043945312,88.0,19.1,-60,-1.0,False
2026-10-09T15:00:00+11:00,2563965,2509_386,-33.885284423828125,151.26739501953125,50.0,14.4,184,3.07,True
2026-10-09T15:00:00+11:00,1780084,2509_757e,-33.897186279296875,151.2707977294922,191.0,4.0,137,2.28,True
2026-10-09T15:00:00+11:00,2431713,2509_396,-33.92205810546875,151.22695922851562,172.0,40.7,143,2.38,True
2026-10-09T15:00:00+11:00,2396519,2509_392,-33.89513397216797,151.19822692871094,12.0,11.9,-181,-3.02,False
2026-10-09T15:00:00+11:00,2531681,2509_380,-33.89397430419922,151.2639617919922,97.0,26.3,293,4.88,True
2026-10-09T15:00:00+11:00,2564991,2509_350,-33.94327926635742,151.23936462402344,348.0,0.0,-73,-1.22,False
2026-10-09T15:00:00+11:00,2628792,2509_304,-33.88943862915039,151.21311950683594,10.0,17.6,13,0.22,True
2026-10-09T15:00:00+11:00,2151799,2509_333,-33.86927795410156,151.21107482910156,180.0,0.0,111,1.85,True
2026-10-09T15:00:00+11:00,2139243,2509_375,-33.926063537597656,151.25152587890625,284.0,27.7,-175,-2.92,False
2026-10-09T15:00:00+11:00,2532529,2509_352,-33.90096664428711,151.21568298339844,275.0,6.1,0,0.0,True
2026-10-09T15:00:00+11:00,2356184,2509_343,-33.86772918701172,151.21060180664062,5.0,5.4,-110,-1.83,False
2026-10-09T15:00:00+11:00,2533604,2509_381,-33.89189910888672,151.2511444091797,79.0,29.9,11,0.18,True
2026-10-09T15:00:00+11:00,2532200,2509_326,-33.89197540283203,151.25057983398438,259.0,25.6,-70,-1.17,False
2026-10-09T15:00:00+11:00,2435281,2509_390X,-33.890899658203125,151.2486114501953,278.0,0.0,0,0.0,True
2026-10-09T15:00:00+11:00,2151503,2509_333,-33.88938903808594,151.27590942382812,41.0,35.6,-226,-3.77,False
2026-10-09T15:00:00+11:00,2533286,2509_327,-33.87933349609375,151.23818969726562,21.0,0.0,150,2.5,True
2026-10-09T15:00:00+11:00,2534255,2509_360,-33.9012451171875,151.2624053955078,246.0,28.4,293,4.88,True
2026-10-09T15:00:00+11:00,2470764,2509_397,-33.94834518432617,151.25123596191406,22.0,22.7,-252,-4.2,False
2026-10-09T15:00:00+11:00,2470800,2509_356,-33.93207550048828,151.253662109375,7.0,21.6,300,5.0,True
2026-10-09T15:00:00+11:00,2564735,2509_379,-33.906681060791016,151.26658630371094,276.0,41.8,74,1.23,True
2026-10-09T15:00:00+11:00,2151997,2509_333,-33.86165237426758,151.21188354492188,95.0,0.0,0,0.0,True
2026-10-09T15:00:00+11:00,2356005,2509_370,-33.90470886230469,151.18040466308594,335.0,30.2,-105,-1.75,False
2026-10-09T15:00:00+11:00,2533280,2509_324,-33.84361267089844,151.28402709960938,6.0,0.0,0,0.0,True
2026-10-09T15:00:00+11:00,2431462,2509_309,-33.955631256103516,151.22959899902344,258.0,33.5,140,2.33,True
2026-10-09T15:00:00+11:00,2356515,2509_373,-33.9100456237793,151.2395477294922,189.0,31.3,112,1.87,True
2026-10-09T15:00:00+11:00,2564594,2509_350,-33.93467712402344,151.19451904296875,244.0,0.0,510,8.5,False
2026-10-09T15:00:00+11:00,2139725,2509_396,-33.86567687988281,151.21131896972656,30.0,28.8,10,0.17,True
2026-10-09T15:00:00+11:00,2675033,2509_309,-33.93205642700195,151.19424438476562,189.0,0.0,-80,-1.33,False
2026-10-09T15:00:00+11:00,2563814,2509_387,-33.87022018432617,151.2760467529297,33.0,45.7,410,6.83,False
2026-10-09T15:00:00+11:00,2628689,2509_304,-33.88376998901367,151.21432495117188,190.0,28.8,171,2.85,True
2026-10-09T15:00:00+11:00,2533341,2509_355,-33.890594482421875,151.24331665039062,112.0,25.2,-32,-0.53,True
2026-10-09T15:00:00+11:00,2740214,2509_370,-33.88905334472656,151.19088745117188,238.0,2.5,146,2.43,True
2026-10-09T15:00:00+11:00,2565140,2509_379,-33.88290786743164,151.28118896484375,10.0,23.8,10,0.17,True
2026-10-09T15:00:00+11:00,2565026,2509_350,-33.932891845703125,151.1796875,100.0,0.0,0,0.0,True
2026-10-09T15:00:00+11:00,2396562,2509_392,-33.8955192565918,151.1980743408203,11.0,14.0,468,7.8,False
2026-10-09T15:00:00+11:00,2435619,2509_390X,-33.89637756347656,151.25131225585938,156.0,27.0,83,1.38,True
2026-10-09T15:00:00+11:00,2357562,2509_339,-33.90279006958008,151.24130249023438,78.0,0.0,-73,-1.22,False
2026-10-09T15:00:00+11:00,2565072,2509_333,-33.89031982421875,151.24241638183594,290.0,3.6,305,5.08,True
2026-10-09T15:00:00+11:00,2564529,2509_350,-33.94024658203125,151.22853088378906,251.0,6.5,183,3.05,True
2026-10-09T15:00:00+11:00,2531411,2509_325,-33.871219635009766,151.2511749267578,39.0,0.0,1198,19.97,False
2026-10-09T15:00:00+11:00,2564688,2509_333,-33.89415740966797,151.26535034179688,280.0,15.1,-1,-0.02,True
2026-10-09T15:00:00+11:00,2356549,2509_373,-33.879058837890625,151.2149658203125,314.0,17.3,348,5.8,True
2026-10-09T15:00:00+11:00,2356954,2509_343,-33.87809753417969,151.2093505859375,187.0,1.4,37,0.62,True
2026-10-09T15:00:00+11:00,2675030,2509_309,-33.93198776245117,151.19422912597656,189.0,0.0,520,8.67,False
2026-10-09T15:00:00+11:00,2431343,2509_396,-33.8701057434082,151.2103271484375,177.0,0.0,342,5.7,True
2026-10-09T15:00:00+11:00,2357741,2509_343,-33.925174713134766,151.22755432128906,276.0,17.6,0,0.0,True
2026-10-09T15:00:00+11:00,2533471,2509_387,-33.86977005004883,151.27658081054688,213.0,42.5,104,1.73,True
2026-10-09T15:00:00+11:00,2564572,2509_333,-33.891334533691406,151.27423095703125,221.0,0.4,100,1.67,True
2026-10-09T15:00:00+11:00,2352640,2509_307,-33.94297790527344,151.2030487060547,75.0,13.7,-131,-2.18,False
2026-10-09T15:00:00+11:00,2740220,2509_370,-33.898765563964844,151.177978515625,214.0,7.2,367,6.12,False
2026-10-09T15:00:00+11:00,2352269,2509_356,-33.895877838134766,151.24908447265625,100.0,5.4,107,1.78,True
2026-10-09T15:00:00+11:00,2137812,2509_375,-33.910945892333984,151.2392578125,8.0,32.0,-6,-0.1,True
2026-10-09T15:00:00+11:00,2151583,2509_333,-33.89147186279297,151.24949645996094,97.0,0.0,113,1.88,True
2026-10-09T15:00:00+11:00,2628609,2509_304,-33.86211013793945,151.21209716796875,6.0,0.0,0,0.0,True
2026-10-09T15:00:00+11:00,2564547,2509_350,-33.905757904052734,151.25376892089844,191.0,27.0,226,3.77,True
2026-10-09T15:00:00+11:00,2431358,2509_396,-33.89442443847656,151.2215576171875,172.0,22.7,199,3.32,True
2026-10-09T15:00:00+11:00,2488488,2509_392,-33.892581939697266,151.200439453125,200.0,29.2,0,0.0,True
2026-10-09T15:00:00+11:00,2356105,2509_343,-33.92485046386719,151.21800231933594,99.0,5.4,236,3.93,True
2026-10-09T15:00:00+11:00,2533545,2509_324,-33.87052917480469,151.2062225341797,173.0,6.1,388,6.47,False
2026-10-09T15:00:00+11:00,2532337,2509_324,-33.87788391113281,151.24253845214844,38.0,6.1,56,0.93,True
2026-10-09T15:00:00+11:00,2564614,2509_379,-33.90495300292969,151.2555389404297,100.0,36.4,485,8.08,False
2026-10-09T15:00:00+11:00,2355845,2509_390X,-33.925662994384766,151.23004150390625,310.0,0.7,235,3.92,True
2026-10-09T15:00:00+11:00,2740234,2509_370,-33.909847259521484,151.2225799560547,98.0,18.7,705,11.75,False
2026-10-09T15:00:00+11:00,2356204,2509_370,-33.91603088378906,151.2395477294922,191.0,0.0,50,0.83,True
2026-10-09T15:00:00+11:00,2357673,2509_373,-33.898582458496094,151.22247314453125,355.0,46.4,188,3.13,True
2026-10-09T15:00:00+11:00,2533740,2509_380,-33.8934211730957,151.2602996826172,278.0,0.0,175,2.92,True
2026-10-09T15:00:00+11:00,2357438,2509_373,-33.90642166137695,151.2315216064453,125.0,40.0,-315,-5.25,False
2026-10-09T15:00:00+11:00,2533336,2509_360,-33.91132736206055,151.25872802734375,9.0,16.6,70,1.17,True
2026-10-09T15:00:00+11:00,2435348,2509_390X,-33.94222640991211,151.23985290527344,168.0,0.4,138,2.3,True
2026-10-09T15:00:00+11:00,2675003,2509_309,-33.90366744995117,151.20228576660156,158.0,36.4,158,2.63,True
2026-10-09T15:00:00+11:00,2534441,2509_352,-33.906883239746094,151.17433166503906,331.0,0.0,52,0.87,True
2026-10-09T15:00:00+11:00,2355931,2509_373,-33.924171447753906,151.25482177734375,286.0,25.6,82,1.37,True
2026-10-09T15:00:00+11:00,2564804,2509_379,-33.88971710205078,151.2555694580078,54.0,5.8,78,1.3,True
2026-10-09T15:00:00+11:00,2533322,2509_380,-33.86306381225586,151.27987670898438,100.0,4.3,315,5.25,True
2026-10-09T15:00:00+11:00,2356649,2509_373,-33.91976547241211,151.25711059570312,190.0,0.0,0,0.0,True
2026-10-09T15:00:00+11:00,2140251,2509_306,-33.91069412231445,151.2064666748047,277.0,0.0,840,14.0,False
2026-10-09T15:00:00+11:00,2435581,2509_390X,-33.932762145996094,151.2375946044922,170.0,6.1,737,12.28,False
2026-10-09T15:00:00+11:00,2645942,2509_394X,-33.894412994384766,151.2213592529297,352.0,42.5,-67,-1.12,False
2026-10-09T15:00:00+11:00,2355835,2509_390X,-33.89289474487305,151.24960327148438,353.0,20.9,-162,-2.7,False
2026-10-09T15:00:00+11:00,2435287,2509_390X,-33.92538070678711,151.2296905517578,132.0,27.7,95,1.58,True
2026-10-09T15:00:00+11:00,2645884,2509_392X,-33.94468688964844,151.22634887695312,192.0,0.0,0,0.0,True
2026-10-09T15:00:00+11:00,2138999,2509_375,-33.9531135559082,151.24085998535156,277.0,13.7,-60,-1.0,False
2026-10-09T15:00:00+11:00,2533080,2509_352,-33.89154052734375,151.24656677246094,290.0,21.2,119,1.98,True
2026-10-09T15:00:00+11:00,2335774,2509_309,-33.9430046081543,151.19554138183594,333.0,26.6,416,6.93,False
2026-10-09T15:00:00+11:00,2470804,2509_356,-33.89826965332031,151.2429656982422,94.0,0.0,-72,-1.2,False
2026-10-09T15:00:00+11:00,2352392,2509_392,-33.94231033325195,151.22750854492188,204.0,45.0,-14,-0.23,True
2026-10-09T15:00:00+11:00,2575732,2509_374,-33.89015197753906,151.20843505859375,293.0,0.0,-109,-1.82,False
2026-10-09T15:00:00+11:00,2300896,2509_399,-33.940616607666016,151.23944091796875,167.0,0.0,-446,-7.43,False
2026-10-09T15:00:00+11:00,2534513,2509_324,-33.87178039550781,151.25648498535156,113.0,42.8,303,5.05,True
2026-10-09T15:00:00+11:00,2533077,2509_352,-33.88185501098633,151.21473693847656,10.0,29.9,173,2.88,True
2026-10-09T15:00:00+11:00,2355776,2509_390X,-33.91315460205078,151.23956298828125,336.0,25.9,-51,-0.85,True
2026-10-09T15:00:00+11:00,2564886,2509_350,-33.94478225708008,151.2210235595703,143.0,0.0,901,15.02,False
2026-10-09T15:00:00+11:00,2533516,2509_362,-33.897369384765625,151.27293395996094,0.0,0.4,652,10.87,False
2026-10-09T15:00:00+11:00,2564896,2509_355,-33.89896774291992,151.1990509033203,344.0,23.4,-76,-1.27,False
2026-10-09T15:00:00+11:00,2435379,2509_390X,-33.91244888305664,151.2392578125,161.0,15.5,491,8.18,False
2026-10-09T15:00:00+11:00,2564567,2509_333,-33.87717819213867,151.21022033691406,9.0,0.0,-26,-0.43,True
2026-10-09T15:00:00+11:00,2564920,2509_333,-33.889625549316406,151.28302001953125,37.0,0.0,0,0.0,True
2026-10-09T15:00:00+11:00,2356446,2509_370,-33.88462829589844,151.19456481933594,345.0,0.0,280,4.67,True
2026-10-09T15:00:00+11:00,2152123,2509_333,-33.883628845214844,151.22142028808594,113.0,34.9,101,1.68,True
2026-10-09T15:00:00+11:00,2575690,2509_374,-33.91431427001953,151.24864196777344,284.0,38.9,61,1.02,True
2026-10-09T15:00:00+11:00,2137817,2509_375,-33.919944763183594,151.24267578125,167.0,25.2,-81,-1.35,False
2026-10-09T15:00:00+11:00,2410357,2509_392,-33.90506362915039,151.2158660888672,324.0,31.3,349,5.82,True
2026-10-09T15:00:00+11:00,2565049,2509_350,-33.92300033569336,151.25625610351562,11.0,0.0,9,0.15,True
2026-10-09T15:00:00+11:00,2139586,2509_306,-33.927276611328125,151.20628356933594,280.0,28.4,470,7.83,False
2026-10-09T15:00:00+11:00,2564856,2509_379,-33.8853645324707,151.27569580078125,90.0,0.0,72,1.2,True
2026-10-09T15:00:00+11:00,2531989,2509_325,-33.87892532348633,151.2362060546875,280.0,0.0,442,7.37,False
2026-10-09T15:00:00+11:00,2356365,2509_374,-33.912872314453125,151.24000549316406,99.0,28.8,-64,-1.07,False
2026-10-09T15:00:00+11:00,2534389,2509_313,-33.89133071899414,151.24822998046875,97.0,0.0,116,1.93,True
2026-10-09T15:00:00+11:00,2565088,2509_333,-33.88954544067383,151.2833251953125,214.0,0.0,0,0.0,True
2026-10-09T15:00:00+11:00,2564912,2509_350,-33.91587829589844,151.25778198242188,10.0,23.0,412,6.87,False
2026-10-09T15:00:00+11:00,2352689,2509_392,-33.9013786315918,151.2092742919922,224.0,37.1,109,1.82,True
2026-10-09T15:00:00+11:00,2140824,2509_396,-33.91912078857422,151.2265167236328,171.0,0.0,852,14.2,False
2026-10-09T15:00:00+11:00,2152078,2509_333,-33.8902702331543,151.2396240234375,63.0,0.0,-80,-1.33,False
2026-10-09T15:00:00+11:00,2137466,2509_396,-33.92580032348633,151.23023986816406,316.0,2.2,0,0.0,True
2026-10-09T15:00:00+11:00,2356043,2509_370,-33.903831481933594,151.17996215820312,337.0,32.8,497,8.28,False
2026-10-09T15:00:00+11:00,2352282,2509_307,-33.93850326538086,151.19459533691406,351.0,0.0,180,3.0,True
2026-10-09T15:00:00+11:00,2532876,2509_380,-33.86280059814453,151.27842712402344,291.0,10.1,289,4.82,True
2026-10-09T15:00:00+11:00,2403179,2509_311,-33.88052749633789,151.2165985107422,310.0,27.0,52,0.87,True
2026-10-09T15:00:00+11:00,2357733,2509_343,-33.906436920166016,151.2070770263672,336.0,16.9,257,4.28,True
2026-10-09T15:00:00+11:00,2532241,2509_386,-33.88483428955078,151.26461791992188,200.0,11.9,343,5.72,True
2026-10-09T15:00:00+11:00,2400495,2509_309,-33.944091796875,151.19618225097656,335.0,28.1,118,1.97,True
2026-10-09T15:00:00+11:00,2740186,2509_370,-33.87968826293945,151.18692016601562,148.0,0.0,-60,-1.0,False
2026-10-09T15:00:00+11:00,2565007,2509_379,-33.905067443847656,151.25672912597656,101.0,35.6,-182,-3.03,False
2026-10-09T15:00:00+11:00,2355888,2509_390X,-33.93647384643555,151.23779296875,346.0,12.2,14,0.23,True
2026-10-09T15:00:00+11:00,2534608,2509_324,-33.8709716796875,151.20529174804688,270.0,16.9,-55,-0.92,True
2026-10-09T15:00:00+11:00,2565147,2509_333,-33.89167785644531,151.2469482421875,285.0,0.7,171,2.85,True
2026-10-09T15:00:00+11:00,2534390,2509_324,-33.8728141784668,151.24888610839844,251.0,0.0,357,5.95,True
2026-10-09T15:00:00+11:00,2137927,2509_306,-33.92660903930664,151.18820190429688,220.0,0.0,126,2.1,True
2026-10-09T15:00:00+11:00,2740198,2509_370,-33.918128967285156,151.24252319335938,98.0,0.0,429,7.15,False
2026-10-09T15:00:00+11:00,2564710,2509_350,-33.94597625732422,151.22628784179688,94.0,14.0,659,10.98,False
2026-10-09T15:00:00+11:00,2564685,2509_333,-33.89198684692383,151.2542266845703,316.0,6.8,-25,-0.42,True
2026-10-09T15:00:00+11:00,2565113,2509_379,-33.89076232910156,151.25404357910156,232.0,0.0,134,2.23,True
2026-10-09T15:00:00+11:00,2356572,2509_373,-33.912208557128906,151.23910522460938,340.0,33.8,187,3.12,True
2026-10-09T15:00:00+11:00,2534368,2509_324,-33.85981369018555,151.2026824951172,353.0,0.0,-84,-1.4,False
2026-10-09T15:00:00+11:00,2564808,2509_333,-33.874881744384766,151.20970153808594,5.0,0.0,150,2.5,True
2026-10-09T15:00:00+11:00,2628714,2509_304,-33.900333404541016,151.21319580078125,188.0,27.4,14,0.23,True
2026-10-09T15:15:00+11:00,2636070,2459_504,-33.85552978515625,151.13107299804688,78.0,35.3,-54,-0.9,True
2026-10-09T15:15:00+11:00,2283824,2459_470,-33.88459014892578,151.19342041015625,266.0,21.2,-205,-3.42,False
2026-10-09T15:15:00+11:00,2376336,2508_B1,-33.82726287841797,151.2316436767578,221.0,25.9,590,9.83,False
2026-10-09T15:15:00+11:00,2286926,2459_348,-33.92942428588867,151.15261840820312,42.0,29.2,-230,-3.83,False
2026-10-09T15:15:00+11:00,2705137,2504_612X,-33.81287384033203,151.17396545410156,286.0,71.3,145,2.42,True
2026-10-09T15:15:00+11:00,2286859,2459_438X,-33.86526107788086,151.20950317382812,231.0,0.0,0,0.0,True
2026-10-09T15:15:00+11:00,2636272,2459_504,-33.872772216796875,151.20538330078125,265.0,15.5,122,2.03,True
2026-10-09T15:15:00+11:00,2514759,2459_410,-33.86003875732422,151.10403442382812,172.0,0.0,-53,-0.88,True
2026-10-09T15:15:00+11:00,2283577,2459_426,-33.897369384765625,151.17884826660156,50.0,22.7,-41,-0.68,True
2026-10-09T15:15:00+11:00,2636119,2459_504,-33.8552131652832,151.13282775878906,260.0,38.5,-58,-0.97,True
2026-10-09T15:15:00+11:00,2283152,2459_422,-33.88338851928711,151.20338439941406,46.0,0.0,-275,-4.58,False
2026-10-09T15:15:00+11:00,2554045,2459_358,-33.924251556396484,151.2291717529297,279.0,0.0,566,9.43,False
2026-10-09T15:15:00+11:00,2421453,2508_229,-33.824859619140625,151.24159240722656,299.0,0.0,14,0.23,True
2026-10-09T15:15:00+11:00,2704998,2504_620X,-33.872493743896484,151.20518493652344,353.0,22.3,0,0.0,True
2026-10-09T15:15:00+11:00,2285360,2459_433,-33.884376525878906,151.1957550048828,91.0,6.5,27,0.45,True
2026-10-09T15:15:00+11:00,2685956,2459_423,-33.91196060180664,151.16036987304688,214.0,0.0,80,1.33,True
2026-10-09T15:15:00+11:00,2037725,2459_470,-33.87495803833008,151.20970153808594,15.0,2.5,-254,-4.23,False
2026-10-09T15:15:00+11:00,1963056,2459_413,-33.894935607910156,151.13279724121094,94.0,0.0,-220,-3.67,False
2026-10-09T15:15:00+11:00,2320140,7083_SW3,-33.91456985473633,151.16531372070312,0.0,0.0,-325,-5.42,False
2026-10-09T15:15:00+11:00,2424416,2508_230,-33.828819274902344,151.22860717773438,59.0,0.0,-75,-1.25,False
2026-10-09T15:15:00+11:00,2596349,2459_492,-33.87907791137695,151.10325622558594,9.0,0.0,-38,-0.63,True
2026-10-09T15:15:00+11:00,2686004,2459_423,-33.89262390136719,151.1864776611328,256.0,20.9,-100,-1.67,False
2026-10-09T15:15:00+11:00,2287582,2459_433,-33.85643768310547,151.1776885986328,292.0,25.9,2,0.03,True
2026-10-09T15:15:00+11:00,2285194,2459_438X,-33.88618087768555,151.1573486328125,354.0,6.8,113,1.88,True
2026-10-09T15:15:00+11:00,2349679,2459_418,-33.91444396972656,151.1657257080078,224.0,2.9,240,4.0,True
2026-10-09T15:15:00+11:00,2283522,2459_438X,-33.862152099609375,151.13047790527344,9.0,48.6,363,6.05,False
2026-10-09T15:15:00+11:00,2283327,2459_426,-33.865440368652344,151.21043395996094,220.0,0.0,0,0.0,True
2026-10-09T15:15:00+11:00,2037596,2459_470,-33.881004333496094,151.16961669921875,114.0,10.4,-43,-0.72,True
2026-10-09T15:15:00+11:00,2284459,2459_303,-33.92353057861328,151.2117462158203,116.0,38.2,93,1.55,True
2026-10-09T15:15:00+11:00,2725728,7083_SW1,-33.90632629394531,151.12734985351562,-46.0,0.0,-259,-4.32,False
2026-10-09T15:15:00+11:00,2284191,2459_431,-33.871917724609375,151.18008422851562,233.0,0.0,0,0.0,True
2026-10-09T15:15:00+11:00,2475002,2459_389,-33.87263107299805,151.2064971923828,172.0,0.0,78,1.3,True
2026-10-09T15:15:00+11:00,2668108,2459_420,-33.93302917480469,151.18055725097656,102.0,34.9,-172,-2.87,False
2026-10-09T15:15:00+11:00,2736777,2459_308,-33.900516510009766,151.19338989257812,218.0,0.0,85,1.42,True
2026-10-09T15:15:00+11:00,2377106,2508_173X,-33.866851806640625,151.20628356933594,6.0,0.0,0,0.0,True
2026-10-09T15:15:00+11:00,2618182,2508_263,-33.82133865356445,151.21697998046875,72.0,0.0,374,6.23,False
2026-10-09T15:15:00+11:00,2289813,2459_422,-33.912925720214844,151.17886352539062,36.0,0.0,429,7.15,False
2026-10-09T15:15:00+11:00,1962065,2459_412,-33.92165756225586,151.1261444091797,188.0,23.8,-9,-0.15,True
2026-10-09T15:15:00+11:00,2286732,2459_438X,-33.8878288269043,151.16746520996094,84.0,15.8,-92,-1.53,False
2026-10-09T15:15:00+11:00,2376896,2508_100,-33.82987594604492,151.22740173339844,231.0,0.0,516,8.6,False
2026-10-09T15:15:00+11:00,2290268,2459_418,-33.91412353515625,151.16293334960938,300.0,0.0,119,1.98,True
2026-10-09T15:15:00+11:00,2685928,2459_423,-33.92376708984375,151.13595581054688,235.0,0.0,-213,-3.55,False
2026-10-09T15:15:00+11:00,2287310,2459_428,-33.897090911865234,151.15350341796875,136.0,37.8,-77,-1.28,False
2026-10-09T15:15:00+11:00,2288221,2459_433,-33.880062103271484,151.20851135253906,185.0,0.0,0,0.0,True
2026-10-09T15:15:00+11:00,2596384,2459_491,-33.87929916381836,151.1248779296875,239.0,36.7,2,0.03,True
2026-10-09T15:15:00+11:00,2373898,2508_144,-33.82679748535156,151.23191833496094,40.0,31.0,46,0.77,True
2026-10-09T15:15:00+11:00,2283615,2459_461X,-33.87620162963867,151.10394287109375,187.0,0.0,331,5.52,True
2026-10-09T15:15:00+11:00,2285828,2459_389,-33.86738204956055,151.19259643554688,334.0,33.8,-127,-2.12,False
2026-10-09T15:15:00+11:00,2608939,2459_430,-33.894012451171875,151.18292236328125,43.0,18.7,294,4.9,True
2026-10-09T15:15:00+11:00,2308782,2459_445,-33.885494232177734,151.15728759765625,350.0,0.4,539,8.98,False
2026-10-09T15:15:00+11:00,2725782,7083_SW1,-33.914676666259766,151.16514587402344,0.0,0.0,3058,50.97,False
2026-10-09T15:15:00+11:00,2319905,7083_SW3,-33.908348083496094,151.1514129638672,290.0,42.1,44,0.73,True
2026-10-09T15:15:00+11:00,2208342,2459_530,-33.86625289916992,151.130126953125,6.0,0.0,197,3.28,True
2026-10-09T15:15:00+11:00,2719684,2514_194,-33.844818115234375,151.21194458007812,165.0,38.5,-422,-7.03,False
2026-10-09T15:15:00+11:00,2685978,2459_423,-33.86484909057617,151.21127319335938,314.0,15.1,7,0.12,True
2026-10-09T15:15:00+11:00,2285899,2459_437,-33.870880126953125,151.20599365234375,93.0,3.6,0,0.0,True
2026-10-09T15:15:00+11:00,2208339,2459_466,-33.872772216796875,151.2054443359375,85.0,2.9,,,
2026-10-09T15:15:00+11:00,2454763,2508_225,-33.84199142456055,151.2189178466797,180.0,0.0,115,1.92,True
2026-10-09T15:15:00+11:00,2736780,2459_428,-33.91023254394531,151.12196350097656,233.0,38.9,280,4.67,True
2026-10-09T15:15:00+11:00,2383166,2508_100,-33.840415954589844,151.24388122558594,201.0,31.3,344,5.73,True
2026-10-09T15:15:00+11:00,2037952,2459_440,-33.8624267578125,151.16893005371094,203.0,5.8,59,0.98,True
2026-10-09T15:15:00+11:00,2474943,2459_389,-33.86945724487305,151.19789123535156,359.0,0.0,110,1.83,True
2026-10-09T15:15:00+11:00,2632092,2510_301,-33.93409729003906,151.19357299804688,359.0,50.0,322,5.37,True
2026-10-09T15:15:00+11:00,2287258,2459_389,-33.873291015625,151.20982360839844,279.0,30.2,-24,-0.4,True
2026-10-09T15:15:00+11:00,2718582,2508_144,-33.79973220825195,151.24937438964844,247.0,40.3,414,6.9,False
2026-10-09T15:15:00+11:00,2421317,2508_230,-33.830596923828125,151.22596740722656,243.0,26.6,428,7.13,False
2026-10-09T15:15:00+11:00,2719716,2514_281,-33.796504974365234,151.18093872070312,179.0,0.0,1195,19.92,False
2026-10-09T15:15:00+11:00,2373843,2508_243,-33.8189811706543,151.23629760742188,7.0,3.2,426,7.1,False
2026-10-09T15:15:00+11:00,2677114,2503_M90,-33.87509536743164,151.10581970214844,97.0,0.0,0,0.0,True
2026-10-09T15:15:00+11:00,2608988,2459_430,-33.89925765991211,151.17137145996094,247.0,0.0,195,3.25,True
2026-10-09T15:15:00+11:00,2392610,2508_114,-33.8298454284668,151.21820068359375,115.0,0.0,17,0.28,True
2026-10-09T15:15:00+11:00,2284817,2459_389,-33.8663215637207,151.19198608398438,333.0,0.0,581,9.68,False
2026-10-09T15:15:00+11:00,2283182,2459_423,-33.88420867919922,151.1953887939453,86.0,2.2,-117,-1.95,False
2026-10-09T15:15:00+11:00,2725752,7083_SW1,-33.91886520385742,151.14581298828125,238.0,18.0,-139,-2.32,False
2026-10-09T15:15:00+11:00,2373917,2508_172X,-33.818721771240234,151.2440185546875,176.0,34.9,-122,-2.03,False
2026-10-09T15:15:00+11:00,1932579,2459_412,-33.92164611816406,151.12603759765625,9.0,27.7,91,1.52,True
2026-10-09T15:15:00+11:00,2377095,2508_B1,-33.8121452331543,151.24476623535156,150.0,27.4,56,0.93,True
2026-10-09T15:15:00+11:00,2635986,2459_504,-33.852272033691406,151.1363525390625,159.0,0.0,0,0.0,True
2026-10-09T15:15:00+11:00,2308771,2459_445,-33.866886138916016,151.16558837890625,37.0,33.1,407,6.78,False
2026-10-09T15:15:00+11:00,2289497,2459_423,-33.918392181396484,151.1466064453125,56.0,40.0,-118,-1.97,False
2026-10-09T15:15:00+11:00,2285373,2459_348,-33.90361785888672,151.21189880371094,279.0,27.7,-353,-5.88,False
2026-10-09T15:15:00+11:00,2037804,2459_440,-33.884735107421875,151.18724060058594,86.0,37.8,89,1.48,True
2026-10-09T15:15:00+11:00,2209358,2459_440,-33.89134979248047,151.245849609375,288.0,41.4,-2,-0.03,True
2026-10-09T15:15:00+11:00,2609026,2459_430,-33.91521453857422,151.16590881347656,68.0,0.0,55,0.92,True
2026-10-09T15:15:00+11:00,2283823,2459_426,-33.904052734375,151.14315795898438,320.0,18.7,0,0.0,True
2026-10-09T15:15:00+11:00,2286351,2459_438X,-33.865394592285156,151.2093505859375,226.0,0.0,0,0.0,True
2026-10-09T15:15:00+11:00,2736576,2459_428,-33.880794525146484,151.20594787597656,209.0,0.0,-58,-0.97,True
2026-10-09T15:15:00+11:00,2209510,2459_464,-33.85358810424805,151.10704040527344,255.0,33.1,106,1.77,True
2026-10-09T15:15:00+11:00,2660253,2459_320,-33.8826789855957,151.2078857421875,307.0,0.0,120,2.0,True
2026-10-09T15:15:00+11:00,2037803,2459_440,-33.87992858886719,151.20904541015625,32.0,26.6,-219,-3.65,False
2026-10-09T15:15:00+11:00,2515051,2459_458,-33.874027252197266,151.10435485839844,193.0,18.0,115,1.92,True
2026-10-09T15:15:00+11:00,2208961,2459_464,-33.84283447265625,151.1078643798828,344.0,0.0,-44,-0.73,True
2026-10-09T15:15:00+11:00,2383240,2508_100,-33.824668884277344,151.2410125732422,296.0,0.0,216,3.6,True
2026-10-09T15:15:00+11:00,2209200,2459_413,-33.88033676147461,151.20681762695312,191.0,0.0,0,0.0,True
2026-10-09T15:15:00+11:00,2284006,2459_389,-33.89051818847656,151.2430877685547,287.0,5.8,46,0.77,True
2026-10-09T15:15:00+11:00,1962075,2459_412,-33.91068649291992,151.150146484375,245.0,27.7,117,1.95,True
2026-10-09T15:15:00+11:00,2440934,2508_150X,-33.8298225402832,151.22727966308594,53.0,32.4,-180,-3.0,False
2026-10-09T15:15:00+11:00,2373904,2508_162,-33.79714584350586,151.26837158203125,281.0,31.3,654,10.9,False
2026-10-09T15:15:00+11:00,2685986,2459_423,-33.869388580322266,151.2104034423828,5.0,0.0,28,0.47,True
2026-10-09T15:15:00+11:00,2287497,2459_433,-33.87785339355469,151.17665100097656,346.0,39.6,-183,-3.05,False
2026-10-09T15:15:00+11:00,2286862,2459_418,-33.87761688232422,151.10362243652344,15.0,0.0,-139,-2.32,False
2026-10-09T15:15:00+11:00,2283876,2459_461X,-33.871097564697266,151.21710205078125,189.0,11.5,0,0.0,True
2026-10-09T15:15:00+11:00,2209305,2459_440,-33.89094161987305,151.2489776611328,95.0,0.0,0,0.0,True
2026-10-09T15:15:00+11:00,2736818,2459_308,-33.88996887207031,151.2061004638672,21.0,2.5,9,0.15,True
2026-10-09T15:15:00+11:00,2037025,2459_440,-33.883548736572266,151.22149658203125,111.0,27.7,359,5.98,True
2026-10-09T15:15:00+11:00,2286998,2459_437,-33.873252868652344,151.14334106445312,207.0,40.3,67,1.12,True
2026-10-09T15:15:00+11:00,2289545,2459_442,-33.85803985595703,151.18307495117188,282.0,0.0,-125,-2.08,False
2026-10-09T15:15:00+11:00,2428517,2508_B1,-33.86646270751953,151.20631408691406,8.0,0.0,0,0.0,True
2026-10-09T15:15:00+11:00,2377004,2508_111,-33.84302520751953,151.23301696777344,185.0,1.4,0,0.0,True
2026-10-09T15:15:00+11:00,2283711,2459_426,-33.89303207397461,151.18490600585938,255.0,13.0,159,2.65,True
2026-10-09T15:15:00+11:00,2374143,2508_172X,-33.786712646484375,151.24984741210938,9.0,31.3,897,14.95,False
2026-10-09T15:15:00+11:00,2371519,7083_SW3,-33.9041633605957,151.1402130126953,67.0,25.6,-291,-4.85,False
2026-10-09T15:15:00+11:00,2284114,2459_303,-33.90748596191406,151.2028350830078,183.0,23.0,78,1.3,True
2026-10-09T15:15:00+11:00,2373638,2508_B1,-33.79300308227539,151.25376892089844,203.0,78.5,49,0.82,True
2026-10-09T15:15:00+11:00,2514806,2459_410,-33.87953186035156,151.10321044921875,9.0,0.0,-50,-0.83,True
2026-10-09T15:15:00+11:00,2668119,2459_420,-33.8804817199707,151.10304260253906,190.0,13.7,166,2.77,True
2026-10-09T15:15:00+11:00,2209658,2459_440,-33.88398361206055,151.20269775390625,250.0,0.0,497,8.28,False
2026-10-09T15:15:00+11:00,2208681,2459_464,-33.88794708251953,151.12628173828125,115.0,0.0,0,0.0,True
2026-10-09T15:15:00+11:00,2288431,2459_423,-33.88396072387695,151.20184326171875,72.0,0.0,-114,-1.9,False
2026-10-09T15:15:00+11:00,2377123,2508_B1,-33.83110809326172,151.22120666503906,296.0,18.0,347,5.78,True
2026-10-09T15:15:00+11:00,2283196,2459_461X,-33.870784759521484,151.1174774169922,277.0,36.4,-224,-3.73,False
2026-10-09T15:15:00+11:00,2383238,2508_100,-33.829830169677734,151.2184600830078,116.0,1.1,0,0.0,True
2026-10-09T15:15:00+11:00,2308754,2459_445,-33.893943786621094,151.15606689453125,77.0,0.0,127,2.12,True
2026-10-09T15:15:00+11:00,2328510,7084_SW2,-33.909908294677734,151.14959716796875,0.0,0.0,-62,-1.03,False
2026-10-09T15:15:00+11:00,2515027,2459_410,-33.85604476928711,151.10275268554688,255.0,23.4,-24,-0.4,True
2026-10-09T15:15:00+11:00,2668063,2459_420,-33.93952178955078,151.1501922607422,277.0,0.0,-64,-1.07,False
2026-10-09T15:15:00+11:00,2284675,2459_461X,-33.88125228881836,151.13270568847656,155.0,33.1,-7,-0.12,True
2026-10-09T15:15:00+11:00,2383291,2508_100,-33.83903503417969,151.24464416503906,28.0,0.7,-17,-0.28,True
2026-10-09T15:15:00+11:00,2705932,2504_612X,-33.827781677246094,151.20077514648438,325.0,0.0,-12,-0.2,True
2026-10-09T15:15:00+11:00,2415855,2508_B1,-33.814449310302734,151.24362182617188,31.0,40.3,303,5.05,True
2026-10-09T15:15:00+11:00,2383297,2508_100,-33.82445526123047,151.2401123046875,97.0,0.0,-54,-0.9,True
2026-10-09T15:15:00+11:00,2368275,2459_464,-33.88020706176758,151.12913513183594,148.0,21.2,0,0.0,True
2026-10-09T15:15:00+11:00,1960491,2459_412,-33.87812423706055,151.2075653076172,265.0,15.1,-22,-0.37,True
2026-10-09T15:15:00+11:00,2286002,2459_389,-33.89146041870117,151.24940490722656,98.0,0.0,0,0.0,True
2026-10-09T15:15:00+11:00,2428434,2508_B1,-33.83139419555664,151.2235107421875,66.0,26.6,82,1.37,True
2026-10-09T15:15:00+11:00,2276431,7084_SW2,-33.905677795410156,151.13412475585938,301.0,33.5,-3,-0.05,True
2026-10-09T15:15:00+11:00,2475305,2459_389,-33.871009826660156,151.19468688964844,147.0,0.0,66,1.1,True
2026-10-09T15:15:00+11:00,2596269,2459_492,-33.87834548950195,151.10340881347656,190.0,13.0,75,1.25,True
2026-10-09T15:15:00+11:00,2283489,2459_461X,-33.88343811035156,151.20330810546875,45.0,0.0,246,4.1,True
2026-10-09T15:15:00+11:00,2570098,7083_SW1,-33.910099029541016,151.13352966308594,94.0,22.0,173,2.88,True
2026-10-09T15:15:00+11:00,2286386,2459_428,-33.897666931152344,151.1783447265625,60.0,0.0,-28,-0.47,True
2026-10-09T15:15:00+11:00,2038795,2459_440,-33.887569427490234,151.17100524902344,85.0,0.0,-19,-0.32,True
2026-10-09T15:15:00+11:00,2287800,2459_461X,-33.88193130493164,151.20860290527344,189.0,33.1,151,2.52,True
2026-10-09T15:15:00+11:00,2284687,2459_441,-33.87067413330078,151.20379638671875,177.0,22.7,-80,-1.33,False
2026-10-09T15:15:00+11:00,2283672,2459_422,-33.88116455078125,151.20635986328125,210.0,0.0,295,4.92,True
2026-10-09T15:15:00+11:00,2208718,2459_464,-33.88819122314453,151.12420654296875,120.0,30.2,-359,-5.98,False
2026-10-09T15:15:00+11:00,1961005,2459_413,-33.884098052978516,151.2020721435547,73.0,0.0,-286,-4.77,False
2026-10-09T15:15:00+11:00,2736572,2459_428,-33.901432037353516,151.144775390625,189.0,44.6,-96,-1.6,False
2026-10-09T15:15:00+11:00,2289518,2459_437,-33.87957763671875,151.15660095214844,167.0,0.0,55,0.92,True
2026-10-09T15:15:00+11:00,2619980,2459_530,-33.86158752441406,151.1380157470703,248.0,0.0,-141,-2.35,False
2026-10-09T15:15:00+11:00,2286486,2459_431,-33.88405990600586,151.20162963867188,73.0,0.0,655,10.92,False
2026-10-09T15:15:00+11:00,2285304,2459_422,-33.92446517944336,151.16050720214844,124.0,2.5,0,0.0,True
2026-10-09T15:15:00+11:00,2596325,2459_491,-33.87325668334961,151.12728881835938,10.0,35.3,-478,-7.97,False
2026-10-09T15:15:00+11:00,2736574,2459_445,-33.90336227416992,151.14259338378906,237.0,9.7,-83,-1.38,False
2026-10-09T15:15:00+11:00,2208701,2459_440,-33.87683868408203,151.2097625732422,271.0,0.0,15,0.25,True
2026-10-09T15:15:00+11:00,2421222,2508_230,-33.838035583496094,151.23306274414062,30.0,0.0,0,0.0,True
2026-10-09T15:15:00+11:00,2635899,2459_504,-33.86977767944336,151.18817138671875,108.0,55.8,-173,-2.88,False
2026-10-09T15:15:00+11:00,2283476,2459_433,-33.863311767578125,151.17034912109375,21.0,0.0,-110,-1.83,False
2026-10-09T15:15:00+11:00,2288549,2459_348,-33.909461975097656,151.21971130371094,98.0,29.9,416,6.93,False
2026-10-09T15:15:00+11:00,2290850,2459_470,-33.8709602355957,151.21018981933594,6.0,0.0,0,0.0,True
2026-10-09T15:15:00+11:00,2736716,2459_445,-33.86705017089844,151.16526794433594,223.0,30.2,75,1.25,True
2026-10-09T15:15:00+11:00,2685955,2459_423,-33.875465393066406,151.2096405029297,185.0,0.0,306,5.1,True
2026-10-09T15:15:00+11:00,2287382,2459_437,-33.869239807128906,151.13009643554688,254.0,0.0,1,0.02,True
2026-10-09T15:15:00+11:00,2095623,2508_160X,-33.784942626953125,151.18707275390625,69.0,44.6,-4,-0.07,True
2026-10-09T15:15:00+11:00,1962076,2459_412,-33.893917083740234,151.16421508789062,203.0,20.9,168,2.8,True
2026-10-09T15:15:00+11:00,2424378,2508_154X,-33.83491516113281,151.20765686035156,10.0,0.0,656,10.93,False
2026-10-09T15:15:00+11:00,2289625,2459_431,-33.86564636230469,151.2090606689453,226.0,0.0,0,0.0,True
2026-10-09T15:15:00+11:00,2590051,2508_280,-33.795963287353516,151.18128967285156,345.0,9.4,1,0.02,True
2026-10-09T15:15:00+11:00,2554370,2459_358,-33.92516326904297,151.23590087890625,99.0,43.6,-17,-0.28,True
2026-10-09T15:15:00+11:00,2618593,2459_422,-33.88090133666992,151.2065887451172,32.0,0.0,274,4.57,True
2026-10-09T15:15:00+11:00,2282986,2459_438X,-33.87858963012695,151.20925903320312,187.0,36.7,75,1.25,True
2026-10-09T15:15:00+11:00,2373716,2508_144,-33.828887939453125,151.20889282226562,101.0,24.1,1,0.02,True
2026-10-09T15:15:00+11:00,2289006,2459_461X,-33.88604736328125,151.1800537109375,256.0,7.6,306,5.1,True
2026-10-09T15:15:00+11:00,2377389,2508_100,-33.8325309753418,151.22218322753906,10.0,29.9,0,0.0,True
2026-10-09T15:15:00+11:00,2736848,2459_428,-33.86543655395508,151.21047973632812,218.0,0.0,305,5.08,True
2026-10-09T15:15:00+11:00,2424382,2508_230,-33.84056091308594,151.20640563964844,6.0,23.4,82,1.37,True
2026-10-09T15:15:00+11:00,2421368,2508_230,-33.83851623535156,151.20718383789062,188.0,0.0,605,10.08,False
2026-10-09T15:15:00+11:00,2721070,2514_271,-33.87027359008789,151.20619201660156,175.0,0.0,60,1.0,True
2026-10-09T15:15:00+11:00,2290405,2459_433,-33.8829460144043,151.1909942626953,122.0,0.0,-270,-4.5,False
2026-10-09T15:15:00+11:00,1980672,2508_162,-33.795501708984375,151.2542724609375,74.0,28.8,426,7.1,False
2026-10-09T15:15:00+11:00,2284802,2459_437,-33.85028076171875,151.18316650390625,47.0,0.0,6,0.1,True
2026-10-09T15:15:00+11:00,2283326,2459_437,-33.87359619140625,151.16461181640625,166.0,0.0,-175,-2.92,False
2026-10-09T15:15:00+11:00,2424429,2508_154X,-33.8328857421875,151.20806884765625,9.0,0.0,0,0.0,True
2026-10-09T15:15:00+11:00,2596474,2459_491,-33.9117546081543,151.11941528320312,190.0,0.0,60,1.0,True
2026-10-09T15:15:00+11:00,2037951,2459_440,-33.8820915222168,151.1569061279297,174.0,29.2,-134,-2.23,False
2026-10-09T15:15:00+11:00,2288994,2459_442,-33.87228012084961,151.2064666748047,173.0,0.0,-171,-2.85,False
2026-10-09T15:15:00+11:00,2349302,2459_418,-33.8777961730957,151.10353088378906,190.0,2.5,-35,-0.58,True
2026-10-09T15:15:00+11:00,2554059,2459_358,-33.91535186767578,151.16567993164062,68.0,19.8,0,0.0,True
2026-10-09T15:15:00+11:00,2286756,2459_470,-33.86499786376953,151.20982360839844,229.0,0.0,0,0.0,True
2026-10-09T15:15:00+11:00,2705800,2504_607X,-33.87189865112305,151.20643615722656,176.0,0.0,0,0.0,True
2026-10-09T15:15:00+11:00,2283332,2459_303,-33.931976318359375,151.19412231445312,188.0,0.0,122,2.03,True
2026-10-09T15:15:00+11:00,2721124,2514_565,-33.796897888183594,151.18026733398438,360.0,18.4,38,0.63,True
2026-10-09T15:15:00+11:00,2705511,2504_610X,-33.852359771728516,151.210693359375,207.0,71.3,-178,-2.97,False
2026-10-09T15:15:00+11:00,2290667,2459_438X,-33.87873458862305,151.13748168945312,147.0,29.5,108,1.8,True
2026-10-09T15:15:00+11:00,2375111,2508_144,-33.79560089111328,151.2541961669922,71.0,4.0,294,4.9,True
2026-10-09T15:15:00+11:00,2376526,2508_172X,-33.831260681152344,151.2214813232422,294.0,7.6,292,4.87,True
2026-10-09T15:15:00+11:00,2308724,2459_445,-33.90301513671875,151.1428680419922,58.0,0.0,-138,-2.3,False
2026-10-09T15:15:00+11:00,2209624,2459_530,-33.814945220947266,151.1556854248047,102.0,38.9,118,1.97,True
2026-10-09T15:15:00+11:00,2283628,2459_438X,-33.8840446472168,151.20254516601562,251.0,0.0,129,2.15,True
2026-10-09T15:15:00+11:00,2736914,2459_445,-33.85801696777344,151.18299865722656,289.0,0.0,0,0.0,True
2026-10-09T15:15:00+11:00,2290039,2459_348,-33.908905029296875,151.1811981201172,19.0,35.3,56,0.93,True
2026-10-09T15:15:00+11:00,2208692,2459_464,-33.87974166870117,151.10324096679688,189.0,16.9,72,1.2,True
2026-10-09T15:15:00+11:00,2708197,2504_612X,-33.84034729003906,151.20809936523438,322.0,0.0,0,0.0,True
2026-10-09T15:15:00+11:00,2428505,2508_B1,-33.86137390136719,151.205810546875,192.0,63.4,0,0.0,True
2026-10-09T15:15:00+11:00,2484439,2459_480,-33.884910583496094,151.18536376953125,259.0,18.7,292,4.87,True
2026-10-09T15:15:00+11:00,2038758,2459_469,-33.88274002075195,151.1842498779297,56.0,33.8,-183,-3.05,False
2026-10-09T15:15:00+11:00,2286543,2459_426,-33.870094299316406,151.2103271484375,179.0,0.0,203,3.38,True
2026-10-09T15:15:00+11:00,2438405,7084_SW2,-33.91059875488281,151.15650939941406,301.0,0.0,28,0.47,True
2026-10-09T15:15:00+11:00,2376710,2508_173X,-33.82889938354492,151.2283935546875,50.0,0.0,112,1.87,True
2026-10-09T15:15:00+11:00,2515036,2459_410,-33.872737884521484,151.10455322265625,192.0,20.2,289,4.82,True
2026-10-09T15:15:00+11:00,2283594,2459_303,-33.92465591430664,151.21864318847656,191.0,0.0,-50,-0.83,True
2026-10-09T15:15:00+11:00,2349303,2459_418,-33.894588470458984,151.12774658203125,184.0,33.8,417,6.95,False
2026-10-09T15:15:00+11:00,2720985,2514_270,-33.804962158203125,151.2053985595703,10.0,1.1,-134,-2.23,False
2026-10-09T15:15:00+11:00,2288093,2459_438X,-33.884490966796875,151.15707397460938,347.0,25.6,770,12.83,False
2026-10-09T15:15:00+11:00,2288322,2459_461X,-33.88937759399414,151.15097045898438,74.0,29.2,481,8.02,False
2026-10-09T15:15:00+11:00,2283689,2459_426,-33.904693603515625,151.1439971923828,133.0,0.0,1,0.02,True
2026-10-09T15:15:00+11:00,2383172,2508_100,-33.825897216796875,151.24363708496094,163.0,19.1,361,6.02,False
2026-10-09T15:15:00+11:00,2283260,2459_431,-33.87637710571289,151.1844482421875,154.0,19.4,485,8.08,False
2026-10-09T15:15:00+11:00,2376772,2508_172X,-33.83027267456055,151.21340942382812,15.0,45.7,-81,-1.35,False
2026-10-09T15:15:00+11:00,2596425,2459_490,-33.866600036621094,151.14012145996094,253.0,36.4,176,2.93,True
2026-10-09T15:15:00+11:00,2614231,2508_173X,-33.79189682006836,151.26535034179688,187.0,1.1,56,0.93,True
2026-10-09T15:15:00+11:00,2415632,2508_B1,-33.824153900146484,151.24134826660156,51.0,0.0,71,1.18,True
2026-10-09T15:15:00+11:00,2739732,2459_526,-33.87314987182617,151.1045379638672,189.0,3.6,3,0.05,True
2026-10-09T15:15:00+11:00,1963105,2459_412,-33.88490295410156,151.18650817871094,261.0,41.0,118,1.97,True
2026-10-09T15:15:00+11:00,2283316,2459_428,-33.877140045166016,151.20944213867188,6.0,0.0,125,2.08,True
2026-10-09T15:15:00+11:00,1961272,2459_412,-33.88344192504883,151.20347595214844,45.0,0.0,19,0.32,True
2026-10-09T15:15:00+11:00,2721245,2514_271,-33.82255172729492,151.20635986328125,138.0,54.4,-139,-2.32,False
2026-10-09T15:15:00+11:00,2567062,2508_263,-33.84211730957031,151.21334838867188,120.0,35.6,111,1.85,True
2026-10-09T15:15:00+11:00,2283250,2459_431,-33.880950927734375,151.18797302246094,304.0,0.0,-77,-1.28,False
2026-10-09T15:15:00+11:00,2608959,2459_430,-33.88448715209961,151.19662475585938,272.0,7.6,-146,-2.43,False
2026-10-09T15:15:00+11:00,2736644,2459_428,-33.89284133911133,151.18560791015625,250.0,28.1,307,5.12,True
2026-10-09T15:15:00+11:00,2709340,2504_607X,-33.82866668701172,151.2139434814453,3.0,61.6,-21,-0.35,True
2026-10-09T15:15:00+11:00,2284567,2459_441,-33.868255615234375,151.2169189453125,219.0,0.0,-368,-6.13,False
2026-10-09T15:15:00+11:00,1931872,2459_412,-33.891014099121094,151.18014526367188,109.0,28.4,136,2.27,True
2026-10-09T15:15:00+11:00,2209234,2459_440,-33.88398361206055,151.156982421875,354.0,0.0,317,5.28,True
2026-10-09T15:15:00+11:00,2287319,2459_442,-33.868106842041016,151.18179321289062,108.0,55.4,-213,-3.55,False
2026-10-09T15:15:00+11:00,2660407,2459_320,-33.90003967285156,151.21063232421875,36.0,0.0,-24,-0.4,True
2026-10-09T15:15:00+11:00,2554203,2459_358,-33.91996383666992,151.23570251464844,191.0,3.2,-78,-1.3,False
2026-10-09T15:15:00+11:00,2286785,2459_502,-33.85634231567383,151.14657592773438,229.0,35.6,0,0.0,True
2026-10-09T15:15:00+11:00,2368260,2459_428,-33.90769577026367,151.163818359375,34.0,33.8,0,0.0,True
2026-10-09T15:15:00+11:00,2725705,7083_SW1,-33.911827087402344,151.13983154296875,-29.0,0.0,-145,-2.42,False
2026-10-09T15:15:00+11:00,2736756,2459_445,-33.887935638427734,151.15760803222656,173.0,0.0,-161,-2.68,False
2026-10-09T15:15:00+11:00,2283512,2459_438X,-33.88707733154297,151.17539978027344,255.0,48.2,17,0.28,True
2026-10-09T15:15:00+11:00,2289989,2459_348,-33.921329498291016,151.19676208496094,200.0,16.6,0,0.0,True
2026-10-09T15:15:00+11:00,2373805,2508_B1,-33.82448196411133,151.2385711669922,270.0,26.6,354,5.9,True
2026-10-09T15:15:00+11:00,2289694,2459_389,-33.89128494262695,151.24783325195312,93.0,2.2,0,0.0,True
2026-10-09T15:15:00+11:00,2288762,2459_348,-33.92085266113281,151.2370147705078,97.0,0.0,0,0.0,True
2026-10-09T15:15:00+11:00,2290975,2459_423,-33.910484313964844,151.1566162109375,114.0,17.6,191,3.18,True
2026-10-09T15:15:00+11:00,2718597,2508_114,-33.82383346557617,151.1927947998047,245.0,25.2,164,2.73,True
2026-10-09T15:15:00+11:00,2209078,2459_440,-33.886104583740234,151.22879028320312,308.0,0.0,62,1.03,True
2026-10-09T15:15:00+11:00,2037026,2459_440,-33.8842887878418,151.2235870361328,116.0,38.5,-242,-4.03,False
2026-10-09T15:15:00+11:00,2284165,2459_470,-33.86674118041992,151.210693359375,187.0,33.8,296,4.93,True
2026-10-09T15:15:00+11:00,2553941,2459_358,-33.91714859008789,151.176025390625,323.0,54.7,174,2.9,True
2026-10-09T15:15:00+11:00,2287056,2459_470,-33.88499069213867,151.17710876464844,257.0,24.8,-162,-2.7,False
2026-10-09T15:15:00+11:00,2283815,2459_442,-33.85704803466797,151.17787170410156,10.0,0.0,-233,-3.88,False
2026-10-09T15:15:00+11:00,2438502,7084_SW2,-33.90884017944336,151.12411499023438,231.0,53.6,135,2.25,True
2026-10-09T15:15:00+11:00,2703995,2504_616X,-33.87278747558594,151.20631408691406,266.0,6.8,0,0.0,True
2026-10-09T15:15:00+11:00,2714655,2508_114,-33.82582473754883,151.23301696777344,217.0,1.1,45,0.75,True
2026-10-09T15:15:00+11:00,2208895,2459_473,-33.93773651123047,151.13983154296875,235.0,0.0,164,2.73,True
2026-10-09T15:15:00+11:00,2376248,2508_144,-33.79725646972656,151.17958068847656,248.0,0.0,0,0.0,True
2026-10-09T15:15:00+11:00,2618575,2459_422,-33.89198684692383,151.18299865722656,162.0,8.6,109,1.82,True
2026-10-09T15:15:00+11:00,2685917,2459_423,-33.89385223388672,151.18307495117188,225.0,8.3,371,6.18,False
2026-10-09T15:15:00+11:00,2710964,2504_610X,-33.81010437011719,151.16143798828125,103.0,73.8,-370,-6.17,False
2026-10-09T15:15:00+11:00,2474521,2508_225,-33.842411041259766,151.22727966308594,342.0,35.6,-70,-1.17,False
2026-10-09T15:15:00+11:00,2286509,2459_423,-33.882774353027344,151.20359802246094,46.0,9.0,84,1.4,True
2026-10-09T15:15:00+11:00,2383249,2508_100,-33.8714714050293,151.20639038085938,173.0,0.4,18,0.3,True
2026-10-09T15:15:00+11:00,1912307,2459_483,-33.88986587524414,151.12713623046875,110.0,0.0,279,4.65,True
2026-10-09T15:15:00+11:00,2554126,2459_358,-33.923404693603516,151.21087646484375,99.0,0.0,1640,27.33,False
2026-10-09T15:15:00+11:00,2037595,2459_470,-33.88455581665039,151.1927032470703,80.0,0.0,-137,-2.28,False
2026-10-09T15:15:00+11:00,2209076,2459_464,-33.86794662475586,151.10560607910156,9.0,27.7,92,1.53,True
2026-10-09T15:15:00+11:00,2288714,2459_418,-33.896976470947266,151.12745666503906,2.0,29.9,60,1.0,True
2026-10-09T15:15:00+11:00,2374155,2508_100,-33.866859436035156,151.20582580566406,175.0,0.4,-265,-4.42,False
2026-10-09T15:15:00+11:00,2705014,2504_610X,-33.868003845214844,151.20518493652344,355.0,32.0,41,0.68,True
2026-10-09T15:15:00+11:00,2368267,2459_461X,-33.87714385986328,151.10377502441406,24.0,10.1,176,2.93,True
2026-10-09T15:15:00+11:00,2553939,2459_358,-33.922874450683594,151.2068634033203,99.0,0.0,-58,-0.97,True
2026-10-09T15:15:00+11:00,2289418,2459_433,-33.87115478515625,151.17308044433594,232.0,31.7,-63,-1.05,False
2026-10-09T15:15:00+11:00,2719524,2514_277,-33.79618835449219,151.1809539794922,183.0,8.6,0,0.0,True
2026-10-09T15:15:00+11:00,2376640,2508_144,-33.82408905029297,151.241455078125,53.0,0.0,456,7.6,False
2026-10-09T15:15:00+11:00,2484413,2459_483,-33.888526916503906,151.1177215576172,274.0,0.0,39,0.65,True
2026-10-09T15:15:00+11:00,2636036,2459_504,-33.85443878173828,151.1576385498047,322.0,24.5,-63,-1.05,False
2026-10-09T15:15:00+11:00,2596227,2459_492,-33.851192474365234,151.15426635742188,52.0,0.0,312,5.2,True
2026-10-09T15:15:00+11:00,2596330,2459_490,-33.874942779541016,151.1053466796875,99.0,14.0,1036,17.27,False
2026-10-09T15:15:00+11:00,2710351,2504_610X,-33.81211471557617,151.17062377929688,285.0,77.4,99,1.65,True
2026-10-09T15:15:00+11:00,2720943,2514_197,-33.79606628417969,151.17852783203125,254.0,0.0,7,0.12,True
2026-10-09T15:15:00+11:00,2668153,2459_420,-33.925899505615234,151.17791748046875,78.0,65.2,-301,-5.02,False
2026-10-09T15:15:00+11:00,2377294,2508_172X,-33.796043395996094,151.25010681152344,11.0,50.0,125,2.08,True
2026-10-09T15:15:00+11:00,2287901,2459_431,-33.87746047973633,151.20938110351562,6.0,0.0,-175,-2.92,False
2026-10-09T15:15:00+11:00,2620014,2459_530,-33.796287536621094,151.18043518066406,178.0,0.0,2,0.03,True
2026-10-09T15:15:00+11:00,2660124,2459_320,-33.89689254760742,151.21290588378906,303.0,22.3,-153,-2.55,False
2026-10-09T15:15:00+11:00,2718594,2508_144,-33.82370376586914,151.19703674316406,314.0,26.3,680,11.33,False
2026-10-09T15:15:00+11:00,2284198,2459_470,-33.87953567504883,151.1652374267578,286.0,38.5,19,0.32,True
2026-10-09T15:15:00+11:00,2290069,2459_438X,-33.8554573059082,151.1304931640625,161.0,0.0,7,0.12,True
2026-10-09T15:15:00+11:00,2718574,2508_144,-33.83164596557617,151.22308349609375,263.0,0.0,664,11.07,False
2026-10-09T15:15:00+11:00,2721190,2514_283,-33.785743713378906,151.20079040527344,66.0,18.7,180,3.0,True
2026-10-09T15:15:00+11:00,2613583,7084_SW2,-33.90916061401367,151.1613006591797,129.0,12.6,102,1.7,True
2026-10-09T15:15:00+11:00,2553959,2459_358,-33.923831939697266,151.1841278076172,139.0,19.1,-58,-0.97,True
2026-10-09T15:15:00+11:00,2286462,2459_423,-33.89856719970703,151.17552185058594,85.0,37.4,-28,-0.47,True
2026-10-09T15:15:00+11:00,2289595,2459_426,-33.88420104980469,151.1966094970703,87.0,10.4,-148,-2.47,False
2026-10-09T15:15:00+11:00,2570078,7083_SW1,-33.91364288330078,151.16236877441406,129.0,33.5,-145,-2.42,False
2026-10-09T15:15:00+11:00,2720601,2514_194,-33.820220947265625,151.21070861816406,9.0,0.0,230,3.83,True
2026-10-09T15:15:00+11:00,2011194,2459_305,-33.92289733886719,151.18731689453125,9.0,21.2,-132,-2.2,False
2026-10-09T15:15:00+11:00,2428567,2508_B1,-33.83096694946289,151.21287536621094,22.0,55.4,-47,-0.78,True
2026-10-09T15:15:00+11:00,2287927,2459_438X,-33.88026809692383,151.20803833007812,104.0,0.0,-383,-6.38,False
2026-10-09T15:15:00+11:00,2383292,2508_100,-33.86542892456055,151.20489501953125,355.0,1.4,68,1.13,True
2026-10-09T15:15:00+11:00,2290141,2459_433,-33.88444519042969,151.1969451904297,266.0,7.2,-20,-0.33,True
2026-10-09T15:15:00+11:00,1961556,2459_480,-33.88762283325195,151.1704864501953,85.0,27.4,50,0.83,True
2026-10-09T15:15:00+11:00,1958665,2459_412,-33.89387512207031,151.15625,79.0,0.0,-156,-2.6,False
2026-10-09T15:15:00+11:00,2725711,7083_SW1,-33.91445541381836,151.16546630859375,330.0,0.7,-300,-5.0,False
2026-10-09T15:15:00+11:00,2660473,2459_320,-33.88386917114258,151.2036590576172,27.0,0.0,0,0.0,True
2026-10-09T15:15:00+11:00,2285339,2459_428,-33.88424301147461,151.1955108642578,87.0,16.6,-90,-1.5,False
2026-10-09T15:15:00+11:00,2554003,2459_358,-33.924156188964844,151.18714904785156,176.0,0.0,-86,-1.43,False
2026-10-09T15:15:00+11:00,2377571,2508_144,-33.81638717651367,151.1788330078125,139.0,31.0,119,1.98,True
2026-10-09T15:15:00+11:00,2738403,2507_533,-33.797630310058594,151.17906188964844,247.0,0.0,0,0.0,True
2026-10-09T15:15:00+11:00,2643079,2507_501,-33.83330535888672,151.1271514892578,165.0,41.4,-38,-0.63,True
2026-10-09T15:15:00+11:00,2672339,2507_115,-33.81327438354492,151.19961547851562,168.0,20.9,171,2.85,True
2026-10-09T15:15:00+11:00,2537675,2507_506,-33.872798919677734,151.2051544189453,85.0,20.9,-558,-9.3,False
2026-10-09T15:15:00+11:00,2644666,2507_501,-33.8719367980957,151.1951904296875,158.0,30.2,-170,-2.83,False
2026-10-09T15:15:00+11:00,2672404,2507_115,-33.840457916259766,151.20838928222656,142.0,0.0,306,5.1,True
2026-10-09T15:15:00+11:00,2644600,2507_120,-33.79623031616211,151.1811981201172,3.0,5.4,176,2.93,True
2026-10-09T15:15:00+11:00,2407191,2507_252,-33.814823150634766,151.1649627685547,109.0,0.0,443,7.38,False
2026-10-09T15:15:00+11:00,2407190,2507_261,-33.82807922363281,151.19615173339844,287.0,0.0,-78,-1.3,False
2026-10-09T15:15:00+11:00,2654565,2507_261,-33.82789611816406,151.20108032226562,138.0,24.5,228,3.8,True
2026-10-09T15:15:00+11:00,2672445,2507_115,-33.795413970947266,151.1855926513672,250.0,0.0,-546,-9.1,False
2026-10-09T15:15:00+11:00,2682116,2507_202,-33.83915328979492,151.20657348632812,9.0,0.0,-40,-0.67,True
2026-10-09T15:15:00+11:00,2744570,2507_292,-33.813907623291016,151.18910217285156,260.0,66.2,22,0.37,True
2026-10-09T15:15:00+11:00,2433019,2507_265,-33.82328414916992,151.19422912597656,71.0,25.9,-23,-0.38,True
2026-10-09T15:15:00+11:00,2681914,2507_267,-33.84040451049805,151.1829071044922,279.0,0.0,356,5.93,True
2026-10-09T15:15:00+11:00,2672356,2507_115,-33.79514694213867,151.1826629638672,340.0,0.0,-135,-2.25,False
2026-10-09T15:15:00+11:00,2644950,2507_501,-33.8829231262207,151.199462890625,63.0,18.0,50,0.83,True
2026-10-09T15:15:00+11:00,2643554,2507_120,-33.79875564575195,151.19842529296875,155.0,0.0,214,3.57,True
2026-10-09T15:15:00+11:00,2654473,2507_52,-33.87501907348633,151.19528198242188,255.0,51.5,33,0.55,True
2026-10-09T15:15:00+11:00,2643095,2507_120,-33.871253967285156,151.2063446044922,172.0,0.0,18,0.3,True
2026-10-09T15:15:00+11:00,2642997,2507_501,-33.84791946411133,151.15225219726562,326.0,0.0,-68,-1.13,False
2026-10-09T15:15:00+11:00,2230095,2507_288,-33.868282318115234,151.20521545410156,356.0,0.0,25,0.42,True
2026-10-09T15:15:00+11:00,2643636,2507_501,-33.87958908081055,151.2081756591797,102.0,0.0,0,0.0,True
2026-10-09T15:15:00+11:00,2644167,2507_254,-33.84042739868164,151.2066192626953,191.0,0.0,-103,-1.72,False
2026-10-09T15:15:00+11:00,2643744,2507_207,-33.84004592895508,151.2110595703125,185.0,43.9,-206,-3.43,False
2026-10-09T15:15:00+11:00,2441550,2507_207,-33.839012145996094,151.20664978027344,8.0,0.0,67,1.12,True
2026-10-09T15:15:00+11:00,2654539,2507_52,-33.87363815307617,151.21636962890625,102.0,0.7,0,0.0,True
2026-10-09T15:15:00+11:00,2441675,2507_207,-33.81470489501953,151.21200561523438,344.0,30.2,116,1.93,True
2026-10-09T15:15:00+11:00,2654396,2507_52,-33.83624267578125,151.1284942626953,306.0,33.8,276,4.6,True
2026-10-09T15:15:00+11:00,2682156,2507_536,-33.82019805908203,151.15029907226562,43.0,0.0,4,0.07,True
2026-10-09T15:15:00+11:00,2644972,2507_120,-33.81441879272461,151.2001495361328,335.0,32.8,-128,-2.13,False
2026-10-09T15:15:00+11:00,2634530,2507_254,-33.826725006103516,151.19979858398438,321.0,37.1,7,0.12,True
2026-10-09T15:15:00+11:00,2621609,2507_536,-33.81463623046875,151.16859436035156,233.0,11.9,-119,-1.98,False
2026-10-09T15:15:00+11:00,2644562,2507_501,-33.871307373046875,151.19485473632812,333.0,24.5,172,2.87,True
2026-10-09T15:15:00+11:00,2654520,2507_52,-33.82994842529297,151.12684631347656,184.0,0.0,37,0.62,True
2026-10-09T15:15:00+11:00,2555515,2507_265,-33.83615493774414,151.19874572753906,5.0,17.6,-3,-0.05,True
2026-10-09T15:15:00+11:00,2644397,2507_120,-33.795249938964844,151.186279296875,251.0,0.0,5,0.08,True
2026-10-09T15:15:00+11:00,2672305,2507_115,-33.83808898925781,151.20709228515625,182.0,29.5,-203,-3.38,False
2026-10-09T15:15:00+11:00,2322373,2507_506,-33.82278823852539,151.13650512695312,299.0,31.0,-160,-2.67,False
2026-10-09T15:15:00+11:00,2744636,2507_292,-33.803653717041016,151.1493682861328,96.0,0.0,-239,-3.98,False
2026-10-09T15:15:00+11:00,2644809,2507_120,-33.81071472167969,151.19947814941406,0.0,0.0,321,5.35,True
2026-10-09T15:15:00+11:00,2644436,2507_501,-33.88018798828125,151.2069091796875,199.0,15.5,0,0.0,True
2026-10-09T15:15:00+11:00,2644947,2507_501,-33.82012176513672,151.11825561523438,307.0,14.0,37,0.62,True
2026-10-09T15:15:00+11:00,2672318,2507_115,-33.82669448852539,151.20120239257812,281.0,0.0,194,3.23,True
2026-10-09T15:15:00+11:00,2681939,2507_267,-33.819149017333984,151.21141052246094,220.0,42.1,176,2.93,True
2026-10-09T15:15:00+11:00,2644005,2507_501,-33.8629264831543,151.1686248779297,127.0,22.7,-151,-2.52,False
2026-10-09T15:15:00+11:00,2447562,2507_203,-33.81426239013672,151.21182250976562,330.0,24.8,-189,-3.15,False
2026-10-09T15:15:00+11:00,2744802,2507_292,-33.86608123779297,151.2033233642578,175.0,0.0,0,0.0,True
2026-10-09T15:15:00+11:00,2643261,2507_120,-33.85934829711914,151.20643615722656,200.0,57.6,-100,-1.67,False
2026-10-09T15:15:00+11:00,2672281,2507_115,-33.793704986572266,151.19140625,69.0,38.5,177,2.95,True
2026-10-09T15:15:00+11:00,2442154,2507_202,-33.80710983276367,151.23037719726562,146.0,0.0,116,1.93,True
2026-10-09T15:15:00+11:00,2731423,2507_291,-33.824012756347656,151.19223022460938,63.0,16.9,97,1.62,True
2026-10-09T15:15:00+11:00,2555451,2507_291,-33.79883575439453,151.22532653808594,262.0,50.0,64,1.07,True
2026-10-09T15:15:00+11:00,2555431,2507_291,-33.823551177978516,151.19410705566406,254.0,16.2,-153,-2.55,False
2026-10-09T15:15:00+11:00,2621585,2507_252,-33.81354522705078,151.16146850585938,291.0,37.1,303,5.05,True
2026-10-09T15:15:00+11:00,2654384,2507_52,-33.850826263427734,151.15414428710938,322.0,16.9,52,0.87,True
2026-10-09T15:15:00+11:00,2407141,2507_255,-33.799137115478516,151.17898559570312,156.0,0.0,139,2.32,True
2026-10-09T15:15:00+11:00,2654486,2507_52,-33.85447692871094,151.15785217285156,142.0,46.1,84,1.4,True
2026-10-09T15:15:00+11:00,2621558,2507_288,-33.860511779785156,151.20602416992188,192.0,58.3,554,9.23,False
2026-10-09T15:15:00+11:00,2322350,2507_506,-33.87105941772461,151.21441650390625,305.0,0.0,232,3.87,True
2026-10-09T15:15:00+11:00,2356514,2509_339,-33.904056549072266,151.2369384765625,238.0,39.6,313,5.22,True
2026-10-09T15:15:00+11:00,2645927,2509_394X,-33.915096282958984,151.22549438476562,348.0,0.0,-97,-1.62,False
2026-10-09T15:15:00+11:00,2674987,2509_309,-33.89427947998047,151.199462890625,203.0,6.1,63,1.05,True
2026-10-09T15:15:00+11:00,2357508,2509_343,-33.893043518066406,151.2057342529297,279.0,1.8,138,2.3,True
2026-10-09T15:15:00+11:00,2628622,2509_304,-33.86298370361328,151.21112060546875,187.0,5.0,34,0.57,True
2026-10-09T15:15:00+11:00,2137772,2509_306,-33.90724563598633,151.20294189453125,187.0,0.0,205,3.42,True
2026-10-09T15:15:00+11:00,2352322,2509_307,-33.94438934326172,151.22645568847656,195.0,9.4,896,14.93,False
2026-10-09T15:15:00+11:00,2564645,2509_350,-33.94146728515625,151.23838806152344,274.0,27.7,189,3.15,True
2026-10-09T15:15:00+11:00,2564837,2509_350,-33.94709014892578,151.2491912841797,105.0,41.8,480,8.0,False
2026-10-09T15:15:00+11:00,2564931,2509_379,-33.90463638305664,151.26734924316406,104.0,0.0,0,0.0,True
2026-10-09T15:15:00+11:00,2357168,2509_339,-33.88483810424805,151.21810913085938,157.0,14.8,0,0.0,True
2026-10-09T15:15:00+11:00,2564530,2509_333,-33.865230560302734,151.2115020751953,21.0,0.0,-2,-0.03,True
2026-10-09T15:15:00+11:00,2628681,2509_304,-33.891300201416016,151.21267700195312,195.0,18.4,196,3.27,True
2026-10-09T15:15:00+11:00,2533079,2509_352,-33.90478515625,151.17388916015625,248.0,0.0,27,0.45,True
2026-10-09T15:15:00+11:00,2740242,2509_370,-33.87218475341797,151.17996215820312,196.0,12.6,0,0.0,True
2026-10-09T15:15:00+11:00,2667442,2509_326,-33.8771858215332,151.2528076171875,356.0,13.3,-58,-0.97,True
2026-10-09T15:15:00+11:00,2564935,2509_333,-33.892433166503906,151.24227905273438,192.0,0.0,269,4.48,True
2026-10-09T15:15:00+11:00,2564943,2509_333,-33.89147186279297,151.24952697753906,97.0,0.0,0,0.0,True
2026-10-09T15:15:00+11:00,2740236,2509_370,-33.920326232910156,151.25343322753906,100.0,36.7,-432,-7.2,False
2026-10-09T15:15:00+11:00,2532655,2509_324,-33.876590728759766,151.2454833984375,219.0,0.0,583,9.72,False
2026-10-09T15:15:00+11:00,2431426,2509_396,-33.915035247802734,151.22547912597656,350.0,0.0,95,1.58,True
2026-10-09T15:15:00+11:00,2435571,2509_390X,-33.92414093017578,151.2279510498047,146.0,10.1,22,0.37,True
2026-10-09T15:15:00+11:00,2352540,2509_307,-33.9439811706543,151.19920349121094,248.0,43.9,193,3.22,True
2026-10-09T15:15:00+11:00,2534613,2509_360,-33.90334701538086,151.2591552734375,230.0,34.6,-48,-0.8,True
2026-10-09T15:15:00+11:00,2151642,2509_333,-33.87946319580078,151.21546936035156,121.0,0.4,-56,-0.93,True
2026-10-09T15:15:00+11:00,2470763,2509_356,-33.94142532348633,151.2387237548828,98.0,0.0,237,3.95,True
2026-10-09T15:15:00+11:00,2564716,2509_350,-33.94150924682617,151.2389678955078,100.0,0.0,145,2.42,True
2026-10-09T15:15:00+11:00,2431444,2509_396,-33.94758605957031,151.2552947998047,49.0,7.9,56,0.93,True
2026-10-09T15:15:00+11:00,2488455,2509_392,-33.93534851074219,151.23046875,192.0,36.4,417,6.95,False
2026-10-09T15:15:00+11:00,2356561,2509_370,-33.90188980102539,151.1948699951172,321.0,24.8,176,2.93,True
2026-10-09T15:15:00+11:00,2335874,2509_309,-33.91908645629883,151.19882202148438,39.0,0.0,-233,-3.88,False
2026-10-09T15:15:00+11:00,2410319,2509_392,-33.89677047729492,151.20204162597656,273.0,25.9,-378,-6.3,False
2026-10-09T15:15:00+11:00,2533308,2509_324,-33.856021881103516,151.20668029785156,48.0,0.0,0,0.0,True
2026-10-09T15:15:00+11:00,2628763,2509_304,-33.88758850097656,151.21359252929688,10.0,26.3,292,4.87,True
2026-10-09T15:15:00+11:00,2151779,2509_333,-33.87594223022461,151.20957946777344,185.0,0.0,-89,-1.48,False
2026-10-09T15:15:00+11:00,2356380,2509_373X,-33.884525299072266,151.1935577392578,79.0,36.0,7,0.12,True
2026-10-09T15:15:00+11:00,2532423,2509_324,-33.8637809753418,151.2030792236328,173.0,0.0,-34,-0.57,True
2026-10-09T15:15:00+11:00,2152014,2509_333,-33.893943786621094,151.26443481445312,98.0,0.0,185,3.08,True
2026-10-09T15:15:00+11:00,2565045,2509_333,-33.892860412597656,151.25595092773438,279.0,0.0,90,1.5,True
2026-10-09T15:15:00+11:00,2531977,2509_325,-33.87242889404297,151.26052856445312,94.0,47.5,-51,-0.85,True
2026-10-09T15:15:00+11:00,2355771,2509_390X,-33.94132614135742,151.23902893066406,344.0,24.8,122,2.03,True
2026-10-09T15:15:00+11:00,2564649,2509_355,-33.896854400634766,151.20347595214844,291.0,17.3,427,7.12,False
2026-10-09T15:15:00+11:00,2533624,2509_325,-33.877296447753906,151.24391174316406,256.0,0.0,54,0.9,True
2026-10-09T15:15:00+11:00,2564684,2509_350,-33.934043884277344,151.19786071777344,79.0,13.3,268,4.47,True
2026-10-09T15:15:00+11:00,2139591,2509_375,-33.94771957397461,151.2525177001953,105.0,44.3,204,3.4,True
2026-10-09T15:15:00+11:00,2435450,2509_390X,-33.890689849853516,151.24366760253906,110.0,16.6,0,0.0,True
2026-10-09T15:15:00+11:00,2431149,2509_396,-33.88019943237305,151.2163848876953,133.0,0.0,199,3.32,True
2026-10-09T15:15:00+11:00,2548811,2509_328,-33.87412643432617,151.236328125,218.0,2.5,118,1.97,True
2026-10-09T15:15:00+11:00,2356180,2509_370,-33.91596221923828,151.2335968017578,287.0,23.0,155,2.58,True
2026-10-09T15:15:00+11:00,2355857,2509_390X,-33.920711517333984,151.2265167236328,350.0,0.4,116,1.93,True
2026-10-09T15:15:00+11:00,2396558,2509_392,-33.91840362548828,151.22616577148438,352.0,32.4,-38,-0.63,True
2026-10-09T15:15:00+11:00,2356093,2509_370,-33.90022277832031,151.1781005859375,339.0,0.0,89,1.48,True
2026-10-09T15:15:00+11:00,2532164,2509_362,-33.870704650878906,151.27081298828125,320.0,35.3,6,0.1,True
2026-10-09T15:15:00+11:00,2356628,2509_343,-33.921852111816406,151.200439453125,196.0,2.5,302,5.03,True
2026-10-09T15:15:00+11:00,2357570,2509_374,-33.90428924560547,151.22637939453125,121.0,0.0,-17,-0.28,True
2026-10-09T15:15:00+11:00,2564727,2509_350,-33.90034103393555,151.253662109375,159.0,27.0,152,2.53,True
2026-10-09T15:15:00+11:00,1780183,2509_756e,-33.8915901184082,151.25389099121094,318.0,20.2,469,7.82,False
2026-10-09T15:15:00+11:00,2151643,2509_333,-33.89131546020508,151.24803161621094,98.0,0.0,-178,-2.97,False
2026-10-09T15:15:00+11:00,2352597,2509_307,-33.94475173950195,151.22642517089844,191.0,0.0,0,0.0,True
2026-10-09T15:15:00+11:00,2564990,2509_333,-33.881500244140625,151.21875,296.0,0.0,64,1.07,True
2026-10-09T15:15:00+11:00,2533623,2509_324,-33.87332534790039,151.2101287841797,96.0,30.6,472,7.87,False
2026-10-09T15:15:00+11:00,2564679,2509_350,-33.91545867919922,151.25804138183594,182.0,0.0,235,3.92,True
2026-10-09T15:15:00+11:00,2410343,2509_392,-33.9105110168457,151.2230987548828,6.0,22.7,303,5.05,True
2026-10-09T15:15:00+11:00,2564866,2509_379,-33.892799377441406,151.2496795654297,189.0,2.5,29,0.48,True
2026-10-09T15:15:00+11:00,2403200,2509_311,-33.86545181274414,151.2242431640625,18.0,0.0,266,4.43,True
2026-10-09T15:15:00+11:00,2357026,2509_311,-33.878089904785156,151.22052001953125,24.0,4.7,48,0.8,True
2026-10-09T15:15:00+11:00,2564526,2509_355,-33.90592956542969,151.1674041748047,315.0,0.0,56,0.93,True
2026-10-09T15:15:00+11:00,2400436,2509_309,-33.894012451171875,151.1985626220703,21.0,0.0,-364,-6.07,False
2026-10-09T15:15:00+11:00,2564813,2509_333,-33.89476776123047,151.26934814453125,280.0,3.2,307,5.12,True
2026-10-09T15:15:00+11:00,2435425,2509_390X,-33.89291000366211,151.2490997314453,186.0,0.0,93,1.55,True
2026-10-09T15:15:00+11:00,2357115,2509_373X,-33.881343841552734,151.20870971679688,189.0,32.0,225,3.75,True
2026-10-09T15:15:00+11:00,2140010,2509_396,-33.866458892822266,151.2107391357422,6.0,0.4,-286,-4.77,False
2026-10-09T15:15:00+11:00,2356704,2509_343,-33.890098571777344,151.2078094482422,185.0,28.1,6,0.1,True
2026-10-09T15:15:00+11:00,2431713,2509_396,-33.941078186035156,151.25233459472656,84.0,21.2,149,2.48,True
2026-10-09T15:15:00+11:00,2357641,2509_373,-33.91907501220703,151.24229431152344,348.0,32.8,111,1.85,True
2026-10-09T15:15:00+11:00,2532791,2509_325,-33.86815643310547,151.20596313476562,178.0,3.2,178,2.97,True
2026-10-09T15:15:00+11:00,2531681,2509_380,-33.87639617919922,151.28012084960938,9.0,43.9,298,4.97,True
2026-10-09T15:15:00+11:00,2564991,2509_350,-33.94019317626953,151.21490478515625,324.0,38.9,50,0.83,True
2026-10-09T15:15:00+11:00,2151799,2509_333,-33.885555267333984,151.22836303710938,133.0,14.8,243,4.05,True
2026-10-09T15:15:00+11:00,2139243,2509_375,-33.90850067138672,151.23435974121094,275.0,1.4,-20,-0.33,True
2026-10-09T15:15:00+11:00,2396556,2509_392,-33.956695556640625,151.2304229736328,346.0,23.8,478,7.97,False
2026-10-09T15:15:00+11:00,2532529,2509_352,-33.908206939697266,151.17437744140625,286.0,18.4,0,0.0,True
2026-10-09T15:15:00+11:00,2532485,2509_324,-33.87195587158203,151.2650146484375,244.0,0.0,239,3.98,True
2026-10-09T15:15:00+11:00,2533604,2509_381,-33.901546478271484,151.26878356933594,104.0,12.2,67,1.12,True
2026-10-09T15:15:00+11:00,2431416,2509_396,-33.86152267456055,151.20924377441406,7.0,0.0,0,0.0,True
2026-10-09T15:15:00+11:00,2435281,2509_390X,-33.90908432006836,151.24420166015625,233.0,0.0,8,0.13,True
2026-10-09T15:15:00+11:00,2565005,2509_333,-33.8945426940918,151.27325439453125,177.0,18.0,197,3.28,True
2026-10-09T15:15:00+11:00,2533286,2509_327,-33.88873291015625,151.25753784179688,226.0,0.0,34,0.57,True
2026-10-09T15:15:00+11:00,2534532,2509_325,-33.845191955566406,151.28240966796875,187.0,31.7,295,4.92,True
2026-10-09T15:15:00+11:00,2470800,2509_356,-33.91301727294922,151.24192810058594,99.0,8.3,305,5.08,True
2026-10-09T15:15:00+11:00,2531138,2509_355,-33.891502380371094,151.2474822998047,187.0,0.0,177,2.95,True
2026-10-09T15:15:00+11:00,2564735,2509_379,-33.890846252441406,151.24818420410156,279.0,2.5,0,0.0,True
2026-10-09T15:15:00+11:00,2151997,2509_333,-33.88085174560547,151.217529296875,115.0,0.0,185,3.08,True
2026-10-09T15:15:00+11:00,2532223,2509_326,-33.87664794921875,151.25299072265625,191.0,31.0,294,4.9,True
2026-10-09T15:15:00+11:00,2356005,2509_370,-33.8838005065918,151.19215393066406,309.0,26.3,-79,-1.32,False
2026-10-09T15:15:00+11:00,2533280,2509_324,-33.86341857910156,151.27218627929688,173.0,0.0,118,1.97,True
2026-10-09T15:15:00+11:00,2431462,2509_309,-33.94484329223633,151.1966552734375,336.0,3.2,187,3.12,True
2026-10-09T15:15:00+11:00,2564594,2509_350,-33.933650970458984,151.1797637939453,281.0,16.9,216,3.6,True
2026-10-09T15:15:00+11:00,2628689,2509_304,-33.907344818115234,151.2051239013672,294.0,1.1,-77,-1.28,False
2026-10-09T15:15:00+11:00,2740214,2509_370,-33.90312576293945,151.19114685058594,24.0,0.0,178,2.97,True
2026-10-09T15:15:00+11:00,2564858,2509_333,-33.88950729370117,151.28326416015625,216.0,0.0,0,0.0,True
2026-10-09T15:15:00+11:00,2565140,2509_379,-33.88795471191406,151.26260375976562,274.0,25.2,160,2.67,True
2026-10-09T15:15:00+11:00,2356319,2509_373X,-33.868717193603516,151.20974731445312,188.0,13.3,56,0.93,True
2026-10-09T15:15:00+11:00,2565026,2509_350,-33.925235748291016,151.19395446777344,99.0,0.4,67,1.12,True
2026-10-09T15:15:00+11:00,2435619,2509_390X,-33.91575622558594,151.23287963867188,281.0,45.4,36,0.6,True
2026-10-09T15:15:00+11:00,2565072,2509_333,-33.87668228149414,151.21197509765625,296.0,10.1,306,5.1,True
2026-10-09T15:15:00+11:00,2564529,2509_350,-33.93450164794922,151.19366455078125,348.0,37.1,285,4.75,True
2026-10-09T15:15:00+11:00,2575746,2509_374,-33.919193267822266,151.25460815429688,4.0,0.0,6,0.1,True
2026-10-09T15:15:00+11:00,2531411,2509_325,-33.85394287109375,151.27354431152344,69.0,0.0,1157,19.28,False
2026-10-09T15:15:00+11:00,2564700,2509_379,-33.9025764465332,151.2547149658203,341.0,9.7,212,3.53,True
2026-10-09T15:15:00+11:00,2564688,2509_333,-33.891441345214844,151.24618530273438,289.0,35.6,181,3.02,True
2026-10-09T15:15:00+11:00,2356549,2509_373,-33.900291442871094,151.22288513183594,175.0,38.9,144,2.4,True
2026-10-09T15:15:00+11:00,2300918,2509_399,-33.91786575317383,151.2257537841797,274.0,0.0,-129,-2.15,False
2026-10-09T15:15:00+11:00,2356954,2509_343,-33.90818405151367,151.2072296142578,205.0,27.7,19,0.32,True
2026-10-09T15:15:00+11:00,2357427,2509_370,-33.918357849121094,151.24339294433594,281.0,43.9,0,0.0,True
2026-10-09T15:15:00+11:00,2356322,2509_374,-33.92498779296875,151.2279052734375,354.0,0.0,46,0.77,True
2026-10-09T15:15:00+11:00,2431343,2509_396,-33.88928985595703,151.22030639648438,164.0,51.1,632,10.53,False
2026-10-09T15:15:00+11:00,2357741,2509_343,-33.912757873535156,151.2056884765625,16.0,15.8,180,3.0,True
2026-10-09T15:15:00+11:00,2533471,2509_387,-33.889404296875,151.2561798095703,240.0,0.0,-350,-5.83,False
2026-10-09T15:15:00+11:00,2564572,2509_333,-33.891265869140625,151.24972534179688,354.0,0.7,136,2.27,True
2026-10-09T15:15:00+11:00,2740220,2509_370,-33.90530014038086,151.202880859375,163.0,0.0,330,5.5,True
2026-10-09T15:15:00+11:00,2352269,2509_356,-33.91664123535156,151.2411346435547,161.0,0.0,-85,-1.42,False
2026-10-09T15:15:00+11:00,2352616,2509_356,-33.89107894897461,151.2494354248047,281.0,0.0,0,0.0,True
2026-10-09T15:15:00+11:00,2137812,2509_375,-33.92631149291992,151.25262451171875,103.0,46.8,-241,-4.02,False
2026-10-09T15:15:00+11:00,2151583,2509_333,-33.891746520996094,151.27342224121094,36.0,42.8,217,3.62,True
2026-10-09T15:15:00+11:00,2628609,2509_304,-33.87846755981445,151.20982360839844,103.0,33.1,106,1.77,True
2026-10-09T15:15:00+11:00,2564547,2509_350,-33.93849563598633,151.2574005126953,205.0,35.3,416,6.93,False
2026-10-09T15:15:00+11:00,2431358,2509_396,-33.92914962768555,151.23538208007812,125.0,44.3,224,3.73,True
2026-10-09T15:15:00+11:00,2488488,2509_392,-33.90361785888672,151.21194458007812,100.0,4.7,185,3.08,True
2026-10-09T15:15:00+11:00,2533545,2509_324,-33.877593994140625,151.23416137695312,134.0,0.0,103,1.72,True
2026-10-09T15:15:00+11:00,2532337,2509_324,-33.86035919189453,151.2726287841797,58.0,41.0,-52,-0.87,True
2026-10-09T15:15:00+11:00,2136845,2509_306,-33.92450714111328,151.18722534179688,360.0,0.0,116,1.93,True
2026-10-09T15:15:00+11:00,2403142,2509_311,-33.867740631103516,151.20591735839844,178.0,23.8,5,0.08,True
2026-10-09T15:15:00+11:00,2355845,2509_390X,-33.91570281982422,151.23974609375,9.0,21.6,513,8.55,False
2026-10-09T15:15:00+11:00,2740234,2509_370,-33.91965866088867,151.24903869628906,100.0,40.3,596,9.93,False
2026-10-09T15:15:00+11:00,2356204,2509_370,-33.91222381591797,151.2126007080078,286.0,15.1,254,4.23,True
2026-10-09T15:15:00+11:00,2628623,2509_304,-33.86345291137695,151.2118682861328,6.0,0.0,0,0.0,True
2026-10-09T15:15:00+11:00,2357673,2509_373,-33.87736511230469,151.2118377685547,23.0,31.3,210,3.5,True
2026-10-09T15:15:00+11:00,2532763,2509_380,-33.89398193359375,151.263916015625,101.0,19.8,50,0.83,True
2026-10-09T15:15:00+11:00,2533336,2509_360,-33.893333435058594,151.24957275390625,9.0,0.0,-161,-2.68,False
2026-10-09T15:15:00+11:00,2431186,2509_396,-33.941017150878906,151.23915100097656,348.0,0.0,129,2.15,True
2026-10-09T15:15:00+11:00,2675003,2509_309,-33.94040298461914,151.19509887695312,173.0,3.2,59,0.98,True
2026-10-09T15:15:00+11:00,2335850,2509_309,-33.94679641723633,151.19729614257812,4.0,31.7,-205,-3.42,False
2026-10-09T15:15:00+11:00,2534441,2509_352,-33.88900375366211,151.19065856933594,61.0,14.4,191,3.18,True
2026-10-09T15:15:00+11:00,2355931,2509_373,-33.904052734375,151.2263641357422,296.0,19.8,50,0.83,True
2026-10-09T15:15:00+11:00,2564804,2509_379,-33.88589859008789,151.2838592529297,95.0,26.6,-66,-1.1,False
2026-10-09T15:15:00+11:00,2357098,2509_373,-33.91994857788086,151.25698852539062,9.0,0.0,0,0.0,True
2026-10-09T15:15:00+11:00,2533322,2509_380,-33.88966751098633,151.27598571777344,219.0,0.0,546,9.1,False
2026-10-09T15:15:00+11:00,2356649,2509_373,-33.92000198364258,151.25706481933594,190.0,0.0,0,0.0,True
2026-10-09T15:15:00+11:00,2140251,2509_306,-33.89484786987305,151.1992950439453,201.0,28.4,1604,26.73,False
2026-10-09T15:15:00+11:00,2563966,2509_387,-33.88534927368164,151.2672882080078,53.0,0.0,310,5.17,True
2026-10-09T15:15:00+11:00,2356036,2509_370,-33.91987609863281,151.25701904296875,8.0,18.7,0,0.0,True
2026-10-09T15:15:00+11:00,2645942,2509_394X,-33.87616729736328,151.20953369140625,193.0,15.5,-74,-1.23,False
2026-10-09T15:15:00+11:00,2645884,2509_392X,-33.93052673339844,151.2295379638672,351.0,39.2,-119,-1.98,False
2026-10-09T15:15:00+11:00,2357138,2509_343,-33.9255256652832,151.22152709960938,277.0,48.6,58,0.97,True
2026-10-09T15:15:00+11:00,2533080,2509_352,-33.879451751708984,151.2154541015625,316.0,17.3,174,2.9,True
2026-10-09T15:15:00+11:00,2335774,2509_309,-33.91273880004883,151.20144653320312,16.0,0.0,370,6.17,False
2026-10-09T15:15:00+11:00,2675083,2509_309,-33.904903411865234,151.20272827148438,170.0,8.3,467,7.78,False
2026-10-09T15:15:00+11:00,2534513,2509_324,-33.8465461730957,151.2839813232422,343.0,37.8,109,1.82,True
2026-10-09T15:15:00+11:00,2355776,2509_390X,-33.8918342590332,151.2498016357422,355.0,0.0,-249,-4.15,False
2026-10-09T15:15:00+11:00,2564886,2509_350,-33.94585418701172,151.24642944335938,114.0,45.7,1136,18.93,False
2026-10-09T15:15:00+11:00,2564896,2509_355,-33.891685485839844,151.21420288085938,101.0,5.4,-131,-2.18,False
2026-10-09T15:15:00+11:00,2435379,2509_390X,-33.92306900024414,151.22731018066406,154.0,11.2,656,10.93,False
2026-10-09T15:15:00+11:00,2139040,2509_306,-33.893733978271484,151.19874572753906,18.0,0.0,0,0.0,True
2026-10-09T15:15:00+11:00,2564920,2509_333,-33.88906478881836,151.27818298339844,281.0,0.0,-11,-0.18,True
2026-10-09T15:15:00+11:00,2357228,2509_343,-33.862796783447266,151.21197509765625,9.0,0.0,0,0.0,True
2026-10-09T15:15:00+11:00,2355777,2509_390X,-33.94868850708008,151.24082946777344,348.0,23.4,-159,-2.65,False
2026-10-09T15:15:00+11:00,2575690,2509_374,-33.89211654663086,151.2168426513672,292.0,27.4,-147,-2.45,False
2026-10-09T15:15:00+11:00,2137817,2509_375,-33.95306396484375,151.24143981933594,267.0,28.1,-351,-5.85,False
2026-10-09T15:15:00+11:00,2410357,2509_392,-33.896644592285156,151.1997528076172,274.0,0.0,245,4.08,True
2026-10-09T15:15:00+11:00,2740256,2509_370,-33.87180709838867,151.18008422851562,236.0,0.0,653,10.88,False
2026-10-09T15:15:00+11:00,2352615,2509_392,-33.89677810668945,151.2021026611328,93.0,27.0,123,2.05,True
2026-10-09T15:15:00+11:00,2139586,2509_306,-33.91008377075195,151.20236206054688,298.0,14.4,643,10.72,False
2026-10-09T15:15:00+11:00,2533773,2509_327,-33.87944412231445,151.23609924316406,1.0,0.4,0,0.0,True
2026-10-09T15:15:00+11:00,2531989,2509_325,-33.87376403808594,151.2128143310547,281.0,0.0,598,9.97,False
2026-10-09T15:15:00+11:00,2534389,2509_313,-33.92415237426758,151.25498962402344,100.0,0.0,-286,-4.77,False
2026-10-09T15:15:00+11:00,2435473,2509_390X,-33.89155197143555,151.249755859375,353.0,1.1,39,0.65,True
2026-10-09T15:15:00+11:00,2403203,2509_311,-33.8585205078125,151.2046356201172,279.0,0.0,8,0.13,True
2026-10-09T15:15:00+11:00,2531405,2509_333,-33.86975860595703,151.2095184326172,7.0,0.4,0,0.0,True
2026-10-09T15:15:00+11:00,2564834,2509_379,-33.88788986206055,151.27142333984375,219.0,0.0,51,0.85,True
2026-10-09T15:15:00+11:00,2565088,2509_333,-33.89133071899414,151.27392578125,229.0,22.7,94,1.57,True
2026-10-09T15:15:00+11:00,2352689,2509_392,-33.91887283325195,151.22650146484375,172.0,36.0,278,4.63,True
2026-10-09T15:15:00+11:00,2140824,2509_396,-33.94184494018555,151.24085998535156,100.0,18.7,1200,20.0,False
2026-10-09T15:15:00+11:00,2533562,2509_362,-33.88279724121094,151.2695770263672,205.0,4.7,175,2.92,True
2026-10-09T15:15:00+11:00,2532152,2509_380,-33.84956359863281,151.2869110107422,187.0,39.2,286,4.77,True
2026-10-09T15:15:00+11:00,2356061,2509_374,-33.862220764160156,151.21206665039062,7.0,0.0,0,0.0,True
2026-10-09T15:15:00+11:00,2152078,2509_333,-33.893211364746094,151.2587127685547,99.0,27.0,78,1.3,True
2026-10-09T15:15:00+11:00,2137466,2509_396,-33.88426208496094,151.21766662597656,336.0,0.0,-34,-0.57,True
2026-10-09T15:15:00+11:00,2356043,2509_370,-33.88349914550781,151.19175720214844,310.0,28.4,476,7.93,False
2026-10-09T15:15:00+11:00,2352282,2509_307,-33.9251823425293,151.19338989257812,100.0,32.4,139,2.32,True
2026-10-09T15:15:00+11:00,2531440,2509_360,-33.91236114501953,151.26937866210938,4.0,1.1,-4,-0.07,True
2026-10-09T15:15:00+11:00,2357733,2509_343,-33.87769317626953,151.20933532714844,3.0,24.8,120,2.0,True
2026-10-09T15:15:00+11:00,2400495,2509_309,-33.914794921875,151.2007293701172,14.0,0.0,75,1.25,True
2026-10-09T15:15:00+11:00,2740186,2509_370,-33.89627456665039,151.1803436279297,238.0,0.0,133,2.22,True
2026-10-09T15:15:00+11:00,2534280,2509_386,-33.872188568115234,151.2723388671875,141.0,40.7,221,3.68,True
2026-10-09T15:15:00+11:00,2564017,2509_386,-33.892032623291016,151.24986267089844,135.0,11.5,77,1.28,True
2026-10-09T15:15:00+11:00,2431556,2509_396,-33.868927001953125,151.21046447753906,185.0,1.1,55,0.92,True
2026-10-09T15:15:00+11:00,2355888,2509_390X,-33.91631317138672,151.23960876464844,8.0,6.8,37,0.62,True
2026-10-09T15:15:00+11:00,2565147,2509_333,-33.88139724731445,151.21847534179688,296.0,1.1,361,6.02,False
2026-10-09T15:15:00+11:00,2356079,2509_343,-33.86240005493164,151.211181640625,186.0,1.8,296,4.93,True
2026-10-09T15:15:00+11:00,2533817,2509_313,-33.919620513916016,151.24876403808594,281.0,33.8,175,2.92,True
2026-10-09T15:15:00+11:00,2357426,2509_370,-33.88241958618164,151.2102813720703,119.0,0.0,4,0.07,True
2026-10-09T15:15:00+11:00,2431488,2509_309,-33.9574089050293,151.22622680664062,226.0,0.0,129,2.15,True
2026-10-09T15:15:00+11:00,2534390,2509_324,-33.874908447265625,151.22256469726562,295.0,21.2,249,4.15,True
2026-10-09T15:15:00+11:00,2137927,2509_306,-33.93099594116211,151.2043914794922,100.0,28.4,425,7.08,False
2026-10-09T15:15:00+11:00,2564710,2509_350,-33.928749084472656,151.19479370117188,9.0,0.0,601,10.02,False
2026-10-09T15:15:00+11:00,2564685,2509_333,-33.88867950439453,151.23202514648438,318.0,33.1,125,2.08,True
2026-10-09T15:15:00+11:00,2565113,2509_379,-33.90501403808594,151.25628662109375,109.0,16.2,182,3.03,True
2026-10-09T15:15:00+11:00,2356572,2509_373,-33.880943298339844,151.2168731689453,351.0,0.7,128,2.13,True
2026-10-09T15:15:00+11:00,2628714,2509_304,-33.89761734008789,151.21240234375,36.0,0.7,102,1.7,True
2026-10-09T15:30:00+11:00,2288677,2459_303,-33.92872619628906,151.20582580566406,10.0,36.0,-490,-8.17,False
2026-10-09T15:30:00+11:00,1963154,2459_480,-33.889801025390625,151.126708984375,109.0,31.7,-69,-1.15,False
2026-10-09T15:30:00+11:00,2636070,2459_504,-33.86548614501953,151.17247009277344,134.0,42.8,-118,-1.97,False
2026-10-09T15:30:00+11:00,2374454,2508_172X,-33.86677932739258,151.20628356933594,6.0,0.0,6,0.1,True
2026-10-09T15:30:00+11:00,2283824,2459_470,-33.87656784057617,151.16477966308594,2.0,0.0,-409,-6.82,False
2026-10-09T15:30:00+11:00,2725785,7083_SW1,-33.91488265991211,151.16485595703125,0.0,0.4,852,14.2,False
2026-10-09T15:30:00+11:00,2636272,2459_504,-33.85554122924805,151.14772033691406,231.0,0.0,-66,-1.1,False
2026-10-09T15:30:00+11:00,2475309,2459_389,-33.86967849731445,151.19790649414062,180.0,0.0,0,0.0,True
2026-10-09T15:30:00+11:00,2686009,2459_423,-33.871986389160156,151.20994567871094,4.0,0.0,0,0.0,True
2026-10-09T15:30:00+11:00,2514759,2459_410,-33.8785400390625,151.1034393310547,190.0,9.7,-267,-4.45,False
2026-10-09T15:30:00+11:00,2283577,2459_426,-33.88393783569336,151.20108032226562,85.0,0.0,-33,-0.55,True
2026-10-09T15:30:00+11:00,2554045,2459_358,-33.920616149902344,151.1901092529297,280.0,45.0,333,5.55,True
2026-10-09T15:30:00+11:00,2704998,2504_620X,-33.81181716918945,151.1689910888672,290.0,74.2,162,2.7,True
2026-10-09T15:30:00+11:00,2685956,2459_423,-33.926902770996094,151.1293487548828,254.0,0.0,-23,-0.38,True
2026-10-09T15:30:00+11:00,1963056,2459_413,-33.8881721496582,151.15748596191406,76.0,0.0,-90,-1.5,False
2026-10-09T15:30:00+11:00,2725819,7083_SW1,-33.91205596923828,151.15951538085938,300.0,15.8,-11,-0.18,True
2026-10-09T15:30:00+11:00,2320140,7083_SW3,-33.904945373535156,151.13095092773438,273.0,38.2,-10,-0.17,True
2026-10-09T15:30:00+11:00,2424416,2508_230,-33.8339729309082,151.23568725585938,224.0,34.2,-2,-0.03,True
2026-10-09T15:30:00+11:00,2596349,2459_492,-33.87324142456055,151.1259765625,41.0,0.0,-48,-0.8,True
2026-10-09T15:30:00+11:00,2686004,2459_423,-33.9117546081543,151.15878295898438,299.0,27.0,-245,-4.08,False
2026-10-09T15:30:00+11:00,2308916,2459_445,-33.90475082397461,151.12950134277344,92.0,0.0,70,1.17,True
2026-10-09T15:30:00+11:00,2287582,2459_433,-33.877227783203125,151.17657470703125,165.0,0.0,4,0.07,True
2026-10-09T15:30:00+11:00,2285194,2459_438X,-33.86800765991211,151.12973022460938,23.0,1.8,160,2.67,True
2026-10-09T15:30:00+11:00,2283327,2459_426,-33.87510681152344,151.20968627929688,186.0,17.3,-66,-1.1,False
2026-10-09T15:30:00+11:00,2289974,2459_418,-33.915283203125,151.16574096679688,57.0,0.0,295,4.92,True
2026-10-09T15:30:00+11:00,2037596,2459_470,-33.88421630859375,151.19961547851562,88.0,28.4,-62,-1.03,False
2026-10-09T15:30:00+11:00,2284191,2459_431,-33.88291549682617,151.2039031982422,47.0,0.0,-201,-3.35,False
2026-10-09T15:30:00+11:00,2475002,2459_389,-33.88227462768555,151.2255401611328,106.0,7.2,293,4.88,True
2026-10-09T15:30:00+11:00,2668108,2459_420,-33.940486907958984,151.14649963378906,227.0,60.5,-228,-3.8,False
2026-10-09T15:30:00+11:00,2475084,2459_389,-33.869441986083984,151.19789123535156,356.0,0.0,0,0.0,True
2026-10-09T15:30:00+11:00,2286593,2459_437,-33.87088394165039,151.20590209960938,83.0,0.0,0,0.0,True
2026-10-09T15:30:00+11:00,2424368,2508_154X,-33.839820861816406,151.20648193359375,6.0,27.0,-135,-2.25,False
2026-10-09T15:30:00+11:00,2736879,2459_308,-33.90336227416992,151.19100952148438,37.0,31.3,-122,-2.03,False
2026-10-09T15:30:00+11:00,2668145,2459_420,-33.92845916748047,151.18719482421875,193.0,34.2,18,0.3,True
2026-10-09T15:30:00+11:00,2376346,2508_100,-33.797279357910156,151.17962646484375,247.0,36.7,74,1.23,True
2026-10-09T15:30:00+11:00,2377106,2508_173X,-33.8297004699707,151.2184600830078,116.0,0.0,109,1.82,True
2026-10-09T15:30:00+11:00,2618182,2508_263,-33.83414077758789,151.21888732910156,187.0,32.4,170,2.83,True
2026-10-09T15:30:00+11:00,2718603,2508_144,-33.79424285888672,151.26364135742188,277.0,36.7,302,5.03,True
2026-10-09T15:30:00+11:00,2287918,2459_438X,-33.86481857299805,151.17164611816406,131.0,27.4,137,2.28,True
2026-10-09T15:30:00+11:00,2289813,2459_422,-33.890037536621094,151.18231201171875,345.0,18.0,439,7.32,False
2026-10-09T15:30:00+11:00,2208364,2459_413,-33.89515686035156,151.13462829589844,270.0,20.9,-54,-0.9,True
2026-10-09T15:30:00+11:00,2714663,2508_114,-33.82329559326172,151.24986267089844,78.0,22.3,-65,-1.08,False
2026-10-09T15:30:00+11:00,2704500,2504_614X,-33.870628356933594,151.20623779296875,175.0,0.0,0,0.0,True
2026-10-09T15:30:00+11:00,2286732,2459_438X,-33.88028335571289,151.20811462402344,102.0,0.0,-93,-1.55,False
2026-10-09T15:30:00+11:00,2376896,2508_100,-33.871402740478516,151.2063751220703,174.0,0.0,152,2.53,True
2026-10-09T15:30:00+11:00,2290268,2459_418,-33.90571212768555,151.13613891601562,245.0,3.6,314,5.23,True
2026-10-09T15:30:00+11:00,2287310,2459_428,-33.89396667480469,151.18296813964844,42.0,25.6,-192,-3.2,False
2026-10-09T15:30:00+11:00,2288221,2459_433,-33.877986907958984,151.1839141845703,236.0,33.8,-248,-4.13,False
2026-10-09T15:30:00+11:00,2284116,2459_438X,-33.86463165283203,151.2102508544922,223.0,0.0,0,0.0,True
2026-10-09T15:30:00+11:00,2290909,2459_431,-33.88109588623047,151.2064208984375,210.0,0.4,222,3.7,True
2026-10-09T15:30:00+11:00,2596384,2459_491,-33.90248489379883,151.11911010742188,196.0,0.0,-241,-4.02,False
2026-10-09T15:30:00+11:00,2373898,2508_144,-33.79716873168945,151.25057983398438,64.0,0.0,119,1.98,True
2026-10-09T15:30:00+11:00,2635930,2459_504,-33.86954116821289,151.18746948242188,287.0,47.5,191,3.18,True
2026-10-09T15:30:00+11:00,2608939,2459_430,-33.88424301147461,151.20066833496094,86.0,25.2,527,8.78,False
2026-10-09T15:30:00+11:00,2308782,2459_445,-33.860843658447266,151.1717987060547,27.0,11.2,308,5.13,True
2026-10-09T15:30:00+11:00,2725782,7083_SW1,-33.912620544433594,151.14071655273438,318.0,15.8,179,2.98,True
2026-10-09T15:30:00+11:00,2283378,2459_433,-33.86101150512695,151.1717071533203,205.0,23.8,71,1.18,True
2026-10-09T15:30:00+11:00,2208342,2459_530,-33.83414840698242,151.14547729492188,15.0,0.0,-147,-2.45,False
2026-10-09T15:30:00+11:00,2685978,2459_423,-33.884376525878906,151.19760131835938,268.0,0.0,-10,-0.17,True
2026-10-09T15:30:00+11:00,2376801,2508_144,-33.8049201965332,151.17950439453125,177.0,6.1,62,1.03,True
2026-10-09T15:30:00+11:00,2377382,2508_100,-33.8419075012207,151.24362182617188,354.0,0.0,0,0.0,True
2026-10-09T15:30:00+11:00,2285899,2459_437,-33.8719482421875,151.15969848632812,349.0,13.3,-158,-2.63,False
2026-10-09T15:30:00+11:00,2454763,2508_225,-33.828224182128906,151.2297821044922,60.0,0.0,497,8.28,False
2026-10-09T15:30:00+11:00,2285734,2459_423,-33.91105270385742,151.1577606201172,117.0,3.6,-178,-2.97,False
2026-10-09T15:30:00+11:00,2719601,2514_281,-33.796443939208984,151.18087768554688,182.0,1.4,0,0.0,True
2026-10-09T15:30:00+11:00,2317138,7084_SW2,-33.90440368652344,151.1435089111328,319.0,15.1,169,2.82,True
2026-10-09T15:30:00+11:00,2037952,2459_440,-33.888084411621094,151.15777587890625,134.0,13.7,-100,-1.67,False
2026-10-09T15:30:00+11:00,2209081,2459_464,-33.87642288208008,151.10406494140625,10.0,0.0,-49,-0.82,True
2026-10-09T15:30:00+11:00,2474943,2459_389,-33.87095642089844,151.2044219970703,89.0,0.0,-65,-1.08,False
2026-10-09T15:30:00+11:00,2632092,2510_301,-33.92231750488281,151.2069549560547,359.0,33.5,224,3.73,True
2026-10-09T15:30:00+11:00,2718582,2508_144,-33.82865524291992,151.2294158935547,240.0,11.9,588,9.8,False
2026-10-09T15:30:00+11:00,2287685,2459_348,-33.920772552490234,151.2369842529297,98.0,0.0,0,0.0,True
2026-10-09T15:30:00+11:00,2421317,2508_230,-33.84379577636719,151.21078491210938,174.0,13.3,90,1.5,True
2026-10-09T15:30:00+11:00,2554305,2459_358,-33.91875457763672,151.1776885986328,143.0,46.1,-129,-2.15,False
2026-10-09T15:30:00+11:00,2719716,2514_281,-33.796268463134766,151.18136596679688,4.0,0.0,2095,34.92,False
2026-10-09T15:30:00+11:00,2677114,2503_M90,-33.87517547607422,151.1057891845703,97.0,0.0,0,0.0,True
2026-10-09T15:30:00+11:00,2636289,2459_415,-33.868309020996094,151.1278839111328,279.0,35.6,-105,-1.75,False
2026-10-09T15:30:00+11:00,2037597,2459_470,-33.884002685546875,151.17922973632812,54.0,0.0,-8,-0.13,True
2026-10-09T15:30:00+11:00,2392610,2508_114,-33.83080291748047,151.24671936035156,85.0,37.4,-57,-0.95,True
2026-10-09T15:30:00+11:00,2377149,2508_172X,-33.792808532714844,151.24441528320312,95.0,0.0,248,4.13,True
2026-10-09T15:30:00+11:00,2373917,2508_172X,-33.8315315246582,151.2228546142578,268.0,21.6,141,2.35,True
2026-10-09T15:30:00+11:00,1932579,2459_412,-33.90398025512695,151.1531982421875,4.0,19.4,70,1.17,True
2026-10-09T15:30:00+11:00,2377095,2508_B1,-33.831207275390625,151.22415161132812,246.0,10.4,452,7.53,False
2026-10-09T15:30:00+11:00,2635986,2459_504,-33.852272033691406,151.1363525390625,159.0,0.0,0,0.0,True
2026-10-09T15:30:00+11:00,2570044,7083_SW1,-33.91717529296875,151.14495849609375,122.0,9.0,183,3.05,True
2026-10-09T15:30:00+11:00,2289497,2459_423,-33.89962387084961,151.1708526611328,24.0,12.6,-186,-3.1,False
2026-10-09T15:30:00+11:00,2285373,2459_348,-33.90837860107422,151.19110107421875,308.0,26.6,-485,-8.08,False
2026-10-09T15:30:00+11:00,2037804,2459_440,-33.87864685058594,151.21067810058594,49.0,32.0,83,1.38,True
2026-10-09T15:30:00+11:00,2209358,2459_440,-33.88105773925781,151.21795654296875,307.0,0.0,54,0.9,True
2026-10-09T15:30:00+11:00,2609026,2459_430,-33.89353561401367,151.18328857421875,42.0,9.0,-51,-0.85,True
2026-10-09T15:30:00+11:00,2286351,2459_438X,-33.88315963745117,151.20387268066406,216.0,28.1,114,1.9,True
2026-10-09T15:30:00+11:00,2736576,2459_428,-33.896331787109375,151.18045043945312,237.0,0.0,26,0.43,True
2026-10-09T15:30:00+11:00,2209510,2459_464,-33.88006591796875,151.1031494140625,190.0,22.0,-226,-3.77,False
2026-10-09T15:30:00+11:00,2484409,2459_480,-33.88002395629883,151.20848083496094,185.0,0.0,0,0.0,True
2026-10-09T15:30:00+11:00,2287588,2459_438X,-33.864501953125,151.13040161132812,186.0,32.4,30,0.5,True
2026-10-09T15:30:00+11:00,2037803,2459_440,-33.890018463134766,151.2401885986328,64.0,0.0,-371,-6.18,False
2026-10-09T15:30:00+11:00,2373951,2508_100,-33.832679748535156,151.2127685546875,208.0,46.4,-182,-3.03,False
2026-10-09T15:30:00+11:00,2038759,2459_469,-33.88148880004883,151.17095947265625,111.0,0.0,-52,-0.87,True
2026-10-09T15:30:00+11:00,2330564,7084_SW2,-33.9135856628418,151.16696166992188,197.0,26.3,0,0.0,True
2026-10-09T15:30:00+11:00,2383240,2508_100,-33.83020782470703,151.21800231933594,277.0,0.0,177,2.95,True
2026-10-09T15:30:00+11:00,2209200,2459_413,-33.88132095336914,151.2061767578125,221.0,0.0,235,3.92,True
2026-10-09T15:30:00+11:00,2284006,2459_389,-33.87592697143555,151.21624755859375,278.0,1.1,-229,-3.82,False
2026-10-09T15:30:00+11:00,1962075,2459_412,-33.92681884765625,151.12840270996094,282.0,28.4,-216,-3.6,False
2026-10-09T15:30:00+11:00,2209036,2459_440,-33.8908805847168,151.24844360351562,97.0,0.0,0,0.0,True
2026-10-09T15:30:00+11:00,2440934,2508_150X,-33.79391098022461,151.2617645263672,101.0,37.4,-314,-5.23,False
2026-10-09T15:30:00+11:00,2736841,2459_428,-33.86931610107422,151.21041870117188,6.0,0.0,0,0.0,True
2026-10-09T15:30:00+11:00,2373904,2508_162,-33.804832458496094,151.26100158691406,280.0,29.9,952,15.87,False
2026-10-09T15:30:00+11:00,2685986,2459_423,-33.87415313720703,151.20980834960938,186.0,25.9,62,1.03,True
2026-10-09T15:30:00+11:00,2287497,2459_433,-33.857234954833984,151.18060302734375,120.0,0.0,-232,-3.87,False
2026-10-09T15:30:00+11:00,2283876,2459_461X,-33.88151931762695,151.20440673828125,197.0,31.0,-17,-0.28,True
2026-10-09T15:30:00+11:00,2209305,2459_440,-33.890743255615234,151.2362823486328,286.0,36.0,74,1.23,True
2026-10-09T15:30:00+11:00,2736818,2459_308,-33.88646697998047,151.2081756591797,183.0,25.6,14,0.23,True
2026-10-09T15:30:00+11:00,2283472,2459_426,-33.86943435668945,151.2104034423828,7.0,0.0,0,0.0,True
2026-10-09T15:30:00+11:00,2286998,2459_437,-33.874080657958984,151.16067504882812,164.0,13.3,-198,-3.3,False
2026-10-09T15:30:00+11:00,2289545,2459_442,-33.87095642089844,151.20458984375,90.0,0.0,-175,-2.92,False
2026-10-09T15:30:00+11:00,2428517,2508_B1,-33.828617095947266,151.22894287109375,60.0,20.5,3,0.05,True
2026-10-09T15:30:00+11:00,2288121,2459_442,-33.85697555541992,151.19546508789062,80.0,0.0,0,0.0,True
2026-10-09T15:30:00+11:00,2377004,2508_111,-33.830562591552734,151.2598419189453,181.0,31.3,-289,-4.82,False
2026-10-09T15:30:00+11:00,2283711,2459_426,-33.910091400146484,151.1619110107422,212.0,5.0,125,2.08,True
2026-10-09T15:30:00+11:00,2284114,2459_303,-33.92013931274414,151.23170471191406,100.0,40.3,78,1.3,True
2026-10-09T15:30:00+11:00,2719849,2514_270,-33.818931579589844,151.2050018310547,188.0,44.3,-92,-1.53,False
2026-10-09T15:30:00+11:00,2373638,2508_B1,-33.82797622680664,151.23081970214844,235.0,34.2,369,6.15,False
2026-10-09T15:30:00+11:00,2514806,2459_410,-33.860931396484375,151.10446166992188,294.0,0.0,-68,-1.13,False
2026-10-09T15:30:00+11:00,2209658,2459_440,-33.88758087158203,151.15737915039062,352.0,0.0,448,7.47,False
2026-10-09T15:30:00+11:00,2704900,2504_610X,-33.87189483642578,151.20643615722656,176.0,0.0,0,0.0,True
2026-10-09T15:30:00+11:00,2554327,2459_358,-33.9190673828125,151.16915893554688,148.0,0.0,0,0.0,True
2026-10-09T15:30:00+11:00,2308754,2459_445,-33.875282287597656,151.15609741210938,356.0,0.0,-61,-1.02,False
2026-10-09T15:30:00+11:00,2328510,7084_SW2,-33.909908294677734,151.1278839111328,0.0,0.0,838,13.97,False
2026-10-09T15:30:00+11:00,2037953,2459_440,-33.86976623535156,151.16241455078125,222.0,40.7,-114,-1.9,False
2026-10-09T15:30:00+11:00,2283086,2459_442,-33.8565788269043,151.17828369140625,279.0,1.4,54,0.9,True
2026-10-09T15:30:00+11:00,2596446,2459_490,-33.88397979736328,151.1083221435547,6.0,30.6,-117,-1.95,False
2026-10-09T15:30:00+11:00,2284675,2459_461X,-33.88557815551758,151.18165588378906,77.0,50.8,-94,-1.57,False
2026-10-09T15:30:00+11:00,2383291,2508_100,-33.82716751098633,151.23175048828125,219.0,21.6,277,4.62,True
2026-10-09T15:30:00+11:00,2368275,2459_464,-33.88820266723633,151.11959838867188,244.0,47.9,58,0.97,True
2026-10-09T15:30:00+11:00,1960491,2459_412,-33.8890380859375,151.18190002441406,157.0,15.5,-141,-2.35,False
2026-10-09T15:30:00+11:00,2286002,2459_389,-33.88462448120117,151.2344970703125,309.0,29.5,-12,-0.2,True
2026-10-09T15:30:00+11:00,2596196,2459_492,-33.86107635498047,151.13978576660156,250.0,11.9,57,0.95,True
2026-10-09T15:30:00+11:00,2725850,7083_SW1,-33.913787841796875,151.15309143066406,48.0,1.1,2964,49.4,False
2026-10-09T15:30:00+11:00,2475305,2459_389,-33.87367248535156,151.21224975585938,100.0,0.0,224,3.73,True
2026-10-09T15:30:00+11:00,2289421,2459_415,-33.855552673339844,151.13037109375,343.0,19.8,-373,-6.22,False
2026-10-09T15:30:00+11:00,2668102,2459_420,-33.93354415893555,151.17918395996094,281.0,16.2,-532,-8.87,False
2026-10-09T15:30:00+11:00,2283489,2459_461X,-33.87396240234375,151.2140350341797,102.0,0.0,502,8.37,False
2026-10-09T15:30:00+11:00,2720017,2514_194,-33.870384216308594,151.20545959472656,354.0,0.0,0,0.0,True
2026-10-09T15:30:00+11:00,2286386,2459_428,-33.88420104980469,151.1998291015625,88.0,30.2,52,0.87,True
2026-10-09T15:30:00+11:00,2375914,2508_144,-33.78618621826172,151.1833038330078,249.0,18.7,74,1.23,True
2026-10-09T15:30:00+11:00,2704316,2504_610X,-33.82145690917969,151.20484924316406,324.0,78.8,-58,-0.97,True
2026-10-09T15:30:00+11:00,2038795,2459_440,-33.88198471069336,151.20664978027344,119.0,32.8,-187,-3.12,False
2026-10-09T15:30:00+11:00,2287800,2459_461X,-33.88628387451172,151.17904663085938,257.0,41.8,227,3.78,True
2026-10-09T15:30:00+11:00,2284687,2459_441,-33.86344528198242,151.22129821777344,201.0,0.0,-395,-6.58,False
2026-10-09T15:30:00+11:00,2290816,2459_433,-33.88036346435547,151.20681762695312,184.0,0.0,0,0.0,True
2026-10-09T15:30:00+11:00,2374054,2508_100,-33.831295013427734,151.2442169189453,345.0,0.4,137,2.28,True
2026-10-09T15:30:00+11:00,2685941,2459_423,-33.864585876464844,151.21029663085938,223.0,0.0,5,0.08,True
2026-10-09T15:30:00+11:00,2283672,2459_422,-33.88865280151367,151.18161010742188,135.0,0.0,436,7.27,False
2026-10-09T15:30:00+11:00,2289518,2459_437,-33.87075424194336,151.14181518554688,310.0,35.6,254,4.23,True
2026-10-09T15:30:00+11:00,2619980,2459_530,-33.873130798339844,151.10447692871094,190.0,8.6,-866,-14.43,False
2026-10-09T15:30:00+11:00,2286486,2459_431,-33.87046432495117,151.2095489501953,186.0,0.0,1447,24.12,False
2026-10-09T15:30:00+11:00,2660393,2459_320,-33.88414764404297,151.2034912109375,27.0,0.0,0,0.0,True
2026-10-09T15:30:00+11:00,2285304,2459_422,-33.8952522277832,151.18173217773438,39.0,0.0,-167,-2.78,False
2026-10-09T15:30:00+11:00,2636196,2459_504,-33.87199783325195,151.21279907226562,186.0,0.0,88,1.47,True
2026-10-09T15:30:00+11:00,2349279,2459_418,-33.878456115722656,151.10348510742188,189.0,6.8,216,3.6,True
2026-10-09T15:30:00+11:00,2376015,2508_B1,-33.78976058959961,151.25653076171875,231.0,68.4,36,0.6,True
2026-10-09T15:30:00+11:00,2208701,2459_440,-33.88507843017578,151.18479919433594,258.0,0.0,-43,-0.72,True
2026-10-09T15:30:00+11:00,2421222,2508_230,-33.83015441894531,151.2438201904297,68.0,7.6,-35,-0.58,True
2026-10-09T15:30:00+11:00,2288549,2459_348,-33.916648864746094,151.24114990234375,160.0,0.0,376,6.27,False
2026-10-09T15:30:00+11:00,2290850,2459_470,-33.86497116088867,151.20982360839844,242.0,10.8,0,0.0,True
2026-10-09T15:30:00+11:00,2736716,2459_445,-33.888389587402344,151.15725708007812,257.0,29.9,-235,-3.92,False
2026-10-09T15:30:00+11:00,2685955,2459_423,-33.8890266418457,151.1907958984375,227.0,11.5,266,4.43,True
2026-10-09T15:30:00+11:00,2287382,2459_437,-33.86924743652344,151.13507080078125,38.0,12.6,110,1.83,True
2026-10-09T15:30:00+11:00,1962076,2459_412,-33.91145706176758,151.14869689941406,220.0,37.8,58,0.97,True
2026-10-09T15:30:00+11:00,2424378,2508_154X,-33.81023025512695,151.24493408203125,37.0,36.7,561,9.35,False
2026-10-09T15:30:00+11:00,2475234,2459_389,-33.865848541259766,151.1920928955078,223.0,0.0,1,0.02,True
2026-10-09T15:30:00+11:00,2209130,2459_473,-33.93435287475586,151.1479949951172,165.0,21.6,50,0.83,True
2026-10-09T15:30:00+11:00,2484465,2459_483,-33.887325286865234,151.17446899414062,259.0,34.9,-86,-1.43,False
2026-10-09T15:30:00+11:00,2289625,2459_431,-33.8787956237793,151.20921325683594,187.0,27.4,-111,-1.85,False
2026-10-09T15:30:00+11:00,2554370,2459_358,-33.92447280883789,151.2309112548828,280.0,32.8,-421,-7.02,False
2026-10-09T15:30:00+11:00,2618593,2459_422,-33.8843879699707,151.1976776123047,267.0,0.0,3,0.05,True
2026-10-09T15:30:00+11:00,2368278,2459_431,-33.87627029418945,151.1843719482422,146.0,0.0,185,3.08,True
2026-10-09T15:30:00+11:00,2282986,2459_438X,-33.88624572753906,151.17919921875,255.0,16.9,51,0.85,True
2026-10-09T15:30:00+11:00,2373716,2508_144,-33.823978424072266,151.2416534423828,54.0,13.3,164,2.73,True
2026-10-09T15:30:00+11:00,2289006,2459_461X,-33.88066864013672,151.1321563720703,338.0,12.6,288,4.8,True
2026-10-09T15:30:00+11:00,2377389,2508_100,-33.8704948425293,151.20623779296875,175.0,1.8,-248,-4.13,False
2026-10-09T15:30:00+11:00,2720984,2514_260,-33.87129592895508,151.20556640625,355.0,0.0,0,0.0,True
2026-10-09T15:30:00+11:00,2736848,2459_428,-33.879730224609375,151.2069854736328,194.0,0.0,203,3.38,True
2026-10-09T15:30:00+11:00,2095807,2508_160X,-33.79471969604492,151.1824188232422,160.0,0.0,-93,-1.55,False
2026-10-09T15:30:00+11:00,2424382,2508_230,-33.82455825805664,151.240966796875,99.0,23.4,-370,-6.17,False
2026-10-09T15:30:00+11:00,2721085,2514_141,-33.793212890625,151.2472686767578,286.0,21.2,365,6.08,False
2026-10-09T15:30:00+11:00,2721070,2514_271,-33.80280303955078,151.2058868408203,9.0,31.7,-105,-1.75,False
2026-10-09T15:30:00+11:00,1980672,2508_162,-33.79418182373047,151.2625732421875,8.0,0.0,369,6.15,False
2026-10-09T15:30:00+11:00,2284802,2459_437,-33.874263763427734,151.19989013671875,77.0,58.3,6,0.1,True
2026-10-09T15:30:00+11:00,2424429,2508_154X,-33.81073760986328,151.24429321289062,41.0,37.4,-33,-0.55,True
2026-10-09T15:30:00+11:00,2037951,2459_440,-33.884525299072266,151.18797302246094,90.0,27.7,-210,-3.5,False
2026-10-09T15:30:00+11:00,2288994,2459_442,-33.85758590698242,151.18174743652344,102.0,31.7,-135,-2.25,False
2026-10-09T15:30:00+11:00,2349302,2459_418,-33.88862228393555,151.12477111816406,131.0,0.0,197,3.28,True
2026-10-09T15:30:00+11:00,2284206,2459_433,-33.88136291503906,151.2061309814453,221.0,9.0,0,0.0,True
2026-10-09T15:30:00+11:00,2554059,2459_358,-33.92063903808594,151.19139099121094,99.0,17.6,-60,-1.0,False
2026-10-09T15:30:00+11:00,2286756,2459_470,-33.87451934814453,151.2097625732422,187.0,4.3,230,3.83,True
2026-10-09T15:30:00+11:00,2705800,2504_607X,-33.81332015991211,151.18328857421875,287.0,61.2,114,1.9,True
2026-10-09T15:30:00+11:00,2428560,2508_B1,-33.86643600463867,151.20578002929688,175.0,0.7,107,1.78,True
2026-10-09T15:30:00+11:00,2613568,7084_SW2,-33.90716552734375,151.1587677001953,141.0,11.5,146,2.43,True
2026-10-09T15:30:00+11:00,2721124,2514_565,-33.79653549194336,151.18031311035156,357.0,0.0,0,0.0,True
2026-10-09T15:30:00+11:00,2706453,2504_607X,-33.86928939819336,151.20533752441406,353.0,1.1,50,0.83,True
2026-10-09T15:30:00+11:00,1973455,2508_162,-33.794761657714844,151.2646942138672,7.0,0.0,180,3.0,True
2026-10-09T15:30:00+11:00,2290667,2459_438X,-33.88593673706055,151.17996215820312,74.0,43.6,-23,-0.38,True
2026-10-09T15:30:00+11:00,2308724,2459_445,-33.88806915283203,151.1580047607422,263.0,0.0,-175,-2.92,False
2026-10-09T15:30:00+11:00,2209624,2459_530,-33.79593276977539,151.1780242919922,17.0,36.0,-216,-3.6,False
2026-10-09T15:30:00+11:00,2283628,2459_438X,-33.885929107666016,151.15728759765625,353.0,14.4,-75,-1.25,False
2026-10-09T15:30:00+11:00,2736914,2459_445,-33.87263488769531,151.15562438964844,217.0,35.6,-206,-3.43,False
2026-10-09T15:30:00+11:00,2208550,2459_464,-33.86233901977539,151.1077117919922,300.0,26.3,65,1.08,True
2026-10-09T15:30:00+11:00,2290039,2459_348,-33.90372848510742,151.21368408203125,101.0,18.7,-243,-4.05,False
2026-10-09T15:30:00+11:00,2208692,2459_464,-33.89588165283203,151.1060028076172,71.0,0.0,-96,-1.6,False
2026-10-09T15:30:00+11:00,2374792,2508_B1,-33.82392883300781,151.24191284179688,227.0,28.4,352,5.87,True
2026-10-09T15:30:00+11:00,2721026,2514_270,-33.870750427246094,151.2054901123047,349.0,15.5,0,0.0,True
2026-10-09T15:30:00+11:00,2209325,2459_464,-33.85163116455078,151.10748291015625,166.0,20.2,84,1.4,True
2026-10-09T15:30:00+11:00,2708197,2504_612X,-33.838905334472656,151.2069549560547,324.0,22.0,-142,-2.37,False
2026-10-09T15:30:00+11:00,2440935,2508_150X,-33.8292350769043,151.208984375,10.0,4.0,-52,-0.87,True
2026-10-09T15:30:00+11:00,2428505,2508_B1,-33.82396697998047,151.2415771484375,55.0,17.6,73,1.22,True
2026-10-09T15:30:00+11:00,2484439,2459_480,-33.890201568603516,151.13011169433594,247.0,0.0,15,0.25,True
2026-10-09T15:30:00+11:00,2038758,2459_469,-33.883121490478516,151.1590576171875,171.0,0.0,-212,-3.53,False
2026-10-09T15:30:00+11:00,2286543,2459_426,-33.88936233520508,151.1903076171875,222.0,9.0,-92,-1.53,False
2026-10-09T15:30:00+11:00,2288441,2459_428,-33.90296173095703,151.14283752441406,56.0,0.0,63,1.05,True
2026-10-09T15:30:00+11:00,2376710,2508_173X,-33.7948112487793,151.25694274902344,71.0,36.4,114,1.9,True
2026-10-09T15:30:00+11:00,1961710,2459_412,-33.86560821533203,151.2091064453125,224.0,0.4,0,0.0,True
2026-10-09T15:30:00+11:00,2349303,2459_418,-33.903499603271484,151.14280700683594,138.0,0.0,364,6.07,False
2026-10-09T15:30:00+11:00,2288093,2459_438X,-33.86940383911133,151.12974548339844,306.0,0.0,934,15.57,False
2026-10-09T15:30:00+11:00,2288322,2459_461X,-33.88436508178711,151.1960906982422,96.0,5.8,478,7.97,False
2026-10-09T15:30:00+11:00,2440920,2508_150X,-33.84086608886719,151.2113494873047,160.0,33.1,0,0.0,True
2026-10-09T15:30:00+11:00,2283689,2459_426,-33.89889144897461,151.17184448242188,71.0,21.2,-92,-1.53,False
2026-10-09T15:30:00+11:00,2286157,2459_461X,-33.87335205078125,151.20999145507812,223.0,9.7,-87,-1.45,False
2026-10-09T15:30:00+11:00,2288321,2459_428,-33.91171646118164,151.1187744140625,320.0,0.0,0,0.0,True
2026-10-09T15:30:00+11:00,2376772,2508_172X,-33.79928970336914,151.25022888183594,66.0,48.6,-135,-2.25,False
2026-10-09T15:30:00+11:00,2596425,2459_490,-33.87580490112305,151.11009216308594,278.0,28.1,50,0.83,True
2026-10-09T15:30:00+11:00,2614231,2508_173X,-33.820892333984375,151.24400329589844,177.0,0.0,111,1.85,True
2026-10-09T15:30:00+11:00,2283357,2459_502,-33.86201095581055,151.11448669433594,124.0,49.7,-138,-2.3,False
2026-10-09T15:30:00+11:00,2428535,2508_B1,-33.866058349609375,151.20635986328125,7.0,0.0,0,0.0,True
2026-10-09T15:30:00+11:00,2708635,2504_612X,-33.823951721191406,151.1925811767578,247.0,27.0,126,2.1,True
2026-10-09T15:30:00+11:00,1963105,2459_412,-33.893924713134766,151.1630859375,285.0,33.8,24,0.4,True
2026-10-09T15:30:00+11:00,2429143,2459_418,-33.90717697143555,151.13601684570312,356.0,16.2,-124,-2.07,False
2026-10-09T15:30:00+11:00,2377066,2508_B1,-33.80835723876953,151.2466278076172,200.0,41.4,118,1.97,True
2026-10-09T15:30:00+11:00,2567062,2508_263,-33.83079147338867,151.2247772216797,64.0,0.0,355,5.92,True
2026-10-09T15:30:00+11:00,2383250,2508_100,-33.83040237426758,151.24429321289062,175.0,13.0,77,1.28,True
2026-10-09T15:30:00+11:00,2515906,2508_173X,-33.82357406616211,151.2425079345703,232.0,16.9,1140,19.0,False
2026-10-09T15:30:00+11:00,2608959,2459_430,-33.899715423583984,151.1708221435547,209.0,30.2,-115,-1.92,False
2026-10-09T15:30:00+11:00,2736644,2459_428,-33.899635314941406,151.15567016601562,270.0,0.0,283,4.72,True
2026-10-09T15:30:00+11:00,2284567,2459_441,-33.87081527709961,151.20663452148438,266.0,0.4,74,1.23,True
2026-10-09T15:30:00+11:00,1931872,2459_412,-33.884517669677734,151.1927490234375,83.0,22.7,410,6.83,False
2026-10-09T15:30:00+11:00,2514794,2459_410,-33.87550354003906,151.1040496826172,9.0,25.2,-119,-1.98,False
2026-10-09T15:30:00+11:00,2287319,2459_442,-33.8680419921875,151.17901611328125,250.0,59.8,-13,-0.22,True
2026-10-09T15:30:00+11:00,2660407,2459_320,-33.90020751953125,151.21026611328125,217.0,14.0,-81,-1.35,False
2026-10-09T15:30:00+11:00,2554203,2459_358,-33.923057556152344,151.2075958251953,281.0,21.6,-293,-4.88,False
2026-10-09T15:30:00+11:00,2286785,2459_502,-33.862060546875,151.11175537109375,205.0,41.0,-295,-4.92,False
2026-10-09T15:30:00+11:00,2287866,2459_422,-33.88076400756836,151.20669555664062,203.0,0.0,0,0.0,True
2026-10-09T15:30:00+11:00,2368260,2459_428,-33.90202331542969,151.16952514648438,26.0,33.1,-63,-1.05,False
2026-10-09T15:30:00+11:00,2736756,2459_445,-33.90519332885742,151.13766479492188,246.0,36.7,-361,-6.02,False
2026-10-09T15:30:00+11:00,2283512,2459_438X,-33.8754997253418,151.13478088378906,326.0,0.0,-159,-2.65,False
2026-10-09T15:30:00+11:00,2289989,2459_348,-33.920936584472656,151.23814392089844,99.0,0.0,0,0.0,True
2026-10-09T15:30:00+11:00,2373805,2508_B1,-33.84844970703125,151.21282958984375,184.0,63.0,210,3.5,True
2026-10-09T15:30:00+11:00,2289694,2459_389,-33.891387939453125,151.248779296875,99.0,24.5,0,0.0,True
2026-10-09T15:30:00+11:00,2288762,2459_348,-33.91240310668945,151.2239227294922,317.0,37.8,41,0.68,True
2026-10-09T15:30:00+11:00,2290975,2459_423,-33.8954963684082,151.181396484375,42.0,0.0,87,1.45,True
2026-10-09T15:30:00+11:00,2209078,2459_440,-33.879051208496094,151.21495056152344,314.0,24.8,527,8.78,False
2026-10-09T15:30:00+11:00,2660136,2459_320,-33.8843994140625,151.20335388183594,28.0,0.0,0,0.0,True
2026-10-09T15:30:00+11:00,2720733,2514_283,-33.79474639892578,151.18820190429688,70.0,3.6,367,6.12,False
2026-10-09T15:30:00+11:00,2284165,2459_470,-33.88361740112305,151.20318603515625,235.0,20.2,313,5.22,True
2026-10-09T15:30:00+11:00,2424412,2508_154X,-33.82952117919922,151.2136688232422,99.0,0.0,57,0.95,True
2026-10-09T15:30:00+11:00,2703995,2504_616X,-33.869117736816406,151.20530700683594,359.0,0.0,56,0.93,True
2026-10-09T15:30:00+11:00,2283638,2459_406,-33.88724136352539,151.12689208984375,300.0,23.0,-42,-0.7,True
2026-10-09T15:30:00+11:00,1960374,2459_412,-33.875450134277344,151.2096405029297,186.0,0.0,121,2.02,True
2026-10-09T15:30:00+11:00,2714655,2508_114,-33.825321197509766,151.19825744628906,320.0,0.4,-183,-3.05,False
2026-10-09T15:30:00+11:00,2376248,2508_144,-33.82322311401367,151.194580078125,76.0,0.0,81,1.35,True
2026-10-09T15:30:00+11:00,2618575,2459_422,-33.90427780151367,151.18031311035156,157.0,27.7,498,8.3,False
2026-10-09T15:30:00+11:00,2685917,2459_423,-33.9076042175293,151.16395568847656,214.0,28.1,619,10.32,False
2026-10-09T15:30:00+11:00,2474521,2508_225,-33.84006881713867,151.22024536132812,273.0,0.0,-98,-1.63,False
2026-10-09T15:30:00+11:00,2424441,2508_230,-33.84102249145508,151.2081756591797,271.0,18.4,41,0.68,True
2026-10-09T15:30:00+11:00,2718572,2508_144,-33.81300735473633,151.24432373046875,230.0,0.0,458,7.63,False
2026-10-09T15:30:00+11:00,2596392,2459_491,-33.8979377746582,151.12094116210938,351.0,20.2,-171,-2.85,False
2026-10-09T15:30:00+11:00,2383249,2508_100,-33.82974624633789,151.2183074951172,115.0,0.0,73,1.22,True
2026-10-09T15:30:00+11:00,1912307,2459_483,-33.886474609375,151.17755126953125,75.0,54.0,58,0.97,True
2026-10-09T15:30:00+11:00,2725828,7083_SW1,-33.91398239135742,151.16656494140625,0.0,0.0,3205,53.42,False
2026-10-09T15:30:00+11:00,2554126,2459_358,-33.916622161865234,151.2394256591797,190.0,0.0,1653,27.55,False
2026-10-09T15:30:00+11:00,2428459,2508_238,-33.84217834472656,151.24356079101562,347.0,0.0,193,3.22,True
2026-10-09T15:30:00+11:00,2319272,7083_SW3,-33.914363861083984,151.16600036621094,231.0,0.0,-25,-0.42,True
2026-10-09T15:30:00+11:00,2392752,2508_114,-33.830284118652344,151.2191619873047,116.0,34.2,-177,-2.95,False
2026-10-09T15:30:00+11:00,2209076,2459_464,-33.84543991088867,151.1070098876953,342.0,0.0,24,0.4,True
2026-10-09T15:30:00+11:00,2284819,2459_438X,-33.864967346191406,151.2113800048828,308.0,19.4,0,0.0,True
2026-10-09T15:30:00+11:00,2374155,2508_100,-33.858642578125,151.20677185058594,27.0,49.7,1,0.02,True
2026-10-09T15:30:00+11:00,2368267,2459_461X,-33.88376235961914,151.1343994140625,148.0,3.2,156,2.6,True
2026-10-09T15:30:00+11:00,2553939,2459_358,-33.91564178466797,151.24058532714844,340.0,0.0,-53,-0.88,True
2026-10-09T15:30:00+11:00,2289418,2459_433,-33.88422775268555,151.19590759277344,97.0,9.0,-269,-4.48,False
2026-10-09T15:30:00+11:00,2719524,2514_277,-33.78343963623047,151.19195556640625,69.0,38.9,428,7.13,False
2026-10-09T15:30:00+11:00,2376640,2508_144,-33.79606628417969,151.25262451171875,55.0,0.0,659,10.98,False
2026-10-09T15:30:00+11:00,2668032,2459_420,-33.92447280883789,151.18812561035156,281.0,0.0,0,0.0,True
2026-10-09T15:30:00+11:00,2146994,2508_161,-33.81571578979492,151.2926025390625,22.0,41.0,100,1.67,True
2026-10-09T15:30:00+11:00,2596330,2459_490,-33.869178771972656,151.1301727294922,77.0,24.5,972,16.2,False
2026-10-09T15:30:00+11:00,2736665,2459_428,-33.86545944213867,151.21044921875,218.0,0.0,18,0.3,True
2026-10-09T15:30:00+11:00,2620014,2459_530,-33.81596755981445,151.1518096923828,192.0,0.0,-311,-5.18,False
2026-10-09T15:30:00+11:00,2290069,2459_438X,-33.88423156738281,151.15725708007812,173.0,0.0,-135,-2.25,False
2026-10-09T15:30:00+11:00,2718574,2508_144,-33.82407760620117,151.1875,322.0,33.5,739,12.32,False
2026-10-09T15:30:00+11:00,2284462,2459_423,-33.92664337158203,151.12696838378906,101.0,34.6,0,0.0,True
2026-10-09T15:30:00+11:00,2428498,2508_B1,-33.84447479248047,151.2115936279297,346.0,52.6,52,0.87,True
2026-10-09T15:30:00+11:00,2553959,2459_358,-33.92546081542969,151.22470092773438,78.0,34.2,-55,-0.92,True
2026-10-09T15:30:00+11:00,2290138,2459_412,-33.91930389404297,151.126220703125,269.0,8.3,8,0.13,True
2026-10-09T15:30:00+11:00,2708714,2504_607X,-33.854679107666016,151.20925903320312,208.0,68.4,-202,-3.37,False
2026-10-09T15:30:00+11:00,2570070,7083_SW1,-33.91181945800781,151.13995361328125,141.0,24.8,-187,-3.12,False
2026-10-09T15:30:00+11:00,2286462,2459_423,-33.884010314941406,151.2000274658203,88.0,27.0,-6,-0.1,True
2026-10-09T15:30:00+11:00,2283974,2459_348,-33.9263801574707,151.2023468017578,99.0,34.9,0,0.0,True
2026-10-09T15:30:00+11:00,2285185,2459_470,-33.866798400878906,151.21070861816406,184.0,0.0,0,0.0,True
2026-10-09T15:30:00+11:00,2720601,2514_194,-33.78601837158203,151.20101928710938,339.0,0.0,413,6.88,False
2026-10-09T15:30:00+11:00,2011194,2459_305,-33.89773178100586,151.19869995117188,345.0,22.3,-55,-0.92,True
2026-10-09T15:30:00+11:00,2209703,2459_530,-33.8749885559082,151.10415649414062,6.0,29.9,132,2.2,True
2026-10-09T15:30:00+11:00,2209401,2459_440,-33.89092254638672,151.2488250732422,95.0,0.0,0,0.0,True
2026-10-09T15:30:00+11:00,2428567,2508_B1,-33.806583404541016,151.2465057373047,347.0,31.0,104,1.73,True
2026-10-09T15:30:00+11:00,2736885,2459_445,-33.85810089111328,151.183349609375,304.0,6.1,0,0.0,True
2026-10-09T15:30:00+11:00,2590157,2508_280,-33.796573638916016,151.181396484375,9.0,0.0,0,0.0,True
2026-10-09T15:30:00+11:00,2383292,2508_100,-33.82426452636719,151.23748779296875,109.0,0.0,23,0.38,True
2026-10-09T15:30:00+11:00,2290141,2459_433,-33.87432098388672,151.17498779296875,358.0,0.0,-10,-0.17,True
2026-10-09T15:30:00+11:00,1961556,2459_480,-33.881221771240234,151.20631408691406,42.0,28.4,41,0.68,True
2026-10-09T15:30:00+11:00,1958665,2459_412,-33.88469696044922,151.1864471435547,81.0,47.9,-423,-7.05,False
2026-10-09T15:30:00+11:00,2725711,7083_SW1,-33.9122314453125,151.1402130126953,-43.0,3.6,-65,-1.08,False
2026-10-09T15:30:00+11:00,2660473,2459_320,-33.901702880859375,151.2087860107422,225.0,5.4,-78,-1.3,False
2026-10-09T15:30:00+11:00,2290205,2459_441,-33.87078857421875,151.1905975341797,117.0,51.1,-296,-4.93,False
2026-10-09T15:30:00+11:00,2377571,2508_144,-33.83083724975586,151.22084045410156,114.0,41.0,-18,-0.3,True
2026-10-09T15:30:00+11:00,2672479,2507_267,-33.827606201171875,151.2020263671875,15.0,10.4,-84,-1.4,False
2026-10-09T15:30:00+11:00,2654497,2507_52,-33.86848831176758,151.177978515625,244.0,66.6,207,3.45,True
2026-10-09T15:30:00+11:00,2738403,2507_533,-33.80132293701172,151.14784240722656,282.0,38.5,56,0.93,True
2026-10-09T15:30:00+11:00,2643079,2507_501,-33.8681755065918,151.18209838867188,105.0,36.7,-322,-5.37,False
2026-10-09T15:30:00+11:00,2682075,2507_202,-33.83728790283203,151.2069549560547,4.0,27.0,-151,-2.52,False
2026-10-09T15:30:00+11:00,2672339,2507_115,-33.84107208251953,151.20755004882812,281.0,24.1,-127,-2.12,False
2026-10-09T15:30:00+11:00,2441930,2507_207,-33.84077072143555,151.2066192626953,281.0,0.0,-13,-0.22,True
2026-10-09T15:30:00+11:00,2654460,2507_52,-33.873687744140625,151.2123565673828,116.0,0.0,0,0.0,True
2026-10-09T15:30:00+11:00,2672404,2507_115,-33.81726837158203,151.2013702392578,36.0,20.9,206,3.43,True
2026-10-09T15:30:00+11:00,2644600,2507_120,-33.803462982177734,151.1992645263672,102.0,27.0,361,6.02,False
2026-10-09T15:30:00+11:00,2581600,2507_269,-33.84946823120117,151.21185302734375,2.0,28.8,164,2.73,True
2026-10-09T15:30:00+11:00,2407191,2507_252,-33.82322692871094,151.19473266601562,81.0,0.0,440,7.33,False
2026-10-09T15:30:00+11:00,2407190,2507_261,-33.82191848754883,151.1713409423828,324.0,42.5,-135,-2.25,False
2026-10-09T15:30:00+11:00,2681946,2507_267,-33.798240661621094,151.1902618408203,106.0,26.3,193,3.22,True
2026-10-09T15:30:00+11:00,2682116,2507_202,-33.810951232910156,151.2129364013672,93.0,18.0,53,0.88,True
2026-10-09T15:30:00+11:00,2407922,2507_252,-33.83184814453125,151.14210510253906,143.0,47.9,144,2.4,True
2026-10-09T15:30:00+11:00,2744570,2507_292,-33.80149841308594,151.1455841064453,209.0,0.0,30,0.5,True
2026-10-09T15:30:00+11:00,2433019,2507_265,-33.83624267578125,151.19882202148438,186.0,6.1,125,2.08,True
2026-10-09T15:30:00+11:00,2643088,2507_501,-33.880802154541016,151.2065887451172,209.0,5.0,0,0.0,True
2026-10-09T15:30:00+11:00,2643068,2507_501,-33.8798713684082,151.20849609375,182.0,0.0,0,0.0,True
2026-10-09T15:30:00+11:00,2644950,2507_501,-33.86716842651367,151.17520141601562,326.0,41.4,-4,-0.07,True
2026-10-09T15:30:00+11:00,2643554,2507_120,-33.863956451416016,151.2054901123047,175.0,0.0,68,1.13,True
2026-10-09T15:30:00+11:00,2654473,2507_52,-33.83879470825195,151.1429901123047,271.0,59.8,147,2.45,True
2026-10-09T15:30:00+11:00,2672370,2507_115,-33.80169677734375,151.1986083984375,190.0,36.4,117,1.95,True
2026-10-09T15:30:00+11:00,2621430,2507_251,-33.80392837524414,151.20419311523438,162.0,0.0,1,0.02,True
2026-10-09T15:30:00+11:00,2738313,2507_533,-33.7977180480957,151.17840576171875,344.0,0.4,433,7.22,False
2026-10-09T15:30:00+11:00,2643095,2507_120,-33.810543060302734,151.19943237304688,359.0,32.0,17,0.28,True
2026-10-09T15:30:00+11:00,2538104,2507_506,-33.82205581665039,151.135009765625,128.0,20.5,126,2.1,True
2026-10-09T15:30:00+11:00,2654573,2507_120,-33.80168151855469,151.2112579345703,343.0,47.9,0,0.0,True
2026-10-09T15:30:00+11:00,1535955,2507_255,-33.80073547363281,151.17135620117188,26.0,28.1,-71,-1.18,False
2026-10-09T15:30:00+11:00,2230095,2507_288,-33.81101608276367,151.1644287109375,285.0,0.0,110,1.83,True
2026-10-09T15:30:00+11:00,2643636,2507_501,-33.875030517578125,151.19699096679688,333.0,0.0,-14,-0.23,True
2026-10-09T15:30:00+11:00,2634560,2507_254,-33.84864044189453,151.20620727539062,124.0,0.0,0,0.0,True
2026-10-09T15:30:00+11:00,2634592,2507_261,-33.832664489746094,151.17080688476562,122.0,1.4,7,0.12,True
2026-10-09T15:30:00+11:00,2441550,2507_207,-33.80057144165039,151.21087646484375,340.0,55.8,-8,-0.13,True
2026-10-09T15:30:00+11:00,2654539,2507_52,-33.87346649169922,151.2109832763672,283.0,0.0,0,0.0,True
2026-10-09T15:30:00+11:00,2441579,2507_207,-33.7922477722168,151.20716857910156,161.0,41.8,67,1.12,True
2026-10-09T15:30:00+11:00,2644033,2507_501,-33.8362922668457,151.1287841796875,122.0,46.8,239,3.98,True
2026-10-09T15:30:00+11:00,2731192,2507_507,-33.86759948730469,151.21231079101562,186.0,29.9,0,0.0,True
2026-10-09T15:30:00+11:00,2654469,2507_52,-33.833953857421875,151.12738037109375,160.0,51.1,262,4.37,True
2026-10-09T15:30:00+11:00,2682156,2507_536,-33.8017692565918,151.17955017089844,4.0,36.0,-207,-3.45,False
2026-10-09T15:30:00+11:00,2644972,2507_120,-33.79542541503906,151.18582153320312,253.0,0.0,-357,-5.95,False
2026-10-09T15:30:00+11:00,2634530,2507_254,-33.8192024230957,151.17027282714844,179.0,0.0,190,3.17,True
2026-10-09T15:30:00+11:00,2621609,2507_536,-33.83383560180664,151.1439666748047,284.0,23.0,80,1.33,True
2026-10-09T15:30:00+11:00,2644562,2507_501,-33.84749984741211,151.1519317626953,333.0,55.4,-52,-0.87,True
2026-10-09T15:30:00+11:00,2654520,2507_52,-33.86624526977539,151.1743621826172,115.0,46.4,84,1.4,True
2026-10-09T15:30:00+11:00,2555515,2507_265,-33.823936462402344,151.1929168701172,246.0,34.9,-103,-1.72,False
2026-10-09T15:30:00+11:00,2672305,2507_115,-33.82741928100586,151.20188903808594,10.0,0.0,-48,-0.8,True
2026-10-09T15:30:00+11:00,2744636,2507_292,-33.82053756713867,151.20436096191406,146.0,67.7,-297,-4.95,False
2026-10-09T15:30:00+11:00,2644328,2507_501,-33.82379150390625,151.1238250732422,123.0,24.1,-77,-1.28,False
2026-10-09T15:30:00+11:00,2644809,2507_120,-33.79524612426758,151.1863555908203,257.0,0.0,252,4.2,True
2026-10-09T15:30:00+11:00,2433034,2507_265,-33.81737518310547,151.1727294921875,65.0,22.3,-4,-0.07,True
2026-10-09T15:30:00+11:00,2672318,2507_115,-33.79438781738281,151.19638061523438,340.0,16.6,227,3.78,True
2026-10-09T15:30:00+11:00,2681939,2507_267,-33.830528259277344,151.1870574951172,209.0,43.9,-174,-2.9,False
2026-10-09T15:30:00+11:00,2644005,2507_501,-33.87982177734375,151.19973754882812,154.0,2.5,-490,-8.17,False
2026-10-09T15:30:00+11:00,2744802,2507_292,-33.83966064453125,151.21043395996094,3.0,53.6,-15,-0.25,True
2026-10-09T15:30:00+11:00,2581490,2507_538,-33.83384323120117,151.14476013183594,285.0,16.6,42,0.7,True
2026-10-09T15:30:00+11:00,2643261,2507_120,-33.86893844604492,151.20529174804688,355.0,0.0,127,2.12,True
2026-10-09T15:30:00+11:00,2731392,2507_291,-33.81229782104492,151.17535400390625,80.0,0.0,284,4.73,True
2026-10-09T15:30:00+11:00,2672281,2507_115,-33.82522964477539,151.20103454589844,177.0,0.0,141,2.35,True
2026-10-09T15:30:00+11:00,2442154,2507_202,-33.83172607421875,151.20846557617188,191.0,33.5,-66,-1.1,False
2026-10-09T15:30:00+11:00,2322380,2507_506,-33.871028900146484,151.21432495117188,315.0,0.0,0,0.0,True
2026-10-09T15:30:00+11:00,2644487,2507_120,-33.792503356933594,151.19552612304688,79.0,15.5,215,3.58,True
2026-10-09T15:30:00+11:00,2621577,2507_252,-33.81794738769531,151.18228149414062,319.0,43.9,-176,-2.93,False
2026-10-09T15:30:00+11:00,2672303,2507_115,-33.79594039916992,151.18417358398438,69.0,0.0,104,1.73,True
2026-10-09T15:30:00+11:00,2621636,2507_288,-33.812950134277344,151.1832733154297,108.0,71.6,695,11.58,False
2026-10-09T15:30:00+11:00,2555451,2507_291,-33.84627914428711,151.20399475097656,187.0,39.2,64,1.07,True
2026-10-09T15:30:00+11:00,2555431,2507_291,-33.80451965332031,151.14695739746094,305.0,0.0,-114,-1.9,False
2026-10-09T15:30:00+11:00,2621585,2507_252,-33.83017349243164,151.1405029296875,325.0,33.5,539,8.98,False
2026-10-09T15:30:00+11:00,2672272,2507_115,-33.79509735107422,151.18174743652344,250.0,0.0,0,0.0,True
2026-10-09T15:30:00+11:00,2621499,2507_288,-33.812232971191406,151.18035888671875,108.0,68.8,-198,-3.3,False
2026-10-09T15:30:00+11:00,2643809,2507_120,-33.79563903808594,151.18289184570312,105.0,15.8,103,1.72,True
2026-10-09T15:30:00+11:00,2322350,2507_506,-33.87030029296875,151.1895751953125,298.0,45.7,-84,-1.4,False
2026-10-09T15:30:00+11:00,2621463,2507_256,-33.79716873168945,151.17999267578125,248.0,22.7,0,0.0,True
2026-10-09T15:30:00+11:00,2356514,2509_339,-33.88322830200195,151.2083282470703,358.0,9.4,276,4.6,True
2026-10-09T15:30:00+11:00,2645927,2509_394X,-33.86886978149414,151.21044921875,188.0,0.4,-55,-0.92,True
2026-10-09T15:30:00+11:00,2532227,2509_324,-33.84334182739258,151.28404235839844,345.0,0.0,4,0.07,True
2026-10-09T15:30:00+11:00,2674987,2509_309,-33.925682067871094,151.195556640625,190.0,32.4,71,1.18,True
2026-10-09T15:30:00+11:00,2355833,2509_390X,-33.93674087524414,151.2379913330078,349.0,24.1,-34,-0.57,True
2026-10-09T15:30:00+11:00,2628622,2509_304,-33.88290023803711,151.21450805664062,189.0,33.1,166,2.77,True
2026-10-09T15:30:00+11:00,2137772,2509_306,-33.93107604980469,151.204345703125,279.0,40.0,6,0.1,True
2026-10-09T15:30:00+11:00,2564645,2509_350,-33.93927764892578,151.21414184570312,316.0,35.6,189,3.15,True
2026-10-09T15:30:00+11:00,2564837,2509_350,-33.91926193237305,151.25706481933594,9.0,5.4,457,7.62,False
2026-10-09T15:30:00+11:00,2564931,2509_379,-33.893184661865234,151.24960327148438,9.0,0.0,136,2.27,True
2026-10-09T15:30:00+11:00,2582144,2509_392,-33.92537307739258,151.22817993164062,337.0,1.1,-182,-3.03,False
2026-10-09T15:30:00+11:00,2137936,2509_310,-33.896995544433594,151.21310424804688,300.0,28.4,0,0.0,True
2026-10-09T15:30:00+11:00,2628681,2509_304,-33.90712356567383,151.2083740234375,41.0,16.2,97,1.62,True
2026-10-09T15:30:00+11:00,2740242,2509_370,-33.8890266418457,151.1910400390625,239.0,0.0,206,3.43,True
2026-10-09T15:30:00+11:00,2564943,2509_333,-33.89555740356445,151.2726593017578,80.0,26.6,0,0.0,True
2026-10-09T15:30:00+11:00,2564965,2509_333,-33.89536666870117,151.2716827392578,297.0,0.0,172,2.87,True
2026-10-09T15:30:00+11:00,2532655,2509_324,-33.874324798583984,151.2161865234375,281.0,17.3,283,4.72,True
2026-10-09T15:30:00+11:00,2431426,2509_396,-33.877037048339844,151.2124786376953,306.0,0.0,-30,-0.5,True
2026-10-09T15:30:00+11:00,2675126,2509_309,-33.89270782470703,151.20037841796875,204.0,0.0,416,6.93,False
2026-10-09T15:30:00+11:00,2565030,2509_350,-33.91132354736328,151.2543182373047,187.0,0.0,181,3.02,True
2026-10-09T15:30:00+11:00,2352540,2509_307,-33.924312591552734,151.18775939941406,100.0,0.0,26,0.43,True
2026-10-09T15:30:00+11:00,2565093,2509_379,-33.88920593261719,151.27035522460938,248.0,13.0,221,3.68,True
2026-10-09T15:30:00+11:00,2151642,2509_333,-33.891754150390625,151.24728393554688,109.0,0.0,3,0.05,True
2026-10-09T15:30:00+11:00,2470763,2509_356,-33.925899505615234,151.24343872070312,13.0,28.1,178,2.97,True
2026-10-09T15:30:00+11:00,2564716,2509_350,-33.920066833496094,151.25689697265625,10.0,23.0,-151,-2.52,False
2026-10-09T15:30:00+11:00,2548686,2509_328,-33.89049530029297,151.24301147460938,111.0,1.4,0,0.0,True
2026-10-09T15:30:00+11:00,2431444,2509_396,-33.92490768432617,151.22891235351562,309.0,0.0,-17,-0.28,True
2026-10-09T15:30:00+11:00,2488455,2509_392,-33.955482482910156,151.23023986816406,166.0,25.2,533,8.88,False
2026-10-09T15:30:00+11:00,2356561,2509_370,-33.89638137817383,151.18002319335938,59.0,20.2,261,4.35,True
2026-10-09T15:30:00+11:00,2357053,2509_339,-33.90031051635742,151.22291564941406,176.0,44.6,326,5.43,True
2026-10-09T15:30:00+11:00,2335874,2509_309,-33.893760681152344,151.19871520996094,22.0,11.2,-485,-8.08,False
2026-10-09T15:30:00+11:00,2533308,2509_324,-33.86848449707031,151.2060089111328,173.0,0.0,-77,-1.28,False
2026-10-09T15:30:00+11:00,2628763,2509_304,-33.867794036865234,151.21058654785156,6.0,0.0,-105,-1.75,False
2026-10-09T15:30:00+11:00,2151779,2509_333,-33.89042663574219,151.24278259277344,110.0,0.0,-235,-3.92,False
2026-10-09T15:30:00+11:00,2356380,2509_373X,-33.86302185058594,151.21192932128906,8.0,0.0,7,0.12,True
2026-10-09T15:30:00+11:00,2532423,2509_324,-33.874942779541016,151.22251892089844,44.0,0.0,-178,-2.97,False
2026-10-09T15:30:00+11:00,2564705,2509_333,-33.88923263549805,151.27850341796875,287.0,36.7,-7,-0.12,True
2026-10-09T15:30:00+11:00,2356925,2509_343,-33.861576080322266,151.21205139160156,283.0,16.2,0,0.0,True
2026-10-09T15:30:00+11:00,2565045,2509_333,-33.886329650878906,151.22921752929688,307.0,48.2,46,0.77,True
2026-10-09T15:30:00+11:00,2531977,2509_325,-33.84823226928711,151.280029296875,33.0,0.0,-527,-8.78,False
2026-10-09T15:30:00+11:00,2355771,2509_390X,-33.916446685791016,151.23635864257812,99.0,0.0,47,0.78,True
2026-10-09T15:30:00+11:00,2357614,2509_343,-33.91918182373047,151.2035369873047,15.0,32.8,6,0.1,True
2026-10-09T15:30:00+11:00,2564649,2509_355,-33.8996696472168,151.1839599609375,285.0,0.0,537,8.95,False
2026-10-09T15:30:00+11:00,2400421,2509_309,-33.955650329589844,151.2295684814453,258.0,39.2,370,6.17,False
2026-10-09T15:30:00+11:00,2533624,2509_325,-33.8738899230957,151.21359252929688,283.0,0.0,-401,-6.68,False
2026-10-09T15:30:00+11:00,2564684,2509_350,-33.94063949584961,151.2330780029297,99.0,34.9,532,8.87,False
2026-10-09T15:30:00+11:00,2151554,2509_333,-33.874488830566406,151.2097625732422,186.0,0.0,546,9.1,False
2026-10-09T15:30:00+11:00,2139591,2509_375,-33.918113708496094,151.2412567138672,266.0,0.0,58,0.97,True
2026-10-09T15:30:00+11:00,2435450,2509_390X,-33.90699768066406,151.2522430419922,239.0,31.0,168,2.8,True
2026-10-09T15:30:00+11:00,2431149,2509_396,-33.92273712158203,151.2271270751953,161.0,0.7,150,2.5,True
2026-10-09T15:30:00+11:00,2356180,2509_370,-33.91180419921875,151.2096405029297,288.0,0.7,394,6.57,False
2026-10-09T15:30:00+11:00,2565084,2509_333,-33.85926818847656,151.21238708496094,89.0,4.0,0,0.0,True
2026-10-09T15:30:00+11:00,2565109,2509_379,-33.88249969482422,151.27996826171875,280.0,34.9,-14,-0.23,True
2026-10-09T15:30:00+11:00,2355857,2509_390X,-33.90957260131836,151.23956298828125,8.0,29.5,163,2.72,True
2026-10-09T15:30:00+11:00,2533281,2509_387,-33.87020492553711,151.27613830566406,219.0,15.1,-9,-0.15,True
2026-10-09T15:30:00+11:00,2740219,2509_370,-33.87948226928711,151.18685913085938,144.0,0.0,-5,-0.08,True
2026-10-09T15:30:00+11:00,2357005,2509_339,-33.9049072265625,151.23521423339844,255.0,40.3,-2,-0.03,True
2026-10-09T15:30:00+11:00,2352560,2509_356,-33.901302337646484,151.24520874023438,149.0,21.6,-57,-0.95,True
2026-10-09T15:30:00+11:00,2396584,2509_392,-33.950172424316406,151.2313995361328,354.0,33.8,-52,-0.87,True
2026-10-09T15:30:00+11:00,2396558,2509_392,-33.898094177246094,151.2121124267578,29.0,9.0,-68,-1.13,False
2026-10-09T15:30:00+11:00,2356093,2509_370,-33.88449478149414,151.19320678710938,264.0,0.0,258,4.3,True
2026-10-09T15:30:00+11:00,2667425,2509_326,-33.88602828979492,151.25973510742188,105.0,24.1,186,3.1,True
2026-10-09T15:30:00+11:00,2431677,2509_396,-33.94773483276367,151.25511169433594,44.0,0.0,0,0.0,True
2026-10-09T15:30:00+11:00,2564727,2509_350,-33.931495666503906,151.2562713623047,142.0,0.0,245,4.08,True
2026-10-09T15:30:00+11:00,2151643,2509_333,-33.8887825012207,151.27719116210938,85.0,0.0,-346,-5.77,False
2026-10-09T15:30:00+11:00,2352597,2509_307,-33.94001007080078,151.22772216796875,285.0,33.1,1,0.02,True
2026-10-09T15:30:00+11:00,2564990,2509_333,-33.86442184448242,151.21173095703125,8.0,39.6,-76,-1.27,False
2026-10-09T15:30:00+11:00,2533623,2509_324,-33.87944030761719,151.23614501953125,10.0,0.0,107,1.78,True
2026-10-09T15:30:00+11:00,2564679,2509_350,-33.947994232177734,151.2548828125,224.0,17.6,315,5.25,True
2026-10-09T15:30:00+11:00,2356097,2509_370,-33.91809844970703,151.24147033691406,266.0,0.0,303,5.05,True
2026-10-09T15:30:00+11:00,2410343,2509_392,-33.89816665649414,151.2120361328125,37.0,16.2,475,7.92,False
2026-10-09T15:30:00+11:00,2628602,2509_304,-33.869911193847656,151.21034240722656,182.0,0.0,113,1.88,True
2026-10-09T15:30:00+11:00,2435292,2509_390X,-33.89115905761719,151.24899291992188,278.0,0.0,0,0.0,True
2026-10-09T15:30:00+11:00,2403200,2509_311,-33.87816619873047,151.2213592529297,194.0,14.8,304,5.07,True
2026-10-09T15:30:00+11:00,2645887,2509_394X,-33.9286994934082,151.2337188720703,303.0,34.6,-14,-0.23,True
2026-10-09T15:30:00+11:00,2357026,2509_311,-33.866722106933594,151.2236785888672,200.0,0.0,2,0.03,True
2026-10-09T15:30:00+11:00,2564860,2509_333,-33.889530181884766,151.2832794189453,215.0,0.0,1,0.02,True
2026-10-09T15:30:00+11:00,2564526,2509_355,-33.9022331237793,151.19534301757812,138.0,9.4,166,2.77,True
2026-10-09T15:30:00+11:00,2564813,2509_333,-33.89158630371094,151.24746704101562,188.0,12.2,419,6.98,False
2026-10-09T15:30:00+11:00,2435425,2509_390X,-33.915924072265625,151.23974609375,188.0,0.0,110,1.83,True
2026-10-09T15:30:00+11:00,2357115,2509_373X,-33.91472244262695,151.240234375,161.0,19.8,49,0.82,True
2026-10-09T15:30:00+11:00,2356704,2509_343,-33.922664642333984,151.20492553710938,99.0,42.5,-180,-3.0,False
2026-10-09T15:30:00+11:00,2563855,2509_386,-33.8911018371582,151.2484893798828,275.0,0.0,0,0.0,True
2026-10-09T15:30:00+11:00,2533289,2509_380,-33.891605377197266,151.25198364257812,55.0,23.0,134,2.23,True
2026-10-09T15:30:00+11:00,2357641,2509_373,-33.88933181762695,151.22056579589844,344.0,43.6,-36,-0.6,True
2026-10-09T15:30:00+11:00,2532791,2509_325,-33.878414154052734,151.23489379882812,140.0,0.0,-316,-5.27,False
2026-10-09T15:30:00+11:00,2531681,2509_380,-33.845699310302734,151.28326416015625,330.0,29.2,386,6.43,False
2026-10-09T15:30:00+11:00,2564991,2509_350,-33.924476623535156,151.18789672851562,277.0,0.0,-105,-1.75,False
2026-10-09T15:30:00+11:00,2151799,2509_333,-33.893272399902344,151.25689697265625,99.0,0.4,100,1.67,True
2026-10-09T15:30:00+11:00,2139243,2509_375,-33.945106506347656,151.25930786132812,277.0,32.4,-568,-9.47,False
2026-10-09T15:30:00+11:00,2396556,2509_392,-33.926021575927734,151.22840881347656,346.0,36.0,453,7.55,False
2026-10-09T15:30:00+11:00,2532529,2509_352,-33.895389556884766,151.18141174316406,40.0,4.3,265,4.42,True
2026-10-09T15:30:00+11:00,2533612,2509_324,-33.85880661010742,151.27867126464844,216.0,0.0,238,3.97,True
2026-10-09T15:30:00+11:00,2532485,2509_324,-33.875614166259766,151.24642944335938,200.0,1.1,479,7.98,False
2026-10-09T15:30:00+11:00,2533604,2509_381,-33.89224624633789,151.25457763671875,315.0,0.0,-63,-1.05,False
2026-10-09T15:30:00+11:00,2140588,2509_375,-33.953067779541016,151.2407989501953,91.0,39.6,101,1.68,True
2026-10-09T15:30:00+11:00,2565178,2509_350,-33.93286895751953,151.1797637939453,101.0,0.0,0,0.0,True
2026-10-09T15:30:00+11:00,2431416,2509_396,-33.8697624206543,151.2096405029297,175.0,0.0,355,5.92,True
2026-10-09T15:30:00+11:00,2435281,2509_390X,-33.921104431152344,151.22679138183594,171.0,0.4,20,0.33,True
2026-10-09T15:30:00+11:00,2565005,2509_333,-33.89146041870117,151.25364685058594,316.0,23.4,511,8.52,False
2026-10-09T15:30:00+11:00,2534532,2509_325,-33.86900329589844,151.2706298828125,212.0,0.0,251,4.18,True
2026-10-09T15:30:00+11:00,2531138,2509_355,-33.892005920410156,151.21603393554688,280.0,14.8,255,4.25,True
2026-10-09T15:30:00+11:00,2564735,2509_379,-33.88907241821289,151.26934814453125,93.0,33.8,301,5.02,True
2026-10-09T15:30:00+11:00,2151997,2509_333,-33.891319274902344,151.24803161621094,98.0,0.0,121,2.02,True
2026-10-09T15:30:00+11:00,2532223,2509_326,-33.88969039916992,151.25563049316406,236.0,33.5,-148,-2.47,False
2026-10-09T15:30:00+11:00,2564634,2509_350,-33.88805389404297,151.2616729736328,257.0,28.8,240,4.0,True
2026-10-09T15:30:00+11:00,2352568,2509_392,-33.89208984375,151.20069885253906,201.0,2.5,0,0.0,True
2026-10-09T15:30:00+11:00,2533280,2509_324,-33.871307373046875,151.2511749267578,218.0,0.0,230,3.83,True
2026-10-09T15:30:00+11:00,2431462,2509_309,-33.91669845581055,151.20008850097656,14.0,0.0,184,3.07,True
2026-10-09T15:30:00+11:00,2488430,2509_392,-33.89322280883789,151.19895935058594,20.0,0.0,0,0.0,True
2026-10-09T15:30:00+11:00,2531325,2509_352,-33.90864562988281,151.1720733642578,267.0,0.0,0,0.0,True
2026-10-09T15:30:00+11:00,2138911,2509_306,-33.89363479614258,151.19873046875,19.0,0.0,0,0.0,True
2026-10-09T15:30:00+11:00,2628689,2509_304,-33.889434814453125,151.21310424804688,7.0,1.4,12,0.2,True
2026-10-09T15:30:00+11:00,2740214,2509_370,-33.911190032958984,151.2083282470703,122.0,0.0,375,6.25,False
2026-10-09T15:30:00+11:00,2564858,2509_333,-33.89344024658203,151.26031494140625,278.0,4.0,58,0.97,True
2026-10-09T15:30:00+11:00,2335789,2509_309,-33.95564270019531,151.20542907714844,335.0,42.8,101,1.68,True
2026-10-09T15:30:00+11:00,2565140,2509_379,-33.89778137207031,151.2520294189453,160.0,0.0,188,3.13,True
2026-10-09T15:30:00+11:00,2431666,2509_396,-33.8625602722168,151.21116638183594,359.0,0.0,0,0.0,True
2026-10-09T15:30:00+11:00,2357691,2509_373,-33.922611236572266,151.25253295898438,311.0,38.5,55,0.92,True
2026-10-09T15:30:00+11:00,2356319,2509_373X,-33.90532302856445,151.22885131835938,115.0,29.9,-81,-1.35,False
2026-10-09T15:30:00+11:00,2565026,2509_350,-33.94047927856445,151.23191833496094,100.0,28.8,-63,-1.05,False
2026-10-09T15:30:00+11:00,2435619,2509_390X,-33.94101333618164,151.23941040039062,171.0,0.0,-22,-0.37,True
2026-10-09T15:30:00+11:00,2139499,2509_375,-33.9138298034668,151.2398681640625,165.0,28.1,-53,-0.88,True
2026-10-09T15:30:00+11:00,2564872,2509_333,-33.889530181884766,151.2833709716797,215.0,0.0,0,0.0,True
2026-10-09T15:30:00+11:00,2575746,2509_374,-33.90473175048828,151.22711181640625,296.0,0.0,111,1.85,True
2026-10-09T15:30:00+11:00,2564700,2509_379,-33.89139175415039,151.2523193359375,60.0,25.9,357,5.95,True
2026-10-09T15:30:00+11:00,2564688,2509_333,-33.88136672973633,151.2186279296875,296.0,0.0,365,6.08,False
2026-10-09T15:30:00+11:00,2548721,2509_328,-33.87929916381836,151.2361602783203,12.0,0.0,0,0.0,True
2026-10-09T15:30:00+11:00,2356549,2509_373,-33.922122955322266,151.2520751953125,98.0,0.0,-107,-1.78,False
2026-10-09T15:30:00+11:00,2300918,2509_399,-33.94636535644531,151.2407684326172,164.0,22.0,-51,-0.85,True
2026-10-09T15:30:00+11:00,2564733,2509_379,-33.905372619628906,151.25799560546875,292.0,9.4,139,2.32,True
2026-10-09T15:30:00+11:00,2357427,2509_370,-33.91182327270508,151.2147216796875,241.0,0.0,82,1.37,True
2026-10-09T15:30:00+11:00,2356322,2509_374,-33.88039016723633,151.20867919921875,288.0,0.0,0,0.0,True
2026-10-09T15:30:00+11:00,2431343,2509_396,-33.92506408691406,151.22915649414062,127.0,0.0,632,10.53,False
2026-10-09T15:30:00+11:00,2534152,2509_313,-33.92409896850586,151.25448608398438,277.0,40.7,20,0.33,True
2026-10-09T15:30:00+11:00,2357741,2509_343,-33.88397979736328,151.2082061767578,8.0,23.4,55,0.92,True
2026-10-09T15:30:00+11:00,2564572,2509_333,-33.88753128051758,151.2308807373047,327.0,20.9,371,6.18,False
2026-10-09T15:30:00+11:00,2740220,2509_370,-33.91460037231445,151.22560119628906,171.0,30.6,430,7.17,False
2026-10-09T15:30:00+11:00,2352269,2509_356,-33.94203186035156,151.24746704101562,194.0,20.2,-276,-4.6,False
2026-10-09T15:30:00+11:00,2563949,2509_387,-33.891937255859375,151.25088500976562,80.0,23.8,227,3.78,True
2026-10-09T15:30:00+11:00,2352616,2509_356,-33.91105651855469,151.24354553222656,204.0,39.6,106,1.77,True
2026-10-09T15:30:00+11:00,2137812,2509_375,-33.95407485961914,151.2371368408203,241.0,40.7,-438,-7.3,False
2026-10-09T15:30:00+11:00,2628609,2509_304,-33.89938735961914,151.2128143310547,99.0,17.6,49,0.82,True
2026-10-09T15:30:00+11:00,2564547,2509_350,-33.9410285949707,151.2349090576172,275.0,0.0,360,6.0,False
2026-10-09T15:30:00+11:00,2564595,2509_350,-33.929771423339844,151.18673706054688,15.0,5.4,61,1.02,True
2026-10-09T15:30:00+11:00,2488488,2509_392,-33.92435073852539,151.22824096679688,128.0,0.0,330,5.5,True
2026-10-09T15:30:00+11:00,2533545,2509_324,-33.871788024902344,151.2564239501953,112.0,44.3,179,2.98,True
2026-10-09T15:30:00+11:00,2628606,2509_304,-33.86308670043945,151.21192932128906,10.0,3.6,0,0.0,True
2026-10-09T15:30:00+11:00,2136845,2509_306,-33.923797607421875,151.21109008789062,10.0,0.0,-22,-0.37,True
2026-10-09T15:30:00+11:00,2403142,2509_311,-33.86882019042969,151.22576904296875,188.0,11.9,-118,-1.97,False
2026-10-09T15:30:00+11:00,2355845,2509_390X,-33.89603805541992,151.2509765625,331.0,19.1,286,4.77,True
2026-10-09T15:30:00+11:00,2352234,2509_307,-33.94068145751953,151.22793579101562,21.0,32.0,917,15.28,False
2026-10-09T15:30:00+11:00,2356204,2509_370,-33.902305603027344,151.19775390625,254.0,40.3,527,8.78,False
2026-10-09T15:30:00+11:00,2357673,2509_373,-33.90908432006836,151.23846435546875,106.0,10.8,138,2.3,True
2026-10-09T15:30:00+11:00,2532763,2509_380,-33.87961959838867,151.2812042236328,329.0,23.0,173,2.88,True
2026-10-09T15:30:00+11:00,2431186,2509_396,-33.90522003173828,151.2239990234375,8.0,24.8,185,3.08,True
2026-10-09T15:30:00+11:00,2357716,2509_374,-33.89120864868164,151.211181640625,115.0,35.6,249,4.15,True
2026-10-09T15:30:00+11:00,2352239,2509_356,-33.928436279296875,151.24903869628906,104.0,20.9,-186,-3.1,False
2026-10-09T15:30:00+11:00,2675003,2509_309,-33.95566177368164,151.22988891601562,78.0,0.0,-40,-0.67,True
2026-10-09T15:30:00+11:00,2532310,2509_327,-33.89185333251953,151.2513885498047,73.0,0.0,63,1.05,True
2026-10-09T15:30:00+11:00,2335850,2509_309,-33.916168212890625,151.2003936767578,16.0,15.5,-233,-3.88,False
2026-10-09T15:30:00+11:00,2534441,2509_352,-33.881568908691406,151.2147979736328,10.0,24.8,163,2.72,True
2026-10-09T15:30:00+11:00,2355931,2509_373,-33.87683868408203,151.2098388671875,272.0,0.0,16,0.27,True
2026-10-09T15:30:00+11:00,2564967,2509_379,-33.904605865478516,151.26666259765625,293.0,0.0,3,0.05,True
2026-10-09T15:30:00+11:00,2533361,2509_313,-33.915130615234375,151.2492218017578,191.0,41.4,1,0.02,True
2026-10-09T15:30:00+11:00,2533322,2509_380,-33.893062591552734,151.2577362060547,280.0,11.9,498,8.3,False
2026-10-09T15:30:00+11:00,2356862,2509_311,-33.878665924072266,151.2106475830078,48.0,29.9,145,2.42,True
2026-10-09T15:30:00+11:00,2356649,2509_373,-33.91043472290039,151.2393035888672,8.0,0.0,74,1.23,True
2026-10-09T15:30:00+11:00,2140251,2509_306,-33.930213928222656,151.19837951660156,100.0,36.7,58,0.97,True
2026-10-09T15:30:00+11:00,2356036,2509_370,-33.91996765136719,151.25711059570312,189.0,0.0,0,0.0,True
2026-10-09T15:30:00+11:00,2645942,2509_394X,-33.925193786621094,151.22947692871094,128.0,0.0,-210,-3.5,False
2026-10-09T15:30:00+11:00,2531318,2509_324,-33.8436164855957,151.28407287597656,6.0,0.0,0,0.0,True
2026-10-09T15:30:00+11:00,2645884,2509_392X,-33.893028259277344,151.2211456298828,351.0,47.2,56,0.93,True
2026-10-09T15:30:00+11:00,2357138,2509_343,-33.90821838378906,151.2071533203125,20.0,17.3,319,5.32,True
2026-10-09T15:30:00+11:00,2533080,2509_352,-33.888301849365234,151.1971435546875,281.0,35.6,183,3.05,True
2026-10-09T15:30:00+11:00,2488462,2509_392,-33.89771270751953,151.21267700195312,217.0,0.0,185,3.08,True
2026-10-09T15:30:00+11:00,2675083,2509_309,-33.92941665649414,151.19488525390625,189.0,0.0,556,9.27,False
2026-10-09T15:30:00+11:00,2352605,2509_356,-33.891292572021484,151.248779296875,97.0,19.4,2,0.03,True
2026-10-09T15:30:00+11:00,2470753,2509_397,-33.94211959838867,151.24359130859375,99.0,33.8,-48,-0.8,True
2026-10-09T15:30:00+11:00,2564886,2509_350,-33.915035247802734,151.2580108642578,11.0,22.0,989,16.48,False
2026-10-09T15:30:00+11:00,2531196,2509_362,-33.901649475097656,151.26943969726562,99.0,22.7,415,6.92,False
2026-10-09T15:30:00+11:00,2356950,2509_373X,-33.877193450927734,151.20875549316406,185.0,1.4,6,0.1,True
2026-10-09T15:30:00+11:00,2533837,2509_362,-33.87169647216797,151.26222229003906,348.0,0.0,0,0.0,True
2026-10-09T15:30:00+11:00,2435379,2509_390X,-33.95185470581055,151.241943359375,168.0,37.1,800,13.33,False
2026-10-09T15:30:00+11:00,2139040,2509_306,-33.9107780456543,151.20675659179688,101.0,14.0,275,4.58,True
2026-10-09T15:30:00+11:00,2564920,2509_333,-33.892513275146484,151.25506591796875,319.0,20.9,96,1.6,True
2026-10-09T15:30:00+11:00,2357228,2509_343,-33.878868103027344,151.20919799804688,187.0,23.4,40,0.67,True
2026-10-09T15:30:00+11:00,2565080,2509_333,-33.86967468261719,151.2103729248047,187.0,0.0,109,1.82,True
2026-10-09T15:30:00+11:00,2355777,2509_390X,-33.91509246826172,151.22555541992188,350.0,0.0,-53,-0.88,True
2026-10-09T15:30:00+11:00,2564633,2509_350,-33.924957275390625,151.191650390625,101.0,10.1,409,6.82,False
2026-10-09T15:30:00+11:00,2357289,2509_373,-33.919124603271484,151.25726318359375,205.0,9.4,0,0.0,True
2026-10-09T15:30:00+11:00,2740256,2509_370,-33.887657165527344,151.1934356689453,221.0,1.1,831,13.85,False
2026-10-09T15:30:00+11:00,2532257,2509_352,-33.883705139160156,151.2217254638672,287.0,0.0,79,1.32,True
2026-10-09T15:30:00+11:00,2352615,2509_392,-33.90967559814453,151.22073364257812,94.0,23.4,240,4.0,True
2026-10-09T15:30:00+11:00,2139586,2509_306,-33.8964958190918,151.19813537597656,346.0,23.8,784,13.07,False
2026-10-09T15:30:00+11:00,2533582,2509_325,-33.85609817504883,151.20687866210938,224.0,0.0,78,1.3,True
2026-10-09T15:30:00+11:00,2533773,2509_327,-33.87938690185547,151.23818969726562,21.0,0.0,96,1.6,True
2026-10-09T15:30:00+11:00,2674989,2509_309,-33.89326095581055,151.1990203857422,38.0,0.0,0,0.0,True
2026-10-09T15:30:00+11:00,2645897,2509_392X,-33.94462203979492,151.22659301757812,6.0,23.0,0,0.0,True
2026-10-09T15:30:00+11:00,2435473,2509_390X,-33.892940521240234,151.24903869628906,189.0,0.7,31,0.52,True
2026-10-09T15:30:00+11:00,2403203,2509_311,-33.86504364013672,151.2032012939453,173.0,19.8,-94,-1.57,False
2026-10-09T15:30:00+11:00,2531405,2509_333,-33.8729248046875,151.21031188964844,7.0,0.0,596,9.93,False
2026-10-09T15:30:00+11:00,2564834,2509_379,-33.89109420776367,151.2484130859375,276.0,0.0,-102,-1.7,False
2026-10-09T15:30:00+11:00,2565088,2509_333,-33.89278030395508,151.25535583496094,266.0,19.1,342,5.7,True
2026-10-09T15:30:00+11:00,2352689,2509_392,-33.94536590576172,151.2261505126953,191.0,13.3,472,7.87,False
2026-10-09T15:30:00+11:00,2533562,2509_362,-33.90243911743164,151.2684326171875,251.0,30.6,502,8.37,False
2026-10-09T15:30:00+11:00,2532152,2509_380,-33.889625549316406,151.2832489013672,205.0,11.2,378,6.3,False
2026-10-09T15:30:00+11:00,2356061,2509_374,-33.87021255493164,151.21041870117188,216.0,29.5,0,0.0,True
2026-10-09T15:30:00+11:00,2137466,2509_396,-33.863372802734375,151.2117919921875,300.0,13.3,-86,-1.43,False
2026-10-09T15:30:00+11:00,2352282,2509_307,-33.948524475097656,151.20925903320312,105.0,7.6,100,1.67,True
2026-10-09T15:30:00+11:00,2531440,2509_360,-33.89736557006836,151.26121520996094,279.0,36.7,-66,-1.1,False
2026-10-09T15:30:00+11:00,2740186,2509_370,-33.901580810546875,151.20079040527344,73.0,0.0,174,2.9,True
2026-10-09T15:30:00+11:00,2534133,2509_360,-33.89691162109375,151.2572479248047,101.0,28.8,232,3.87,True
2026-10-09T15:30:00+11:00,2534280,2509_386,-33.889923095703125,151.25514221191406,234.0,0.0,-550,-9.17,False
2026-10-09T15:30:00+11:00,2564017,2509_386,-33.87421417236328,151.27308654785156,32.0,29.2,-6,-0.1,True
2026-10-09T15:30:00+11:00,2431556,2509_396,-33.8957633972168,151.2218017578125,170.0,40.7,127,2.12,True
2026-10-09T15:30:00+11:00,2300990,2509_399,-33.93649673461914,151.23797607421875,354.0,22.3,57,0.95,True
2026-10-09T15:30:00+11:00,2355888,2509_390X,-33.89604187011719,151.2511444091797,327.0,36.0,-194,-3.23,False
2026-10-09T15:30:00+11:00,2565147,2509_333,-33.86670684814453,151.21072387695312,12.0,18.7,316,5.27,True
2026-10-09T15:30:00+11:00,2356079,2509_343,-33.88373947143555,151.208251953125,189.0,31.7,419,6.98,False
2026-10-09T15:30:00+11:00,2357426,2509_370,-33.909873962402344,151.25076293945312,99.0,34.2,4,0.07,True
2026-10-09T15:30:00+11:00,2431488,2509_309,-33.94003677368164,151.1947479248047,356.0,49.3,154,2.57,True
2026-10-09T15:30:00+11:00,2534390,2509_324,-33.86897277832031,151.20462036132812,355.0,0.0,266,4.43,True
2026-10-09T15:30:00+11:00,2137927,2509_306,-33.911319732666016,151.20870971679688,319.0,19.1,212,3.53,True
2026-10-09T15:30:00+11:00,2564685,2509_333,-33.8801155090332,151.2162628173828,315.0,0.0,464,7.73,False
2026-10-09T15:30:00+11:00,2356572,2509_373,-33.88384246826172,151.2177276611328,170.0,14.0,242,4.03,True
2026-10-09T15:30:00+11:00,2628714,2509_304,-33.87577438354492,151.2095947265625,6.0,39.6,-125,-2.08,False
