timestamp,trip_id,route_id,lat,lon,bearing,speed_kmh,delay_sec,delay_min,on_time
2026-09-05T01:02:11+10:00,2643041,2507_52,-33.8286247253418,151.12648010253906,352.0,0.0,233,3.88,True
2026-09-05T01:02:11+10:00,2555405,2507_290,-33.830284118652344,151.2025604248047,329.0,42.8,82,1.37,True
2026-09-05T01:02:11+10:00,2703649,2507_120,-33.788360595703125,151.19361877441406,339.0,54.4,629,10.48,False
2026-09-05T01:02:11+10:00,2517052,2514_271,-33.869598388671875,151.2061309814453,175.0,34.9,0,0.0,True
2026-09-05T01:02:11+10:00,2682755,2503_N40,-33.91461181640625,151.14784240722656,304.0,36.7,118,1.97,True
2026-09-05T01:02:11+10:00,2559055,7083_SW1,-33.911014556884766,151.13925170898438,144.0,29.5,41,0.68,True
2026-09-05T01:02:11+10:00,2466948,2503_N30,-33.912445068359375,151.11859130859375,54.0,0.0,-11,-0.18,True
2026-09-05T01:02:11+10:00,2329213,7083_SW3,-33.91121292114258,151.15785217285156,300.0,40.0,-82,-1.37,False
2026-09-05T01:02:11+10:00,2683192,7083_SW1,-33.915016174316406,151.16497802734375,0.0,0.4,2160,36.0,False
2026-09-05T01:02:11+10:00,2683244,7083_SW1,-33.91234588623047,151.1602020263672,-60.0,7.6,29,0.48,True
2026-09-05T01:02:11+10:00,2642991,2507_N91,-33.796749114990234,151.16798400878906,123.0,43.2,-173,-2.88,False
2026-09-05T01:02:11+10:00,2322358,2507_506,-33.87321472167969,151.20907592773438,279.0,0.0,0,0.0,True
2026-09-05T01:02:11+10:00,2229111,2507_288,-33.80570602416992,151.15219116210938,300.0,50.4,330,5.5,False
2026-09-05T01:02:11+10:00,2643118,2507_52,-33.85649871826172,151.15972900390625,142.0,21.6,-60,-1.0,True
2026-09-05T01:02:11+10:00,2642866,2507_52,-33.8730354309082,151.20741271972656,278.0,25.2,77,1.28,True
2026-09-05T01:02:11+10:00,2702343,2507_501,-33.8828239440918,151.20436096191406,245.0,0.0,74,1.23,True
2026-09-05T01:02:11+10:00,2517234,2514_271,-33.7882194519043,151.20408630371094,257.0,46.8,28,0.47,True
2026-09-05T01:02:11+10:00,2494235,2504_N60,-33.885963439941406,151.1171875,301.0,51.5,4,0.07,True
2026-09-05T01:02:11+10:00,2383013,2504_N50,-33.870765686035156,151.2062530517578,174.0,0.0,0,0.0,True
2026-09-05T01:02:11+10:00,2541810,2504_610X,-33.86199951171875,151.20558166503906,199.0,52.6,205,3.42,True
2026-09-05T01:02:11+10:00,2541143,2504_607X,-33.82746124267578,151.20065307617188,141.0,0.0,1037,17.28,False
2026-09-05T01:02:11+10:00,2542496,2504_610X,-33.838653564453125,151.210205078125,8.0,56.5,431,7.18,False
2026-09-05T01:02:11+10:00,2493580,2504_N60,-33.88657760620117,151.13803100585938,55.0,48.2,208,3.47,True
2026-09-05T01:02:11+10:00,2274789,2504_N50,-33.87581253051758,151.20960998535156,7.0,37.8,365,6.08,False
2026-09-05T01:02:11+10:00,2382965,2504_N50,-33.8867073059082,151.1190185546875,289.0,24.1,154,2.57,True
2026-09-05T01:02:11+10:00,2494252,2504_N70,-33.87368392944336,151.21231079101562,100.0,0.0,155,2.58,True
2026-09-05T01:02:11+10:00,2543061,2504_607X,-33.81751251220703,151.18162536621094,103.0,55.1,43,0.72,True
2026-09-05T01:02:11+10:00,2375904,2508_144,-33.79869079589844,151.17861938476562,159.0,34.6,151,2.52,True
2026-09-05T01:02:11+10:00,2289698,2459_442,-33.85821533203125,151.1835479736328,295.0,27.4,-52,-0.87,True
2026-09-05T01:02:11+10:00,2283345,2459_389,-33.88990020751953,151.2406768798828,254.0,9.4,-28,-0.47,True
2026-09-05T01:02:11+10:00,2365006,2459_389,-33.87434005737305,151.19815063476562,50.0,45.7,-181,-3.02,False
2026-09-05T01:02:11+10:00,2208578,2459_413,-33.895416259765625,151.14166259765625,253.0,42.5,-105,-1.75,False
2026-09-05T01:02:11+10:00,2685947,2459_423,-33.8751106262207,151.20968627929688,186.0,30.6,239,3.98,True
2026-09-05T01:02:11+10:00,2208642,2459_438N,-33.87932586669922,151.13784790039062,326.0,41.0,298,4.97,True
2026-09-05T01:02:11+10:00,2287415,2459_433,-33.868350982666016,151.17620849609375,162.0,45.0,-61,-1.02,False
2026-09-05T01:02:11+10:00,1864068,2459_438N,-33.88749313354492,151.17239379882812,82.0,42.8,-34,-0.57,True
2026-09-05T01:02:11+10:00,2283462,2459_428,-33.903751373291016,151.1414031982422,245.0,47.9,11,0.18,True
2026-09-05T01:02:11+10:00,2685965,2459_423,-33.870941162109375,151.210205078125,4.0,48.2,14,0.23,True
2026-09-05T01:02:11+10:00,2087807,2508_BN1,-33.87163543701172,151.20640563964844,179.0,0.0,0,0.0,True
2026-09-05T01:02:11+10:00,2089866,2508_BN1,-33.83095169067383,151.22499084472656,246.0,42.5,58,0.97,True
2026-09-05T01:02:11+10:00,2686012,2459_423,-33.9114875793457,151.1607208251953,214.0,47.9,92,1.53,True
2026-09-05T01:02:11+10:00,2377001,2508_144,-33.804969787597656,151.2462158203125,347.0,59.0,97,1.62,True
2026-09-05T01:02:11+10:00,2288382,2459_428,-33.865482330322266,151.21044921875,220.0,8.3,236,3.93,True
2026-09-05T01:02:11+10:00,2290916,2459_461N,-33.87895965576172,151.20921325683594,6.0,42.8,464,7.73,False
2026-09-05T01:02:11+10:00,2376431,2508_100,-33.829612731933594,151.2277374267578,43.0,0.0,-140,-2.33,False
2026-09-05T01:02:11+10:00,1962580,2459_412,-33.89334487915039,151.16036987304688,286.0,45.7,315,5.25,False
2026-09-05T01:02:11+10:00,2286826,2459_442,-33.8637809753418,151.17660522460938,345.0,0.0,-152,-2.53,False
2026-09-05T01:02:11+10:00,2415567,2508_B1,-33.79917526245117,151.2504425048828,66.0,49.3,84,1.4,True
2026-09-05T01:02:11+10:00,2219550,2459_445,-33.8961181640625,151.15415954589844,181.0,0.0,-44,-0.73,True
2026-09-05T01:02:11+10:00,2288222,2459_461N,-33.88473892211914,151.18826293945312,270.0,49.3,191,3.18,True
2026-09-05T01:02:11+10:00,2088204,2508_BN1,-33.86600112915039,151.20635986328125,2.0,0.0,190,3.17,True
2026-09-05T01:02:11+10:00,2208965,2459_440,-33.88488006591797,151.18536376953125,260.0,49.3,-51,-0.85,True
2026-09-05T01:02:11+10:00,2208794,2459_438N,-33.87511444091797,151.20968627929688,186.0,17.6,6,0.1,True
2026-09-05T01:02:11+10:00,2533240,2509_350,-33.9410514831543,151.23587036132812,100.0,37.1,-114,-1.9,False
2026-09-05T01:02:11+10:00,2531955,2509_350,-33.90036392211914,151.25357055664062,333.0,26.6,-158,-2.63,False
2026-09-05T01:02:11+10:00,2534691,2509_333,-33.8737678527832,151.20985412597656,6.0,0.0,23,0.38,True
2026-09-05T01:02:11+10:00,2674994,2509_309,-33.89267349243164,151.19924926757812,25.0,0.0,0,0.0,True
2026-09-05T01:02:11+10:00,2494587,2509_343,-33.917877197265625,151.20399475097656,21.0,27.0,7,0.12,True
2026-09-05T01:02:11+10:00,2531529,2509_324,-33.87004089355469,151.2693634033203,231.0,0.4,131,2.18,True
2026-09-05T01:02:11+10:00,2137331,2509_396,-33.94027328491211,151.23928833007812,168.0,33.5,296,4.93,True
2026-09-05T01:02:11+10:00,2532304,2509_324,-33.85588073730469,151.2068634033203,49.0,0.0,204,3.4,True
2026-09-05T01:02:11+10:00,2679124,2509_370,-33.919212341308594,151.2464599609375,116.0,44.6,-156,-2.6,False
2026-09-05T01:02:11+10:00,2139624,2509_396,-33.9152717590332,151.2254638671875,350.0,49.7,-79,-1.32,False
2026-09-05T01:02:11+10:00,2551728,2509_379,-33.905452728271484,151.2685089111328,312.0,34.9,79,1.32,True
2026-09-05T01:02:11+10:00,2434659,2509_390X,-33.929237365722656,151.2354736328125,127.0,55.8,-216,-3.6,False
2026-09-05T01:02:11+10:00,2356186,2509_339,-33.88576126098633,151.21865844726562,158.0,30.6,183,3.05,True
2026-09-05T01:02:11+10:00,2531775,2509_333,-33.89380645751953,151.2630615234375,101.0,44.6,249,4.15,True
2026-09-05T01:02:11+10:00,2533758,2509_333,-33.879886627197266,151.2159881591797,135.0,40.0,80,1.33,True
2026-09-05T01:02:11+10:00,2533373,2509_324,-33.87161636352539,151.26596069335938,68.0,46.1,15,0.25,True
2026-09-05T01:02:11+10:00,2357589,2509_373,-33.88652038574219,151.21896362304688,157.0,0.0,70,1.17,True
2026-09-05T01:02:11+10:00,2531457,2509_333,-33.89277648925781,151.25543212890625,276.0,0.0,66,1.1,True
2026-09-05T01:02:11+10:00,2564009,2509_379,-33.888038635253906,151.26210021972656,78.0,40.0,103,1.72,True
2026-09-05T01:02:11+10:00,2352483,2509_392N,-33.86471939086914,151.21176147460938,188.0,0.0,20,0.33,True
2026-09-05T01:02:11+10:00,2533215,2509_350,-33.94526672363281,151.22178649902344,203.0,0.0,64,1.07,True
2026-09-05T01:02:11+10:00,2355920,2509_343,-33.8668212890625,151.21067810058594,185.0,40.7,34,0.57,True
2026-09-05T01:02:11+10:00,2137239,2509_396,-33.88440704345703,151.21783447265625,154.0,20.2,64,1.07,True
2026-09-05T01:02:11+10:00,2628688,2509_304,-33.86214065551758,151.2120819091797,9.0,0.0,0,0.0,True
2026-09-05T01:02:11+10:00,2488384,2509_392,-33.94596862792969,151.22640991210938,89.0,27.4,-16,-0.27,True
2026-09-05T01:02:11+10:00,2551662,2509_379,-33.88722610473633,151.27215576171875,211.0,0.0,75,1.25,True
2026-09-05T01:02:11+10:00,2197827,2510_N10,-33.89503860473633,151.1819305419922,39.0,1.4,124,2.07,True
2026-09-05T01:02:11+10:00,2529863,7084_SW2,-33.90562057495117,151.13653564453125,243.0,52.6,-84,-1.4,False
2026-09-05T01:02:11+10:00,2657424,2510_N20,-33.87638473510742,151.2122344970703,186.0,12.2,66,1.1,True
2026-09-05T01:02:11+10:00,2368376,2510_N10,-33.87662124633789,151.2122039794922,188.0,0.0,55,0.92,True
2026-09-05T04:20:13+10:00,2644035,2507_N91,-33.837432861328125,151.20936584472656,13.0,0.7,-55,-0.92,True
2026-09-05T04:20:13+10:00,2655049,2503_N40,-33.88374710083008,151.20265197753906,71.0,38.9,-171,-2.85,False
2026-09-05T04:20:13+10:00,2443103,2454_N70,-33.872554779052734,151.1253204345703,308.0,33.5,16,0.27,True
2026-09-05T04:20:13+10:00,2642871,2507_N91,-33.84112548828125,151.20811462402344,273.0,27.7,-2,-0.03,True
2026-09-05T04:20:13+10:00,2702554,2507_501,-33.83881759643555,151.14231872558594,261.0,52.9,7,0.12,True
2026-09-05T04:20:13+10:00,2493685,2504_N60,-33.88483810424805,151.18634033203125,262.0,52.6,-17,-0.28,True
2026-09-05T04:20:13+10:00,2451124,2504_N92,-33.874847412109375,151.21243286132812,186.0,49.3,0,0.0,True
2026-09-05T04:20:13+10:00,2382955,2504_N50,-33.891021728515625,151.17051696777344,200.0,36.0,120,2.0,True
2026-09-05T04:20:13+10:00,2516711,2504_N71,-33.883182525634766,151.20367431640625,45.0,0.7,32,0.53,True
2026-09-05T04:20:13+10:00,2675718,2503_N30,-33.89881134033203,151.14553833007812,226.0,51.5,283,4.72,True
2026-09-05T04:20:13+10:00,2644874,2507_52,-33.872398376464844,151.21275329589844,186.0,0.0,0,0.0,True
2026-09-05T04:20:13+10:00,2543367,2504_610X,-33.87208557128906,151.20645141601562,179.0,19.1,10,0.17,True
2026-09-05T04:20:13+10:00,2644771,2507_52,-33.82021713256836,151.11851501464844,307.0,47.2,-34,-0.57,True
2026-09-05T04:20:13+10:00,2283552,2459_442,-33.8709716796875,151.1921844482422,109.0,52.2,-178,-2.97,False
2026-09-05T04:20:13+10:00,2287358,2459_433,-33.880210876464844,151.2077178955078,282.0,0.0,0,0.0,True
2026-09-05T04:20:13+10:00,2374008,2508_144,-33.813995361328125,151.24380493164062,9.0,52.2,96,1.6,True
2026-09-05T04:20:13+10:00,2283150,2459_423,-33.910682678222656,151.1564178466797,39.0,0.0,-112,-1.87,False
2026-09-05T04:20:13+10:00,2087652,2508_BN1,-33.837135314941406,151.2087860107422,101.0,37.4,-26,-0.43,True
2026-09-05T04:20:13+10:00,2088134,2508_BN1,-33.83640670776367,151.21066284179688,8.0,67.0,33,0.55,True
2026-09-05T04:20:13+10:00,2686139,2459_423,-33.88431930541992,151.19700622558594,269.0,39.2,-31,-0.52,True
2026-09-05T04:20:13+10:00,2290288,2459_438N,-33.865081787109375,151.20973205566406,227.0,0.0,0,0.0,True
2026-09-05T04:20:13+10:00,2548742,2509_350,-33.933982849121094,151.18141174316406,266.0,12.2,-54,-0.9,True
2026-09-05T04:20:13+10:00,2532678,2509_324,-33.864192962646484,151.20323181152344,289.0,15.1,-117,-1.95,False
2026-09-05T04:20:13+10:00,2139325,2509_396,-33.86210632324219,151.2112274169922,5.0,0.0,0,0.0,True
2026-09-05T04:20:13+10:00,2531953,2509_333,-33.89344787597656,151.25994873046875,282.0,26.6,-31,-0.52,True
2026-09-05T04:20:13+10:00,2532329,2509_333,-33.880836486816406,151.21751403808594,117.0,0.0,-73,-1.22,False
2026-09-05T04:20:13+10:00,2434891,2509_390X,-33.91783905029297,151.22621154785156,171.0,16.6,-43,-0.72,True
2026-09-05T04:20:13+10:00,2531530,2509_350,-33.91094970703125,151.25439453125,190.0,42.1,-3,-0.05,True
2026-09-05T04:20:13+10:00,2532155,2509_324,-33.87629318237305,151.22793579101562,86.0,37.4,-56,-0.93,True
2026-09-05T04:20:13+10:00,2628692,2509_304,-33.87289810180664,151.2099609375,186.0,0.0,62,1.03,True
2026-09-05T04:20:13+10:00,2356386,2509_373,-33.87897491455078,151.21485900878906,314.0,6.1,-88,-1.47,False
2026-09-05T04:20:13+10:00,2352743,2509_392N,-33.91547393798828,151.22567749023438,168.0,45.7,76,1.27,True
2026-09-05T04:20:13+10:00,2494730,2509_343,-33.92208480834961,151.20068359375,279.0,35.3,5,0.08,True
2026-09-05T04:20:13+10:00,2368383,2510_N10,-33.92854690551758,151.15728759765625,217.0,71.3,27,0.45,True
2026-09-05T04:20:13+10:00,2368375,2510_N10,-33.880184173583984,151.2075653076172,283.0,0.0,46,0.77,True
2026-09-05T04:20:13+10:00,2368369,2510_N11,-33.87161636352539,151.20640563964844,175.0,0.0,267,4.45,True
2026-09-05T04:20:13+10:00,2667782,7066_28T4,-33.91276168823242,151.17953491210938,297.0,0.0,790,13.17,False
2026-09-05T04:20:13+10:00,2657420,2510_N20,-33.92441940307617,151.1874542236328,279.0,0.0,-66,-1.1,False
2026-09-05T04:20:13+10:00,2717602,700015_3AT4,-33.91545867919922,151.1657257080078,10.0,0.0,-721,-12.02,False
2026-09-05T06:53:17+10:00,2644144,2507_52,-33.8724365234375,151.21275329589844,186.0,0.0,0,0.0,True
2026-09-05T06:53:17+10:00,2517198,2514_270,-33.871986389160156,151.20562744140625,354.0,18.4,0,0.0,True
2026-09-05T06:53:17+10:00,2227576,2507_288,-33.84074401855469,151.21095275878906,183.0,47.9,0,0.0,True
2026-09-05T06:53:17+10:00,2667967,7057_26T4,-33.88758087158203,151.21807861328125,185.0,55.4,-534,-8.9,False
2026-09-05T06:53:17+10:00,2703806,2507_115,-33.82525634765625,151.20083618164062,2.0,28.4,36,0.6,True
2026-09-05T06:53:17+10:00,2280655,7083_SW3,-33.90578079223633,151.13601684570312,253.0,45.4,20,0.33,True
2026-09-05T06:53:17+10:00,2682874,7083_SW1,-33.916954040527344,151.14308166503906,263.0,29.2,-24,-0.4,True
2026-09-05T06:53:17+10:00,2542357,2504_610X,-33.86500930786133,151.20484924316406,353.0,27.7,-50,-0.83,True
2026-09-05T06:53:17+10:00,2309583,7083_SW3,-33.90397262573242,151.1557159423828,141.0,38.2,24,0.4,True
2026-09-05T06:53:17+10:00,2702380,2507_501,-33.83958053588867,151.13906860351562,71.0,45.7,-35,-0.58,True
2026-09-05T06:53:17+10:00,2701869,700011_27T4,-33.8648681640625,151.13026428222656,4.0,0.4,-2982,-49.7,False
2026-09-05T06:53:17+10:00,2557365,2507_291,-33.810726165771484,151.16383361816406,285.0,1.8,-10,-0.17,True
2026-09-05T06:53:17+10:00,2701919,700011_27T4,-33.8844108581543,151.19285583496094,85.0,38.2,-1061,-17.68,False
2026-09-05T06:53:17+10:00,2322491,2507_506,-33.870880126953125,151.21420288085938,310.0,0.0,0,0.0,True
2026-09-05T06:53:17+10:00,2702504,2507_501,-33.879512786865234,151.2078094482422,102.0,9.7,66,1.1,True
2026-09-05T06:53:17+10:00,2227326,2507_288,-33.817726135253906,151.20184326171875,332.0,76.0,77,1.28,True
2026-09-05T06:53:17+10:00,2558801,7083_SW1,-33.915260314941406,151.1426544189453,159.0,22.3,-46,-0.77,True
2026-09-05T06:53:17+10:00,2701934,700011_27T4,-33.889808654785156,151.2069091796875,278.0,36.4,0,0.0,True
2026-09-05T06:53:17+10:00,2517062,2514_281,-33.7964973449707,151.18089294433594,179.0,0.0,75,1.25,True
2026-09-05T06:53:17+10:00,2227791,2507_507,-33.83068084716797,151.12525939941406,45.0,14.4,0,0.0,True
2026-09-05T06:53:17+10:00,2701952,700011_27T4,-33.932132720947266,151.21206665039062,29.0,80.6,-545,-9.08,False
2026-09-05T06:53:17+10:00,2703693,2507_115,-33.8142204284668,151.20005798339844,159.0,34.6,43,0.72,True
2026-09-05T06:53:17+10:00,2407020,2507_252,-33.82685852050781,151.1478271484375,63.0,56.5,-97,-1.62,False
2026-09-05T06:53:17+10:00,2681906,2507_208,-33.83931350708008,151.20742797851562,142.0,44.3,76,1.27,True
2026-09-05T06:53:17+10:00,2637863,2504_607X,-33.81095504760742,151.165771484375,286.0,75.6,106,1.77,True
2026-09-05T06:53:17+10:00,2682015,2507_208,-33.792442321777344,151.20729064941406,160.0,48.6,-91,-1.52,False
2026-09-05T06:53:17+10:00,2703789,2507_120,-33.795814514160156,151.18128967285156,356.0,25.2,15,0.25,True
2026-09-05T06:53:17+10:00,2345289,2514_194,-33.87179183959961,151.2056121826172,353.0,0.0,0,0.0,True
2026-09-05T06:53:17+10:00,2638036,2504_607X,-33.870628356933594,151.20623779296875,175.0,0.0,0,0.0,True
2026-09-05T06:53:17+10:00,2703726,2507_120,-33.850345611572266,151.2120361328125,208.0,59.4,275,4.58,True
2026-09-05T06:53:17+10:00,2491683,2514_270,-33.8090934753418,151.20443725585938,190.0,43.6,-203,-3.38,False
2026-09-05T06:53:17+10:00,2491963,2514_281,-33.793190002441406,151.18417358398438,340.0,20.5,-478,-7.97,False
2026-09-05T06:53:17+10:00,2703707,2507_120,-33.7953987121582,151.1968536376953,343.0,37.8,77,1.28,True
2026-09-05T06:53:17+10:00,2642872,2507_52,-33.85823440551758,151.1615447998047,138.0,69.5,56,0.93,True
2026-09-05T06:53:17+10:00,2682105,2507_208,-33.824710845947266,151.20973205566406,8.0,0.0,-24,-0.4,True
2026-09-05T06:53:17+10:00,2558807,7083_SW1,-33.913509368896484,151.15322875976562,29.0,27.4,469,7.82,False
2026-09-05T06:53:17+10:00,2543272,2504_610X,-33.84674835205078,151.2125244140625,165.0,60.8,-253,-4.22,False
2026-09-05T06:53:17+10:00,2588749,7016_7AT4,-33.931270599365234,151.15455627441406,38.0,0.0,18,0.3,True
2026-09-05T06:53:17+10:00,2596611,2459_492,-33.87333679199219,151.1273193359375,10.0,28.4,310,5.17,False
2026-09-05T06:53:17+10:00,2475024,2459_389,-33.883201599121094,151.2322540283203,129.0,34.6,-156,-2.6,False
2026-09-05T06:53:17+10:00,2283346,2459_433,-33.882057189941406,151.18963623046875,127.0,0.0,141,2.35,True
2026-09-05T06:53:17+10:00,2588758,7016_7AT4,-33.91371536254883,151.1817626953125,124.0,62.3,485,8.08,False
2026-09-05T06:53:17+10:00,2287268,2459_438X,-33.86665344238281,151.21072387695312,186.0,0.0,0,0.0,True
2026-09-05T06:53:17+10:00,2668317,2459_420,-33.924461364746094,151.18814086914062,280.0,0.0,0,0.0,True
2026-09-05T06:53:17+10:00,1904700,2459_461X,-33.884300231933594,151.1959686279297,87.0,1.4,-46,-0.77,True
2026-09-05T06:53:17+10:00,2484421,2459_483,-33.88910675048828,151.1436309814453,317.0,13.7,110,1.83,True
2026-09-05T06:53:17+10:00,2588906,7016_7AT4,-33.91256332397461,151.1792449951172,36.0,14.8,-435,-7.25,False
2026-09-05T06:53:17+10:00,2620108,2459_530,-33.79668045043945,151.18038940429688,179.0,0.0,0,0.0,True
2026-09-05T06:53:17+10:00,2285274,2459_437,-33.875267028808594,151.1560821533203,355.0,0.0,18,0.3,True
2026-09-05T06:53:17+10:00,2283846,2459_431,-33.86882400512695,151.21046447753906,186.0,24.5,66,1.1,True
2026-09-05T06:53:17+10:00,2554259,2459_358,-33.92362976074219,151.18408203125,186.0,8.6,7,0.12,True
2026-09-05T06:53:17+10:00,2619993,2459_530,-33.870948791503906,151.11849975585938,277.0,57.6,-84,-1.4,False
2026-09-05T06:53:17+10:00,2618745,2459_422,-33.87992477416992,151.20848083496094,183.0,0.7,0,0.0,True
2026-09-05T06:53:17+10:00,2668474,2459_420,-33.937801361083984,151.15264892578125,54.0,0.0,543,9.05,False
2026-09-05T06:53:17+10:00,2474839,2459_389,-33.8693962097168,151.19789123535156,358.0,0.0,15,0.25,True
2026-09-05T06:53:17+10:00,2288727,2459_470,-33.874576568603516,151.20974731445312,187.0,0.0,66,1.1,True
2026-09-05T06:53:17+10:00,2286217,2459_389,-33.87871551513672,151.21726989746094,280.0,2.9,22,0.37,True
2026-09-05T06:53:17+10:00,2618730,2459_422,-33.93459701538086,151.15274047851562,184.0,0.0,117,1.95,True
2026-09-05T06:53:17+10:00,2588763,7016_7AT4,-33.9382438659668,151.1485595703125,211.0,29.2,-208,-3.47,False
2026-09-05T06:53:17+10:00,2286919,2459_426,-33.89106369018555,151.18853759765625,41.0,42.1,31,0.52,True
2026-09-05T06:53:17+10:00,2287025,2459_438X,-33.888267517089844,151.1637725830078,265.0,49.7,83,1.38,True
2026-09-05T06:53:17+10:00,2349581,2459_418,-33.89955139160156,151.12734985351562,187.0,28.4,208,3.47,True
2026-09-05T06:53:17+10:00,2475858,2459_530,-33.87043762207031,151.1221923828125,10.0,28.8,73,1.22,True
2026-09-05T06:53:17+10:00,2289098,2459_438X,-33.87773513793945,151.20932006835938,4.0,28.4,74,1.23,True
2026-09-05T06:53:17+10:00,1959168,2459_445,-33.87175369262695,151.15882873535156,255.0,34.6,76,1.27,True
2026-09-05T06:53:17+10:00,2286966,2459_470,-33.87743377685547,151.2093963623047,6.0,0.0,-277,-4.62,False
2026-09-05T06:53:17+10:00,2290769,2459_428,-33.8988151550293,151.1741943359375,263.0,40.7,93,1.55,True
2026-09-05T06:53:17+10:00,2289822,2459_440,-33.89091110229492,151.24871826171875,94.0,0.0,0,0.0,True
2026-09-05T06:53:17+10:00,2284704,2459_433,-33.88435363769531,151.19876098632812,267.0,0.0,-53,-0.88,True
2026-09-05T06:53:17+10:00,2289091,2459_418,-33.90461349487305,151.1436309814453,318.0,25.6,93,1.55,True
2026-09-05T06:53:17+10:00,2284045,2459_437,-33.87443161010742,151.16419982910156,266.0,35.6,-19,-0.32,True
2026-09-05T06:53:17+10:00,2554320,2459_358,-33.917999267578125,151.23606872558594,191.0,17.3,18,0.3,True
2026-09-05T06:53:17+10:00,2286668,2459_440,-33.883056640625,151.15689086914062,354.0,32.0,-329,-5.48,False
2026-09-05T06:53:17+10:00,1904140,2459_461X,-33.86979675292969,151.113525390625,105.0,33.5,-37,-0.62,True
2026-09-05T06:53:17+10:00,2287908,2459_470,-33.87471389770508,151.1613006591797,250.0,17.3,39,0.65,True
2026-09-05T06:53:17+10:00,2596656,2459_491,-33.88705062866211,151.12442016601562,211.0,34.2,81,1.35,True
2026-09-05T06:53:17+10:00,2588770,7016_7AT4,-33.92498016357422,151.16061401367188,223.0,0.0,-273,-4.55,False
2026-09-05T06:53:17+10:00,1912566,2459_483,-33.88440704345703,151.19407653808594,85.0,40.0,207,3.45,True
2026-09-05T06:53:17+10:00,2588644,7016_7AT4,-33.906272888183594,151.19180297851562,217.0,37.1,96,1.6,True
2026-09-05T06:53:17+10:00,2286248,2459_418,-33.87751007080078,151.10362243652344,13.0,0.0,280,4.67,True
2026-09-05T06:53:17+10:00,2287885,2459_426,-33.87445068359375,151.2097625732422,187.0,1.8,86,1.43,True
2026-09-05T06:53:17+10:00,2289361,2459_428,-33.866825103759766,151.210693359375,186.0,0.0,0,0.0,True
2026-09-05T06:53:17+10:00,2554096,2459_358,-33.91645812988281,151.16647338867188,319.0,23.0,-267,-4.45,False
2026-09-05T06:53:17+10:00,2219908,2459_412,-33.88129425048828,151.20620727539062,229.0,0.0,82,1.37,True
2026-09-05T06:53:17+10:00,2287656,2459_442,-33.87240982055664,151.20648193359375,178.0,7.2,206,3.43,True
2026-09-05T06:53:17+10:00,1933857,2459_412,-33.8946533203125,151.1515350341797,83.0,17.3,119,1.98,True
2026-09-05T06:53:17+10:00,1904377,2459_461X,-33.87177276611328,151.2159423828125,57.0,0.0,75,1.25,True
2026-09-05T06:53:17+10:00,2287170,2459_428,-33.904659271240234,151.13888549804688,65.0,33.1,97,1.62,True
2026-09-05T06:53:17+10:00,1905237,2459_461X,-33.86984634399414,151.1127471923828,280.0,45.7,-103,-1.72,False
2026-09-05T06:53:17+10:00,2287819,2459_431,-33.87196731567383,151.18002319335938,198.0,0.0,0,0.0,True
2026-09-05T06:53:17+10:00,2284358,2459_423,-33.893524169921875,151.18344116210938,45.0,0.0,264,4.4,True
2026-09-05T06:53:17+10:00,2596543,2459_492,-33.87551498413086,151.1192626953125,279.0,34.6,80,1.33,True
2026-09-05T06:53:17+10:00,2308820,2459_445,-33.90567398071289,151.13619995117188,79.0,36.4,447,7.45,False
2026-09-05T06:53:17+10:00,2037778,2459_440,-33.88398742675781,151.15716552734375,174.0,17.6,-255,-4.25,False
2026-09-05T06:53:17+10:00,2596548,2459_491,-33.899009704589844,151.12054443359375,20.0,28.1,-46,-0.77,True
2026-09-05T06:53:17+10:00,2284596,2459_423,-33.91859817504883,151.14610290527344,53.0,0.0,-37,-0.62,True
2026-09-05T06:53:17+10:00,2289466,2459_438X,-33.88115692138672,151.13941955566406,147.0,8.3,77,1.28,True
2026-09-05T06:53:17+10:00,2686060,2459_423,-33.898773193359375,151.17417907714844,263.0,41.8,-25,-0.42,True
2026-09-05T06:53:17+10:00,2636758,2459_504,-33.86945724487305,151.18692016601562,107.0,57.6,250,4.17,True
2026-09-05T06:53:17+10:00,2283695,2459_303,-33.91995620727539,151.23052978515625,100.0,34.2,47,0.78,True
2026-09-05T06:53:17+10:00,2596553,2459_492,-33.88682174682617,151.11318969726562,313.0,19.1,14,0.23,True
2026-09-05T06:53:17+10:00,2377664,2508_100,-33.83185577392578,151.24440002441406,188.0,21.2,102,1.7,True
2026-09-05T06:53:17+10:00,2389382,2508_173X,-33.8280029296875,151.23060607910156,237.0,25.6,189,3.15,True
2026-09-05T06:53:17+10:00,2375217,2508_100,-33.82923889160156,151.2440185546875,2.0,0.4,133,2.22,True
2026-09-05T06:53:17+10:00,2415981,2508_B1,-33.80691909790039,151.24667358398438,347.0,33.5,196,3.27,True
2026-09-05T06:53:17+10:00,2374984,2508_144,-33.80891036987305,151.17852783203125,204.0,41.0,100,1.67,True
2026-09-05T06:53:17+10:00,2375653,2508_144,-33.83124923706055,151.2217254638672,113.0,0.0,24,0.4,True
2026-09-05T06:53:17+10:00,2714005,2508_144,-33.79999923706055,151.17926025390625,339.0,29.5,-164,-2.73,False
2026-09-05T06:53:17+10:00,2087826,2508_160X,-33.78691864013672,151.1814422607422,340.0,0.0,71,1.18,True
2026-09-05T06:53:17+10:00,2589887,2508_280,-33.785667419433594,151.1846160888672,70.0,49.0,265,4.42,True
2026-09-05T06:53:17+10:00,2415891,2508_B1,-33.86636734008789,151.20632934570312,6.0,0.0,0,0.0,True
2026-09-05T06:53:17+10:00,2415892,2508_B1,-33.8310432434082,151.2213592529297,114.0,27.0,14,0.23,True
2026-09-05T06:53:17+10:00,1973705,2508_162,-33.80908966064453,151.25936889648438,187.0,29.5,-43,-0.72,True
2026-09-05T06:53:17+10:00,2713924,2508_144,-33.799373626708984,151.25039672851562,248.0,40.3,440,7.33,False
2026-09-05T06:53:17+10:00,2415929,2508_B1,-33.866024017333984,151.20635986328125,8.0,0.0,0,0.0,True
2026-09-05T06:53:17+10:00,2713946,2508_114,-33.829856872558594,151.2154083251953,277.0,11.9,278,4.63,True
2026-09-05T06:53:17+10:00,2420900,2508_225,-33.831722259521484,151.22958374023438,2.0,18.7,79,1.32,True
2026-09-05T06:53:17+10:00,2376520,2508_144,-33.796165466308594,151.25257873535156,55.0,0.0,84,1.4,True
2026-09-05T06:53:17+10:00,2374166,2508_B1,-33.82448959350586,151.24111938476562,220.0,0.0,20,0.33,True
2026-09-05T06:53:17+10:00,2375793,2508_100,-33.86687469482422,151.20506286621094,358.0,0.0,-113,-1.88,False
2026-09-05T06:53:17+10:00,2393118,2508_114,-33.828678131103516,151.2478790283203,39.0,29.2,140,2.33,True
2026-09-05T06:53:17+10:00,2139886,2509_396,-33.86209487915039,151.2121124267578,186.0,27.0,135,2.25,True
2026-09-05T06:53:17+10:00,2534496,2509_380,-33.89451599121094,151.267822265625,279.0,0.0,194,3.23,True
2026-09-05T06:53:17+10:00,2488450,2509_392,-33.89261245727539,151.1992645263672,25.0,0.0,0,0.0,True
2026-09-05T06:53:17+10:00,2552042,2509_379,-33.9039306640625,151.25477600097656,212.0,33.5,-49,-0.82,True
2026-09-05T06:53:17+10:00,2356195,2509_311,-33.87382507324219,151.2164306640625,195.0,19.1,-18,-0.3,True
2026-09-05T06:53:17+10:00,2357715,2509_311,-33.91445541381836,151.2664794921875,130.0,0.0,0,0.0,True
2026-09-05T06:53:17+10:00,2674991,2509_309,-33.89371109008789,151.19863891601562,21.0,0.0,0,0.0,True
2026-09-05T06:53:17+10:00,2679351,2509_370,-33.877037048339844,151.18492126464844,143.0,10.1,10,0.17,True
2026-09-05T06:53:17+10:00,2300938,2509_399,-33.92493438720703,151.2288818359375,308.0,0.0,-67,-1.12,False
2026-09-05T06:53:17+10:00,2533772,2509_352,-33.88908767700195,151.190673828125,237.0,22.7,-86,-1.43,False
2026-09-05T06:53:17+10:00,2552025,2509_379,-33.89116287231445,151.24905395507812,279.0,0.0,0,0.0,True
2026-09-05T06:53:17+10:00,2356191,2509_343,-33.863582611083984,151.21185302734375,183.0,21.2,133,2.22,True
2026-09-05T06:53:17+10:00,2494830,2509_374,-33.89271926879883,151.21795654296875,306.0,35.3,122,2.03,True
2026-09-05T06:53:17+10:00,2609891,2509_333,-33.89121627807617,151.2530059814453,74.0,0.0,267,4.45,True
2026-09-05T06:53:17+10:00,2552020,2509_379,-33.88478088378906,151.2760772705078,189.0,14.8,-17,-0.28,True
2026-09-05T06:53:17+10:00,2679340,2509_370,-33.9022216796875,151.19801330566406,72.0,0.0,4,0.07,True
2026-09-05T06:53:17+10:00,2609697,2509_333,-33.89010238647461,151.2345733642578,296.0,56.5,-38,-0.63,True
2026-09-05T06:53:17+10:00,2531380,2509_324,-33.879493713378906,151.23597717285156,6.0,0.0,0,0.0,True
2026-09-05T06:53:17+10:00,2534494,2509_350,-33.904296875,151.2543487548828,221.0,0.0,-35,-0.58,True
2026-09-05T06:53:17+10:00,2531941,2509_350,-33.94028854370117,151.22830200195312,21.0,0.0,626,10.43,False
2026-09-05T06:53:17+10:00,2137732,2509_375,-33.95033645629883,151.23162841796875,176.0,0.0,69,1.15,True
2026-09-05T06:53:17+10:00,2403020,2509_311,-33.8790283203125,151.20919799804688,186.0,24.8,-270,-4.5,False
2026-09-05T06:53:17+10:00,2356708,2509_373,-33.88468933105469,151.21792602539062,337.0,40.0,183,3.05,True
2026-09-05T06:53:17+10:00,2403085,2509_311,-33.87176513671875,151.2064208984375,176.0,22.7,-180,-3.0,False
2026-09-05T06:53:17+10:00,2609905,2509_333,-33.873104095458984,151.20993041992188,191.0,6.5,38,0.63,True
2026-09-05T06:53:17+10:00,2357585,2509_370,-33.90765380859375,151.20269775390625,3.0,35.6,13,0.22,True
2026-09-05T06:53:17+10:00,2357688,2509_373,-33.921173095703125,151.24696350097656,323.0,33.1,-6,-0.1,True
2026-09-05T06:53:17+10:00,2532495,2509_380,-33.87935256958008,151.28012084960938,276.0,0.0,378,6.3,False
2026-09-05T06:53:17+10:00,2140783,2509_396,-33.927833557128906,151.23309326171875,133.0,0.0,-37,-0.62,True
2026-09-05T06:53:17+10:00,2140987,2509_396,-33.947837829589844,151.25494384765625,44.0,1.1,0,0.0,True
2026-09-05T06:53:17+10:00,2564363,2509_379,-33.90064239501953,151.25367736816406,335.0,0.0,154,2.57,True
2026-09-05T06:53:17+10:00,2434738,2509_390X,-33.891136169433594,151.24880981445312,277.0,0.0,4,0.07,True
2026-09-05T06:53:17+10:00,2488441,2509_392,-33.90357208251953,151.21153259277344,101.0,31.7,264,4.4,True
2026-09-05T06:53:17+10:00,2470822,2509_356,-33.93208312988281,151.253662109375,9.0,19.8,189,3.15,True
2026-09-05T06:53:17+10:00,2357193,2509_370,-33.88193893432617,151.18936157226562,311.0,26.6,-98,-1.63,False
2026-09-05T06:53:17+10:00,2531258,2509_350,-33.92770767211914,151.19517517089844,190.0,7.9,10,0.17,True
2026-09-05T06:53:17+10:00,2356434,2509_343,-33.910587310791016,151.20614624023438,161.0,33.5,265,4.42,True
2026-09-05T06:53:17+10:00,2494816,2509_343,-33.88050842285156,151.20887756347656,12.0,23.4,-53,-0.88,True
2026-09-05T06:53:17+10:00,2352261,2509_307,-33.943504333496094,151.2108612060547,51.0,39.2,-100,-1.67,False
2026-09-05T06:53:17+10:00,2610076,2509_333,-33.88115310668945,151.21820068359375,302.0,31.3,362,6.03,False
2026-09-05T06:53:17+10:00,2140041,2509_396,-33.94209289550781,151.24200439453125,274.0,1.1,133,2.22,True
2026-09-05T06:53:17+10:00,2532368,2509_325,-33.85126876831055,151.27613830566406,145.0,36.4,-114,-1.9,False
2026-09-05T06:53:17+10:00,2494792,2509_343,-33.925132751464844,151.2271728515625,265.0,14.8,135,2.25,True
2026-09-05T06:53:17+10:00,2398268,2509_392,-33.92533874511719,151.22817993164062,330.0,2.2,-103,-1.72,False
2026-09-05T06:53:17+10:00,2532686,2509_386,-33.86709213256836,151.27198791503906,181.0,35.6,128,2.13,True
2026-09-05T06:53:17+10:00,2534338,2509_324,-33.855995178222656,151.2069854736328,226.0,0.0,0,0.0,True
2026-09-05T06:53:17+10:00,2352487,2509_307,-33.93948745727539,151.22422790527344,279.0,51.8,23,0.38,True
2026-09-05T06:53:17+10:00,2699529,7054_1T3,-33.89301681518555,151.183349609375,161.0,28.4,-182,-3.03,False
2026-09-05T06:53:17+10:00,2335674,2509_309,-33.95088577270508,151.1979522705078,308.0,42.8,65,1.08,True
2026-09-05T06:53:17+10:00,2357559,2509_373,-33.91677474975586,151.2411346435547,161.0,0.0,-128,-2.13,False
2026-09-05T06:53:17+10:00,2675072,2509_309,-33.91963577270508,151.1983642578125,218.0,42.8,188,3.13,True
2026-09-05T06:53:17+10:00,2609903,2509_333,-33.88911437988281,151.2768096923828,260.0,0.0,308,5.13,False
2026-09-05T06:53:17+10:00,2356787,2509_311,-33.877750396728516,151.2093505859375,187.0,0.0,50,0.83,True
2026-09-05T06:53:17+10:00,2533644,2509_313,-33.922183990478516,151.2519073486328,281.0,12.2,77,1.28,True
2026-09-05T06:53:17+10:00,2357011,2509_339,-33.885162353515625,151.21429443359375,278.0,0.0,-47,-0.78,True
2026-09-05T06:53:17+10:00,2628810,2509_304,-33.90748977661133,151.2056884765625,294.0,45.0,-168,-2.8,False
2026-09-05T06:53:17+10:00,2472618,7054_1T3,-33.89692306518555,151.18035888671875,290.0,15.5,113,1.88,True
2026-09-05T06:53:17+10:00,2488501,2509_392,-33.939945220947266,151.22860717773438,202.0,0.0,681,11.35,False
2026-09-05T06:53:17+10:00,2136762,2509_306,-33.8942756652832,151.1984405517578,20.0,0.0,0,0.0,True
2026-09-05T06:53:17+10:00,2628793,2509_304,-33.863338470458984,151.21115112304688,145.0,15.1,31,0.52,True
2026-09-05T06:53:17+10:00,2532574,2509_350,-33.94146728515625,151.23838806152344,276.0,35.3,-56,-0.93,True
2026-09-05T06:53:17+10:00,2399594,2509_390X,-33.91495895385742,151.2273712158203,99.0,27.7,-81,-1.35,False
2026-09-05T06:53:17+10:00,2136950,2509_396,-33.8790397644043,151.2149200439453,313.0,39.2,19,0.32,True
2026-09-05T06:53:17+10:00,2699444,7054_1T3,-33.915340423583984,151.16578674316406,62.0,10.1,0,0.0,True
2026-09-05T06:53:17+10:00,2564512,2509_387,-33.86516189575195,151.27821350097656,15.0,38.2,79,1.32,True
2026-09-05T06:53:17+10:00,2531860,2509_352,-33.88923645019531,151.20274353027344,100.0,15.5,-34,-0.57,True
2026-09-05T06:53:17+10:00,2434655,2509_390X,-33.94062423706055,151.2393798828125,169.0,0.0,273,4.55,True
2026-09-05T06:53:17+10:00,2138054,2509_306,-33.92963409423828,151.194580078125,310.0,16.9,197,3.28,True
2026-09-05T06:53:17+10:00,2532683,2509_350,-33.928504943847656,151.18731689453125,192.0,37.1,-166,-2.77,False
2026-09-05T06:53:17+10:00,2533589,2509_324,-33.87877655029297,151.23959350585938,245.0,46.8,37,0.62,True
2026-09-05T06:53:17+10:00,2180165,7054_13T4,-33.93999099731445,151.14703369140625,44.0,46.8,2685,44.75,False
2026-09-05T06:53:17+10:00,2610166,2509_333,-33.89033508300781,151.2425079345703,110.0,27.0,-89,-1.48,False
2026-09-05T06:53:17+10:00,2472437,7054_1T3,-33.89341354370117,151.19886779785156,21.0,0.0,-125,-2.08,False
2026-09-05T06:53:17+10:00,2628587,2509_304,-33.86540985107422,151.21141052246094,24.0,22.0,-399,-6.65,False
2026-09-05T06:53:17+10:00,2434753,2509_390X,-33.908538818359375,151.24667358398438,261.0,41.4,181,3.02,True
2026-09-05T06:53:17+10:00,2398232,2509_392,-33.89687728881836,151.2064971923828,190.0,0.0,115,1.92,True
2026-09-05T06:53:17+10:00,2357615,2509_374,-33.90707015991211,151.23260498046875,122.0,34.6,18,0.3,True
2026-09-05T06:53:17+10:00,2679345,2509_370,-33.91809844970703,151.24253845214844,98.0,0.0,85,1.42,True
2026-09-05T06:53:17+10:00,2140901,2509_375,-33.92229080200195,151.24351501464844,157.0,38.2,146,2.43,True
2026-09-05T06:53:17+10:00,2591133,7066_28T4,-33.938968658447266,151.14794921875,212.0,0.0,419,6.98,False
2026-09-05T06:53:17+10:00,2591248,7066_28T4,-33.8929443359375,151.2074432373047,189.0,42.1,376,6.27,False
2026-09-05T06:53:17+10:00,2530301,7084_SW2,-33.90486145019531,151.12890625,274.0,19.1,21,0.35,True
2026-09-05T06:53:17+10:00,2572388,7084_SW2,-33.905033111572266,151.13211059570312,93.0,44.6,87,1.45,True
2026-09-05T06:53:17+10:00,2530430,7084_SW2,-33.91401672363281,151.16648864746094,232.0,9.4,0,0.0,True
2026-09-05T06:53:17+10:00,2717325,700015_3AT4,-33.888797760009766,151.21771240234375,190.0,58.0,177,2.95,True
2026-09-05T06:53:17+10:00,2717524,700015_3AT4,-33.89250946044922,151.21661376953125,9.0,0.0,2211,36.85,False
2026-09-05T06:53:17+10:00,2717612,700015_3AT4,-33.93926239013672,151.1453094482422,265.0,46.4,-204,-3.4,False
2026-09-05T06:53:17+10:00,2717361,700015_3AT4,-33.90004348754883,151.21539306640625,192.0,52.2,344,5.73,False
2026-09-05T06:53:17+10:00,2717337,700015_3AT4,-33.93943405151367,151.15049743652344,97.0,36.0,-86,-1.43,False
2026-09-05T06:53:17+10:00,2724761,700002_49SC,-33.93594741821289,151.2039794921875,275.0,83.2,-21,-0.35,True
2026-09-05T06:53:17+10:00,2722408,700012_36SC,-33.88410186767578,151.20823669433594,229.0,0.0,-528,-8.8,False
2026-09-05T08:46:48+10:00,2703804,2507_120,-33.86650848388672,151.20578002929688,174.0,34.2,205,3.42,True
2026-09-05T08:46:48+10:00,2620935,2507_288,-33.86514663696289,151.2040557861328,284.0,25.9,798,13.3,False
2026-09-05T08:46:48+10:00,2604368,2514_271,-33.87043380737305,151.20545959472656,355.0,0.0,105,1.75,True
2026-09-05T08:46:48+10:00,2620981,2507_252,-33.81495666503906,151.15309143066406,245.0,38.9,220,3.67,True
2026-09-05T08:46:48+10:00,2667978,7057_26T4,-33.88283157348633,151.2081756591797,122.0,8.3,-810,-13.5,False
2026-09-05T08:46:48+10:00,2702511,2507_501,-33.86360168457031,151.16940307617188,307.0,40.0,-7,-0.12,True
2026-09-05T08:46:48+10:00,2517289,2514_281,-33.796417236328125,151.18136596679688,4.0,0.0,0,0.0,True
2026-09-05T08:46:48+10:00,2644836,2507_52,-33.838706970214844,151.1422882080078,79.0,55.4,244,4.07,True
2026-09-05T08:46:48+10:00,2703690,2507_120,-33.82352828979492,151.20774841308594,115.0,68.8,152,2.53,True
2026-09-05T08:46:48+10:00,2703786,2507_115,-33.86336135864258,151.21194458007812,266.0,14.8,1,0.02,True
2026-09-05T08:46:48+10:00,2703766,2507_115,-33.82429122924805,151.2008819580078,182.0,21.2,463,7.72,False
2026-09-05T08:46:48+10:00,2542129,2504_607X,-33.841697692871094,151.21095275878906,170.0,63.4,-318,-5.3,False
2026-09-05T08:46:48+10:00,2638064,2504_607X,-33.87114334106445,151.20553588867188,355.0,6.1,16,0.27,True
2026-09-05T08:46:48+10:00,2538536,2507_533,-33.80424880981445,151.15341186523438,280.0,37.8,-132,-2.2,False
2026-09-05T08:46:48+10:00,2703743,2507_120,-33.79383087158203,151.19606018066406,339.0,0.0,-96,-1.6,False
2026-09-05T08:46:48+10:00,2441988,2507_207,-33.84091567993164,151.2071990966797,277.0,0.0,-16,-0.27,True
2026-09-05T08:46:48+10:00,2604180,2514_271,-33.846153259277344,151.21234130859375,165.0,56.2,-57,-0.95,True
2026-09-05T08:46:48+10:00,2541776,2504_610X,-33.864418029785156,151.20553588867188,177.0,41.8,-144,-2.4,False
2026-09-05T08:46:48+10:00,2703703,2507_120,-33.79342269897461,151.1959991455078,157.0,35.3,115,1.92,True
2026-09-05T08:46:48+10:00,2491802,2514_194,-33.865665435791016,151.2056884765625,176.0,23.4,-471,-7.85,False
2026-09-05T08:46:48+10:00,2558749,7083_SW1,-33.9070930480957,151.1284637451172,109.0,12.2,713,11.88,False
2026-09-05T08:46:48+10:00,2644287,2507_52,-33.87346267700195,151.21095275878906,285.0,0.0,0,0.0,True
2026-09-05T08:46:48+10:00,2322602,2507_506,-33.8621940612793,151.1669921875,291.0,0.0,6,0.1,True
2026-09-05T08:46:48+10:00,2558782,7083_SW1,-33.909969329833984,151.13475036621094,60.0,9.0,189,3.15,True
2026-09-05T08:46:48+10:00,2229630,2507_254,-33.81989669799805,151.15711975097656,59.0,32.0,114,1.9,True
2026-09-05T08:46:48+10:00,2682985,7083_SW1,-33.91707229614258,151.1446533203125,264.0,19.4,205,3.42,True
2026-09-05T08:46:48+10:00,2407729,2507_252,-33.83400344848633,151.20486450195312,169.0,10.4,-48,-0.8,True
2026-09-05T08:46:48+10:00,2258570,2507_516,-33.7957878112793,151.17733764648438,111.0,16.6,-306,-5.1,False
2026-09-05T08:46:48+10:00,2682935,7083_SW1,-33.91410446166992,151.1663818359375,231.0,0.0,-73,-1.22,False
2026-09-05T08:46:48+10:00,2228412,2507_261,-33.81838607788086,151.17018127441406,1.0,30.6,-249,-4.15,False
2026-09-05T08:46:48+10:00,2703748,2507_115,-33.803375244140625,151.19918823242188,279.0,29.2,117,1.95,True
2026-09-05T08:46:48+10:00,2407903,2507_265,-33.83640670776367,151.19879150390625,219.0,18.0,293,4.88,True
2026-09-05T08:46:48+10:00,2702220,2507_501,-33.83067321777344,151.126708984375,356.0,0.0,259,4.32,True
2026-09-05T08:46:48+10:00,2703807,2507_120,-33.7963981628418,151.1812744140625,4.0,0.0,1,0.02,True
2026-09-05T08:46:48+10:00,2492033,2514_565,-33.78666687011719,151.17864990234375,160.0,0.0,154,2.57,True
2026-09-05T08:46:48+10:00,2230588,2507_292,-33.80641174316406,151.16647338867188,194.0,20.5,318,5.3,False
2026-09-05T08:46:48+10:00,2537923,2507_506,-33.868106842041016,151.1814422607422,108.0,63.0,99,1.65,True
2026-09-05T08:46:48+10:00,2517260,2514_270,-33.8023567199707,151.20867919921875,89.0,45.4,68,1.13,True
2026-09-05T08:46:48+10:00,2643178,2507_52,-33.825618743896484,151.12599182128906,350.0,43.2,381,6.35,False
2026-09-05T08:46:48+10:00,2280015,7083_SW3,-33.91256332397461,151.11859130859375,230.0,24.5,117,1.95,True
2026-09-05T08:46:48+10:00,2702459,2507_501,-33.88032150268555,151.20681762695312,11.0,0.0,0,0.0,True
2026-09-05T08:46:48+10:00,2228338,2507_292,-33.81074142456055,151.1638946533203,285.0,0.0,204,3.4,True
2026-09-05T08:46:48+10:00,2543302,2504_610X,-33.83904266357422,151.21041870117188,7.0,64.1,26,0.43,True
2026-09-05T08:46:48+10:00,2557188,2507_291,-33.813026428222656,151.17579650878906,331.0,0.0,-109,-1.82,False
2026-09-05T08:46:48+10:00,2703657,2507_267,-33.803253173828125,151.1979217529297,99.0,0.0,-73,-1.22,False
2026-09-05T08:46:48+10:00,2558660,7083_SW1,-33.91144943237305,151.1201629638672,51.0,39.2,14,0.23,True
2026-09-05T08:46:48+10:00,2644906,2507_207,-33.786468505859375,151.2014923095703,160.0,45.4,-10,-0.17,True
2026-09-05T08:46:48+10:00,2702359,2507_501,-33.88121032714844,151.206298828125,203.0,0.0,105,1.75,True
2026-09-05T08:46:48+10:00,2667938,7057_26T4,-33.93632507324219,151.19964599609375,253.0,78.1,-608,-10.13,False
2026-09-05T08:46:48+10:00,2588067,7057_26T4,-33.89183044433594,151.21514892578125,284.0,9.0,-469,-7.82,False
2026-09-05T08:46:48+10:00,2345812,2514_194,-33.804412841796875,151.2095184326172,40.0,44.3,101,1.68,True
2026-09-05T08:46:48+10:00,2703676,2507_120,-33.81747817993164,151.20144653320312,328.0,3.6,55,0.92,True
2026-09-05T08:46:48+10:00,2667929,7057_26T4,-33.879756927490234,151.20828247070312,186.0,0.0,0,0.0,True
2026-09-05T08:46:48+10:00,2644744,2507_52,-33.86909866333008,151.18563842773438,107.0,60.8,112,1.87,True
2026-09-05T08:46:48+10:00,2309940,7083_SW3,-33.9048957824707,151.13002014160156,93.0,39.6,159,2.65,True
2026-09-05T08:46:48+10:00,2701873,700011_27T4,-33.882450103759766,151.20770263671875,124.0,8.6,57,0.95,True
2026-09-05T08:46:48+10:00,2280896,7083_SW3,-33.91502380371094,151.1642303466797,308.0,33.8,11,0.18,True
2026-09-05T08:46:48+10:00,2620908,2507_288,-33.83220291137695,151.21307373046875,212.0,68.0,-100,-1.67,False
2026-09-05T08:46:48+10:00,2644536,2507_52,-33.86625289916992,151.17405700683594,294.0,46.1,21,0.35,True
2026-09-05T08:46:48+10:00,2703718,2507_115,-33.791099548339844,151.18104553222656,360.0,35.3,224,3.73,True
2026-09-05T08:46:48+10:00,2537713,2507_506,-33.8080940246582,151.12965393066406,236.0,0.0,116,1.93,True
2026-09-05T08:46:48+10:00,1964148,2459_445,-33.880435943603516,151.15219116210938,261.0,19.1,233,3.88,True
2026-09-05T08:46:48+10:00,2475889,2459_530,-33.813819885253906,151.1598663330078,60.0,0.7,53,0.88,True
2026-09-05T08:46:48+10:00,2287982,2459_428,-33.8842887878418,151.2005615234375,266.0,44.6,139,2.32,True
2026-09-05T08:46:48+10:00,2475881,2459_530,-33.8752326965332,151.10411071777344,15.0,10.1,162,2.7,True
2026-09-05T08:46:48+10:00,2636624,2459_415,-33.87077713012695,151.12210083007812,186.0,29.9,-75,-1.25,False
2026-09-05T08:46:48+10:00,2340907,2459_308,-33.89269256591797,151.20362854003906,90.0,17.6,-114,-1.9,False
2026-09-05T08:46:48+10:00,2686091,2459_423,-33.866207122802734,151.21014404296875,122.0,17.3,14,0.23,True
2026-09-05T08:46:48+10:00,2283630,2459_438X,-33.86716842651367,151.12998962402344,191.0,29.2,-88,-1.47,False
2026-09-05T08:46:48+10:00,2286287,2459_428,-33.91169738769531,151.1186981201172,320.0,0.0,24,0.4,True
2026-09-05T08:46:48+10:00,2288640,2459_438X,-33.86503982543945,151.20977783203125,227.0,0.0,46,0.77,True
2026-09-05T08:46:48+10:00,2288080,2459_426,-33.88325500488281,151.20352172851562,46.0,16.2,-161,-2.68,False
2026-09-05T08:46:48+10:00,2220694,2459_487,-33.91354751586914,151.11585998535156,252.0,44.6,19,0.32,True
2026-09-05T08:46:48+10:00,2219847,2459_412,-33.88460922241211,151.1937713623047,263.0,0.4,126,2.1,True
2026-09-05T08:46:48+10:00,2285228,2459_433,-33.86576843261719,151.1726837158203,134.0,38.2,96,1.6,True
2026-09-05T08:46:48+10:00,2290394,2459_389,-33.89130783081055,151.24801635742188,97.0,2.2,21,0.35,True
2026-09-05T08:46:48+10:00,2211600,2459_464,-33.86046600341797,151.10379028320312,355.0,22.3,280,4.67,True
2026-09-05T08:46:48+10:00,2211083,2459_466,-33.87129211425781,151.10501098632812,9.0,36.7,48,0.8,True
2026-09-05T08:46:48+10:00,2596509,2459_490,-33.875144958496094,151.10409545898438,11.0,27.0,347,5.78,False
2026-09-05T08:46:48+10:00,1904506,2459_461X,-33.87386703491211,151.2154541015625,190.0,0.0,-94,-1.57,False
2026-09-05T08:46:48+10:00,2038463,2459_440,-33.86800003051758,151.1757354736328,340.0,0.0,20,0.33,True
2026-09-05T08:46:48+10:00,2554347,2459_358,-33.91673278808594,151.17591857910156,143.0,64.4,127,2.12,True
2026-09-05T08:46:48+10:00,2289681,2459_440,-33.88059997558594,151.1566162109375,354.0,37.4,38,0.63,True
2026-09-05T08:46:48+10:00,1911885,2459_483,-33.88856506347656,151.11813354492188,92.0,0.0,334,5.57,False
2026-09-05T08:46:48+10:00,2288485,2459_470,-33.884586334228516,151.19195556640625,81.0,0.0,157,2.62,True
2026-09-05T08:46:48+10:00,2289778,2459_418,-33.88019943237305,151.10304260253906,8.0,29.5,10,0.17,True
2026-09-05T08:46:48+10:00,2588804,7016_7AT4,-33.916351318359375,151.16661071777344,230.0,0.0,73,1.22,True
2026-09-05T08:46:48+10:00,2686079,2459_423,-33.9115104675293,151.1608428955078,213.0,38.9,177,2.95,True
2026-09-05T08:46:48+10:00,2210859,2459_464,-33.88796615600586,151.12615966796875,114.0,0.0,0,0.0,True
2026-09-05T08:46:48+10:00,2288771,2459_442,-33.857025146484375,151.1798553466797,300.0,7.9,-46,-0.77,True
2026-09-05T08:46:48+10:00,2289180,2459_437,-33.88419723510742,151.14500427246094,92.0,24.8,114,1.9,True
2026-09-05T08:46:48+10:00,1904620,2459_461X,-33.87714385986328,151.2094268798828,8.0,13.0,-209,-3.48,False
2026-09-05T08:46:48+10:00,2284026,2459_438X,-33.88620376586914,151.17898559570312,78.0,20.9,-21,-0.35,True
2026-09-05T08:46:48+10:00,2287377,2459_303,-33.92484664916992,151.2180938720703,100.0,32.4,102,1.7,True
2026-09-05T08:46:48+10:00,1906372,2459_461X,-33.877071380615234,151.10365295410156,189.0,0.0,-70,-1.17,False
2026-09-05T08:46:48+10:00,1960584,2459_445,-33.90324783325195,151.1427001953125,242.0,0.0,492,8.2,False
2026-09-05T08:46:48+10:00,2285260,2459_470,-33.8653678894043,151.20938110351562,223.0,0.0,0,0.0,True
2026-09-05T08:46:48+10:00,2285399,2459_438X,-33.87021255493164,151.13095092773438,306.0,6.5,-84,-1.4,False
2026-09-05T08:46:48+10:00,2668183,2459_420,-33.924468994140625,151.18841552734375,260.0,0.0,44,0.73,True
2026-09-05T08:46:48+10:00,2596661,2459_491,-33.88393783569336,151.12042236328125,213.0,0.0,359,5.98,False
2026-09-05T08:46:48+10:00,2284345,2459_438X,-33.84492111206055,151.12847900390625,2.0,0.0,84,1.4,True
2026-09-05T08:46:48+10:00,2288697,2459_431,-33.88145446777344,151.20603942871094,224.0,0.0,37,0.62,True
2026-09-05T08:46:48+10:00,2285251,2459_389,-33.87922286987305,151.22048950195312,281.0,24.5,433,7.22,False
2026-09-05T08:46:48+10:00,2609053,2459_430,-33.8998908996582,151.1707000732422,24.0,0.0,49,0.82,True
2026-09-05T08:46:48+10:00,2340675,2459_308,-33.90663146972656,151.174072265625,157.0,40.7,-306,-5.1,False
2026-09-05T08:46:48+10:00,2609041,2459_430,-33.915382385253906,151.16554260253906,58.0,0.0,104,1.73,True
2026-09-05T08:46:48+10:00,2210937,2459_464,-33.8884391784668,151.12440490722656,311.0,30.6,-14,-0.23,True
2026-09-05T08:46:48+10:00,2668326,2459_420,-33.883094787597656,151.10260009765625,191.0,31.3,39,0.65,True
2026-09-05T08:46:48+10:00,2289587,2459_433,-33.884483337402344,151.1939697265625,263.0,42.5,70,1.17,True
2026-09-05T08:46:48+10:00,1960143,2459_413,-33.88423538208008,151.19601440429688,86.0,0.0,18,0.3,True
2026-09-05T08:46:48+10:00,2554351,2459_358,-33.925045013427734,151.2347412109375,101.0,46.8,101,1.68,True
2026-09-05T08:46:48+10:00,1906373,2459_461X,-33.88504409790039,151.18531799316406,258.0,28.1,378,6.3,False
2026-09-05T08:46:48+10:00,2287414,2459_348,-33.909934997558594,151.22283935546875,99.0,12.6,197,3.28,True
2026-09-05T08:46:48+10:00,2285316,2459_422,-33.88444900512695,151.19309997558594,79.0,37.4,555,9.25,False
2026-09-05T08:46:48+10:00,2308934,2459_445,-33.879432678222656,151.1565399169922,353.0,39.6,292,4.87,True
2026-09-05T08:46:48+10:00,2596655,2459_491,-33.9210090637207,151.1232452392578,10.0,36.0,48,0.8,True
2026-09-05T08:46:48+10:00,2287892,2459_438X,-33.883155822753906,151.20382690429688,223.0,35.6,103,1.72,True
2026-09-05T08:46:48+10:00,2620097,2459_530,-33.87075424194336,151.1167449951172,281.0,44.6,-246,-4.1,False
2026-09-05T08:46:48+10:00,2287208,2459_423,-33.89872360229492,151.17445373535156,81.0,0.0,378,6.3,False
2026-09-05T08:46:48+10:00,2210830,2459_413,-33.895240783691406,151.13232421875,183.0,22.7,-31,-0.52,True
2026-09-05T08:46:48+10:00,2037307,2459_440,-33.88740539550781,151.2308349609375,135.0,28.1,410,6.83,False
2026-09-05T08:46:48+10:00,2288452,2459_438X,-33.88365173339844,151.14141845703125,146.0,46.1,90,1.5,True
2026-09-05T08:46:48+10:00,2283049,2459_428,-33.90216064453125,151.1632843017578,109.0,4.3,120,2.0,True
2026-09-05T08:46:48+10:00,2038920,2459_412,-33.888816833496094,151.1818084716797,318.0,20.2,101,1.68,True
2026-09-05T08:46:48+10:00,2036723,2459_412,-33.896324157714844,151.1522674560547,329.0,1.8,82,1.37,True
2026-09-05T08:46:48+10:00,2636731,2459_504,-33.869110107421875,151.1853790283203,108.0,58.0,70,1.17,True
2026-09-05T08:46:48+10:00,2668169,2459_420,-33.92904281616211,151.18374633789062,187.0,58.3,-214,-3.57,False
2026-09-05T08:46:48+10:00,2609002,2459_430,-33.91213607788086,151.16030883789062,211.0,20.5,8,0.13,True
2026-09-05T08:46:48+10:00,2290203,2459_423,-33.914878845214844,151.15194702148438,59.0,16.9,101,1.68,True
2026-09-05T08:46:48+10:00,2340908,2459_412,-33.86810302734375,151.21055603027344,5.0,1.8,0,0.0,True
2026-09-05T08:46:48+10:00,2636679,2459_504,-33.86920166015625,151.18605041503906,287.0,45.4,-131,-2.18,False
2026-09-05T08:46:48+10:00,2596572,2459_492,-33.876224517822266,151.1038360595703,184.0,29.2,247,4.12,True
2026-09-05T08:46:48+10:00,2285068,2459_469,-33.87983322143555,151.1768035888672,228.0,25.6,-74,-1.23,False
2026-09-05T08:46:48+10:00,2308753,2459_445,-33.89213562011719,151.15809631347656,15.0,0.0,-128,-2.13,False
2026-09-05T08:46:48+10:00,2349657,2459_418,-33.88859939575195,151.12469482421875,128.0,17.6,232,3.87,True
2026-09-05T08:46:48+10:00,2285070,2459_470,-33.882503509521484,151.17379760742188,114.0,25.6,-44,-0.73,True
2026-09-05T08:46:48+10:00,2211405,2459_415,-33.85370635986328,151.12985229492188,348.0,37.8,122,2.03,True
2026-09-05T08:46:48+10:00,2660322,2459_320,-33.904415130615234,151.20932006835938,199.0,0.0,177,2.95,True
2026-09-05T08:46:48+10:00,2287763,2459_442,-33.87294387817383,151.20436096191406,243.0,0.0,297,4.95,True
2026-09-05T08:46:48+10:00,2286211,2459_437,-33.870967864990234,151.1420135498047,316.0,19.1,423,7.05,False
2026-09-05T08:46:48+10:00,2668448,2459_420,-33.93317413330078,151.1822052001953,96.0,19.1,390,6.5,False
2026-09-05T08:46:48+10:00,2536767,2459_458,-33.877052307128906,151.103759765625,188.0,6.8,308,5.13,False
2026-09-05T08:46:48+10:00,2211675,2459_413,-33.88034439086914,151.20681762695312,192.0,0.0,0,0.0,True
2026-09-05T08:46:48+10:00,2596533,2459_490,-33.873207092285156,151.12594604492188,233.0,11.2,23,0.38,True
2026-09-05T08:46:48+10:00,2210413,2459_464,-33.86874008178711,151.10543823242188,189.0,0.0,111,1.85,True
2026-09-05T08:46:48+10:00,1963534,2459_445,-33.8721809387207,151.15664672851562,75.0,0.0,0,0.0,True
2026-09-05T08:46:48+10:00,2285497,2459_428,-33.882911682128906,151.2039337158203,49.0,0.0,257,4.28,True
2026-09-05T08:46:48+10:00,2285860,2459_433,-33.873111724853516,151.17481994628906,325.0,0.0,-17,-0.28,True
2026-09-05T08:46:48+10:00,2288736,2459_348,-33.928836822509766,151.15370178222656,102.0,0.0,106,1.77,True
2026-09-05T08:46:48+10:00,2636591,2459_504,-33.850311279296875,151.13746643066406,234.0,27.4,-10,-0.17,True
2026-09-05T08:46:48+10:00,2284098,2459_426,-33.91183090209961,151.15919494628906,119.0,28.8,-17,-0.28,True
2026-09-05T08:46:48+10:00,2286176,2459_440,-33.882572174072266,151.2076873779297,304.0,23.4,26,0.43,True
2026-09-05T08:46:48+10:00,2038921,2459_412,-33.91294860839844,151.1385040283203,53.0,0.0,-59,-0.98,True
2026-09-05T08:46:48+10:00,2284795,2459_433,-33.880577087402344,151.20675659179688,189.0,8.3,0,0.0,True
2026-09-05T08:46:48+10:00,2475015,2459_389,-33.86944580078125,151.19789123535156,356.0,0.0,0,0.0,True
2026-09-05T08:46:48+10:00,2554418,2459_358,-33.92266082763672,151.20497131347656,279.0,12.6,45,0.75,True
2026-09-05T08:46:48+10:00,2283254,2459_418,-33.915218353271484,151.16592407226562,67.0,0.0,-47,-0.78,True
2026-09-05T08:46:48+10:00,2286293,2459_438X,-33.87356948852539,151.20986938476562,6.0,0.0,-240,-4.0,False
2026-09-05T08:46:48+10:00,2618800,2459_422,-33.885475158691406,151.1831817626953,257.0,58.7,186,3.1,True
2026-09-05T08:46:48+10:00,2290500,2459_470,-33.88277053833008,151.20440673828125,245.0,0.0,-5,-0.08,True
2026-09-05T08:46:48+10:00,2038886,2459_440,-33.8824348449707,151.15699768066406,174.0,23.8,-26,-0.43,True
2026-09-05T08:46:48+10:00,2588653,7016_7AT4,-33.939029693603516,151.14797973632812,213.0,13.0,-164,-2.73,False
2026-09-05T08:46:48+10:00,2588747,7016_7AT4,-33.897193908691406,151.19944763183594,164.0,43.6,-155,-2.58,False
2026-09-05T08:46:48+10:00,2620099,2459_530,-33.81245422363281,151.1721954345703,260.0,34.2,-22,-0.37,True
2026-09-05T08:46:48+10:00,1960585,2459_445,-33.85770034790039,151.18162536621094,282.0,0.0,53,0.88,True
2026-09-05T08:46:48+10:00,2588849,7016_7AT4,-33.91501235961914,151.18467712402344,48.0,29.5,-201,-3.35,False
2026-09-05T08:46:48+10:00,2515254,2459_410,-33.86238479614258,151.10780334472656,119.0,1.1,227,3.78,True
2026-09-05T08:46:48+10:00,2284512,2459_303,-33.930877685546875,151.2030487060547,279.0,32.4,-4,-0.07,True
2026-09-05T08:46:48+10:00,2588727,7016_7AT4,-33.93040084838867,151.15545654296875,38.0,40.3,-142,-2.37,False
2026-09-05T08:46:48+10:00,2475301,2459_389,-33.873199462890625,151.19593811035156,147.0,0.0,-145,-2.42,False
2026-09-05T08:46:48+10:00,2608978,2459_430,-33.88138961791992,151.20611572265625,223.0,0.0,-195,-3.25,False
2026-09-05T08:46:48+10:00,2283686,2459_433,-33.8819580078125,151.1895751953125,125.0,0.0,-192,-3.2,False
2026-09-05T08:46:48+10:00,2286256,2459_442,-33.8745002746582,151.1979522705078,65.0,52.6,261,4.35,True
2026-09-05T08:46:48+10:00,2037123,2459_440,-33.878299713134766,151.21115112304688,48.0,34.9,138,2.3,True
2026-09-05T08:46:48+10:00,2484481,2459_483,-33.884544372558594,151.19430541992188,263.0,25.2,116,1.93,True
2026-09-05T08:46:48+10:00,2209915,2459_408,-33.87717819213867,151.1036834716797,189.0,0.0,-70,-1.17,False
2026-09-05T08:46:48+10:00,2474844,2459_389,-33.8786506652832,151.21730041503906,160.0,13.3,51,0.85,True
2026-09-05T08:46:48+10:00,2220063,2459_412,-33.913028717041016,151.13858032226562,231.0,0.0,19,0.32,True
2026-09-05T08:46:48+10:00,2596601,2459_492,-33.86487579345703,151.13027954101562,2.0,0.0,459,7.65,False
2026-09-05T08:46:48+10:00,2686083,2459_423,-33.91167068481445,151.11888122558594,137.0,0.0,,,
2026-09-05T08:46:48+10:00,2588816,7016_7AT4,-33.9154052734375,151.18446350097656,224.0,0.0,2,0.03,True
2026-09-05T08:46:48+10:00,1904621,2459_461X,-33.889930725097656,151.14878845214844,75.0,0.4,-20,-0.33,True
2026-09-05T08:46:48+10:00,2686164,2459_423,-33.88426971435547,151.200439453125,266.0,48.6,17,0.28,True
2026-09-05T08:46:48+10:00,2377072,2508_243,-33.8321418762207,151.22222900390625,194.0,0.0,0,0.0,True
2026-09-05T08:46:48+10:00,2415971,2508_B1,-33.82407760620117,151.24143981933594,51.0,0.0,55,0.92,True
2026-09-05T08:46:48+10:00,2389391,2508_173X,-33.82993698120117,151.21473693847656,270.0,33.1,6,0.1,True
2026-09-05T08:46:48+10:00,2374179,2508_100,-33.84175491333008,151.24346923828125,42.0,0.0,0,0.0,True
2026-09-05T08:46:48+10:00,2373950,2508_173X,-33.83050537109375,151.21334838867188,15.0,5.8,87,1.45,True
2026-09-05T08:46:48+10:00,2589805,2508_280,-33.79511642456055,151.18209838867188,69.0,2.9,57,0.95,True
2026-09-05T08:46:48+10:00,1973707,2508_162,-33.794654846191406,151.26473999023438,9.0,0.0,49,0.82,True
2026-09-05T08:46:48+10:00,2713981,2508_144,-33.79572296142578,151.2541961669922,249.0,0.0,21,0.35,True
2026-09-05T08:46:48+10:00,2463335,2508_263,-33.837913513183594,151.21347045898438,163.0,23.0,-28,-0.47,True
2026-09-05T08:46:48+10:00,2375461,2508_144,-33.80659484863281,151.24658203125,348.0,44.6,122,2.03,True
2026-09-05T08:46:48+10:00,2376599,2508_144,-33.8232421875,151.19508361816406,86.0,15.1,194,3.23,True
2026-09-05T08:46:48+10:00,2373855,2508_100,-33.8260383605957,151.23280334472656,42.0,32.4,-53,-0.88,True
2026-09-05T08:46:48+10:00,2376464,2508_100,-33.828487396240234,151.24392700195312,356.0,31.7,-13,-0.22,True
2026-09-05T08:46:48+10:00,2393181,2508_114,-33.82588577270508,151.1990966796875,141.0,0.4,41,0.68,True
2026-09-05T08:46:48+10:00,2376909,2508_144,-33.79708480834961,151.1800994873047,245.0,0.0,0,0.0,True
2026-09-05T08:46:48+10:00,2374771,2508_100,-33.8244514465332,151.23651123046875,270.0,37.1,250,4.17,True
2026-09-05T08:46:48+10:00,2374218,2508_100,-33.84201431274414,151.24362182617188,352.0,1.1,35,0.58,True
2026-09-05T08:46:48+10:00,2374093,2508_B1,-33.857608795166016,151.20742797851562,207.0,71.6,111,1.85,True
2026-09-05T08:46:48+10:00,2375621,2508_100,-33.8715705871582,151.20640563964844,173.0,0.7,-201,-3.35,False
2026-09-05T08:46:48+10:00,2090358,2508_160X,-33.77981185913086,151.1956329345703,164.0,19.1,9,0.15,True
2026-09-05T08:46:48+10:00,2375136,2508_144,-33.7947998046875,151.2674102783203,100.0,44.6,110,1.83,True
2026-09-05T08:46:48+10:00,2377336,2508_173X,-33.79426193237305,151.26414489746094,92.0,16.9,260,4.33,True
2026-09-05T08:46:48+10:00,2454845,2508_225,-33.83199691772461,151.22225952148438,8.0,0.0,2,0.03,True
2026-09-05T08:46:48+10:00,2424296,2508_230,-33.83106994628906,151.24118041992188,249.0,40.3,167,2.78,True
2026-09-05T08:46:48+10:00,2374952,2508_144,-33.8313102722168,151.2216796875,114.0,5.4,117,1.95,True
2026-09-05T08:46:48+10:00,2713968,2508_144,-33.830238342285156,151.22665405273438,243.0,0.0,408,6.8,False
2026-09-05T08:46:48+10:00,2375232,2508_100,-33.84653854370117,151.2122802734375,343.0,60.8,-66,-1.1,False
2026-09-05T08:46:48+10:00,2375068,2508_144,-33.801353454589844,151.17971801757812,177.0,43.2,227,3.78,True
2026-09-05T08:46:48+10:00,2420955,2508_225,-33.83637619018555,151.22630310058594,5.0,25.9,40,0.67,True
2026-09-05T08:46:48+10:00,2550559,2508_263,-33.823970794677734,151.21958923339844,340.0,24.5,202,3.37,True
2026-09-05T08:46:48+10:00,2415925,2508_B1,-33.84722900390625,151.2125701904297,347.0,64.4,93,1.55,True
2026-09-05T08:46:48+10:00,2714014,2508_114,-33.825958251953125,151.24356079101562,344.0,27.0,541,9.02,False
2026-09-05T08:46:48+10:00,2375498,2508_172X,-33.86631393432617,151.20632934570312,4.0,0.0,0,0.0,True
2026-09-05T08:46:48+10:00,2714012,2508_144,-33.81884765625,151.18324279785156,321.0,45.4,158,2.63,True
2026-09-05T08:46:48+10:00,2373894,2508_111,-33.8356819152832,151.2378387451172,227.0,42.1,-82,-1.37,False
2026-09-05T08:46:48+10:00,2376825,2508_B1,-33.831512451171875,151.2220001220703,297.0,34.2,-90,-1.5,False
2026-09-05T08:46:48+10:00,2420918,2508_230,-33.83427047729492,151.20774841308594,197.0,12.2,177,2.95,True
2026-09-05T08:46:48+10:00,2416000,2508_B1,-33.86638259887695,151.20632934570312,7.0,0.0,0,0.0,True
2026-09-05T08:46:48+10:00,2713957,2508_144,-33.81871032714844,151.2440948486328,177.0,27.0,221,3.68,True
2026-09-05T08:46:48+10:00,2610086,2509_333,-33.889583587646484,151.28323364257812,213.0,0.0,0,0.0,True
2026-09-05T08:46:48+10:00,2609791,2509_333,-33.862064361572266,151.2112274169922,5.0,0.0,0,0.0,True
2026-09-05T08:46:48+10:00,2628614,2509_304,-33.887489318847656,151.2135772705078,8.0,0.0,-75,-1.25,False
2026-09-05T08:46:48+10:00,2609560,2509_333,-33.881202697753906,151.21810913085938,300.0,20.9,95,1.58,True
2026-09-05T08:46:48+10:00,2610145,2509_333,-33.890506744384766,151.2430419921875,287.0,25.6,31,0.52,True
2026-09-05T08:46:48+10:00,2531981,2509_360,-33.90385437011719,151.25674438476562,169.0,10.1,56,0.93,True
2026-09-05T08:46:48+10:00,2357689,2509_343,-33.89570617675781,151.20675659179688,199.0,25.9,190,3.17,True
2026-09-05T08:46:48+10:00,2532432,2509_380,-33.88911437988281,151.27699279785156,266.0,19.4,104,1.73,True
2026-09-05T08:46:48+10:00,2551995,2509_379,-33.885986328125,151.27345275878906,216.0,0.0,107,1.78,True
2026-09-05T08:46:48+10:00,2609619,2509_333,-33.880855560302734,151.21751403808594,116.0,0.0,40,0.67,True
2026-09-05T08:46:48+10:00,2494818,2509_374,-33.91984939575195,151.25714111328125,189.0,0.0,0,0.0,True
2026-09-05T08:46:48+10:00,2679302,2509_370,-33.871803283691406,151.18011474609375,233.0,23.4,25,0.42,True
2026-09-05T08:46:48+10:00,2357013,2509_373,-33.920291900634766,151.257080078125,188.0,0.0,0,0.0,True
2026-09-05T08:46:48+10:00,2398231,2509_392,-33.91334533691406,151.2248992919922,320.0,0.0,112,1.87,True
2026-09-05T08:46:48+10:00,2494845,2509_343,-33.92516326904297,151.21873474121094,280.0,1.1,-7,-0.12,True
2026-09-05T08:46:48+10:00,2136963,2509_396,-33.866512298583984,151.2107391357422,6.0,8.3,-232,-3.87,False
2026-09-05T08:46:48+10:00,2356227,2509_339,-33.91151428222656,151.25424194335938,101.0,19.1,171,2.85,True
2026-09-05T08:46:48+10:00,2609633,2509_333,-33.89395523071289,151.2635955810547,282.0,25.6,-45,-0.75,True
2026-09-05T08:46:48+10:00,2534362,2509_350,-33.904296875,151.25442504882812,220.0,0.0,-4,-0.07,True
2026-09-05T08:46:48+10:00,2357149,2509_370,-33.90498352050781,151.18051147460938,338.0,28.8,164,2.73,True
2026-09-05T08:46:48+10:00,2357093,2509_370,-33.90202713012695,151.19891357421875,254.0,32.0,-15,-0.25,True
2026-09-05T08:46:48+10:00,2494496,2509_343,-33.86284637451172,151.21197509765625,8.0,0.0,0,0.0,True
2026-09-05T08:46:48+10:00,2488451,2509_392,-33.93917465209961,151.2289581298828,197.0,40.7,37,0.62,True
2026-09-05T08:46:48+10:00,2534472,2509_355,-33.89853286743164,151.1758270263672,83.0,36.4,117,1.95,True
2026-09-05T08:46:48+10:00,2679335,2509_370,-33.88267135620117,151.1905059814453,130.0,33.8,165,2.75,True
2026-09-05T08:46:48+10:00,2534360,2509_355,-33.902408599853516,151.19764709472656,251.0,38.2,93,1.55,True
2026-09-05T08:46:48+10:00,2488453,2509_392,-33.89842987060547,151.2119140625,217.0,40.0,38,0.63,True
2026-09-05T08:46:48+10:00,2357409,2509_343,-33.92420959472656,151.21409606933594,103.0,43.6,405,6.75,False
2026-09-05T08:46:48+10:00,2146567,2509_396,-33.862525939941406,151.21116638183594,6.0,0.0,0,0.0,True
2026-09-05T08:46:48+10:00,2564476,2509_379,-33.891685485839844,151.25181579589844,54.0,0.0,298,4.97,True
2026-09-05T08:46:48+10:00,2675157,2509_309,-33.931732177734375,151.19430541992188,185.0,1.1,39,0.65,True
2026-09-05T08:46:48+10:00,2532022,2509_324,-33.84645080566406,151.28382873535156,150.0,33.8,122,2.03,True
2026-09-05T08:46:48+10:00,2534361,2509_380,-33.88893508911133,151.2836456298828,359.0,25.2,54,0.9,True
2026-09-05T08:46:48+10:00,2628663,2509_304,-33.907344818115234,151.2052001953125,294.0,0.0,38,0.63,True
2026-09-05T08:46:48+10:00,2532780,2509_326,-33.87770462036133,151.25900268554688,185.0,29.2,288,4.8,True
2026-09-05T08:46:48+10:00,2434626,2509_390X,-33.92815399169922,151.2335205078125,138.0,31.0,-33,-0.55,True
2026-09-05T08:46:48+10:00,2494790,2509_343,-33.91261291503906,151.20578002929688,17.0,29.5,75,1.25,True
2026-09-05T08:46:48+10:00,2564443,2509_379,-33.891380310058594,151.2486572265625,98.0,0.0,-205,-3.42,False
2026-09-05T08:46:48+10:00,2137314,2509_306,-33.924381256103516,151.20773315429688,281.0,20.2,165,2.75,True
2026-09-05T08:46:48+10:00,2300928,2509_399,-33.95315170288086,151.2417449951172,350.0,6.1,117,1.95,True
2026-09-05T08:46:48+10:00,2434475,2509_390X,-33.89113998413086,151.24880981445312,277.0,0.0,0,0.0,True
2026-09-05T08:46:48+10:00,2472394,7054_1T3,-33.89765930175781,151.19558715820312,254.0,16.6,44,0.73,True
2026-09-05T08:46:48+10:00,2352654,2509_392,-33.893184661865234,151.19898986816406,21.0,0.0,10,0.17,True
2026-09-05T08:46:48+10:00,2531513,2509_350,-33.900550842285156,151.25372314453125,335.0,5.4,65,1.08,True
2026-09-05T08:46:48+10:00,2494873,2509_343,-33.871116638183594,151.21017456054688,6.0,17.6,-69,-1.15,False
2026-09-05T08:46:48+10:00,2532677,2509_325,-33.869468688964844,151.26992797851562,43.0,18.4,51,0.85,True
2026-09-05T08:46:48+10:00,2628707,2509_304,-33.86265182495117,151.21200561523438,6.0,0.0,0,0.0,True
2026-09-05T08:46:48+10:00,2674965,2509_309,-33.90411376953125,151.20248413085938,157.0,1.8,91,1.52,True
2026-09-05T08:46:48+10:00,2533756,2509_350,-33.940242767333984,151.22828674316406,21.0,0.0,-17,-0.28,True
2026-09-05T08:46:48+10:00,2534716,2509_350,-33.93332290649414,151.18246459960938,102.0,0.0,4,0.07,True
2026-09-05T08:46:48+10:00,2552015,2509_379,-33.891239166259766,151.24960327148438,279.0,14.4,-45,-0.75,True
2026-09-05T08:46:48+10:00,2356032,2509_339,-33.88199996948242,151.20858764648438,9.0,19.4,65,1.08,True
2026-09-05T08:46:48+10:00,2346633,7054_13T4,-33.928768157958984,151.15354919433594,100.0,0.0,-568,-9.47,False
2026-09-05T08:46:48+10:00,2531534,2509_327,-33.878597259521484,151.2415771484375,276.0,33.8,-10,-0.17,True
2026-09-05T08:46:48+10:00,2610041,2509_333,-33.867332458496094,151.21163940429688,182.0,20.2,24,0.4,True
2026-09-05T08:46:48+10:00,2610058,2509_333,-33.887107849121094,151.23033142089844,129.0,36.0,362,6.03,False
2026-09-05T08:46:48+10:00,2679293,2509_370,-33.90992736816406,151.21835327148438,58.0,25.2,63,1.05,True
2026-09-05T08:46:48+10:00,2400276,2509_309,-33.896732330322266,151.19876098632812,252.0,22.3,-230,-3.83,False
2026-09-05T08:46:48+10:00,2534267,2509_325,-33.87236022949219,151.20648193359375,174.0,0.0,-4,-0.07,True
2026-09-05T08:46:48+10:00,2532086,2509_324,-33.87557601928711,151.22189331054688,199.0,3.6,284,4.73,True
2026-09-05T08:46:48+10:00,2531376,2509_350,-33.94285202026367,151.2623291015625,36.0,31.3,-131,-2.18,False
2026-09-05T08:46:48+10:00,2532301,2509_352,-33.90851593017578,151.1719970703125,79.0,0.0,0,0.0,True
2026-09-05T08:46:48+10:00,2470831,2509_397,-33.940860748291016,151.23477172851562,105.0,15.1,0,0.0,True
2026-09-05T08:46:48+10:00,2609700,2509_333,-33.89293670654297,151.27294921875,359.0,38.9,426,7.1,False
2026-09-05T08:46:48+10:00,2532078,2509_325,-33.855873107910156,151.2068634033203,48.0,0.0,0,0.0,True
2026-09-05T08:46:48+10:00,2532149,2509_380,-33.87739562988281,151.2705078125,37.0,40.7,14,0.23,True
2026-09-05T08:46:48+10:00,2356293,2509_343,-33.921382904052734,151.2005615234375,196.0,35.3,108,1.8,True
2026-09-05T08:46:48+10:00,2356293_2,2509_343,-33.92208480834961,151.20132446289062,99.0,0.0,101,1.68,True
2026-09-05T08:46:48+10:00,2532115,2509_325,-33.84365463256836,151.28402709960938,4.0,0.0,9,0.15,True
2026-09-05T08:46:48+10:00,2352476,2509_392,-33.90993118286133,151.22303771972656,99.0,1.8,133,2.22,True
2026-09-05T08:46:48+10:00,2356487,2509_373,-33.913387298583984,151.2395477294922,340.0,0.0,1,0.02,True
2026-09-05T08:46:48+10:00,2628767,2509_304,-33.876651763916016,151.20948791503906,183.0,14.4,60,1.0,True
2026-09-05T08:46:48+10:00,2356451,2509_311,-33.88103485107422,151.2183074951172,66.0,22.7,829,13.82,False
2026-09-05T08:46:48+10:00,2356712,2509_370,-33.91931915283203,151.2465057373047,285.0,0.0,0,0.0,True
2026-09-05T08:46:48+10:00,2470850,2509_356,-33.92999267578125,151.25222778320312,301.0,33.1,150,2.5,True
2026-09-05T08:46:48+10:00,2679238,2509_370,-33.8720817565918,151.18002319335938,193.0,0.0,0,0.0,True
2026-09-05T08:46:48+10:00,2699475,7054_1T3,-33.91263198852539,151.1791534423828,37.0,0.0,-17,-0.28,True
2026-09-05T08:46:48+10:00,2356068,2509_339,-33.91022491455078,151.25172424316406,293.0,0.0,51,0.85,True
2026-09-05T08:46:48+10:00,2494859,2509_374,-33.88973617553711,151.20684814453125,281.0,26.6,174,2.9,True
2026-09-05T08:46:48+10:00,2531438,2509_325,-33.87647247314453,151.24562072753906,223.0,23.8,74,1.23,True
2026-09-05T08:46:48+10:00,2352631,2509_307,-33.934444427490234,151.19395446777344,168.0,27.4,60,1.0,True
2026-09-05T08:46:48+10:00,2357749,2509_373,-33.91997528076172,151.25709533691406,190.0,0.0,0,0.0,True
2026-09-05T08:46:48+10:00,2139122,2509_375,-33.9088020324707,151.23634338378906,290.0,21.6,166,2.77,True
2026-09-05T08:46:48+10:00,2548812,2509_328,-33.89112091064453,151.24864196777344,278.0,0.0,9,0.15,True
2026-09-05T08:46:48+10:00,2357266,2509_373,-33.8951301574707,151.22186279296875,174.0,9.4,44,0.73,True
2026-09-05T08:46:48+10:00,2355948,2509_373,-33.87761688232422,151.20938110351562,183.0,28.4,32,0.53,True
2026-09-05T08:46:48+10:00,2400624,2509_309,-33.954742431640625,151.20477294921875,320.0,45.4,115,1.92,True
2026-09-05T08:46:48+10:00,2494895,2509_374,-33.915184020996094,151.24911499023438,9.0,24.8,47,0.78,True
2026-09-05T08:46:48+10:00,2136783,2509_306,-33.93114471435547,151.20547485351562,107.0,22.3,300,5.0,True
2026-09-05T08:46:48+10:00,2472363,7054_1T3,-33.88679122924805,151.2067413330078,10.0,0.0,51,0.85,True
2026-09-05T08:46:48+10:00,2352787,2509_356,-33.93840026855469,151.2471160888672,110.0,30.2,406,6.77,False
2026-09-05T08:46:48+10:00,2138372,2509_375,-33.955535888671875,151.2311553955078,251.0,18.7,-111,-1.85,False
2026-09-05T08:46:48+10:00,2137394,2509_306,-33.892478942871094,151.19940185546875,38.0,18.0,0,0.0,True
2026-09-05T08:46:48+10:00,2564498,2509_386,-33.877044677734375,151.27085876464844,40.0,0.0,729,12.15,False
2026-09-05T08:46:48+10:00,2531446,2509_350,-33.92876434326172,151.25552368164062,312.0,31.7,286,4.77,True
2026-09-05T08:46:48+10:00,2399846,2509_390X,-33.94904327392578,151.2407989501953,349.0,33.1,39,0.65,True
2026-09-05T08:46:48+10:00,2435022,2509_390X,-33.905208587646484,151.25390625,190.0,37.4,120,2.0,True
2026-09-05T08:46:48+10:00,2533238,2509_350,-33.94487762451172,151.22630310058594,191.0,0.0,703,11.72,False
2026-09-05T08:46:48+10:00,2534572,2509_352,-33.89532470703125,151.1815185546875,38.0,0.0,356,5.93,False
2026-09-05T08:46:48+10:00,2628809,2509_304,-33.89685821533203,151.21177673339844,177.0,5.0,-27,-0.45,True
2026-09-05T08:46:48+10:00,2399361,2509_390X,-33.91322326660156,151.2396240234375,338.0,0.0,3,0.05,True
2026-09-05T08:46:48+10:00,2138729,2509_396,-33.94198989868164,151.24159240722656,286.0,16.6,45,0.75,True
2026-09-05T08:46:48+10:00,2533298,2509_386,-33.86638641357422,151.2720489501953,219.0,27.0,47,0.78,True
2026-09-05T08:46:48+10:00,2534105,2509_350,-33.93275833129883,151.17872619628906,99.0,25.9,-389,-6.48,False
2026-09-05T08:46:48+10:00,2356134,2509_370,-33.91403579711914,151.24758911132812,125.0,45.7,0,0.0,True
2026-09-05T08:46:48+10:00,2551981,2509_379,-33.90393829345703,151.254638671875,217.0,30.6,-140,-2.33,False
2026-09-05T08:46:48+10:00,2628765,2509_304,-33.877410888671875,151.2093963623047,6.0,10.8,53,0.88,True
2026-09-05T08:46:48+10:00,2137377,2509_396,-33.8828239440918,151.21743774414062,172.0,28.1,395,6.58,False
2026-09-05T08:46:48+10:00,2400008,2509_390X,-33.92073059082031,151.2265167236328,350.0,0.0,-22,-0.37,True
2026-09-05T08:46:48+10:00,2403257,2509_311,-33.87417221069336,151.2230682373047,221.0,1.8,91,1.52,True
2026-09-05T08:46:48+10:00,2472420,7054_1T3,-33.88214874267578,151.2069091796875,123.0,0.0,106,1.77,True
2026-09-05T08:46:48+10:00,2564424,2509_387,-33.8846435546875,151.26467895507812,50.0,20.5,-14,-0.23,True
2026-09-05T08:46:48+10:00,2356260,2509_373,-33.91254425048828,151.2393035888672,160.0,0.0,109,1.82,True
2026-09-05T08:46:48+10:00,2146694,2509_396,-33.87685012817383,151.20962524414062,129.0,23.4,54,0.9,True
2026-09-05T08:46:48+10:00,2356216,2509_374,-33.891605377197266,151.21295166015625,100.0,29.5,106,1.77,True
2026-09-05T08:46:48+10:00,2679257,2509_370,-33.90162658691406,151.2005615234375,73.0,31.0,4,0.07,True
2026-09-05T08:46:48+10:00,2472406,7054_1T3,-33.916019439697266,151.16714477539062,229.0,0.0,-286,-4.77,False
2026-09-05T08:46:48+10:00,2138909,2509_375,-33.946998596191406,151.22886657714844,116.0,0.4,92,1.53,True
2026-09-05T08:46:48+10:00,2357320,2509_373,-33.90321731567383,151.22511291503906,316.0,45.0,203,3.38,True
2026-09-05T08:46:48+10:00,2534573,2509_350,-33.9267692565918,151.25555419921875,182.0,20.9,115,1.92,True
2026-09-05T08:46:48+10:00,2533656,2509_352,-33.88860321044922,151.21336364746094,191.0,0.0,128,2.13,True
2026-09-05T08:46:48+10:00,2494869,2509_343,-33.88159942626953,151.2086639404297,9.0,25.6,-252,-4.2,False
2026-09-05T08:46:48+10:00,2494869_2,2509_343,-33.87490463256836,151.20970153808594,7.0,0.0,-514,-8.57,False
2026-09-05T08:46:48+10:00,2532136,2509_350,-33.944801330566406,151.22633361816406,191.0,0.0,98,1.63,True
2026-09-05T08:46:48+10:00,2398222,2509_392,-33.946590423583984,151.22784423828125,313.0,27.0,363,6.05,False
2026-09-05T08:46:48+10:00,2533470,2509_350,-33.94596862792969,151.24359130859375,259.0,44.3,-22,-0.37,True
2026-09-05T08:46:48+10:00,2531142,2509_350,-33.929386138916016,151.19479370117188,187.0,2.2,69,1.15,True
2026-09-05T08:46:48+10:00,2609709,2509_333,-33.89106750488281,151.25332641601562,72.0,21.6,261,4.35,True
2026-09-05T08:46:48+10:00,2398235,2509_392,-33.901939392089844,151.2084197998047,44.0,52.2,200,3.33,True
2026-09-05T08:46:48+10:00,2679228,2509_370,-33.89820098876953,151.17837524414062,213.0,9.7,115,1.92,True
2026-09-05T08:46:48+10:00,2399567,2509_390X,-33.901241302490234,151.25411987304688,335.0,24.5,38,0.63,True
2026-09-05T08:46:48+10:00,2564411,2509_379,-33.885799407958984,151.28192138671875,94.0,31.3,6,0.1,True
2026-09-05T08:46:48+10:00,2534208,2509_387,-33.88866424560547,151.25759887695312,233.0,4.3,5,0.08,True
2026-09-05T08:46:48+10:00,2357829,2509_370,-33.91603088378906,151.23379516601562,279.0,5.4,248,4.13,True
2026-09-05T08:46:48+10:00,2137806,2509_396,-33.946144104003906,151.25721740722656,223.0,18.4,-69,-1.15,False
2026-09-05T08:46:48+10:00,2679235,2509_370,-33.9166374206543,151.23948669433594,6.0,0.4,98,1.63,True
2026-09-05T08:46:48+10:00,2403082,2509_311,-33.85852813720703,151.20469665527344,278.0,0.0,0,0.0,True
2026-09-05T08:46:48+10:00,2434881,2509_390X,-33.916114807128906,151.23960876464844,188.0,0.0,194,3.23,True
2026-09-05T08:46:48+10:00,2335605,2509_309,-33.925872802734375,151.1954345703125,10.0,25.9,61,1.02,True
2026-09-05T08:46:48+10:00,2609859,2509_333,-33.87994384765625,151.21604919433594,315.0,20.5,583,9.72,False
2026-09-05T08:46:48+10:00,2137674,2509_396,-33.91697311401367,151.22593688964844,345.0,21.6,-26,-0.43,True
2026-09-05T08:46:48+10:00,2533567,2509_324,-33.87936019897461,151.23597717285156,8.0,0.0,-91,-1.52,False
2026-09-05T08:46:48+10:00,2352565,2509_356,-33.89159393310547,151.24746704101562,187.0,8.6,35,0.58,True
2026-09-05T08:46:48+10:00,2357578,2509_370,-33.88631057739258,151.19407653808594,19.0,42.1,58,0.97,True
2026-09-05T08:46:48+10:00,2564369,2509_379,-33.90614318847656,151.26339721679688,280.0,24.1,61,1.02,True
2026-09-05T08:46:48+10:00,2579301,7084_SW2,-33.91290283203125,151.1654510498047,38.0,45.4,131,2.18,True
2026-09-05T08:46:48+10:00,2591088,7066_28T4,-33.938419342041016,151.19277954101562,1.0,0.0,0,0.0,True
2026-09-05T08:46:48+10:00,2578992,7084_SW2,-33.90129470825195,151.1531219482422,96.0,6.8,-56,-0.93,True
2026-09-05T08:46:48+10:00,2529842,7084_SW2,-33.915130615234375,151.16470336914062,247.0,28.1,-6,-0.1,True
2026-09-05T08:46:48+10:00,2591099,7066_28T4,-33.90187072753906,151.1995391845703,74.0,0.0,0,0.0,True
2026-09-05T08:46:48+10:00,2530248,7084_SW2,-33.913482666015625,151.11666870117188,263.0,46.4,125,2.08,True
2026-09-05T08:46:48+10:00,2579207,7084_SW2,-33.91081619262695,151.12115478515625,51.0,46.4,77,1.28,True
2026-09-05T08:46:48+10:00,2717558,700015_3AT4,-33.93579864501953,151.20765686035156,248.0,74.2,-424,-7.07,False
2026-09-05T08:46:48+10:00,2717408,700015_3AT4,-33.939205169677734,151.14862060546875,98.0,37.8,-341,-5.68,False
2026-09-05T08:46:48+10:00,2717436,700015_3AT4,-33.93617630004883,151.19970703125,72.0,69.1,-435,-7.25,False
2026-09-05T08:46:48+10:00,2717474,700015_3AT4,-33.889530181884766,151.20611572265625,343.0,18.4,-592,-9.87,False
2026-09-05T08:46:48+10:00,2717535,700015_3AT4,-33.945213317871094,151.1636505126953,302.0,55.4,-585,-9.75,False
2026-09-05T08:46:48+10:00,2717429,700015_3AT4,-33.88174057006836,151.20562744140625,44.0,0.0,-588,-9.8,False
2026-09-05T08:46:48+10:00,2717450,700015_3AT4,-33.88726806640625,151.20651245117188,199.0,1.1,,,
2026-09-05T08:46:48+10:00,2717354,700015_3AT4,-33.8820915222168,151.20977783203125,121.0,37.4,-336,-5.6,False
2026-09-05T08:46:48+10:00,2722584,700012_43SC,-33.948768615722656,151.16554260253906,229.0,43.9,702,11.7,False
2026-09-05T08:46:48+10:00,2722584_2,700012_43SC,-33.91407012939453,151.18560791015625,211.0,39.6,704,11.73,False
2026-09-05T08:46:48+10:00,2722437,700012_49SC,-33.886051177978516,151.20265197753906,207.0,44.6,216,3.6,True
2026-09-05T10:25:56+10:00,2228924,2507_288,-33.81252670288086,151.17140197753906,262.0,19.8,87,1.45,True
2026-09-05T10:25:56+10:00,2558762,7083_SW1,-33.90644836425781,151.12696838378906,36.0,8.3,410,6.83,False
2026-09-05T10:25:56+10:00,2228201,2507_292,-33.80186462402344,151.14511108398438,285.0,24.8,73,1.22,True
2026-09-05T10:25:56+10:00,2703678,2507_267,-33.84070587158203,151.18121337890625,9.0,25.6,98,1.63,True
2026-09-05T10:25:56+10:00,2643600,2507_52,-33.839717864990234,151.13909912109375,248.0,65.5,-58,-0.97,True
2026-09-05T10:25:56+10:00,2703682,2507_120,-33.82902145385742,151.2135772705078,7.0,67.7,72,1.2,True
2026-09-05T10:25:56+10:00,2510691,2507_275,-33.791908264160156,151.21128845214844,134.0,38.2,173,2.88,True
2026-09-05T10:25:56+10:00,2226160,2507_292,-33.81161880493164,151.1678466796875,107.0,37.8,-89,-1.48,False
2026-09-05T10:25:56+10:00,2543181,2504_610X,-33.856319427490234,151.20823669433594,28.0,69.1,48,0.8,True
2026-09-05T10:25:56+10:00,2683115,7083_SW1,-33.913917541503906,151.15301513671875,208.0,29.2,53,0.88,True
2026-09-05T10:25:56+10:00,2621076,2507_291,-33.81745147705078,151.18165588378906,104.0,40.3,-26,-0.43,True
2026-09-05T10:25:56+10:00,2543752,2504_610X,-33.80986785888672,151.1599578857422,108.0,75.6,-318,-5.3,False
2026-09-05T10:25:56+10:00,2703710,2507_120,-33.82264709472656,151.2063751220703,129.0,60.1,182,3.03,True
2026-09-05T10:25:56+10:00,2226909,2507_292,-33.86656951904297,151.20335388183594,189.0,7.6,355,5.92,False
2026-09-05T10:25:56+10:00,2703799,2507_120,-33.790802001953125,151.19479370117188,340.0,39.6,131,2.18,True
2026-09-05T10:25:56+10:00,2280109,7083_SW3,-33.91439437866211,151.16600036621094,0.0,0.0,1269,21.15,False
2026-09-05T10:25:56+10:00,2703786,2507_115,-33.79462814331055,151.18240356445312,154.0,0.0,21,0.35,True
2026-09-05T10:25:56+10:00,2537857,2507_533,-33.80183410644531,151.14515686035156,239.0,21.2,247,4.12,True
2026-09-05T10:25:56+10:00,2703687,2507_115,-33.78708267211914,151.19296264648438,70.0,0.0,192,3.2,True
2026-09-05T10:25:56+10:00,2517113,2514_283,-33.792659759521484,151.18408203125,159.0,15.1,0,0.0,True
2026-09-05T10:25:56+10:00,2644718,2507_52,-33.82994842529297,151.1268310546875,175.0,0.4,154,2.57,True
2026-09-05T10:25:56+10:00,2620517,2507_288,-33.85715103149414,151.2077178955078,207.0,69.5,-147,-2.45,False
2026-09-05T10:25:56+10:00,2649284,2514_141,-33.78774642944336,151.24046325683594,159.0,32.4,193,3.22,True
2026-09-05T10:25:56+10:00,2322575,2507_506,-33.871822357177734,151.21530151367188,291.0,30.6,17,0.28,True
2026-09-05T10:25:56+10:00,2604288,2514_271,-33.86134719848633,151.20579528808594,192.0,58.7,370,6.17,False
2026-09-05T10:25:56+10:00,2649181,2514_277,-33.782691955566406,151.2093048095703,106.0,37.4,119,1.98,True
2026-09-05T10:25:56+10:00,2681967,2507_202,-33.863426208496094,151.20680236816406,267.0,30.6,-91,-1.52,False
2026-09-05T10:25:56+10:00,2258466,2507_516,-33.795631408691406,151.1802215576172,69.0,0.0,174,2.9,True
2026-09-05T10:25:56+10:00,2702482,2507_501,-33.86671447753906,151.17518615722656,133.0,0.0,84,1.4,True
2026-09-05T10:25:56+10:00,2644118,2507_52,-33.872886657714844,151.19964599609375,247.0,0.4,109,1.82,True
2026-09-05T10:25:56+10:00,2667988,7057_26T4,-33.88215255737305,151.20692443847656,125.0,0.0,777,12.95,False
2026-09-05T10:25:56+10:00,2588124,7057_26T4,-33.89575958251953,151.2160186767578,10.0,4.7,-349,-5.82,False
2026-09-05T10:25:56+10:00,2279987,7083_SW3,-33.90427780151367,151.1433563232422,-49.0,6.8,71,1.18,True
2026-09-05T10:25:56+10:00,2703673,2507_120,-33.7937126159668,151.18209838867188,343.0,11.2,68,1.13,True
2026-09-05T10:25:56+10:00,2230658,2507_288,-33.866050720214844,151.2033233642578,174.0,0.0,339,5.65,False
2026-09-05T10:25:56+10:00,2407269,2507_252,-33.82889938354492,151.13929748535156,143.0,47.2,433,7.22,False
2026-09-05T10:25:56+10:00,2682845,7083_SW1,-33.91521072387695,151.15158081054688,238.0,22.3,634,10.57,False
2026-09-05T10:25:56+10:00,2703780,2507_115,-33.82670593261719,151.20091247558594,123.0,11.9,430,7.17,False
2026-09-05T10:25:56+10:00,2677444,2503_M90,-33.877098083496094,151.10369873046875,190.0,0.0,140,2.33,True
2026-09-05T10:25:56+10:00,2703680,2507_120,-33.87058639526367,151.20620727539062,175.0,8.3,-2,-0.03,True
2026-09-05T10:25:56+10:00,2345659,2514_194,-33.87164306640625,151.20559692382812,352.0,0.0,0,0.0,True
2026-09-05T10:25:56+10:00,2538588,2507_506,-33.818450927734375,151.12594604492188,115.0,0.0,0,0.0,True
2026-09-05T10:25:56+10:00,2702261,2507_501,-33.8801155090332,151.20851135253906,186.0,0.0,0,0.0,True
2026-09-05T10:25:56+10:00,2407473,2507_292,-33.857818603515625,151.20736694335938,208.0,74.9,136,2.27,True
2026-09-05T10:25:56+10:00,2558761,7083_SW1,-33.910858154296875,151.15609741210938,44.0,19.4,527,8.78,False
2026-09-05T10:25:56+10:00,2643938,2507_202,-33.80713653564453,151.23036193847656,164.0,0.0,22,0.37,True
2026-09-05T10:25:56+10:00,2702418,2507_501,-33.8347282409668,151.12757873535156,339.0,0.0,694,11.57,False
2026-09-05T10:25:56+10:00,2517071,2514_283,-33.78927230834961,151.18576049804688,250.0,29.5,-422,-7.03,False
2026-09-05T10:25:56+10:00,2643964,2507_52,-33.872833251953125,151.20492553710938,84.0,12.6,-240,-4.0,False
2026-09-05T10:25:56+10:00,2345070,2514_194,-33.785728454589844,151.20103454589844,339.0,33.8,298,4.97,True
2026-09-05T10:25:56+10:00,2542025,2504_610X,-33.86640548706055,151.2057647705078,173.0,0.0,-353,-5.88,False
2026-09-05T10:25:56+10:00,2667966,7057_26T4,-33.89936828613281,151.2154083251953,187.0,9.0,-417,-6.95,False
2026-09-05T10:25:56+10:00,2492028,2514_270,-33.79164505004883,151.20712280273438,185.0,50.0,175,2.92,True
2026-09-05T10:25:56+10:00,2642804,2507_207,-33.82193374633789,151.21041870117188,10.0,36.7,15,0.25,True
2026-09-05T10:25:56+10:00,2638010,2504_607X,-33.87126922607422,151.20555114746094,352.0,30.6,-26,-0.43,True
2026-09-05T10:25:56+10:00,2702415,2507_501,-33.870872497558594,151.19461059570312,334.0,0.0,-19,-0.32,True
2026-09-05T10:25:56+10:00,2281046,7083_SW3,-33.91402816772461,151.1665496826172,0.0,0.0,1056,17.6,False
2026-09-05T10:25:56+10:00,2558865,7083_SW1,-33.916934967041016,151.14320373535156,78.0,31.0,384,6.4,False
2026-09-05T10:25:56+10:00,2407880,2507_265,-33.82427978515625,151.18817138671875,103.0,22.7,-140,-2.33,False
2026-09-05T10:25:56+10:00,2703810,2507_120,-33.793766021728516,151.19627380371094,158.0,0.0,185,3.08,True
2026-09-05T10:25:56+10:00,2231165,2507_507,-33.828121185302734,151.12271118164062,220.0,40.0,42,0.7,True
2026-09-05T10:25:56+10:00,2543796,2504_607X,-33.81084442138672,151.16357421875,105.0,64.8,-35,-0.58,True
2026-09-05T10:25:56+10:00,2557197,2507_265,-33.8189697265625,151.18162536621094,337.0,12.6,251,4.18,True
2026-09-05T10:25:56+10:00,2702568,2507_501,-33.86429214477539,151.1705322265625,313.0,0.0,436,7.27,False
2026-09-05T10:25:56+10:00,2703722,2507_120,-33.79153823852539,151.195068359375,339.0,38.5,-516,-8.6,False
2026-09-05T10:25:56+10:00,2620628,2507_252,-33.81602478027344,151.1517791748047,192.0,0.0,591,9.85,False
2026-09-05T10:25:56+10:00,2634580,2507_261,-33.83349609375,151.2048797607422,159.0,5.0,364,6.07,False
2026-09-05T10:25:56+10:00,2588200,7057_26T4,-33.889888763427734,151.2075958251953,282.0,32.8,401,6.68,False
2026-09-05T10:25:56+10:00,2309710,7083_SW3,-33.905113220214844,151.12823486328125,56.0,0.0,147,2.45,True
2026-09-05T10:25:56+10:00,2643414,2507_254,-33.81245040893555,151.17153930664062,261.0,20.2,228,3.8,True
2026-09-05T10:25:56+10:00,1962529,2459_413,-33.89570236206055,151.1298370361328,93.0,0.0,350,5.83,False
2026-09-05T10:25:56+10:00,2210567,2459_464,-33.84742736816406,151.1077117919922,345.0,31.7,-359,-5.98,False
2026-09-05T10:25:56+10:00,2475198,2459_389,-33.88225555419922,151.2312774658203,102.0,35.6,166,2.77,True
2026-09-05T10:25:56+10:00,2286223,2459_422,-33.90637969970703,151.1813201904297,159.0,0.0,45,0.75,True
2026-09-05T10:25:56+10:00,2038598,2459_440,-33.88780975341797,151.16781616210938,84.0,35.6,551,9.18,False
2026-09-05T10:25:56+10:00,2349251,2459_418,-33.87501525878906,151.10546875,99.0,0.0,20,0.33,True
2026-09-05T10:25:56+10:00,2288456,2459_440,-33.89090347290039,151.2486572265625,96.0,0.0,0,0.0,True
2026-09-05T10:25:56+10:00,2284200,2459_389,-33.88236618041992,151.2313690185547,295.0,17.3,81,1.35,True
2026-09-05T10:25:56+10:00,2588601,7016_7AT4,-33.89905548095703,151.19906616210938,344.0,4.7,631,10.52,False
2026-09-05T10:25:56+10:00,2285364,2459_442,-33.858009338378906,151.18289184570312,292.0,0.0,120,2.0,True
2026-09-05T10:25:56+10:00,2554043,2459_358,-33.916988372802734,151.1670684814453,319.0,0.0,-41,-0.68,True
2026-09-05T10:25:56+10:00,1963811,2459_412,-33.88595199584961,151.18017578125,254.0,0.0,-273,-4.55,False
2026-09-05T10:25:56+10:00,2484387,2459_483,-33.887901306152344,151.160888671875,284.0,37.8,157,2.62,True
2026-09-05T10:25:56+10:00,2284525,2459_433,-33.861480712890625,151.17141723632812,25.0,26.6,-133,-2.22,False
2026-09-05T10:25:56+10:00,2286080,2459_437,-33.86915969848633,151.176513671875,243.0,28.8,63,1.05,True
2026-09-05T10:25:56+10:00,2636612,2459_504,-33.855674743652344,151.1475830078125,230.0,0.0,122,2.03,True
2026-09-05T10:25:56+10:00,2283060,2459_469,-33.88191223144531,151.17202758789062,292.0,19.4,-35,-0.58,True
2026-09-05T10:25:56+10:00,2288855,2459_423,-33.899662017822266,151.17083740234375,25.0,0.0,165,2.75,True
2026-09-05T10:25:56+10:00,2288031,2459_426,-33.90313720703125,151.14207458496094,317.0,0.0,1,0.02,True
2026-09-05T10:25:56+10:00,1961787,2459_406,-33.8863410949707,151.12986755371094,65.0,44.6,-65,-1.08,False
2026-09-05T10:25:56+10:00,2553973,2459_358,-33.924896240234375,151.21823120117188,100.0,0.0,356,5.93,False
2026-09-05T10:25:56+10:00,2287796,2459_423,-33.88313674926758,151.20367431640625,51.0,9.7,-100,-1.67,False
2026-09-05T10:25:56+10:00,1905582,2459_461X,-33.871761322021484,151.21617126464844,38.0,0.0,0,0.0,True
2026-09-05T10:25:56+10:00,2211158,2459_464,-33.88795471191406,151.12631225585938,112.0,0.0,0,0.0,True
2026-09-05T10:25:56+10:00,2474835,2459_389,-33.86374282836914,151.19239807128906,241.0,29.5,2,0.03,True
2026-09-05T10:25:56+10:00,2284186,2459_438X,-33.888023376464844,151.15835571289062,256.0,0.0,-235,-3.92,False
2026-09-05T10:25:56+10:00,2340927,2459_308,-33.903106689453125,151.178466796875,248.0,35.6,65,1.08,True
2026-09-05T10:25:56+10:00,2308989,2459_445,-33.90460968017578,151.13888549804688,64.0,15.1,398,6.63,False
2026-09-05T10:25:56+10:00,2596632,2459_491,-33.90278625488281,151.1188507080078,21.0,24.8,-130,-2.17,False
2026-09-05T10:25:56+10:00,2287038,2459_426,-33.91111755371094,151.15765380859375,118.0,0.0,195,3.25,True
2026-09-05T10:25:56+10:00,2289000,2459_437,-33.881072998046875,151.15673828125,357.0,34.9,56,0.93,True
2026-09-05T10:25:56+10:00,2484367,2459_483,-33.87987518310547,151.20849609375,182.0,0.0,0,0.0,True
2026-09-05T10:25:56+10:00,2475894,2459_530,-33.877323150634766,151.10272216796875,279.0,0.0,187,3.12,True
2026-09-05T10:25:56+10:00,2596486,2459_492,-33.886077880859375,151.10804748535156,188.0,34.9,295,4.92,True
2026-09-05T10:25:56+10:00,2287780,2459_426,-33.88104248046875,151.2064666748047,205.0,1.1,233,3.88,True
2026-09-05T10:25:56+10:00,2287394,2459_442,-33.87225341796875,151.2064666748047,176.0,0.0,256,4.27,True
2026-09-05T10:25:56+10:00,1904618,2459_461X,-33.8854866027832,151.13742065429688,119.0,36.7,317,5.28,False
2026-09-05T10:25:56+10:00,2668305,2459_420,-33.937774658203125,151.1526336669922,52.0,10.1,537,8.95,False
2026-09-05T10:25:56+10:00,2288848,2459_440,-33.88264083862305,151.20782470703125,302.0,0.0,29,0.48,True
2026-09-05T10:25:56+10:00,2515376,2459_410,-33.865562438964844,151.10609436035156,203.0,24.1,619,10.32,False
2026-09-05T10:25:56+10:00,2289349,2459_470,-33.87467575073242,151.16128540039062,247.0,0.0,-216,-3.6,False
2026-09-05T10:25:56+10:00,2289021,2459_441,-33.8502197265625,151.18324279785156,47.0,0.0,0,0.0,True
2026-09-05T10:25:56+10:00,2288753,2459_428,-33.904876708984375,151.1292266845703,275.0,0.0,545,9.08,False
2026-09-05T10:25:56+10:00,2608979,2459_430,-33.88168716430664,151.20628356933594,111.0,21.2,78,1.3,True
2026-09-05T10:25:56+10:00,2285428,2459_426,-33.875789642333984,151.20960998535156,6.0,36.0,499,8.32,False
2026-09-05T10:25:56+10:00,2554035,2459_358,-33.9251708984375,151.22706604003906,265.0,0.0,238,3.97,True
2026-09-05T10:25:56+10:00,1960165,2459_480,-33.88804244995117,151.16232299804688,104.0,45.7,-360,-6.0,False
2026-09-05T10:25:56+10:00,2636644,2459_504,-33.861698150634766,151.16641235351562,116.0,22.7,291,4.85,True
2026-09-05T10:25:56+10:00,2284610,2459_428,-33.91144561767578,151.1188507080078,142.0,0.0,668,11.13,False
2026-09-05T10:25:56+10:00,2283074,2459_438X,-33.86521530151367,151.21151733398438,25.0,7.2,0,0.0,True
2026-09-05T10:25:56+10:00,2210102,2459_464,-33.8749885559082,151.10406494140625,9.0,27.4,-287,-4.78,False
2026-09-05T10:25:56+10:00,2660512,2459_320,-33.90175247192383,151.20880126953125,223.0,0.0,92,1.53,True
2026-09-05T10:25:56+10:00,2284987,2459_433,-33.8775520324707,151.17652893066406,344.0,0.0,-163,-2.72,False
2026-09-05T10:25:56+10:00,2349378,2459_418,-33.88113021850586,151.10293579101562,189.0,35.3,51,0.85,True
2026-09-05T10:25:56+10:00,2286695,2459_428,-33.913326263427734,151.11721801757812,72.0,0.0,310,5.17,False
2026-09-05T10:25:56+10:00,2284779,2459_348,-33.93007278442383,151.15223693847656,44.0,0.0,0,0.0,True
2026-09-05T10:25:56+10:00,2588717,7016_7AT4,-33.908939361572266,151.1891326904297,37.0,58.3,-100,-1.67,False
2026-09-05T10:25:56+10:00,2285506,2459_470,-33.87489318847656,151.20970153808594,16.0,0.0,83,1.38,True
2026-09-05T10:25:56+10:00,2284448,2459_438X,-33.869972229003906,151.21034240722656,181.0,0.0,32,0.53,True
2026-09-05T10:25:56+10:00,2038597,2459_440,-33.881099700927734,151.20875549316406,8.0,36.0,481,8.02,False
2026-09-05T10:25:56+10:00,2210244,2459_464,-33.895713806152344,151.10687255859375,254.0,37.4,115,1.92,True
2026-09-05T10:25:56+10:00,2287070,2459_438X,-33.84516906738281,151.12850952148438,2.0,0.0,34,0.57,True
2026-09-05T10:25:56+10:00,2283954,2459_438X,-33.881195068359375,151.20497131347656,303.0,0.0,50,0.83,True
2026-09-05T10:25:56+10:00,2038923,2459_412,-33.8884391784668,151.18133544921875,311.0,0.0,611,10.18,False
2026-09-05T10:25:56+10:00,2289594,2459_418,-33.88890838623047,151.1250762939453,310.0,36.0,126,2.1,True
2026-09-05T10:25:56+10:00,2290045,2459_437,-33.87095642089844,151.20455932617188,89.0,0.0,7,0.12,True
2026-09-05T10:25:56+10:00,2668315,2459_420,-33.924476623535156,151.1883544921875,278.0,0.0,192,3.2,True
2026-09-05T10:25:56+10:00,2289898,2459_426,-33.88233184814453,151.2047119140625,47.0,24.8,-293,-4.88,False
2026-09-05T10:25:56+10:00,2286465,2459_433,-33.88003921508789,151.20851135253906,184.0,0.0,0,0.0,True
2026-09-05T10:25:56+10:00,1904720,2459_461X,-33.88462829589844,151.18849182128906,93.0,39.6,180,3.0,True
2026-09-05T10:25:56+10:00,2618778,2459_422,-33.881134033203125,151.2063751220703,210.0,0.0,55,0.92,True
2026-09-05T10:25:56+10:00,2284774,2459_433,-33.88090515136719,151.20660400390625,212.0,0.0,0,0.0,True
2026-09-05T10:25:56+10:00,2287084,2459_469,-33.8857307434082,151.14952087402344,81.0,0.0,17,0.28,True
2026-09-05T10:25:56+10:00,2037177,2459_412,-33.89276123046875,151.15802001953125,293.0,10.8,-151,-2.52,False
2026-09-05T10:25:56+10:00,2608953,2459_430,-33.90879821777344,151.16299438476562,214.0,0.0,-321,-5.35,False
2026-09-05T10:25:56+10:00,2285568,2459_433,-33.857418060302734,151.1807098388672,135.0,9.0,136,2.27,True
2026-09-05T10:25:56+10:00,2596603,2459_492,-33.894996643066406,151.1092529296875,81.0,23.4,202,3.37,True
2026-09-05T10:25:56+10:00,1904619,2459_461X,-33.868953704833984,151.10736083984375,98.0,36.7,135,2.25,True
2026-09-05T10:25:56+10:00,1870762,2459_412,-33.909423828125,151.15179443359375,35.0,36.7,41,0.68,True
2026-09-05T10:25:56+10:00,2283568,2459_428,-33.89957809448242,151.15562438964844,94.0,7.2,234,3.9,True
2026-09-05T10:25:56+10:00,2286575,2459_418,-33.92433547973633,151.16033935546875,118.0,0.0,1,0.02,True
2026-09-05T10:25:56+10:00,2636610,2459_415,-33.86900329589844,151.10586547851562,278.0,0.0,-71,-1.18,False
2026-09-05T10:25:56+10:00,2287605,2459_470,-33.864933013916016,151.20989990234375,226.0,0.0,99,1.65,True
2026-09-05T10:25:56+10:00,2636648,2459_504,-33.87290573120117,151.20445251464844,244.0,0.0,163,2.72,True
2026-09-05T10:25:56+10:00,2289353,2459_348,-33.921016693115234,151.2380828857422,98.0,0.0,3,0.05,True
2026-09-05T10:25:56+10:00,2284193,2459_438X,-33.868465423583984,151.12969970703125,191.0,20.2,-145,-2.42,False
2026-09-05T10:25:56+10:00,2288908,2459_438X,-33.86201858520508,151.13052368164062,9.0,47.2,-188,-3.13,False
2026-09-05T10:25:56+10:00,2340955,2459_308,-33.88814926147461,151.20648193359375,11.0,35.6,135,2.25,True
2026-09-05T10:25:56+10:00,2686156,2459_423,-33.9073371887207,151.1641082763672,213.0,13.0,52,0.87,True
2026-09-05T10:25:56+10:00,2588624,7016_7AT4,-33.92193603515625,151.16424560546875,225.0,46.4,337,5.62,False
2026-09-05T10:25:56+10:00,2286062,2459_426,-33.90888214111328,151.1628875732422,214.0,0.0,149,2.48,True
2026-09-05T10:25:56+10:00,2475909,2459_530,-33.81491470336914,151.1555633544922,103.0,28.4,659,10.98,False
2026-09-05T10:25:56+10:00,2290857,2459_428,-33.90510177612305,151.13304138183594,288.0,26.3,-336,-5.6,False
2026-09-05T10:25:56+10:00,2289975,2459_470,-33.88392639160156,151.19046020507812,96.0,15.1,22,0.37,True
2026-09-05T10:25:56+10:00,2290777,2459_470,-33.86753463745117,151.2106170654297,189.0,4.7,55,0.92,True
2026-09-05T10:25:56+10:00,2210827,2459_464,-33.88969802856445,151.1172332763672,3.0,31.0,-48,-0.8,True
2026-09-05T10:25:56+10:00,1911978,2459_483,-33.88775634765625,151.16842651367188,82.0,47.5,122,2.03,True
2026-09-05T10:25:56+10:00,1962897,2459_445,-33.87028121948242,151.1618194580078,223.0,39.2,0,0.0,True
2026-09-05T10:25:56+10:00,1961372,2459_412,-33.9039306640625,151.15318298339844,6.0,23.4,620,10.33,False
2026-09-05T10:25:56+10:00,2287128,2459_438X,-33.88428497314453,151.14959716796875,268.0,0.0,88,1.47,True
2026-09-05T10:25:56+10:00,2686099,2459_423,-33.92662811279297,151.12673950195312,276.0,0.4,722,12.03,False
2026-09-05T10:25:56+10:00,1962896,2459_445,-33.88792419433594,151.1575927734375,174.0,0.0,19,0.32,True
2026-09-05T10:25:56+10:00,1963812,2459_412,-33.865501403808594,151.21041870117188,217.0,0.0,0,0.0,True
2026-09-05T10:25:56+10:00,1962899,2459_445,-33.8580436706543,151.18344116210938,111.0,0.0,0,0.0,True
2026-09-05T10:25:56+10:00,2596622,2459_492,-33.852813720703125,151.15191650390625,231.0,0.4,180,3.0,True
2026-09-05T10:25:56+10:00,2620114,2459_530,-33.81492614746094,151.153076171875,245.0,34.9,-130,-2.17,False
2026-09-05T10:25:56+10:00,2286149,2459_502,-33.85419845581055,151.104248046875,254.0,41.0,-52,-0.87,True
2026-09-05T10:25:56+10:00,2038599,2459_440,-33.88420486450195,151.15719604492188,173.0,0.0,-6,-0.1,True
2026-09-05T10:25:56+10:00,2288898,2459_431,-33.884395599365234,151.19468688964844,87.0,0.0,72,1.2,True
2026-09-05T10:25:56+10:00,2349564,2459_418,-33.9122314453125,151.16004943847656,120.0,0.0,258,4.3,True
2026-09-05T10:25:56+10:00,1905358,2459_461X,-33.87799835205078,151.13037109375,332.0,37.8,-250,-4.17,False
2026-09-05T10:25:56+10:00,2686142,2459_423,-33.923675537109375,151.1422119140625,247.0,20.9,119,1.98,True
2026-09-05T10:25:56+10:00,2668385,2459_420,-33.924583435058594,151.16700744628906,220.0,60.1,-12,-0.2,True
2026-09-05T10:25:56+10:00,2286205,2459_348,-33.91045379638672,151.19439697265625,128.0,31.3,-7,-0.12,True
2026-09-05T10:25:56+10:00,2283296,2459_438X,-33.8448600769043,151.1284942626953,2.0,0.0,0,0.0,True
2026-09-05T10:25:56+10:00,2208606,2459_466,-33.859153747558594,151.1143798828125,257.0,41.8,-62,-1.03,False
2026-09-05T10:25:56+10:00,2288774,2459_442,-33.868202209472656,151.17623901367188,157.0,25.6,94,1.57,True
2026-09-05T10:25:56+10:00,2588732,7016_7AT4,-33.92216491699219,151.16371154785156,44.0,46.8,-78,-1.3,False
2026-09-05T10:25:56+10:00,2290255,2459_470,-33.87338638305664,151.1637420654297,72.0,32.4,55,0.92,True
2026-09-05T10:25:56+10:00,2596575,2459_490,-33.87575912475586,151.11016845703125,274.0,31.3,49,0.82,True
2026-09-05T10:25:56+10:00,2290469,2459_438X,-33.8837776184082,151.15663146972656,86.0,0.0,260,4.33,True
2026-09-05T10:25:56+10:00,2660315,2459_320,-33.882598876953125,151.20774841308594,305.0,12.2,-286,-4.77,False
2026-09-05T10:25:56+10:00,2636775,2459_504,-33.857051849365234,151.14552307128906,47.0,7.9,0,0.0,True
2026-09-05T10:25:56+10:00,2287992,2459_428,-33.882972717285156,151.20375061035156,45.0,2.9,439,7.32,False
2026-09-05T10:25:56+10:00,2282992,2459_431,-33.86885070800781,151.2107391357422,186.0,0.0,572,9.53,False
2026-09-05T10:25:56+10:00,2284293,2459_418,-33.91251754760742,151.16055297851562,300.0,0.0,379,6.32,False
2026-09-05T10:25:56+10:00,2474905,2459_389,-33.873207092285156,151.20901489257812,98.0,32.8,9,0.15,True
2026-09-05T10:25:56+10:00,2596551,2459_492,-33.852046966552734,151.1530303955078,51.0,0.0,215,3.58,True
2026-09-05T10:25:56+10:00,2686151,2459_423,-33.86888885498047,151.21046447753906,185.0,0.0,1,0.02,True
2026-09-05T10:25:56+10:00,2287801,2459_348,-33.91255569458008,151.2006378173828,286.0,31.0,29,0.48,True
2026-09-05T10:25:56+10:00,2596492,2459_491,-33.86989974975586,151.12940979003906,189.0,0.0,81,1.35,True
2026-09-05T10:25:56+10:00,2686055,2459_423,-33.885013580322266,151.19456481933594,200.0,0.0,40,0.67,True
2026-09-05T10:25:56+10:00,2288598,2459_428,-33.88302993774414,151.20391845703125,50.0,4.3,-462,-7.7,False
2026-09-05T10:25:56+10:00,2288351,2459_441,-33.87222671508789,151.2064666748047,175.0,24.8,83,1.38,True
2026-09-05T10:25:56+10:00,2588923,7016_7AT4,-33.897926330566406,151.19863891601562,345.0,0.0,127,2.12,True
2026-09-05T10:25:56+10:00,1905580,2459_461X,-33.88483810424805,151.19290161132812,263.0,29.5,-55,-0.92,True
2026-09-05T10:25:56+10:00,1962895,2459_445,-33.90566635131836,151.13406372070312,302.0,30.2,39,0.65,True
2026-09-05T10:25:56+10:00,2286249,2459_440,-33.89091110229492,151.2487335205078,96.0,0.0,0,0.0,True
2026-09-05T10:25:56+10:00,2287782,2459_428,-33.89683151245117,151.17945861816406,218.0,6.5,3,0.05,True
2026-09-05T10:25:56+10:00,2287887,2459_423,-33.92350387573242,151.13632202148438,56.0,6.8,666,11.1,False
2026-09-05T10:25:56+10:00,1962898,2459_445,-33.858055114746094,151.18313598632812,293.0,8.6,56,0.93,True
2026-09-05T10:25:56+10:00,2290835,2459_433,-33.856082916259766,151.17625427246094,278.0,27.7,121,2.02,True
2026-09-05T10:25:56+10:00,2286177,2459_433,-33.87940979003906,151.17747497558594,158.0,0.0,-178,-2.97,False
2026-09-05T10:25:56+10:00,2588925,7016_7AT4,-33.915321350097656,151.16574096679688,60.0,0.0,116,1.93,True
2026-09-05T10:25:56+10:00,2286464,2459_389,-33.89143753051758,151.24920654296875,96.0,0.0,1,0.02,True
2026-09-05T10:25:56+10:00,2340798,2459_308,-33.908504486083984,151.17173767089844,79.0,0.0,0,0.0,True
2026-09-05T10:25:56+10:00,2284842,2459_389,-33.86772918701172,151.19598388671875,154.0,0.0,323,5.38,False
2026-09-05T10:25:56+10:00,2588723,7016_7AT4,-33.935157775878906,151.15098571777344,223.0,55.8,554,9.23,False
2026-09-05T10:25:56+10:00,2596641,2459_491,-33.91266632080078,151.11846923828125,231.0,0.0,117,1.95,True
2026-09-05T10:25:56+10:00,1905581,2459_461X,-33.873836517333984,151.2132568359375,281.0,0.4,-205,-3.42,False
2026-09-05T10:25:56+10:00,2588654,7016_7AT4,-33.91316604614258,151.1803741455078,304.0,0.4,-57,-0.95,True
2026-09-05T10:25:56+10:00,2475926,2459_530,-33.857879638671875,151.14434814453125,42.0,35.3,-161,-2.68,False
2026-09-05T10:25:56+10:00,2554309,2459_358,-33.92118453979492,151.18222045898438,107.0,1.4,77,1.28,True
2026-09-05T10:25:56+10:00,2286297,2459_440,-33.88810729980469,151.15826416015625,257.0,0.0,-234,-3.9,False
2026-09-05T10:25:56+10:00,2285628,2459_389,-33.87377166748047,151.21286010742188,281.0,0.0,324,5.4,False
2026-09-05T10:25:56+10:00,2284544,2459_470,-33.88017272949219,151.20750427246094,283.0,0.0,503,8.38,False
2026-09-05T10:25:56+10:00,2515330,2459_410,-33.86191940307617,151.10682678222656,299.0,37.4,943,15.72,False
2026-09-05T10:25:56+10:00,2211419,2459_464,-33.86623764038086,151.10594177246094,188.0,38.5,9,0.15,True
2026-09-05T10:25:56+10:00,2588874,7016_7AT4,-33.91524887084961,151.16595458984375,61.0,1.1,33,0.55,True
2026-09-05T10:25:56+10:00,2285622,2459_440,-33.88271713256836,151.2203369140625,324.0,37.8,-195,-3.25,False
2026-09-05T10:25:56+10:00,2288695,2459_422,-33.899131774902344,151.1777801513672,349.0,0.7,664,11.07,False
2026-09-05T10:25:56+10:00,2290300,2459_438X,-33.87788391113281,151.1367645263672,146.0,40.7,219,3.65,True
2026-09-05T10:25:56+10:00,2308995,2459_445,-33.88032531738281,151.15000915527344,35.0,7.6,-169,-2.82,False
2026-09-05T10:25:56+10:00,2211218,2459_413,-33.8839111328125,151.20266723632812,250.0,11.2,-116,-1.93,False
2026-09-05T10:25:56+10:00,2620105,2459_530,-33.871334075927734,151.12142944335938,280.0,34.9,305,5.08,False
2026-09-05T10:25:56+10:00,2289052,2459_303,-33.93466567993164,151.19386291503906,165.0,6.1,179,2.98,True
2026-09-05T10:25:56+10:00,2596537,2459_490,-33.87492752075195,151.10459899902344,98.0,0.0,608,10.13,False
2026-09-05T10:25:56+10:00,2349321,2459_418,-33.90089797973633,151.127197265625,185.0,37.1,178,2.97,True
2026-09-05T10:25:56+10:00,2660143,2459_320,-33.88424301147461,151.2034454345703,28.0,18.4,0,0.0,True
2026-09-05T10:25:56+10:00,1963810,2459_412,-33.913177490234375,151.14683532714844,218.0,34.9,-2,-0.03,True
2026-09-05T10:25:56+10:00,2290764,2459_423,-33.87894058227539,151.2071990966797,14.0,14.4,682,11.37,False
2026-09-05T10:25:56+10:00,2288997,2459_433,-33.884368896484375,151.1944580078125,86.0,5.4,-354,-5.9,False
2026-09-05T10:25:56+10:00,2608949,2459_430,-33.89774703979492,151.17825317382812,57.0,15.8,-186,-3.1,False
2026-09-05T10:25:56+10:00,2283700,2459_348,-33.915985107421875,151.23365783691406,99.0,0.0,469,7.82,False
2026-09-05T10:25:56+10:00,2308707,2459_445,-33.86948013305664,151.16268920898438,42.0,46.8,176,2.93,True
2026-09-05T10:25:56+10:00,2377022,2508_100,-33.83454132080078,151.2113037109375,17.0,19.8,148,2.47,True
2026-09-05T10:25:56+10:00,2714021,2508_144,-33.829872131347656,151.2141876220703,272.0,0.0,215,3.58,True
2026-09-05T10:25:56+10:00,2374795,2508_173X,-33.81061553955078,151.2445831298828,41.0,28.4,473,7.88,False
2026-09-05T10:25:56+10:00,2377580,2508_100,-33.86807632446289,151.20596313476562,175.0,22.3,-29,-0.48,True
2026-09-05T10:25:56+10:00,2714001,2508_144,-33.81294631958008,151.24435424804688,231.0,0.0,89,1.48,True
2026-09-05T10:25:56+10:00,2374616,2508_144,-33.79611587524414,151.25262451171875,55.0,0.0,236,3.93,True
2026-09-05T10:25:56+10:00,2424293,2508_230,-33.83492660522461,151.2077178955078,8.0,0.0,664,11.07,False
2026-09-05T10:25:56+10:00,2375772,2508_B1,-33.82396697998047,151.24188232421875,232.0,21.6,17,0.28,True
2026-09-05T10:25:56+10:00,2146914,2508_161,-33.81960678100586,151.29779052734375,295.0,19.4,22,0.37,True
2026-09-05T10:25:56+10:00,2377448,2508_243,-33.82219696044922,151.2391815185547,102.0,0.0,335,5.58,False
2026-09-05T10:25:56+10:00,2550504,2508_263,-33.82476043701172,151.20094299316406,270.0,0.0,-9,-0.15,True
2026-09-05T10:25:56+10:00,2376939,2508_B1,-33.81764602661133,151.2437744140625,159.0,16.9,-66,-1.1,False
2026-09-05T10:25:56+10:00,1973297,2508_162,-33.79439163208008,151.26255798339844,8.0,0.0,132,2.2,True
2026-09-05T10:25:56+10:00,2714064,2508_144,-33.82855224609375,151.2066192626953,281.0,26.3,565,9.42,False
2026-09-05T10:25:56+10:00,2415946,2508_B1,-33.835357666015625,151.21109008789062,12.0,33.8,255,4.25,True
2026-09-05T10:25:56+10:00,2375847,2508_100,-33.82582092285156,151.23309326171875,220.0,23.0,159,2.65,True
2026-09-05T10:25:56+10:00,2375017,2508_172X,-33.789100646972656,151.25601196289062,106.0,24.8,191,3.18,True
2026-09-05T10:25:56+10:00,2377563,2508_144,-33.7966194152832,151.18035888671875,179.0,0.0,0,0.0,True
2026-09-05T10:25:56+10:00,2714010,2508_114,-33.82322692871094,151.25054931640625,79.0,1.1,67,1.12,True
2026-09-05T10:25:56+10:00,2375631,2508_B1,-33.829925537109375,151.21539306640625,275.0,37.4,36,0.6,True
2026-09-05T10:25:56+10:00,2376288,2508_100,-33.85367965698242,151.2098846435547,28.0,57.6,-129,-2.15,False
2026-09-05T10:25:56+10:00,2714025,2508_114,-33.82622528076172,151.2328338623047,219.0,0.0,453,7.55,False
2026-09-05T10:25:56+10:00,2713990,2508_144,-33.82415771484375,151.2416534423828,242.0,0.0,362,6.03,False
2026-09-05T10:25:56+10:00,2454889,2508_225,-33.82811737060547,151.2301025390625,61.0,0.0,412,6.87,False
2026-09-05T10:25:56+10:00,2376536,2508_100,-33.83402633666992,151.24546813964844,152.0,38.2,-12,-0.2,True
2026-09-05T10:25:56+10:00,2420705,2508_230,-33.8298454284668,151.21466064453125,268.0,0.0,174,2.9,True
2026-09-05T10:25:56+10:00,2420921,2508_230,-33.84857940673828,151.21324157714844,169.0,0.0,458,7.63,False
2026-09-05T10:25:56+10:00,2373886,2508_100,-33.84203338623047,151.2438507080078,179.0,0.0,0,0.0,True
2026-09-05T10:25:56+10:00,2415939,2508_B1,-33.86684799194336,151.20628356933594,2.0,0.0,7,0.12,True
2026-09-05T10:25:56+10:00,2374276,2508_144,-33.81110763549805,151.2440948486328,37.0,25.9,243,4.05,True
2026-09-05T10:25:56+10:00,2374659,2508_144,-33.795310974121094,151.2552032470703,71.0,45.0,567,9.45,False
2026-09-05T10:25:56+10:00,2424279,2508_230,-33.83170700073242,151.23910522460938,249.0,0.0,643,10.72,False
2026-09-05T10:25:56+10:00,2389379,2508_173X,-33.79440689086914,151.25875854492188,250.0,18.7,223,3.72,True
2026-09-05T10:25:56+10:00,2377663,2508_100,-33.8702507019043,151.20619201660156,176.0,9.7,-663,-11.05,False
2026-09-05T10:25:56+10:00,2420708,2508_225,-33.83781433105469,151.2218780517578,183.0,32.8,-128,-2.13,False
2026-09-05T10:25:56+10:00,2415874,2508_B1,-33.82487869262695,151.234130859375,59.0,39.6,352,5.87,False
2026-09-05T10:25:56+10:00,2373872,2508_173X,-33.836212158203125,151.21087646484375,9.0,24.5,118,1.97,True
2026-09-05T10:25:56+10:00,2393259,2508_114,-33.82331085205078,151.1962432861328,109.0,42.1,89,1.48,True
2026-09-05T10:25:56+10:00,2375811,2508_144,-33.830326080322266,151.21922302246094,118.0,31.7,22,0.37,True
2026-09-05T10:25:56+10:00,2415928,2508_B1,-33.86473846435547,151.2052459716797,119.0,16.9,121,2.02,True
2026-09-05T10:25:56+10:00,2392814,2508_114,-33.82435989379883,151.2391357421875,93.0,0.0,282,4.7,True
2026-09-05T10:25:56+10:00,2376574,2508_144,-33.79710006713867,151.17994689941406,244.0,0.0,0,0.0,True
2026-09-05T10:25:56+10:00,2377257,2508_144,-33.8238410949707,151.1974639892578,139.0,37.4,228,3.8,True
2026-09-05T10:25:56+10:00,2377157,2508_144,-33.816158294677734,151.17857360839844,154.0,39.6,131,2.18,True
2026-09-05T10:25:56+10:00,2589801,2508_280,-33.779998779296875,151.1956787109375,160.0,39.2,9,0.15,True
2026-09-05T10:25:56+10:00,2376115,2508_100,-33.824378967285156,151.23963928222656,101.0,0.4,-37,-0.62,True
2026-09-05T10:25:56+10:00,2376309,2508_144,-33.79635238647461,151.18043518066406,173.0,0.0,0,0.0,True
2026-09-05T10:25:56+10:00,2090546,2508_160X,-33.786895751953125,151.18148803710938,340.0,0.0,211,3.52,True
2026-09-05T10:25:56+10:00,2550354,2508_263,-33.863563537597656,151.20977783203125,264.0,0.0,0,0.0,True
2026-09-05T10:25:56+10:00,2374457,2508_100,-33.83164978027344,151.24424743652344,19.0,17.6,107,1.78,True
2026-09-05T10:25:56+10:00,2420851,2508_238,-33.84581756591797,151.23983764648438,278.0,0.0,0,0.0,True
2026-09-05T10:25:56+10:00,2374605,2508_144,-33.82420349121094,151.2373504638672,96.0,0.0,123,2.05,True
2026-09-05T10:25:56+10:00,2415957,2508_B1,-33.81095504760742,151.24423217773438,44.0,28.4,534,8.9,False
2026-09-05T10:25:56+10:00,2356345,2509_373,-33.920711517333984,151.24612426757812,101.0,36.7,48,0.8,True
2026-09-05T10:25:56+10:00,2346346,2509_390X,-33.90593338012695,151.24220275878906,9.0,14.0,35,0.58,True
2026-09-05T10:25:56+10:00,2139381,2509_375,-33.93952178955078,151.2578125,306.0,35.3,584,9.73,False
2026-09-05T10:25:56+10:00,2533600,2509_350,-33.894004821777344,151.24972534179688,330.0,11.9,-6,-0.1,True
2026-09-05T10:25:56+10:00,2609832,2509_333,-33.88996505737305,151.2827606201172,236.0,23.8,0,0.0,True
2026-09-05T10:25:56+10:00,2137433,2509_375,-33.925758361816406,151.2500457763672,105.0,37.4,50,0.83,True
2026-09-05T10:25:56+10:00,2609610,2509_333,-33.88956832885742,151.28326416015625,213.0,0.7,42,0.7,True
2026-09-05T10:25:56+10:00,2548574,2509_328,-33.890098571777344,151.24769592285156,185.0,34.6,-103,-1.72,False
2026-09-05T10:25:56+10:00,2531374,2509_350,-33.922767639160156,151.25648498535156,192.0,11.9,389,6.48,False
2026-09-05T10:25:56+10:00,2609721,2509_333,-33.872989654541016,151.20994567871094,199.0,5.0,27,0.45,True
2026-09-05T10:25:56+10:00,2434474,2509_390X,-33.91532516479492,151.22854614257812,274.0,21.2,406,6.77,False
2026-09-05T10:25:56+10:00,2352662,2509_307,-33.92439651489258,151.18792724609375,99.0,0.0,-242,-4.03,False
2026-09-05T10:25:56+10:00,2533832,2509_313,-33.90367889404297,151.25286865234375,10.0,0.0,1633,27.22,False
2026-09-05T10:25:56+10:00,2533395,2509_355,-33.90642166137695,151.16815185546875,132.0,2.9,-227,-3.78,False
2026-09-05T10:25:56+10:00,2356692,2509_373,-33.91806411743164,151.24171447753906,266.0,24.5,131,2.18,True
2026-09-05T10:25:56+10:00,2400344,2509_309,-33.904876708984375,151.20266723632812,351.0,36.0,245,4.08,True
2026-09-05T10:25:56+10:00,2563867,2509_379,-33.90190887451172,151.25450134277344,334.0,13.3,456,7.6,False
2026-09-05T10:25:56+10:00,2356475,2509_311,-33.87421417236328,151.21560668945312,281.0,0.0,268,4.47,True
2026-09-05T10:25:56+10:00,2403164,2509_311,-33.87180709838867,151.2064208984375,176.0,25.2,-110,-1.83,False
2026-09-05T10:25:56+10:00,2533213,2509_355,-33.89427185058594,151.2293701171875,173.0,13.0,224,3.73,True
2026-09-05T10:25:56+10:00,2534519,2509_352,-33.89161682128906,151.21266174316406,103.0,13.3,191,3.18,True
2026-09-05T10:25:56+10:00,2534149,2509_350,-33.94104766845703,151.23553466796875,281.0,45.7,359,5.98,False
2026-09-05T10:25:56+10:00,2138865,2509_306,-33.929420471191406,151.1947784423828,190.0,0.0,53,0.88,True
2026-09-05T10:25:56+10:00,2699491,7054_1T3,-33.915382385253906,151.17469787597656,63.0,48.6,163,2.72,True
2026-09-05T10:25:56+10:00,2534244,2509_325,-33.856014251708984,151.2069091796875,226.0,0.0,0,0.0,True
2026-09-05T10:25:56+10:00,2335702,2509_309,-33.91282653808594,151.2014617919922,16.0,6.8,-103,-1.72,False
2026-09-05T10:25:56+10:00,2531485,2509_350,-33.89199447631836,151.24978637695312,181.0,18.7,2,0.03,True
2026-09-05T10:25:56+10:00,2533502,2509_362,-33.89167785644531,151.27383422851562,223.0,13.3,582,9.7,False
2026-09-05T10:25:56+10:00,2610002,2509_333,-33.8947868347168,151.2696990966797,100.0,39.2,185,3.08,True
2026-09-05T10:25:56+10:00,2531580,2509_324,-33.84674835205078,151.28402709960938,151.0,38.9,0,0.0,True
2026-09-05T10:25:56+10:00,2628744,2509_304,-33.885963439941406,151.2138671875,190.0,18.4,243,4.05,True
2026-09-05T10:25:56+10:00,2137766,2509_396,-33.862667083740234,151.21115112304688,8.0,0.0,0,0.0,True
2026-09-05T10:25:56+10:00,2434437,2509_390X,-33.891143798828125,151.2488555908203,278.0,0.0,0,0.0,True
2026-09-05T10:25:56+10:00,2679355,2509_370,-33.90650939941406,151.18138122558594,159.0,0.0,65,1.08,True
2026-09-05T10:25:56+10:00,2679247,2509_370,-33.892669677734375,151.1862335205078,253.0,25.9,-93,-1.55,False
2026-09-05T10:25:56+10:00,2138010,2509_396,-33.872528076171875,151.2100067138672,178.0,15.1,630,10.5,False
2026-09-05T10:25:56+10:00,2140437,2509_375,-33.94902420043945,151.2509307861328,201.0,0.0,607,10.12,False
2026-09-05T10:25:56+10:00,2628780,2509_304,-33.87847137451172,151.2098388671875,101.0,25.9,28,0.47,True
2026-09-05T10:25:56+10:00,2356489,2509_373,-33.880008697509766,151.21612548828125,321.0,0.0,194,3.23,True
2026-09-05T10:25:56+10:00,2531254,2509_362,-33.899147033691406,151.2689666748047,22.0,0.4,61,1.02,True
2026-09-05T10:25:56+10:00,2609703,2509_333,-33.867862701416016,151.21058654785156,6.0,14.8,-96,-1.6,False
2026-09-05T10:25:56+10:00,2488386,2509_392,-33.89613723754883,151.20736694335938,97.0,0.0,122,2.03,True
2026-09-05T10:25:56+10:00,2609999,2509_333,-33.8624382019043,151.211181640625,5.0,0.0,0,0.0,True
2026-09-05T10:25:56+10:00,2533143,2509_360,-33.89141082763672,151.2489471435547,98.0,16.9,65,1.08,True
2026-09-05T10:25:56+10:00,2357247,2509_339,-33.90862274169922,151.24819946289062,296.0,22.3,-56,-0.93,True
2026-09-05T10:25:56+10:00,2396598,2509_392,-33.89665603637695,151.19943237304688,272.0,0.0,-287,-4.78,False
2026-09-05T10:25:56+10:00,2563979,2509_386,-33.89108657836914,151.24835205078125,275.0,0.0,56,0.93,True
2026-09-05T10:25:56+10:00,2180118,7054_13T4,-33.92876434326172,151.15357971191406,111.0,5.0,183,3.05,True
2026-09-05T10:25:56+10:00,2675064,2509_309,-33.95825958251953,151.20762634277344,133.0,39.6,-172,-2.87,False
2026-09-05T10:25:56+10:00,2674977,2509_309,-33.895816802978516,151.1990509033203,167.0,31.7,107,1.78,True
2026-09-05T10:25:56+10:00,2346565,7054_13T4,-33.94012451171875,151.14691162109375,46.0,0.4,261,4.35,True
2026-09-05T10:25:56+10:00,2533428,2509_350,-33.946617126464844,151.25645446777344,225.0,0.0,479,7.98,False
2026-09-05T10:25:56+10:00,2531354,2509_360,-33.903804779052734,151.25662231445312,331.0,13.3,279,4.65,True
2026-09-05T10:25:56+10:00,2356963,2509_343,-33.92156219482422,151.2005157470703,195.0,0.7,1102,18.37,False
2026-09-05T10:25:56+10:00,2346392,2509_390X,-33.91604995727539,151.2345733642578,119.0,0.0,-18,-0.3,True
2026-09-05T10:25:56+10:00,2494543,2509_374,-33.91427230834961,151.2483673095703,285.0,34.2,158,2.63,True
2026-09-05T10:25:56+10:00,2470844,2509_356,-33.8983268737793,151.2434539794922,98.0,31.0,228,3.8,True
2026-09-05T10:25:56+10:00,2609966,2509_333,-33.889739990234375,151.24107360839844,77.0,0.0,98,1.63,True
2026-09-05T10:25:56+10:00,2532195,2509_350,-33.91219711303711,151.2587127685547,160.0,8.6,24,0.4,True
2026-09-05T10:25:56+10:00,2434774,2509_390X,-33.89338684082031,151.2495574951172,188.0,14.4,90,1.5,True
2026-09-05T10:25:56+10:00,2675089,2509_309,-33.955589294433594,151.23020935058594,81.0,24.5,502,8.37,False
2026-09-05T10:25:56+10:00,2679373,2509_370,-33.91510772705078,151.22764587402344,98.0,0.0,334,5.57,False
2026-09-05T10:25:56+10:00,2610099,2509_333,-33.88602828979492,151.22872924804688,313.0,1.4,547,9.12,False
2026-09-05T10:25:56+10:00,2137728,2509_396,-33.90058517456055,151.2225799560547,172.0,0.0,463,7.72,False
2026-09-05T10:25:56+10:00,2494842,2509_343,-33.92340087890625,151.21005249023438,279.0,31.0,55,0.92,True
2026-09-05T10:25:56+10:00,2434833,2509_390X,-33.909122467041016,151.2441864013672,231.0,0.0,471,7.85,False
2026-09-05T10:25:56+10:00,2400653,2509_393,-33.95352554321289,151.2305145263672,29.0,21.6,-67,-1.12,False
2026-09-05T10:25:56+10:00,2534131,2509_324,-33.87895965576172,151.23727416992188,101.0,0.0,476,7.93,False
2026-09-05T10:25:56+10:00,2138255,2509_396,-33.94741439819336,151.25550842285156,50.0,0.0,56,0.93,True
2026-09-05T10:25:56+10:00,2531693,2509_325,-33.8533935546875,151.27627563476562,139.0,45.7,-65,-1.08,False
2026-09-05T10:25:56+10:00,2533739,2509_352,-33.88957595825195,151.2048797607422,279.0,0.0,99,1.65,True
2026-09-05T10:25:56+10:00,2139774,2509_396,-33.94120788574219,151.239501953125,168.0,0.0,216,3.6,True
2026-09-05T10:25:56+10:00,2532767,2509_350,-33.93277359008789,151.179443359375,90.0,13.0,232,3.87,True
2026-09-05T10:25:56+10:00,2675049,2509_309,-33.9582405090332,151.20762634277344,134.0,38.2,1743,29.05,False
2026-09-05T10:25:56+10:00,2357197,2509_339,-33.88535690307617,151.21630859375,299.0,0.0,201,3.35,True
2026-09-05T10:25:56+10:00,2679286,2509_370,-33.909912109375,151.2228546142578,98.0,0.0,-83,-1.38,False
2026-09-05T10:25:56+10:00,2533123,2509_355,-33.90034484863281,151.1893310546875,93.0,37.1,190,3.17,True
2026-09-05T10:25:56+10:00,2610095,2509_333,-33.87686538696289,151.2113800048828,90.0,9.7,210,3.5,True
2026-09-05T10:25:56+10:00,2494606,2509_343,-33.8748893737793,151.209716796875,15.0,4.3,81,1.35,True
2026-09-05T10:25:56+10:00,2356551,2509_370,-33.914981842041016,151.22703552246094,280.0,30.6,258,4.3,True
2026-09-05T10:25:56+10:00,2352638,2509_356,-33.91521072387695,151.2404327392578,162.0,2.5,905,15.08,False
2026-09-05T10:25:56+10:00,2674973,2509_309,-33.89376449584961,151.19866943359375,19.0,0.0,0,0.0,True
2026-09-05T10:25:56+10:00,2531691,2509_350,-33.941551208496094,151.23883056640625,100.0,0.0,269,4.48,True
2026-09-05T10:25:56+10:00,2533182,2509_313,-33.892948150634766,151.24964904785156,189.0,15.5,91,1.52,True
2026-09-05T10:25:56+10:00,2679341,2509_370,-33.87582778930664,151.1839141845703,147.0,27.0,-9,-0.15,True
2026-09-05T10:25:56+10:00,2346355,2509_390X,-33.94414520263672,151.23973083496094,349.0,0.0,421,7.02,False
2026-09-05T10:25:56+10:00,2494695,2509_374,-33.88373565673828,151.208251953125,10.0,0.0,-135,-2.25,False
2026-09-05T10:25:56+10:00,2533389,2509_325,-33.876861572265625,151.22781372070312,279.0,32.8,65,1.08,True
2026-09-05T10:25:56+10:00,2472377,7054_1T3,-33.91033172607422,151.17520141601562,239.0,34.6,162,2.7,True
2026-09-05T10:25:56+10:00,2494490,2509_343,-33.886661529541016,151.20677185058594,11.0,21.6,-137,-2.28,False
2026-09-05T10:25:56+10:00,2357594,2509_374,-33.89073944091797,151.2101287841797,115.0,31.3,71,1.18,True
2026-09-05T10:25:56+10:00,2396547,2509_392,-33.955806732177734,151.23016357421875,353.0,0.0,247,4.12,True
2026-09-05T10:25:56+10:00,2609638,2509_333,-33.87757873535156,151.21315002441406,136.0,0.0,443,7.38,False
2026-09-05T10:25:56+10:00,2356872,2509_339,-33.90446090698242,151.24435424804688,136.0,0.0,188,3.13,True
2026-09-05T10:25:56+10:00,2699530,7054_1T3,-33.9056396484375,151.1809539794922,338.0,15.8,417,6.95,False
2026-09-05T10:25:56+10:00,2551748,2509_379,-33.8954963684082,151.25071716308594,150.0,29.5,50,0.83,True
2026-09-05T10:25:56+10:00,2136861,2509_396,-33.93665313720703,151.23789978027344,353.0,19.8,596,9.93,False
2026-09-05T10:25:56+10:00,2472445,7054_1T3,-33.90043258666992,151.193603515625,217.0,4.7,1394,23.23,False
2026-09-05T10:25:56+10:00,2357210,2509_370,-33.87986755371094,151.18707275390625,327.0,0.0,-123,-2.05,False
2026-09-05T10:25:56+10:00,2699462,7054_1T3,-33.88018035888672,151.2075653076172,284.0,0.0,346,5.77,False
2026-09-05T10:25:56+10:00,2398251,2509_392,-33.95336151123047,151.23057556152344,33.0,36.0,824,13.73,False
2026-09-05T10:25:56+10:00,2138621,2509_396,-33.94564437866211,151.25765991210938,221.0,5.8,240,4.0,True
2026-09-05T10:25:56+10:00,2534550,2509_380,-33.89271926879883,151.27281188964844,359.0,0.0,275,4.58,True
2026-09-05T10:25:56+10:00,2494526,2509_343,-33.915672302246094,151.2046661376953,15.0,38.2,311,5.18,False
2026-09-05T10:25:56+10:00,2140691,2509_396,-33.864097595214844,151.21176147460938,6.0,0.0,-327,-5.45,False
2026-09-05T10:25:56+10:00,2352609,2509_392,-33.9500846862793,151.2315673828125,172.0,0.0,-13,-0.22,True
2026-09-05T10:25:56+10:00,2609706,2509_333,-33.89146423339844,151.27377319335938,225.0,11.5,462,7.7,False
2026-09-05T10:25:56+10:00,2609949,2509_333,-33.891963958740234,151.2732696533203,217.0,11.2,87,1.45,True
2026-09-05T10:25:56+10:00,2400593,2509_309,-33.93732833862305,151.19444274902344,356.0,47.5,-51,-0.85,True
2026-09-05T10:25:56+10:00,2137119,2509_306,-33.924285888671875,151.21104431152344,11.0,0.0,731,12.18,False
2026-09-05T10:25:56+10:00,2356842,2509_373,-33.90060806274414,151.2228240966797,176.0,38.9,320,5.33,False
2026-09-05T10:25:56+10:00,2139125,2509_396,-33.8701057434082,151.2103271484375,177.0,0.0,164,2.73,True
2026-09-05T10:25:56+10:00,2352623,2509_307,-33.94800567626953,151.20948791503906,356.0,31.3,-28,-0.47,True
2026-09-05T10:25:56+10:00,2346299,2509_390X,-33.94546127319336,151.24000549316406,348.0,13.7,-43,-0.72,True
2026-09-05T10:25:56+10:00,2356174,2509_343,-33.90929412841797,151.20664978027344,204.0,27.7,165,2.75,True
2026-09-05T10:25:56+10:00,2357008,2509_311,-33.877262115478516,151.21192932128906,23.0,0.0,193,3.22,True
2026-09-05T10:25:56+10:00,2300866,2509_399,-33.9396858215332,151.23915100097656,168.0,0.0,-59,-0.98,True
2026-09-05T10:25:56+10:00,2346569,7054_13T4,-33.928810119628906,151.15353393554688,95.0,0.0,1142,19.03,False
2026-09-05T10:25:56+10:00,2609668,2509_333,-33.89052963256836,151.27468872070312,41.0,0.0,283,4.72,True
2026-09-05T10:25:56+10:00,2533063,2509_380,-33.8912353515625,151.2533416748047,316.0,0.0,189,3.15,True
2026-09-05T10:25:56+10:00,2488372,2509_392,-33.955078125,151.23019409179688,183.0,2.5,418,6.97,False
2026-09-05T10:25:56+10:00,2357086,2509_370,-33.91930389404297,151.2465057373047,287.0,0.0,66,1.1,True
2026-09-05T10:25:56+10:00,2534530,2509_350,-33.915565490722656,151.2578887939453,16.0,24.5,359,5.98,False
2026-09-05T10:25:56+10:00,2140465,2509_306,-33.89314651489258,151.19895935058594,20.0,0.0,0,0.0,True
2026-09-05T10:25:56+10:00,2533093,2509_381,-33.89318084716797,151.2587432861328,103.0,33.5,130,2.17,True
2026-09-05T10:25:56+10:00,2357846,2509_370,-33.8818359375,151.1892547607422,310.0,38.2,658,10.97,False
2026-09-05T10:25:56+10:00,2434946,2509_390X,-33.94121551513672,151.2394256591797,169.0,0.4,194,3.23,True
2026-09-05T10:25:56+10:00,2609506,2509_333,-33.891971588134766,151.25059509277344,260.0,24.1,-16,-0.27,True
2026-09-05T10:25:56+10:00,2152050,2509_333,-33.86239242553711,151.21115112304688,293.0,0.4,0,0.0,True
2026-09-05T10:25:56+10:00,2533976,2509_350,-33.94655227661133,151.2565460205078,45.0,0.0,415,6.92,False
2026-09-05T10:25:56+10:00,2470769,2509_356,-33.943599700927734,151.22695922851562,12.0,47.2,-56,-0.93,True
2026-09-05T10:25:56+10:00,2137257,2509_306,-33.923484802246094,151.21095275878906,102.0,0.0,354,5.9,False
2026-09-05T10:25:56+10:00,2357113,2509_343,-33.86212158203125,151.2120819091797,8.0,0.0,0,0.0,True
2026-09-05T10:25:56+10:00,2609766,2509_333,-33.892791748046875,151.25552368164062,279.0,0.0,492,8.2,False
2026-09-05T10:25:56+10:00,2356242,2509_373,-33.919578552246094,151.25704956054688,9.0,0.0,0,0.0,True
2026-09-05T10:25:56+10:00,2534002,2509_352,-33.89106750488281,151.24813842773438,278.0,0.0,512,8.53,False
2026-09-05T10:25:56+10:00,2434684,2509_390X,-33.891448974609375,151.2493133544922,98.0,20.2,618,10.3,False
2026-09-05T10:25:56+10:00,2534144,2509_324,-33.86944580078125,151.27003479003906,223.0,9.4,308,5.13,False
2026-09-05T10:25:56+10:00,2396611,2509_392,-33.90217971801758,151.20803833007812,44.0,20.5,-239,-3.98,False
2026-09-05T10:25:56+10:00,2551795,2509_379,-33.88722610473633,151.27215576171875,213.0,2.2,55,0.92,True
2026-09-05T10:25:56+10:00,2534533,2509_350,-33.94109344482422,151.2354736328125,279.0,34.9,957,15.95,False
2026-09-05T10:25:56+10:00,2628740,2509_304,-33.86798858642578,151.2105712890625,5.0,0.0,-38,-0.63,True
2026-09-05T10:25:56+10:00,2531174,2509_360,-33.912330627441406,151.25933837890625,99.0,25.9,285,4.75,True
2026-09-05T10:25:56+10:00,2470780,2509_397,-33.9480094909668,151.2489471435547,102.0,5.8,306,5.1,False
2026-09-05T10:25:56+10:00,2137392,2509_396,-33.902076721191406,151.2228546142578,338.0,0.0,382,6.37,False
2026-09-05T10:25:56+10:00,2628595,2509_304,-33.90027618408203,151.2133026123047,180.0,3.2,383,6.38,False
2026-09-05T10:25:56+10:00,2628673,2509_304,-33.89720153808594,151.2128143310547,39.0,13.3,109,1.82,True
2026-09-05T10:25:56+10:00,2534205,2509_313,-33.9019775390625,151.2532501220703,10.0,0.0,379,6.32,False
2026-09-05T10:25:56+10:00,2352780,2509_356,-33.89924240112305,151.24603271484375,278.0,36.4,364,6.07,False
2026-09-05T10:25:56+10:00,2551663,2509_379,-33.88887023925781,151.25721740722656,257.0,30.2,27,0.45,True
2026-09-05T10:25:56+10:00,2356983,2509_343,-33.921810150146484,151.2003936767578,196.0,0.0,503,8.38,False
2026-09-05T10:25:56+10:00,2532874,2509_386,-33.88682174682617,151.2629852294922,287.0,40.0,46,0.77,True
2026-09-05T10:25:56+10:00,2563940,2509_379,-33.9066276550293,151.26889038085938,251.0,23.0,115,1.92,True
2026-09-05T10:25:56+10:00,2531848,2509_350,-33.93410873413086,151.19723510742188,78.0,0.0,-204,-3.4,False
2026-09-05T10:25:56+10:00,2564347,2509_379,-33.888282775878906,151.26072692871094,69.0,27.0,595,9.92,False
2026-09-05T10:25:56+10:00,2352695,2509_392,-33.90997314453125,151.2230224609375,99.0,0.7,41,0.68,True
2026-09-05T10:25:56+10:00,2357613,2509_343,-33.88595962524414,151.20816040039062,178.0,0.0,197,3.28,True
2026-09-05T10:25:56+10:00,2531830,2509_380,-33.85778045654297,151.28150939941406,39.0,45.7,467,7.78,False
2026-09-05T10:25:56+10:00,2699438,7054_1T3,-33.90180969238281,151.19227600097656,93.0,11.5,325,5.42,False
2026-09-05T10:25:56+10:00,2563886,2509_379,-33.89185333251953,151.25135803222656,71.0,5.0,264,4.4,True
2026-09-05T10:25:56+10:00,2533171,2509_350,-33.932796478271484,151.1788787841797,103.0,14.0,-372,-6.2,False
2026-09-05T10:25:56+10:00,2139908,2509_396,-33.941307067871094,151.23899841308594,348.0,31.7,143,2.38,True
2026-09-05T10:25:56+10:00,2488484,2509_392,-33.918617248535156,151.22633361816406,172.0,0.0,330,5.5,False
2026-09-05T10:25:56+10:00,2357802,2509_374,-33.9125862121582,151.23931884765625,159.0,0.0,410,6.83,False
2026-09-05T10:25:56+10:00,2564001,2509_387,-33.8862419128418,151.2614288330078,98.0,31.3,651,10.85,False
2026-09-05T10:25:56+10:00,2356155,2509_343,-33.86973571777344,151.2103729248047,186.0,0.0,170,2.83,True
2026-09-05T10:25:56+10:00,2357195,2509_373,-33.87990951538086,151.2159881591797,137.0,30.6,215,3.58,True
2026-09-05T10:25:56+10:00,2346429,2509_390X,-33.90838623046875,151.24708557128906,80.0,8.6,321,5.35,False
2026-09-05T10:25:56+10:00,2534286,2509_350,-33.93406677246094,151.19754028320312,80.0,0.7,407,6.78,False
2026-09-05T10:25:56+10:00,2352628,2509_392,-33.89303970336914,151.19918823242188,26.0,29.5,188,3.13,True
2026-09-05T10:25:56+10:00,2628645,2509_304,-33.88152313232422,151.2147216796875,9.0,28.1,124,2.07,True
2026-09-05T10:25:56+10:00,2533262,2509_355,-33.88981628417969,151.23223876953125,87.0,20.5,191,3.18,True
2026-09-05T10:25:56+10:00,2609725,2509_333,-33.8877067565918,151.23095703125,316.0,0.0,125,2.08,True
2026-09-05T10:25:56+10:00,2534386,2509_324,-33.8709602355957,151.2054443359375,294.0,15.8,62,1.03,True
2026-09-05T10:25:56+10:00,2472470,7054_1T3,-33.892391204833984,151.20077514648438,276.0,0.0,940,15.67,False
2026-09-05T10:25:56+10:00,2679244,2509_370,-33.916866302490234,151.23944091796875,14.0,13.7,652,10.87,False
2026-09-05T10:25:56+10:00,2675131,2509_309,-33.92070770263672,151.197265625,221.0,13.3,165,2.75,True
2026-09-05T10:25:56+10:00,2667449,2509_326,-33.878746032714844,151.23960876464844,248.0,35.6,93,1.55,True
2026-09-05T10:25:56+10:00,2352254,2509_307,-33.94507598876953,151.22654724121094,23.0,0.0,56,0.93,True
2026-09-05T10:25:56+10:00,2356394,2509_370,-33.907352447509766,151.18576049804688,280.0,47.5,-17,-0.28,True
2026-09-05T10:25:56+10:00,2533181,2509_380,-33.8790168762207,151.27967834472656,187.0,35.3,358,5.97,False
2026-09-05T10:25:56+10:00,2357661,2509_373,-33.91992950439453,151.25709533691406,191.0,0.0,20,0.33,True
2026-09-05T10:25:56+10:00,2402995,2509_311,-33.877830505371094,151.2134552001953,309.0,32.4,-131,-2.18,False
2026-09-05T10:25:56+10:00,2470784,2509_356,-33.928916931152344,151.25074768066406,313.0,0.0,262,4.37,True
2026-09-05T10:25:56+10:00,2531275,2509_324,-33.86683654785156,151.205810546875,170.0,26.3,168,2.8,True
2026-09-05T10:25:56+10:00,2533636,2509_325,-33.875064849853516,151.22361755371094,98.0,0.0,245,4.08,True
2026-09-05T10:25:56+10:00,2356820,2509_370,-33.91155242919922,151.2090301513672,293.0,26.6,280,4.67,True
2026-09-05T10:25:56+10:00,2609790,2509_333,-33.89106750488281,151.2449188232422,110.0,13.0,261,4.35,True
2026-09-05T10:25:56+10:00,2138938,2509_375,-33.94984817504883,151.23150634765625,156.0,0.0,178,2.97,True
2026-09-05T10:25:56+10:00,2679378,2509_370,-33.90205001831055,151.19898986816406,72.0,20.9,113,1.88,True
2026-09-05T10:25:56+10:00,2533855,2509_387,-33.85740280151367,151.28216552734375,237.0,0.0,0,0.0,True
2026-09-05T10:25:56+10:00,2530107,7084_SW2,-33.91073226928711,151.15684509277344,299.0,18.4,315,5.25,False
2026-09-05T10:25:56+10:00,2591267,7066_28T4,-33.933658599853516,151.15280151367188,33.0,33.8,611,10.18,False
2026-09-05T10:25:56+10:00,2579209,7084_SW2,-33.90982437133789,151.17092895507812,41.0,0.4,-3002,-50.03,False
2026-09-05T10:25:56+10:00,2530450,7084_SW2,-33.91455078125,151.1654052734375,227.0,0.0,0,0.0,True
2026-09-05T10:25:56+10:00,2579204,7084_SW2,-33.901119232177734,151.15090942382812,95.0,42.1,-234,-3.9,False
2026-09-05T10:25:56+10:00,2591070,7066_28T4,-33.8842658996582,151.20809936523438,5.0,0.0,13,0.22,True
2026-09-05T10:25:56+10:00,2591114,7066_28T4,-33.915096282958984,151.18458557128906,224.0,0.0,1136,18.93,False
2026-09-05T10:25:56+10:00,2579228,7084_SW2,-33.90403747558594,151.14312744140625,140.0,5.4,2338,38.97,False
2026-09-05T10:25:56+10:00,2591272,7066_28T4,-33.90517044067383,151.1920928955078,219.0,40.0,0,0.0,True
2026-09-05T10:25:56+10:00,2591259,7066_28T4,-33.880348205566406,151.20855712890625,286.0,23.4,5,0.08,True
2026-09-05T10:25:56+10:00,2717462,700015_3AT4,-33.8802490234375,151.20777893066406,283.0,0.0,-247,-4.12,False
2026-09-05T10:25:56+10:00,2717447,700015_3AT4,-33.880645751953125,151.2068328857422,190.0,1.1,-2046,-34.1,False
2026-09-05T10:25:56+10:00,2717590,700015_3AT4,-33.945919036865234,151.1793975830078,89.0,57.6,164,2.73,True
2026-09-05T10:25:56+10:00,2717475,700015_3AT4,-33.90522003173828,151.21371459960938,8.0,27.4,-268,-4.47,False
2026-09-05T10:25:56+10:00,2717545,700015_3AT4,-33.90040969848633,151.2152557373047,193.0,43.2,260,4.33,True
2026-09-05T10:25:56+10:00,2717414,700015_3AT4,-33.89395523071289,151.21633911132812,9.0,0.0,31,0.52,True
2026-09-05T10:25:56+10:00,2717616,700015_3AT4,-33.93996810913086,151.15548706054688,316.0,62.3,-445,-7.42,False
2026-09-05T10:25:56+10:00,2722559,700012_43SC,-33.885555267333984,151.2167205810547,298.0,19.8,,,
2026-09-05T10:25:56+10:00,2724751,700002_36SC,-33.92753601074219,151.1472930908203,26.0,0.0,,,
