timestamp,trip_id,route_id,lat,lon,bearing,speed_kmh,delay_sec,delay_min,on_time
2026-10-10T00:44:06+11:00,2421019,2508_230,-33.842891693115234,151.20654296875,102.0,39.2,17,0.28,True
2026-10-10T00:44:06+11:00,2330436,7084_SW2,-33.905460357666016,151.14459228515625,316.0,37.4,112,1.87,True
2026-10-10T00:44:06+11:00,2705095,2504_N50,-33.88421630859375,151.20030212402344,269.0,14.4,155,2.58,True
2026-10-10T00:44:06+11:00,2208744,2459_438N,-33.86838912963867,151.12957763671875,6.0,29.5,149,2.48,True
2026-10-10T00:44:06+11:00,2377001,2508_144,-33.81101989746094,151.17611694335938,229.0,37.1,92,1.53,True
2026-10-10T00:44:06+11:00,2288930,2459_389,-33.88618850708008,151.23660278320312,2.0,13.7,-24,-0.4,True
2026-10-10T00:44:06+11:00,2281385,7083_SW3,-33.90446090698242,151.14356994628906,318.0,37.1,-19,-0.32,True
2026-10-10T00:44:06+11:00,2705519,2504_N61,-33.88618469238281,151.17921447753906,254.0,15.8,119,1.98,True
2026-10-10T00:44:06+11:00,2376431,2508_100,-33.83443069458008,151.2075958251953,191.0,37.1,304,5.07,True
2026-10-10T00:44:06+11:00,2613580,7084_SW2,-33.90965270996094,151.162109375,124.0,0.0,5,0.08,True
2026-10-10T00:44:06+11:00,2707859,2504_N60,-33.87848663330078,151.21090698242188,228.0,24.1,29,0.48,True
2026-10-10T00:44:06+11:00,2707721,2504_607X,-33.8238525390625,151.19729614257812,137.0,54.4,36,0.6,True
2026-10-10T00:44:06+11:00,1962580,2459_412,-33.8835334777832,151.20335388183594,226.0,0.0,133,2.22,True
2026-10-10T00:44:06+11:00,2613543,7084_SW2,-33.90976333618164,151.12269592285156,50.0,61.6,-157,-2.62,False
2026-10-10T00:44:06+11:00,2415489,2508_B1,-33.82925796508789,151.21653747558594,102.0,40.7,161,2.68,True
2026-10-10T00:44:06+11:00,2374077,2508_100,-33.82931137084961,151.2169189453125,100.0,45.7,186,3.1,True
2026-10-10T00:44:06+11:00,2415565,2508_B1,-33.82398223876953,151.2415313720703,51.0,0.0,476,7.93,False
2026-10-10T00:44:06+11:00,2208578,2459_413,-33.88113784790039,151.2063751220703,218.0,0.0,0,0.0,True
2026-10-10T00:44:06+11:00,2286826,2459_442,-33.85707092285156,151.17990112304688,298.0,15.5,-41,-0.68,True
2026-10-10T00:44:06+11:00,2705375,2504_N50,-33.894622802734375,151.15380859375,77.0,33.5,147,2.45,True
2026-10-10T00:44:06+11:00,2283519,2459_422,-33.9014778137207,151.17877197265625,157.0,32.4,230,3.83,True
2026-10-10T00:44:06+11:00,2287304,2459_461N,-33.877933502197266,151.13027954101562,332.0,57.2,257,4.28,True
2026-10-10T00:44:06+11:00,2285835,2459_423,-33.90470886230469,151.16818237304688,24.0,29.9,120,2.0,True
2026-10-10T00:44:06+11:00,2685949,2459_423,-33.91071701049805,151.15652465820312,301.0,10.4,172,2.87,True
2026-10-10T00:44:06+11:00,2088437,2508_160X,-33.781009674072266,151.19578552246094,8.0,52.9,-46,-0.77,True
2026-10-10T00:44:06+11:00,2288074,2459_433,-33.87752151489258,151.18484497070312,238.0,24.5,256,4.27,True
2026-10-10T00:44:06+11:00,2721363,2514_271,-33.87242126464844,151.2056884765625,352.0,0.0,0,0.0,True
2026-10-10T00:44:06+11:00,2208884,2459_440,-33.887611389160156,151.1708984375,267.0,19.4,506,8.43,False
2026-10-10T00:44:06+11:00,2707403,2504_607X,-33.868896484375,151.20529174804688,355.0,0.0,66,1.1,True
2026-10-10T00:44:06+11:00,2657425,2510_N20,-33.8926887512207,151.19920349121094,24.0,26.6,-43,-0.72,True
2026-10-10T00:44:06+11:00,2284583,2459_423,-33.8743782043457,151.20977783203125,7.0,34.2,159,2.65,True
2026-10-10T00:44:06+11:00,1864067,2459_438N,-33.88026428222656,151.2089080810547,9.0,22.7,82,1.37,True
2026-10-10T00:44:06+11:00,2710475,2504_N71,-33.887813568115234,151.16957092285156,265.0,54.7,100,1.67,True
2026-10-10T00:44:06+11:00,2725832,7083_SW1,-33.914283752441406,151.16566467285156,325.0,0.4,1999,33.32,False
2026-10-10T00:44:06+11:00,2208642,2459_438N,-33.884490966796875,151.1942901611328,264.0,33.1,126,2.1,True
2026-10-10T00:44:06+11:00,2714061,2508_144,-33.820884704589844,151.18540954589844,323.0,29.2,-37,-0.62,True
2026-10-10T00:44:06+11:00,2208965,2459_440,-33.88622283935547,151.22903442382812,311.0,37.1,8,0.13,True
2026-10-10T00:44:06+11:00,2709602,2504_610X,-33.81211471557617,151.17056274414062,283.0,76.7,266,4.43,True
2026-10-10T00:44:06+11:00,2554197,2459_358,-33.92033386230469,151.18814086914062,280.0,0.0,-259,-4.32,False
2026-10-10T00:44:06+11:00,2424301,2508_230,-33.83399963378906,151.23574829101562,221.0,38.9,-113,-1.88,False
2026-10-10T00:44:06+11:00,2286612,2459_442,-33.85708236694336,151.1778564453125,9.0,0.0,-232,-3.87,False
2026-10-10T00:44:06+11:00,2088082,2508_BN1,-33.82672882080078,151.23214721679688,216.0,23.8,-26,-0.43,True
2026-10-10T00:44:06+11:00,2286692,2459_470,-33.88481140136719,151.191650390625,262.0,0.0,-46,-0.77,True
2026-10-10T00:44:06+11:00,2288999,2459_461N,-33.88776779174805,151.1421356201172,132.0,0.0,-53,-0.88,True
2026-10-10T00:44:06+11:00,2415567,2508_B1,-33.866031646728516,151.20635986328125,5.0,0.0,0,0.0,True
2026-10-10T00:44:06+11:00,2725815,7083_SW1,-33.91244125366211,151.11875915527344,230.0,32.0,65,1.08,True
2026-10-10T00:44:06+11:00,2682755,2503_N40,-33.878841400146484,151.21041870117188,229.0,45.0,101,1.68,True
2026-10-10T00:44:06+11:00,2475281,2459_389,-33.87785339355469,151.21746826171875,190.0,31.3,242,4.03,True
2026-10-10T00:44:06+11:00,2736830,2459_445,-33.860130310058594,151.171875,183.0,26.3,-113,-1.88,False
2026-10-10T00:44:06+11:00,2287833,2459_389,-33.871131896972656,151.20553588867188,355.0,0.0,367,6.12,False
2026-10-10T00:44:06+11:00,2570061,7083_SW1,-33.909603118896484,151.1370849609375,98.0,18.0,157,2.62,True
2026-10-10T00:44:06+11:00,2088286,2508_BN1,-33.86323547363281,151.20533752441406,168.0,46.4,4,0.07,True
2026-10-10T00:44:06+11:00,2686012,2459_423,-33.88290023803711,151.2040557861328,240.0,27.0,-58,-0.97,True
2026-10-10T00:44:06+11:00,2289090,2459_428,-33.886234283447266,151.1939697265625,19.0,47.5,-92,-1.53,False
2026-10-10T00:44:06+11:00,2736577,2459_428,-33.883758544921875,151.2030487060547,228.0,0.0,253,4.22,True
2026-10-10T00:44:06+11:00,2229111,2507_288,-33.86024856567383,151.2057342529297,19.0,56.2,-76,-1.27,False
2026-10-10T00:44:06+11:00,2643925,2507_120,-33.865543365478516,151.2049102783203,354.0,0.0,311,5.18,True
2026-10-10T00:44:06+11:00,2621626,2507_252,-33.82398223876953,151.1329803466797,209.0,0.0,-302,-5.03,False
2026-10-10T00:44:06+11:00,2744512,2507_292,-33.81053161621094,151.1639404296875,67.0,22.7,1145,19.08,False
2026-10-10T00:44:06+11:00,2643944,2507_501,-33.88277053833008,151.20440673828125,62.0,16.6,-207,-3.45,False
2026-10-10T00:44:06+11:00,2681915,2507_208,-33.81205749511719,151.21923828125,99.0,28.4,441,7.35,False
2026-10-10T00:44:06+11:00,2644451,2507_52,-33.82671356201172,151.1262664794922,353.0,54.0,337,5.62,True
2026-10-10T00:44:06+11:00,2645066,2507_120,-33.795658111572266,151.18115234375,195.0,18.4,369,6.15,False
2026-10-10T00:44:06+11:00,2644431,2507_501,-33.86912155151367,151.1763153076172,280.0,22.0,74,1.23,True
2026-10-10T00:44:06+11:00,2322358,2507_506,-33.872344970703125,151.21275329589844,186.0,0.4,221,3.68,True
2026-10-10T00:44:06+11:00,2643041,2507_52,-33.87353515625,151.20252990722656,248.0,39.6,79,1.32,True
2026-10-10T00:44:06+11:00,2644611,2507_52,-33.87309646606445,151.2079315185547,99.0,1.1,-234,-3.9,False
2026-10-10T00:44:06+11:00,2563928,2509_379,-33.882476806640625,151.27658081054688,9.0,31.7,-117,-1.95,False
2026-10-10T00:44:06+11:00,2533240,2509_350,-33.93286895751953,151.17971801757812,101.0,0.0,0,0.0,True
2026-10-10T00:44:06+11:00,2531955,2509_350,-33.94227981567383,151.23985290527344,176.0,18.0,-110,-1.83,False
2026-10-10T00:44:06+11:00,2137239,2509_396,-33.86180877685547,151.2112579345703,5.0,0.0,0,0.0,True
2026-10-10T00:44:06+11:00,2357213,2509_373,-33.920196533203125,151.25698852539062,9.0,31.0,0,0.0,True
2026-10-10T00:44:06+11:00,2533741,2509_350,-33.94527816772461,151.2217559814453,203.0,3.2,180,3.0,True
2026-10-10T00:44:06+11:00,2531978,2509_350,-33.91504669189453,151.2579803466797,10.0,34.9,342,5.7,True
2026-10-10T00:44:06+11:00,2356822,2509_343,-33.866390228271484,151.21116638183594,278.0,0.0,141,2.35,True
2026-10-10T00:44:06+11:00,2137331,2509_396,-33.88434982299805,151.2178955078125,154.0,19.4,171,2.85,True
2026-10-10T00:44:06+11:00,2533373,2509_324,-33.86716842651367,151.206298828125,174.0,0.0,142,2.37,True
2026-10-10T00:44:06+11:00,2335662,2509_309,-33.89675521850586,151.19862365722656,252.0,13.3,-506,-8.43,False
2026-10-10T00:44:06+11:00,2357589,2509_373,-33.90316390991211,151.22509765625,315.0,48.6,43,0.72,True
2026-10-10T00:44:06+11:00,2140346,2509_306,-33.924354553222656,151.20750427246094,280.0,28.4,88,1.47,True
2026-10-10T00:44:06+11:00,2346345,2509_390X,-33.90456771850586,151.2540283203125,9.0,19.4,62,1.03,True
2026-10-10T00:44:06+11:00,2551728,2509_379,-33.88725662231445,151.2720184326172,220.0,0.0,194,3.23,True
2026-10-10T00:44:06+11:00,2531387,2509_333,-33.890689849853516,151.24363708496094,111.0,41.4,155,2.58,True
2026-10-10T00:44:06+11:00,2533012,2509_350,-33.902618408203125,151.19668579101562,74.0,40.3,78,1.3,True
2026-10-10T00:44:06+11:00,2434659,2509_390X,-33.891143798828125,151.2488555908203,278.0,0.0,0,0.0,True
2026-10-10T00:44:06+11:00,2356666,2509_343,-33.911766052246094,151.20602416992188,194.0,32.0,243,4.05,True
2026-10-10T00:44:06+11:00,2532304,2509_324,-33.85601043701172,151.20693969726562,225.0,0.0,0,0.0,True
2026-10-10T00:44:06+11:00,2563877,2509_387,-33.8905029296875,151.25442504882812,53.0,41.8,181,3.02,True
2026-10-10T00:44:06+11:00,2335505,2509_309,-33.89679718017578,151.19851684570312,251.0,0.0,683,11.38,False
2026-10-10T00:44:06+11:00,2139467,2509_392N,-33.877830505371094,151.21347045898438,314.0,30.2,-58,-0.97,True
2026-10-10T00:44:06+11:00,2357226,2509_373,-33.89698028564453,151.22218322753906,171.0,56.5,15,0.25,True
2026-10-10T00:44:06+11:00,2534285,2509_333,-33.876644134521484,151.2093963623047,3.0,22.3,377,6.28,False
2026-10-10T00:44:06+11:00,2531639,2509_333,-33.89137268066406,151.25228881835938,244.0,36.4,145,2.42,True
2026-10-10T00:44:06+11:00,2357148,2509_373,-33.90898132324219,151.23838806152344,93.0,0.4,921,15.35,False
2026-10-10T00:44:06+11:00,2531775,2509_333,-33.880828857421875,151.21749877929688,116.0,0.0,63,1.05,True
2026-10-10T00:44:06+11:00,2675141,2509_309,-33.899837493896484,151.20042419433594,162.0,47.2,-50,-0.83,True
2026-10-10T00:44:06+11:00,2740169,2509_370,-33.90727233886719,151.1845703125,100.0,41.4,213,3.55,True
2026-10-10T00:44:06+11:00,2356912,2509_311,-33.859169006347656,151.2080535888672,168.0,15.8,-34,-0.57,True
2026-10-10T00:44:06+11:00,2356309,2509_374,-33.88671875,151.20809936523438,182.0,28.8,130,2.17,True
2026-10-10T00:44:06+11:00,2628781,2509_304,-33.885467529296875,151.21395874023438,10.0,7.6,-127,-2.12,False
2026-10-10T00:44:06+11:00,2531529,2509_324,-33.84365463256836,151.2841033935547,6.0,0.0,97,1.62,True
2026-10-10T00:44:06+11:00,2564711,2509_333,-33.88965606689453,151.2800750732422,121.0,46.4,417,6.95,False
2026-10-10T00:44:06+11:00,2434915,2509_390X,-33.92520523071289,151.22935485839844,128.0,0.0,24,0.4,True
2026-10-10T00:44:06+11:00,2564009,2509_379,-33.904571533203125,151.26722717285156,112.0,0.0,4,0.07,True
2026-10-10T00:44:06+11:00,2674993,2509_309,-33.9561882019043,151.22714233398438,77.0,29.5,-167,-2.78,False
2026-10-10T00:44:06+11:00,2357763,2509_370,-33.9013671875,151.19268798828125,218.0,31.3,57,0.95,True
2026-10-10T00:44:06+11:00,2533215,2509_350,-33.91911697387695,151.25721740722656,203.0,18.0,63,1.05,True
2026-10-10T00:44:06+11:00,2136949,2509_396,-33.94380187988281,151.2567138671875,122.0,0.0,1,0.02,True
2026-10-10T00:44:06+11:00,2628662,2509_304,-33.878517150878906,151.2102813720703,99.0,0.0,270,4.5,True
2026-10-10T00:44:06+11:00,2403055,2509_311,-33.880943298339844,151.21754455566406,296.0,0.0,-62,-1.03,False
2026-10-10T00:44:06+11:00,2356336,2509_343,-33.87854766845703,151.20925903320312,5.0,0.0,-98,-1.63,False
2026-10-10T00:44:06+11:00,2534668,2509_380,-33.85963439941406,151.27967834472656,39.0,52.6,-56,-0.93,True
2026-10-10T06:02:56+11:00,2285357,2459_440,-33.87942886352539,151.20907592773438,185.0,0.0,-152,-2.53,False
2026-10-10T06:02:56+11:00,2530025,7084_SW2,-33.90696334838867,151.14678955078125,290.0,44.6,71,1.18,True
2026-10-10T06:02:56+11:00,2668380,2459_420,-33.93754196166992,151.15338134765625,233.0,0.0,149,2.48,True
2026-10-10T06:02:56+11:00,2037078,2459_440,-33.88487243652344,151.2260284423828,97.0,0.0,-264,-4.4,False
2026-10-10T06:02:56+11:00,2349497,2459_418,-33.90808868408203,151.13612365722656,351.0,0.0,95,1.58,True
2026-10-10T06:02:56+11:00,2739226,7057_26T4,-33.93586349487305,151.20184326171875,83.0,82.4,-601,-10.02,False
2026-10-10T06:02:56+11:00,2288168,2459_422,-33.8843994140625,151.1980743408203,268.0,37.1,163,2.72,True
2026-10-10T06:02:56+11:00,2281326,7083_SW3,-33.90855407714844,151.15196228027344,290.0,38.5,2282,38.03,False
2026-10-10T06:02:56+11:00,2377699,2508_172X,-33.84730911254883,151.2125244140625,349.0,51.8,326,5.43,True
2026-10-10T06:02:56+11:00,2708668,2504_607X,-33.808387756347656,151.15643310546875,123.0,52.6,300,5.0,True
2026-10-10T06:02:56+11:00,2415600,2508_B1,-33.8296012878418,151.2138214111328,63.0,23.8,113,1.88,True
2026-10-10T06:02:56+11:00,2682853,7083_SW1,-33.90953063964844,151.13172912597656,131.0,23.4,104,1.73,True
2026-10-10T06:02:56+11:00,2280223,7083_SW3,-33.914283752441406,151.1660919189453,233.0,2.5,2214,36.9,False
2026-10-10T06:02:56+11:00,2088590,2508_160X,-33.7908821105957,151.18115234375,359.0,13.0,116,1.93,True
2026-10-10T06:02:56+11:00,2714054,2508_144,-33.8233642578125,151.19464111328125,258.0,0.0,7,0.12,True
2026-10-10T06:02:56+11:00,2736928,2459_428,-33.90641784667969,151.12693786621094,218.0,40.3,-5,-0.08,True
2026-10-10T06:02:56+11:00,2424313,2508_230,-33.83902359008789,151.20657348632812,10.0,0.0,204,3.4,True
2026-10-10T06:02:56+11:00,2572388,7084_SW2,-33.90898513793945,151.17510986328125,150.0,35.3,-1512,-25.2,False
2026-10-10T06:02:56+11:00,2209957,2459_464,-33.848121643066406,151.10702514648438,258.0,27.0,19,0.32,True
2026-10-10T06:02:56+11:00,2290227,2459_433,-33.86347961425781,151.17047119140625,204.0,0.0,119,1.98,True
2026-10-10T06:02:56+11:00,2740774,7066_28T4,-33.91621780395508,151.1733856201172,233.0,42.5,293,4.88,True
2026-10-10T06:02:56+11:00,2683039,7083_SW1,-33.91407012939453,151.16635131835938,0.0,0.0,675,11.25,False
2026-10-10T06:02:56+11:00,2392401,2508_114,-33.822349548339844,151.1915740966797,151.0,0.7,0,0.0,True
2026-10-10T06:02:56+11:00,2737138,2459_428,-33.86616516113281,151.21006774902344,186.0,0.0,6,0.1,True
2026-10-10T06:02:56+11:00,2290695,2459_423,-33.87577819824219,151.2095947265625,6.0,29.5,98,1.63,True
2026-10-10T06:02:56+11:00,2741420,700015_3AT4,-33.88081359863281,151.20681762695312,200.0,0.0,-731,-12.18,False
2026-10-10T06:02:56+11:00,2475185,2459_389,-33.863643646240234,151.19247436523438,242.0,38.5,35,0.58,True
2026-10-10T06:02:56+11:00,2283181,2459_426,-33.8842887878418,151.1955108642578,88.0,22.3,-9,-0.15,True
2026-10-10T06:02:56+11:00,2741354,700015_3AT4,-33.90285110473633,151.21456909179688,192.0,55.1,183,3.05,True
2026-10-10T06:02:56+11:00,1912565,2459_483,-33.88791275024414,151.12049865722656,63.0,40.3,50,0.83,True
2026-10-10T06:02:56+11:00,2554002,2459_358,-33.922935485839844,151.20755004882812,100.0,40.3,56,0.93,True
2026-10-10T06:02:56+11:00,2741172,7016_7T4,-33.91545486450195,151.1657257080078,10.0,0.0,0,0.0,True
2026-10-10T06:02:56+11:00,2289888,2459_433,-33.86924743652344,151.17608642578125,52.0,29.9,-226,-3.77,False
2026-10-10T06:02:56+11:00,2654182,2459_420,-33.93775939941406,151.1526641845703,53.0,0.0,230,3.83,True
2026-10-10T06:02:56+11:00,2308681,2459_445,-33.89747619628906,151.14720153808594,48.0,54.7,10,0.17,True
2026-10-10T06:02:56+11:00,2415541,2508_B1,-33.866214752197266,151.20616149902344,345.0,4.7,14,0.23,True
2026-10-10T06:02:56+11:00,2554096,2459_358,-33.91546630859375,151.1653594970703,52.0,0.0,0,0.0,True
2026-10-10T06:02:56+11:00,2654288,2459_420,-33.88294982910156,151.10256958007812,194.0,29.5,-3,-0.05,True
2026-10-10T06:02:56+11:00,2740858,7016_7T4,-33.91551971435547,151.16567993164062,5.0,0.0,0,0.0,True
2026-10-10T06:02:56+11:00,2738858,7063_13T4,-33.92873001098633,151.15353393554688,99.0,0.0,-392,-6.53,False
2026-10-10T06:02:56+11:00,1905236,2459_461X,-33.886024475097656,151.1802978515625,254.0,16.2,-80,-1.33,False
2026-10-10T06:02:56+11:00,2283388,2459_428,-33.894752502441406,151.18209838867188,40.0,45.7,-186,-3.1,False
2026-10-10T06:02:56+11:00,2285116,2459_389,-33.8748893737793,151.19712829589844,252.0,3.6,-97,-1.62,False
2026-10-10T06:02:56+11:00,2375224,2508_173X,-33.86433029174805,151.20553588867188,174.0,39.6,20,0.33,True
2026-10-10T06:02:56+11:00,2739172,7057_26T4,-33.88419723510742,151.20816040039062,6.0,0.0,0,0.0,True
2026-10-10T06:02:56+11:00,2636571,2459_504,-33.86691665649414,151.17547607421875,138.0,34.6,79,1.32,True
2026-10-10T06:02:56+11:00,2377377,2508_144,-33.800045013427734,151.2460479736328,323.0,13.0,132,2.2,True
2026-10-10T06:02:56+11:00,2741123,7016_7T4,-33.93128967285156,151.15457153320312,38.0,0.4,118,1.97,True
2026-10-10T06:02:56+11:00,2709855,2504_607X,-33.87137222290039,151.20635986328125,174.0,27.0,0,0.0,True
2026-10-10T06:02:56+11:00,2209849,2459_464,-33.87627410888672,151.10391235351562,9.0,0.0,-184,-3.07,False
2026-10-10T06:02:56+11:00,2088398,2508_B1,-33.82424545288086,151.24148559570312,240.0,18.7,-15,-0.25,True
2026-10-10T06:02:56+11:00,2289558,2459_418,-33.90684127807617,151.1462860107422,290.0,19.1,369,6.15,False
2026-10-10T06:02:56+11:00,2290792,2459_422,-33.90156173706055,151.1787872314453,338.0,40.0,59,0.98,True
2026-10-10T06:02:56+11:00,2375460,2508_100,-33.8298454284668,151.22718811035156,57.0,40.7,-76,-1.27,False
2026-10-10T06:02:56+11:00,2741506,700015_3AT4,-33.94474411010742,151.1627960205078,304.0,60.5,-4,-0.07,True
2026-10-10T06:02:56+11:00,2420854,2508_230,-33.83104705810547,151.22483825683594,247.0,39.6,-65,-1.08,False
2026-10-10T06:02:56+11:00,2530456,7084_SW2,-33.914886474609375,151.1651153564453,223.0,0.4,0,0.0,True
2026-10-10T06:02:56+11:00,2686170,2459_423,-33.923892974853516,151.14114379882812,276.0,24.8,-72,-1.2,False
2026-10-10T06:02:56+11:00,2554071,2459_358,-33.9248161315918,151.2161407470703,279.0,50.4,108,1.8,True
2026-10-10T06:02:56+11:00,2740688,7066_28T4,-33.93780517578125,151.15272521972656,53.0,0.0,-219,-3.65,False
2026-10-10T06:02:56+11:00,1960858,2459_412,-33.90419006347656,151.15316772460938,357.0,0.0,-62,-1.03,False
2026-10-10T06:02:56+11:00,2741426,700015_3AT4,-33.881961822509766,151.2086639404297,8.0,33.1,-133,-2.22,False
2026-10-10T06:02:56+11:00,2283367,2459_431,-33.88263702392578,151.19049072265625,129.0,34.6,231,3.85,True
2026-10-10T06:02:56+11:00,2087973,2508_160X,-33.79499053955078,151.1824951171875,241.0,23.0,67,1.12,True
2026-10-10T06:02:56+11:00,2289852,2459_438N,-33.91190719604492,151.16172790527344,296.0,40.3,0,0.0,True
2026-10-10T06:02:56+11:00,2686066,2459_423,-33.88030242919922,151.20826721191406,243.0,19.8,152,2.53,True
2026-10-10T06:02:56+11:00,2596491,2459_492,-33.866119384765625,151.13015747070312,6.0,27.0,-2,-0.03,True
2026-10-10T06:02:56+11:00,2309960,7083_SW3,-33.903316497802734,151.14234924316406,63.0,45.4,-42,-0.7,True
2026-10-10T06:02:56+11:00,1906397,2459_461X,-33.88418960571289,151.1995391845703,88.0,35.3,202,3.37,True
2026-10-10T06:02:56+11:00,2285701,2459_470,-33.88460159301758,151.17596435546875,164.0,33.8,-65,-1.08,False
2026-10-10T06:02:56+11:00,2283084,2459_438X,-33.8564338684082,151.1306915283203,168.0,45.4,-6,-0.1,True
2026-10-10T06:02:56+11:00,2668267,2459_420,-33.931617736816406,151.1839599609375,21.0,0.0,-167,-2.78,False
2026-10-10T06:02:56+11:00,2373707,2508_100,-33.855377197265625,151.2088165283203,208.0,63.0,-28,-0.47,True
2026-10-10T06:02:56+11:00,2707377,2504_610X,-33.813533782958984,151.1900177001953,257.0,79.9,226,3.77,True
2026-10-10T06:02:56+11:00,2285104,2459_438X,-33.86487579345703,151.21128845214844,311.0,0.0,1,0.02,True
2026-10-10T06:02:56+11:00,2288414,2459_438X,-33.88471984863281,151.19102478027344,87.0,45.7,-13,-0.22,True
2026-10-10T06:02:56+11:00,2415558,2508_B1,-33.8666877746582,151.205810546875,174.0,20.5,0,0.0,True
2026-10-10T06:02:56+11:00,2740987,7016_7T4,-33.91928482055664,151.16925048828125,177.0,23.4,14,0.23,True
2026-10-10T06:02:56+11:00,2741399,700015_3AT4,-33.946537017822266,151.16708374023438,101.0,62.3,-111,-1.85,False
2026-10-10T06:02:56+11:00,2283551,2459_470,-33.866947174072266,151.210693359375,186.0,0.0,0,0.0,True
2026-10-10T06:02:56+11:00,2714063,2508_144,-33.795074462890625,151.270751953125,268.0,50.0,55,0.92,True
2026-10-10T06:02:56+11:00,2741357,700015_3AT4,-33.89154815673828,151.21263122558594,279.0,29.5,-351,-5.85,False
2026-10-10T06:02:56+11:00,2038317,2459_440,-33.864234924316406,151.16946411132812,233.0,0.0,0,0.0,True
2026-10-10T06:02:56+11:00,2672492,2507_115,-33.82691192626953,151.20208740234375,141.0,15.1,400,6.67,False
2026-10-10T06:02:56+11:00,2682115,2507_208,-33.81050109863281,151.20840454101562,97.0,31.0,-16,-0.27,True
2026-10-10T06:02:56+11:00,2643694,2507_120,-33.865333557128906,151.20489501953125,357.0,0.0,352,5.87,True
2026-10-10T06:02:56+11:00,2557179,2507_290,-33.86600112915039,151.203369140625,173.0,0.0,60,1.0,True
2026-10-10T06:02:56+11:00,2738472,2507_533,-33.817771911621094,151.12245178222656,0.0,0.0,0,0.0,True
2026-10-10T06:02:56+11:00,2407215,2507_252,-33.83053970336914,151.12608337402344,47.0,0.0,0,0.0,True
2026-10-10T06:02:56+11:00,2643115,2507_120,-33.795745849609375,151.18104553222656,245.0,16.9,300,5.0,True
2026-10-10T06:02:56+11:00,2643877,2507_501,-33.85696029663086,151.1602020263672,141.0,47.2,223,3.72,True
2026-10-10T06:02:56+11:00,2644759,2507_120,-33.80686569213867,151.19932556152344,172.0,0.0,132,2.2,True
2026-10-10T06:02:56+11:00,2643847,2507_52,-33.87283706665039,151.20469665527344,72.0,0.7,-61,-1.02,False
2026-10-10T06:02:56+11:00,2644644,2507_501,-33.88349533081055,151.2034149169922,220.0,0.0,95,1.58,True
2026-10-10T06:02:56+11:00,2732129,2507_507,-33.826820373535156,151.115966796875,307.0,0.0,73,1.22,True
2026-10-10T06:02:56+11:00,2642853,2507_52,-33.87295913696289,151.20687866210938,286.0,27.7,98,1.63,True
2026-10-10T06:02:56+11:00,2533331,2509_324,-33.874916076660156,151.22364807128906,281.0,32.8,52,0.87,True
2026-10-10T06:02:56+11:00,2534641,2509_333,-33.88057327270508,151.217041015625,121.0,23.8,232,3.87,True
2026-10-10T06:02:56+11:00,2352261,2509_307,-33.948097229003906,151.2532958984375,283.0,42.1,0,0.0,True
2026-10-10T06:02:56+11:00,2139884,2509_396,-33.88013458251953,151.21627807617188,134.0,30.6,206,3.43,True
2026-10-10T06:02:56+11:00,2533382,2509_350,-33.90650939941406,151.25408935546875,337.0,34.9,6,0.1,True
2026-10-10T06:02:56+11:00,2352279,2509_307,-33.941802978515625,151.19503784179688,352.0,44.6,54,0.9,True
2026-10-10T06:02:56+11:00,2534252,2509_350,-33.94432830810547,151.2205047607422,134.0,60.1,175,2.92,True
2026-10-10T06:02:56+11:00,2534022,2509_324,-33.86664581298828,151.20338439941406,178.0,0.0,43,0.72,True
2026-10-10T06:02:56+11:00,2357470,2509_343,-33.88071060180664,151.20883178710938,188.0,26.3,349,5.82,True
2026-10-10T06:02:56+11:00,2740320,2509_379,-33.88726806640625,151.2718505859375,313.0,21.2,59,0.98,True
2026-10-10T06:02:56+11:00,2739981,2509_370,-33.89305114746094,151.1847381591797,254.0,27.7,64,1.07,True
2026-10-10T06:02:56+11:00,2532579,2509_333,-33.889503479003906,151.23300170898438,297.0,31.7,-71,-1.18,False
2026-10-10T06:02:56+11:00,2470855,2509_356,-33.90632629394531,151.24412536621094,358.0,34.2,133,2.22,True
2026-10-10T06:02:56+11:00,2355914,2509_370,-33.9164924621582,151.2360382080078,280.0,37.4,68,1.13,True
2026-10-10T06:02:56+11:00,2533949,2509_333,-33.895408630371094,151.27305603027344,220.0,38.9,64,1.07,True
2026-10-10T06:02:56+11:00,2357178,2509_311,-33.87862014770508,151.21070861816406,49.0,41.0,27,0.45,True
2026-10-10T06:02:56+11:00,2434533,2509_390X,-33.9405632019043,151.23934936523438,168.0,0.0,-347,-5.78,False
2026-10-10T06:02:56+11:00,2628811,2509_304,-33.89936447143555,151.21287536621094,281.0,12.6,124,2.07,True
2026-10-10T06:02:56+11:00,2357193,2509_370,-33.9199333190918,151.25711059570312,189.0,0.0,0,0.0,True
2026-10-10T06:02:56+11:00,2357559,2509_373,-33.91985321044922,151.2571563720703,188.0,0.0,0,0.0,True
2026-10-10T06:02:56+11:00,2146609,2509_396,-33.91252899169922,151.2239227294922,316.0,43.6,-14,-0.23,True
2026-10-10T06:02:56+11:00,2531230,2509_350,-33.943233489990234,151.21836853027344,304.0,49.7,31,0.52,True
2026-10-10T06:02:56+11:00,2136780,2509_396,-33.870933532714844,151.21018981933594,5.0,0.0,210,3.5,True
2026-10-10T06:02:56+11:00,2398267,2509_392,-33.90340805053711,151.21006774902344,258.0,32.8,-58,-0.97,True
2026-10-10T06:02:56+11:00,2335582,2509_309,-33.927284240722656,151.19508361816406,9.0,39.6,169,2.82,True
2026-10-10T06:02:56+11:00,2628666,2509_304,-33.880332946777344,151.21209716796875,108.0,27.7,117,1.95,True
2026-10-10T06:02:56+11:00,2356625,2509_339,-33.88364791870117,151.2150421142578,103.0,36.4,324,5.4,True
2026-10-10T06:02:56+11:00,2575738,2509_374,-33.8804931640625,151.20677185058594,195.0,36.7,80,1.33,True
2026-10-10T06:02:56+11:00,2140226,2509_306,-33.8928337097168,151.2002716064453,204.0,7.2,50,0.83,True
2026-10-10T06:02:56+11:00,2403020,2509_311,-33.86320877075195,151.20626831054688,18.0,22.7,0,0.0,True
2026-10-10T06:02:56+11:00,2533465,2509_380,-33.89140319824219,151.24887084960938,98.0,0.0,0,0.0,True
2026-10-10T06:02:56+11:00,2140329,2509_306,-33.92955780029297,151.21189880371094,31.0,38.9,-10,-0.17,True
2026-10-10T06:02:56+11:00,2136768,2509_396,-33.9477424621582,151.25503540039062,45.0,0.0,0,0.0,True
2026-10-10T06:02:56+11:00,2675118,2509_309,-33.95634460449219,151.22608947753906,78.0,42.1,-190,-3.17,False
2026-10-10T06:02:56+11:00,2346427,2509_390X,-33.90653610229492,151.2527618408203,51.0,40.0,34,0.57,True
2026-10-10T06:02:56+11:00,2440455,2509_324,-33.878074645996094,151.23452758789062,143.0,42.1,-18,-0.3,True
2026-10-10T06:02:56+11:00,2740270,2509_379,-33.88947296142578,151.28318786621094,35.0,0.0,0,0.0,True
2026-10-10T06:02:56+11:00,2434667,2509_390X,-33.89113998413086,151.2488250732422,279.0,0.0,1,0.02,True
2026-10-10T06:02:56+11:00,2533065,2509_333,-33.889286041259766,151.28334045410156,34.0,25.6,0,0.0,True
2026-10-10T06:02:56+11:00,2534411,2509_324,-33.872806549072266,151.2626953125,107.0,27.4,62,1.03,True
2026-10-10T06:02:56+11:00,2740284,2509_379,-33.88731384277344,151.2655029296875,234.0,12.2,47,0.78,True
2026-10-10T06:02:56+11:00,2137549,2509_375,-33.94596862792969,151.2271270751953,314.0,6.5,-423,-7.05,False
2026-10-10T06:02:56+11:00,2357374,2509_370,-33.90643310546875,151.18121337890625,336.0,0.0,41,0.68,True
2026-10-10T06:02:56+11:00,2533031,2509_350,-33.91804504394531,151.25743103027344,185.0,28.8,197,3.28,True
2026-10-10T06:02:56+11:00,2357727,2509_373,-33.90641403198242,151.23126220703125,303.0,0.0,70,1.17,True
2026-10-10T06:02:56+11:00,2740517,2509_370,-33.87221145629883,151.179931640625,197.0,0.0,0,0.0,True
2026-10-10T06:02:56+11:00,2355991,2509_373,-33.90361022949219,151.22581481933594,135.0,36.4,-191,-3.18,False
2026-10-10T06:02:56+11:00,2137175,2509_375,-33.92721176147461,151.25535583496094,10.0,37.8,-72,-1.2,False
2026-10-10T06:02:56+11:00,2488376,2509_392,-33.94773483276367,151.23016357421875,152.0,36.4,-107,-1.78,False
2026-10-10T06:02:56+11:00,2356967,2509_343,-33.871185302734375,151.2101593017578,5.0,18.0,219,3.65,True
2026-10-10T06:02:56+11:00,2675044,2509_309,-33.89278030395508,151.20045471191406,203.0,0.0,0,0.0,True
2026-10-10T06:02:56+11:00,2440358,2509_324,-33.87303924560547,151.20741271972656,96.0,0.0,0,0.0,True
2026-10-10T06:02:56+11:00,2301001,2509_399,-33.938636779785156,151.23887634277344,168.0,46.1,-127,-2.12,False
2026-10-10T06:02:56+11:00,2357316,2509_343,-33.919166564941406,151.20355224609375,15.0,40.0,164,2.73,True
2026-10-10T06:02:56+11:00,2739906,2509_370,-33.91221618652344,151.22386169433594,137.0,41.8,-16,-0.27,True
2026-10-10T06:02:56+11:00,2531860,2509_352,-33.88789749145508,151.19334411621094,280.0,12.2,0,0.0,True
2026-10-10T06:02:56+11:00,2747985,700011_27T4,-33.89124298095703,151.2172088623047,202.0,46.1,-265,-4.42,False
2026-10-10T06:02:56+11:00,2722447,700012_36SC,-33.889225006103516,151.20303344726562,100.0,42.1,-60,-1.0,False
2026-10-10T06:02:56+11:00,2748526,700012_49SC,-33.888248443603516,151.20628356933594,18.0,1.4,-2554,-42.57,False
2026-10-10T09:50:00+11:00,2375027,2508_B1,-33.79249572753906,151.25399780273438,208.0,79.6,-140,-2.33,False
2026-10-10T09:50:00+11:00,2554163,2459_358,-33.92210006713867,151.20079040527344,279.0,0.0,100,1.67,True
2026-10-10T09:50:00+11:00,1963810,2459_412,-33.88336944580078,151.2035369873047,220.0,0.0,-45,-0.75,True
2026-10-10T09:50:00+11:00,2737197,2459_428,-33.87511444091797,151.20968627929688,186.0,29.5,-164,-2.73,False
2026-10-10T09:50:00+11:00,2714075,2508_144,-33.82799530029297,151.2307891845703,235.0,24.8,54,0.9,True
2026-10-10T09:50:00+11:00,2420712,2508_225,-33.83320236206055,151.22930908203125,6.0,0.0,189,3.15,True
2026-10-10T09:50:00+11:00,2636676,2459_504,-33.85125732421875,151.15467834472656,321.0,12.2,-62,-1.03,False
2026-10-10T09:50:00+11:00,2709514,2504_607X,-33.8622932434082,151.20545959472656,200.0,47.9,-238,-3.97,False
2026-10-10T09:50:00+11:00,2579265,7084_SW2,-33.9044189453125,151.13954162597656,65.0,39.2,-163,-2.72,False
2026-10-10T09:50:00+11:00,2415957,2508_B1,-33.86515426635742,151.2056427001953,166.0,20.2,0,0.0,True
2026-10-10T09:50:00+11:00,2579245,7084_SW2,-33.90202331542969,151.15391540527344,142.0,45.0,49,0.82,True
2026-10-10T09:50:00+11:00,2281017,7083_SW3,-33.91399383544922,151.16659545898438,0.0,0.0,973,16.22,False
2026-10-10T09:50:00+11:00,2373995,2508_100,-33.86567687988281,151.20492553710938,355.0,27.7,254,4.23,True
2026-10-10T09:50:00+11:00,2609041,2459_430,-33.9028205871582,151.16903686523438,205.0,31.3,62,1.03,True
2026-10-10T09:50:00+11:00,2714035,2508_144,-33.79977035522461,151.24935913085938,247.0,37.4,176,2.93,True
2026-10-10T09:50:00+11:00,2309534,7083_SW3,-33.91206359863281,151.119140625,52.0,37.1,-135,-2.25,False
2026-10-10T09:50:00+11:00,2090143,2508_160X,-33.78587341308594,151.18411254882812,250.0,0.0,50,0.83,True
2026-10-10T09:50:00+11:00,2288706,2459_422,-33.91935348510742,151.16909790039062,43.0,0.0,184,3.07,True
2026-10-10T09:50:00+11:00,2660323,2459_320,-33.90802764892578,151.20469665527344,129.0,15.5,-142,-2.37,False
2026-10-10T09:50:00+11:00,2287630,2459_348,-33.915435791015625,151.24020385742188,74.0,7.9,-95,-1.58,False
2026-10-10T09:50:00+11:00,2515220,2459_410,-33.86093521118164,151.1044158935547,297.0,0.0,0,0.0,True
2026-10-10T09:50:00+11:00,2284962,2459_433,-33.88444900512695,151.19358825683594,85.0,37.4,-86,-1.43,False
2026-10-10T09:50:00+11:00,2740616,7066_28T4,-33.93876647949219,151.14808654785156,213.0,0.0,475,7.92,False
2026-10-10T09:50:00+11:00,2310053,7083_SW3,-33.90469741821289,151.1387939453125,65.0,40.7,-25,-0.42,True
2026-10-10T09:50:00+11:00,2620118,2459_530,-33.86906051635742,151.10604858398438,278.0,36.7,-418,-6.97,False
2026-10-10T09:50:00+11:00,2686186,2459_423,-33.926021575927734,151.13150024414062,245.0,45.0,-356,-5.93,False
2026-10-10T09:50:00+11:00,2375811,2508_144,-33.79713821411133,151.1800537109375,248.0,0.0,0,0.0,True
2026-10-10T09:50:00+11:00,2668229,2459_420,-33.93278884887695,151.1652374267578,135.0,34.6,202,3.37,True
2026-10-10T09:50:00+11:00,2377663,2508_100,-33.842220306396484,151.24368286132812,351.0,3.6,0,0.0,True
2026-10-10T09:50:00+11:00,2038598,2459_440,-33.86428451538086,151.16958618164062,234.0,0.0,0,0.0,True
2026-10-10T09:50:00+11:00,2530107,7084_SW2,-33.91463088989258,151.16522216796875,214.0,0.0,0,0.0,True
2026-10-10T09:50:00+11:00,2286256,2459_442,-33.85906982421875,151.17745971679688,11.0,12.2,-56,-0.93,True
2026-10-10T09:50:00+11:00,2208179,2459_466,-33.869022369384766,151.10531616210938,9.0,0.0,34,0.57,True
2026-10-10T09:50:00+11:00,2285634,2459_441,-33.87334060668945,151.210205078125,101.0,28.4,14,0.23,True
2026-10-10T09:50:00+11:00,2090513,2508_160X,-33.796043395996094,151.18116760253906,349.0,0.0,0,0.0,True
2026-10-10T09:50:00+11:00,2741344,700015_3AT4,-33.880638122558594,151.20689392089844,188.0,0.0,1032,17.2,False
2026-10-10T09:50:00+11:00,2718951,2514_271,-33.865882873535156,151.20571899414062,174.0,3.6,-241,-4.02,False
2026-10-10T09:50:00+11:00,2636573,2459_504,-33.85188293457031,151.12913513183594,157.0,41.4,8,0.13,True
2026-10-10T09:50:00+11:00,2636610,2459_415,-33.847801208496094,151.14129638671875,30.0,0.0,0,0.0,True
2026-10-10T09:50:00+11:00,2376258,2508_243,-33.8243522644043,151.2401123046875,184.0,0.0,0,0.0,True
2026-10-10T09:50:00+11:00,2036725,2459_412,-33.89368438720703,151.1642303466797,12.0,0.0,-113,-1.88,False
2026-10-10T09:50:00+11:00,2290672,2459_438X,-33.87208557128906,151.13230895996094,344.0,36.7,-102,-1.7,False
2026-10-10T09:50:00+11:00,2283612,2459_303,-33.929622650146484,151.2056121826172,189.0,15.5,138,2.3,True
2026-10-10T09:50:00+11:00,2475044,2459_389,-33.86974334716797,151.20372009277344,167.0,0.0,-73,-1.22,False
2026-10-10T09:50:00+11:00,2376551,2508_144,-33.805057525634766,151.2461700439453,348.0,54.0,266,4.43,True
2026-10-10T09:50:00+11:00,2420944,2508_230,-33.83833312988281,151.20709228515625,202.0,13.7,126,2.1,True
2026-10-10T09:50:00+11:00,2283568,2459_428,-33.910255432128906,151.11782836914062,232.0,20.9,0,0.0,True
2026-10-10T09:50:00+11:00,2285575,2459_426,-33.88412857055664,151.19839477539062,87.0,0.0,73,1.22,True
2026-10-10T09:50:00+11:00,2289197,2459_423,-33.873653411865234,151.20985412597656,6.0,23.8,85,1.42,True
2026-10-10T09:50:00+11:00,2484399,2459_483,-33.8847770690918,151.18756103515625,264.0,2.9,186,3.1,True
2026-10-10T09:50:00+11:00,2038464,2459_440,-33.882633209228516,151.20472717285156,51.0,39.6,358,5.97,True
2026-10-10T09:50:00+11:00,2474955,2459_389,-33.89176559448242,151.2472686767578,108.0,0.0,61,1.02,True
2026-10-10T09:50:00+11:00,2349479,2459_418,-33.9091682434082,151.13270568847656,14.0,15.1,6,0.1,True
2026-10-10T09:50:00+11:00,2290469,2459_438X,-33.84484100341797,151.12847900390625,2.0,0.0,0,0.0,True
2026-10-10T09:50:00+11:00,2038597,2459_440,-33.875179290771484,151.15609741210938,173.0,28.1,-231,-3.85,False
2026-10-10T09:50:00+11:00,2288908,2459_438X,-33.879390716552734,151.2091522216797,184.0,0.0,-27,-0.45,True
2026-10-10T09:50:00+11:00,2420905,2508_238,-33.8456916809082,151.240234375,254.0,0.0,55,0.92,True
2026-10-10T09:50:00+11:00,2286099,2459_438X,-33.884517669677734,151.19509887695312,267.0,0.0,63,1.05,True
2026-10-10T09:50:00+11:00,2285167,2459_470,-33.88089370727539,151.16896057128906,294.0,31.0,-242,-4.03,False
2026-10-10T09:50:00+11:00,2284975,2459_431,-33.884010314941406,151.2023468017578,251.0,5.0,129,2.15,True
2026-10-10T09:50:00+11:00,2388902,2508_173X,-33.809757232666016,151.24560546875,215.0,48.2,-24,-0.4,True
2026-10-10T09:50:00+11:00,2686156,2459_423,-33.867305755615234,151.2106475830078,6.0,0.0,209,3.48,True
2026-10-10T09:50:00+11:00,2741046,7016_7T4,-33.915557861328125,151.16555786132812,9.0,0.0,235,3.92,True
2026-10-10T09:50:00+11:00,2554035,2459_358,-33.920501708984375,151.18800354003906,10.0,0.0,-11,-0.18,True
2026-10-10T09:50:00+11:00,2210827,2459_464,-33.8516845703125,151.1075439453125,179.0,0.4,74,1.23,True
2026-10-10T09:50:00+11:00,2287796,2459_423,-33.92392349243164,151.1356658935547,54.0,29.5,246,4.1,True
2026-10-10T09:50:00+11:00,1905358,2459_461X,-33.871761322021484,151.21604919433594,51.0,0.0,210,3.5,True
2026-10-10T09:50:00+11:00,2287865,2459_470,-33.883148193359375,151.20370483398438,221.0,32.8,-114,-1.9,False
2026-10-10T09:50:00+11:00,2515324,2459_410,-33.87809371948242,151.10342407226562,11.0,31.3,391,6.52,False
2026-10-10T09:50:00+11:00,2308936,2459_445,-33.88394546508789,151.14987182617188,359.0,0.0,-292,-4.87,False
2026-10-10T09:50:00+11:00,2289471,2459_348,-33.9072265625,151.20278930664062,187.0,0.0,-101,-1.68,False
2026-10-10T09:50:00+11:00,2211887,2459_406,-33.890323638916016,151.1283721923828,99.0,33.5,158,2.63,True
2026-10-10T09:50:00+11:00,2415924,2508_B1,-33.8213005065918,151.243896484375,7.0,30.2,-83,-1.38,False
2026-10-10T09:50:00+11:00,2713906,2508_114,-33.82741928100586,151.25038146972656,231.0,20.5,53,0.88,True
2026-10-10T09:50:00+11:00,2374616,2508_144,-33.82400894165039,151.19223022460938,64.0,0.0,-101,-1.68,False
2026-10-10T09:50:00+11:00,2475909,2459_530,-33.86788558959961,151.12548828125,99.0,40.0,63,1.05,True
2026-10-10T09:50:00+11:00,2737121,2459_308,-33.89372634887695,151.1987762451172,22.0,38.9,179,2.98,True
2026-10-10T09:50:00+11:00,2286847,2459_422,-33.883148193359375,151.20372009277344,43.0,34.9,98,1.63,True
2026-10-10T09:50:00+11:00,2284683,2459_437,-33.868133544921875,151.1818084716797,287.0,60.1,-182,-3.03,False
2026-10-10T09:50:00+11:00,2290237,2459_433,-33.85636520385742,151.1777801513672,109.0,3.6,-77,-1.28,False
2026-10-10T09:50:00+11:00,2636703,2459_504,-33.86028289794922,151.1637420654297,139.0,60.5,7,0.12,True
2026-10-10T09:50:00+11:00,2287151,2459_442,-33.870872497558594,151.20602416992188,96.0,0.0,-40,-0.67,True
2026-10-10T09:50:00+11:00,2558652,7083_SW1,-33.91451644897461,151.1525421142578,22.0,0.0,46,0.77,True
2026-10-10T09:50:00+11:00,2376115,2508_100,-33.82854461669922,151.2296600341797,240.0,0.0,218,3.63,True
2026-10-10T09:50:00+11:00,2377022,2508_100,-33.82472610473633,151.24127197265625,299.0,13.0,100,1.67,True
2026-10-10T09:50:00+11:00,2632183,2510_301,-33.92439651489258,151.21109008789062,192.0,9.0,545,9.08,False
2026-10-10T09:50:00+11:00,2596613,2459_490,-33.87499237060547,151.10452270507812,99.0,0.0,389,6.48,False
2026-10-10T09:50:00+11:00,2737205,2459_445,-33.888668060302734,151.15664672851562,171.0,18.7,-221,-3.68,False
2026-10-10T09:50:00+11:00,2718973,2514_558,-33.789791107177734,151.18284606933594,159.0,6.8,419,6.98,False
2026-10-10T09:50:00+11:00,2283700,2459_348,-33.9300537109375,151.1544189453125,150.0,30.2,562,9.37,False
2026-10-10T09:50:00+11:00,1905811,2459_461X,-33.88782501220703,151.15994262695312,269.0,40.0,-124,-2.07,False
2026-10-10T09:50:00+11:00,2283128,2459_438X,-33.8738899230957,151.13360595703125,146.0,39.2,-75,-1.25,False
2026-10-10T09:50:00+11:00,1905580,2459_461X,-33.872215270996094,151.21572875976562,332.0,0.0,0,0.0,True
2026-10-10T09:50:00+11:00,2038923,2459_412,-33.912986755371094,151.14117431640625,142.0,15.8,-6,-0.1,True
2026-10-10T09:50:00+11:00,2209819,2459_464,-33.87630081176758,151.10389709472656,8.0,4.0,-498,-8.3,False
2026-10-10T09:50:00+11:00,2596486,2459_492,-33.85137176513672,151.15420532226562,231.0,0.0,0,0.0,True
2026-10-10T09:50:00+11:00,2739170,7057_26T4,-33.881858825683594,151.20887756347656,108.0,25.2,-642,-10.7,False
2026-10-10T09:50:00+11:00,2211384,2459_473,-33.93166732788086,151.13758850097656,111.0,35.6,-73,-1.22,False
2026-10-10T09:50:00+11:00,1973449,2508_162,-33.80109405517578,151.26234436035156,175.0,27.0,-3,-0.05,True
2026-10-10T09:50:00+11:00,2740781,7066_28T4,-33.88637161254883,151.20675659179688,9.0,0.0,0,0.0,True
2026-10-10T09:50:00+11:00,2741512,700015_3AT4,-33.88595199584961,151.20327758789062,197.0,0.0,,,
2026-10-10T09:50:00+11:00,2393139,2508_114,-33.827796936035156,151.20175170898438,110.0,4.0,140,2.33,True
2026-10-10T09:50:00+11:00,2415913,2508_B1,-33.866275787353516,151.2063446044922,7.0,0.0,0,0.0,True
2026-10-10T09:50:00+11:00,2718801,2514_194,-33.850440979003906,151.21189880371094,208.0,59.4,205,3.42,True
2026-10-10T09:50:00+11:00,2288814,2459_418,-33.906578063964844,151.13587951660156,176.0,31.0,5,0.08,True
2026-10-10T09:50:00+11:00,2287745,2459_440,-33.870941162109375,151.16111755371094,42.0,36.0,80,1.33,True
2026-10-10T09:50:00+11:00,2290150,2459_428,-33.89521026611328,151.18167114257812,40.0,5.8,-109,-1.82,False
2026-10-10T09:50:00+11:00,2719284,2514_283,-33.7961540222168,151.18133544921875,1.0,0.0,0,0.0,True
2026-10-10T09:50:00+11:00,2420992,2508_238,-33.84575653076172,151.2400665283203,272.0,0.0,115,1.92,True
2026-10-10T09:50:00+11:00,2739165,7057_26T4,-33.94442367553711,151.18777465820312,73.0,64.4,-786,-13.1,False
2026-10-10T09:50:00+11:00,2210879,2459_464,-33.85071563720703,151.10733032226562,345.0,20.9,-553,-9.22,False
2026-10-10T09:50:00+11:00,2038596,2459_440,-33.88726043701172,151.17385864257812,81.0,38.2,66,1.1,True
2026-10-10T09:50:00+11:00,2704875,2504_610X,-33.8253288269043,151.21212768554688,318.0,76.7,136,2.27,True
2026-10-10T09:50:00+11:00,2289384,2459_426,-33.893123626708984,151.18406677246094,251.0,32.8,-119,-1.98,False
2026-10-10T09:50:00+11:00,2210592,2459_413,-33.895164489746094,151.13531494140625,277.0,41.4,78,1.3,True
2026-10-10T09:50:00+11:00,2285568,2459_433,-33.88078689575195,151.2066650390625,207.0,0.0,0,0.0,True
2026-10-10T09:50:00+11:00,1911977,2459_483,-33.887718200683594,151.16046142578125,89.0,29.2,-71,-1.18,False
2026-10-10T09:50:00+11:00,2475914,2459_530,-33.807395935058594,151.1794891357422,30.0,24.8,-220,-3.67,False
2026-10-10T09:50:00+11:00,2376470,2508_144,-33.810638427734375,151.2445526123047,41.0,27.4,-6,-0.1,True
2026-10-10T09:50:00+11:00,2636612,2459_504,-33.87222671508789,151.21571350097656,333.0,5.4,0,0.0,True
2026-10-10T09:50:00+11:00,2686142,2459_423,-33.881439208984375,151.20606994628906,224.0,0.0,-3,-0.05,True
2026-10-10T09:50:00+11:00,2620105,2459_530,-33.79896545410156,151.17892456054688,159.0,10.4,555,9.25,False
2026-10-10T09:50:00+11:00,2737037,2459_445,-33.85930633544922,151.17198181152344,186.0,34.2,-102,-1.7,False
2026-10-10T09:50:00+11:00,2741037,7016_7T4,-33.91557693481445,151.16554260253906,10.0,6.5,40,0.67,True
2026-10-10T09:50:00+11:00,2284181,2459_438X,-33.88433074951172,151.19558715820312,88.0,37.1,-72,-1.2,False
2026-10-10T09:50:00+11:00,2285049,2459_440,-33.88475036621094,151.1881866455078,271.0,33.1,184,3.07,True
2026-10-10T09:50:00+11:00,2290834,2459_442,-33.857479095458984,151.19342041015625,257.0,0.0,6,0.1,True
2026-10-10T09:50:00+11:00,2374772,2508_100,-33.82468795776367,151.24163818359375,118.0,0.0,103,1.72,True
2026-10-10T09:50:00+11:00,2290518,2459_438X,-33.884239196777344,151.1496124267578,269.0,0.0,-288,-4.8,False
2026-10-10T09:50:00+11:00,2287430,2459_433,-33.873252868652344,151.1749725341797,353.0,5.4,60,1.0,True
2026-10-10T09:50:00+11:00,2284842,2459_389,-33.88900375366211,151.24009704589844,345.0,18.0,66,1.1,True
2026-10-10T09:50:00+11:00,2284544,2459_470,-33.8679313659668,151.2105712890625,5.0,0.0,0,0.0,True
2026-10-10T09:50:00+11:00,2286344,2459_422,-33.884605407714844,151.18911743164062,93.0,45.4,197,3.28,True
2026-10-10T09:50:00+11:00,2714071,2508_144,-33.82861328125,151.20663452148438,279.0,0.0,88,1.47,True
2026-10-10T09:50:00+11:00,2284115,2459_437,-33.87001037597656,151.131591796875,80.0,33.8,104,1.73,True
2026-10-10T09:50:00+11:00,1905666,2459_461X,-33.869449615478516,151.10873413085938,276.0,0.0,-30,-0.5,True
2026-10-10T09:50:00+11:00,2591111,7066_28T4,-33.91371536254883,151.17820739746094,50.0,49.7,-568,-9.47,False
2026-10-10T09:50:00+11:00,2290628,2459_426,-33.90386199951172,151.16851806640625,204.0,0.0,398,6.63,False
2026-10-10T09:50:00+11:00,1904718,2459_461X,-33.88485336303711,151.18516540527344,75.0,0.0,-157,-2.62,False
2026-10-10T09:50:00+11:00,2287941,2459_438X,-33.84637451171875,151.12850952148438,184.0,38.5,3,0.05,True
2026-10-10T09:50:00+11:00,2668409,2459_420,-33.92447280883789,151.18829345703125,280.0,0.0,256,4.27,True
2026-10-10T09:50:00+11:00,2609019,2459_430,-33.882686614990234,151.20458984375,229.0,18.7,-125,-2.08,False
2026-10-10T09:50:00+11:00,2287089,2459_431,-33.86494064331055,151.2098846435547,223.0,0.0,33,0.55,True
2026-10-10T09:50:00+11:00,2374795,2508_173X,-33.86432647705078,151.20553588867188,174.0,31.0,0,0.0,True
2026-10-10T09:50:00+11:00,2280669,7083_SW3,-33.90378189086914,151.14288330078125,318.0,25.2,305,5.08,True
2026-10-10T09:50:00+11:00,2288066,2459_389,-33.864410400390625,151.1934814453125,156.0,34.9,186,3.1,True
2026-10-10T09:50:00+11:00,2037176,2459_412,-33.891075134277344,151.1793975830078,272.0,32.4,3,0.05,True
2026-10-10T09:50:00+11:00,2375225,2508_B1,-33.82991409301758,151.21559143066406,278.0,46.8,-199,-3.32,False
2026-10-10T09:50:00+11:00,2668305,2459_420,-33.8785400390625,151.10330200195312,191.0,8.3,433,7.22,False
2026-10-10T09:50:00+11:00,2739196,7057_26T4,-33.8868408203125,151.20660400390625,8.0,0.0,0,0.0,True
2026-10-10T09:50:00+11:00,2415926,2508_B1,-33.83700942993164,151.21072387695312,8.0,38.2,-21,-0.35,True
2026-10-10T09:50:00+11:00,2377476,2508_100,-33.87105178833008,151.20553588867188,355.0,24.1,-49,-0.82,True
2026-10-10T09:50:00+11:00,2420921,2508_230,-33.82933044433594,151.24417114257812,357.0,14.0,56,0.93,True
2026-10-10T09:50:00+11:00,2596621,2459_491,-33.91170883178711,151.1194305419922,190.0,0.0,-246,-4.1,False
2026-10-10T09:50:00+11:00,2289218,2459_438X,-33.88772201538086,151.16043090820312,89.0,25.9,-116,-1.93,False
2026-10-10T09:50:00+11:00,2210567,2459_464,-33.888675689697266,151.11744689941406,217.0,19.4,34,0.57,True
2026-10-10T09:50:00+11:00,2374183,2508_173X,-33.830013275146484,151.2134552001953,14.0,0.0,273,4.55,True
2026-10-10T09:50:00+11:00,2210281,2459_464,-33.8494873046875,151.10690307617188,165.0,25.9,1013,16.88,False
2026-10-10T09:50:00+11:00,2285003,2459_442,-33.86555099487305,151.17691040039062,169.0,0.0,8,0.13,True
2026-10-10T09:50:00+11:00,1904719,2459_461X,-33.88460159301758,151.135498046875,117.0,0.0,2,0.03,True
2026-10-10T09:50:00+11:00,2288342,2459_470,-33.88404846191406,151.1792755126953,55.0,0.0,-39,-0.65,True
2026-10-10T09:50:00+11:00,1959441,2459_413,-33.88463592529297,151.1916961669922,81.0,23.0,55,0.92,True
2026-10-10T09:50:00+11:00,2287992,2459_428,-33.904327392578125,151.1395721435547,66.0,39.2,285,4.75,True
2026-10-10T09:50:00+11:00,2290202,2459_470,-33.88410186767578,151.20199584960938,75.0,2.2,302,5.03,True
2026-10-10T09:50:00+11:00,2038922,2459_412,-33.884605407714844,151.19204711914062,81.0,0.0,-192,-3.2,False
2026-10-10T09:50:00+11:00,2210859,2459_464,-33.84004211425781,151.1068572998047,257.0,0.0,78,1.3,True
2026-10-10T09:50:00+11:00,2741482,700015_3AT4,-33.88016128540039,151.20736694335938,284.0,0.7,-128,-2.13,False
2026-10-10T09:50:00+11:00,2284186,2459_438X,-33.86481475830078,151.2100830078125,222.0,14.8,8,0.13,True
2026-10-10T09:50:00+11:00,2596663,2459_492,-33.88648223876953,151.10989379882812,82.0,27.0,-6,-0.1,True
2026-10-10T09:50:00+11:00,2284525,2459_433,-33.88063049316406,151.2067413330078,199.0,0.0,0,0.0,True
2026-10-10T09:50:00+11:00,2608953,2459_430,-33.89719772338867,151.1790771484375,40.0,7.2,35,0.58,True
2026-10-10T09:50:00+11:00,2718959,2514_270,-33.77983856201172,151.19566345214844,160.0,43.2,191,3.18,True
2026-10-10T09:50:00+11:00,2550504,2508_263,-33.85807800292969,151.20697021484375,25.0,61.9,22,0.37,True
2026-10-10T09:50:00+11:00,2288848,2459_440,-33.89090347290039,151.2486572265625,97.0,0.0,0,0.0,True
2026-10-10T09:50:00+11:00,2596551,2459_492,-33.880271911621094,151.1038055419922,278.0,35.6,-94,-1.57,False
2026-10-10T09:50:00+11:00,2741355,700015_3AT4,-33.9330940246582,151.2114715576172,210.0,70.6,-236,-3.93,False
2026-10-10T09:50:00+11:00,2308792,2459_445,-33.86219024658203,151.171142578125,23.0,22.7,-471,-7.85,False
2026-10-10T09:50:00+11:00,2705982,2504_610X,-33.87260437011719,151.2064971923828,185.0,11.9,0,0.0,True
2026-10-10T09:50:00+11:00,2741395,700015_3AT4,-33.891883850097656,151.21527099609375,279.0,17.6,-605,-10.08,False
2026-10-10T09:50:00+11:00,2719232,2514_270,-33.79475021362305,151.20823669433594,340.0,45.7,170,2.83,True
2026-10-10T09:50:00+11:00,2287232,2459_431,-33.88219451904297,151.2052001953125,45.0,42.8,-94,-1.57,False
2026-10-10T09:50:00+11:00,2596575,2459_490,-33.850372314453125,151.15524291992188,121.0,0.0,0,0.0,True
2026-10-10T09:50:00+11:00,2349321,2459_418,-33.906044006347656,151.126953125,353.0,21.2,12,0.2,True
2026-10-10T09:50:00+11:00,2286953,2459_433,-33.8789176940918,151.17723083496094,162.0,0.0,-52,-0.87,True
2026-10-10T09:50:00+11:00,2376375,2508_111,-33.842708587646484,151.23301696777344,188.0,19.8,0,0.0,True
2026-10-10T09:50:00+11:00,2287219,2459_437,-33.87752914428711,151.15985107421875,296.0,0.0,0,0.0,True
2026-10-10T09:50:00+11:00,2283229,2459_389,-33.87599563598633,151.21665954589844,280.0,35.6,235,3.92,True
2026-10-10T09:50:00+11:00,2740658,7066_28T4,-33.93470764160156,151.1515655517578,230.0,49.7,-32,-0.53,True
2026-10-10T09:50:00+11:00,2374605,2508_144,-33.795223236083984,151.1803436279297,179.0,8.3,0,0.0,True
2026-10-10T09:50:00+11:00,2374659,2508_144,-33.82353973388672,151.197021484375,119.0,0.0,233,3.88,True
2026-10-10T09:50:00+11:00,2636635,2459_415,-33.86790466308594,151.12509155273438,279.0,44.3,178,2.97,True
2026-10-10T09:50:00+11:00,2660315,2459_320,-33.883792877197266,151.20370483398438,27.0,0.0,0,0.0,True
2026-10-10T09:50:00+11:00,2289219,2459_440,-33.88147735595703,151.2086944580078,189.0,0.0,-59,-0.98,True
2026-10-10T09:50:00+11:00,2287801,2459_348,-33.920982360839844,151.23794555664062,98.0,0.0,0,0.0,True
2026-10-10T09:50:00+11:00,2558798,7083_SW1,-33.91703796386719,151.14466857910156,121.0,30.6,-228,-3.8,False
2026-10-10T09:50:00+11:00,2719312,2514_281,-33.786293029785156,151.19961547851562,252.0,35.6,4,0.07,True
2026-10-10T09:50:00+11:00,2375034,2508_144,-33.83114242553711,151.2216796875,113.0,0.7,59,0.98,True
2026-10-10T09:50:00+11:00,2340908,2459_412,-33.92230987548828,151.12745666503906,98.0,21.2,-286,-4.77,False
2026-10-10T09:50:00+11:00,2211463,2459_413,-33.88010025024414,151.2084503173828,196.0,8.3,0,0.0,True
2026-10-10T09:50:00+11:00,2374731,2508_144,-33.79489517211914,151.26837158203125,100.0,44.3,49,0.82,True
2026-10-10T09:50:00+11:00,2285428,2459_426,-33.90653991699219,151.1648406982422,36.0,28.4,69,1.15,True
2026-10-10T09:50:00+11:00,2718927,2514_194,-33.801212310791016,151.21112060546875,342.0,34.6,236,3.93,True
2026-10-10T09:50:00+11:00,2286062,2459_426,-33.865455627441406,151.21046447753906,218.0,0.0,0,0.0,True
2026-10-10T09:50:00+11:00,2375017,2508_172X,-33.8666877746582,151.206298828125,8.0,0.0,0,0.0,True
2026-10-10T09:50:00+11:00,2287568,2459_423,-33.884647369384766,151.19471740722656,18.0,0.0,-176,-2.93,False
2026-10-10T09:50:00+11:00,2530300,7084_SW2,-33.91453170776367,151.16534423828125,216.0,0.4,-502,-8.37,False
2026-10-10T09:50:00+11:00,2037177,2459_412,-33.86568069458008,151.2102508544922,217.0,0.0,0,0.0,True
2026-10-10T09:50:00+11:00,2424311,2508_230,-33.826786041259766,151.2318115234375,39.0,39.2,241,4.02,True
2026-10-10T09:50:00+11:00,2704292,2504_607X,-33.864322662353516,151.2047576904297,2.0,19.1,50,0.83,True
2026-10-10T09:50:00+11:00,2286540,2459_469,-33.879005432128906,151.1863250732422,327.0,32.0,119,1.98,True
2026-10-10T09:50:00+11:00,2668372,2459_420,-33.93468475341797,151.1624298095703,337.0,38.5,249,4.15,True
2026-10-10T09:50:00+11:00,2474895,2459_389,-33.88214111328125,151.2283172607422,93.0,13.7,-95,-1.58,False
2026-10-10T09:50:00+11:00,2713918,2508_144,-33.81470489501953,151.17788696289062,341.0,40.3,106,1.77,True
2026-10-10T09:50:00+11:00,2038463,2459_440,-33.889896392822266,151.23472595214844,111.0,38.5,-312,-5.2,False
2026-10-10T09:50:00+11:00,2530090,7084_SW2,-33.90797805786133,151.1501007080078,290.0,42.8,0,0.0,True
2026-10-10T09:50:00+11:00,2289744,2459_433,-33.861854553222656,151.17129516601562,205.0,22.0,-49,-0.82,True
2026-10-10T09:50:00+11:00,2374276,2508_144,-33.79838562011719,151.17864990234375,161.0,3.6,95,1.58,True
2026-10-10T09:50:00+11:00,2308920,2459_445,-33.856571197509766,151.17852783203125,104.0,30.2,-68,-1.13,False
2026-10-10T09:50:00+11:00,2420751,2508_238,-33.84576416015625,151.2403564453125,254.0,0.0,175,2.92,True
2026-10-10T09:50:00+11:00,2737061,2459_445,-33.9026985168457,151.14393615722656,244.0,0.0,346,5.77,True
2026-10-10T09:50:00+11:00,2636707,2459_504,-33.87309646606445,151.2081756591797,285.0,21.2,-80,-1.33,False
2026-10-10T09:50:00+11:00,2706051,2504_610X,-33.865604400634766,151.2056884765625,174.0,14.0,-107,-1.78,False
2026-10-10T09:50:00+11:00,2376536,2508_100,-33.86469268798828,151.20553588867188,178.0,25.6,-121,-2.02,False
2026-10-10T09:50:00+11:00,2454844,2508_225,-33.82831573486328,151.23036193847656,187.0,0.0,7,0.12,True
2026-10-10T09:50:00+11:00,2618799,2459_422,-33.91233444213867,151.17950439453125,211.0,0.0,132,2.2,True
2026-10-10T09:50:00+11:00,2484392,2459_480,-33.883174896240234,151.20420837402344,235.0,22.0,-110,-1.83,False
2026-10-10T09:50:00+11:00,2686099,2459_423,-33.89631652832031,151.1803436279297,240.0,6.8,140,2.33,True
2026-10-10T09:50:00+11:00,2289898,2459_426,-33.906124114990234,151.12721252441406,38.0,38.5,10,0.17,True
2026-10-10T09:50:00+11:00,2738788,7063_13T4,-33.92875289916992,151.15359497070312,102.0,0.0,-53,-0.88,True
2026-10-10T09:50:00+11:00,2596569,2459_490,-33.87505340576172,151.12400817871094,220.0,37.4,64,1.07,True
2026-10-10T09:50:00+11:00,2475198,2459_389,-33.86964797973633,151.19786071777344,358.0,0.0,0,0.0,True
2026-10-10T09:50:00+11:00,2683097,7083_SW1,-33.91120147705078,151.15777587890625,299.0,13.0,-63,-1.05,False
2026-10-10T09:50:00+11:00,2374179,2508_100,-33.830413818359375,151.22596740722656,62.0,35.6,59,0.98,True
2026-10-10T09:50:00+11:00,2682832,7083_SW1,-33.91028594970703,151.1220245361328,231.0,51.1,-62,-1.03,False
2026-10-10T09:50:00+11:00,2737065,2459_308,-33.90350341796875,151.1773223876953,248.0,38.2,-180,-3.0,False
2026-10-10T09:50:00+11:00,2589866,2508_280,-33.785888671875,151.18431091308594,250.0,0.0,-722,-12.03,False
2026-10-10T09:50:00+11:00,2290764,2459_423,-33.915340423583984,151.15121459960938,59.0,24.5,426,7.1,False
2026-10-10T09:50:00+11:00,1960608,2459_410,-33.87480163574219,151.1042022705078,188.0,0.0,56,0.93,True
2026-10-10T09:50:00+11:00,1962528,2459_413,-33.895442962646484,151.12547302246094,92.0,19.8,125,2.08,True
2026-10-10T09:50:00+11:00,2286331,2459_428,-33.87930679321289,151.2071075439453,16.0,27.0,-77,-1.28,False
2026-10-10T09:50:00+11:00,2284378,2459_437,-33.868141174316406,151.1342315673828,254.0,0.0,105,1.75,True
2026-10-10T09:50:00+11:00,2718740,2514_271,-33.86537170410156,151.20489501953125,355.0,10.1,43,0.72,True
2026-10-10T09:50:00+11:00,2737185,2459_428,-33.88429641723633,151.20050048828125,267.0,34.6,267,4.45,True
2026-10-10T09:50:00+11:00,2554043,2459_358,-33.925537109375,151.23931884765625,56.0,16.2,143,2.38,True
2026-10-10T09:50:00+11:00,2286297,2459_440,-33.89017105102539,151.24195861816406,296.0,23.8,85,1.42,True
2026-10-10T09:50:00+11:00,2210102,2459_464,-33.88798141479492,151.1262969970703,114.0,0.0,0,0.0,True
2026-10-10T09:50:00+11:00,2718782,2514_565,-33.79670715332031,151.18026733398438,3.0,0.0,0,0.0,True
2026-10-10T09:50:00+11:00,2287128,2459_438X,-33.86668395996094,151.21070861816406,186.0,0.0,9,0.15,True
2026-10-10T09:50:00+11:00,2713935,2508_114,-33.82790756225586,151.2021026611328,281.0,0.0,43,0.72,True
2026-10-10T09:50:00+11:00,2741375,700015_3AT4,-33.88197326660156,151.2068328857422,131.0,0.0,-728,-12.13,False
2026-10-10T09:50:00+11:00,2677046,2503_M90,-33.87501525878906,151.107421875,6.0,0.0,0,0.0,True
2026-10-10T09:50:00+11:00,2376734,2508_B1,-33.81966018676758,151.2439422607422,188.0,0.0,3,0.05,True
2026-10-10T09:50:00+11:00,2644148,2507_501,-33.87431335449219,151.1965789794922,158.0,0.0,-173,-2.88,False
2026-10-10T09:50:00+11:00,2744712,2507_292,-33.84858703613281,151.21267700195312,6.0,40.3,197,3.28,True
2026-10-10T09:50:00+11:00,2644249,2507_120,-33.79636764526367,151.1808319091797,194.0,9.7,11,0.18,True
2026-10-10T09:50:00+11:00,2557376,2507_291,-33.820892333984375,151.1854248046875,320.0,48.2,134,2.23,True
2026-10-10T09:50:00+11:00,2744715,2507_292,-33.86082077026367,151.20602416992188,188.0,64.1,-235,-3.92,False
2026-10-10T09:50:00+11:00,2620640,2507_288,-33.850730895996094,151.2117156982422,208.0,62.3,18,0.3,True
2026-10-10T09:50:00+11:00,2672535,2507_115,-33.7934684753418,151.1959228515625,340.0,40.0,-107,-1.78,False
2026-10-10T09:50:00+11:00,2620480,2507_516,-33.79623031616211,151.1805419921875,178.0,0.0,0,0.0,True
2026-10-10T09:50:00+11:00,2537584,2507_506,-33.86626052856445,151.1744842529297,118.0,0.0,571,9.52,False
2026-10-10T09:50:00+11:00,2643829,2507_52,-33.86381912231445,151.1700897216797,127.0,0.0,53,0.88,True
2026-10-10T09:50:00+11:00,2643836,2507_52,-33.84697723388672,151.15196228027344,153.0,0.0,-143,-2.38,False
2026-10-10T09:50:00+11:00,2644528,2507_501,-33.87983703613281,151.20852661132812,181.0,0.0,0,0.0,True
2026-10-10T09:50:00+11:00,2744547,2507_292,-33.80160140991211,151.1454620361328,208.0,13.7,426,7.1,False
2026-10-10T09:50:00+11:00,2643675,2507_202,-33.84122085571289,151.2092742919922,133.0,0.0,54,0.9,True
2026-10-10T09:50:00+11:00,2643433,2507_207,-33.81212615966797,151.21072387695312,190.0,27.7,-246,-4.1,False
2026-10-10T09:50:00+11:00,2643414,2507_254,-33.848846435546875,151.20620727539062,200.0,0.0,0,0.0,True
2026-10-10T09:50:00+11:00,2644601,2507_120,-33.8153190612793,151.1699676513672,353.0,0.0,0,0.0,True
2026-10-10T09:50:00+11:00,2682034,2507_267,-33.809791564941406,151.2080841064453,192.0,34.2,-107,-1.78,False
2026-10-10T09:50:00+11:00,2644929,2507_501,-33.88435745239258,151.20057678222656,266.0,33.8,176,2.93,True
2026-10-10T09:50:00+11:00,2642927,2507_120,-33.86214065551758,151.2055206298828,199.0,50.8,61,1.02,True
2026-10-10T09:50:00+11:00,2672291,2507_267,-33.80356216430664,151.19970703125,279.0,0.0,-229,-3.82,False
2026-10-10T09:50:00+11:00,2322570,2507_506,-33.851810455322266,151.1552276611328,322.0,18.0,-53,-0.88,True
2026-10-10T09:50:00+11:00,2672537,2507_115,-33.83991622924805,151.2079315185547,147.0,34.2,38,0.63,True
2026-10-10T09:50:00+11:00,2407028,2507_252,-33.81748580932617,151.15135192871094,10.0,23.0,-299,-4.98,False
2026-10-10T09:50:00+11:00,2644671,2507_52,-33.8723258972168,151.2127685546875,187.0,0.0,0,0.0,True
2026-10-10T09:50:00+11:00,2644505,2507_52,-33.820152282714844,151.11854553222656,123.0,41.0,-126,-2.1,False
2026-10-10T09:50:00+11:00,2620628,2507_252,-33.84041213989258,151.2083282470703,142.0,0.0,0,0.0,True
2026-10-10T09:50:00+11:00,2644897,2507_120,-33.79542541503906,151.18617248535156,67.0,0.0,24,0.4,True
2026-10-10T09:50:00+11:00,2557197,2507_265,-33.8409538269043,151.2071075439453,99.0,0.0,0,0.0,True
2026-10-10T09:50:00+11:00,2643874,2507_52,-33.83365249633789,151.1271514892578,338.0,0.0,74,1.23,True
2026-10-10T09:50:00+11:00,2229073,2507_288,-33.866477966308594,151.203369140625,174.0,0.0,0,0.0,True
2026-10-10T09:50:00+11:00,2644818,2507_52,-33.8642463684082,151.17037963867188,312.0,13.7,152,2.53,True
2026-10-10T09:50:00+11:00,2643245,2507_120,-33.87124252319336,151.20555114746094,354.0,25.9,738,12.3,False
2026-10-10T09:50:00+11:00,2738376,2507_533,-33.79618453979492,151.1804656982422,178.0,0.0,0,0.0,True
2026-10-10T09:50:00+11:00,2441957,2507_207,-33.83489227294922,151.20761108398438,9.0,0.4,-63,-1.05,False
2026-10-10T09:50:00+11:00,2738359,2507_533,-33.8026008605957,151.1481475830078,34.0,37.8,-72,-1.2,False
2026-10-10T09:50:00+11:00,2643281,2507_52,-33.87327194213867,151.20960998535156,278.0,20.2,0,0.0,True
2026-10-10T09:50:00+11:00,2643217,2507_501,-33.86445617675781,151.170654296875,311.0,0.0,134,2.23,True
2026-10-10T09:50:00+11:00,2642914,2507_120,-33.86902618408203,151.20530700683594,355.0,0.0,315,5.25,True
2026-10-10T09:50:00+11:00,2644450,2507_501,-33.85905838012695,151.16241455078125,138.0,56.9,-205,-3.42,False
2026-10-10T09:50:00+11:00,2672525,2507_115,-33.80559158325195,151.1991424560547,188.0,26.3,-61,-1.02,False
2026-10-10T09:50:00+11:00,2230840,2507_254,-33.81349563598633,151.16998291015625,27.0,0.0,-69,-1.15,False
2026-10-10T09:50:00+11:00,2621033,2507_252,-33.81612014770508,151.15174865722656,190.0,21.6,234,3.9,True
2026-10-10T09:50:00+11:00,2227709,2507_288,-33.814022064208984,151.18649291992188,267.0,61.6,428,7.13,False
2026-10-10T09:50:00+11:00,2137527,2509_396,-33.87773132324219,151.2133331298828,313.0,0.0,-68,-1.13,False
2026-10-10T09:50:00+11:00,2356232,2509_343,-33.89389419555664,151.2071075439453,20.0,14.4,-122,-2.03,False
2026-10-10T09:50:00+11:00,2140459,2509_306,-33.92733383178711,151.2064208984375,281.0,33.5,-126,-2.1,False
2026-10-10T09:50:00+11:00,2119461,2509_324,-33.87567138671875,151.22158813476562,297.0,23.8,-38,-0.63,True
2026-10-10T09:50:00+11:00,2140691,2509_396,-33.94120788574219,151.2529754638672,305.0,7.9,-14,-0.23,True
2026-10-10T09:50:00+11:00,2740381,2509_370,-33.916561126708984,151.24114990234375,160.0,0.0,124,2.07,True
2026-10-10T09:50:00+11:00,2533939,2509_333,-33.89083480834961,151.244140625,111.0,29.5,144,2.4,True
2026-10-10T09:50:00+11:00,2628645,2509_304,-33.878475189208984,151.20993041992188,101.0,24.5,238,3.97,True
2026-10-10T09:50:00+11:00,2740370,2509_379,-33.8890495300293,151.2681427001953,273.0,41.0,-136,-2.27,False
2026-10-10T09:50:00+11:00,2533810,2509_362,-33.8886604309082,151.2738494873047,128.0,16.6,345,5.75,True
2026-10-10T09:50:00+11:00,2398238,2509_392,-33.903160095214844,151.20738220214844,298.0,0.0,0,0.0,True
2026-10-10T09:50:00+11:00,2575716,2509_374,-33.91973114013672,151.2571563720703,189.0,0.0,0,0.0,True
2026-10-10T09:50:00+11:00,2740456,2509_379,-33.90217208862305,151.25469970703125,151.0,0.0,5,0.08,True
2026-10-10T09:50:00+11:00,2357195,2509_373,-33.921974182128906,151.25033569335938,274.0,0.0,-20,-0.33,True
2026-10-10T09:50:00+11:00,2434472,2509_390X,-33.914859771728516,151.22579956054688,281.0,0.0,-73,-1.22,False
2026-10-10T09:50:00+11:00,2346445,2509_390X,-33.94866943359375,151.24069213867188,344.0,23.4,194,3.23,True
2026-10-10T09:50:00+11:00,2137394,2509_306,-33.910728454589844,151.20663452148438,276.0,0.0,540,9.0,False
2026-10-10T09:50:00+11:00,2533395,2509_355,-33.890350341796875,151.24253845214844,291.0,11.2,145,2.42,True
2026-10-10T09:50:00+11:00,2534376,2509_333,-33.87717056274414,151.2126922607422,316.0,28.4,232,3.87,True
2026-10-10T09:50:00+11:00,2531483,2509_380,-33.894615173339844,151.26829528808594,280.0,25.9,-128,-2.13,False
2026-10-10T09:50:00+11:00,2534374,2509_355,-33.88980484008789,151.2318878173828,43.0,10.8,-172,-2.87,False
2026-10-10T09:50:00+11:00,2137392,2509_396,-33.9478759765625,151.25497436523438,43.0,0.0,161,2.68,True
2026-10-10T09:50:00+11:00,2356932,2509_370,-33.884490966796875,151.19329833984375,263.0,0.4,-49,-0.82,True
2026-10-10T09:50:00+11:00,2357451,2509_370,-33.91545486450195,151.2404022216797,326.0,0.0,128,2.13,True
2026-10-10T09:50:00+11:00,2346452,2509_390X,-33.900699615478516,151.2537384033203,335.0,6.8,-320,-5.33,False
2026-10-10T09:50:00+11:00,2356872,2509_339,-33.9064826965332,151.2466583251953,341.0,0.0,115,1.92,True
2026-10-10T09:50:00+11:00,2740293,2509_370,-33.90963363647461,151.20254516601562,197.0,0.0,-37,-0.62,True
2026-10-10T09:50:00+11:00,2533502,2509_362,-33.87173080444336,151.2622528076172,349.0,0.0,0,0.0,True
2026-10-10T09:50:00+11:00,2534519,2509_352,-33.9085807800293,151.17198181152344,265.0,0.0,0,0.0,True
2026-10-10T09:50:00+11:00,2352403,2509_356,-33.94215393066406,151.24249267578125,279.0,44.6,297,4.95,True
2026-10-10T09:50:00+11:00,2534395,2509_333,-33.888671875,151.23202514648438,319.0,36.7,132,2.2,True
2026-10-10T09:50:00+11:00,2633624,2509_324,-33.874961853027344,151.2228546142578,112.0,11.2,-2,-0.03,True
2026-10-10T09:50:00+11:00,2356489,2509_373,-33.91996765136719,151.25709533691406,190.0,0.0,0,0.0,True
2026-10-10T09:50:00+11:00,2346488,2509_390X,-33.91508483886719,151.2279815673828,101.0,0.0,-143,-2.38,False
2026-10-10T09:50:00+11:00,2575775,2509_374,-33.90858459472656,151.2353515625,277.0,0.0,-22,-0.37,True
2026-10-10T09:50:00+11:00,2138621,2509_396,-33.87578582763672,151.2095947265625,186.0,28.8,245,4.08,True
2026-10-10T09:50:00+11:00,2356685,2509_339,-33.88336944580078,151.2135772705078,103.0,0.0,186,3.1,True
2026-10-10T09:50:00+11:00,2533832,2509_313,-33.923179626464844,151.25634765625,193.0,39.2,134,2.23,True
2026-10-10T09:50:00+11:00,2139358,2509_396,-33.93370056152344,151.23716735839844,349.0,42.8,122,2.03,True
2026-10-10T09:50:00+11:00,2300917,2509_399,-33.94590759277344,151.2401123046875,349.0,0.0,261,4.35,True
2026-10-10T09:50:00+11:00,2352609,2509_392,-33.892738342285156,151.20037841796875,203.0,0.0,0,0.0,True
2026-10-10T09:50:00+11:00,2357210,2509_370,-33.909812927246094,151.21839904785156,233.0,0.0,137,2.28,True
2026-10-10T09:50:00+11:00,2357590,2509_374,-33.888877868652344,151.20799255371094,185.0,35.3,389,6.48,False
2026-10-10T09:50:00+11:00,2533406,2509_333,-33.890647888183594,151.24349975585938,111.0,20.9,-138,-2.3,False
2026-10-10T09:50:00+11:00,2533794,2509_326,-33.88629150390625,151.2607879638672,272.0,35.6,-37,-0.62,True
2026-10-10T09:50:00+11:00,2136861,2509_396,-33.94667434692383,151.2352752685547,81.0,47.5,0,0.0,True
2026-10-10T09:50:00+11:00,2352222,2509_307,-33.94010925292969,151.22817993164062,101.0,0.0,-293,-4.88,False
2026-10-10T09:50:00+11:00,2533718,2509_333,-33.880096435546875,151.2162322998047,135.0,33.5,246,4.1,True
2026-10-10T09:50:00+11:00,2534568,2509_333,-33.87651443481445,151.2095184326172,180.0,17.3,249,4.15,True
2026-10-10T09:50:00+11:00,2356751,2509_343,-33.918880462646484,151.20359802246094,15.0,0.0,15,0.25,True
2026-10-10T09:50:00+11:00,2356586,2509_343,-33.897796630859375,151.20643615722656,187.0,2.5,225,3.75,True
2026-10-10T09:50:00+11:00,2675019,2509_309,-33.95695877075195,151.2249755859375,48.0,35.3,-195,-3.25,False
2026-10-10T09:50:00+11:00,2531872,2509_333,-33.89552688598633,151.27230834960938,111.0,43.6,-175,-2.92,False
2026-10-10T09:50:00+11:00,2533166,2509_327,-33.87858200073242,151.2421112060547,321.0,13.7,59,0.98,True
2026-10-10T09:50:00+11:00,2533600,2509_350,-33.940391540527344,151.22828674316406,21.0,0.0,127,2.12,True
2026-10-10T09:50:00+11:00,2532118,2509_333,-33.89460372924805,151.267822265625,279.0,0.0,-105,-1.75,False
2026-10-10T09:50:00+11:00,2534616,2509_381,-33.894073486328125,151.2646026611328,101.0,36.7,232,3.87,True
2026-10-10T09:50:00+11:00,2740498,2509_370,-33.892127990722656,151.1876678466797,225.0,42.1,173,2.88,True
2026-10-10T09:50:00+11:00,2628729,2509_304,-33.87217330932617,151.2100372314453,3.0,0.0,-20,-0.33,True
2026-10-10T09:50:00+11:00,2488484,2509_392,-33.89262008666992,151.19915771484375,25.0,0.0,0,0.0,True
2026-10-10T09:50:00+11:00,2533428,2509_350,-33.89114761352539,151.24893188476562,280.0,0.0,0,0.0,True
2026-10-10T09:50:00+11:00,2352223,2509_307,-33.92508316040039,151.1925048828125,101.0,25.9,-107,-1.78,False
2026-10-10T09:50:00+11:00,2357749,2509_373,-33.92210388183594,151.2514190673828,97.0,19.4,-433,-7.22,False
2026-10-10T09:50:00+11:00,2740455,2509_370,-33.871952056884766,151.18008422851562,195.0,0.0,0,0.0,True
2026-10-10T09:50:00+11:00,2470788,2509_397,-33.94609832763672,151.22711181640625,313.0,0.0,-125,-2.08,False
2026-10-10T09:50:00+11:00,2533208,2509_352,-33.89045333862305,151.20953369140625,115.0,35.6,-54,-0.9,True
2026-10-10T09:50:00+11:00,2628767,2509_304,-33.863319396972656,151.21246337890625,264.0,13.3,,,
2026-10-10T09:50:00+11:00,2357506,2509_343,-33.89340591430664,151.20733642578125,10.0,0.0,470,7.83,False
2026-10-10T09:50:00+11:00,2533783,2509_333,-33.890960693359375,151.2491455078125,276.0,28.1,189,3.15,True
2026-10-10T09:50:00+11:00,2532111,2509_350,-33.93976974487305,151.21453857421875,324.0,0.0,164,2.73,True
2026-10-10T09:50:00+11:00,2138197,2509_396,-33.894962310791016,151.2215576171875,172.0,0.7,302,5.03,True
2026-10-10T09:50:00+11:00,2352623,2509_307,-33.94041442871094,151.2158203125,235.0,0.0,69,1.15,True
2026-10-10T09:50:00+11:00,2139383,2509_396,-33.8655891418457,151.21250915527344,64.0,6.8,-101,-1.68,False
2026-10-10T09:50:00+11:00,2531693,2509_325,-33.874366760253906,151.216552734375,99.0,0.0,-50,-0.83,True
2026-10-10T09:50:00+11:00,2532767,2509_350,-33.944557189941406,151.23976135253906,349.0,0.0,186,3.1,True
2026-10-10T09:50:00+11:00,2534533,2509_350,-33.92011260986328,151.25697326660156,182.0,23.8,20,0.33,True
2026-10-10T09:50:00+11:00,2434785,2509_390X,-33.90825271606445,151.2479705810547,245.0,0.4,-7,-0.12,True
2026-10-10T09:50:00+11:00,2531501,2509_360,-33.895477294921875,151.2506866455078,150.0,31.3,184,3.07,True
2026-10-10T09:50:00+11:00,2533338,2509_324,-33.87307357788086,151.20774841308594,277.0,0.0,-193,-3.22,False
2026-10-10T09:50:00+11:00,2628740,2509_304,-33.891029357910156,151.21279907226562,190.0,27.4,408,6.8,False
2026-10-10T09:50:00+11:00,2633638,2509_324,-33.87211227416992,151.20565795898438,350.0,0.0,2,0.03,True
2026-10-10T09:50:00+11:00,2356394,2509_370,-33.9194450378418,151.2571258544922,190.0,19.4,0,0.0,True
2026-10-10T09:50:00+11:00,2352770,2509_356,-33.912872314453125,151.2415771484375,214.0,0.0,115,1.92,True
2026-10-10T09:50:00+11:00,2335721,2509_309,-33.906898498535156,151.202880859375,7.0,34.9,-66,-1.1,False
2026-10-10T09:50:00+11:00,2402995,2509_311,-33.85881042480469,151.20262145996094,175.0,24.1,45,0.75,True
2026-10-10T09:50:00+11:00,2533510,2509_333,-33.863399505615234,151.2115478515625,264.0,13.7,97,1.62,True
2026-10-10T09:50:00+11:00,2137119,2509_306,-33.929080963134766,151.21231079101562,211.0,28.8,192,3.2,True
2026-10-10T09:50:00+11:00,2434477,2509_390X,-33.939876556396484,151.2391815185547,169.0,24.1,410,6.83,False
2026-10-10T09:50:00+11:00,2357802,2509_374,-33.88238525390625,151.2049560546875,224.0,6.1,0,0.0,True
2026-10-10T09:50:00+11:00,2357041,2509_311,-33.87257766723633,151.2179718017578,280.0,0.0,-36,-0.6,True
2026-10-10T09:50:00+11:00,2470818,2509_356,-33.923892974853516,151.24388122558594,8.0,29.9,103,1.72,True
2026-10-10T09:50:00+11:00,2628807,2509_304,-33.90603256225586,151.2115020751953,40.0,0.0,68,1.13,True
2026-10-10T09:50:00+11:00,2356345,2509_373,-33.88676834106445,151.2195587158203,306.0,0.0,42,0.7,True
2026-10-10T09:50:00+11:00,2532989,2509_333,-33.87285614013672,151.2099609375,185.0,0.0,86,1.43,True
2026-10-10T09:50:00+11:00,2533609,2509_386,-33.87913513183594,151.2704620361328,173.0,31.7,56,0.93,True
2026-10-10T09:50:00+11:00,2533171,2509_350,-33.94622039794922,151.2407684326172,283.0,0.0,-354,-5.9,False
2026-10-10T09:50:00+11:00,2356475,2509_311,-33.882286071777344,151.20716857910156,125.0,0.0,0,0.0,True
2026-10-10T09:50:00+11:00,2356820,2509_370,-33.919921875,151.2570037841797,10.0,0.0,0,0.0,True
2026-10-10T09:50:00+11:00,2140428,2509_396,-33.92430114746094,151.22796630859375,137.0,0.0,201,3.35,True
2026-10-10T09:50:00+11:00,2355943,2509_343,-33.92514419555664,151.22042846679688,100.0,20.9,-224,-3.73,False
2026-10-10T09:50:00+11:00,2740421,2509_370,-33.91670608520508,151.23800659179688,100.0,34.6,-197,-3.28,False
2026-10-10T09:50:00+11:00,2531654,2509_360,-33.896583557128906,151.2538604736328,272.0,0.0,-183,-3.05,False
2026-10-10T09:50:00+11:00,2740319,2509_379,-33.88482666015625,151.2808074951172,9.0,41.0,-128,-2.13,False
2026-10-10T09:50:00+11:00,2533305,2509_355,-33.90034103393555,151.1898956298828,278.0,34.9,120,2.0,True
2026-10-10T09:50:00+11:00,2534149,2509_350,-33.89738464355469,151.25181579589844,159.0,31.7,-6,-0.1,True
2026-10-10T09:50:00+11:00,2138865,2509_306,-33.9040412902832,151.20249938964844,158.0,1.8,0,0.0,True
2026-10-10T09:50:00+11:00,2352638,2509_356,-33.89134979248047,151.24960327148438,96.0,2.5,0,0.0,True
2026-10-10T09:50:00+11:00,2628780,2509_304,-33.880393981933594,151.2088165283203,61.0,9.0,0,0.0,True
2026-10-10T09:50:00+11:00,2531482,2509_352,-33.8911247253418,151.2108154296875,295.0,31.3,2,0.03,True
2026-10-10T09:50:00+11:00,2356926,2509_373,-33.877166748046875,151.21270751953125,133.0,36.4,-8,-0.13,True
2026-10-10T09:50:00+11:00,2533042,2509_350,-33.91659927368164,151.25767517089844,10.0,32.8,66,1.1,True
2026-10-10T09:50:00+11:00,2531653,2509_324,-33.857181549072266,151.28260803222656,217.0,11.2,0,0.0,True
2026-10-10T09:50:00+11:00,2434494,2509_390X,-33.939083099365234,151.23899841308594,167.0,8.6,-175,-2.92,False
2026-10-10T09:50:00+11:00,2534495,2509_362,-33.903629302978516,151.25653076171875,5.0,13.0,29,0.48,True
2026-10-10T09:50:00+11:00,2564402,2509_387,-33.88529586791992,151.2674102783203,46.0,0.0,164,2.73,True
2026-10-10T09:50:00+11:00,2532688,2509_380,-33.883872985839844,151.28282165527344,329.0,26.6,118,1.97,True
2026-10-10T09:50:00+11:00,2532078,2509_325,-33.8612174987793,151.2704620361328,339.0,27.4,42,0.7,True
2026-10-10T09:50:00+11:00,2403132,2509_311,-33.87150955200195,151.2255401611328,281.0,14.0,317,5.28,True
2026-10-10T09:50:00+11:00,2740532,2509_379,-33.891380310058594,151.2486572265625,100.0,0.0,-16,-0.27,True
2026-10-10T09:50:00+11:00,2357750,2509_370,-33.9036750793457,151.17990112304688,336.0,15.8,143,2.38,True
2026-10-10T09:50:00+11:00,2434946,2509_390X,-33.89104461669922,151.24859619140625,271.0,2.9,0,0.0,True
2026-10-10T09:50:00+11:00,2532195,2509_350,-33.89088821411133,151.24853515625,276.0,0.0,0,0.0,True
2026-10-10T09:50:00+11:00,2533246,2509_333,-33.871070861816406,151.21017456054688,5.0,27.4,-541,-9.02,False
2026-10-10T09:50:00+11:00,2740412,2509_370,-33.90742111206055,151.1861572265625,100.0,36.4,35,0.58,True
2026-10-10T09:50:00+11:00,2533976,2509_350,-33.93062973022461,151.1863250732422,76.0,0.0,129,2.15,True
2026-10-10T09:50:00+11:00,2398258,2509_392,-33.911949157714844,151.2235565185547,320.0,0.0,-45,-0.75,True
2026-10-10T09:50:00+11:00,2352407,2509_392,-33.91889953613281,151.22642517089844,172.0,33.1,-42,-0.7,True
2026-10-10T09:50:00+11:00,2356963,2509_343,-33.872222900390625,151.2100372314453,187.0,30.6,372,6.2,False
2026-10-10T09:50:00+11:00,2533413,2509_333,-33.89183044433594,151.2514190673828,252.0,32.8,-157,-2.62,False
2026-10-10T09:50:00+11:00,2534650,2509_333,-33.89147186279297,151.24952697753906,97.0,0.0,155,2.58,True
2026-10-10T09:50:00+11:00,2356866,2509_343,-33.92559051513672,151.22830200195312,343.0,0.0,16,0.27,True
2026-10-10T09:50:00+11:00,2356142,2509_343,-33.865379333496094,151.2123565673828,128.0,6.1,-136,-2.27,False
2026-10-10T09:50:00+11:00,2532624,2509_350,-33.933876037597656,151.258056640625,356.0,43.2,-172,-2.87,False
2026-10-10T09:50:00+11:00,2398220,2509_392,-33.94163513183594,151.23033142089844,347.0,63.0,116,1.93,True
2026-10-10T09:50:00+11:00,2488427,2509_392,-33.94589614868164,151.2262420654297,129.0,15.5,-45,-0.75,True
2026-10-10T09:50:00+11:00,2534386,2509_324,-33.859039306640625,151.2784423828125,204.0,25.2,167,2.78,True
2026-10-10T09:50:00+11:00,2533478,2509_333,-33.86225891113281,151.21121215820312,6.0,0.0,236,3.93,True
2026-10-10T09:50:00+11:00,2740520,2509_370,-33.87910842895508,151.1865234375,148.0,28.4,11,0.18,True
2026-10-10T09:50:00+11:00,2740344,2509_379,-33.90459060668945,151.25392150878906,355.0,15.1,180,3.0,True
2026-10-10T09:50:00+11:00,2740374,2509_379,-33.88861846923828,151.26651000976562,124.0,21.2,181,3.02,True
2026-10-10T09:50:00+11:00,2140505,2509_396,-33.89558029174805,151.2215576171875,352.0,11.5,-171,-2.85,False
2026-10-10T09:50:00+11:00,2357197,2509_339,-33.914302825927734,151.26638793945312,132.0,0.0,0,0.0,True
2026-10-10T09:50:00+11:00,2533739,2509_352,-33.89093017578125,151.24891662597656,278.0,0.0,0,0.0,True
2026-10-10T09:50:00+11:00,2628650,2509_304,-33.90705871582031,151.20907592773438,280.0,30.6,912,15.2,False
2026-10-10T09:50:00+11:00,2533685,2509_324,-33.87980270385742,151.23641967773438,282.0,22.0,47,0.78,True
2026-10-10T09:50:00+11:00,2139774,2509_396,-33.86205291748047,151.2112274169922,5.0,0.0,0,0.0,True
2026-10-10T09:50:00+11:00,2534530,2509_350,-33.93434143066406,151.1940155029297,159.0,0.0,143,2.38,True
2026-10-10T09:50:00+11:00,2357825,2509_373,-33.8867073059082,151.21902465820312,144.0,20.5,240,4.0,True
2026-10-10T09:50:00+11:00,2346466,2509_390X,-33.9168815612793,151.2394256591797,100.0,4.3,111,1.85,True
2026-10-10T09:50:00+11:00,2533485,2509_350,-33.9244270324707,151.18797302246094,276.0,0.0,-59,-0.98,True
2026-10-10T09:50:00+11:00,2740343,2509_379,-33.88593292236328,151.28424072265625,112.0,15.1,-59,-0.98,True
2026-10-10T09:50:00+11:00,2533262,2509_355,-33.89861297607422,151.17445373535156,89.0,12.6,279,4.65,True
2026-10-10T09:50:00+11:00,2675059,2509_309,-33.8931770324707,151.19895935058594,20.0,0.0,0,0.0,True
2026-10-10T09:50:00+11:00,2534016,2509_333,-33.86640548706055,151.2112579345703,278.0,2.9,10,0.17,True
2026-10-10T09:50:00+11:00,2488372,2509_392,-33.90175247192383,151.20887756347656,222.0,0.0,104,1.73,True
2026-10-10T09:50:00+11:00,2548574,2509_328,-33.89116287231445,151.24903869628906,278.0,0.0,0,0.0,True
2026-10-10T09:50:00+11:00,2400467,2509_309,-33.91844177246094,151.19944763183594,31.0,32.4,-296,-4.93,False
2026-10-10T09:50:00+11:00,2356842,2509_373,-33.908512115478516,151.2344970703125,278.0,9.0,-33,-0.55,True
2026-10-10T09:50:00+11:00,2675089,2509_309,-33.913204193115234,151.20132446289062,197.0,19.8,-13,-0.22,True
2026-10-10T09:50:00+11:00,2534491,2509_313,-33.909324645996094,151.25173950195312,189.0,22.7,-10,-0.17,True
2026-10-10T09:50:00+11:00,2532398,2509_325,-33.870018005371094,151.2525177001953,275.0,28.1,474,7.9,False
2026-10-10T09:50:00+11:00,2740482,2509_379,-33.89109420776367,151.24839782714844,277.0,0.0,-108,-1.8,False
2026-10-10T09:50:00+11:00,2675049,2509_309,-33.94375991821289,151.1958465576172,155.0,13.7,-127,-2.12,False
2026-10-10T09:50:00+11:00,2470844,2509_356,-33.941219329833984,151.23741149902344,99.0,34.2,-52,-0.87,True
2026-10-10T09:50:00+11:00,2346483,2509_390X,-33.892974853515625,151.2496337890625,9.0,0.0,-48,-0.8,True
2026-10-10T09:50:00+11:00,2140437,2509_375,-33.91289520263672,151.23941040039062,341.0,1.8,-107,-1.78,False
2026-10-10T09:50:00+11:00,2534733,2509_333,-33.88949966430664,151.2832794189453,214.0,0.0,0,0.0,True
2026-10-10T09:50:00+11:00,2531691,2509_350,-33.93290710449219,151.1796417236328,99.0,0.0,0,0.0,True
2026-10-10T09:50:00+11:00,2531471,2509_333,-33.89430236816406,151.27316284179688,349.0,0.0,104,1.73,True
2026-10-10T09:50:00+11:00,2357846,2509_370,-33.902015686035156,151.19888305664062,253.0,31.0,116,1.93,True
2026-10-10T09:50:00+11:00,2701924,700011_27T4,-33.88234329223633,151.20541381835938,0.0,0.0,-2352,-39.2,False
2026-10-10T09:50:00+11:00,2747987,700011_27T4,-33.903785705566406,151.21437072753906,191.0,0.0,-133,-2.22,False
2026-10-10T09:50:00+11:00,2747962,700011_27T4,-33.91169357299805,151.2128143310547,5.0,61.2,-774,-12.9,False
2026-10-10T09:50:00+11:00,2722601,700012_36SC,-33.882076263427734,151.20677185058594,303.0,0.0,-2302,-38.37,False
2026-10-10T10:05:00+11:00,2288855,2459_423,-33.914546966552734,151.15261840820312,35.0,0.0,-256,-4.27,False
2026-10-10T10:05:00+11:00,2707251,2504_607X,-33.813011169433594,151.1827392578125,107.0,73.1,-169,-2.82,False
2026-10-10T10:05:00+11:00,2289349,2459_470,-33.880348205566406,151.2084503173828,282.0,30.6,176,2.93,True
2026-10-10T10:05:00+11:00,2375027,2508_B1,-33.830101013183594,151.21656799316406,277.0,56.5,-235,-3.92,False
2026-10-10T10:05:00+11:00,1904618,2459_461X,-33.876888275146484,151.1038055419922,7.0,0.0,21,0.35,True
2026-10-10T10:05:00+11:00,1963810,2459_412,-33.89108657836914,151.17945861816406,273.0,26.3,-16,-0.27,True
2026-10-10T10:05:00+11:00,2737197,2459_428,-33.89469909667969,151.18212890625,218.0,0.0,-286,-4.77,False
2026-10-10T10:05:00+11:00,2285622,2459_440,-33.890892028808594,151.2485809326172,96.0,0.0,0,0.0,True
2026-10-10T10:05:00+11:00,2714075,2508_144,-33.81185531616211,151.17539978027344,13.0,33.8,-299,-4.98,False
2026-10-10T10:05:00+11:00,2288997,2459_433,-33.860836029052734,151.1718292236328,203.0,14.0,-111,-1.85,False
2026-10-10T10:05:00+11:00,2554309,2459_358,-33.91551208496094,151.16531372070312,60.0,0.0,0,0.0,True
2026-10-10T10:05:00+11:00,2415957,2508_B1,-33.8541145324707,151.20945739746094,28.0,58.7,114,1.9,True
2026-10-10T10:05:00+11:00,2038599,2459_440,-33.861961364746094,151.16921997070312,204.0,0.0,0,0.0,True
2026-10-10T10:05:00+11:00,2718763,2514_270,-33.86457443237305,151.2047882080078,354.0,0.0,43,0.72,True
2026-10-10T10:05:00+11:00,2281017,7083_SW3,-33.90388870239258,151.14292907714844,-39.0,10.1,3,0.05,True
2026-10-10T10:05:00+11:00,2373995,2508_100,-33.824222564697266,151.23731994628906,91.0,0.4,208,3.47,True
2026-10-10T10:05:00+11:00,2668385,2459_420,-33.92441177368164,151.1881561279297,280.0,0.0,32,0.53,True
2026-10-10T10:05:00+11:00,2714035,2508_144,-33.830230712890625,151.2183074951172,280.0,28.1,-29,-0.48,True
2026-10-10T10:05:00+11:00,2740845,7016_7T4,-33.93211364746094,151.15391540527344,34.0,21.6,1194,19.9,False
2026-10-10T10:05:00+11:00,2620114,2459_530,-33.796634674072266,151.18040466308594,180.0,0.0,0,0.0,True
2026-10-10T10:05:00+11:00,2484387,2459_483,-33.879581451416016,151.2081298828125,103.0,0.0,2,0.03,True
2026-10-10T10:05:00+11:00,2424279,2508_230,-33.828861236572266,151.2094268798828,99.0,25.2,530,8.83,False
2026-10-10T10:05:00+11:00,2284200,2459_389,-33.89094543457031,151.24903869628906,277.0,0.0,0,0.0,True
2026-10-10T10:05:00+11:00,2719420,2514_194,-33.810585021972656,151.2088165283203,101.0,0.0,-101,-1.68,False
2026-10-10T10:05:00+11:00,2037178,2459_412,-33.86952209472656,151.21038818359375,6.0,0.0,0,0.0,True
2026-10-10T10:05:00+11:00,2288706,2459_422,-33.89524841308594,151.1815948486328,36.0,0.4,374,6.23,False
2026-10-10T10:05:00+11:00,2660323,2459_320,-33.892913818359375,151.20562744140625,288.0,20.2,93,1.55,True
2026-10-10T10:05:00+11:00,2283060,2459_469,-33.88146209716797,151.15887451171875,11.0,12.6,6,0.1,True
2026-10-10T10:05:00+11:00,2708198,2504_610X,-33.86891555786133,151.20529174804688,356.0,0.0,115,1.92,True
2026-10-10T10:05:00+11:00,2596641,2459_491,-33.879878997802734,151.12379455566406,238.0,0.0,-49,-0.82,True
2026-10-10T10:05:00+11:00,2737181,2459_428,-33.868003845214844,151.2105712890625,5.0,0.0,0,0.0,True
2026-10-10T10:05:00+11:00,2377663,2508_100,-33.84229278564453,151.2438201904297,192.0,9.0,0,0.0,True
2026-10-10T10:05:00+11:00,2038598,2459_440,-33.88031768798828,151.1566619873047,173.0,17.6,-298,-4.97,False
2026-10-10T10:05:00+11:00,2530107,7084_SW2,-33.91457748413086,151.16522216796875,214.0,0.4,0,0.0,True
2026-10-10T10:05:00+11:00,2208179,2459_466,-33.87379455566406,151.10443115234375,188.0,0.0,-5,-0.08,True
2026-10-10T10:05:00+11:00,2285634,2459_441,-33.870155334472656,151.2104949951172,225.0,22.0,-138,-2.3,False
2026-10-10T10:05:00+11:00,2415946,2508_B1,-33.86506271362305,151.2056121826172,174.0,22.0,0,0.0,True
2026-10-10T10:05:00+11:00,2741344,700015_3AT4,-33.881954193115234,151.2068328857422,120.0,0.0,-571,-9.52,False
2026-10-10T10:05:00+11:00,2636775,2459_504,-33.84806442260742,151.14129638671875,229.0,0.0,0,0.0,True
2026-10-10T10:05:00+11:00,2579001,7084_SW2,-33.90595245361328,151.1273956298828,36.0,39.6,-236,-3.93,False
2026-10-10T10:05:00+11:00,2636573,2459_504,-33.86166000366211,151.1663818359375,110.0,11.9,-16,-0.27,True
2026-10-10T10:05:00+11:00,2636610,2459_415,-33.8477897644043,151.14129638671875,30.0,1.8,0,0.0,True
2026-10-10T10:05:00+11:00,2376258,2508_243,-33.83131790161133,151.2239227294922,247.0,17.3,172,2.87,True
2026-10-10T10:05:00+11:00,2713960,2508_114,-33.82225799560547,151.19149780273438,149.0,0.0,0,0.0,True
2026-10-10T10:05:00+11:00,2036725,2459_412,-33.88427734375,151.1959686279297,86.0,0.0,-389,-6.48,False
2026-10-10T10:05:00+11:00,2475044,2459_389,-33.880924224853516,151.22393798828125,101.0,0.0,32,0.53,True
2026-10-10T10:05:00+11:00,2738815,7063_13T4,-33.928775787353516,151.15357971191406,100.0,0.0,340,5.67,True
2026-10-10T10:05:00+11:00,2484399,2459_483,-33.88878631591797,151.13357543945312,243.0,44.6,297,4.95,True
2026-10-10T10:05:00+11:00,2038464,2459_440,-33.88627624511719,151.2291717529297,130.0,0.0,-26,-0.43,True
2026-10-10T10:05:00+11:00,2210244,2459_464,-33.88797378540039,151.1262969970703,115.0,0.0,0,0.0,True
2026-10-10T10:05:00+11:00,2287394,2459_442,-33.85769271850586,151.1815185546875,283.0,5.4,17,0.28,True
2026-10-10T10:05:00+11:00,2349479,2459_418,-33.91439437866211,151.1634063720703,130.0,30.6,82,1.37,True
2026-10-10T10:05:00+11:00,2740753,7066_28T4,-33.8864860534668,151.20669555664062,9.0,5.4,0,0.0,True
2026-10-10T10:05:00+11:00,2211581,2459_487,-33.9117431640625,151.1190185546875,134.0,0.0,0,0.0,True
2026-10-10T10:05:00+11:00,2705665,2504_610X,-33.870582580566406,151.20623779296875,175.0,0.0,1,0.02,True
2026-10-10T10:05:00+11:00,2038597,2459_440,-33.8873405456543,151.17335510253906,81.0,4.0,127,2.12,True
2026-10-10T10:05:00+11:00,2286223,2459_422,-33.8811149597168,151.20639038085938,215.0,0.0,0,0.0,True
2026-10-10T10:05:00+11:00,2636648,2459_504,-33.87222671508789,151.21571350097656,331.0,0.0,0,0.0,True
2026-10-10T10:05:00+11:00,2288908,2459_438X,-33.887840270996094,151.168701171875,265.0,15.1,-58,-0.97,True
2026-10-10T10:05:00+11:00,2286099,2459_438X,-33.88554763793945,151.1571502685547,350.0,0.0,177,2.95,True
2026-10-10T10:05:00+11:00,2739243,7057_26T4,-33.8873405456543,151.20648193359375,9.0,41.0,0,0.0,True
2026-10-10T10:05:00+11:00,2740761,7066_28T4,-33.93681335449219,151.19766235351562,66.0,76.0,0,0.0,True
2026-10-10T10:05:00+11:00,2388902,2508_173X,-33.84316635131836,151.21145629882812,164.0,58.3,-191,-3.18,False
2026-10-10T10:05:00+11:00,2686156,2459_423,-33.8796272277832,151.20701599121094,194.0,24.8,145,2.42,True
2026-10-10T10:05:00+11:00,2707210,2504_607X,-33.8718147277832,151.2064208984375,175.0,4.3,0,0.0,True
2026-10-10T10:05:00+11:00,2554035,2459_358,-33.916011810302734,151.2407684326172,340.0,28.4,-316,-5.27,False
2026-10-10T10:05:00+11:00,2210827,2459_464,-33.877052307128906,151.10372924804688,191.0,31.0,-25,-0.42,True
2026-10-10T10:05:00+11:00,2290835,2459_433,-33.85789108276367,151.1830596923828,114.0,21.2,3,0.05,True
2026-10-10T10:05:00+11:00,2287796,2459_423,-33.91048049926758,151.16160583496094,34.0,15.5,287,4.78,True
2026-10-10T10:05:00+11:00,1905358,2459_461X,-33.88362503051758,151.20338439941406,225.0,0.0,-33,-0.55,True
2026-10-10T10:05:00+11:00,2287865,2459_470,-33.88140869140625,151.17041015625,291.0,0.0,-247,-4.12,False
2026-10-10T10:05:00+11:00,2558856,7083_SW1,-33.91492462158203,151.15199279785156,57.0,20.9,176,2.93,True
2026-10-10T10:05:00+11:00,1963320,2459_408,-33.87728500366211,151.10279846191406,97.0,0.0,-308,-5.13,False
2026-10-10T10:05:00+11:00,2308936,2459_445,-33.8563117980957,151.17300415039062,58.0,0.0,-856,-14.27,False
2026-10-10T10:05:00+11:00,2289471,2459_348,-33.91582489013672,151.1741180419922,238.0,37.1,-34,-0.57,True
2026-10-10T10:05:00+11:00,2377580,2508_100,-33.824825286865234,151.2415771484375,298.0,1.1,36,0.6,True
2026-10-10T10:05:00+11:00,2713906,2508_114,-33.83039474487305,151.218994140625,295.0,44.3,66,1.1,True
2026-10-10T10:05:00+11:00,2287898,2459_303,-33.9307746887207,151.2029266357422,100.0,11.9,-56,-0.93,True
2026-10-10T10:05:00+11:00,2374616,2508_144,-33.82437515258789,151.24026489257812,95.0,24.8,-291,-4.85,False
2026-10-10T10:05:00+11:00,2475909,2459_530,-33.850730895996094,151.15419006347656,327.0,0.0,109,1.82,True
2026-10-10T10:05:00+11:00,2737113,2459_308,-33.902923583984375,151.17909240722656,68.0,0.0,23,0.38,True
2026-10-10T10:05:00+11:00,2591184,7066_28T4,-33.93919372558594,151.1444549560547,80.0,24.5,-284,-4.73,False
2026-10-10T10:05:00+11:00,2737121,2459_308,-33.88297653198242,151.2083740234375,151.0,21.6,229,3.82,True
2026-10-10T10:05:00+11:00,2286847,2459_422,-33.904293060302734,151.18014526367188,337.0,34.2,39,0.65,True
2026-10-10T10:05:00+11:00,2284683,2459_437,-33.88420867919922,151.15110778808594,266.0,29.2,-53,-0.88,True
2026-10-10T10:05:00+11:00,2287151,2459_442,-33.8576545715332,151.1822967529297,100.0,0.0,41,0.68,True
2026-10-10T10:05:00+11:00,2530088,7084_SW2,-33.9142951965332,151.1656036376953,57.0,0.4,0,0.0,True
2026-10-10T10:05:00+11:00,2376115,2508_100,-33.87125778198242,151.2063446044922,172.0,22.0,2,0.03,True
2026-10-10T10:05:00+11:00,2377022,2508_100,-33.86347579956055,151.20542907714844,159.0,34.6,-113,-1.88,False
2026-10-10T10:05:00+11:00,2677444,2503_M90,-33.87507629394531,151.10755920410156,8.0,0.0,0,0.0,True
2026-10-10T10:05:00+11:00,2632183,2510_301,-33.94225311279297,151.21705627441406,131.0,48.2,359,5.98,True
2026-10-10T10:05:00+11:00,2596613,2459_490,-33.861934661865234,151.14492797851562,322.0,31.7,159,2.65,True
2026-10-10T10:05:00+11:00,2739700,2459_526,-33.877967834472656,151.10350036621094,5.0,0.0,0,0.0,True
2026-10-10T10:05:00+11:00,2737205,2459_445,-33.903533935546875,151.14207458496094,245.0,33.8,51,0.85,True
2026-10-10T10:05:00+11:00,2377257,2508_144,-33.793453216552734,151.1797637939453,168.0,25.6,0,0.0,True
2026-10-10T10:05:00+11:00,2283700,2459_348,-33.910823822021484,151.196533203125,128.0,39.2,484,8.07,False
2026-10-10T10:05:00+11:00,2682845,7083_SW1,-33.91480255126953,151.16490173339844,49.0,2.2,2459,40.98,False
2026-10-10T10:05:00+11:00,1905811,2459_461X,-33.86943054199219,151.10870361328125,277.0,9.0,-393,-6.55,False
2026-10-10T10:05:00+11:00,2283128,2459_438X,-33.88775634765625,151.16043090820312,89.0,29.5,111,1.85,True
2026-10-10T10:05:00+11:00,2283682,2459_431,-33.884315490722656,151.19290161132812,133.0,0.4,35,0.58,True
2026-10-10T10:05:00+11:00,2038923,2459_412,-33.89362335205078,151.1642608642578,16.0,7.6,-110,-1.83,False
2026-10-10T10:05:00+11:00,2209819,2459_464,-33.84312057495117,151.10806274414062,338.0,26.6,-877,-14.62,False
2026-10-10T10:05:00+11:00,2515264,2459_410,-33.876224517822266,151.1038818359375,187.0,31.3,235,3.92,True
2026-10-10T10:05:00+11:00,2596486,2459_492,-33.87324523925781,151.12730407714844,187.0,22.3,180,3.0,True
2026-10-10T10:05:00+11:00,2739170,7057_26T4,-33.942813873291016,151.19223022460938,206.0,64.1,-351,-5.85,False
2026-10-10T10:05:00+11:00,2740711,7066_28T4,-33.897857666015625,151.2063751220703,188.0,0.0,475,7.92,False
2026-10-10T10:05:00+11:00,2285506,2459_470,-33.88389205932617,151.17950439453125,57.0,36.0,-19,-0.32,True
2026-10-10T10:05:00+11:00,1973449,2508_162,-33.79726028442383,151.25010681152344,79.0,14.0,66,1.1,True
2026-10-10T10:05:00+11:00,2415874,2508_B1,-33.866050720214844,151.20635986328125,7.0,0.0,0,0.0,True
2026-10-10T10:05:00+11:00,2740781,7066_28T4,-33.88090515136719,151.20655822753906,220.0,11.9,0,0.0,True
2026-10-10T10:05:00+11:00,2741512,700015_3AT4,-33.885948181152344,151.20327758789062,197.0,0.0,,,
2026-10-10T10:05:00+11:00,2393139,2508_114,-33.82672119140625,151.24391174316406,163.0,17.6,6,0.1,True
2026-10-10T10:05:00+11:00,2415913,2508_B1,-33.83076477050781,151.22035217285156,115.0,27.7,242,4.03,True
2026-10-10T10:05:00+11:00,2288814,2459_418,-33.88808059692383,151.12368774414062,296.0,0.4,74,1.23,True
2026-10-10T10:05:00+11:00,2290150,2459_428,-33.872135162353516,151.21005249023438,5.0,0.0,-428,-7.13,False
2026-10-10T10:05:00+11:00,2719284,2514_283,-33.7961540222168,151.18133544921875,1.0,0.0,0,0.0,True
2026-10-10T10:05:00+11:00,2290777,2459_470,-33.868370056152344,151.2105255126953,2.0,0.0,0,0.0,True
2026-10-10T10:05:00+11:00,2038596,2459_440,-33.87932205200195,151.2097930908203,59.0,18.0,-11,-0.18,True
2026-10-10T10:05:00+11:00,2289384,2459_426,-33.909488677978516,151.1539306640625,298.0,7.2,-190,-3.17,False
2026-10-10T10:05:00+11:00,2737120,2459_428,-33.86994171142578,151.21034240722656,181.0,0.0,24,0.4,True
2026-10-10T10:05:00+11:00,2285568,2459_433,-33.87746810913086,151.1851348876953,323.0,2.9,189,3.15,True
2026-10-10T10:05:00+11:00,2636612,2459_504,-33.873146057128906,151.20843505859375,277.0,0.0,-82,-1.37,False
2026-10-10T10:05:00+11:00,2608979,2459_430,-33.90903854370117,151.16270446777344,34.0,0.0,314,5.23,True
2026-10-10T10:05:00+11:00,2686142,2459_423,-33.89891052246094,151.17286682128906,264.0,0.0,-55,-0.92,True
2026-10-10T10:05:00+11:00,2474905,2459_389,-33.869510650634766,151.19789123535156,357.0,0.0,0,0.0,True
2026-10-10T10:05:00+11:00,2668431,2459_420,-33.925926208496094,151.1776580810547,78.0,60.5,-287,-4.78,False
2026-10-10T10:05:00+11:00,2620105,2459_530,-33.820011138916016,151.15069580078125,221.0,32.4,486,8.1,False
2026-10-10T10:05:00+11:00,2737037,2459_445,-33.884010314941406,151.15724182128906,170.0,16.9,-265,-4.42,False
2026-10-10T10:05:00+11:00,2719052,2514_558,-33.78898620605469,151.1803741455078,249.0,0.0,662,11.03,False
2026-10-10T10:05:00+11:00,2285049,2459_440,-33.879180908203125,151.15640258789062,354.0,42.5,368,6.13,False
2026-10-10T10:05:00+11:00,2290834,2459_442,-33.874900817871094,151.197021484375,78.0,46.4,-157,-2.62,False
2026-10-10T10:05:00+11:00,2290518,2459_438X,-33.84767532348633,151.12826538085938,4.0,23.8,-496,-8.27,False
2026-10-10T10:05:00+11:00,2284842,2459_389,-33.87422180175781,151.21432495117188,355.0,0.0,109,1.82,True
2026-10-10T10:05:00+11:00,2377696,2508_172X,-33.78942108154297,151.25697326660156,299.0,40.7,60,1.0,True
2026-10-10T10:05:00+11:00,2284544,2459_470,-33.86457061767578,151.2103271484375,225.0,0.0,0,0.0,True
2026-10-10T10:05:00+11:00,2286696,2459_433,-33.87924575805664,151.18194580078125,55.0,40.0,-348,-5.8,False
2026-10-10T10:05:00+11:00,2475926,2459_530,-33.87704086303711,151.10227966308594,95.0,0.0,115,1.92,True
2026-10-10T10:05:00+11:00,2281112,7083_SW3,-33.914363861083984,151.16600036621094,0.0,0.0,978,16.3,False
2026-10-10T10:05:00+11:00,2714071,2508_144,-33.79957962036133,151.1790313720703,338.0,0.0,-319,-5.32,False
2026-10-10T10:05:00+11:00,2375901,2508_B1,-33.79604721069336,151.25296020507812,191.0,25.6,248,4.13,True
2026-10-10T10:05:00+11:00,2284115,2459_437,-33.883758544921875,151.15664672851562,79.0,19.4,83,1.38,True
2026-10-10T10:05:00+11:00,2389368,2508_173X,-33.79436111450195,151.26426696777344,280.0,0.0,230,3.83,True
2026-10-10T10:05:00+11:00,1904718,2459_461X,-33.87333297729492,151.21104431152344,109.0,19.1,-212,-3.53,False
2026-10-10T10:05:00+11:00,2596926,2508_263,-33.83002853393555,151.22645568847656,150.0,0.0,-37,-0.62,True
2026-10-10T10:05:00+11:00,2287941,2459_438X,-33.88419723510742,151.14820861816406,91.0,36.4,-239,-3.98,False
2026-10-10T10:05:00+11:00,2714064,2508_144,-33.824283599853516,151.24151611328125,244.0,0.0,114,1.9,True
2026-10-10T10:05:00+11:00,2668409,2459_420,-33.92256546020508,151.17251586914062,325.0,47.2,46,0.77,True
2026-10-10T10:05:00+11:00,2309854,7083_SW3,-33.90140914916992,151.14471435546875,8.0,29.2,-198,-3.3,False
2026-10-10T10:05:00+11:00,2609019,2459_430,-33.90327453613281,151.16876220703125,201.0,31.3,-239,-3.98,False
2026-10-10T10:05:00+11:00,2211218,2459_413,-33.879451751708984,151.20706176757812,10.0,1.1,0,0.0,True
2026-10-10T10:05:00+11:00,2287089,2459_431,-33.879459381103516,151.20913696289062,185.0,0.0,146,2.43,True
2026-10-10T10:05:00+11:00,2558827,7083_SW1,-33.918785095214844,151.14590454101562,55.0,18.4,-154,-2.57,False
2026-10-10T10:05:00+11:00,2374795,2508_173X,-33.84644317626953,151.2122802734375,343.0,33.1,192,3.2,True
2026-10-10T10:05:00+11:00,2090088,2508_160X,-33.79023361206055,151.1827392578125,68.0,0.0,234,3.9,True
2026-10-10T10:05:00+11:00,2287780,2459_426,-33.86570358276367,151.2112579345703,19.0,17.3,56,0.93,True
2026-10-10T10:05:00+11:00,2308995,2459_445,-33.90485763549805,151.12838745117188,43.0,4.0,243,4.05,True
2026-10-10T10:05:00+11:00,2283954,2459_438X,-33.866554260253906,151.2107391357422,6.0,15.1,174,2.9,True
2026-10-10T10:05:00+11:00,1961372,2459_412,-33.91054153442383,151.15040588378906,64.0,24.5,-280,-4.67,False
2026-10-10T10:05:00+11:00,2037176,2459_412,-33.900169372558594,151.1534423828125,183.0,33.5,79,1.32,True
2026-10-10T10:05:00+11:00,2741038,7016_7T4,-33.91896057128906,151.1691131591797,147.0,0.0,63,1.05,True
2026-10-10T10:05:00+11:00,2349564,2459_418,-33.90595245361328,151.12704467773438,174.0,19.4,1,0.02,True
2026-10-10T10:05:00+11:00,2740847,7016_7T4,-33.93362808227539,151.15277099609375,33.0,11.5,315,5.25,True
2026-10-10T10:05:00+11:00,2415926,2508_B1,-33.8077392578125,151.2466583251953,11.0,0.0,184,3.07,True
2026-10-10T10:05:00+11:00,2636644,2459_504,-33.851314544677734,151.129150390625,265.0,0.0,-1,-0.02,True
2026-10-10T10:05:00+11:00,2741004,7016_7T4,-33.94121551513672,151.1455535888672,226.0,50.8,-18,-0.3,True
2026-10-10T10:05:00+11:00,2377476,2508_100,-33.82948684692383,151.2276611328125,43.0,0.4,-82,-1.37,False
2026-10-10T10:05:00+11:00,2420921,2508_230,-33.83578109741211,151.20748901367188,190.0,0.0,-110,-1.83,False
2026-10-10T10:05:00+11:00,2289218,2459_438X,-33.878692626953125,151.20924377441406,5.0,0.4,-274,-4.57,False
2026-10-10T10:05:00+11:00,2210614,2459_415,-33.87250900268555,151.10458374023438,6.0,0.0,132,2.2,True
2026-10-10T10:05:00+11:00,2374183,2508_173X,-33.80602264404297,151.24647521972656,348.0,0.0,286,4.77,True
2026-10-10T10:05:00+11:00,2741396,700015_3AT4,-33.93739318847656,151.1961669921875,66.0,68.4,-223,-3.72,False
2026-10-10T10:05:00+11:00,2210281,2459_464,-33.88288879394531,151.10263061523438,189.0,25.2,772,12.87,False
2026-10-10T10:05:00+11:00,2285003,2459_442,-33.86502456665039,151.17678833007812,354.0,27.7,-173,-2.88,False
2026-10-10T10:05:00+11:00,1904719,2459_461X,-33.88480758666992,151.18572998046875,80.0,31.7,-149,-2.48,False
2026-10-10T10:05:00+11:00,2288342,2459_470,-33.87705612182617,151.20944213867188,7.0,0.0,-114,-1.9,False
2026-10-10T10:05:00+11:00,2287992,2459_428,-33.900394439697266,151.17054748535156,25.0,0.0,304,5.07,True
2026-10-10T10:05:00+11:00,2308841,2459_445,-33.90364456176758,151.14260864257812,315.0,0.0,203,3.38,True
2026-10-10T10:05:00+11:00,2279987,7083_SW3,-33.91463088989258,151.16514587402344,354.0,4.3,863,14.38,False
2026-10-10T10:05:00+11:00,2741482,700015_3AT4,-33.90306854248047,151.21458435058594,190.0,54.4,417,6.95,False
2026-10-10T10:05:00+11:00,2589891,2508_280,-33.79624938964844,151.18084716796875,189.0,0.0,0,0.0,True
2026-10-10T10:05:00+11:00,2284186,2459_438X,-33.87004470825195,151.21034240722656,178.0,0.0,-32,-0.53,True
2026-10-10T10:05:00+11:00,2284525,2459_433,-33.88438034057617,151.1952362060547,267.0,9.7,-35,-0.58,True
2026-10-10T10:05:00+11:00,2608953,2459_430,-33.88206481933594,151.2085723876953,11.0,0.0,-94,-1.57,False
2026-10-10T10:05:00+11:00,2718959,2514_270,-33.864280700683594,151.20553588867188,176.0,37.8,-5,-0.08,True
2026-10-10T10:05:00+11:00,2550504,2508_263,-33.83182144165039,151.2191925048828,23.0,9.0,25,0.42,True
2026-10-10T10:05:00+11:00,2737165,2459_445,-33.864315032958984,151.16954040527344,233.0,0.0,-101,-1.68,False
2026-10-10T10:05:00+11:00,2288848,2459_440,-33.89018249511719,151.24197387695312,292.0,18.7,26,0.43,True
2026-10-10T10:05:00+11:00,2596551,2459_492,-33.86270523071289,151.1344757080078,68.0,43.6,-436,-7.27,False
2026-10-10T10:05:00+11:00,2375847,2508_100,-33.84212875366211,151.24363708496094,355.0,0.0,0,0.0,True
2026-10-10T10:05:00+11:00,1904720,2459_461X,-33.87266159057617,151.125732421875,129.0,1.4,283,4.72,True
2026-10-10T10:05:00+11:00,2596575,2459_490,-33.85089874267578,151.1549072265625,231.0,0.0,0,0.0,True
2026-10-10T10:05:00+11:00,2349321,2459_418,-33.87752914428711,151.1035919189453,9.0,7.2,12,0.2,True
2026-10-10T10:05:00+11:00,2090202,2508_160X,-33.79651641845703,151.1808319091797,186.0,0.0,0,0.0,True
2026-10-10T10:05:00+11:00,2558761,7083_SW1,-33.910179138183594,151.13270568847656,139.0,0.0,-183,-3.05,False
2026-10-10T10:05:00+11:00,2287219,2459_437,-33.87752914428711,151.15985107421875,296.0,0.0,0,0.0,True
2026-10-10T10:05:00+11:00,2283229,2459_389,-33.869510650634766,151.19381713867188,333.0,0.0,292,4.87,True
2026-10-10T10:05:00+11:00,2553973,2459_358,-33.923973083496094,151.1851806640625,99.0,0.0,-187,-3.12,False
2026-10-10T10:05:00+11:00,2374605,2508_144,-33.8239860534668,151.18777465820312,149.0,32.4,14,0.23,True
2026-10-10T10:05:00+11:00,2283494,2459_502,-33.86338806152344,151.11094665527344,214.0,34.9,-103,-1.72,False
2026-10-10T10:05:00+11:00,2579229,7084_SW2,-33.90095138549805,151.14773559570312,93.0,39.2,-243,-4.05,False
2026-10-10T10:05:00+11:00,2374659,2508_144,-33.82430648803711,151.23817443847656,85.0,17.6,228,3.8,True
2026-10-10T10:05:00+11:00,2660315,2459_320,-33.90372848510742,151.20932006835938,115.0,24.1,9,0.15,True
2026-10-10T10:05:00+11:00,2741072,7016_7T4,-33.93369674682617,151.15272521972656,34.0,18.4,736,12.27,False
2026-10-10T10:05:00+11:00,2289219,2459_440,-33.8870735168457,151.17514038085938,253.0,0.0,-37,-0.62,True
2026-10-10T10:05:00+11:00,2287801,2459_348,-33.915828704833984,151.23318481445312,279.0,39.2,-137,-2.28,False
2026-10-10T10:05:00+11:00,2375034,2508_144,-33.80572509765625,151.24639892578125,349.0,0.0,274,4.57,True
2026-10-10T10:05:00+11:00,2211463,2459_413,-33.887149810791016,151.17559814453125,254.0,27.4,-68,-1.13,False
2026-10-10T10:05:00+11:00,1911978,2459_483,-33.886436462402344,151.11131286621094,96.0,6.8,180,3.0,True
2026-10-10T10:05:00+11:00,2285428,2459_426,-33.88943099975586,151.19033813476562,40.0,32.0,166,2.77,True
2026-10-10T10:05:00+11:00,2374457,2508_100,-33.841983795166016,151.24386596679688,176.0,0.4,0,0.0,True
2026-10-10T10:05:00+11:00,2596586,2459_491,-33.88634490966797,151.1247100830078,30.0,0.0,-58,-0.97,True
2026-10-10T10:05:00+11:00,2286062,2459_426,-33.88426971435547,151.2007293701172,268.0,20.9,19,0.32,True
2026-10-10T10:05:00+11:00,2375017,2508_172X,-33.83024597167969,151.2191925048828,117.0,24.1,450,7.5,False
2026-10-10T10:05:00+11:00,2738807,7063_13T4,-33.93832015991211,151.1483917236328,34.0,19.1,382,6.37,False
2026-10-10T10:05:00+11:00,2376288,2508_100,-33.82518768310547,151.2425537109375,299.0,8.6,537,8.95,False
2026-10-10T10:05:00+11:00,2719324,2514_281,-33.7958984375,151.18081665039062,197.0,0.0,0,0.0,True
2026-10-10T10:05:00+11:00,2284987,2459_433,-33.87955856323242,151.2080078125,104.0,0.0,0,0.0,True
2026-10-10T10:05:00+11:00,2530300,7084_SW2,-33.90970993041992,151.15463256835938,299.0,26.6,236,3.93,True
2026-10-10T10:05:00+11:00,2037177,2459_412,-33.88147735595703,151.20602416992188,223.0,8.3,51,0.85,True
2026-10-10T10:05:00+11:00,2286540,2459_469,-33.88398742675781,151.1540069580078,266.0,40.7,64,1.07,True
2026-10-10T10:05:00+11:00,2211827,2459_464,-33.85536575317383,151.1031036376953,174.0,23.4,52,0.87,True
2026-10-10T10:05:00+11:00,2289744,2459_433,-33.87908172607422,151.18646240234375,147.0,3.6,-15,-0.25,True
2026-10-10T10:05:00+11:00,2288774,2459_442,-33.85699462890625,151.1954803466797,78.0,0.0,0,0.0,True
2026-10-10T10:05:00+11:00,2374276,2508_144,-33.8278694152832,151.20204162597656,106.0,25.9,77,1.28,True
2026-10-10T10:05:00+11:00,2636707,2459_504,-33.85195541381836,151.15304565429688,232.0,27.7,-116,-1.93,False
2026-10-10T10:05:00+11:00,2289052,2459_303,-33.92110824584961,151.2379608154297,278.0,0.0,0,0.0,True
2026-10-10T10:05:00+11:00,2376536,2508_100,-33.85966491699219,151.2060089111328,27.0,63.4,108,1.8,True
2026-10-10T10:05:00+11:00,2739156,7057_26T4,-33.886192321777344,151.2025604248047,347.0,13.0,0,0.0,True
2026-10-10T10:05:00+11:00,2484392,2459_480,-33.88800811767578,151.15863037109375,256.0,34.9,-41,-0.68,True
2026-10-10T10:05:00+11:00,2686099,2459_423,-33.91139602661133,151.15538024902344,220.0,23.4,231,3.85,True
2026-10-10T10:05:00+11:00,2420777,2508_238,-33.84587478637695,151.24002075195312,267.0,0.0,0,0.0,True
2026-10-10T10:05:00+11:00,2289898,2459_426,-33.911128997802734,151.16110229492188,34.0,13.0,66,1.1,True
2026-10-10T10:05:00+11:00,2596569,2459_490,-33.886531829833984,151.10963439941406,81.0,0.0,-5,-0.08,True
2026-10-10T10:05:00+11:00,2289594,2459_418,-33.90673065185547,151.1460723876953,291.0,0.0,17,0.28,True
2026-10-10T10:05:00+11:00,2475198,2459_389,-33.870628356933594,151.20379638671875,177.0,31.0,-63,-1.05,False
2026-10-10T10:05:00+11:00,2683097,7083_SW1,-33.9106559753418,151.12152099609375,231.0,36.0,108,1.8,True
2026-10-10T10:05:00+11:00,2290764,2459_423,-33.9041633605957,151.16836547851562,24.0,14.8,773,12.88,False
2026-10-10T10:05:00+11:00,1962528,2459_413,-33.88860321044922,151.15562438964844,76.0,0.0,102,1.7,True
2026-10-10T10:05:00+11:00,2596537,2459_490,-33.89505386352539,151.10887145996094,74.0,6.5,-47,-0.78,True
2026-10-10T10:05:00+11:00,2714021,2508_144,-33.79922103881836,151.2506866455078,246.0,15.1,124,2.07,True
2026-10-10T10:05:00+11:00,2718740,2514_271,-33.786190032958984,151.20115661621094,339.0,0.0,45,0.75,True
2026-10-10T10:05:00+11:00,2737185,2459_428,-33.90318298339844,151.1688690185547,203.0,29.9,233,3.88,True
2026-10-10T10:05:00+11:00,2554043,2459_358,-33.92513656616211,151.2270965576172,267.0,11.9,174,2.9,True
2026-10-10T10:05:00+11:00,2286297,2459_440,-33.876861572265625,151.20953369140625,242.0,10.4,87,1.45,True
2026-10-10T10:05:00+11:00,2210102,2459_464,-33.89386749267578,151.11471557617188,256.0,44.3,-116,-1.93,False
2026-10-10T10:05:00+11:00,2288598,2459_428,-33.898651123046875,151.1536407470703,185.0,36.7,1,0.02,True
2026-10-10T10:05:00+11:00,2287128,2459_438X,-33.881309509277344,151.20518493652344,303.0,0.0,-1,-0.02,True
2026-10-10T10:05:00+11:00,2686055,2459_423,-33.8654670715332,151.21044921875,216.0,0.0,0,0.0,True
2026-10-10T10:05:00+11:00,2285628,2459_389,-33.88865280151367,151.24002075195312,347.0,33.8,-34,-0.57,True
2026-10-10T10:05:00+11:00,2290300,2459_438X,-33.8448600769043,151.12844848632812,1.0,0.0,0,0.0,True
2026-10-10T10:05:00+11:00,2741375,700015_3AT4,-33.89197540283203,151.2169952392578,189.0,0.0,-61,-1.02,False
2026-10-10T10:05:00+11:00,2286177,2459_433,-33.85820770263672,151.18348693847656,289.0,0.0,0,0.0,True
2026-10-10T10:05:00+11:00,2718887,2514_194,-33.866416931152344,151.2050018310547,353.0,31.0,161,2.68,True
2026-10-10T10:05:00+11:00,2744712,2507_292,-33.80467224121094,151.15635681152344,282.0,39.2,188,3.13,True
2026-10-10T10:05:00+11:00,2644867,2507_120,-33.79644012451172,151.1811981201172,1.0,0.0,0,0.0,True
2026-10-10T10:05:00+11:00,2644249,2507_120,-33.79384994506836,151.1962432861328,158.0,0.0,125,2.08,True
2026-10-10T10:05:00+11:00,2634580,2507_261,-33.83311080932617,151.17100524902344,215.0,23.8,62,1.03,True
2026-10-10T10:05:00+11:00,2643600,2507_52,-33.87543487548828,151.2132568359375,101.0,14.0,0,0.0,True
2026-10-10T10:05:00+11:00,2643964,2507_52,-33.8349723815918,151.12782287597656,159.0,47.9,-42,-0.7,True
2026-10-10T10:05:00+11:00,2643671,2507_501,-33.85093688964844,151.1544952392578,145.0,0.0,77,1.28,True
2026-10-10T10:05:00+11:00,2322580,2507_506,-33.8705940246582,151.2130126953125,194.0,23.8,127,2.12,True
2026-10-10T10:05:00+11:00,2672508,2507_115,-33.79650115966797,151.18115234375,4.0,0.0,0,0.0,True
2026-10-10T10:05:00+11:00,2744704,2507_292,-33.80440902709961,151.155029296875,99.0,0.0,-1,-0.02,True
2026-10-10T10:05:00+11:00,2643836,2507_52,-33.872772216796875,151.2054443359375,85.0,10.4,-356,-5.93,False
2026-10-10T10:05:00+11:00,2644528,2507_501,-33.88423538208008,151.2010040283203,268.0,13.3,200,3.33,True
2026-10-10T10:05:00+11:00,2644124,2507_501,-33.88047409057617,151.206787109375,191.0,0.0,0,0.0,True
2026-10-10T10:05:00+11:00,2643433,2507_207,-33.843265533447266,151.21124267578125,165.0,58.0,-82,-1.37,False
2026-10-10T10:05:00+11:00,2643414,2507_254,-33.84744644165039,151.20361328125,359.0,0.0,64,1.07,True
2026-10-10T10:05:00+11:00,2644601,2507_120,-33.79648208618164,151.1810302734375,153.0,0.0,0,0.0,True
2026-10-10T10:05:00+11:00,2682034,2507_267,-33.825782775878906,151.1986846923828,322.0,33.5,-129,-2.15,False
2026-10-10T10:05:00+11:00,2644929,2507_501,-33.86602783203125,151.17288208007812,295.0,30.6,167,2.78,True
2026-10-10T10:05:00+11:00,2731951,2507_507,-33.83026885986328,151.1263885498047,50.0,0.0,0,0.0,True
2026-10-10T10:05:00+11:00,2642927,2507_120,-33.86908721923828,151.20530700683594,356.0,0.0,395,6.58,False
2026-10-10T10:05:00+11:00,2322570,2507_506,-33.81864929199219,151.12644958496094,295.0,0.0,74,1.23,True
2026-10-10T10:05:00+11:00,2672537,2507_115,-33.82659912109375,151.2008514404297,329.0,13.0,370,6.17,False
2026-10-10T10:05:00+11:00,2407028,2507_252,-33.817264556884766,151.1804962158203,101.0,30.6,-66,-1.1,False
2026-10-10T10:05:00+11:00,2644671,2507_52,-33.86903762817383,151.18531799316406,287.0,58.7,19,0.32,True
2026-10-10T10:05:00+11:00,2682110,2507_202,-33.829429626464844,151.20883178710938,9.0,0.0,-238,-3.97,False
2026-10-10T10:05:00+11:00,2744697,2507_292,-33.86620330810547,151.20335388183594,170.0,16.9,296,4.93,True
2026-10-10T10:05:00+11:00,2644505,2507_52,-33.85696029663086,151.16017150878906,141.0,43.6,-131,-2.18,False
2026-10-10T10:05:00+11:00,2620628,2507_252,-33.82321548461914,151.1871795654297,338.0,55.1,8,0.13,True
2026-10-10T10:05:00+11:00,2555566,2507_538,-33.83363342285156,151.14404296875,95.0,28.1,-98,-1.63,False
2026-10-10T10:05:00+11:00,2644897,2507_120,-33.82574462890625,151.21331787109375,137.0,56.9,101,1.68,True
2026-10-10T10:05:00+11:00,2557197,2507_265,-33.830753326416016,151.1929168701172,38.0,27.4,-37,-0.62,True
2026-10-10T10:05:00+11:00,2672519,2507_115,-33.79524230957031,151.18638610839844,66.0,4.0,208,3.47,True
2026-10-10T10:05:00+11:00,2643613,2507_202,-33.81138229370117,151.21388244628906,279.0,0.0,-70,-1.17,False
2026-10-10T10:05:00+11:00,2229073,2507_288,-33.833675384521484,151.21139526367188,20.0,56.5,401,6.68,False
2026-10-10T10:05:00+11:00,2644818,2507_52,-33.82085037231445,151.11932373046875,312.0,50.4,38,0.63,True
2026-10-10T10:05:00+11:00,2643245,2507_120,-33.81318283081055,151.19943237304688,346.0,25.9,1041,17.35,False
2026-10-10T10:05:00+11:00,2441957,2507_207,-33.79060363769531,151.2071533203125,16.0,44.6,-112,-1.87,False
2026-10-10T10:05:00+11:00,2643281,2507_52,-33.8433952331543,151.14913940429688,323.0,50.4,-39,-0.65,True
2026-10-10T10:05:00+11:00,2643217,2507_501,-33.82339096069336,151.1230010986328,305.0,44.6,187,3.12,True
2026-10-10T10:05:00+11:00,2620706,2507_288,-33.82038116455078,151.2041473388672,145.0,62.6,14,0.23,True
2026-10-10T10:05:00+11:00,2642914,2507_120,-33.797760009765625,151.19789123535156,338.0,0.0,59,0.98,True
2026-10-10T10:05:00+11:00,2537432,2507_506,-33.83380889892578,151.14479064941406,97.0,0.0,377,6.28,False
2026-10-10T10:05:00+11:00,2644450,2507_501,-33.87349319458008,151.1961212158203,148.0,19.8,-155,-2.58,False
2026-10-10T10:05:00+11:00,2672525,2507_115,-33.841163635253906,151.20782470703125,278.0,0.0,-433,-7.22,False
2026-10-10T10:05:00+11:00,2230840,2507_254,-33.83683776855469,151.20713806152344,111.0,16.6,-234,-3.9,False
2026-10-10T10:05:00+11:00,2738508,2507_533,-33.804969787597656,151.15821838378906,101.0,35.6,432,7.2,False
2026-10-10T10:05:00+11:00,2356232,2509_343,-33.86833190917969,151.2105255126953,4.0,17.6,-195,-3.25,False
2026-10-10T10:05:00+11:00,2140459,2509_306,-33.89665985107422,151.1992645263672,306.0,15.5,-563,-9.38,False
2026-10-10T10:05:00+11:00,2140691,2509_396,-33.91668701171875,151.22569274902344,348.0,0.0,-3,-0.05,True
2026-10-10T10:05:00+11:00,2533287,2509_324,-33.87604904174805,151.24594116210938,48.0,43.9,314,5.23,True
2026-10-10T10:05:00+11:00,2533939,2509_333,-33.88973617553711,151.2755889892578,42.0,34.6,-99,-1.65,False
2026-10-10T10:05:00+11:00,2396611,2509_392,-33.94506072998047,151.22650146484375,0.0,0.0,-134,-2.23,False
2026-10-10T10:05:00+11:00,2628645,2509_304,-33.90443801879883,151.21249389648438,190.0,40.7,147,2.45,True
2026-10-10T10:05:00+11:00,2137728,2509_396,-33.863224029541016,151.2119140625,183.0,4.0,234,3.9,True
2026-10-10T10:05:00+11:00,2740370,2509_379,-33.89957046508789,151.25279235839844,133.0,27.0,-128,-2.13,False
2026-10-10T10:05:00+11:00,2352662,2509_307,-33.94589614868164,151.22605895996094,183.0,2.5,0,0.0,True
2026-10-10T10:05:00+11:00,2575716,2509_374,-33.913448333740234,151.24526977539062,280.0,24.5,17,0.28,True
2026-10-10T10:05:00+11:00,2357195,2509_373,-33.9085693359375,151.2352294921875,279.0,0.0,192,3.2,True
2026-10-10T10:05:00+11:00,2740431,2509_379,-33.90664291381836,151.26731872558594,246.0,0.0,12,0.2,True
2026-10-10T10:05:00+11:00,2470780,2509_397,-33.941246032714844,151.2375946044922,99.0,24.8,-93,-1.55,False
2026-10-10T10:05:00+11:00,2533636,2509_325,-33.86083984375,151.20277404785156,170.0,38.5,-39,-0.65,True
2026-10-10T10:05:00+11:00,2434472,2509_390X,-33.94599151611328,151.24058532714844,169.0,19.4,0,0.0,True
2026-10-10T10:05:00+11:00,2534286,2509_350,-33.93288040161133,151.1796875,99.0,0.0,0,0.0,True
2026-10-10T10:05:00+11:00,2346445,2509_390X,-33.91568374633789,151.22564697265625,352.0,29.9,429,7.15,False
2026-10-10T10:05:00+11:00,2533395,2509_355,-33.88990020751953,151.20822143554688,296.0,0.0,258,4.3,True
2026-10-10T10:05:00+11:00,2488386,2509_392,-33.89348602294922,151.19879150390625,21.0,0.0,0,0.0,True
2026-10-10T10:05:00+11:00,2356692,2509_373,-33.9197998046875,151.25711059570312,189.0,0.0,0,0.0,True
2026-10-10T10:05:00+11:00,2137392,2509_396,-33.9424934387207,151.24497985839844,276.0,0.0,125,2.08,True
2026-10-10T10:05:00+11:00,2357451,2509_370,-33.910797119140625,151.20703125,279.0,36.7,192,3.2,True
2026-10-10T10:05:00+11:00,2356872,2509_339,-33.886207580566406,151.21844482421875,302.0,33.8,173,2.88,True
2026-10-10T10:05:00+11:00,2357594,2509_374,-33.88517379760742,151.2158966064453,291.0,34.6,0,0.0,True
2026-10-10T10:05:00+11:00,2532142,2509_327,-33.88351058959961,151.2491912841797,5.0,32.4,47,0.78,True
2026-10-10T10:05:00+11:00,2740293,2509_370,-33.91834259033203,151.243896484375,101.0,42.1,-295,-4.92,False
2026-10-10T10:05:00+11:00,2533502,2509_362,-33.870269775390625,151.26876831054688,55.0,0.0,-36,-0.6,True
2026-10-10T10:05:00+11:00,2633632,2509_324,-33.873779296875,151.21292114257812,281.0,40.3,0,0.0,True
2026-10-10T10:05:00+11:00,2139908,2509_396,-33.94792556762695,151.2548828125,41.0,0.0,3,0.05,True
2026-10-10T10:05:00+11:00,2531174,2509_360,-33.89113235473633,151.2486114501953,272.0,17.6,0,0.0,True
2026-10-10T10:05:00+11:00,2534519,2509_352,-33.90287399291992,151.17929077148438,68.0,0.0,240,4.0,True
2026-10-10T10:05:00+11:00,2346429,2509_390X,-33.91569137573242,151.22560119628906,353.0,24.8,-48,-0.8,True
2026-10-10T10:05:00+11:00,2534395,2509_333,-33.87351989746094,151.20986938476562,5.0,0.0,134,2.23,True
2026-10-10T10:05:00+11:00,2533377,2509_333,-33.861656188964844,151.21192932128906,96.0,0.0,356,5.93,True
2026-10-10T10:05:00+11:00,2740266,2509_370,-33.884429931640625,151.1946563720703,86.0,2.9,180,3.0,True
2026-10-10T10:05:00+11:00,2356489,2509_373,-33.91819381713867,151.24110412597656,266.0,0.0,44,0.73,True
2026-10-10T10:05:00+11:00,2346488,2509_390X,-33.899932861328125,151.2532958984375,326.0,32.0,-389,-6.48,False
2026-10-10T10:05:00+11:00,2575775,2509_374,-33.88399887084961,151.20819091796875,7.0,4.0,-189,-3.15,False
2026-10-10T10:05:00+11:00,2138621,2509_396,-33.91154098510742,151.22317504882812,168.0,0.0,223,3.72,True
2026-10-10T10:05:00+11:00,2356685,2509_339,-33.90891647338867,151.24868774414062,145.0,33.1,50,0.83,True
2026-10-10T10:05:00+11:00,2335553,2509_309,-33.9300537109375,151.19447326660156,11.0,0.4,376,6.27,False
2026-10-10T10:05:00+11:00,2533920,2509_333,-33.89293670654297,151.25643920898438,277.0,33.1,-196,-3.27,False
2026-10-10T10:05:00+11:00,2533832,2509_313,-33.89356231689453,151.2494354248047,1.0,29.9,-132,-2.2,False
2026-10-10T10:05:00+11:00,2139358,2509_396,-33.893070220947266,151.22113037109375,354.0,36.4,52,0.87,True
2026-10-10T10:05:00+11:00,2300917,2509_399,-33.921165466308594,151.22537231445312,123.0,23.8,381,6.35,False
2026-10-10T10:05:00+11:00,2352609,2509_392,-33.903900146484375,151.2137451171875,100.0,0.0,245,4.08,True
2026-10-10T10:05:00+11:00,2357210,2509_370,-33.907432556152344,151.18727111816406,211.0,0.0,47,0.78,True
2026-10-10T10:05:00+11:00,2357590,2509_374,-33.90873336791992,151.23631286621094,95.0,25.2,588,9.8,False
2026-10-10T10:05:00+11:00,2533406,2509_333,-33.89485168457031,151.27330017089844,2.0,34.2,-245,-4.08,False
2026-10-10T10:05:00+11:00,2136861,2509_396,-33.947757720947266,151.255126953125,43.0,0.0,0,0.0,True
2026-10-10T10:05:00+11:00,2533718,2509_333,-33.890533447265625,151.2430877685547,114.0,22.0,468,7.8,False
2026-10-10T10:05:00+11:00,2534568,2509_333,-33.88969802856445,151.2411651611328,77.0,25.2,320,5.33,True
2026-10-10T10:05:00+11:00,2534144,2509_324,-33.84355545043945,151.2840576171875,6.0,0.0,0,0.0,True
2026-10-10T10:05:00+11:00,2356751,2509_343,-33.89051055908203,151.20579528808594,6.0,30.2,48,0.8,True
2026-10-10T10:05:00+11:00,2356586,2509_343,-33.924686431884766,151.21646118164062,99.0,49.7,106,1.77,True
2026-10-10T10:05:00+11:00,2675064,2509_309,-33.89665603637695,151.19937133789062,167.0,27.7,22,0.37,True
2026-10-10T10:05:00+11:00,2533600,2509_350,-33.9326057434082,151.25730895996094,322.0,45.4,65,1.08,True
2026-10-10T10:05:00+11:00,2532118,2509_333,-33.88895034790039,151.23233032226562,317.0,30.2,-230,-3.83,False
2026-10-10T10:05:00+11:00,2533389,2509_325,-33.85966491699219,151.27064514160156,233.0,28.4,127,2.12,True
2026-10-10T10:05:00+11:00,2533063,2509_380,-33.875205993652344,151.28042602539062,190.0,47.5,370,6.17,False
2026-10-10T10:05:00+11:00,2534616,2509_381,-33.89341354370117,151.2608184814453,280.0,40.7,177,2.95,True
2026-10-10T10:05:00+11:00,2740498,2509_370,-33.9019775390625,151.19903564453125,70.0,36.0,-11,-0.18,True
2026-10-10T10:05:00+11:00,2488484,2509_392,-33.89690399169922,151.20655822753906,74.0,11.9,70,1.17,True
2026-10-10T10:05:00+11:00,2531275,2509_324,-33.855926513671875,151.20700073242188,232.0,0.0,0,0.0,True
2026-10-10T10:05:00+11:00,2533428,2509_350,-33.911407470703125,151.25436401367188,188.0,0.0,66,1.1,True
2026-10-10T10:05:00+11:00,2352223,2509_307,-33.93855285644531,151.22085571289062,121.0,40.7,-467,-7.78,False
2026-10-10T10:05:00+11:00,2740483,2509_379,-33.8912239074707,151.2476043701172,132.0,10.1,-300,-5.0,False
2026-10-10T10:05:00+11:00,2740455,2509_370,-33.873756408691406,151.1823272705078,143.0,4.3,-11,-0.18,True
2026-10-10T10:05:00+11:00,2434833,2509_390X,-33.89093780517578,151.2489471435547,279.0,0.0,0,0.0,True
2026-10-10T10:05:00+11:00,2532403,2509_333,-33.8912239074707,151.25253295898438,254.0,15.1,-38,-0.63,True
2026-10-10T10:05:00+11:00,2533208,2509_352,-33.88496780395508,151.2255096435547,99.0,26.3,209,3.48,True
2026-10-10T10:05:00+11:00,2533123,2509_355,-33.908546447753906,151.17176818847656,79.0,0.0,0,0.0,True
2026-10-10T10:05:00+11:00,2356320,2509_343,-33.918312072753906,151.2038116455078,13.0,24.8,311,5.18,True
2026-10-10T10:05:00+11:00,2357506,2509_343,-33.86928176879883,151.2105712890625,8.0,0.0,428,7.13,False
2026-10-10T10:05:00+11:00,2533783,2509_333,-33.880916595458984,151.217529296875,299.0,32.4,227,3.78,True
2026-10-10T10:05:00+11:00,2346346,2509_390X,-33.95051574707031,151.24114990234375,349.0,1.4,178,2.97,True
2026-10-10T10:05:00+11:00,2532111,2509_350,-33.931495666503906,151.18626403808594,196.0,6.5,-252,-4.2,False
2026-10-10T10:05:00+11:00,2396598,2509_392,-33.92301940917969,151.2271270751953,333.0,0.0,-120,-2.0,False
2026-10-10T10:05:00+11:00,2138197,2509_396,-33.94088363647461,151.23941040039062,176.0,14.4,168,2.8,True
2026-10-10T10:05:00+11:00,2352623,2509_307,-33.926025390625,151.19534301757812,11.0,21.2,-18,-0.3,True
2026-10-10T10:05:00+11:00,2531693,2509_325,-33.87938690185547,151.23599243164062,11.0,0.0,95,1.58,True
2026-10-10T10:05:00+11:00,2532767,2509_350,-33.93892288208008,151.21359252929688,305.0,50.4,377,6.28,False
2026-10-10T10:05:00+11:00,2300866,2509_399,-33.94955062866211,151.2409210205078,349.0,42.5,0,0.0,True
2026-10-10T10:05:00+11:00,2534189,2509_313,-33.89324188232422,151.2495880126953,186.0,10.1,24,0.4,True
2026-10-10T10:05:00+11:00,2534533,2509_350,-33.945823669433594,151.24606323242188,288.0,40.7,66,1.1,True
2026-10-10T10:05:00+11:00,2740362,2509_379,-33.88814163208008,151.27703857421875,128.0,8.6,-138,-2.3,False
2026-10-10T10:05:00+11:00,2531830,2509_380,-33.89515686035156,151.2711639404297,115.0,32.0,359,5.98,True
2026-10-10T10:05:00+11:00,2434785,2509_390X,-33.91792678833008,151.22628784179688,171.0,0.7,88,1.47,True
2026-10-10T10:05:00+11:00,2356983,2509_343,-33.881568908691406,151.2086639404297,188.0,7.2,339,5.65,True
2026-10-10T10:05:00+11:00,2531501,2509_360,-33.91093826293945,151.26963806152344,134.0,14.8,110,1.83,True
2026-10-10T10:05:00+11:00,2628595,2509_304,-33.87542724609375,151.2096405029297,187.0,42.8,-40,-0.67,True
2026-10-10T10:05:00+11:00,2628740,2509_304,-33.9061393737793,151.21145629882812,40.0,19.4,374,6.23,False
2026-10-10T10:05:00+11:00,2633638,2509_324,-33.875850677490234,151.2244873046875,178.0,13.0,-103,-1.72,False
2026-10-10T10:05:00+11:00,2356394,2509_370,-33.91503143310547,151.22772216796875,279.0,0.0,179,2.98,True
2026-10-10T10:05:00+11:00,2352770,2509_356,-33.93691635131836,151.2469482421875,275.0,47.5,269,4.48,True
2026-10-10T10:05:00+11:00,2402995,2509_311,-33.87119674682617,151.2187957763672,11.0,32.4,131,2.18,True
2026-10-10T10:05:00+11:00,2137119,2509_306,-33.92931365966797,151.19482421875,191.0,0.0,-6,-0.1,True
2026-10-10T10:05:00+11:00,2667449,2509_326,-33.88614273071289,151.25975036621094,94.0,23.0,127,2.12,True
2026-10-10T10:05:00+11:00,2357802,2509_374,-33.89034652709961,151.20887756347656,115.0,11.5,84,1.4,True
2026-10-10T10:05:00+11:00,2357041,2509_311,-33.85826873779297,151.20504760742188,92.0,23.8,-239,-3.98,False
2026-10-10T10:05:00+11:00,2470818,2509_356,-33.89997482299805,151.24208068847656,7.0,38.9,192,3.2,True
2026-10-10T10:05:00+11:00,2628807,2509_304,-33.88561248779297,151.21405029296875,10.0,0.0,326,5.43,True
2026-10-10T10:05:00+11:00,2356345,2509_373,-33.884803771972656,151.21810913085938,154.0,0.0,13,0.22,True
2026-10-10T10:05:00+11:00,2532989,2509_333,-33.89014434814453,151.2352294921875,112.0,53.3,170,2.83,True
2026-10-10T10:05:00+11:00,2533171,2509_350,-33.94422912597656,151.22238159179688,191.0,11.5,33,0.55,True
2026-10-10T10:05:00+11:00,2434474,2509_390X,-33.899513244628906,151.25296020507812,139.0,8.6,127,2.12,True
2026-10-10T10:05:00+11:00,2356475,2509_311,-33.87165069580078,151.22508239746094,8.0,0.0,52,0.87,True
2026-10-10T10:05:00+11:00,2356820,2509_370,-33.91811752319336,151.24134826660156,266.0,0.0,-16,-0.27,True
2026-10-10T10:05:00+11:00,2564477,2509_386,-33.885643005371094,151.26544189453125,312.0,27.4,236,3.93,True
2026-10-10T10:05:00+11:00,2740319,2509_379,-33.88880920410156,151.2598876953125,209.0,35.6,-45,-0.75,True
2026-10-10T10:05:00+11:00,2534149,2509_350,-33.93942642211914,151.25753784179688,126.0,41.4,-51,-0.85,True
2026-10-10T10:05:00+11:00,2138865,2509_306,-33.93154525756836,151.20791625976562,280.0,36.7,-136,-2.27,False
2026-10-10T10:05:00+11:00,2352638,2509_356,-33.89909362792969,151.2450408935547,304.0,19.8,284,4.73,True
2026-10-10T10:05:00+11:00,2675131,2509_309,-33.89276885986328,151.19920349121094,25.0,0.0,0,0.0,True
2026-10-10T10:05:00+11:00,2628780,2509_304,-33.86280822753906,151.21197509765625,8.0,0.0,0,0.0,True
2026-10-10T10:05:00+11:00,2531482,2509_352,-33.9056282043457,151.17355346679688,162.0,36.4,-534,-8.9,False
2026-10-10T10:05:00+11:00,2532375,2509_333,-33.862911224365234,151.2119598388672,190.0,0.0,70,1.17,True
2026-10-10T10:05:00+11:00,2139381,2509_375,-33.94508361816406,151.22618103027344,190.0,11.9,970,16.17,False
2026-10-10T10:05:00+11:00,2356926,2509_373,-33.90926742553711,151.2396240234375,115.0,7.2,-66,-1.1,False
2026-10-10T10:05:00+11:00,2628673,2509_304,-33.878475189208984,151.2098388671875,103.0,29.9,516,8.6,False
2026-10-10T10:05:00+11:00,2531653,2509_324,-33.879364013671875,151.23634338378906,13.0,0.0,0,0.0,True
2026-10-10T10:05:00+11:00,2534495,2509_362,-33.885040283203125,151.26805114746094,270.0,0.0,-59,-0.98,True
2026-10-10T10:05:00+11:00,2138010,2509_396,-33.8620491027832,151.2112274169922,7.0,0.0,0,0.0,True
2026-10-10T10:05:00+11:00,2403132,2509_311,-33.87683868408203,151.20999145507812,271.0,28.1,273,4.55,True
2026-10-10T10:05:00+11:00,2534096,2509_387,-33.87910079956055,151.27049255371094,170.0,33.1,114,1.9,True
2026-10-10T10:05:00+11:00,2533714,2509_333,-33.889373779296875,151.28346252441406,212.0,0.0,0,0.0,True
2026-10-10T10:05:00+11:00,2740532,2509_379,-33.885162353515625,151.27220153808594,94.0,37.4,212,3.53,True
2026-10-10T10:05:00+11:00,2357750,2509_370,-33.88228988647461,151.1898956298828,305.0,0.0,61,1.02,True
2026-10-10T10:05:00+11:00,2434946,2509_390X,-33.913238525390625,151.23963928222656,153.0,23.0,110,1.83,True
2026-10-10T10:05:00+11:00,2532195,2509_350,-33.89088821411133,151.24853515625,276.0,0.0,0,0.0,True
2026-10-10T10:05:00+11:00,2740412,2509_370,-33.910579681396484,151.20555114746094,98.0,34.2,170,2.83,True
2026-10-10T10:05:00+11:00,2533976,2509_350,-33.94031524658203,151.2153778076172,146.0,32.8,129,2.15,True
2026-10-10T10:05:00+11:00,2398258,2509_392,-33.89678955078125,151.2064971923828,187.0,14.8,-194,-3.23,False
2026-10-10T10:05:00+11:00,2352407,2509_392,-33.94596862792969,151.22640991210938,95.0,0.0,183,3.05,True
2026-10-10T10:05:00+11:00,2531384,2509_333,-33.87253189086914,151.2100067138672,183.0,28.4,371,6.18,False
2026-10-10T10:05:00+11:00,2356963,2509_343,-33.907073974609375,151.20741271972656,145.0,1.8,208,3.47,True
2026-10-10T10:05:00+11:00,2533413,2509_333,-33.881263732910156,151.21844482421875,300.0,14.0,-187,-3.12,False
2026-10-10T10:05:00+11:00,2534650,2509_333,-33.8897705078125,151.2805633544922,90.0,0.0,-56,-0.93,True
2026-10-10T10:05:00+11:00,2356866,2509_343,-33.925445556640625,151.2208709716797,280.0,52.2,56,0.93,True
2026-10-10T10:05:00+11:00,2398220,2509_392,-33.90632247924805,151.2150421142578,42.0,0.0,-160,-2.67,False
2026-10-10T10:05:00+11:00,2137257,2509_306,-33.89365768432617,151.19874572753906,21.0,0.0,0,0.0,True
2026-10-10T10:05:00+11:00,2534386,2509_324,-33.87937927246094,151.2384033203125,275.0,2.9,-27,-0.45,True
2026-10-10T10:05:00+11:00,2533478,2509_333,-33.874481201171875,151.2097625732422,188.0,0.4,479,7.98,False
2026-10-10T10:05:00+11:00,2740520,2509_370,-33.89591979980469,151.18092346191406,230.0,37.8,278,4.63,True
2026-10-10T10:05:00+11:00,2740344,2509_379,-33.890472412109375,151.25436401367188,53.0,38.2,173,2.88,True
2026-10-10T10:05:00+11:00,2140505,2509_396,-33.865623474121094,151.2124481201172,97.0,15.8,-304,-5.07,False
2026-10-10T10:05:00+11:00,2357197,2509_339,-33.909706115722656,151.24928283691406,282.0,7.9,-58,-0.97,True
2026-10-10T10:05:00+11:00,2356174,2509_343,-33.863304138183594,151.21261596679688,85.0,0.0,227,3.78,True
2026-10-10T10:05:00+11:00,2533739,2509_352,-33.889644622802734,151.2335205078125,294.0,17.6,2,0.03,True
2026-10-10T10:05:00+11:00,2531374,2509_350,-33.89131546020508,151.24801635742188,98.0,10.1,0,0.0,True
2026-10-10T10:05:00+11:00,2533685,2509_324,-33.86576461791992,151.27223205566406,31.0,33.8,231,3.85,True
2026-10-10T10:05:00+11:00,2139774,2509_396,-33.8782958984375,151.21405029296875,132.0,39.6,386,6.43,False
2026-10-10T10:05:00+11:00,2534530,2509_350,-33.946380615234375,151.24742126464844,127.0,49.7,5,0.08,True
2026-10-10T10:05:00+11:00,2533005,2509_360,-33.90061569213867,151.2642822265625,100.0,34.6,-47,-0.78,True
2026-10-10T10:05:00+11:00,2357825,2509_373,-33.921600341796875,151.2482147216797,98.0,0.0,-116,-1.93,False
2026-10-10T10:05:00+11:00,2470784,2509_356,-33.94599151611328,151.22390747070312,88.0,44.3,11,0.18,True
2026-10-10T10:05:00+11:00,2346466,2509_390X,-33.893619537353516,151.24942016601562,335.0,23.8,-66,-1.1,False
2026-10-10T10:05:00+11:00,2533262,2509_355,-33.8967399597168,151.2020721435547,93.0,27.4,296,4.93,True
2026-10-10T10:05:00+11:00,2675059,2509_309,-33.921051025390625,151.19688415527344,218.0,0.0,102,1.7,True
2026-10-10T10:05:00+11:00,2534016,2509_333,-33.887725830078125,151.2311553955078,140.0,29.9,76,1.27,True
2026-10-10T10:05:00+11:00,2488372,2509_392,-33.9243049621582,151.22811889648438,134.0,0.0,137,2.28,True
2026-10-10T10:05:00+11:00,2548574,2509_328,-33.874786376953125,151.23361206054688,44.0,32.4,47,0.78,True
2026-10-10T10:05:00+11:00,2356842,2509_373,-33.87739562988281,151.2093963623047,187.0,0.0,-181,-3.02,False
2026-10-10T10:05:00+11:00,2675089,2509_309,-33.95420455932617,151.20413208007812,117.0,36.7,-98,-1.63,False
2026-10-10T10:05:00+11:00,2532398,2509_325,-33.875465393066406,151.22438049316406,1.0,15.5,497,8.28,False
2026-10-10T10:05:00+11:00,2470844,2509_356,-33.923343658447266,151.24388122558594,15.0,3.2,-201,-3.35,False
2026-10-10T10:05:00+11:00,2140437,2509_375,-33.939117431640625,151.25704956054688,151.0,17.6,-348,-5.8,False
2026-10-10T10:05:00+11:00,2531298,2509_333,-33.86189651489258,151.21124267578125,2.0,5.8,0,0.0,True
2026-10-10T10:05:00+11:00,2357225,2509_373,-33.92012405395508,151.2569580078125,190.0,0.0,0,0.0,True
2026-10-10T10:05:00+11:00,2534733,2509_333,-33.89116668701172,151.2742919921875,225.0,10.8,38,0.63,True
2026-10-10T10:05:00+11:00,2531691,2509_350,-33.9251594543457,151.193359375,100.0,35.6,60,1.0,True
2026-10-10T10:05:00+11:00,2357846,2509_370,-33.89751052856445,151.17864990234375,51.0,9.4,229,3.82,True
2026-10-10T10:05:00+11:00,2701924,700011_27T4,-33.87946319580078,151.20761108398438,278.0,0.0,-1163,-19.38,False
2026-10-10T10:05:00+11:00,2747949,700011_27T4,-33.883750915527344,151.2082061767578,355.0,0.7,-2364,-39.4,False
2026-10-10T10:05:00+11:00,2748038,700011_27T4,-33.882137298583984,151.2098388671875,120.0,32.0,124,2.07,True
2026-10-10T10:05:00+11:00,2722560,700012_49SC,-33.90194320678711,151.21470642089844,12.0,20.9,-298,-4.97,False
2026-10-10T10:05:00+11:00,2722601,700012_36SC,-33.882137298583984,151.20672607421875,-1.0,0.0,-1026,-17.1,False
2026-10-10T10:20:00+11:00,2288855,2459_423,-33.89964294433594,151.1708984375,25.0,0.0,-184,-3.07,False
2026-10-10T10:20:00+11:00,2282992,2459_431,-33.87410354614258,151.20980834960938,186.0,0.0,5,0.08,True
2026-10-10T10:20:00+11:00,2289349,2459_470,-33.88251876831055,151.17379760742188,286.0,1.1,-142,-2.37,False
2026-10-10T10:20:00+11:00,1904618,2459_461X,-33.88739776611328,151.1416015625,132.0,37.8,-62,-1.03,False
2026-10-10T10:20:00+11:00,1963810,2459_412,-33.90433883666992,151.1532440185547,182.0,0.0,-61,-1.02,False
2026-10-10T10:20:00+11:00,2208606,2459_466,-33.864013671875,151.10711669921875,29.0,48.2,-66,-1.1,False
2026-10-10T10:20:00+11:00,2737197,2459_428,-33.89673614501953,151.1487579345703,270.0,29.2,-278,-4.63,False
2026-10-10T10:20:00+11:00,2285622,2459_440,-33.89021682739258,151.23487854003906,296.0,24.5,-92,-1.53,False
2026-10-10T10:20:00+11:00,2454889,2508_225,-33.833290100097656,151.22189331054688,9.0,42.8,301,5.02,True
2026-10-10T10:20:00+11:00,2288997,2459_433,-33.882606506347656,151.1904754638672,130.0,29.5,-490,-8.17,False
2026-10-10T10:20:00+11:00,2554309,2459_358,-33.91899490356445,151.16961669921875,48.0,26.3,58,0.97,True
2026-10-10T10:20:00+11:00,2641988,2503_M90,-33.87722396850586,151.10279846191406,98.0,0.0,-446,-7.43,False
2026-10-10T10:20:00+11:00,2415957,2508_B1,-33.810707092285156,151.24449157714844,42.0,30.6,204,3.4,True
2026-10-10T10:20:00+11:00,2038599,2459_440,-33.87810134887695,151.1563262939453,174.0,13.7,-306,-5.1,False
2026-10-10T10:20:00+11:00,2718763,2514_270,-33.78535079956055,151.2007293701172,339.0,0.0,-2,-0.03,True
2026-10-10T10:20:00+11:00,2740676,7066_28T4,-33.88282012939453,151.20816040039062,123.0,0.0,0,0.0,True
2026-10-10T10:20:00+11:00,2290313,2459_431,-33.87967300415039,151.18690490722656,148.0,0.0,45,0.75,True
2026-10-10T10:20:00+11:00,2284193,2459_438X,-33.84806823730469,151.1283721923828,179.0,0.0,-49,-0.82,True
2026-10-10T10:20:00+11:00,2474835,2459_389,-33.86951446533203,151.19789123535156,357.0,0.0,61,1.02,True
2026-10-10T10:20:00+11:00,2668385,2459_420,-33.9298210144043,151.1868133544922,195.0,6.1,87,1.45,True
2026-10-10T10:20:00+11:00,2714035,2508_144,-33.810516357421875,151.17678833007812,51.0,23.0,-112,-1.87,False
2026-10-10T10:20:00+11:00,2620114,2459_530,-33.8104133605957,151.1770782470703,228.0,0.0,-29,-0.48,True
2026-10-10T10:20:00+11:00,2484387,2459_483,-33.88724136352539,151.17453002929688,257.0,20.5,-15,-0.25,True
2026-10-10T10:20:00+11:00,2424279,2508_230,-33.831966400146484,151.23841857910156,250.0,0.0,194,3.23,True
2026-10-10T10:20:00+11:00,2284200,2459_389,-33.89023208618164,151.24212646484375,289.0,0.0,123,2.05,True
2026-10-10T10:20:00+11:00,2475894,2459_530,-33.874908447265625,151.10470581054688,97.0,0.0,328,5.47,True
2026-10-10T10:20:00+11:00,2719420,2514_194,-33.85441970825195,151.20941162109375,208.0,66.6,124,2.07,True
2026-10-10T10:20:00+11:00,1960165,2459_480,-33.8897590637207,151.12664794921875,109.0,29.2,51,0.85,True
2026-10-10T10:20:00+11:00,2741523,700015_3AT4,-33.945892333984375,151.17422485351562,89.0,0.0,-11,-0.18,True
2026-10-10T10:20:00+11:00,2683091,7083_SW1,-33.913597106933594,151.1669464111328,175.0,25.2,2536,42.27,False
2026-10-10T10:20:00+11:00,2283060,2459_469,-33.878047943115234,151.18394470214844,236.0,31.0,-13,-0.22,True
2026-10-10T10:20:00+11:00,2375631,2508_B1,-33.828636169433594,151.229248046875,240.0,38.9,36,0.6,True
2026-10-10T10:20:00+11:00,1963811,2459_412,-33.883888244628906,151.20262145996094,250.0,30.2,-52,-0.87,True
2026-10-10T10:20:00+11:00,2596641,2459_491,-33.91267395019531,151.1184844970703,231.0,0.0,-240,-4.0,False
2026-10-10T10:20:00+11:00,2737181,2459_428,-33.87149429321289,151.2101287841797,186.0,0.0,-13,-0.22,True
2026-10-10T10:20:00+11:00,2741385,700015_3AT4,-33.893455505371094,151.21685791015625,185.0,51.1,-366,-6.1,False
2026-10-10T10:20:00+11:00,2285534,2459_442,-33.85699462890625,151.19546508789062,78.0,0.0,0,0.0,True
2026-10-10T10:20:00+11:00,2392814,2508_114,-33.824493408203125,151.24032592773438,96.0,0.0,-124,-2.07,False
2026-10-10T10:20:00+11:00,2375811,2508_144,-33.823177337646484,151.19473266601562,83.0,0.0,338,5.63,True
2026-10-10T10:20:00+11:00,2377663,2508_100,-33.83066177368164,151.22576904296875,243.0,0.0,68,1.13,True
2026-10-10T10:20:00+11:00,2708045,2504_610X,-33.82472610473633,151.21202087402344,125.0,68.8,-335,-5.58,False
2026-10-10T10:20:00+11:00,2038598,2459_440,-33.884681701660156,151.18716430664062,85.0,42.1,-151,-2.52,False
2026-10-10T10:20:00+11:00,2287084,2459_469,-33.8857307434082,151.14915466308594,80.0,0.0,18,0.3,True
2026-10-10T10:20:00+11:00,2530107,7084_SW2,-33.914798736572266,151.16397094726562,312.0,14.8,100,1.67,True
2026-10-10T10:20:00+11:00,2376939,2508_B1,-33.789329528808594,151.25721740722656,238.0,72.7,-90,-1.5,False
2026-10-10T10:20:00+11:00,2285634,2459_441,-33.8542594909668,151.1789093017578,57.0,24.1,-107,-1.78,False
2026-10-10T10:20:00+11:00,2415946,2508_B1,-33.85565185546875,151.20848083496094,28.0,58.0,58,0.97,True
2026-10-10T10:20:00+11:00,2741344,700015_3AT4,-33.94532775878906,151.18536376953125,254.0,59.8,-617,-10.28,False
2026-10-10T10:20:00+11:00,2373872,2508_173X,-33.86610412597656,151.20635986328125,3.0,0.0,0,0.0,True
2026-10-10T10:20:00+11:00,2636775,2459_504,-33.85166931152344,151.13189697265625,294.0,10.8,68,1.13,True
2026-10-10T10:20:00+11:00,2288695,2459_422,-33.92409133911133,151.16146850585938,49.0,28.8,1132,18.87,False
2026-10-10T10:20:00+11:00,2608949,2459_430,-33.905677795410156,151.1659393310547,76.0,34.9,-14,-0.23,True
2026-10-10T10:20:00+11:00,2636573,2459_504,-33.8734016418457,151.21067810058594,94.0,29.2,130,2.17,True
2026-10-10T10:20:00+11:00,2636610,2459_415,-33.86931228637695,151.12232971191406,188.0,0.0,170,2.83,True
2026-10-10T10:20:00+11:00,2515376,2459_410,-33.87580490112305,151.10394287109375,190.0,31.0,-65,-1.08,False
2026-10-10T10:20:00+11:00,2283568,2459_428,-33.89722442626953,151.14755249023438,47.0,38.2,131,2.18,True
2026-10-10T10:20:00+11:00,2739204,7057_26T4,-33.90602111816406,151.21365356445312,9.0,14.0,-774,-12.9,False
2026-10-10T10:20:00+11:00,2210244,2459_464,-33.88984298706055,151.11720275878906,183.0,0.0,5,0.08,True
2026-10-10T10:20:00+11:00,2741383,700015_3AT4,-33.885948181152344,151.20327758789062,197.0,0.0,-731,-12.18,False
2026-10-10T10:20:00+11:00,2287394,2459_442,-33.872257232666016,151.2064666748047,174.0,0.0,-104,-1.73,False
2026-10-10T10:20:00+11:00,2705665,2504_610X,-33.839603424072266,151.2102508544922,4.0,39.2,206,3.43,True
2026-10-10T10:20:00+11:00,2719224,2514_277,-33.78439712524414,151.19195556640625,339.0,0.0,260,4.33,True
2026-10-10T10:20:00+11:00,2038597,2459_440,-33.88113021850586,151.20875549316406,8.0,38.2,163,2.72,True
2026-10-10T10:20:00+11:00,2377563,2508_144,-33.7969856262207,151.18002319335938,247.0,0.0,0,0.0,True
2026-10-10T10:20:00+11:00,2286223,2459_422,-33.89385986328125,151.18324279785156,222.0,0.0,36,0.6,True
2026-10-10T10:20:00+11:00,2636648,2459_504,-33.87310028076172,151.20822143554688,282.0,19.4,-78,-1.3,False
2026-10-10T10:20:00+11:00,2530450,7084_SW2,-33.91459655761719,151.16531372070312,184.0,0.0,-1107,-18.45,False
2026-10-10T10:20:00+11:00,2420708,2508_225,-33.83356857299805,151.2292022705078,4.0,0.0,181,3.02,True
2026-10-10T10:20:00+11:00,2288908,2459_438X,-33.880226135253906,151.1385955810547,326.0,6.5,10,0.17,True
2026-10-10T10:20:00+11:00,2286575,2459_418,-33.92425537109375,151.1602325439453,120.0,0.0,0,0.0,True
2026-10-10T10:20:00+11:00,2286099,2459_438X,-33.85836410522461,151.13101196289062,355.0,30.6,-36,-0.6,True
2026-10-10T10:20:00+11:00,2740761,7066_28T4,-33.886695861816406,151.20657348632812,352.0,0.0,0,0.0,True
2026-10-10T10:20:00+11:00,2741011,7016_7T4,-33.91530990600586,151.16567993164062,59.0,0.0,7,0.12,True
2026-10-10T10:20:00+11:00,2287038,2459_426,-33.90930938720703,151.15396118164062,116.0,0.0,-17,-0.28,True
2026-10-10T10:20:00+11:00,2287070,2459_438X,-33.84522247314453,151.12863159179688,181.0,0.0,0,0.0,True
2026-10-10T10:20:00+11:00,2686156,2459_423,-33.892738342285156,151.18560791015625,254.0,24.5,333,5.55,True
2026-10-10T10:20:00+11:00,2707210,2504_607X,-33.811431884765625,151.16775512695312,289.0,77.4,202,3.37,True
2026-10-10T10:20:00+11:00,2554035,2459_358,-33.92425537109375,151.22885131835938,263.0,0.0,-70,-1.17,False
2026-10-10T10:20:00+11:00,2210827,2459_464,-33.8931884765625,151.11709594726562,13.0,16.9,-314,-5.23,False
2026-10-10T10:20:00+11:00,2290835,2459_433,-33.85791015625,151.182861328125,298.0,6.5,55,0.92,True
2026-10-10T10:20:00+11:00,2718820,2514_271,-33.8660774230957,151.20497131347656,354.0,0.0,43,0.72,True
2026-10-10T10:20:00+11:00,2287796,2459_423,-33.89154052734375,151.18804931640625,41.0,0.0,75,1.25,True
2026-10-10T10:20:00+11:00,1905358,2459_461X,-33.88789367675781,151.15916442871094,254.0,30.6,95,1.58,True
2026-10-10T10:20:00+11:00,1973297,2508_162,-33.804447174072266,151.26602172851562,356.0,41.0,57,0.95,True
2026-10-10T10:20:00+11:00,2377580,2508_100,-33.863983154296875,151.20550537109375,174.0,0.0,-167,-2.78,False
2026-10-10T10:20:00+11:00,2284293,2459_418,-33.91269302368164,151.16098022460938,303.0,30.2,10,0.17,True
2026-10-10T10:20:00+11:00,2374616,2508_144,-33.794315338134766,151.2646484375,100.0,3.2,-450,-7.5,False
2026-10-10T10:20:00+11:00,2475909,2459_530,-33.81270217895508,151.16944885253906,72.0,30.2,-16,-0.27,True
2026-10-10T10:20:00+11:00,2737113,2459_308,-33.89170455932617,151.2005615234375,100.0,0.0,63,1.05,True
2026-10-10T10:20:00+11:00,2737121,2459_308,-33.9055061340332,151.1890411376953,217.0,42.5,29,0.48,True
2026-10-10T10:20:00+11:00,2530088,7084_SW2,-33.91119384765625,151.1205596923828,231.0,48.2,40,0.67,True
2026-10-10T10:20:00+11:00,2719353,2514_270,-33.782779693603516,151.19700622558594,149.0,39.6,154,2.57,True
2026-10-10T10:20:00+11:00,2376115,2508_100,-33.829490661621094,151.21368408203125,103.0,0.0,198,3.3,True
2026-10-10T10:20:00+11:00,2377022,2508_100,-33.85945510864258,151.20619201660156,22.0,53.3,46,0.77,True
2026-10-10T10:20:00+11:00,2677444,2503_M90,-33.875030517578125,151.1075439453125,8.0,0.0,0,0.0,True
2026-10-10T10:20:00+11:00,2285364,2459_442,-33.85736846923828,151.19383239746094,260.0,25.6,-6,-0.1,True
2026-10-10T10:20:00+11:00,2377257,2508_144,-33.823123931884766,151.194580078125,76.0,0.0,-83,-1.38,False
2026-10-10T10:20:00+11:00,2283700,2459_348,-33.90989685058594,151.22299194335938,98.0,0.4,446,7.43,False
2026-10-10T10:20:00+11:00,2682845,7083_SW1,-33.9111213684082,151.13929748535156,326.0,28.4,43,0.72,True
2026-10-10T10:20:00+11:00,2283128,2459_438X,-33.88069534301758,151.20668029785156,14.0,34.6,-23,-0.38,True
2026-10-10T10:20:00+11:00,2283682,2459_431,-33.872047424316406,151.21005249023438,6.0,0.0,66,1.1,True
2026-10-10T10:20:00+11:00,2349251,2459_418,-33.87505340576172,151.105712890625,98.0,0.0,2,0.03,True
2026-10-10T10:20:00+11:00,2286695,2459_428,-33.912841796875,151.1179962158203,45.0,0.0,51,0.85,True
2026-10-10T10:20:00+11:00,1905580,2459_461X,-33.881683349609375,151.20458984375,196.0,22.0,-82,-1.37,False
2026-10-10T10:20:00+11:00,2038923,2459_412,-33.884681701660156,151.1864471435547,81.0,44.6,-63,-1.05,False
2026-10-10T10:20:00+11:00,2719220,2514_141,-33.79489517211914,151.25027465820312,8.0,24.8,174,2.9,True
2026-10-10T10:20:00+11:00,2713990,2508_144,-33.80975341796875,151.24563598632812,215.0,43.6,267,4.45,True
2026-10-10T10:20:00+11:00,2596486,2459_492,-33.88322830200195,151.10768127441406,194.0,7.6,58,0.97,True
2026-10-10T10:20:00+11:00,2740711,7066_28T4,-33.923702239990234,151.16189575195312,227.0,46.4,231,3.85,True
2026-10-10T10:20:00+11:00,2285506,2459_470,-33.87771987915039,151.2093505859375,5.0,26.3,-181,-3.02,False
2026-10-10T10:20:00+11:00,2415874,2508_B1,-33.82797622680664,151.2304229736328,59.0,49.0,21,0.35,True
2026-10-10T10:20:00+11:00,2740781,7066_28T4,-33.91505813598633,151.18467712402344,222.0,0.0,775,12.92,False
2026-10-10T10:20:00+11:00,2415913,2508_B1,-33.79358673095703,151.25343322753906,12.0,70.6,422,7.03,False
2026-10-10T10:20:00+11:00,2290777,2459_470,-33.86495590209961,151.20986938476562,227.0,0.0,0,0.0,True
2026-10-10T10:20:00+11:00,2038596,2459_440,-33.89043426513672,151.236328125,114.0,28.1,-307,-5.12,False
2026-10-10T10:20:00+11:00,2596632,2459_491,-33.91328048706055,151.11703491210938,75.0,15.8,-171,-2.85,False
2026-10-10T10:20:00+11:00,2458244,2508_238,-33.83332443237305,151.24497985839844,152.0,45.0,129,2.15,True
2026-10-10T10:20:00+11:00,2740942,7016_7T4,-33.9155387878418,151.16563415527344,8.0,0.0,532,8.87,False
2026-10-10T10:20:00+11:00,2740949,7016_7T4,-33.91666030883789,151.16683959960938,139.0,21.6,145,2.42,True
2026-10-10T10:20:00+11:00,2284610,2459_428,-33.911460876464844,151.11874389648438,141.0,0.0,0,0.0,True
2026-10-10T10:20:00+11:00,2289353,2459_348,-33.92099380493164,151.23812866210938,98.0,0.0,0,0.0,True
2026-10-10T10:20:00+11:00,2737120,2459_428,-33.88461685180664,151.19471740722656,200.0,23.4,176,2.93,True
2026-10-10T10:20:00+11:00,2285568,2459_433,-33.85757064819336,151.18130493164062,102.0,8.3,-233,-3.88,False
2026-10-10T10:20:00+11:00,2636612,2459_504,-33.85649108886719,151.146240234375,231.0,32.4,-253,-4.22,False
2026-10-10T10:20:00+11:00,2608979,2459_430,-33.8845329284668,151.19482421875,29.0,26.3,155,2.58,True
2026-10-10T10:20:00+11:00,2686142,2459_423,-33.91846466064453,151.14649963378906,236.0,36.7,-15,-0.25,True
2026-10-10T10:20:00+11:00,2474905,2459_389,-33.87024688720703,151.20376586914062,175.0,40.0,-130,-2.17,False
2026-10-10T10:20:00+11:00,2424293,2508_230,-33.83021545410156,151.2086181640625,10.0,40.7,271,4.52,True
2026-10-10T10:20:00+11:00,2620105,2459_530,-33.86299133300781,151.13400268554688,245.0,0.0,423,7.05,False
2026-10-10T10:20:00+11:00,2737037,2459_445,-33.89983367919922,151.1450653076172,185.0,0.0,-149,-2.48,False
2026-10-10T10:20:00+11:00,2704934,2504_610X,-33.87053680419922,151.2062225341797,175.0,0.0,-660,-11.0,False
2026-10-10T10:20:00+11:00,2375772,2508_B1,-33.81098556518555,151.2445068359375,221.0,38.5,45,0.75,True
2026-10-10T10:20:00+11:00,2290834,2459_442,-33.85654830932617,151.17799377441406,16.0,11.9,-127,-2.12,False
2026-10-10T10:20:00+11:00,2714001,2508_144,-33.794864654541016,151.2576446533203,250.0,35.3,75,1.25,True
2026-10-10T10:20:00+11:00,2711058,2504_610X,-33.871768951416016,151.20645141601562,172.0,0.0,0,0.0,True
2026-10-10T10:20:00+11:00,2289000,2459_437,-33.88376235961914,151.1569061279297,84.0,22.0,-197,-3.28,False
2026-10-10T10:20:00+11:00,2284842,2459_389,-33.867774963378906,151.19273376464844,340.0,3.2,239,3.98,True
2026-10-10T10:20:00+11:00,2377696,2508_172X,-33.806156158447266,151.24671936035156,167.0,23.0,18,0.3,True
2026-10-10T10:20:00+11:00,2284544,2459_470,-33.88020324707031,151.2076873779297,283.0,0.0,145,2.42,True
2026-10-10T10:20:00+11:00,2475926,2459_530,-33.874473571777344,151.1042022705078,10.0,5.0,733,12.22,False
2026-10-10T10:20:00+11:00,2281112,7083_SW3,-33.906166076660156,151.1273193359375,219.0,0.0,42,0.7,True
2026-10-10T10:20:00+11:00,2596492,2459_491,-33.86983871459961,151.12940979003906,188.0,0.0,0,0.0,True
2026-10-10T10:20:00+11:00,2375901,2508_B1,-33.83068084716797,151.21983337402344,294.0,36.7,197,3.28,True
2026-10-10T10:20:00+11:00,2284115,2459_437,-33.87382888793945,151.20030212402344,72.0,54.0,-199,-3.32,False
2026-10-10T10:20:00+11:00,2389368,2508_173X,-33.82443618774414,151.23924255371094,277.0,33.8,269,4.48,True
2026-10-10T10:20:00+11:00,2627130,2459_407,-33.876983642578125,151.1023712158203,96.0,23.0,-10,-0.17,True
2026-10-10T10:20:00+11:00,2596926,2508_263,-33.85663986206055,151.20803833007812,208.0,67.7,-235,-3.92,False
2026-10-10T10:20:00+11:00,2287941,2459_438X,-33.884769439697266,151.18646240234375,82.0,44.6,-278,-4.63,False
2026-10-10T10:20:00+11:00,2211419,2459_464,-33.859004974365234,151.1037139892578,174.0,40.0,-58,-0.97,True
2026-10-10T10:20:00+11:00,2714064,2508_144,-33.8266716003418,151.19955444335938,321.0,43.6,71,1.18,True
2026-10-10T10:20:00+11:00,2515330,2459_410,-33.857967376708984,151.10342407226562,1.0,18.4,421,7.02,False
2026-10-10T10:20:00+11:00,2308989,2459_445,-33.902992248535156,151.14300537109375,58.0,13.7,-48,-0.8,True
2026-10-10T10:20:00+11:00,2683115,7083_SW1,-33.91407012939453,151.16635131835938,-19.0,0.4,-5,-0.08,True
2026-10-10T10:20:00+11:00,2376117,2508_111,-33.838714599609375,151.23507690429688,214.0,42.1,107,1.78,True
2026-10-10T10:20:00+11:00,2211218,2459_413,-33.88002014160156,151.20849609375,184.0,0.0,0,0.0,True
2026-10-10T10:20:00+11:00,2287089,2459_431,-33.87361145019531,151.1822509765625,334.0,9.7,74,1.23,True
2026-10-10T10:20:00+11:00,2349378,2459_418,-33.87476348876953,151.1042022705078,192.0,0.0,0,0.0,True
2026-10-10T10:20:00+11:00,2374795,2508_173X,-33.80596923828125,151.24644470214844,349.0,20.9,-59,-0.98,True
2026-10-10T10:20:00+11:00,2741352,700015_3AT4,-33.88084030151367,151.2067413330078,209.0,1.4,-2532,-42.2,False
2026-10-10T10:20:00+11:00,2287780,2459_426,-33.881107330322266,151.20640563964844,213.0,0.0,-127,-2.12,False
2026-10-10T10:20:00+11:00,2308995,2459_445,-33.88807678222656,151.15821838378906,256.0,0.0,37,0.62,True
2026-10-10T10:20:00+11:00,2283954,2459_438X,-33.87451171875,151.20974731445312,187.0,6.5,113,1.88,True
2026-10-10T10:20:00+11:00,1961372,2459_412,-33.89143753051758,151.17254638671875,99.0,27.4,-301,-5.02,False
2026-10-10T10:20:00+11:00,2349564,2459_418,-33.9094123840332,151.15419006347656,120.0,7.6,65,1.08,True
2026-10-10T10:20:00+11:00,2636644,2459_504,-33.86166763305664,151.1663818359375,115.0,28.8,-10,-0.17,True
2026-10-10T10:20:00+11:00,1962529,2459_413,-33.89558029174805,151.12734985351562,92.0,3.6,62,1.03,True
2026-10-10T10:20:00+11:00,1905581,2459_461X,-33.871299743652344,151.21644592285156,40.0,0.0,0,0.0,True
2026-10-10T10:20:00+11:00,2210614,2459_415,-33.85135269165039,151.13063049316406,99.0,29.5,-116,-1.93,False
2026-10-10T10:20:00+11:00,2210567,2459_464,-33.86582946777344,151.10594177246094,12.0,34.9,-5,-0.08,True
2026-10-10T10:20:00+11:00,2741396,700015_3AT4,-33.88969421386719,151.20640563964844,280.0,0.0,-89,-1.48,False
2026-10-10T10:20:00+11:00,2373886,2508_100,-33.84196853637695,151.2435760498047,352.0,0.4,11,0.18,True
2026-10-10T10:20:00+11:00,2210281,2459_464,-33.892494201660156,151.11709594726562,1.0,37.1,489,8.15,False
2026-10-10T10:20:00+11:00,1904719,2459_461X,-33.87356185913086,151.20986938476562,6.0,0.0,-218,-3.63,False
2026-10-10T10:20:00+11:00,2289975,2459_470,-33.882450103759766,151.1822052001953,57.0,12.6,-78,-1.3,False
2026-10-10T10:20:00+11:00,2287992,2459_428,-33.88426971435547,151.19552612304688,86.0,21.6,267,4.45,True
2026-10-10T10:20:00+11:00,2377157,2508_144,-33.80453872680664,151.17953491210938,176.0,15.8,-57,-0.95,True
2026-10-10T10:20:00+11:00,2286205,2459_348,-33.90884017944336,151.1811981201172,14.0,0.0,-23,-0.38,True
2026-10-10T10:20:00+11:00,2740692,7066_28T4,-33.90191650390625,151.19944763183594,74.0,8.3,0,0.0,True
2026-10-10T10:20:00+11:00,2740849,7016_7T4,-33.92078399658203,151.1668701171875,65.0,42.5,-118,-1.97,False
2026-10-10T10:20:00+11:00,2279987,7083_SW3,-33.91253662109375,151.1605987548828,298.0,24.8,13,0.22,True
2026-10-10T10:20:00+11:00,2420851,2508_238,-33.84408187866211,151.24447631835938,184.0,0.0,0,0.0,True
2026-10-10T10:20:00+11:00,2589891,2508_280,-33.79024124145508,151.18292236328125,70.0,2.2,121,2.02,True
2026-10-10T10:20:00+11:00,2284186,2459_438X,-33.884559631347656,151.19325256347656,264.0,0.0,8,0.13,True
2026-10-10T10:20:00+11:00,2288031,2459_426,-33.91382598876953,151.14613342285156,74.0,28.4,29,0.48,True
2026-10-10T10:20:00+11:00,2284525,2459_433,-33.86304473876953,151.17042541503906,25.0,11.5,-436,-7.27,False
2026-10-10T10:20:00+11:00,1870762,2459_412,-33.91301727294922,151.14120483398438,140.0,24.8,-12,-0.2,True
2026-10-10T10:20:00+11:00,2608953,2459_430,-33.89110565185547,151.18862915039062,223.0,12.6,52,0.87,True
2026-10-10T10:20:00+11:00,2550504,2508_263,-33.82579040527344,151.20970153808594,186.0,35.6,-99,-1.65,False
2026-10-10T10:20:00+11:00,2737165,2459_445,-33.88380813598633,151.1568603515625,85.0,0.0,-166,-2.77,False
2026-10-10T10:20:00+11:00,2288848,2459_440,-33.880645751953125,151.20883178710938,190.0,52.2,-205,-3.42,False
2026-10-10T10:20:00+11:00,2375847,2508_100,-33.83549880981445,151.24639892578125,340.0,35.3,295,4.92,True
2026-10-10T10:20:00+11:00,1904720,2459_461X,-33.8880500793457,151.16555786132812,84.0,29.2,299,4.98,True
2026-10-10T10:20:00+11:00,2596575,2459_490,-33.87583923339844,151.12313842773438,219.0,16.6,45,0.75,True
2026-10-10T10:20:00+11:00,2349321,2459_418,-33.88846969604492,151.1172637939453,94.0,0.0,316,5.27,True
2026-10-10T10:20:00+11:00,2090202,2508_160X,-33.78067398071289,151.19570922851562,360.0,54.0,257,4.28,True
2026-10-10T10:20:00+11:00,2376574,2508_144,-33.79707717895508,151.18006896972656,248.0,0.0,0,0.0,True
2026-10-10T10:20:00+11:00,2374279,2508_100,-33.842063903808594,151.24363708496094,352.0,0.0,0,0.0,True
2026-10-10T10:20:00+11:00,2558762,7083_SW1,-33.91151428222656,151.12002563476562,50.0,34.2,217,3.62,True
2026-10-10T10:20:00+11:00,2553973,2459_358,-33.925052642822266,151.23526000976562,97.0,13.3,-302,-5.03,False
2026-10-10T10:20:00+11:00,2374605,2508_144,-33.82748794555664,151.23121643066406,45.0,40.0,-47,-0.78,True
2026-10-10T10:20:00+11:00,2374659,2508_144,-33.79487609863281,151.26840209960938,100.0,40.7,-55,-0.92,True
2026-10-10T10:20:00+11:00,2740850,7016_7T4,-33.91547775268555,151.1657257080078,10.0,0.0,11,0.18,True
2026-10-10T10:20:00+11:00,2660315,2459_320,-33.89448928833008,151.20689392089844,7.0,41.8,-172,-2.87,False
2026-10-10T10:20:00+11:00,2289219,2459_440,-33.87156677246094,151.1594696044922,74.0,0.0,-3,-0.05,True
2026-10-10T10:20:00+11:00,2740675,7066_28T4,-33.91265106201172,151.1791229248047,36.0,0.0,-608,-10.13,False
2026-10-10T10:20:00+11:00,2287801,2459_348,-33.905479431152344,151.20286560058594,220.0,20.9,-44,-0.73,True
2026-10-10T10:20:00+11:00,2618778,2459_422,-33.87958526611328,151.2082977294922,103.0,11.2,111,1.85,True
2026-10-10T10:20:00+11:00,2287605,2459_470,-33.866722106933594,151.21070861816406,185.0,0.0,0,0.0,True
2026-10-10T10:20:00+11:00,2211463,2459_413,-33.89506149291992,151.12144470214844,277.0,29.2,-481,-8.02,False
2026-10-10T10:20:00+11:00,1911978,2459_483,-33.88875961303711,151.14353942871094,133.0,38.9,293,4.88,True
2026-10-10T10:20:00+11:00,2285428,2459_426,-33.872440338134766,151.20999145507812,4.0,20.5,63,1.05,True
2026-10-10T10:20:00+11:00,2374457,2508_100,-33.841983795166016,151.24386596679688,176.0,0.0,0,0.0,True
2026-10-10T10:20:00+11:00,1904619,2459_461X,-33.87669372558594,151.1038055419922,8.0,18.7,16,0.27,True
2026-10-10T10:20:00+11:00,2660143,2459_320,-33.884361267089844,151.20315551757812,26.0,0.0,1,0.02,True
2026-10-10T10:20:00+11:00,2737200,2459_445,-33.86376190185547,151.17022705078125,204.0,0.0,-60,-1.0,False
2026-10-10T10:20:00+11:00,2211310,2459_406,-33.890052795410156,151.12741088867188,293.0,0.0,5,0.08,True
2026-10-10T10:20:00+11:00,2286062,2459_426,-33.901493072509766,151.1697235107422,205.0,40.7,57,0.95,True
2026-10-10T10:20:00+11:00,2284774,2459_433,-33.88014221191406,151.2084197998047,187.0,0.0,0,0.0,True
2026-10-10T10:20:00+11:00,2375017,2508_172X,-33.796783447265625,151.25181579589844,235.0,26.6,468,7.8,False
2026-10-10T10:20:00+11:00,2420891,2508_238,-33.8317756652832,151.2498016357422,225.0,25.9,96,1.6,True
2026-10-10T10:20:00+11:00,2376288,2508_100,-33.84358215332031,151.21153259277344,164.0,59.0,520,8.67,False
2026-10-10T10:20:00+11:00,2038123,2459_440,-33.86075210571289,151.1696014404297,101.0,0.0,104,1.73,True
2026-10-10T10:20:00+11:00,2284987,2459_433,-33.88392639160156,151.1923065185547,311.0,17.6,112,1.87,True
2026-10-10T10:20:00+11:00,2037177,2459_412,-33.89132308959961,151.17066955566406,271.0,11.5,-275,-4.58,False
2026-10-10T10:20:00+11:00,2375757,2508_243,-33.82374954223633,151.2403106689453,184.0,0.0,0,0.0,True
2026-10-10T10:20:00+11:00,2668315,2459_420,-33.92447280883789,151.18817138671875,281.0,0.0,0,0.0,True
2026-10-10T10:20:00+11:00,2286149,2459_502,-33.84159851074219,151.11639404296875,48.0,0.0,0,0.0,True
2026-10-10T10:20:00+11:00,2211827,2459_464,-33.87675094604492,151.10385131835938,189.0,0.7,-36,-0.6,True
2026-10-10T10:20:00+11:00,2288774,2459_442,-33.86174774169922,151.17642211914062,203.0,22.0,123,2.05,True
2026-10-10T10:20:00+11:00,2374276,2508_144,-33.81396484375,151.24378967285156,10.0,47.9,-67,-1.12,False
2026-10-10T10:20:00+11:00,2741157,7016_7T4,-33.91548538208008,151.16571044921875,9.0,0.0,195,3.25,True
2026-10-10T10:20:00+11:00,2719430,2514_283,-33.78628158569336,151.19967651367188,248.0,10.1,-4,-0.07,True
2026-10-10T10:20:00+11:00,2289052,2459_303,-33.926673889160156,151.20626831054688,188.0,0.0,178,2.97,True
2026-10-10T10:20:00+11:00,1963812,2459_412,-33.868011474609375,151.21055603027344,4.0,0.0,0,0.0,True
2026-10-10T10:20:00+11:00,2558865,7083_SW1,-33.918827056884766,151.14576721191406,160.0,7.6,-30,-0.5,True
2026-10-10T10:20:00+11:00,2376536,2508_100,-33.82966613769531,151.24423217773438,176.0,11.5,-195,-3.25,False
2026-10-10T10:20:00+11:00,2280109,7083_SW3,-33.91487503051758,151.1648406982422,0.0,0.0,950,15.83,False
2026-10-10T10:20:00+11:00,2420705,2508_230,-33.82844161987305,151.22975158691406,239.0,0.0,173,2.88,True
2026-10-10T10:20:00+11:00,2737001,2459_308,-33.90852355957031,151.17172241210938,76.0,0.0,0,0.0,True
2026-10-10T10:20:00+11:00,2739156,7057_26T4,-33.90052795410156,151.21505737304688,195.0,0.0,-270,-4.5,False
2026-10-10T10:20:00+11:00,2484392,2459_480,-33.88652038574219,151.11204528808594,280.0,27.0,-249,-4.15,False
2026-10-10T10:20:00+11:00,2289898,2459_426,-33.89198684692383,151.1876220703125,46.0,22.3,-65,-1.08,False
2026-10-10T10:20:00+11:00,2309893,7083_SW3,-33.9068717956543,151.1584930419922,141.0,34.9,-174,-2.9,False
2026-10-10T10:20:00+11:00,2289594,2459_418,-33.89042663574219,151.12814331054688,17.0,0.0,-119,-1.98,False
2026-10-10T10:20:00+11:00,2475198,2459_389,-33.88220977783203,151.22857666015625,67.0,17.3,-157,-2.62,False
2026-10-10T10:20:00+11:00,2284448,2459_438X,-33.8649787902832,151.2098388671875,225.0,0.0,0,0.0,True
2026-10-10T10:20:00+11:00,2290764,2459_423,-33.88448715209961,151.19480895996094,22.0,24.5,723,12.05,False
2026-10-10T10:20:00+11:00,1962528,2459_413,-33.88432312011719,151.19712829589844,88.0,34.9,-150,-2.5,False
2026-10-10T10:20:00+11:00,2738806,7063_13T4,-33.92874526977539,151.15359497070312,101.0,0.0,-84,-1.4,False
2026-10-10T10:20:00+11:00,2596537,2459_490,-33.876590728759766,151.11767578125,98.0,22.7,-62,-1.03,False
2026-10-10T10:20:00+11:00,2714021,2508_144,-33.82815933227539,151.2303009033203,241.0,22.3,292,4.87,True
2026-10-10T10:20:00+11:00,2737185,2459_428,-33.90578079223633,151.13551330566406,268.0,37.8,306,5.1,True
2026-10-10T10:20:00+11:00,2554043,2459_358,-33.92288589477539,151.18394470214844,8.0,46.1,120,2.0,True
2026-10-10T10:20:00+11:00,2636626,2459_504,-33.84776306152344,151.1413116455078,32.0,0.0,0,0.0,True
2026-10-10T10:20:00+11:00,2719295,2514_271,-33.86244201660156,151.20538330078125,200.0,46.4,4,0.07,True
2026-10-10T10:20:00+11:00,2286297,2459_440,-33.8852424621582,151.18418884277344,259.0,35.3,-46,-0.77,True
2026-10-10T10:20:00+11:00,2579228,7084_SW2,-33.903743743896484,151.15553283691406,141.0,52.9,-323,-5.38,False
2026-10-10T10:20:00+11:00,2286464,2459_389,-33.89131546020508,151.248046875,97.0,0.0,0,0.0,True
2026-10-10T10:20:00+11:00,2210102,2459_464,-33.878631591796875,151.103515625,10.0,30.6,-353,-5.88,False
2026-10-10T10:20:00+11:00,2288598,2459_428,-33.89303970336914,151.18450927734375,72.0,35.6,-166,-2.77,False
2026-10-10T10:20:00+11:00,2287128,2459_438X,-33.88442611694336,151.15701293945312,350.0,29.2,-122,-2.03,False
2026-10-10T10:20:00+11:00,2596622,2459_492,-33.851318359375,151.15414428710938,231.0,0.0,0,0.0,True
2026-10-10T10:20:00+11:00,2287887,2459_423,-33.919952392578125,151.1446075439453,25.0,0.0,57,0.95,True
2026-10-10T10:20:00+11:00,2686055,2459_423,-33.88405227661133,151.2020721435547,252.0,41.4,-146,-2.43,False
2026-10-10T10:20:00+11:00,2285628,2459_389,-33.875736236572266,151.215087890625,282.0,31.0,107,1.78,True
2026-10-10T10:20:00+11:00,2286249,2459_440,-33.89112091064453,151.24867248535156,290.0,0.0,50,0.83,True
2026-10-10T10:20:00+11:00,2290300,2459_438X,-33.870506286621094,151.1315460205078,126.0,34.9,4,0.07,True
2026-10-10T10:20:00+11:00,2741375,700015_3AT4,-33.93928527832031,151.1485595703125,275.0,0.0,-330,-5.5,False
2026-10-10T10:20:00+11:00,2286177,2459_433,-33.863948822021484,151.17027282714844,136.0,22.7,-36,-0.6,True
2026-10-10T10:20:00+11:00,2705892,2504_607X,-33.87163543701172,151.20640563964844,176.0,0.0,0,0.0,True
2026-10-10T10:20:00+11:00,2718887,2514_194,-33.802799224853516,151.21151733398438,360.0,0.0,247,4.12,True
2026-10-10T10:20:00+11:00,2644867,2507_120,-33.796348571777344,151.1811981201172,1.0,0.0,0,0.0,True
2026-10-10T10:20:00+11:00,2643938,2507_202,-33.807315826416016,151.2304229736328,187.0,0.0,0,0.0,True
2026-10-10T10:20:00+11:00,2644249,2507_120,-33.86543655395508,151.20567321777344,174.0,27.4,3,0.05,True
2026-10-10T10:20:00+11:00,2230658,2507_288,-33.86591720581055,151.20330810546875,176.0,0.0,0,0.0,True
2026-10-10T10:20:00+11:00,2634580,2507_261,-33.83673858642578,151.20668029785156,102.0,0.0,-94,-1.57,False
2026-10-10T10:20:00+11:00,2557284,2507_291,-33.848785400390625,151.20616149902344,221.0,0.0,0,0.0,True
2026-10-10T10:20:00+11:00,2643600,2507_52,-33.86432647705078,151.1704864501953,311.0,15.5,155,2.58,True
2026-10-10T10:20:00+11:00,2643452,2507_501,-33.821014404296875,151.1199188232422,131.0,29.5,45,0.75,True
2026-10-10T10:20:00+11:00,2643964,2507_52,-33.87000274658203,151.188720703125,113.0,56.2,-185,-3.08,False
2026-10-10T10:20:00+11:00,2643671,2507_501,-33.87324142456055,151.1959686279297,148.0,0.0,-89,-1.48,False
2026-10-10T10:20:00+11:00,2322580,2507_506,-33.85148620605469,151.15492248535156,319.0,17.6,-27,-0.45,True
2026-10-10T10:20:00+11:00,2672508,2507_115,-33.796173095703125,151.18124389648438,357.0,0.0,116,1.93,True
2026-10-10T10:20:00+11:00,2538588,2507_506,-33.8172721862793,151.1245880126953,144.0,36.7,63,1.05,True
2026-10-10T10:20:00+11:00,2744704,2507_292,-33.8374137878418,151.21148681640625,190.0,64.8,-61,-1.02,False
2026-10-10T10:20:00+11:00,2644528,2507_501,-33.866050720214844,151.17291259765625,289.0,45.7,126,2.1,True
2026-10-10T10:20:00+11:00,2644124,2507_501,-33.88425827026367,151.19876098632812,268.0,0.0,100,1.67,True
2026-10-10T10:20:00+11:00,2258466,2507_516,-33.79616165161133,151.1674041748047,167.0,18.7,122,2.03,True
2026-10-10T10:20:00+11:00,2643414,2507_254,-33.815914154052734,151.1782684326172,338.0,0.0,59,0.98,True
2026-10-10T10:20:00+11:00,2642804,2507_207,-33.83852005004883,151.20681762695312,8.0,32.4,-12,-0.2,True
2026-10-10T10:20:00+11:00,2644975,2507_52,-33.843326568603516,151.14918518066406,142.0,54.0,-37,-0.62,True
2026-10-10T10:20:00+11:00,2644601,2507_120,-33.810420989990234,151.1995391845703,178.0,0.0,43,0.72,True
2026-10-10T10:20:00+11:00,2644929,2507_501,-33.829795837402344,151.12664794921875,356.0,38.5,248,4.13,True
2026-10-10T10:20:00+11:00,2407880,2507_265,-33.81855392456055,151.17958068847656,110.0,15.5,-69,-1.15,False
2026-10-10T10:20:00+11:00,2642927,2507_120,-33.8011474609375,151.19871520996094,10.0,45.7,472,7.87,False
2026-10-10T10:20:00+11:00,2620517,2507_288,-33.81230926513672,151.1730194091797,93.0,42.5,-25,-0.42,True
2026-10-10T10:20:00+11:00,2672537,2507_115,-33.792625427246094,151.1945037841797,250.0,31.0,253,4.22,True
2026-10-10T10:20:00+11:00,2644671,2507_52,-33.83209228515625,151.1267547607422,357.0,4.7,-5,-0.08,True
2026-10-10T10:20:00+11:00,2744697,2507_292,-33.81466293334961,151.1997528076172,333.0,72.0,523,8.72,False
2026-10-10T10:20:00+11:00,2620628,2507_252,-33.83396911621094,151.14486694335938,283.0,13.7,-130,-2.17,False
2026-10-10T10:20:00+11:00,2644176,2507_501,-33.852291107177734,151.15573120117188,142.0,36.7,118,1.97,True
2026-10-10T10:20:00+11:00,2644897,2507_120,-33.865386962890625,151.20489501953125,358.0,0.0,24,0.4,True
2026-10-10T10:20:00+11:00,2643148,2507_207,-33.80740737915039,151.20860290527344,193.0,34.6,-120,-2.0,False
2026-10-10T10:20:00+11:00,2557197,2507_265,-33.820682525634766,151.1831512451172,33.0,0.0,-50,-0.83,True
2026-10-10T10:20:00+11:00,2644931,2507_501,-33.8804931640625,151.20677185058594,194.0,0.4,0,0.0,True
2026-10-10T10:20:00+11:00,2672519,2507_115,-33.81748580932617,151.20147705078125,215.0,27.7,346,5.77,True
2026-10-10T10:20:00+11:00,2644046,2507_120,-33.79450607299805,151.18890380859375,70.0,32.0,49,0.82,True
2026-10-10T10:20:00+11:00,2643613,2507_202,-33.839237213134766,151.20721435546875,144.0,28.4,-60,-1.0,False
2026-10-10T10:20:00+11:00,2744648,2507_292,-33.86574172973633,151.2032928466797,175.0,0.0,0,0.0,True
2026-10-10T10:20:00+11:00,2643245,2507_120,-33.79557800292969,151.1854705810547,249.0,10.4,945,15.75,False
2026-10-10T10:20:00+11:00,2738376,2507_533,-33.79966735839844,151.14109802246094,295.0,51.1,-149,-2.48,False
2026-10-10T10:20:00+11:00,2228924,2507_288,-33.859073638916016,151.2063751220703,28.0,63.0,281,4.68,True
2026-10-10T10:20:00+11:00,2744674,2507_292,-33.8059196472168,151.16470336914062,101.0,42.5,-122,-2.03,False
2026-10-10T10:20:00+11:00,2537432,2507_506,-33.869693756103516,151.18771362304688,107.0,53.6,245,4.08,True
2026-10-10T10:20:00+11:00,2407269,2507_252,-33.83378601074219,151.14474487304688,99.0,0.0,-87,-1.45,False
2026-10-10T10:20:00+11:00,2672525,2507_115,-33.822349548339844,151.20091247558594,357.0,0.0,-64,-1.07,False
2026-10-10T10:20:00+11:00,2228382,2507_275,-33.799110412597656,151.21009826660156,340.0,55.1,-3,-0.05,True
2026-10-10T10:20:00+11:00,2533999,2509_333,-33.875640869140625,151.20960998535156,186.0,36.7,165,2.75,True
2026-10-10T10:20:00+11:00,2575757,2509_374,-33.92070007324219,151.2555694580078,282.0,16.6,84,1.4,True
2026-10-10T10:20:00+11:00,2140691,2509_396,-33.88032531738281,151.216552734375,315.0,27.0,130,2.17,True
2026-10-10T10:20:00+11:00,2396611,2509_392,-33.90927505493164,151.21900939941406,312.0,29.9,-223,-3.72,False
2026-10-10T10:20:00+11:00,2628645,2509_304,-33.8991813659668,151.21202087402344,276.0,0.0,437,7.28,False
2026-10-10T10:20:00+11:00,2137728,2509_396,-33.88450241088867,151.2179412841797,157.0,35.6,440,7.33,False
2026-10-10T10:20:00+11:00,2434774,2509_390X,-33.89091873168945,151.24874877929688,275.0,0.0,0,0.0,True
2026-10-10T10:20:00+11:00,2531354,2509_360,-33.91120529174805,151.25875854492188,13.0,19.8,74,1.23,True
2026-10-10T10:20:00+11:00,2352662,2509_307,-33.94295120239258,151.19537353515625,335.0,40.7,169,2.82,True
2026-10-10T10:20:00+11:00,2532874,2509_386,-33.88322830200195,151.26934814453125,206.0,5.8,18,0.3,True
2026-10-10T10:20:00+11:00,2575716,2509_374,-33.89223098754883,151.2170867919922,303.0,0.0,86,1.43,True
2026-10-10T10:20:00+11:00,2564001,2509_387,-33.885169982910156,151.2675018310547,45.0,0.0,86,1.43,True
2026-10-10T10:20:00+11:00,2357195,2509_373,-33.880374908447266,151.2165985107422,314.0,23.8,472,7.87,False
2026-10-10T10:20:00+11:00,2740431,2509_379,-33.890926361083984,151.24884033203125,272.0,0.0,13,0.22,True
2026-10-10T10:20:00+11:00,2470780,2509_397,-33.94847106933594,151.25094604492188,110.0,0.0,-67,-1.12,False
2026-10-10T10:20:00+11:00,2533636,2509_325,-33.875125885009766,151.22113037109375,103.0,37.1,-11,-0.18,True
2026-10-10T10:20:00+11:00,2533181,2509_380,-33.86830139160156,151.2805938720703,101.0,31.3,179,2.98,True
2026-10-10T10:20:00+11:00,2534286,2509_350,-33.93375015258789,151.19395446777344,189.0,46.4,166,2.77,True
2026-10-10T10:20:00+11:00,2346445,2509_390X,-33.90393829345703,151.25453186035156,43.0,15.8,228,3.8,True
2026-10-10T10:20:00+11:00,2533395,2509_355,-33.90045166015625,151.18902587890625,267.0,1.8,125,2.08,True
2026-10-10T10:20:00+11:00,2352780,2509_356,-33.89618682861328,151.24957275390625,182.0,14.8,109,1.82,True
2026-10-10T10:20:00+11:00,2488386,2509_392,-33.89167022705078,151.20025634765625,100.0,11.9,0,0.0,True
2026-10-10T10:20:00+11:00,2356692,2509_373,-33.921932220458984,151.250244140625,282.0,0.7,-19,-0.32,True
2026-10-10T10:20:00+11:00,2531195,2509_333,-33.89286422729492,151.2559814453125,279.0,0.0,-147,-2.45,False
2026-10-10T10:20:00+11:00,2137392,2509_396,-33.9155387878418,151.22552490234375,351.0,41.0,279,4.65,True
2026-10-10T10:20:00+11:00,2357451,2509_370,-33.907005310058594,151.18214416503906,259.0,24.8,189,3.15,True
2026-10-10T10:20:00+11:00,2356872,2509_339,-33.90430450439453,151.22683715820312,141.0,19.1,318,5.3,True
2026-10-10T10:20:00+11:00,2357594,2509_374,-33.882240295410156,151.20706176757812,147.0,6.8,0,0.0,True
2026-10-10T10:20:00+11:00,2400593,2509_309,-33.94380187988281,151.1961212158203,333.0,30.6,-242,-4.03,False
2026-10-10T10:20:00+11:00,2533502,2509_362,-33.8912239074707,151.2744140625,223.0,0.0,215,3.58,True
2026-10-10T10:20:00+11:00,2139908,2509_396,-33.942840576171875,151.24900817871094,244.0,41.8,2,0.03,True
2026-10-10T10:20:00+11:00,2531174,2509_360,-33.906402587890625,151.25987243652344,152.0,25.6,120,2.0,True
2026-10-10T10:20:00+11:00,2434684,2509_390X,-33.90007019042969,151.25340270996094,143.0,0.0,63,1.05,True
2026-10-10T10:20:00+11:00,2534519,2509_352,-33.889469146728516,151.20506286621094,99.0,0.0,2,0.03,True
2026-10-10T10:20:00+11:00,2346429,2509_390X,-33.904300689697266,151.2542266845703,40.0,17.3,-194,-3.23,False
2026-10-10T10:20:00+11:00,2740407,2509_379,-33.88573455810547,151.28160095214844,274.0,31.0,-75,-1.25,False
2026-10-10T10:20:00+11:00,2674977,2509_309,-33.89189529418945,151.19967651367188,22.0,27.0,0,0.0,True
2026-10-10T10:20:00+11:00,2352695,2509_392,-33.902225494384766,151.20823669433594,224.0,46.4,85,1.42,True
2026-10-10T10:20:00+11:00,2533377,2509_333,-33.885562896728516,151.22830200195312,131.0,31.0,317,5.28,True
2026-10-10T10:20:00+11:00,2139005,2509_375,-33.94430160522461,151.2264404296875,193.0,0.0,0,0.0,True
2026-10-10T10:20:00+11:00,2740266,2509_370,-33.907100677490234,151.1832275390625,99.0,27.7,238,3.97,True
2026-10-10T10:20:00+11:00,2356489,2509_373,-33.88680648803711,151.21932983398438,309.0,0.0,30,0.5,True
2026-10-10T10:20:00+11:00,2533408,2509_333,-33.862754821777344,151.21115112304688,5.0,0.0,35,0.58,True
2026-10-10T10:20:00+11:00,2138621,2509_396,-33.94233322143555,151.24420166015625,99.0,26.6,246,4.1,True
2026-10-10T10:20:00+11:00,2740493,2509_379,-33.90422058105469,151.25425720214844,44.0,16.2,121,2.02,True
2026-10-10T10:20:00+11:00,2335553,2509_309,-33.898616790771484,151.199951171875,351.0,24.5,248,4.13,True
2026-10-10T10:20:00+11:00,2533920,2509_333,-33.88497543334961,151.22532653808594,280.0,30.6,-333,-5.55,False
2026-10-10T10:20:00+11:00,2139358,2509_396,-33.86648178100586,151.2107391357422,7.0,6.5,22,0.37,True
2026-10-10T10:20:00+11:00,2532515,2509_333,-33.86568069458008,151.21255493164062,186.0,26.3,223,3.72,True
2026-10-10T10:20:00+11:00,2300917,2509_399,-33.951995849609375,151.24191284179688,170.0,49.0,626,10.43,False
2026-10-10T10:20:00+11:00,2352609,2509_392,-33.93962860107422,151.22865295410156,201.0,16.6,64,1.07,True
2026-10-10T10:20:00+11:00,2357210,2509_370,-33.88423156738281,151.19273376464844,315.0,0.0,-191,-3.18,False
2026-10-10T10:20:00+11:00,2533213,2509_355,-33.889747619628906,151.23373413085938,294.0,0.0,-2,-0.03,True
2026-10-10T10:20:00+11:00,2136861,2509_396,-33.930938720703125,151.2364959716797,338.0,53.3,110,1.83,True
2026-10-10T10:20:00+11:00,2533718,2509_333,-33.8939323425293,151.26443481445312,105.0,9.0,549,9.15,False
2026-10-10T10:20:00+11:00,2534568,2509_333,-33.89502716064453,151.27110290527344,109.0,22.0,171,2.85,True
2026-10-10T10:20:00+11:00,2534144,2509_324,-33.86078643798828,151.2721405029297,208.0,0.0,141,2.35,True
2026-10-10T10:20:00+11:00,2356751,2509_343,-33.86832046508789,151.2105255126953,4.0,24.8,109,1.82,True
2026-10-10T10:20:00+11:00,2675064,2509_309,-33.92958068847656,151.19471740722656,192.0,14.8,143,2.38,True
2026-10-10T10:20:00+11:00,2357323,2509_343,-33.92505645751953,151.227294921875,264.0,0.0,0,0.0,True
2026-10-10T10:20:00+11:00,2533600,2509_350,-33.90058898925781,151.2537384033203,336.0,9.0,-53,-0.88,True
2026-10-10T10:20:00+11:00,2532118,2509_333,-33.86680221557617,151.21070861816406,5.0,0.0,-588,-9.8,False
2026-10-10T10:20:00+11:00,2533389,2509_325,-33.87883758544922,151.23959350585938,236.0,39.2,14,0.23,True
2026-10-10T10:20:00+11:00,2533063,2509_380,-33.89358901977539,151.26162719726562,279.0,31.0,237,3.95,True
2026-10-10T10:20:00+11:00,2740498,2509_370,-33.91506576538086,151.22706604003906,101.0,33.5,5,0.08,True
2026-10-10T10:20:00+11:00,2488484,2509_392,-33.91484832763672,151.2256622314453,168.0,17.6,94,1.57,True
2026-10-10T10:20:00+11:00,2531275,2509_324,-33.85823440551758,151.20260620117188,189.0,0.0,-26,-0.43,True
2026-10-10T10:20:00+11:00,2533428,2509_350,-33.94513702392578,151.2584686279297,251.0,21.6,139,2.32,True
2026-10-10T10:20:00+11:00,2357545,2509_374,-33.924713134765625,151.22796630859375,12.0,0.0,0,0.0,True
2026-10-10T10:20:00+11:00,2740483,2509_379,-33.88762283325195,151.2717742919922,37.0,0.0,18,0.3,True
2026-10-10T10:20:00+11:00,2740455,2509_370,-33.8925666809082,151.18661499023438,251.0,1.1,162,2.7,True
2026-10-10T10:20:00+11:00,2434833,2509_390X,-33.90851593017578,151.24703979492188,261.0,29.9,178,2.97,True
2026-10-10T10:20:00+11:00,2532403,2509_333,-33.88148498535156,151.21861267089844,296.0,0.0,-127,-2.12,False
2026-10-10T10:20:00+11:00,2533123,2509_355,-33.8988151550293,151.17274475097656,87.0,16.6,259,4.32,True
2026-10-10T10:20:00+11:00,2356320,2509_343,-33.891441345214844,151.20570373535156,11.0,25.6,358,5.97,True
2026-10-10T10:20:00+11:00,2346346,2509_390X,-33.91500473022461,151.2279052734375,99.0,0.7,216,3.6,True
2026-10-10T10:20:00+11:00,2531254,2509_362,-33.91114044189453,151.25885009765625,12.0,18.7,187,3.12,True
2026-10-10T10:20:00+11:00,2396598,2509_392,-33.89925003051758,151.2111053466797,38.0,32.8,-101,-1.68,False
2026-10-10T10:20:00+11:00,2352623,2509_307,-33.94233322143555,151.1952362060547,168.0,33.8,103,1.72,True
2026-10-10T10:20:00+11:00,2531580,2509_324,-33.843467712402344,151.2841796875,184.0,14.0,0,0.0,True
2026-10-10T10:20:00+11:00,2531693,2509_325,-33.85746383666992,151.27005004882812,350.0,0.0,-50,-0.83,True
2026-10-10T10:20:00+11:00,2532767,2509_350,-33.933509826660156,151.1788330078125,280.0,19.1,-93,-1.55,False
2026-10-10T10:20:00+11:00,2300866,2509_399,-33.924072265625,151.22801208496094,149.0,35.3,-35,-0.58,True
2026-10-10T10:20:00+11:00,2534189,2509_313,-33.923431396484375,151.25624084472656,10.0,22.7,-52,-0.87,True
2026-10-10T10:20:00+11:00,2534533,2509_350,-33.944236755371094,151.222412109375,205.0,22.0,349,5.82,True
2026-10-10T10:20:00+11:00,2740362,2509_379,-33.89130783081055,151.2497100830078,349.0,16.6,-12,-0.2,True
2026-10-10T10:20:00+11:00,2531830,2509_380,-33.856998443603516,151.2825164794922,30.0,16.2,101,1.68,True
2026-10-10T10:20:00+11:00,2434785,2509_390X,-33.948272705078125,151.2410430908203,168.0,46.4,298,4.97,True
2026-10-10T10:20:00+11:00,2356983,2509_343,-33.9185791015625,151.2037811279297,194.0,0.0,211,3.52,True
2026-10-10T10:20:00+11:00,2352254,2509_307,-33.944766998291016,151.22647094726562,192.0,0.0,0,0.0,True
2026-10-10T10:20:00+11:00,2628595,2509_304,-33.89868927001953,151.21177673339844,217.0,21.6,112,1.87,True
2026-10-10T10:20:00+11:00,2346355,2509_390X,-33.945213317871094,151.23995971679688,350.0,49.3,84,1.4,True
2026-10-10T10:20:00+11:00,2628740,2509_304,-33.88070297241211,151.2139892578125,282.0,31.0,403,6.72,False
2026-10-10T10:20:00+11:00,2138938,2509_375,-33.944583892822266,151.22637939453125,193.0,0.0,23,0.38,True
2026-10-10T10:20:00+11:00,2533093,2509_381,-33.89147186279297,151.2493133544922,103.0,16.2,0,0.0,True
2026-10-10T10:20:00+11:00,2356394,2509_370,-33.90266418457031,151.19619750976562,254.0,19.1,28,0.47,True
2026-10-10T10:20:00+11:00,2402995,2509_311,-33.873085021972656,151.22450256347656,247.0,20.2,222,3.7,True
2026-10-10T10:20:00+11:00,2137119,2509_306,-33.91183853149414,151.20867919921875,8.0,28.8,-129,-2.15,False
2026-10-10T10:20:00+11:00,2534550,2509_380,-33.893802642822266,151.2622833251953,100.0,20.5,228,3.8,True
2026-10-10T10:20:00+11:00,2356551,2509_370,-33.915626525878906,151.24041748046875,351.0,0.7,183,3.05,True
2026-10-10T10:20:00+11:00,2357802,2509_374,-33.91150665283203,151.2391815185547,190.0,40.7,121,2.02,True
2026-10-10T10:20:00+11:00,2534002,2509_352,-33.8914680480957,151.2494659423828,100.0,0.0,0,0.0,True
2026-10-10T10:20:00+11:00,2628807,2509_304,-33.86538314819336,151.2119903564453,132.0,0.0,245,4.08,True
2026-10-10T10:20:00+11:00,2139125,2509_396,-33.86178207397461,151.21218872070312,152.0,12.2,0,0.0,True
2026-10-10T10:20:00+11:00,2356345,2509_373,-33.92201232910156,151.25038146972656,99.0,0.0,-478,-7.97,False
2026-10-10T10:20:00+11:00,2532989,2509_333,-33.893856048583984,151.26390075683594,100.0,5.8,171,2.85,True
2026-10-10T10:20:00+11:00,2533171,2509_350,-33.92656707763672,151.18771362304688,141.0,0.0,-105,-1.75,False
2026-10-10T10:20:00+11:00,2533878,2509_325,-33.843570709228516,151.2841339111328,7.0,0.0,0,0.0,True
2026-10-10T10:20:00+11:00,2434474,2509_390X,-33.91486358642578,151.2261505126953,274.0,22.3,14,0.23,True
2026-10-10T10:20:00+11:00,2470769,2509_356,-33.944847106933594,151.22630310058594,191.0,0.0,0,0.0,True
2026-10-10T10:20:00+11:00,2356475,2509_311,-33.87173843383789,151.2185821533203,189.0,22.3,110,1.83,True
2026-10-10T10:20:00+11:00,2356820,2509_370,-33.91188049316406,151.21011352539062,280.0,35.3,-87,-1.45,False
2026-10-10T10:20:00+11:00,2357613,2509_343,-33.87445068359375,151.20970153808594,186.0,0.4,222,3.7,True
2026-10-10T10:20:00+11:00,2740319,2509_379,-33.90584945678711,151.26052856445312,102.0,17.3,-192,-3.2,False
2026-10-10T10:20:00+11:00,2335702,2509_309,-33.92400360107422,151.1958770751953,8.0,0.0,-118,-1.97,False
2026-10-10T10:20:00+11:00,2534149,2509_350,-33.94108963012695,151.2354736328125,278.0,39.6,57,0.95,True
2026-10-10T10:20:00+11:00,2138865,2509_306,-33.929325103759766,151.19483947753906,189.0,0.7,-317,-5.28,False
2026-10-10T10:20:00+11:00,2352638,2509_356,-33.92698287963867,151.2433624267578,189.0,37.8,240,4.0,True
2026-10-10T10:20:00+11:00,2346392,2509_390X,-33.94614028930664,151.2401885986328,352.0,33.5,533,8.88,False
2026-10-10T10:20:00+11:00,2675131,2509_309,-33.90751647949219,151.20291137695312,186.0,4.3,136,2.27,True
2026-10-10T10:20:00+11:00,2628780,2509_304,-33.86333465576172,151.21237182617188,83.0,1.1,53,0.88,True
2026-10-10T10:20:00+11:00,2532375,2509_333,-33.8807258605957,151.2171630859375,118.0,34.2,355,5.92,True
2026-10-10T10:20:00+11:00,2139381,2509_375,-33.94507598876953,151.25816345214844,57.0,14.4,371,6.18,False
2026-10-10T10:20:00+11:00,2398251,2509_392,-33.94460678100586,151.22659301757812,6.0,33.5,167,2.78,True
2026-10-10T10:20:00+11:00,2357008,2509_311,-33.88229751586914,151.20718383789062,118.0,0.0,56,0.93,True
2026-10-10T10:20:00+11:00,2356829,2509_343,-33.92207717895508,151.20071411132812,279.0,25.6,131,2.18,True
2026-10-10T10:20:00+11:00,2628744,2509_304,-33.87846755981445,151.20993041992188,99.0,13.3,221,3.68,True
2026-10-10T10:20:00+11:00,2628673,2509_304,-33.901607513427734,151.21315002441406,189.0,35.3,476,7.93,False
2026-10-10T10:20:00+11:00,2138010,2509_396,-33.88019943237305,151.21636962890625,134.0,29.9,-16,-0.27,True
2026-10-10T10:20:00+11:00,2534096,2509_387,-33.89202880859375,151.25030517578125,261.0,6.1,-9,-0.15,True
2026-10-10T10:20:00+11:00,2633626,2509_324,-33.875083923339844,151.2235870361328,98.0,2.5,-75,-1.25,False
2026-10-10T10:20:00+11:00,2533714,2509_333,-33.89400863647461,151.26385498046875,280.0,4.7,-202,-3.37,False
2026-10-10T10:20:00+11:00,2434946,2509_390X,-33.93988037109375,151.2391357421875,169.0,14.0,-190,-3.17,False
2026-10-10T10:20:00+11:00,2532195,2509_350,-33.902015686035156,151.25477600097656,145.0,5.4,-13,-0.22,True
2026-10-10T10:20:00+11:00,2531727,2509_333,-33.89080047607422,151.2746124267578,216.0,25.2,-71,-1.18,False
2026-10-10T10:20:00+11:00,2740412,2509_370,-33.91585159301758,151.24073791503906,161.0,31.7,264,4.4,True
2026-10-10T10:20:00+11:00,2119492,2509_324,-33.87482452392578,151.22276306152344,286.0,0.0,-13,-0.22,True
2026-10-10T10:20:00+11:00,2533976,2509_350,-33.947364807128906,151.25070190429688,106.0,38.2,178,2.97,True
2026-10-10T10:20:00+11:00,2403164,2509_311,-33.85787582397461,151.2027130126953,198.0,28.4,56,0.93,True
2026-10-10T10:20:00+11:00,2531384,2509_333,-33.889373779296875,151.2331085205078,122.0,21.2,397,6.62,False
2026-10-10T10:20:00+11:00,2533413,2509_333,-33.86360168457031,151.2128448486328,8.0,15.8,-289,-4.82,False
2026-10-10T10:20:00+11:00,2356866,2509_343,-33.903846740722656,151.20521545410156,16.0,23.8,182,3.03,True
2026-10-10T10:20:00+11:00,2356155,2509_343,-33.8634033203125,151.21157836914062,87.0,15.8,-64,-1.07,False
2026-10-10T10:20:00+11:00,2398220,2509_392,-33.90029525756836,151.20928955078125,25.0,0.0,524,8.73,False
2026-10-10T10:20:00+11:00,2534124,2509_333,-33.88962173461914,151.2832794189453,216.0,0.0,0,0.0,True
2026-10-10T10:20:00+11:00,2137257,2509_306,-33.905059814453125,151.2027587890625,170.0,0.0,640,10.67,False
2026-10-10T10:20:00+11:00,2534386,2509_324,-33.8734016418457,151.2105712890625,281.0,0.0,-89,-1.48,False
2026-10-10T10:20:00+11:00,2533478,2509_333,-33.88993453979492,151.24058532714844,73.0,23.0,512,8.53,False
2026-10-10T10:20:00+11:00,2740520,2509_370,-33.90153884887695,151.20098876953125,74.0,0.0,168,2.8,True
2026-10-10T10:20:00+11:00,2357247,2509_339,-33.91464614868164,151.26669311523438,158.0,2.5,0,0.0,True
2026-10-10T10:20:00+11:00,2534205,2509_313,-33.90298080444336,151.25303649902344,9.0,35.3,33,0.55,True
2026-10-10T10:20:00+11:00,2356242,2509_373,-33.919612884521484,151.25706481933594,10.0,0.0,0,0.0,True
2026-10-10T10:20:00+11:00,2357197,2509_339,-33.88557052612305,151.21693420410156,300.0,0.4,-158,-2.63,False
2026-10-10T10:20:00+11:00,2356174,2509_343,-33.88623046875,151.20809936523438,179.0,0.0,435,7.25,False
2026-10-10T10:20:00+11:00,2533739,2509_352,-33.8882942199707,151.21334838867188,191.0,30.2,157,2.62,True
2026-10-10T10:20:00+11:00,2531374,2509_350,-33.920074462890625,151.25714111328125,182.0,26.6,42,0.7,True
2026-10-10T10:20:00+11:00,2139774,2509_396,-33.918941497802734,151.2261962890625,172.0,48.6,331,5.52,True
2026-10-10T10:20:00+11:00,2534530,2509_350,-33.917911529541016,151.25733947753906,11.0,32.8,29,0.48,True
2026-10-10T10:20:00+11:00,2531848,2509_350,-33.93148422241211,151.18408203125,26.0,0.0,125,2.08,True
2026-10-10T10:20:00+11:00,2531690,2509_333,-33.86227035522461,151.21119689941406,5.0,0.0,0,0.0,True
2026-10-10T10:20:00+11:00,2470784,2509_356,-33.93598175048828,151.2522735595703,71.0,48.2,120,2.0,True
2026-10-10T10:20:00+11:00,2533262,2509_355,-33.89519119262695,151.2223663330078,98.0,29.9,165,2.75,True
2026-10-10T10:20:00+11:00,2534016,2509_333,-33.89300537109375,151.25726318359375,99.0,30.2,47,0.78,True
2026-10-10T10:20:00+11:00,2488372,2509_392,-33.95579147338867,151.2304229736328,165.0,0.0,3,0.05,True
2026-10-10T10:20:00+11:00,2548574,2509_328,-33.88725662231445,151.23985290527344,169.0,34.6,-56,-0.93,True
2026-10-10T10:20:00+11:00,2534176,2509_333,-33.863304138183594,151.2126007080078,86.0,0.4,64,1.07,True
2026-10-10T10:20:00+11:00,2356842,2509_373,-33.89531707763672,151.22198486328125,172.0,26.6,72,1.2,True
2026-10-10T10:20:00+11:00,2532398,2509_325,-33.87301254272461,151.2073211669922,281.0,15.1,706,11.77,False
2026-10-10T10:20:00+11:00,2531536,2509_333,-33.89197540283203,151.27334594726562,207.0,9.0,0,0.0,True
2026-10-10T10:20:00+11:00,2470844,2509_356,-33.89777374267578,151.2437286376953,286.0,0.0,-232,-3.87,False
2026-10-10T10:20:00+11:00,2140465,2509_306,-33.893795013427734,151.19869995117188,22.0,0.0,78,1.3,True
2026-10-10T10:20:00+11:00,2740385,2509_379,-33.88791275024414,151.2653045654297,306.0,0.0,-199,-3.32,False
2026-10-10T10:20:00+11:00,2531298,2509_333,-33.88225555419922,151.22000122070312,144.0,31.0,49,0.82,True
2026-10-10T10:20:00+11:00,2357225,2509_373,-33.91087341308594,151.23924255371094,8.0,32.8,166,2.77,True
2026-10-10T10:20:00+11:00,2534733,2509_333,-33.89081573486328,151.24789428710938,279.0,0.0,-48,-0.8,True
2026-10-10T10:20:00+11:00,2531691,2509_350,-33.940147399902344,151.22970581054688,93.0,0.0,64,1.07,True
2026-10-10T10:20:00+11:00,2357846,2509_370,-33.879859924316406,151.18707275390625,332.0,0.0,182,3.03,True
2026-10-10T10:20:00+11:00,2701924,700011_27T4,-33.884056091308594,151.21719360351562,92.0,0.0,-403,-6.72,False
2026-10-10T10:20:00+11:00,2747949,700011_27T4,-33.88521957397461,151.20330810546875,150.0,1.1,-1603,-26.72,False
2026-10-10T10:20:00+11:00,2748038,700011_27T4,-33.94607162475586,151.17636108398438,269.0,0.0,-102,-1.7,False
2026-10-10T10:20:00+11:00,2748543,700012_36SC,-33.89251708984375,151.2166290283203,5.0,35.6,845,14.08,False
2026-10-10T10:20:00+11:00,2722537_2,700012_43SC,-33.889915466308594,151.2077178955078,105.0,35.6,0,0.0,True
2026-10-10T10:20:00+11:00,2722601,700012_36SC,-33.8917350769043,151.21432495117188,99.0,26.6,-163,-2.72,False
2026-10-10T10:35:00+11:00,2288855,2459_423,-33.88425827026367,151.1971435546875,89.0,35.3,-280,-4.67,False
2026-10-10T10:35:00+11:00,2282992,2459_431,-33.87578201293945,151.18380737304688,324.0,0.0,-172,-2.87,False
2026-10-10T10:35:00+11:00,2686151,2459_423,-33.87813949584961,151.20774841308594,279.0,0.0,198,3.3,True
2026-10-10T10:35:00+11:00,2719025,2514_270,-33.86465835571289,151.2047882080078,354.0,0.0,41,0.68,True
2026-10-10T10:35:00+11:00,1904618,2459_461X,-33.884525299072266,151.1927490234375,80.0,4.0,-223,-3.72,False
2026-10-10T10:35:00+11:00,1963810,2459_412,-33.91686248779297,151.1257781982422,268.0,28.8,50,0.83,True
2026-10-10T10:35:00+11:00,2285622,2459_440,-33.87683868408203,151.20970153808594,272.0,0.0,-14,-0.23,True
2026-10-10T10:35:00+11:00,2290411,2459_426,-33.870086669921875,151.2103271484375,179.0,0.0,76,1.27,True
2026-10-10T10:35:00+11:00,2554309,2459_358,-33.922821044921875,151.206787109375,100.0,18.4,-119,-1.98,False
2026-10-10T10:35:00+11:00,2038599,2459_440,-33.88553237915039,151.1824951171875,78.0,48.2,15,0.25,True
2026-10-10T10:35:00+11:00,2740676,7066_28T4,-33.915706634521484,151.17416381835938,239.0,34.9,134,2.23,True
2026-10-10T10:35:00+11:00,2290313,2459_431,-33.87199401855469,151.21006774902344,6.0,0.0,45,0.75,True
2026-10-10T10:35:00+11:00,2284193,2459_438X,-33.88169860839844,151.13986206054688,152.0,29.2,49,0.82,True
2026-10-10T10:35:00+11:00,2741526,700015_3AT4,-33.88193893432617,151.20677185058594,115.0,0.0,-277,-4.62,False
2026-10-10T10:35:00+11:00,2474835,2459_389,-33.87086868286133,151.20602416992188,83.0,0.0,-222,-3.7,False
2026-10-10T10:35:00+11:00,2668385,2459_420,-33.93684005737305,151.15443420410156,233.0,24.8,173,2.88,True
2026-10-10T10:35:00+11:00,1961373,2459_412,-33.912574768066406,151.13906860351562,54.0,36.0,105,1.75,True
2026-10-10T10:35:00+11:00,2596603,2459_492,-33.87777328491211,151.1034698486328,9.0,0.0,138,2.3,True
2026-10-10T10:35:00+11:00,2596512,2459_490,-33.85103988647461,151.1547393798828,231.0,19.4,0,0.0,True
2026-10-10T10:35:00+11:00,2620114,2459_530,-33.84633255004883,151.15138244628906,152.0,18.0,-225,-3.75,False
2026-10-10T10:35:00+11:00,2484387,2459_483,-33.887550354003906,151.1222381591797,284.0,35.6,58,0.97,True
2026-10-10T10:35:00+11:00,1904763,2459_461X,-33.87497329711914,151.1041717529297,9.0,23.4,65,1.08,True
2026-10-10T10:35:00+11:00,2090393,2508_160X,-33.790672302246094,151.18182373046875,249.0,38.9,-327,-5.45,False
2026-10-10T10:35:00+11:00,2037426,2459_440,-33.868019104003906,151.17572021484375,340.0,0.0,13,0.22,True
2026-10-10T10:35:00+11:00,2284200,2459_389,-33.87833023071289,151.21725463867188,9.0,25.6,202,3.37,True
2026-10-10T10:35:00+11:00,2714011,2508_144,-33.817543029785156,151.24371337890625,159.0,38.2,65,1.08,True
2026-10-10T10:35:00+11:00,2475894,2459_530,-33.877174377441406,151.10353088378906,99.0,0.0,295,4.92,True
2026-10-10T10:35:00+11:00,2037178,2459_412,-33.87914276123047,151.2071533203125,191.0,0.0,219,3.65,True
2026-10-10T10:35:00+11:00,1960165,2459_480,-33.88800811767578,151.16229248046875,103.0,42.8,178,2.97,True
2026-10-10T10:35:00+11:00,2741523,700015_3AT4,-33.891357421875,151.21151733398438,290.0,38.9,-337,-5.62,False
2026-10-10T10:35:00+11:00,2683091,7083_SW1,-33.911834716796875,151.15902709960938,299.0,30.6,139,2.32,True
2026-10-10T10:35:00+11:00,2739224,7057_26T4,-33.906036376953125,151.21360778808594,8.0,0.0,-1169,-19.48,False
2026-10-10T10:35:00+11:00,1963811,2459_412,-33.893104553222656,151.16522216796875,240.0,33.5,-337,-5.62,False
2026-10-10T10:35:00+11:00,2741047,7016_7T4,-33.9150390625,151.16461181640625,6.0,11.5,0,0.0,True
2026-10-10T10:35:00+11:00,2475252,2459_389,-33.87357711791992,151.19796752929688,11.0,0.0,0,0.0,True
2026-10-10T10:35:00+11:00,2374437,2508_111,-33.8277702331543,151.2613983154297,120.0,10.4,95,1.58,True
2026-10-10T10:35:00+11:00,2737181,2459_428,-33.88551330566406,151.1943817138672,200.0,33.5,101,1.68,True
2026-10-10T10:35:00+11:00,2741385,700015_3AT4,-33.9392204284668,151.14779663085938,278.0,17.6,-709,-11.82,False
2026-10-10T10:35:00+11:00,2286465,2459_433,-33.884334564208984,151.20028686523438,267.0,0.0,15,0.25,True
2026-10-10T10:35:00+11:00,2285534,2459_442,-33.85717010498047,151.18020629882812,307.0,7.2,-12,-0.2,True
2026-10-10T10:35:00+11:00,2288926,2459_433,-33.87982177734375,151.1806640625,231.0,35.3,60,1.0,True
2026-10-10T10:35:00+11:00,2375811,2508_144,-33.824371337890625,151.24095153808594,69.0,21.2,109,1.82,True
2026-10-10T10:35:00+11:00,2420703,2508_238,-33.8372688293457,151.2457275390625,46.0,40.3,4,0.07,True
2026-10-10T10:35:00+11:00,2377663,2508_100,-33.870330810546875,151.20620727539062,175.0,0.0,-122,-2.03,False
2026-10-10T10:35:00+11:00,2038598,2459_440,-33.877418518066406,151.21182250976562,22.0,0.0,-173,-2.88,False
2026-10-10T10:35:00+11:00,2287084,2459_469,-33.88404846191406,151.15176391601562,84.0,0.0,145,2.42,True
2026-10-10T10:35:00+11:00,2283009,2459_433,-33.858089447021484,151.18362426757812,106.0,0.0,0,0.0,True
2026-10-10T10:35:00+11:00,2376939,2508_B1,-33.831275939941406,151.22413635253906,246.0,32.0,-54,-0.9,True
2026-10-10T10:35:00+11:00,2740907,7016_7T4,-33.92366027832031,151.1620330810547,45.0,19.4,-225,-3.75,False
2026-10-10T10:35:00+11:00,2415946,2508_B1,-33.8138313293457,151.24391174316406,10.0,38.2,192,3.2,True
2026-10-10T10:35:00+11:00,2373872,2508_173X,-33.82953643798828,151.21405029296875,98.0,26.6,569,9.48,False
2026-10-10T10:35:00+11:00,2636775,2459_504,-33.86298370361328,151.1688690185547,127.0,27.7,-85,-1.42,False
2026-10-10T10:35:00+11:00,2288695,2459_422,-33.90298843383789,151.17955017089844,330.0,25.2,1219,20.32,False
2026-10-10T10:35:00+11:00,2608949,2459_430,-33.891441345214844,151.18820190429688,42.0,0.0,84,1.4,True
2026-10-10T10:35:00+11:00,2515331,2459_410,-33.87453079223633,151.104248046875,8.0,0.0,551,9.18,False
2026-10-10T10:35:00+11:00,2037179,2459_412,-33.87116622924805,151.21017456054688,6.0,23.4,0,0.0,True
2026-10-10T10:35:00+11:00,2718831,2514_271,-33.7864990234375,151.2013702392578,160.0,43.9,-100,-1.67,False
2026-10-10T10:35:00+11:00,2283568,2459_428,-33.89780807495117,151.17822265625,58.0,11.5,-4,-0.07,True
2026-10-10T10:35:00+11:00,2741383,700015_3AT4,-33.89187240600586,151.21701049804688,189.0,0.0,83,1.38,True
2026-10-10T10:35:00+11:00,2287394,2459_442,-33.85797882080078,151.1830596923828,115.0,27.4,-6,-0.1,True
2026-10-10T10:35:00+11:00,2290469,2459_438X,-33.88428497314453,151.19601440429688,86.0,0.0,-165,-2.75,False
2026-10-10T10:35:00+11:00,2740753,7066_28T4,-33.88033676147461,151.20843505859375,285.0,16.6,0,0.0,True
2026-10-10T10:35:00+11:00,2719224,2514_277,-33.78158187866211,151.2014923095703,330.0,18.0,46,0.77,True
2026-10-10T10:35:00+11:00,2038597,2459_440,-33.889915466308594,151.23480224609375,113.0,37.8,-313,-5.22,False
2026-10-10T10:35:00+11:00,2377563,2508_144,-33.79738235473633,151.17869567871094,247.0,0.0,115,1.92,True
2026-10-10T10:35:00+11:00,2636648,2459_504,-33.85346984863281,151.15065002441406,232.0,25.9,-140,-2.33,False
2026-10-10T10:35:00+11:00,2530450,7084_SW2,-33.914390563964844,151.16549682617188,57.0,5.4,-208,-3.47,False
2026-10-10T10:35:00+11:00,2289196,2459_303,-33.93238830566406,151.19400024414062,10.0,27.7,174,2.9,True
2026-10-10T10:35:00+11:00,2286575,2459_418,-33.91997146606445,151.16836547851562,49.0,38.2,-21,-0.35,True
2026-10-10T10:35:00+11:00,2740761,7066_28T4,-33.88566207885742,151.21817016601562,191.0,9.7,0,0.0,True
2026-10-10T10:35:00+11:00,2287038,2459_426,-33.89860534667969,151.1750030517578,84.0,16.9,-25,-0.42,True
2026-10-10T10:35:00+11:00,2458255,2508_238,-33.83163833618164,151.24679565429688,175.0,35.6,5,0.08,True
2026-10-10T10:35:00+11:00,2287070,2459_438X,-33.863243103027344,151.13037109375,185.0,35.3,-15,-0.25,True
2026-10-10T10:35:00+11:00,2686156,2459_423,-33.91212463378906,151.1602325439453,213.0,0.0,377,6.28,False
2026-10-10T10:35:00+11:00,2285744,2459_433,-33.858219146728516,151.18345642089844,292.0,0.0,0,0.0,True
2026-10-10T10:35:00+11:00,2554035,2459_358,-33.921714782714844,151.18408203125,347.0,17.3,-244,-4.07,False
2026-10-10T10:35:00+11:00,2290835,2459_433,-33.873416900634766,151.17495727539062,184.0,27.0,14,0.23,True
2026-10-10T10:35:00+11:00,2718820,2514_271,-33.7824821472168,151.19677734375,335.0,31.3,-77,-1.28,False
2026-10-10T10:35:00+11:00,2287796,2459_423,-33.872440338134766,151.20999145507812,1.0,25.6,16,0.27,True
2026-10-10T10:35:00+11:00,1905358,2459_461X,-33.869773864746094,151.11277770996094,280.0,45.4,-171,-2.85,False
2026-10-10T10:35:00+11:00,2420879,2508_230,-33.824398040771484,151.2394561767578,277.0,11.9,181,3.02,True
2026-10-10T10:35:00+11:00,2713988,2508_144,-33.79471206665039,151.2576446533203,252.0,34.2,12,0.2,True
2026-10-10T10:35:00+11:00,2415939,2508_B1,-33.854610443115234,151.20913696289062,28.0,64.4,-9,-0.15,True
2026-10-10T10:35:00+11:00,2377580,2508_100,-33.85932159423828,151.20668029785156,28.0,52.9,15,0.25,True
2026-10-10T10:35:00+11:00,2284293,2459_418,-33.90985870361328,151.1319122314453,312.0,21.6,146,2.43,True
2026-10-10T10:35:00+11:00,2741537,700015_3AT4,-33.93920135498047,151.14524841308594,85.0,27.4,-232,-3.87,False
2026-10-10T10:35:00+11:00,2737113,2459_308,-33.88267135620117,151.2078857421875,122.0,0.0,235,3.92,True
2026-10-10T10:35:00+11:00,2285884,2459_423,-33.91945266723633,151.14501953125,33.0,37.1,121,2.02,True
2026-10-10T10:35:00+11:00,2290255,2459_470,-33.884910583496094,151.17611694335938,159.0,0.0,66,1.1,True
2026-10-10T10:35:00+11:00,2719353,2514_270,-33.86216354370117,151.20550537109375,199.0,46.1,3,0.05,True
2026-10-10T10:35:00+11:00,2719366,2514_194,-33.809871673583984,151.2080535888672,189.0,38.5,-52,-0.87,True
2026-10-10T10:35:00+11:00,2638196,2459_407,-33.8773193359375,151.1026153564453,278.0,0.0,-28,-0.47,True
2026-10-10T10:35:00+11:00,2376115,2508_100,-33.83100128173828,151.2443389892578,171.0,30.6,81,1.35,True
2026-10-10T10:35:00+11:00,2377022,2508_100,-33.82468795776367,151.24143981933594,118.0,0.0,-124,-2.07,False
2026-10-10T10:35:00+11:00,2718882,2514_194,-33.85708999633789,151.20774841308594,28.0,71.6,69,1.15,True
2026-10-10T10:35:00+11:00,2285364,2459_442,-33.86789321899414,151.18014526367188,90.0,53.3,-19,-0.32,True
2026-10-10T10:35:00+11:00,2375992,2508_144,-33.79704284667969,151.18006896972656,247.0,0.0,0,0.0,True
2026-10-10T10:35:00+11:00,2377257,2508_144,-33.8243293762207,151.24095153808594,64.0,25.2,-367,-6.12,False
2026-10-10T10:35:00+11:00,2283700,2459_348,-33.918426513671875,151.24099731445312,190.0,0.0,681,11.35,False
2026-10-10T10:35:00+11:00,2286695,2459_428,-33.91136169433594,151.11865234375,140.0,0.0,0,0.0,True
2026-10-10T10:35:00+11:00,1905580,2459_461X,-33.88810348510742,151.1620330810547,283.0,0.0,7,0.12,True
2026-10-10T10:35:00+11:00,2393259,2508_114,-33.831146240234375,151.2218017578125,114.0,0.7,9,0.15,True
2026-10-10T10:35:00+11:00,2713990,2508_144,-33.83005905151367,151.216796875,276.0,39.6,281,4.68,True
2026-10-10T10:35:00+11:00,2288331,2459_431,-33.86745071411133,151.21063232421875,185.0,6.8,0,0.0,True
2026-10-10T10:35:00+11:00,2719284,2514_283,-33.780670166015625,151.1956329345703,357.0,29.2,-109,-1.82,False
2026-10-10T10:35:00+11:00,2290777,2459_470,-33.88275909423828,151.20449829101562,235.0,0.0,-109,-1.82,False
2026-10-10T10:35:00+11:00,2596632,2459_491,-33.88423538208008,151.12059020996094,299.0,0.0,-124,-2.07,False
2026-10-10T10:35:00+11:00,2740942,7016_7T4,-33.9155387878418,151.16563415527344,8.0,0.0,532,8.87,False
2026-10-10T10:35:00+11:00,2284610,2459_428,-33.896785736083984,151.15185546875,66.0,5.0,91,1.52,True
2026-10-10T10:35:00+11:00,2289353,2459_348,-33.9163818359375,151.23553466796875,280.0,29.2,-118,-1.97,False
2026-10-10T10:35:00+11:00,2211381,2459_408,-33.874610900878906,151.10751342773438,9.0,1.1,0,0.0,True
2026-10-10T10:35:00+11:00,2737120,2459_428,-33.90288162231445,151.16506958007812,295.0,29.9,141,2.35,True
2026-10-10T10:35:00+11:00,2210582,2459_464,-33.88799285888672,151.12632751464844,114.0,0.0,0,0.0,True
2026-10-10T10:35:00+11:00,2608979,2459_430,-33.8843879699707,151.1990966796875,266.0,0.0,58,0.97,True
2026-10-10T10:35:00+11:00,2474905,2459_389,-33.882240295410156,151.22552490234375,97.0,24.5,-18,-0.3,True
2026-10-10T10:35:00+11:00,2737155,2459_428,-33.86626052856445,151.2108154296875,27.0,23.4,603,10.05,False
2026-10-10T10:35:00+11:00,2424293,2508_230,-33.82845687866211,151.24403381347656,178.0,38.5,136,2.27,True
2026-10-10T10:35:00+11:00,2704934,2504_610X,-33.86461639404297,151.2047882080078,4.0,0.0,52,0.87,True
2026-10-10T10:35:00+11:00,2375772,2508_B1,-33.85391616821289,151.209716796875,208.0,66.6,-84,-1.4,False
2026-10-10T10:35:00+11:00,2373819,2508_B1,-33.8241081237793,151.2416229248047,233.0,0.0,-237,-3.95,False
2026-10-10T10:35:00+11:00,1911979,2459_483,-33.886470794677734,151.1117706298828,99.0,31.7,177,2.95,True
2026-10-10T10:35:00+11:00,2714001,2508_144,-33.82719039916992,151.231689453125,221.0,44.3,210,3.5,True
2026-10-10T10:35:00+11:00,2707700,2504_610X,-33.80922317504883,151.1583709716797,115.0,73.8,-387,-6.45,False
2026-10-10T10:35:00+11:00,2740632,7066_28T4,-33.885101318359375,151.207763671875,41.0,2.9,0,0.0,True
2026-10-10T10:35:00+11:00,2711058,2504_610X,-33.81316375732422,151.18264770507812,287.0,59.4,258,4.3,True
2026-10-10T10:35:00+11:00,1905943,2459_461X,-33.877071380615234,151.1024169921875,96.0,0.0,0,0.0,True
2026-10-10T10:35:00+11:00,2289000,2459_437,-33.86837387084961,151.1828155517578,108.0,38.2,-340,-5.67,False
2026-10-10T10:35:00+11:00,2287526,2459_422,-33.89815139770508,151.17825317382812,31.0,0.0,-135,-2.25,False
2026-10-10T10:35:00+11:00,2660221,2459_320,-33.90852355957031,151.18128967285156,30.0,13.7,0,0.0,True
2026-10-10T10:35:00+11:00,2377696,2508_172X,-33.830657958984375,151.21981811523438,294.0,31.7,182,3.03,True
2026-10-10T10:35:00+11:00,2284544,2459_470,-33.884830474853516,151.17588806152344,344.0,36.4,-17,-0.28,True
2026-10-10T10:35:00+11:00,2475926,2459_530,-33.865291595458984,151.13023376464844,5.0,10.1,767,12.78,False
2026-10-10T10:35:00+11:00,2596492,2459_491,-33.8765869140625,151.12954711914062,147.0,0.4,117,1.95,True
2026-10-10T10:35:00+11:00,2288456,2459_440,-33.890899658203125,151.24862670898438,96.0,0.0,0,0.0,True
2026-10-10T10:35:00+11:00,2290426,2459_470,-33.867950439453125,151.2105712890625,1.0,0.0,0,0.0,True
2026-10-10T10:35:00+11:00,2308989,2459_445,-33.88751220703125,151.15756225585938,353.0,0.0,-94,-1.57,False
2026-10-10T10:35:00+11:00,2739261,7057_26T4,-33.8867073059082,151.2066192626953,7.0,0.0,0,0.0,True
2026-10-10T10:35:00+11:00,2683115,7083_SW1,-33.91011428833008,151.13247680664062,-33.0,0.0,170,2.83,True
2026-10-10T10:35:00+11:00,2686133,2459_423,-33.86812973022461,151.21055603027344,5.0,0.0,215,3.58,True
2026-10-10T10:35:00+11:00,2211218,2459_413,-33.887210845947266,151.17507934570312,255.0,0.0,-128,-2.13,False
2026-10-10T10:35:00+11:00,2349378,2459_418,-33.88873291015625,151.124755859375,138.0,0.0,47,0.78,True
2026-10-10T10:35:00+11:00,2710177,2504_610X,-33.87172317504883,151.2064208984375,175.0,0.0,0,0.0,True
2026-10-10T10:35:00+11:00,2287780,2459_426,-33.897850036621094,151.17828369140625,248.0,20.9,-155,-2.58,False
2026-10-10T10:35:00+11:00,2589850,2508_280,-33.79637908935547,151.18109130859375,7.0,0.0,0,0.0,True
2026-10-10T10:35:00+11:00,2308995,2459_445,-33.87165069580078,151.1588897705078,76.0,5.8,-115,-1.92,False
2026-10-10T10:35:00+11:00,2283954,2459_438X,-33.88480758666992,151.1916961669922,264.0,5.8,285,4.75,True
2026-10-10T10:35:00+11:00,1961372,2459_412,-33.883968353271484,151.2020263671875,76.0,0.0,-470,-7.83,False
2026-10-10T10:35:00+11:00,2290612,2459_389,-33.89166259765625,151.24693298339844,289.0,0.0,177,2.95,True
2026-10-10T10:35:00+11:00,2668305,2459_420,-33.92539978027344,151.16603088378906,29.0,69.1,475,7.92,False
2026-10-10T10:35:00+11:00,2739196,7057_26T4,-33.88578414916992,151.21820068359375,190.0,0.0,-317,-5.28,False
2026-10-10T10:35:00+11:00,2554138,2459_358,-33.915382385253906,151.16632080078125,165.0,0.0,0,0.0,True
2026-10-10T10:35:00+11:00,2636644,2459_504,-33.87388610839844,151.21363830566406,100.0,33.8,-7,-0.12,True
2026-10-10T10:35:00+11:00,1962529,2459_413,-33.88835144042969,151.1565704345703,76.0,0.0,53,0.88,True
2026-10-10T10:35:00+11:00,2741464,700015_3AT4,-33.917964935302734,151.2114715576172,9.0,73.8,-670,-11.17,False
2026-10-10T10:35:00+11:00,1905581,2459_461X,-33.88282775878906,151.2081298828125,295.0,10.1,164,2.73,True
2026-10-10T10:35:00+11:00,2373886,2508_100,-33.82691955566406,151.24380493164062,342.0,22.0,34,0.57,True
2026-10-10T10:35:00+11:00,2289975,2459_470,-33.872413635253906,151.2100067138672,6.0,13.7,-337,-5.62,False
2026-10-10T10:35:00+11:00,2377157,2508_144,-33.82939910888672,151.212158203125,97.0,41.8,-170,-2.83,False
2026-10-10T10:35:00+11:00,2286205,2459_348,-33.90315246582031,151.20706176757812,53.0,4.0,64,1.07,True
2026-10-10T10:35:00+11:00,2308841,2459_445,-33.904720306396484,151.1295623779297,94.0,4.3,190,3.17,True
2026-10-10T10:35:00+11:00,2288150,2459_438X,-33.84513473510742,151.12844848632812,2.0,0.0,0,0.0,True
2026-10-10T10:35:00+11:00,2740692,7066_28T4,-33.880191802978516,151.20761108398438,283.0,0.0,0,0.0,True
2026-10-10T10:35:00+11:00,2288418,2459_433,-33.879547119140625,151.20797729492188,103.0,0.0,0,0.0,True
2026-10-10T10:35:00+11:00,2677136,2503_M90,-33.874549865722656,151.10755920410156,9.0,0.0,0,0.0,True
2026-10-10T10:35:00+11:00,2284186,2459_438X,-33.884212493896484,151.1459197998047,271.0,38.9,-59,-0.98,True
2026-10-10T10:35:00+11:00,2288031,2459_426,-33.9039306640625,151.1431427001953,137.0,4.7,175,2.92,True
2026-10-10T10:35:00+11:00,2558771,7083_SW1,-33.914161682128906,151.1424102783203,137.0,33.5,-162,-2.7,False
2026-10-10T10:35:00+11:00,2283569,2459_438X,-33.868988037109375,151.21044921875,189.0,0.0,19,0.32,True
2026-10-10T10:35:00+11:00,1870762,2459_412,-33.89299011230469,151.1578369140625,16.0,0.0,131,2.18,True
2026-10-10T10:35:00+11:00,2608953,2459_430,-33.91149139404297,151.1607666015625,214.0,33.1,153,2.55,True
2026-10-10T10:35:00+11:00,2737165,2459_445,-33.896820068359375,151.14866638183594,272.0,33.8,-50,-0.83,True
2026-10-10T10:35:00+11:00,2285673,2459_389,-33.89120864868164,151.2494659423828,278.0,0.0,0,0.0,True
2026-10-10T10:35:00+11:00,2288848,2459_440,-33.88798522949219,151.1675262451172,265.0,37.1,-535,-8.92,False
2026-10-10T10:35:00+11:00,2579204,7084_SW2,-33.91360855102539,151.1669158935547,188.0,25.9,-60,-1.0,False
2026-10-10T10:35:00+11:00,2375847,2508_100,-33.831634521484375,151.22238159179688,273.0,15.8,388,6.47,False
2026-10-10T10:35:00+11:00,2283074,2459_438X,-33.86494827270508,151.2098846435547,227.0,0.0,6,0.1,True
2026-10-10T10:35:00+11:00,2550354,2508_263,-33.86371612548828,151.20809936523438,264.0,0.0,0,0.0,True
2026-10-10T10:35:00+11:00,1904720,2459_461X,-33.880313873291016,151.208251953125,107.0,14.4,101,1.68,True
2026-10-10T10:35:00+11:00,2596575,2459_490,-33.884830474853516,151.1083221435547,191.0,43.2,55,0.92,True
2026-10-10T10:35:00+11:00,2349321,2459_418,-33.90987014770508,151.132568359375,38.0,11.5,356,5.93,True
2026-10-10T10:35:00+11:00,2705125,2504_610X,-33.86442184448242,151.20553588867188,177.0,27.0,-410,-6.83,False
2026-10-10T10:35:00+11:00,2376574,2508_144,-33.824562072753906,151.1886444091797,106.0,34.6,-39,-0.65,True
2026-10-10T10:35:00+11:00,2558762,7083_SW1,-33.91395950317383,151.1627960205078,129.0,47.2,132,2.2,True
2026-10-10T10:35:00+11:00,2553973,2459_358,-33.92441940307617,151.230224609375,279.0,0.0,-332,-5.53,False
2026-10-10T10:35:00+11:00,2374605,2508_144,-33.79437255859375,151.2583465576172,71.0,31.0,-307,-5.12,False
2026-10-10T10:35:00+11:00,2289021,2459_441,-33.85075759887695,151.1833038330078,223.0,0.0,0,0.0,True
2026-10-10T10:35:00+11:00,2286412,2459_431,-33.87336349487305,151.18199157714844,142.0,34.6,-65,-1.08,False
2026-10-10T10:35:00+11:00,2737034,2459_445,-33.85646438598633,151.17279052734375,232.0,16.9,202,3.37,True
2026-10-10T10:35:00+11:00,2377262,2508_173X,-33.86613082885742,151.2063446044922,5.0,0.0,2,0.03,True
2026-10-10T10:35:00+11:00,2287801,2459_348,-33.92892837524414,151.15684509277344,218.0,51.1,-486,-8.1,False
2026-10-10T10:35:00+11:00,2618778,2459_422,-33.88495635986328,151.18533325195312,258.0,26.6,112,1.87,True
2026-10-10T10:35:00+11:00,2287605,2459_470,-33.86675262451172,151.21070861816406,185.0,0.0,0,0.0,True
2026-10-10T10:35:00+11:00,2211280,2459_415,-33.87455368041992,151.1043243408203,9.0,0.0,191,3.18,True
2026-10-10T10:35:00+11:00,1911978,2459_483,-33.88467788696289,151.190673828125,91.0,33.1,235,3.92,True
2026-10-10T10:35:00+11:00,2374457,2508_100,-33.83064651489258,151.2200469970703,294.0,34.2,-123,-2.05,False
2026-10-10T10:35:00+11:00,1904619,2459_461X,-33.88432312011719,151.1349639892578,130.0,32.8,11,0.18,True
2026-10-10T10:35:00+11:00,2424286,2508_230,-33.8345832824707,151.20790100097656,12.0,34.2,49,0.82,True
2026-10-10T10:35:00+11:00,2660143,2459_320,-33.88271713256836,151.208251953125,123.0,0.0,80,1.33,True
2026-10-10T10:35:00+11:00,2389379,2508_173X,-33.8244514465332,151.24119567871094,225.0,0.0,-23,-0.38,True
2026-10-10T10:35:00+11:00,2737200,2459_445,-33.884132385253906,151.15174865722656,86.0,0.0,-96,-1.6,False
2026-10-10T10:35:00+11:00,2211310,2459_406,-33.87092971801758,151.14219665527344,319.0,27.0,5,0.08,True
2026-10-10T10:35:00+11:00,2284774,2459_433,-33.88078308105469,151.20668029785156,206.0,0.0,0,0.0,True
2026-10-10T10:35:00+11:00,2211158,2459_464,-33.89129638671875,151.11717224121094,183.0,0.0,-38,-0.63,True
2026-10-10T10:35:00+11:00,2376288,2508_100,-33.86052322387695,151.20559692382812,17.0,46.1,514,8.57,False
2026-10-10T10:35:00+11:00,2038123,2459_440,-33.87189865112305,151.15830993652344,255.0,33.1,-60,-1.0,False
2026-10-10T10:35:00+11:00,2309637,7083_SW3,-33.900917053222656,151.14479064941406,8.0,21.2,-221,-3.68,False
2026-10-10T10:35:00+11:00,2284987,2459_433,-33.86360168457031,151.1702117919922,26.0,0.0,-136,-2.27,False
2026-10-10T10:35:00+11:00,2210496,2459_464,-33.86137008666992,151.105224609375,118.0,48.2,-122,-2.03,False
2026-10-10T10:35:00+11:00,2037177,2459_412,-33.90534973144531,151.15316772460938,183.0,34.2,-66,-1.1,False
2026-10-10T10:35:00+11:00,2283556,2459_442,-33.85706329345703,151.1954803466797,80.0,0.0,0,0.0,True
2026-10-10T10:35:00+11:00,2375757,2508_243,-33.82121276855469,151.23580932617188,11.0,39.6,177,2.95,True
2026-10-10T10:35:00+11:00,2668315,2459_420,-33.9244384765625,151.18797302246094,280.0,0.0,0,0.0,True
2026-10-10T10:35:00+11:00,2710317,2504_607X,-33.86573791503906,151.20570373535156,176.0,14.8,-107,-1.78,False
2026-10-10T10:35:00+11:00,2286149,2459_502,-33.86400604248047,151.11778259277344,139.0,25.6,101,1.68,True
2026-10-10T10:35:00+11:00,2211827,2459_464,-33.895790100097656,151.1065216064453,77.0,27.7,-35,-0.58,True
2026-10-10T10:35:00+11:00,2415948,2508_B1,-33.86655807495117,151.20631408691406,6.0,0.0,0,0.0,True
2026-10-10T10:35:00+11:00,2288774,2459_442,-33.87485122680664,151.19595336914062,291.0,54.7,125,2.08,True
2026-10-10T10:35:00+11:00,2515369,2459_410,-33.865482330322266,151.10626220703125,211.0,8.6,-48,-0.8,True
2026-10-10T10:35:00+11:00,2090337,2508_160X,-33.786163330078125,151.18321228027344,68.0,54.4,109,1.82,True
2026-10-10T10:35:00+11:00,2484367,2459_483,-33.87958526611328,151.20816040039062,101.0,0.0,0,0.0,True
2026-10-10T10:35:00+11:00,2620111,2459_530,-33.79607009887695,151.18040466308594,179.0,0.0,0,0.0,True
2026-10-10T10:35:00+11:00,2290663,2459_469,-33.88571548461914,151.14950561523438,80.0,0.0,0,0.0,True
2026-10-10T10:35:00+11:00,2280109,7083_SW3,-33.906368255615234,151.14553833007812,320.0,28.8,58,0.97,True
2026-10-10T10:35:00+11:00,2636654,2459_504,-33.873146057128906,151.2084197998047,277.0,0.0,-83,-1.38,False
2026-10-10T10:35:00+11:00,2420705,2508_230,-33.83647918701172,151.20738220214844,190.0,0.4,348,5.8,True
2026-10-10T10:35:00+11:00,2376309,2508_144,-33.79647445678711,151.1803741455078,178.0,0.0,0,0.0,True
2026-10-10T10:35:00+11:00,2737001,2459_308,-33.90291213989258,151.17926025390625,67.0,0.0,25,0.42,True
2026-10-10T10:35:00+11:00,2475866,2459_530,-33.87525939941406,151.10707092285156,100.0,0.0,4,0.07,True
2026-10-10T10:35:00+11:00,2289898,2459_426,-33.87356185913086,151.20986938476562,6.0,0.0,-175,-2.92,False
2026-10-10T10:35:00+11:00,2289594,2459_418,-33.875335693359375,151.10409545898438,9.0,22.3,-68,-1.13,False
2026-10-10T10:35:00+11:00,2211007,2459_473,-33.935142517089844,151.14694213867188,64.0,7.6,5,0.08,True
2026-10-10T10:35:00+11:00,2284448,2459_438X,-33.881256103515625,151.20469665527344,220.0,17.6,3,0.05,True
2026-10-10T10:35:00+11:00,2308913,2459_445,-33.90428161621094,151.1433563232422,320.0,2.9,29,0.48,True
2026-10-10T10:35:00+11:00,2596956,2508_263,-33.82667922973633,151.201171875,101.0,0.0,0,0.0,True
2026-10-10T10:35:00+11:00,2285464,2459_433,-33.85979461669922,151.17193603515625,186.0,37.8,-3,-0.05,True
2026-10-10T10:35:00+11:00,2596537,2459_490,-33.856964111328125,151.14547729492188,47.0,0.0,-299,-4.98,False
2026-10-10T10:35:00+11:00,2714021,2508_144,-33.823543548583984,151.19410705566406,254.0,0.0,315,5.25,True
2026-10-10T10:35:00+11:00,2636626,2459_504,-33.8555793762207,151.13046264648438,133.0,9.0,-57,-0.95,True
2026-10-10T10:35:00+11:00,2714010,2508_114,-33.82602310180664,151.24351501464844,343.0,26.3,74,1.23,True
2026-10-10T10:35:00+11:00,2286297,2459_440,-33.87375259399414,151.15582275390625,341.0,12.6,-155,-2.58,False
2026-10-10T10:35:00+11:00,2741098,7016_7T4,-33.94136047363281,151.14541625976562,226.0,45.4,-118,-1.97,False
2026-10-10T10:35:00+11:00,2286464,2459_389,-33.89110565185547,151.24929809570312,281.0,0.0,0,0.0,True
2026-10-10T10:35:00+11:00,2210102,2459_464,-33.8625602722168,151.10804748535156,346.0,9.4,-117,-1.95,False
2026-10-10T10:35:00+11:00,2288598,2459_428,-33.87646484375,151.20950317382812,7.0,28.1,-243,-4.05,False
2026-10-10T10:35:00+11:00,2287128,2459_438X,-33.86559295654297,151.13018798828125,5.0,10.1,-307,-5.12,False
2026-10-10T10:35:00+11:00,2596622,2459_492,-33.873046875,151.12734985351562,189.0,0.0,165,2.75,True
2026-10-10T10:35:00+11:00,2287887,2459_423,-33.903717041015625,151.16854858398438,22.0,0.0,63,1.05,True
2026-10-10T10:35:00+11:00,2686055,2459_423,-33.903472900390625,151.16873168945312,204.0,31.3,-245,-4.08,False
2026-10-10T10:35:00+11:00,2285628,2459_389,-33.86824417114258,151.19309997558594,335.0,43.2,168,2.8,True
2026-10-10T10:35:00+11:00,2281046,7083_SW3,-33.914634704589844,151.16519165039062,0.0,0.4,-205,-3.42,False
2026-10-10T10:35:00+11:00,2683042,7083_SW1,-33.91410446166992,151.16636657714844,232.0,0.0,-303,-5.05,False
2026-10-10T10:35:00+11:00,2286249,2459_440,-33.891719818115234,151.24710083007812,286.0,0.0,115,1.92,True
2026-10-10T10:35:00+11:00,2290300,2459_438X,-33.88789367675781,151.1675262451172,88.0,26.3,-257,-4.28,False
2026-10-10T10:35:00+11:00,2286177,2459_433,-33.88302230834961,151.19105529785156,135.0,13.7,-378,-6.3,False
2026-10-10T10:35:00+11:00,2284770,2459_437,-33.868045806884766,151.1416473388672,156.0,3.2,183,3.05,True
2026-10-10T10:35:00+11:00,2705892,2504_607X,-33.842857360839844,151.2109832763672,334.0,55.4,226,3.77,True
2026-10-10T10:35:00+11:00,2644867,2507_120,-33.80257797241211,151.1984405517578,191.0,13.0,-91,-1.52,False
2026-10-10T10:35:00+11:00,2643938,2507_202,-33.811485290527344,151.21437072753906,281.0,34.6,-67,-1.12,False
2026-10-10T10:35:00+11:00,2644249,2507_120,-33.86012268066406,151.2057647705078,22.0,47.5,278,4.63,True
2026-10-10T10:35:00+11:00,2230658,2507_288,-33.85895919799805,151.20643615722656,28.0,59.4,-29,-0.48,True
2026-10-10T10:35:00+11:00,2557199,2507_265,-33.8399543762207,151.20762634277344,323.0,0.0,0,0.0,True
2026-10-10T10:35:00+11:00,2557284,2507_291,-33.844215393066406,151.2042999267578,14.0,25.9,-37,-0.62,True
2026-10-10T10:35:00+11:00,2643600,2507_52,-33.82398986816406,151.12400817871094,302.0,2.9,119,1.98,True
2026-10-10T10:35:00+11:00,2620855,2507_288,-33.80232238769531,151.14581298828125,160.0,30.6,200,3.33,True
2026-10-10T10:35:00+11:00,2643452,2507_501,-33.8555908203125,151.15895080566406,142.0,27.4,118,1.97,True
2026-10-10T10:35:00+11:00,2643080,2507_52,-33.872310638427734,151.2127685546875,187.0,15.5,0,0.0,True
2026-10-10T10:35:00+11:00,2229668,2507_288,-33.86590576171875,151.2033233642578,174.0,0.0,0,0.0,True
2026-10-10T10:35:00+11:00,2672508,2507_115,-33.813926696777344,151.1998748779297,156.0,26.3,103,1.72,True
2026-10-10T10:35:00+11:00,2538588,2507_506,-33.85745620727539,151.16065979003906,138.0,54.4,-148,-2.47,False
2026-10-10T10:35:00+11:00,2738497,2507_533,-33.80606460571289,151.16537475585938,100.0,44.3,309,5.15,True
2026-10-10T10:35:00+11:00,2442232,2507_207,-33.86383819580078,151.20945739746094,173.0,0.0,0,0.0,True
2026-10-10T10:35:00+11:00,2682142,2507_267,-33.796138763427734,151.1811065673828,353.0,0.0,116,1.93,True
2026-10-10T10:35:00+11:00,2644528,2507_501,-33.82392883300781,151.12400817871094,302.0,0.0,58,0.97,True
2026-10-10T10:35:00+11:00,2644124,2507_501,-33.863643646240234,151.16941833496094,307.0,41.0,76,1.27,True
2026-10-10T10:35:00+11:00,2643414,2507_254,-33.82057189941406,151.15870666503906,22.0,35.6,-310,-5.17,False
2026-10-10T10:35:00+11:00,2731934,2507_291,-33.824180603027344,151.18797302246094,136.0,10.4,314,5.23,True
2026-10-10T10:35:00+11:00,2642804,2507_207,-33.78410720825195,151.19973754882812,307.0,46.8,-374,-6.23,False
2026-10-10T10:35:00+11:00,2644975,2507_52,-33.87282180786133,151.20489501953125,85.0,0.0,-294,-4.9,False
2026-10-10T10:35:00+11:00,2644601,2507_120,-33.87059020996094,151.20623779296875,176.0,0.0,-60,-1.0,False
2026-10-10T10:35:00+11:00,2644718,2507_52,-33.86041259765625,151.16397094726562,138.0,54.4,-42,-0.7,True
2026-10-10T10:35:00+11:00,2407880,2507_265,-33.83066177368164,151.20249938964844,243.0,26.6,44,0.73,True
2026-10-10T10:35:00+11:00,2581485,2507_538,-33.821475982666016,151.1410369873047,31.0,26.6,177,2.95,True
2026-10-10T10:35:00+11:00,2644205,2507_52,-33.84006118774414,151.14617919921875,154.0,54.0,-252,-4.2,False
2026-10-10T10:35:00+11:00,2620760,2507_252,-33.82353973388672,151.19418334960938,255.0,4.0,135,2.25,True
2026-10-10T10:35:00+11:00,2744697,2507_292,-33.8014030456543,151.14453125,313.0,44.3,611,10.18,False
2026-10-10T10:35:00+11:00,2644176,2507_501,-33.87110137939453,151.19473266601562,154.0,0.0,68,1.13,True
2026-10-10T10:35:00+11:00,2227749,2507_261,-33.82771682739258,151.19485473632812,287.0,45.7,59,0.98,True
2026-10-10T10:35:00+11:00,2644897,2507_120,-33.793033599853516,151.19564819335938,339.0,20.5,-114,-1.9,False
2026-10-10T10:35:00+11:00,2644118,2507_52,-33.868141174316406,151.1818084716797,287.0,60.8,584,9.73,False
2026-10-10T10:35:00+11:00,2643148,2507_207,-33.83635711669922,151.20730590820312,190.0,11.5,126,2.1,True
2026-10-10T10:35:00+11:00,2644931,2507_501,-33.884525299072266,151.19918823242188,265.0,0.0,101,1.68,True
2026-10-10T10:35:00+11:00,2672519,2507_115,-33.839195251464844,151.20675659179688,10.0,24.5,73,1.22,True
2026-10-10T10:35:00+11:00,2322575,2507_506,-33.8734245300293,151.21261596679688,186.0,0.0,35,0.58,True
2026-10-10T10:35:00+11:00,2644046,2507_120,-33.826045989990234,151.21365356445312,141.0,61.9,77,1.28,True
2026-10-10T10:35:00+11:00,2643713,2507_52,-33.87324142456055,151.2093048095703,277.0,32.4,235,3.92,True
2026-10-10T10:35:00+11:00,2744648,2507_292,-33.82590866088867,151.2125701904297,326.0,74.9,326,5.43,True
2026-10-10T10:35:00+11:00,2744674,2507_292,-33.85887908935547,151.20664978027344,204.0,61.9,-226,-3.77,False
2026-10-10T10:35:00+11:00,2672279,2507_267,-33.8231086730957,151.19590759277344,106.0,39.6,-36,-0.6,True
2026-10-10T10:35:00+11:00,2681967,2507_202,-33.83306121826172,151.2080535888672,11.0,0.0,-122,-2.03,False
2026-10-10T10:35:00+11:00,2407269,2507_252,-33.812564849853516,151.1709747314453,16.0,19.8,120,2.0,True
2026-10-10T10:35:00+11:00,2643031,2507_501,-33.87984085083008,151.20849609375,187.0,0.4,0,0.0,True
2026-10-10T10:35:00+11:00,2672525,2507_115,-33.79528045654297,151.1815948486328,246.0,20.5,-701,-11.68,False
2026-10-10T10:35:00+11:00,2228382,2507_275,-33.7919921875,151.1972198486328,248.0,0.0,46,0.77,True
2026-10-10T10:35:00+11:00,2644638,2507_501,-33.83043670654297,151.12677001953125,176.0,25.9,-170,-2.83,False
2026-10-10T10:35:00+11:00,2533999,2509_333,-33.89175033569336,151.24722290039062,109.0,0.0,8,0.13,True
2026-10-10T10:35:00+11:00,2575757,2509_374,-33.905860900878906,151.22972106933594,295.0,47.2,179,2.98,True
2026-10-10T10:35:00+11:00,2434579,2509_390X,-33.89115905761719,151.24899291992188,277.0,0.0,0,0.0,True
2026-10-10T10:35:00+11:00,2356578,2509_373,-33.919212341308594,151.25729370117188,190.0,0.0,0,0.0,True
2026-10-10T10:35:00+11:00,2628645,2509_304,-33.88123321533203,151.21485900878906,9.0,0.0,648,10.8,False
2026-10-10T10:35:00+11:00,2137728,2509_396,-33.934661865234375,151.23789978027344,169.0,0.0,181,3.02,True
2026-10-10T10:35:00+11:00,2434774,2509_390X,-33.913475036621094,151.23971557617188,157.0,0.0,-148,-2.47,False
2026-10-10T10:35:00+11:00,2531354,2509_360,-33.896488189697266,151.25457763671875,276.0,0.0,209,3.48,True
2026-10-10T10:35:00+11:00,2352662,2509_307,-33.92930221557617,151.19480895996094,185.0,0.0,23,0.38,True
2026-10-10T10:35:00+11:00,2357195,2509_373,-33.88644790649414,151.2189483642578,157.0,0.0,505,8.42,False
2026-10-10T10:35:00+11:00,2740431,2509_379,-33.88761901855469,151.271728515625,35.0,0.0,334,5.57,True
2026-10-10T10:35:00+11:00,2533636,2509_325,-33.87945556640625,151.2382354736328,19.0,0.0,17,0.28,True
2026-10-10T10:35:00+11:00,2533181,2509_380,-33.894378662109375,151.266845703125,281.0,26.3,79,1.32,True
2026-10-10T10:35:00+11:00,2534244,2509_325,-33.858177185058594,151.20260620117188,191.0,0.0,-22,-0.37,True
2026-10-10T10:35:00+11:00,2534286,2509_350,-33.94208526611328,151.23980712890625,167.0,0.0,134,2.23,True
2026-10-10T10:35:00+11:00,2352780,2509_356,-33.91508102416992,151.24032592773438,158.0,0.0,240,4.0,True
2026-10-10T10:35:00+11:00,2488386,2509_392,-33.903526306152344,151.2115936279297,100.0,40.3,254,4.23,True
2026-10-10T10:35:00+11:00,2357661,2509_373,-33.918121337890625,151.2411651611328,267.0,0.0,63,1.05,True
2026-10-10T10:35:00+11:00,2534095,2509_333,-33.86274337768555,151.21115112304688,6.0,0.0,0,0.0,True
2026-10-10T10:35:00+11:00,2356936,2509_343,-33.92522430419922,151.21922302246094,279.0,46.4,168,2.8,True
2026-10-10T10:35:00+11:00,2356692,2509_373,-33.89590835571289,151.2219696044922,351.0,37.8,-132,-2.2,False
2026-10-10T10:35:00+11:00,2531195,2509_333,-33.885093688964844,151.22695922851562,281.0,36.4,-142,-2.37,False
2026-10-10T10:35:00+11:00,2137392,2509_396,-33.88080978393555,151.21682739257812,351.0,0.0,474,7.9,False
2026-10-10T10:35:00+11:00,2357451,2509_370,-33.884117126464844,151.1925811767578,309.0,0.0,63,1.05,True
2026-10-10T10:35:00+11:00,2357594,2509_374,-33.90562057495117,151.2295379638672,115.0,45.0,66,1.1,True
2026-10-10T10:35:00+11:00,2400593,2509_309,-33.91341781616211,151.2012481689453,16.0,41.4,-164,-2.73,False
2026-10-10T10:35:00+11:00,2532172,2509_350,-33.92430114746094,151.18783569335938,101.0,0.0,238,3.97,True
2026-10-10T10:35:00+11:00,2633632,2509_324,-33.875003814697266,151.22044372558594,102.0,33.8,77,1.28,True
2026-10-10T10:35:00+11:00,2139908,2509_396,-33.91030502319336,151.2232208251953,8.0,0.0,-64,-1.07,False
2026-10-10T10:35:00+11:00,2434684,2509_390X,-33.91683578491211,151.2347412109375,281.0,32.0,162,2.7,True
2026-10-10T10:35:00+11:00,2534519,2509_352,-33.88697052001953,151.23031616210938,129.0,22.0,148,2.47,True
2026-10-10T10:35:00+11:00,2740407,2509_379,-33.88790512084961,151.2653045654297,304.0,0.0,61,1.02,True
2026-10-10T10:35:00+11:00,2674977,2509_309,-33.921058654785156,151.1968231201172,220.0,0.4,61,1.02,True
2026-10-10T10:35:00+11:00,2532966,2509_362,-33.869712829589844,151.26968383789062,51.0,5.4,-74,-1.23,False
2026-10-10T10:35:00+11:00,2533855,2509_387,-33.87417221069336,151.27313232421875,203.0,0.4,246,4.1,True
2026-10-10T10:35:00+11:00,2352695,2509_392,-33.926422119140625,151.22848510742188,167.0,46.4,65,1.08,True
2026-10-10T10:35:00+11:00,2533377,2509_333,-33.89348220825195,151.2610321044922,100.0,33.8,139,2.32,True
2026-10-10T10:35:00+11:00,2139005,2509_375,-33.94466018676758,151.22625732421875,193.0,0.0,0,0.0,True
2026-10-10T10:35:00+11:00,2534268,2509_326,-33.87728500366211,151.24404907226562,75.0,19.1,77,1.28,True
2026-10-10T10:35:00+11:00,2740266,2509_370,-33.911895751953125,151.21121215820312,104.0,13.3,114,1.9,True
2026-10-10T10:35:00+11:00,2356489,2509_373,-33.880531311035156,151.216796875,127.0,0.0,129,2.15,True
2026-10-10T10:35:00+11:00,2533408,2509_333,-33.871273040771484,151.21014404296875,186.0,42.1,199,3.32,True
2026-10-10T10:35:00+11:00,2740493,2509_379,-33.89030838012695,151.25428771972656,54.0,31.7,185,3.08,True
2026-10-10T10:35:00+11:00,2533920,2509_333,-33.86420440673828,151.21275329589844,6.0,30.6,-582,-9.7,False
2026-10-10T10:35:00+11:00,2532515,2509_333,-33.883602142333984,151.221435546875,113.0,17.3,378,6.3,False
2026-10-10T10:35:00+11:00,2563979,2509_386,-33.886898040771484,151.2633819580078,102.0,34.6,222,3.7,True
2026-10-10T10:35:00+11:00,2352477,2509_356,-33.89748001098633,151.2432098388672,289.0,0.0,0,0.0,True
2026-10-10T10:35:00+11:00,2357086,2509_370,-33.91120910644531,151.2228240966797,325.0,37.1,20,0.33,True
2026-10-10T10:35:00+11:00,2533213,2509_355,-33.8983268737793,151.2048797607422,271.0,36.0,-92,-1.53,False
2026-10-10T10:35:00+11:00,2136861,2509_396,-33.89248275756836,151.22097778320312,354.0,46.1,147,2.45,True
2026-10-10T10:35:00+11:00,2534175,2509_324,-33.84334182739258,151.2840576171875,345.0,0.0,0,0.0,True
2026-10-10T10:35:00+11:00,2534144,2509_324,-33.87660598754883,151.24554443359375,222.0,14.0,261,4.35,True
2026-10-10T10:35:00+11:00,2396607,2509_392,-33.947940826416016,151.2301025390625,330.0,0.0,-2,-0.03,True
2026-10-10T10:35:00+11:00,2138255,2509_396,-33.94095993041992,151.2388458251953,347.0,0.0,76,1.27,True
2026-10-10T10:35:00+11:00,2675064,2509_309,-33.95564270019531,151.22975158691406,77.0,0.0,-221,-3.68,False
2026-10-10T10:35:00+11:00,2357323,2509_343,-33.907127380371094,151.2075653076172,333.0,21.2,54,0.9,True
2026-10-10T10:35:00+11:00,2675057,2509_309,-33.89356231689453,151.1988067626953,21.0,0.0,0,0.0,True
2026-10-10T10:35:00+11:00,2531577,2509_333,-33.88947296142578,151.2833709716797,214.0,0.0,0,0.0,True
2026-10-10T10:35:00+11:00,2533389,2509_325,-33.87363815307617,151.2120361328125,281.0,37.4,5,0.08,True
2026-10-10T10:35:00+11:00,2628594,2509_304,-33.862640380859375,151.21200561523438,8.0,0.0,0,0.0,True
2026-10-10T10:35:00+11:00,2534037,2509_352,-33.90210723876953,151.17910766601562,334.0,1.4,367,6.12,False
2026-10-10T10:35:00+11:00,2534684,2509_327,-33.89105224609375,151.2479705810547,270.0,0.0,116,1.93,True
2026-10-10T10:35:00+11:00,2674973,2509_309,-33.90482711791992,151.20953369140625,162.0,0.0,116,1.93,True
2026-10-10T10:35:00+11:00,2488484,2509_392,-33.947288513183594,151.2296600341797,120.0,46.1,-12,-0.2,True
2026-10-10T10:35:00+11:00,2531275,2509_324,-33.874290466308594,151.216064453125,101.0,0.0,175,2.92,True
2026-10-10T10:35:00+11:00,2533428,2509_350,-33.945125579833984,151.22621154785156,183.0,14.0,132,2.2,True
2026-10-10T10:35:00+11:00,2533182,2509_313,-33.91969680786133,151.24896240234375,100.0,35.3,-12,-0.2,True
2026-10-10T10:35:00+11:00,2357545,2509_374,-33.88021469116211,151.20773315429688,284.0,0.0,0,0.0,True
2026-10-10T10:35:00+11:00,2740455,2509_370,-33.90256118774414,151.19566345214844,133.0,0.7,155,2.58,True
2026-10-10T10:35:00+11:00,2531650,2509_333,-33.89448165893555,151.26734924316406,280.0,25.2,0,0.0,True
2026-10-10T10:35:00+11:00,2740392,2509_370,-33.88766098022461,151.19342041015625,221.0,0.0,118,1.97,True
2026-10-10T10:35:00+11:00,2434833,2509_390X,-33.9251594543457,151.2294464111328,128.0,0.0,79,1.32,True
2026-10-10T10:35:00+11:00,2533123,2509_355,-33.89739990234375,151.1985321044922,344.0,5.4,292,4.87,True
2026-10-10T10:35:00+11:00,2356320,2509_343,-33.865291595458984,151.2114715576172,23.0,9.4,189,3.15,True
2026-10-10T10:35:00+11:00,2346346,2509_390X,-33.90459060668945,151.254150390625,6.0,10.1,220,3.67,True
2026-10-10T10:35:00+11:00,2531254,2509_362,-33.890625,151.27452087402344,41.0,0.0,228,3.8,True
2026-10-10T10:35:00+11:00,2137766,2509_396,-33.866424560546875,151.2124481201172,188.0,16.6,150,2.5,True
2026-10-10T10:35:00+11:00,2531580,2509_324,-33.87941360473633,151.23605346679688,11.0,0.0,0,0.0,True
2026-10-10T10:35:00+11:00,2357113,2509_343,-33.866188049316406,151.2124786376953,188.0,19.4,147,2.45,True
2026-10-10T10:35:00+11:00,2534533,2509_350,-33.926368713378906,151.1876220703125,152.0,0.0,196,3.27,True
2026-10-10T10:35:00+11:00,2740362,2509_379,-33.90392303466797,151.2547607421875,210.0,41.4,281,4.68,True
2026-10-10T10:35:00+11:00,2352254,2509_307,-33.94316482543945,151.2020721435547,254.0,40.0,-2,-0.03,True
2026-10-10T10:35:00+11:00,2628595,2509_304,-33.898681640625,151.2115936279297,42.0,19.4,129,2.15,True
2026-10-10T10:35:00+11:00,2534010,2509_333,-33.877506256103516,151.2130584716797,133.0,0.0,205,3.42,True
2026-10-10T10:35:00+11:00,2346355,2509_390X,-33.915435791015625,151.24017333984375,73.0,9.4,-136,-2.27,False
2026-10-10T10:35:00+11:00,2531266,2509_333,-33.86165237426758,151.21189880371094,97.0,0.4,0,0.0,True
2026-10-10T10:35:00+11:00,2533848,2509_355,-33.89116287231445,151.2490692138672,280.0,0.0,0,0.0,True
2026-10-10T10:35:00+11:00,2533093,2509_381,-33.89883804321289,151.27113342285156,8.0,28.8,-112,-1.87,False
2026-10-10T10:35:00+11:00,2740397,2509_370,-33.878143310546875,151.18576049804688,147.0,13.7,-106,-1.77,False
2026-10-10T10:35:00+11:00,2356394,2509_370,-33.89655685424805,151.17962646484375,51.0,25.9,80,1.33,True
2026-10-10T10:35:00+11:00,2675117,2509_309,-33.893924713134766,151.19859313964844,21.0,0.0,0,0.0,True
2026-10-10T10:35:00+11:00,2533727,2509_324,-33.8559684753418,151.20703125,226.0,0.0,0,0.0,True
2026-10-10T10:35:00+11:00,2740438,2509_379,-33.8876838684082,151.2767791748047,129.0,27.7,-100,-1.67,False
2026-10-10T10:35:00+11:00,2402995,2509_311,-33.878543853759766,151.209228515625,189.0,36.7,58,0.97,True
2026-10-10T10:35:00+11:00,2740414,2509_370,-33.87209701538086,151.17996215820312,195.0,0.0,0,0.0,True
2026-10-10T10:35:00+11:00,2534550,2509_380,-33.879425048828125,151.28054809570312,278.0,36.7,299,4.98,True
2026-10-10T10:35:00+11:00,2346332,2509_390X,-33.94304275512695,151.23953247070312,352.0,19.4,-14,-0.23,True
2026-10-10T10:35:00+11:00,2356551,2509_370,-33.91061019897461,151.20492553710938,278.0,0.0,139,2.32,True
2026-10-10T10:35:00+11:00,2434437,2509_390X,-33.893802642822266,151.24960327148438,153.0,26.6,134,2.23,True
2026-10-10T10:35:00+11:00,2534002,2509_352,-33.88754653930664,151.2308807373047,318.0,11.2,-108,-1.8,False
2026-10-10T10:35:00+11:00,2533143,2509_360,-33.902225494384766,151.2597198486328,202.0,23.4,-39,-0.65,True
2026-10-10T10:35:00+11:00,2300861,2509_399,-33.93995666503906,151.23876953125,350.0,15.1,424,7.07,False
2026-10-10T10:35:00+11:00,2139125,2509_396,-33.88010025024414,151.21624755859375,134.0,28.1,270,4.5,True
2026-10-10T10:35:00+11:00,2352637,2509_307,-33.94469451904297,151.22647094726562,192.0,0.0,0,0.0,True
2026-10-10T10:35:00+11:00,2533878,2509_325,-33.865848541259766,151.27236938476562,212.0,32.4,12,0.2,True
2026-10-10T10:35:00+11:00,2434474,2509_390X,-33.946006774902344,151.24050903320312,169.0,20.5,64,1.07,True
2026-10-10T10:35:00+11:00,2470769,2509_356,-33.93538284301758,151.24317932128906,98.0,0.0,-48,-0.8,True
2026-10-10T10:35:00+11:00,2533461,2509_333,-33.88970184326172,151.28323364257812,206.0,0.0,296,4.93,True
2026-10-10T10:35:00+11:00,2356475,2509_311,-33.86896514892578,151.20460510253906,355.0,0.0,307,5.12,True
2026-10-10T10:35:00+11:00,2356820,2509_370,-33.90623474121094,151.1882781982422,213.0,34.9,22,0.37,True
2026-10-10T10:35:00+11:00,2396547,2509_392,-33.922054290771484,151.22671508789062,351.0,37.1,-128,-2.13,False
2026-10-10T10:35:00+11:00,2357613,2509_343,-33.91156768798828,151.20614624023438,196.0,28.1,53,0.88,True
2026-10-10T10:35:00+11:00,2740292,2509_379,-33.906307220458984,151.26382446289062,277.0,0.0,14,0.23,True
2026-10-10T10:35:00+11:00,2335702,2509_309,-33.89692687988281,151.19940185546875,350.0,6.1,-209,-3.48,False
2026-10-10T10:35:00+11:00,2534149,2509_350,-33.93132019042969,151.19419860839844,10.0,0.0,94,1.57,True
2026-10-10T10:35:00+11:00,2138865,2509_306,-33.920814514160156,151.2069854736328,3.0,24.1,-128,-2.13,False
2026-10-10T10:35:00+11:00,2352638,2509_356,-33.94087600708008,151.22804260253906,198.0,43.6,-8,-0.13,True
2026-10-10T10:35:00+11:00,2346392,2509_390X,-33.91508865356445,151.22787475585938,99.0,0.0,637,10.62,False
2026-10-10T10:35:00+11:00,2675131,2509_309,-33.95155334472656,151.19918823242188,129.0,36.0,-66,-1.1,False
2026-10-10T10:35:00+11:00,2139397,2509_396,-33.8620719909668,151.2112274169922,1.0,0.0,3,0.05,True
2026-10-10T10:35:00+11:00,2628780,2509_304,-33.88493728637695,151.21408081054688,189.0,0.0,288,4.8,True
2026-10-10T10:35:00+11:00,2532375,2509_333,-33.89130401611328,151.24789428710938,98.0,19.4,302,5.03,True
2026-10-10T10:35:00+11:00,2139381,2509_375,-33.91044998168945,151.23927307128906,7.0,0.0,125,2.08,True
2026-10-10T10:35:00+11:00,2398251,2509_392,-33.907379150390625,151.21743774414062,324.0,31.3,50,0.83,True
2026-10-10T10:35:00+11:00,2357008,2509_311,-33.871585845947266,151.22640991210938,103.0,34.9,129,2.15,True
2026-10-10T10:35:00+11:00,2356829,2509_343,-33.892093658447266,151.20562744140625,9.0,38.2,60,1.0,True
2026-10-10T10:35:00+11:00,2628744,2509_304,-33.90471649169922,151.21237182617188,193.0,32.8,146,2.43,True
2026-10-10T10:35:00+11:00,2628673,2509_304,-33.897216796875,151.21279907226562,37.0,31.3,648,10.8,False
2026-10-10T10:35:00+11:00,2531653,2509_324,-33.871585845947266,151.26605224609375,70.0,51.8,-61,-1.02,False
2026-10-10T10:35:00+11:00,2138010,2509_396,-33.923282623291016,151.22731018066406,154.0,33.8,-121,-2.02,False
2026-10-10T10:35:00+11:00,2335609,2509_309,-33.92998123168945,151.19444274902344,11.0,0.4,-225,-3.75,False
2026-10-10T10:35:00+11:00,2531832,2509_355,-33.90864562988281,151.17198181152344,264.0,0.0,7,0.12,True
2026-10-10T10:35:00+11:00,2533196,2509_333,-33.88956069946289,151.28323364257812,214.0,0.7,2,0.03,True
2026-10-10T10:35:00+11:00,2533714,2509_333,-33.890296936035156,151.23731994628906,258.0,40.0,-203,-3.38,False
2026-10-10T10:35:00+11:00,2531332,2509_313,-33.91673278808594,151.24876403808594,4.0,0.0,123,2.05,True
2026-10-10T10:35:00+11:00,2139085,2509_306,-33.892642974853516,151.19923400878906,25.0,0.0,0,0.0,True
2026-10-10T10:35:00+11:00,2532143,2509_350,-33.891300201416016,151.24801635742188,99.0,0.0,56,0.93,True
2026-10-10T10:35:00+11:00,2532195,2509_350,-33.939231872558594,151.25730895996094,126.0,16.2,13,0.22,True
2026-10-10T10:35:00+11:00,2346299,2509_390X,-33.91984939575195,151.22640991210938,351.0,19.4,-83,-1.38,False
2026-10-10T10:35:00+11:00,2531727,2509_333,-33.89078903198242,151.2476043701172,275.0,12.2,-224,-3.73,False
2026-10-10T10:35:00+11:00,2151422,2509_333,-33.86250686645508,151.21116638183594,5.0,0.0,0,0.0,True
2026-10-10T10:35:00+11:00,2533976,2509_350,-33.92034149169922,151.2568359375,10.0,16.9,325,5.42,True
2026-10-10T10:35:00+11:00,2403164,2509_311,-33.87379455566406,151.2130126953125,101.0,0.0,293,4.88,True
2026-10-10T10:35:00+11:00,2531384,2509_333,-33.89347457885742,151.26101684570312,100.0,30.2,384,6.4,False
2026-10-10T10:35:00+11:00,2356866,2509_343,-33.877708435058594,151.20933532714844,4.0,32.4,170,2.83,True
2026-10-10T10:35:00+11:00,2357390,2509_370,-33.91969299316406,151.24888610839844,279.0,15.8,82,1.37,True
2026-10-10T10:35:00+11:00,2356155,2509_343,-33.88615036010742,151.2081298828125,174.0,0.0,132,2.2,True
2026-10-10T10:35:00+11:00,2534124,2509_333,-33.89292907714844,151.25650024414062,277.0,3.2,-190,-3.17,False
2026-10-10T10:35:00+11:00,2137257,2509_306,-33.93173599243164,151.21035766601562,208.0,7.2,539,8.98,False
2026-10-10T10:35:00+11:00,2533478,2509_333,-33.89446258544922,151.26742553710938,100.0,6.1,389,6.48,False
2026-10-10T10:35:00+11:00,2740520,2509_370,-33.91520309448242,151.22850036621094,100.0,32.0,243,4.05,True
2026-10-10T10:35:00+11:00,2357247,2509_339,-33.904052734375,151.2436065673828,307.0,34.2,414,6.9,False
2026-10-10T10:35:00+11:00,2352628,2509_392,-33.896705627441406,151.20205688476562,93.0,32.4,127,2.12,True
2026-10-10T10:35:00+11:00,2357197,2509_339,-33.904361724853516,151.22695922851562,161.0,0.4,20,0.33,True
2026-10-10T10:35:00+11:00,2534192,2509_360,-33.911617279052734,151.26953125,8.0,43.6,-12,-0.2,True
2026-10-10T10:35:00+11:00,2356174,2509_343,-33.920509338378906,151.2028350830078,275.0,23.0,408,6.8,False
2026-10-10T10:35:00+11:00,2533739,2509_352,-33.89373016357422,151.18307495117188,223.0,9.0,-199,-3.32,False
2026-10-10T10:35:00+11:00,2531374,2509_350,-33.945247650146484,151.23985290527344,350.0,41.8,-44,-0.73,True
2026-10-10T10:35:00+11:00,2533097,2509_380,-33.89146423339844,151.25389099121094,141.0,38.9,166,2.77,True
2026-10-10T10:35:00+11:00,2740416,2509_370,-33.8826904296875,151.21087646484375,120.0,6.1,0,0.0,True
2026-10-10T10:35:00+11:00,2531848,2509_350,-33.942955017089844,151.21824645996094,124.0,55.4,98,1.63,True
2026-10-10T10:35:00+11:00,2531690,2509_333,-33.86335754394531,151.21194458007812,141.0,12.6,45,0.75,True
2026-10-10T10:35:00+11:00,2470784,2509_356,-33.90678024291992,151.24424743652344,359.0,38.9,-98,-1.63,False
2026-10-10T10:35:00+11:00,2470807,2509_356,-33.944557189941406,151.2262420654297,195.0,0.0,0,0.0,True
2026-10-10T10:35:00+11:00,2534176,2509_333,-33.883872985839844,151.2225341796875,113.0,29.2,141,2.35,True
2026-10-10T10:35:00+11:00,2531485,2509_350,-33.89493942260742,151.25030517578125,150.0,41.4,484,8.07,False
2026-10-10T10:35:00+11:00,2356842,2509_373,-33.922183990478516,151.25216674804688,109.0,6.1,-281,-4.68,False
2026-10-10T10:35:00+11:00,2356910,2509_339,-33.91437911987305,151.2664337158203,131.0,0.0,22,0.37,True
2026-10-10T10:35:00+11:00,2740435,2509_379,-33.89360427856445,151.2494354248047,344.0,22.0,-23,-0.38,True
2026-10-10T10:35:00+11:00,2628754,2509_304,-33.86964416503906,151.2103729248047,186.0,24.8,229,3.82,True
2026-10-10T10:35:00+11:00,2532749,2509_333,-33.863311767578125,151.21253967285156,86.0,0.0,297,4.95,True
2026-10-10T10:35:00+11:00,2532336,2509_380,-33.859275817871094,151.28012084960938,214.0,0.0,61,1.02,True
2026-10-10T10:35:00+11:00,2531536,2509_333,-33.87860107421875,151.21710205078125,5.0,71.6,0,0.0,True
2026-10-10T10:35:00+11:00,2140465,2509_306,-33.91132736206055,151.20855712890625,123.0,27.7,69,1.15,True
2026-10-10T10:35:00+11:00,2740385,2509_379,-33.89991760253906,151.2532958984375,138.0,0.0,-206,-3.43,False
2026-10-10T10:35:00+11:00,2531298,2509_333,-33.89137268066406,151.2485809326172,97.0,18.7,54,0.9,True
2026-10-10T10:35:00+11:00,2357225,2509_373,-33.88094711303711,151.21690368652344,351.0,0.0,177,2.95,True
2026-10-10T10:35:00+11:00,2534733,2509_333,-33.88175582885742,151.2193145751953,304.0,0.0,45,0.75,True
2026-10-10T10:35:00+11:00,2531691,2509_350,-33.93257522583008,151.25726318359375,322.0,35.3,-8,-0.13,True
2026-10-10T10:35:00+11:00,2747993,700011_27T4,-33.905677795410156,151.21365356445312,7.0,10.8,-662,-11.03,False
2026-10-10T10:35:00+11:00,2747949,700011_27T4,-33.88179016113281,151.20672607421875,115.0,23.8,-596,-9.93,False
2026-10-10T10:35:00+11:00,2722558,700012_49SC,-33.887142181396484,151.20660400390625,357.0,1.1,-832,-13.87,False
2026-10-10T10:35:00+11:00,2748543,700012_36SC,-33.882118225097656,151.20858764648438,26.0,0.0,1745,29.08,False
