timestamp,trip_id,route_id,lat,lon,bearing,speed_kmh,delay_sec,delay_min,on_time
2026-09-04T09:51:25+10:00,2385558,2514_565,-33.79653549194336,151.18026733398438,359.0,0.0,28,0.47,True
2026-09-04T09:51:25+10:00,2225769,2507_292,-33.80190658569336,151.148681640625,179.0,39.2,-28,-0.47,True
2026-09-04T09:51:25+10:00,2310008,7083_SW3,-33.906280517578125,151.1271209716797,36.0,30.2,16,0.27,True
2026-09-04T09:51:25+10:00,2644405,2507_120,-33.87164306640625,151.2064208984375,172.0,0.7,-179,-2.98,False
2026-09-04T09:51:25+10:00,2621403,2507_252,-33.83414077758789,151.14608764648438,211.0,8.6,237,3.95,True
2026-09-04T09:51:25+10:00,2682168,2507_533,-33.803958892822266,151.15179443359375,94.0,0.0,-21,-0.35,True
2026-09-04T09:51:25+10:00,2322379,2507_506,-33.84693145751953,151.1516571044922,335.0,54.0,-158,-2.63,False
2026-09-04T09:51:25+10:00,2672290,2507_115,-33.82883071899414,151.2015838623047,21.0,15.1,304,5.07,False
2026-09-04T09:51:25+10:00,2702155,2507_501,-33.86992263793945,151.19345092773438,65.0,14.4,278,4.63,True
2026-09-04T09:51:25+10:00,2621560,2507_516,-33.795677185058594,151.14962768554688,263.0,57.6,409,6.82,False
2026-09-04T09:51:25+10:00,2558931,7083_SW1,-33.913612365722656,151.16233825683594,130.0,36.4,159,2.65,True
2026-09-04T09:51:25+10:00,2228110,2507_275,-33.79594802856445,151.1811981201172,9.0,9.4,380,6.33,False
2026-09-04T09:51:25+10:00,2329319,7083_SW3,-33.90420913696289,151.14013671875,243.0,42.5,140,2.33,True
2026-09-04T09:51:25+10:00,2555442,2507_291,-33.81232833862305,151.17225646972656,262.0,38.9,-126,-2.1,False
2026-09-04T09:51:25+10:00,2644990,2507_52,-33.87355422973633,151.19471740722656,148.0,59.4,-205,-3.42,False
2026-09-04T09:51:25+10:00,2644470,2507_52,-33.87314987182617,151.2084503173828,276.0,0.0,86,1.43,True
2026-09-04T09:51:25+10:00,2555492,2507_265,-33.81422424316406,151.17262268066406,331.0,17.6,158,2.63,True
2026-09-04T09:51:25+10:00,2310044,7083_SW3,-33.90485382080078,151.1293182373047,78.0,35.3,335,5.58,False
2026-09-04T09:51:25+10:00,2345504,2514_194,-33.78728103637695,151.20167541503906,339.0,30.6,61,1.02,True
2026-09-04T09:51:25+10:00,2681971,2507_202,-33.820621490478516,151.21058654785156,10.0,30.2,-39,-0.65,True
2026-09-04T09:51:25+10:00,2406909,2507_252,-33.8298454284668,151.12734985351562,51.0,0.0,140,2.33,True
2026-09-04T09:51:25+10:00,2672304,2507_115,-33.796142578125,151.1835174560547,256.0,0.0,452,7.53,False
2026-09-04T09:51:25+10:00,2559070,7083_SW1,-33.913780212402344,151.16256713867188,129.0,42.1,91,1.52,True
2026-09-04T09:51:25+10:00,2517102,2514_270,-33.78608703613281,151.20118713378906,339.0,26.3,75,1.25,True
2026-09-04T09:51:25+10:00,2683160,7083_SW1,-33.914093017578125,151.1663818359375,0.0,0.0,381,6.35,False
2026-09-04T09:51:25+10:00,2555566,2507_538,-33.83049774169922,151.12599182128906,47.0,0.0,0,0.0,True
2026-09-04T09:51:25+10:00,2672412,2507_115,-33.82678985595703,151.20126342773438,91.0,16.2,78,1.3,True
2026-09-04T09:51:25+10:00,2702367,2507_501,-33.882476806640625,151.20059204101562,66.0,20.2,199,3.32,True
2026-09-04T09:51:25+10:00,2644390,2507_52,-33.8733024597168,151.20989990234375,96.0,10.4,0,0.0,True
2026-09-04T09:51:25+10:00,2672390,2507_115,-33.79542541503906,151.18569946289062,249.0,2.2,-529,-8.82,False
2026-09-04T09:51:25+10:00,2228449,2507_292,-33.833946228027344,151.2115478515625,21.0,51.8,94,1.57,True
2026-09-04T09:51:25+10:00,2537960,2507_506,-33.85078048706055,151.1544189453125,141.0,0.0,333,5.55,False
2026-09-04T09:51:25+10:00,2537742,2507_506,-33.810115814208984,151.13221740722656,40.0,0.0,0,0.0,True
2026-09-04T09:51:25+10:00,2702204,2507_501,-33.85761642456055,151.160400390625,329.0,48.6,-16,-0.27,True
2026-09-04T09:51:25+10:00,2682027,2507_267,-33.80337905883789,151.19863891601562,97.0,37.1,209,3.48,True
2026-09-04T09:51:25+10:00,2603900,2514_271,-33.8537712097168,151.20982360839844,27.0,58.3,-1,-0.02,True
2026-09-04T09:51:25+10:00,2644516,2507_254,-33.81364440917969,151.17007446289062,20.0,0.0,-11,-0.18,True
2026-09-04T09:51:25+10:00,2227672,2507_261,-33.82750701904297,151.1768798828125,321.0,15.1,14,0.23,True
2026-09-04T09:51:25+10:00,2681910,2507_267,-33.82471466064453,151.18991088867188,271.0,52.9,642,10.7,False
2026-09-04T09:51:25+10:00,2329318,7083_SW3,-33.91481399536133,151.16494750976562,0.0,0.0,956,15.93,False
2026-09-04T09:51:25+10:00,2672469,2507_115,-33.795875549316406,151.18214416503906,73.0,0.0,106,1.77,True
2026-09-04T09:51:25+10:00,2643647,2507_120,-33.86911392211914,151.20530700683594,354.0,7.9,204,3.4,True
2026-09-04T09:51:25+10:00,2538332,2507_506,-33.81769561767578,151.1249542236328,143.0,43.9,67,1.12,True
2026-09-04T09:51:25+10:00,2581575,2507_269,-33.841800689697266,151.21121215820312,97.0,4.3,42,0.7,True
2026-09-04T09:51:25+10:00,2644366,2507_207,-33.78171920776367,151.1876220703125,253.0,6.1,-319,-5.32,False
2026-09-04T09:51:25+10:00,2644468,2507_207,-33.86397933959961,151.2059326171875,228.0,0.0,28,0.47,True
2026-09-04T09:51:25+10:00,2643104,2507_52,-33.8443603515625,151.15003967285156,142.0,54.0,37,0.62,True
2026-09-04T09:51:25+10:00,2406810,2507_292,-33.865692138671875,151.20330810546875,175.0,18.0,497,8.28,False
2026-09-04T09:51:25+10:00,2407782,2507_252,-33.81725311279297,151.18051147460938,102.0,37.8,324,5.4,False
2026-09-04T09:51:25+10:00,2702201,2507_501,-33.86310577392578,151.1690216064453,127.0,44.6,-11,-0.18,True
2026-09-04T09:51:25+10:00,2621515,2507_291,-33.81224060058594,151.17535400390625,80.0,0.0,259,4.32,True
2026-09-04T09:51:25+10:00,2644315,2507_120,-33.79545974731445,151.19699096679688,160.0,45.7,-46,-0.77,True
2026-09-04T09:51:25+10:00,2228101,2507_288,-33.86883544921875,151.203857421875,85.0,16.6,-22,-0.37,True
2026-09-04T09:51:25+10:00,2672329,2507_115,-33.80117416381836,151.1988067626953,189.0,0.4,93,1.55,True
2026-09-04T09:51:25+10:00,2643396,2507_52,-33.83208465576172,151.12684631347656,356.0,0.0,169,2.82,True
2026-09-04T09:51:25+10:00,2621546,2507_288,-33.808589935302734,151.1553955078125,143.0,0.0,169,2.82,True
2026-09-04T09:51:25+10:00,2492668,2514_194,-33.865806579589844,151.20570373535156,173.0,0.0,-416,-6.93,False
2026-09-04T09:51:25+10:00,2319173,7083_SW3,-33.91455078125,151.16534423828125,0.0,0.4,3093,51.55,False
2026-09-04T09:51:25+10:00,2672331,2507_115,-33.84113311767578,151.2078857421875,283.0,11.5,-41,-0.68,True
2026-09-04T09:51:25+10:00,2559073,7083_SW1,-33.909820556640625,151.1354522705078,88.0,34.2,505,8.42,False
2026-09-04T09:51:25+10:00,2643124,2507_120,-33.80415344238281,151.1995086669922,9.0,23.4,121,2.02,True
2026-09-04T09:51:25+10:00,2537831,2507_506,-33.87361526489258,151.21189880371094,101.0,0.4,-24,-0.4,True
2026-09-04T09:51:25+10:00,2683237,7083_SW1,-33.91010284423828,151.13333129882812,267.0,14.4,105,1.75,True
2026-09-04T09:51:25+10:00,2345146,2514_194,-33.872039794921875,151.2056427001953,354.0,0.0,0,0.0,True
2026-09-04T09:51:25+10:00,2517132,2514_270,-33.87173843383789,151.2056121826172,352.0,0.0,0,0.0,True
2026-09-04T09:51:25+10:00,2538711,2507_533,-33.79745101928711,151.17904663085938,67.0,0.0,36,0.6,True
2026-09-04T09:51:25+10:00,2644413,2507_120,-33.80243682861328,151.19847106933594,189.0,0.0,364,6.07,False
2026-09-04T09:51:25+10:00,2230305,2507_292,-33.86476135253906,151.20355224609375,337.0,36.7,-549,-9.15,False
2026-09-04T09:51:25+10:00,2558960,7083_SW1,-33.91465377807617,151.1651153564453,0.0,0.4,1438,23.97,False
2026-09-04T09:51:25+10:00,2644924,2507_52,-33.862056732177734,151.1664276123047,281.0,36.4,97,1.62,True
2026-09-04T09:51:25+10:00,2230291,2507_288,-33.86174011230469,151.166259765625,117.0,57.6,0,0.0,True
2026-09-04T09:51:25+10:00,2634548,2507_254,-33.836917877197266,151.20716857910156,102.0,0.0,-200,-3.33,False
2026-09-04T09:51:25+10:00,2649249,2514_277,-33.79619216918945,151.1808319091797,189.0,0.0,0,0.0,True
2026-09-04T09:51:25+10:00,2643142,2507_202,-33.81875228881836,151.21209716796875,252.0,35.6,8,0.13,True
2026-09-04T09:51:25+10:00,2643231,2507_52,-33.87303161621094,151.20408630371094,68.0,33.5,203,3.38,True
2026-09-04T09:51:25+10:00,2542266,2504_610X,-33.869991302490234,151.20616149902344,176.0,0.0,0,0.0,True
2026-09-04T09:51:25+10:00,2585858,2504_610X,-33.85072326660156,151.2117156982422,208.0,59.8,163,2.72,True
2026-09-04T09:51:25+10:00,2542046,2504_610X,-33.87278366088867,151.20619201660156,272.0,13.3,-241,-4.02,False
2026-09-04T09:51:25+10:00,2585874,2504_610X,-33.84465408325195,151.21189880371094,165.0,29.9,-291,-4.85,False
2026-09-04T09:51:25+10:00,2540989,2504_610X,-33.81785202026367,151.20193481445312,331.0,78.5,87,1.45,True
2026-09-04T09:51:25+10:00,2647922,2504_620X,-33.810306549072266,151.16293334960938,103.0,68.0,-248,-4.13,False
2026-09-04T09:51:25+10:00,2543097,2504_607X,-33.81277847290039,151.19261169433594,68.0,81.7,-331,-5.52,False
2026-09-04T09:51:25+10:00,2638006,2504_607X,-33.8718376159668,151.20562744140625,350.0,0.0,0,0.0,True
2026-09-04T09:51:25+10:00,2637880,2504_607X,-33.86534881591797,151.2048797607422,355.0,0.0,88,1.47,True
2026-09-04T09:51:25+10:00,2618562,2459_422,-33.9128303527832,151.17919921875,217.0,43.9,-165,-2.75,False
2026-09-04T09:51:25+10:00,2283709,2459_348,-33.90380859375,151.2135467529297,98.0,0.0,-38,-0.63,True
2026-09-04T09:51:25+10:00,2289687,2459_438X,-33.88136291503906,151.20614624023438,44.0,0.0,170,2.83,True
2026-09-04T09:51:25+10:00,2283879,2459_406,-33.86777877807617,151.13568115234375,247.0,21.6,-151,-2.52,False
2026-09-04T09:51:25+10:00,2308814,2459_445,-33.896881103515625,151.1517791748047,64.0,0.0,306,5.1,False
2026-09-04T09:51:25+10:00,2388992,2508_145,-33.799156188964844,151.24395751953125,9.0,37.1,-48,-0.8,True
2026-09-04T09:51:25+10:00,1963809,2459_412,-33.90583419799805,151.1531524658203,182.0,32.0,10,0.17,True
2026-09-04T09:51:25+10:00,2284832,2459_461X,-33.875091552734375,151.20968627929688,186.0,26.6,-15,-0.25,True
2026-09-04T09:51:25+10:00,2529023,2459_458,-33.87538146972656,151.1041259765625,10.0,28.8,-75,-1.25,False
2026-09-04T09:51:25+10:00,2660370,2459_320,-33.885498046875,151.20716857910156,48.0,30.6,-225,-3.75,False
2026-09-04T09:51:25+10:00,2376375,2508_111,-33.84284973144531,151.2328643798828,2.0,0.0,0,0.0,True
2026-09-04T09:51:25+10:00,2475324,2459_389,-33.869415283203125,151.19789123535156,358.0,0.0,0,0.0,True
2026-09-04T09:51:25+10:00,2550337,2508_144,-33.82498550415039,151.2342987060547,239.0,46.4,156,2.6,True
2026-09-04T09:51:25+10:00,2668058,2459_420,-33.87704849243164,151.10206604003906,88.0,0.0,4,0.07,True
2026-09-04T09:51:25+10:00,2375954,2508_172X,-33.78705596923828,151.2406768798828,281.0,27.0,160,2.67,True
2026-09-04T09:51:25+10:00,2685981,2459_423,-33.880859375,151.20663452148438,205.0,35.6,81,1.35,True
2026-09-04T09:51:25+10:00,2668091,2459_420,-33.939456939697266,151.1511993408203,87.0,0.0,440,7.33,False
2026-09-04T09:51:25+10:00,2289256,2459_433,-33.88082504272461,151.20668029785156,210.0,0.0,31,0.52,True
2026-09-04T09:51:25+10:00,2378593,2508_144,-33.79817581176758,151.2462615966797,81.0,43.9,255,4.25,True
2026-09-04T09:51:25+10:00,2283076,2459_348,-33.92020034790039,151.2406005859375,190.0,38.9,-172,-2.87,False
2026-09-04T09:51:25+10:00,2288749,2459_389,-33.891448974609375,151.24928283691406,92.0,0.0,0,0.0,True
2026-09-04T09:51:25+10:00,2580223,2508_100,-33.87116241455078,151.20555114746094,355.0,0.0,-85,-1.42,False
2026-09-04T09:51:25+10:00,2554112,2459_358,-33.91830062866211,151.16851806640625,140.0,22.7,115,1.92,True
2026-09-04T09:51:25+10:00,2618146,2508_263,-33.82666015625,151.20115661621094,99.0,0.0,0,0.0,True
2026-09-04T09:51:25+10:00,2393066,2508_263,-33.8382453918457,151.2137908935547,140.0,0.0,8,0.13,True
2026-09-04T09:51:25+10:00,2668043,2459_420,-33.93399429321289,151.1608123779297,258.0,58.3,-58,-0.97,True
2026-09-04T09:51:25+10:00,2209625,2459_440,-33.87698745727539,151.21237182617188,301.0,0.7,56,0.93,True
2026-09-04T09:51:25+10:00,2286081,2459_418,-33.903709411621094,151.1427001953125,313.0,11.9,68,1.13,True
2026-09-04T09:51:25+10:00,2424360,2508_230,-33.829490661621094,151.22772216796875,43.0,2.2,260,4.33,True
2026-09-04T09:51:25+10:00,1959656,2459_445,-33.89628982543945,151.1522674560547,146.0,0.0,-25,-0.42,True
2026-09-04T09:51:25+10:00,2514754,2459_410,-33.861976623535156,151.1068878173828,299.0,28.4,24,0.4,True
2026-09-04T09:51:25+10:00,2284266,2459_426,-33.91209411621094,151.15969848632812,118.0,0.0,45,0.75,True
2026-09-04T09:51:25+10:00,2285691,2459_438X,-33.88072967529297,151.13909912109375,145.0,0.0,453,7.55,False
2026-09-04T09:51:25+10:00,2580185,2508_100,-33.83662796020508,151.2463836669922,212.0,8.6,-149,-2.48,False
2026-09-04T09:51:25+10:00,2290415,2459_423,-33.8925895690918,151.18592834472656,73.0,14.0,-16,-0.27,True
2026-09-04T09:51:25+10:00,2609003,2459_430,-33.897705078125,151.17831420898438,57.0,0.0,-57,-0.95,True
2026-09-04T09:51:25+10:00,2289014,2459_437,-33.870880126953125,151.2059326171875,82.0,0.0,0,0.0,True
2026-09-04T09:51:25+10:00,2288141,2459_426,-33.86780548095703,151.21058654785156,185.0,20.9,64,1.07,True
2026-09-04T09:51:25+10:00,2686013,2459_423,-33.92686080932617,151.12850952148438,280.0,21.2,264,4.4,True
2026-09-04T09:51:25+10:00,2208985,2459_415,-33.868377685546875,151.1293487548828,99.0,0.0,373,6.22,False
2026-09-04T09:51:25+10:00,2288954,2459_428,-33.87186813354492,151.21005249023438,187.0,30.2,54,0.9,True
2026-09-04T09:51:25+10:00,2284369,2459_438X,-33.868316650390625,151.2105255126953,10.0,14.0,0,0.0,True
2026-09-04T09:51:25+10:00,2415626,2508_B1,-33.85352325439453,151.20997619628906,27.0,60.5,350,5.83,False
2026-09-04T09:51:25+10:00,2283127,2459_428,-33.886962890625,151.19374084472656,27.0,0.0,-117,-1.95,False
2026-09-04T09:51:25+10:00,2514777,2459_410,-33.87999725341797,151.10313415527344,9.0,30.2,-11,-0.18,True
2026-09-04T09:51:25+10:00,2636057,2459_504,-33.8569221496582,151.14561462402344,236.0,19.1,139,2.32,True
2026-09-04T09:51:25+10:00,2283015,2459_348,-33.906917572021484,151.18324279785156,100.0,30.2,-7,-0.12,True
2026-09-04T09:51:25+10:00,2618577,2459_422,-33.88246154785156,151.20748901367188,117.0,0.0,0,0.0,True
2026-09-04T09:51:25+10:00,2554307,2459_358,-33.92129135131836,151.2397918701172,99.0,0.7,138,2.3,True
2026-09-04T09:51:25+10:00,2089754,2508_160X,-33.794795989990234,151.1825408935547,353.0,19.1,84,1.4,True
2026-09-04T09:51:25+10:00,2340852,2459_308,-33.89198684692383,151.20079040527344,190.0,20.9,148,2.47,True
2026-09-04T09:51:25+10:00,2550167,2508_263,-33.85572814941406,151.20860290527344,28.0,61.2,-41,-0.68,True
2026-09-04T09:51:25+10:00,2428475,2508_238,-33.8288688659668,151.2187957763672,103.0,0.0,0,0.0,True
2026-09-04T09:51:25+10:00,2288487,2459_461X,-33.869632720947266,151.11082458496094,277.0,35.6,307,5.12,False
2026-09-04T09:51:25+10:00,2037358,2459_469,-33.87967300415039,151.1773223876953,86.0,0.0,-69,-1.15,False
2026-09-04T09:51:25+10:00,2287539,2459_461X,-33.869449615478516,151.10919189453125,277.0,0.0,851,14.18,False
2026-09-04T09:51:25+10:00,2287315,2459_422,-33.908897399902344,151.1810760498047,15.0,0.0,-114,-1.9,False
2026-09-04T09:51:25+10:00,2284246,2459_389,-33.86771774291992,151.19598388671875,153.0,0.0,-592,-9.87,False
2026-09-04T09:51:25+10:00,2208721,2459_464,-33.89423751831055,151.11341857910156,253.0,0.0,253,4.22,True
2026-09-04T09:51:25+10:00,2377083,2508_100,-33.83407974243164,151.21206665039062,24.0,54.7,100,1.67,True
2026-09-04T09:51:25+10:00,2286453,2459_433,-33.85798645019531,151.18304443359375,293.0,0.0,261,4.35,True
2026-09-04T09:51:25+10:00,2308696,2459_445,-33.856834411621094,151.1796112060547,106.0,25.9,-210,-3.5,False
2026-09-04T09:51:25+10:00,2596244,2459_490,-33.865272521972656,151.14512634277344,69.0,0.0,-77,-1.28,False
2026-09-04T09:51:25+10:00,2415667,2508_B1,-33.86372756958008,151.2045440673828,339.0,40.0,15,0.25,True
2026-09-04T09:51:25+10:00,2286755,2459_461X,-33.87501907348633,151.10418701171875,7.0,36.7,22,0.37,True
2026-09-04T09:51:25+10:00,2209382,2459_464,-33.84518051147461,151.10711669921875,230.0,23.0,77,1.28,True
2026-09-04T09:51:25+10:00,2286335,2459_438X,-33.88093948364258,151.20657348632812,34.0,0.0,758,12.63,False
2026-09-04T09:51:25+10:00,1932426,2459_412,-33.91461181640625,151.14292907714844,114.0,12.2,-11,-0.18,True
2026-09-04T09:51:25+10:00,2686027,2459_423,-33.86651611328125,151.21080017089844,173.0,15.8,0,0.0,True
2026-09-04T09:51:25+10:00,2290173,2459_461X,-33.8873405456543,151.17355346679688,81.0,41.8,15,0.25,True
2026-09-04T09:51:25+10:00,2550169,2508_144,-33.829864501953125,151.21441650390625,269.0,0.4,787,13.12,False
2026-09-04T09:51:25+10:00,2714625,2508_114,-33.83068084716797,151.2257080078125,244.0,39.2,-7,-0.12,True
2026-09-04T09:51:25+10:00,2290536,2459_438X,-33.884681701660156,151.1942901611328,263.0,29.9,108,1.8,True
2026-09-04T09:51:25+10:00,1960857,2459_412,-33.891502380371094,151.17747497558594,73.0,37.1,214,3.57,True
2026-09-04T09:51:25+10:00,2714717,2508_114,-33.83012008666992,151.2180633544922,277.0,0.0,350,5.83,False
2026-09-04T09:51:25+10:00,2208852,2459_440,-33.890380859375,151.24960327148438,354.0,22.0,-33,-0.55,True
2026-09-04T09:51:25+10:00,2287857,2459_438X,-33.875370025634766,151.13475036621094,0.0,0.0,83,1.38,True
2026-09-04T09:51:25+10:00,2286832,2459_441,-33.872650146484375,151.2064971923828,171.0,0.0,91,1.52,True
2026-09-04T09:51:25+10:00,2378529,2508_B1,-33.844970703125,151.2119903564453,166.0,51.5,-317,-5.28,False
2026-09-04T09:51:25+10:00,2037314,2459_470,-33.882591247558594,151.20472717285156,49.0,24.8,-133,-2.22,False
2026-09-04T09:51:25+10:00,2378066,2508_144,-33.80500411987305,151.17930603027344,177.0,0.0,161,2.68,True
2026-09-04T09:51:25+10:00,2378428,2508_144,-33.80804443359375,151.24652099609375,19.0,32.8,-40,-0.67,True
2026-09-04T09:51:25+10:00,2283213,2459_412,-33.922401428222656,151.1287841796875,123.0,14.0,-215,-3.58,False
2026-09-04T09:51:25+10:00,2284428,2459_428,-33.90399932861328,151.1680145263672,115.0,27.4,198,3.3,True
2026-09-04T09:51:25+10:00,2415670,2508_B1,-33.808753967285156,151.24624633789062,35.0,22.7,389,6.48,False
2026-09-04T09:51:25+10:00,2284373,2459_303,-33.92947006225586,151.19471740722656,189.0,3.6,0,0.0,True
2026-09-04T09:51:25+10:00,2289953,2459_442,-33.87126922607422,151.20631408691406,175.0,32.0,-19,-0.32,True
2026-09-04T09:51:25+10:00,2554058,2459_358,-33.924560546875,151.2158660888672,97.0,0.0,83,1.38,True
2026-09-04T09:51:25+10:00,2580243,2508_100,-33.86405944824219,151.20550537109375,175.0,0.0,-24,-0.4,True
2026-09-04T09:51:25+10:00,2209246,2459_530,-33.870399475097656,151.12228393554688,6.0,33.1,136,2.27,True
2026-09-04T09:51:25+10:00,2209088,2459_464,-33.8941764831543,151.11285400390625,74.0,32.8,-46,-0.77,True
2026-09-04T09:51:25+10:00,2287553,2459_461X,-33.884361267089844,151.20077514648438,268.0,21.2,266,4.43,True
2026-09-04T09:51:25+10:00,2392781,2508_114,-33.83089065551758,151.2444610595703,81.0,11.9,83,1.38,True
2026-09-04T09:51:25+10:00,2284344,2459_423,-33.90159606933594,151.16981506347656,25.0,41.8,-103,-1.72,False
2026-09-04T09:51:25+10:00,2289793,2459_438X,-33.87651443481445,151.20950317382812,185.0,0.0,129,2.15,True
2026-09-04T09:51:25+10:00,2285168,2459_389,-33.89051818847656,151.2430877685547,288.0,12.2,-109,-1.82,False
2026-09-04T09:51:25+10:00,2596435,2459_492,-33.874725341796875,151.10421752929688,188.0,0.0,292,4.87,True
2026-09-04T09:51:25+10:00,2283513,2459_433,-33.88351058959961,151.20333862304688,225.0,0.0,-137,-2.28,False
2026-09-04T09:51:25+10:00,2685998,2459_423,-33.88433837890625,151.1996612548828,266.0,34.6,49,0.82,True
2026-09-04T09:51:25+10:00,2580262,2508_100,-33.841922760009766,151.2436065673828,359.0,0.0,21,0.35,True
2026-09-04T09:51:25+10:00,2289051,2459_389,-33.87686538696289,151.21763610839844,10.0,33.5,151,2.52,True
2026-09-04T09:51:25+10:00,2475142,2459_389,-33.88215637207031,151.22845458984375,96.0,5.4,115,1.92,True
2026-09-04T09:51:25+10:00,2349396,2459_418,-33.905914306640625,151.1270294189453,172.0,29.2,40,0.67,True
2026-09-04T09:51:25+10:00,1962700,2459_413,-33.883087158203125,151.20938110351562,185.0,26.6,0,0.0,True
2026-09-04T09:51:25+10:00,2208421,2459_464,-33.888023376464844,151.12632751464844,114.0,0.0,0,0.0,True
2026-09-04T09:51:25+10:00,2609077,2459_430,-33.90434646606445,151.16822814941406,209.0,33.5,-43,-0.72,True
2026-09-04T09:51:25+10:00,2515103,2459_410,-33.86448669433594,151.1068572998047,213.0,17.3,186,3.1,True
2026-09-04T09:51:25+10:00,2377894,2508_144,-33.8232307434082,151.19488525390625,95.0,11.2,177,2.95,True
2026-09-04T09:51:25+10:00,2377930,2508_144,-33.828189849853516,151.20399475097656,100.0,59.4,507,8.45,False
2026-09-04T09:51:25+10:00,2284656,2459_428,-33.90595626831055,151.12738037109375,37.0,36.4,230,3.83,True
2026-09-04T09:51:25+10:00,2636117,2459_504,-33.873661041259766,151.21217346191406,101.0,0.0,-152,-2.53,False
2026-09-04T09:51:25+10:00,2626904,2508_166,-33.780303955078125,151.19566345214844,351.0,35.6,0,0.0,True
2026-09-04T09:51:25+10:00,2036786,2459_440,-33.88225555419922,151.2071075439453,122.0,0.0,141,2.35,True
2026-09-04T09:51:25+10:00,2421378,2508_230,-33.83804702758789,151.2329864501953,23.0,0.0,0,0.0,True
2026-09-04T09:51:25+10:00,2283491,2459_422,-33.88677215576172,151.1794891357422,317.0,2.5,-136,-2.27,False
2026-09-04T09:51:25+10:00,2378148,2508_160X,-33.794979095458984,151.18260192871094,211.0,18.0,-13,-0.22,True
2026-09-04T09:51:25+10:00,2288117,2459_426,-33.884212493896484,151.19659423828125,88.0,36.0,-237,-3.95,False
2026-09-04T09:51:25+10:00,2283563,2459_428,-33.865455627441406,151.21044921875,221.0,0.0,53,0.88,True
2026-09-04T09:51:25+10:00,2287824,2459_483,-33.88458251953125,151.1923828125,83.0,32.0,-174,-2.9,False
2026-09-04T09:51:25+10:00,2596189,2459_491,-33.87389373779297,151.12728881835938,318.0,0.0,23,0.38,True
2026-09-04T09:51:25+10:00,2514766,2459_410,-33.861263275146484,151.1052703857422,118.0,41.0,-249,-4.15,False
2026-09-04T09:51:25+10:00,2208179,2459_466,-33.86585998535156,151.10598754882812,9.0,18.4,70,1.17,True
2026-09-04T09:51:25+10:00,2287856,2459_470,-33.865684509277344,151.2112579345703,23.0,0.0,549,9.15,False
2026-09-04T09:51:25+10:00,2590045,2508_280,-33.79582214355469,151.18096923828125,182.0,27.0,338,5.63,False
2026-09-04T09:51:25+10:00,2668031,2459_420,-33.931541442871094,151.18630981445312,196.0,0.4,-109,-1.82,False
2026-09-04T09:51:25+10:00,1961134,2459_412,-33.873619079589844,151.20986938476562,6.0,25.6,-328,-5.47,False
2026-09-04T09:51:25+10:00,2038634,2459_440,-33.88017654418945,151.20687866210938,192.0,33.1,44,0.73,True
2026-09-04T09:51:25+10:00,2686017,2459_423,-33.926612854003906,151.1268310546875,275.0,19.1,-360,-6.0,False
2026-09-04T09:51:25+10:00,2378300,2508_B1,-33.83046340942383,151.22637939453125,243.0,33.8,579,9.65,False
2026-09-04T09:51:25+10:00,2685961,2459_423,-33.872989654541016,151.20994567871094,185.0,14.0,137,2.28,True
2026-09-04T09:51:25+10:00,2660181,2459_320,-33.90776824951172,151.20631408691406,24.0,3.6,-212,-3.53,False
2026-09-04T09:51:25+10:00,2374603,2508_172X,-33.822654724121094,151.2438201904297,194.0,36.7,545,9.08,False
2026-09-04T09:51:25+10:00,2287057,2459_438X,-33.86760330200195,151.12991333007812,188.0,0.0,245,4.08,True
2026-09-04T09:51:25+10:00,2376615,2508_173X,-33.86616134643555,151.2063446044922,3.0,0.0,0,0.0,True
2026-09-04T09:51:25+10:00,2554374,2459_358,-33.91649627685547,151.24099731445312,341.0,19.1,82,1.37,True
2026-09-04T09:51:25+10:00,1962546,2459_413,-33.888545989990234,151.15570068359375,76.0,0.0,29,0.48,True
2026-09-04T09:51:25+10:00,2208740,2459_464,-33.872474670410156,151.1046905517578,181.0,0.0,313,5.22,False
2026-09-04T09:51:25+10:00,2309026,2459_445,-33.87803268432617,151.1563720703125,352.0,33.5,-28,-0.47,True
2026-09-04T09:51:25+10:00,1973449,2508_162,-33.8017692565918,151.26596069335938,102.0,32.4,28,0.47,True
2026-09-04T09:51:25+10:00,2038755,2459_440,-33.889949798583984,151.2404327392578,63.0,0.0,-351,-5.85,False
2026-09-04T09:51:25+10:00,2208667,2459_464,-33.87669372558594,151.10382080078125,9.0,27.4,-50,-0.83,True
2026-09-04T09:51:25+10:00,2424419,2508_230,-33.837013244628906,151.2071075439453,9.0,4.3,51,0.85,True
2026-09-04T09:51:25+10:00,2209332,2459_440,-33.88828659057617,151.16390991210938,264.0,0.0,-169,-2.82,False
2026-09-04T09:51:25+10:00,2377321,2508_100,-33.82441329956055,151.2397003173828,98.0,8.3,-183,-3.05,False
2026-09-04T09:51:25+10:00,2288729,2459_470,-33.8803596496582,151.20851135253906,104.0,0.0,131,2.18,True
2026-09-04T09:51:25+10:00,2686008,2459_423,-33.88748550415039,151.19337463378906,218.0,0.0,445,7.42,False
2026-09-04T09:51:25+10:00,2037357,2459_469,-33.88254165649414,151.17384338378906,289.0,0.0,427,7.12,False
2026-09-04T09:51:25+10:00,2284764,2459_428,-33.90401077270508,151.16839599609375,203.0,0.7,108,1.8,True
2026-09-04T09:51:25+10:00,2349517,2459_418,-33.915489196777344,151.16622924804688,171.0,0.0,47,0.78,True
2026-09-04T09:51:25+10:00,2289703,2459_428,-33.88591003417969,151.19412231445312,200.0,40.0,72,1.2,True
2026-09-04T09:51:25+10:00,2284781,2459_303,-33.91977310180664,151.2291259765625,97.0,0.0,32,0.53,True
2026-09-04T09:51:25+10:00,2474919,2459_389,-33.86553955078125,151.19235229492188,195.0,28.8,-42,-0.7,True
2026-09-04T09:51:25+10:00,2428461,2508_238,-33.82869338989258,151.24774169921875,39.0,30.6,94,1.57,True
2026-09-04T09:51:25+10:00,2636296,2459_415,-33.86991500854492,151.11282348632812,280.0,43.2,-46,-0.77,True
2026-09-04T09:51:25+10:00,2596453_2,2459_492,-33.87641906738281,151.11654663085938,99.0,26.6,,,
2026-09-04T09:51:25+10:00,2287047,2459_418,-33.91542434692383,151.1654510498047,61.0,0.0,0,0.0,True
2026-09-04T09:51:25+10:00,2636228,2459_504,-33.849613189697266,151.13873291015625,234.0,35.3,-11,-0.18,True
2026-09-04T09:51:25+10:00,2287643,2459_389,-33.88246536254883,151.226318359375,293.0,23.8,-40,-0.67,True
2026-09-04T09:51:25+10:00,2714700,2508_144,-33.79917526245117,151.25103759765625,245.0,31.0,213,3.55,True
2026-09-04T09:51:25+10:00,2389244,2508_243,-33.82375717163086,151.24203491210938,52.0,33.1,124,2.07,True
2026-09-04T09:51:25+10:00,2287938,2459_348,-33.903507232666016,151.21080017089844,280.0,31.7,231,3.85,True
2026-09-04T09:51:25+10:00,2714693,2508_114,-33.83102035522461,151.24508666992188,259.0,30.6,23,0.38,True
2026-09-04T09:51:25+10:00,1959658,2459_445,-33.85655975341797,151.17283630371094,233.0,13.0,46,0.77,True
2026-09-04T09:51:25+10:00,2415806,2508_B1,-33.86643981933594,151.20632934570312,7.0,0.0,14,0.23,True
2026-09-04T09:51:25+10:00,2288627,2459_437,-33.86919021606445,151.1300811767578,253.0,0.0,0,0.0,True
2026-09-04T09:51:25+10:00,2287009,2459_348,-33.92875289916992,151.153564453125,100.0,0.0,0,0.0,True
2026-09-04T09:51:25+10:00,2428422,2508_238,-33.82855987548828,151.248046875,216.0,4.0,86,1.43,True
2026-09-04T09:51:25+10:00,2287188,2459_428,-33.8735466003418,151.20986938476562,6.0,27.7,-392,-6.53,False
2026-09-04T09:51:25+10:00,2388996,2508_173X,-33.867340087890625,151.20510864257812,352.0,23.0,91,1.52,True
2026-09-04T09:51:25+10:00,2289990,2459_442,-33.872840881347656,151.2047576904297,260.0,33.1,252,4.2,True
2026-09-04T09:51:25+10:00,2283432,2459_422,-33.88016128540039,151.20843505859375,191.0,8.3,0,0.0,True
2026-09-04T09:51:25+10:00,1959805,2459_413,-33.89738845825195,151.12071228027344,341.0,38.9,30,0.5,True
2026-09-04T09:51:25+10:00,2685918,2459_423,-33.91372299194336,151.15304565429688,207.0,0.0,-358,-5.97,False
2026-09-04T09:51:25+10:00,2596381,2459_490,-33.87550735473633,151.11842346191406,211.0,17.3,43,0.72,True
2026-09-04T09:51:25+10:00,2290008,2459_433,-33.88005828857422,151.1872100830078,326.0,0.0,30,0.5,True
2026-09-04T09:51:25+10:00,2596157,2459_491,-33.86992645263672,151.12936401367188,189.0,0.0,861,14.35,False
2026-09-04T09:51:25+10:00,2290723,2459_423,-33.88533020019531,151.1947784423828,87.0,0.0,130,2.17,True
2026-09-04T09:51:25+10:00,2289386,2459_437,-33.87297058105469,151.15530395507812,21.0,34.2,86,1.43,True
2026-09-04T09:51:25+10:00,1960359,2459_412,-33.89127731323242,151.1707000732422,93.0,21.6,-256,-4.27,False
2026-09-04T09:51:25+10:00,2378606,2508_B1,-33.79856491088867,151.25209045410156,216.0,31.3,-29,-0.48,True
2026-09-04T09:51:25+10:00,2421187,2508_225,-33.828269958496094,151.23023986816406,338.0,4.7,4,0.07,True
2026-09-04T09:51:25+10:00,1963811,2459_412,-33.864990234375,151.2108917236328,218.0,0.0,0,0.0,True
2026-09-04T09:51:25+10:00,2289458,2459_470,-33.87486267089844,151.1609344482422,243.0,0.0,-261,-4.35,False
2026-09-04T09:51:25+10:00,2036754,2459_440,-33.86125946044922,151.16966247558594,205.0,25.6,0,0.0,True
2026-09-04T09:51:25+10:00,2209226,2459_464,-33.84843826293945,151.10650634765625,344.0,21.2,-97,-1.62,False
2026-09-04T09:51:25+10:00,2290873,2459_426,-33.907047271728516,151.14707946777344,291.0,43.2,20,0.33,True
2026-09-04T09:51:25+10:00,2288313,2459_422,-33.93829345703125,151.15162658691406,13.0,36.7,-144,-2.4,False
2026-09-04T09:51:25+10:00,2685913,2459_423,-33.88942337036133,151.19024658203125,219.0,0.0,108,1.8,True
2026-09-04T09:51:25+10:00,2287403,2459_438X,-33.85126876831055,151.12884521484375,337.0,26.6,155,2.58,True
2026-09-04T09:51:25+10:00,2421382,2508_230,-33.829166412353516,151.24415588378906,1.0,5.8,439,7.32,False
2026-09-04T09:51:25+10:00,2283888,2459_433,-33.88419723510742,151.19284057617188,125.0,0.0,5,0.08,True
2026-09-04T09:51:25+10:00,1963810,2459_412,-33.88134002685547,151.20614624023438,226.0,0.0,147,2.45,True
2026-09-04T09:51:25+10:00,2208425,2459_440,-33.88507080078125,151.22703552246094,281.0,40.3,-36,-0.6,True
2026-09-04T09:51:25+10:00,2289012,2459_303,-33.9287223815918,151.20579528808594,10.0,31.0,-101,-1.68,False
2026-09-04T09:51:25+10:00,1940064,2459_412,-33.891944885253906,151.17568969726562,253.0,26.3,27,0.45,True
2026-09-04T09:51:25+10:00,2288213,2459_438X,-33.854148864746094,151.13006591796875,169.0,41.0,-93,-1.55,False
2026-09-04T09:51:25+10:00,2286098,2459_426,-33.88908767700195,151.19076538085938,237.0,0.0,-17,-0.28,True
2026-09-04T09:51:25+10:00,2285686,2459_461X,-33.885929107666016,151.13865661621094,104.0,1.1,92,1.53,True
2026-09-04T09:51:25+10:00,2620055,2459_530,-33.8111572265625,151.17596435546875,218.0,33.5,-30,-0.5,True
2026-09-04T09:51:25+10:00,2454746,2508_225,-33.8311767578125,151.2243194580078,67.0,19.4,-4,-0.07,True
2026-09-04T09:51:25+10:00,2290976,2459_461X,-33.88525390625,151.1838836669922,77.0,33.5,442,7.37,False
2026-09-04T09:51:25+10:00,1961201,2459_445,-33.90995407104492,151.12245178222656,231.0,49.7,77,1.28,True
2026-09-04T09:51:25+10:00,2580159,2508_100,-33.826297760009766,151.2326202392578,226.0,25.9,-64,-1.07,False
2026-09-04T09:51:25+10:00,2636164,2459_504,-33.87115478515625,151.2144775390625,328.0,0.0,0,0.0,True
2026-09-04T09:51:25+10:00,2038197,2459_440,-33.88724136352539,151.17164611816406,85.0,39.6,-104,-1.73,False
2026-09-04T09:51:25+10:00,2208394,2459_440,-33.89092254638672,151.2488250732422,95.0,0.0,0,0.0,True
2026-09-04T09:51:25+10:00,2373636,2508_173X,-33.83137512207031,151.2233123779297,72.0,19.8,126,2.1,True
2026-09-04T09:51:25+10:00,2290834,2459_442,-33.858036041259766,151.18946838378906,257.0,30.6,-16,-0.27,True
2026-09-04T09:51:25+10:00,2609073,2459_430,-33.883811950683594,151.20303344726562,229.0,0.0,-215,-3.58,False
2026-09-04T09:51:25+10:00,2349380,2459_418,-33.8745002746582,151.1042022705078,191.0,0.0,21,0.35,True
2026-09-04T09:51:25+10:00,2309013,2459_445,-33.9064826965332,151.12696838378906,36.0,0.0,66,1.1,True
2026-09-04T09:51:25+10:00,2290699,2459_422,-33.88628387451172,151.17933654785156,255.0,0.0,-14,-0.23,True
2026-09-04T09:51:25+10:00,2580217,2508_100,-33.83161926269531,151.22274780273438,269.0,0.0,217,3.62,True
2026-09-04T09:51:25+10:00,2376077,2508_172X,-33.86508560180664,151.20591735839844,272.0,0.0,81,1.35,True
2026-09-04T09:51:25+10:00,2415773,2508_B1,-33.82413101196289,151.24147033691406,51.0,0.0,249,4.15,True
2026-09-04T09:51:25+10:00,2287169,2459_433,-33.879024505615234,151.1768341064453,162.0,25.9,-69,-1.15,False
2026-09-04T09:51:25+10:00,2554190,2459_358,-33.92097473144531,151.19277954101562,280.0,30.2,-221,-3.68,False
2026-09-04T09:51:25+10:00,2668047,2459_420,-33.92457580566406,151.1883544921875,273.0,0.0,0,0.0,True
2026-09-04T09:51:25+10:00,2036753,2459_440,-33.86609649658203,151.16668701171875,233.0,38.9,260,4.33,True
2026-09-04T09:51:25+10:00,2288034,2459_431,-33.86460876464844,151.2102813720703,228.0,0.0,39,0.65,True
2026-09-04T09:51:25+10:00,2209672,2459_413,-33.88003158569336,151.20851135253906,185.0,0.0,0,0.0,True
2026-09-04T09:51:25+10:00,2209618,2459_530,-33.81454849243164,151.16859436035156,103.0,4.0,-16,-0.27,True
2026-09-04T09:51:25+10:00,2287662,2459_438X,-33.864959716796875,151.20986938476562,227.0,0.0,0,0.0,True
2026-09-04T09:51:25+10:00,2635925,2459_504,-33.85746765136719,151.1607666015625,138.0,54.7,260,4.33,True
2026-09-04T09:51:25+10:00,2378857,2508_B1,-33.80937576293945,151.24583435058594,216.0,39.2,224,3.73,True
2026-09-04T09:51:25+10:00,2660391,2459_320,-33.88311767578125,151.20413208007812,21.0,11.2,46,0.77,True
2026-09-04T09:51:25+10:00,2285437,2459_461X,-33.88029098510742,151.20814514160156,104.0,0.0,428,7.13,False
2026-09-04T09:51:25+10:00,2286880,2459_431,-33.88345718383789,151.2034454345703,243.0,4.7,152,2.53,True
2026-09-04T09:51:25+10:00,2290403,2459_470,-33.881778717041016,151.17152404785156,292.0,27.0,-435,-7.25,False
2026-09-04T09:51:25+10:00,2596460,2459_492,-33.85125732421875,151.1541748046875,232.0,0.0,0,0.0,True
2026-09-04T09:51:25+10:00,2286671,2459_437,-33.874755859375,151.1560516357422,175.0,0.0,206,3.43,True
2026-09-04T09:51:25+10:00,2209505,2459_440,-33.88456726074219,151.19430541992188,264.0,29.2,-151,-2.52,False
2026-09-04T09:51:25+10:00,2287815,2459_441,-33.857887268066406,151.17774963378906,190.0,30.6,42,0.7,True
2026-09-04T09:51:25+10:00,2037575,2459_440,-33.88829803466797,151.16273498535156,281.0,34.2,138,2.3,True
2026-09-04T09:51:25+10:00,2286425,2459_348,-33.886024475097656,151.20269775390625,21.0,12.2,0,0.0,True
2026-09-04T09:51:25+10:00,2580260,2508_100,-33.84611129760742,151.2120361328125,342.0,52.2,250,4.17,True
2026-09-04T09:51:25+10:00,2550210,2508_144,-33.828269958496094,151.23001098632812,241.0,26.6,685,11.42,False
2026-09-04T09:51:25+10:00,2209719,2459_440,-33.877071380615234,151.1562042236328,359.0,30.6,-71,-1.18,False
2026-09-04T09:51:25+10:00,1962699,2459_413,-33.877105712890625,151.12948608398438,256.0,29.2,22,0.37,True
2026-09-04T09:51:25+10:00,2038198,2459_440,-33.88690948486328,151.17579650878906,75.0,40.7,-99,-1.65,False
2026-09-04T09:51:25+10:00,2686016,2459_423,-33.87291717529297,151.20994567871094,187.0,0.7,261,4.35,True
2026-09-04T09:51:25+10:00,2596243,2459_490,-33.88338851928711,151.1075897216797,312.0,11.9,-50,-0.83,True
2026-09-04T09:51:25+10:00,1961550,2459_480,-33.88749313354492,151.12155151367188,76.0,33.1,218,3.63,True
2026-09-04T09:51:25+10:00,2484479,2459_483,-33.88486099243164,151.19053649902344,271.0,25.6,213,3.55,True
2026-09-04T09:51:25+10:00,2340637,2459_308,-33.90669631958008,151.18142700195312,248.0,10.8,-387,-6.45,False
2026-09-04T09:51:25+10:00,2285885,2459_428,-33.91171646118164,151.11871337890625,321.0,0.0,0,0.0,True
2026-09-04T09:51:25+10:00,2284080,2459_431,-33.88425827026367,151.2012176513672,88.0,0.0,67,1.12,True
2026-09-04T09:51:25+10:00,2285044,2459_461X,-33.888267517089844,151.14273071289062,312.0,41.0,212,3.53,True
2026-09-04T09:51:25+10:00,2286272,2459_438X,-33.88422393798828,151.14356994628906,266.0,8.3,-257,-4.28,False
2026-09-04T09:51:25+10:00,2283504,2459_423,-33.925392150878906,151.13339233398438,76.0,0.0,-84,-1.4,False
2026-09-04T09:51:25+10:00,2392745,2508_114,-33.82793045043945,151.20257568359375,100.0,36.0,213,3.55,True
2026-09-04T09:51:25+10:00,2531147,2509_355,-33.89965057373047,151.1837615966797,296.0,17.3,23,0.38,True
2026-09-04T09:51:25+10:00,2533316,2509_326,-33.89057922363281,151.25421142578125,232.0,18.4,-240,-4.0,False
2026-09-04T09:51:25+10:00,2357399,2509_339,-33.90362548828125,151.22579956054688,135.0,45.0,436,7.27,False
2026-09-04T09:51:25+10:00,2356003,2509_373,-33.90374755859375,151.225830078125,135.0,42.5,-100,-1.67,False
2026-09-04T09:51:25+10:00,2400512,2509_309,-33.89386749267578,151.19866943359375,16.0,0.0,-590,-9.83,False
2026-09-04T09:51:25+10:00,2400512_2,2509_309,-33.91364288330078,151.20114135742188,16.0,46.8,204,3.4,True
2026-09-04T09:51:25+10:00,2532170,2509_325,-33.86930465698242,151.2700653076172,39.0,0.0,93,1.55,True
2026-09-04T09:51:25+10:00,2551795,2509_379,-33.89115524291992,151.24754333496094,165.0,10.1,0,0.0,True
2026-09-04T09:51:25+10:00,2494714,2509_374,-33.908485412597656,151.23431396484375,276.0,16.9,110,1.83,True
2026-09-04T09:51:25+10:00,2674981,2509_309,-33.95596694946289,151.20570373535156,156.0,41.4,202,3.37,True
2026-09-04T09:51:25+10:00,2410313,2509_392,-33.89668655395508,151.20068359375,275.0,14.8,24,0.4,True
2026-09-04T09:51:25+10:00,2623371,2509_333,-33.89463424682617,151.267822265625,279.0,0.0,-65,-1.08,False
2026-09-04T09:51:25+10:00,2532151,2509_350,-33.89170837402344,151.24978637695312,353.0,32.0,-46,-0.77,True
2026-09-04T09:51:25+10:00,2548540,2509_350,-33.931270599365234,151.1863250732422,197.0,22.3,-469,-7.82,False
2026-09-04T09:51:25+10:00,2563968,2509_379,-33.882408142089844,151.2793731689453,98.0,35.6,257,4.28,True
2026-09-04T09:51:25+10:00,2533166,2509_327,-33.885009765625,151.25531005859375,309.0,0.0,684,11.4,False
2026-09-04T09:51:25+10:00,2533642,2509_325,-33.8778076171875,151.24281311035156,247.0,0.0,194,3.23,True
2026-09-04T09:51:25+10:00,2534043,2509_324,-33.866607666015625,151.20338439941406,178.0,0.0,1,0.02,True
2026-09-04T09:51:25+10:00,2357708,2509_339,-33.88676834106445,151.21937561035156,307.0,0.0,-34,-0.57,True
2026-09-04T09:51:25+10:00,2548588,2509_350,-33.93429946899414,151.20022583007812,300.0,35.6,54,0.9,True
2026-09-04T09:51:25+10:00,2622848,2509_333,-33.880897521972656,151.21755981445312,116.0,0.0,99,1.65,True
2026-09-04T09:51:25+10:00,2357590,2509_374,-33.90420150756836,151.22613525390625,130.0,0.0,-52,-0.87,True
2026-09-04T09:51:25+10:00,2548761,2509_328,-33.891231536865234,151.24972534179688,354.0,4.0,0,0.0,True
2026-09-04T09:51:25+10:00,2534260,2509_350,-33.94230651855469,151.21713256835938,129.0,38.9,17,0.28,True
2026-09-04T09:51:25+10:00,2563955,2509_379,-33.90138244628906,151.25418090820312,334.0,0.0,142,2.37,True
2026-09-04T09:51:25+10:00,2358068,2509_343,-33.89594650268555,151.20668029785156,196.0,19.8,222,3.7,True
2026-09-04T09:51:25+10:00,2136907,2509_375,-33.951576232910156,151.24789428710938,239.0,39.2,795,13.25,False
2026-09-04T09:51:25+10:00,2138386,2509_396,-33.94677734375,151.25662231445312,222.0,0.7,-231,-3.85,False
2026-09-04T09:51:25+10:00,2494566,2509_374,-33.886695861816406,151.2066192626953,10.0,36.0,-36,-0.6,True
2026-09-04T09:51:25+10:00,2488424,2509_392,-33.94438934326172,151.22653198242188,210.0,20.9,16,0.27,True
2026-09-04T09:51:25+10:00,2470779,2509_356,-33.912967681884766,151.239501953125,342.0,0.0,-18,-0.3,True
2026-09-04T09:51:25+10:00,2138108,2509_375,-33.918094635009766,151.24111938476562,267.0,0.0,152,2.53,True
2026-09-04T09:51:25+10:00,2182798,2509_396,-33.866207122802734,151.2108612060547,221.0,0.0,12,0.2,True
2026-09-04T09:51:25+10:00,2675131,2509_309,-33.89373016357422,151.19874572753906,21.0,20.5,0,0.0,True
2026-09-04T09:51:25+10:00,2357417,2509_370,-33.92042922973633,151.25697326660156,190.0,6.8,21,0.35,True
2026-09-04T09:51:25+10:00,2356154,2509_370,-33.916507720947266,151.2394561767578,190.0,2.9,159,2.65,True
2026-09-04T09:51:25+10:00,2400642,2509_396,-33.92449188232422,151.22830200195312,303.0,41.8,67,1.12,True
2026-09-04T09:51:25+10:00,2548698,2509_350,-33.893577575683594,151.24952697753906,180.0,25.2,105,1.75,True
2026-09-04T09:51:25+10:00,2439543,2509_390X,-33.90469741821289,151.25408935546875,210.0,23.4,50,0.83,True
2026-09-04T09:51:25+10:00,2563871,2509_379,-33.904571533203125,151.26710510253906,113.0,0.0,0,0.0,True
2026-09-04T09:51:25+10:00,2623265,2509_333,-33.87710952758789,151.2125701904297,308.0,0.4,239,3.98,True
2026-09-04T09:51:25+10:00,2137630,2509_306,-33.92544174194336,151.19500732421875,280.0,27.4,-96,-1.6,False
2026-09-04T09:51:25+10:00,2183131,2509_396,-33.87687683105469,151.21173095703125,92.0,6.5,224,3.73,True
2026-09-04T09:51:25+10:00,2356368,2509_373,-33.880950927734375,151.217041015625,358.0,0.0,-96,-1.6,False
2026-09-04T09:51:25+10:00,2534300,2509_360,-33.896507263183594,151.2540740966797,105.0,0.0,145,2.42,True
2026-09-04T09:51:25+10:00,2563904,2509_379,-33.88936233520508,151.259033203125,85.0,27.0,346,5.77,False
2026-09-04T09:51:25+10:00,2645929,2509_392X,-33.86548614501953,151.21200561523438,314.0,0.0,125,2.08,True
2026-09-04T09:51:25+10:00,2356166,2509_343,-33.86302185058594,151.2111053466797,187.0,23.8,67,1.12,True
2026-09-04T09:51:25+10:00,2531816,2509_355,-33.89036178588867,151.24256896972656,290.0,0.0,0,0.0,True
2026-09-04T09:51:25+10:00,2352623,2509_307,-33.94057846069336,151.21578979492188,233.0,0.0,151,2.52,True
2026-09-04T09:51:25+10:00,2534634,2509_352,-33.908424377441406,151.1720733642578,80.0,0.0,0,0.0,True
2026-09-04T09:51:25+10:00,2358187,2509_343,-33.922664642333984,151.20590209960938,99.0,43.2,-40,-0.67,True
2026-09-04T09:51:25+10:00,2403119,2509_311,-33.87239456176758,151.2168426513672,83.0,15.8,446,7.43,False
2026-09-04T09:51:25+10:00,2400477,2509_396,-33.87724685668945,151.2127685546875,319.0,3.2,181,3.02,True
2026-09-04T09:51:25+10:00,2352618,2509_307,-33.94842529296875,151.208251953125,99.0,34.9,503,8.38,False
2026-09-04T09:51:25+10:00,2532314,2509_386,-33.86629867553711,151.27194213867188,214.0,23.0,627,10.45,False
2026-09-04T09:51:25+10:00,2534181,2509_325,-33.87443161010742,151.21694946289062,97.0,0.0,105,1.75,True
2026-09-04T09:51:25+10:00,2352609,2509_392,-33.89664077758789,151.1995086669922,100.0,19.4,9,0.15,True
2026-09-04T09:51:25+10:00,2139592,2509_306,-33.90120315551758,151.2009735107422,162.0,0.0,160,2.67,True
2026-09-04T09:51:25+10:00,2548536,2509_350,-33.93142318725586,151.18629455566406,196.0,0.0,9,0.15,True
2026-09-04T09:51:25+10:00,2356569,2509_343,-33.864418029785156,151.21170043945312,7.0,30.2,0,0.0,True
2026-09-04T09:51:25+10:00,2346406,2509_390X,-33.913021087646484,151.23951721191406,342.0,11.5,577,9.62,False
2026-09-04T09:51:25+10:00,2552029,2509_379,-33.887237548828125,151.27212524414062,214.0,0.0,342,5.7,False
2026-09-04T09:51:25+10:00,2622819,2509_333,-33.890892028808594,151.24855041503906,274.0,0.0,-256,-4.27,False
2026-09-04T09:51:25+10:00,2533766,2509_352,-33.89091873168945,151.21055603027344,114.0,4.0,72,1.2,True
2026-09-04T09:51:25+10:00,2532958,2509_381,-33.897216796875,151.27064514160156,95.0,0.0,150,2.5,True
2026-09-04T09:51:25+10:00,2357191,2509_373,-33.87724304199219,151.21275329589844,135.0,26.6,-65,-1.08,False
2026-09-04T09:51:25+10:00,2645930,2509_394X,-33.86798858642578,151.21755981445312,328.0,47.5,-154,-2.57,False
2026-09-04T09:51:25+10:00,2551661,2509_379,-33.88249206542969,151.27952575683594,275.0,0.0,21,0.35,True
2026-09-04T09:51:25+10:00,2645928,2509_392X,-33.92901611328125,151.22927856445312,167.0,51.5,-166,-2.77,False
2026-09-04T09:51:25+10:00,2358047,2509_370,-33.87812423706055,151.18576049804688,328.0,20.5,-409,-6.82,False
2026-09-04T09:51:25+10:00,2623173,2509_333,-33.86599349975586,151.21109008789062,208.0,16.2,15,0.25,True
2026-09-04T09:51:25+10:00,2533102,2509_355,-33.89017868041992,151.23178100585938,36.0,0.0,-284,-4.73,False
2026-09-04T09:51:25+10:00,2628704,2509_304,-33.87178421020508,151.21009826660156,183.0,38.2,89,1.48,True
2026-09-04T09:51:25+10:00,2531689,2509_350,-33.92455291748047,151.1890411376953,101.0,40.0,140,2.33,True
2026-09-04T09:51:25+10:00,2356927,2509_370,-33.90645980834961,151.20297241210938,4.0,0.0,844,14.07,False
2026-09-04T09:51:25+10:00,2356423,2509_339,-33.88481903076172,151.21823120117188,156.0,4.3,129,2.15,True
2026-09-04T09:51:25+10:00,2675065,2509_309,-33.89173126220703,151.2002410888672,100.0,0.0,0,0.0,True
2026-09-04T09:51:25+10:00,2623207,2509_333,-33.88948440551758,151.28343200683594,214.0,0.0,343,5.72,False
2026-09-04T09:51:25+10:00,2400326,2509_309,-33.95588302612305,151.23025512695312,352.0,0.0,47,0.78,True
2026-09-04T09:51:25+10:00,2434472,2509_390X,-33.9151725769043,151.2277374267578,278.0,0.0,74,1.23,True
2026-09-04T09:51:25+10:00,2403146,2509_311,-33.866458892822266,151.203369140625,179.0,0.0,-49,-0.82,True
2026-09-04T09:51:25+10:00,2533002,2509_350,-33.94150161743164,151.23887634277344,99.0,0.0,-34,-0.57,True
2026-09-04T09:51:25+10:00,2533097,2509_380,-33.84379196166992,151.2839813232422,5.0,0.0,0,0.0,True
2026-09-04T09:51:25+10:00,2533181,2509_380,-33.84312438964844,151.283935546875,322.0,0.0,0,0.0,True
2026-09-04T09:51:25+10:00,2356338,2509_373,-33.90924072265625,151.23960876464844,6.0,0.0,195,3.25,True
2026-09-04T09:51:25+10:00,2352407,2509_392,-33.91774368286133,151.2263946533203,170.0,0.0,58,0.97,True
2026-09-04T09:51:25+10:00,2346410,2509_390X,-33.91486740112305,151.22544860839844,3.0,20.5,176,2.93,True
2026-09-04T09:51:25+10:00,2494626,2509_343,-33.92202377319336,151.200439453125,280.0,0.0,200,3.33,True
2026-09-04T09:51:25+10:00,2470784,2509_356,-33.95048522949219,151.2314910888672,355.0,36.0,0,0.0,True
2026-09-04T09:51:25+10:00,2548572,2509_350,-33.93290328979492,151.17942810058594,90.0,14.4,251,4.18,True
2026-09-04T09:51:25+10:00,2488372,2509_392,-33.90144729614258,151.20904541015625,223.0,0.0,196,3.27,True
2026-09-04T09:51:25+10:00,2300917,2509_399,-33.927242279052734,151.23193359375,314.0,22.3,-121,-2.02,False
2026-09-04T09:51:25+10:00,2623218,2509_333,-33.87575912475586,151.2095947265625,5.0,31.3,-229,-3.82,False
2026-09-04T09:51:25+10:00,2494606,2509_343,-33.92594909667969,151.22817993164062,68.0,0.0,0,0.0,True
2026-09-04T09:51:25+10:00,2622954,2509_333,-33.872230529785156,151.21456909179688,158.0,21.6,126,2.1,True
2026-09-04T09:51:25+10:00,2623026,2509_333,-33.8902702331543,151.24224853515625,293.0,0.0,0,0.0,True
2026-09-04T09:51:25+10:00,2645921,2509_394X,-33.915855407714844,151.2257843017578,167.0,14.4,463,7.72,False
2026-09-04T09:51:25+10:00,2140626,2509_306,-33.89504623413086,151.19813537597656,8.0,0.0,600,10.0,False
2026-09-04T09:51:25+10:00,2356086,2509_373X,-33.886905670166016,151.21939086914062,320.0,0.0,539,8.98,False
2026-09-04T09:51:25+10:00,2396592,2509_392,-33.93734359741211,151.22955322265625,10.0,40.7,77,1.28,True
2026-09-04T09:51:25+10:00,2628726,2509_304,-33.88811111450195,151.21347045898438,190.0,32.8,56,0.93,True
2026-09-04T09:51:25+10:00,2531982,2509_324,-33.87997817993164,151.23631286621094,15.0,8.3,11,0.18,True
2026-09-04T09:51:25+10:00,2623058,2509_333,-33.86220169067383,151.21121215820312,6.0,0.4,0,0.0,True
2026-09-04T09:51:25+10:00,2675041,2509_309,-33.90993118286133,151.20248413085938,195.0,0.0,184,3.07,True
2026-09-04T09:51:25+10:00,2357647,2509_339,-33.91276931762695,151.2632293701172,282.0,0.0,-39,-0.65,True
2026-09-04T09:51:25+10:00,2357197,2509_339,-33.91441345214844,151.26641845703125,132.0,0.0,0,0.0,True
2026-09-04T09:51:25+10:00,2532957,2509_325,-33.8436279296875,151.28404235839844,7.0,0.0,0,0.0,True
2026-09-04T09:51:25+10:00,2552034,2509_379,-33.9051628112793,151.25709533691406,101.0,5.8,-33,-0.55,True
2026-09-04T09:51:25+10:00,2439611,2509_390X,-33.926124572753906,151.23109436035156,132.0,0.0,149,2.48,True
2026-09-04T09:51:25+10:00,2439518,2509_390X,-33.939823150634766,151.23910522460938,169.0,15.5,200,3.33,True
2026-09-04T09:51:25+10:00,2494501,2509_343,-33.89326858520508,151.20718383789062,345.0,16.2,-38,-0.63,True
2026-09-04T09:51:25+10:00,2494597,2509_343,-33.868289947509766,151.21054077148438,5.0,26.6,94,1.57,True
2026-09-04T09:51:25+10:00,2534239,2509_352,-33.88962173461914,151.2053985595703,279.0,0.0,-218,-3.63,False
2026-09-04T09:51:25+10:00,2532670,2509_324,-33.873077392578125,151.20779418945312,277.0,0.0,-220,-3.67,False
2026-09-04T09:51:25+10:00,2470752,2509_356,-33.94142532348633,151.23886108398438,100.0,4.7,33,0.55,True
2026-09-04T09:51:25+10:00,2548554,2509_350,-33.91693115234375,151.25767517089844,189.0,40.7,193,3.22,True
2026-09-04T09:51:25+10:00,2356664,2509_311,-33.87355422973633,151.21649169921875,185.0,0.0,185,3.08,True
2026-09-04T09:51:25+10:00,2622955,2509_333,-33.891597747802734,151.24746704101562,187.0,11.2,151,2.52,True
2026-09-04T09:51:25+10:00,2533725,2509_387,-33.89196014404297,151.25062561035156,261.0,36.7,143,2.38,True
2026-09-04T09:51:25+10:00,2356587,2509_373,-33.91943359375,151.2572021484375,189.0,0.0,0,0.0,True
2026-09-04T09:51:25+10:00,2628750,2509_304,-33.90779113769531,151.2073974609375,204.0,12.6,-245,-4.08,False
2026-09-04T09:51:25+10:00,2470788,2509_397,-33.946163177490234,151.22718811035156,313.0,0.0,-39,-0.65,True
2026-09-04T09:51:25+10:00,2622813,2509_333,-33.8917236328125,151.24713134765625,105.0,0.0,-216,-3.6,False
2026-09-04T09:51:25+10:00,2396596,2509_392,-33.937374114990234,151.22959899902344,16.0,38.2,685,11.42,False
2026-09-04T09:51:25+10:00,2531161,2509_380,-33.874908447265625,151.2803497314453,9.0,0.0,36,0.6,True
2026-09-04T09:51:25+10:00,2400678,2509_397X,-33.94270706176758,151.21778869628906,125.0,48.6,,,
2026-09-04T09:51:25+10:00,2403253,2509_311,-33.88017272949219,151.21633911132812,314.0,0.0,-85,-1.42,False
2026-09-04T09:51:25+10:00,2183273,2509_396,-33.86272430419922,151.21115112304688,6.0,0.0,0,0.0,True
2026-09-04T09:51:25+10:00,2400633,2509_309,-33.92161178588867,151.19630432128906,13.0,0.0,-133,-2.22,False
2026-09-04T09:51:25+10:00,2356429,2509_370,-33.91158676147461,151.21511840820312,239.0,0.0,60,1.0,True
2026-09-04T09:51:25+10:00,2531780,2509_380,-33.890018463134766,151.28271484375,237.0,29.9,457,7.62,False
2026-09-04T09:51:25+10:00,2679190,2509_370,-33.91012954711914,151.2024383544922,177.0,13.7,107,1.78,True
2026-09-04T09:51:25+10:00,2548767,2509_350,-33.941078186035156,151.23509216308594,276.0,0.0,206,3.43,True
2026-09-04T09:51:25+10:00,2679208,2509_370,-33.91657638549805,151.2411346435547,161.0,0.0,-210,-3.5,False
2026-09-04T09:51:25+10:00,2352223,2509_307,-33.9267578125,151.18809509277344,219.0,0.0,191,3.18,True
2026-09-04T09:51:25+10:00,2679174,2509_370,-33.884151458740234,151.19271850585938,123.0,0.0,-57,-0.95,True
2026-09-04T09:51:25+10:00,2531861,2509_350,-33.89463806152344,151.25015258789062,330.0,34.6,-345,-5.75,False
2026-09-04T09:51:25+10:00,2346368,2509_390X,-33.952396392822266,151.2416534423828,352.0,40.7,-29,-0.48,True
2026-09-04T09:51:25+10:00,2357245,2509_370,-33.907012939453125,151.1833038330078,278.0,40.7,544,9.07,False
2026-09-04T09:51:25+10:00,2358104,2509_373,-33.921634674072266,151.2482452392578,98.0,0.0,-33,-0.55,True
2026-09-04T09:51:25+10:00,2628717,2509_304,-33.87635803222656,151.2095184326172,3.0,30.2,-155,-2.58,False
2026-09-04T09:51:25+10:00,2563932,2509_387,-33.886775970458984,151.26341247558594,101.0,37.1,321,5.35,False
2026-09-04T09:51:25+10:00,2628741,2509_304,-33.86355209350586,151.21185302734375,6.0,11.2,0,0.0,True
2026-09-04T09:51:25+10:00,2470744,2509_356,-33.891624450683594,151.24745178222656,6.0,26.3,70,1.17,True
2026-09-04T09:51:25+10:00,2400536,2509_396,-33.9188117980957,151.2264404296875,172.0,37.4,356,5.93,False
2026-09-04T09:51:25+10:00,2645874,2509_394X,-33.89480209350586,151.2215118408203,172.0,7.2,149,2.48,True
2026-09-04T09:51:25+10:00,2356651,2509_370,-33.90687942504883,151.20285034179688,7.0,25.6,242,4.03,True
2026-09-04T09:51:25+10:00,2552005,2509_379,-33.891395568847656,151.2488250732422,97.0,12.2,-60,-1.0,True
2026-09-04T09:51:25+10:00,2358135,2509_370,-33.872169494628906,151.18092346191406,326.0,27.0,-156,-2.6,False
2026-09-04T09:51:25+10:00,2470780,2509_397,-33.94478988647461,151.226318359375,191.0,0.0,0,0.0,True
2026-09-04T09:51:25+10:00,2335599,2509_309,-33.949546813964844,151.19715881347656,2.0,34.6,-25,-0.42,True
2026-09-04T09:51:25+10:00,2400351,2509_396,-33.89849853515625,151.22225952148438,172.0,48.2,220,3.67,True
2026-09-04T09:51:25+10:00,2679167,2509_370,-33.911537170410156,151.21546936035156,61.0,35.6,209,3.48,True
2026-09-04T09:51:25+10:00,2532407,2509_325,-33.85585403442383,151.20689392089844,46.0,0.0,0,0.0,True
2026-09-04T09:51:25+10:00,2675100,2509_309,-33.93578338623047,151.1942901611328,167.0,33.8,95,1.58,True
2026-09-04T09:51:25+10:00,2645888,2509_394X,-33.939788818359375,151.23870849609375,349.0,25.9,-19,-0.32,True
2026-09-04T09:51:25+10:00,2439572,2509_390X,-33.90843200683594,151.24758911132812,248.0,19.8,273,4.55,True
2026-09-04T09:51:25+10:00,2139060,2509_375,-33.951560974121094,151.2478485107422,239.0,45.0,-402,-6.7,False
2026-09-04T09:51:25+10:00,2533832,2509_313,-33.91991424560547,151.25015258789062,296.0,12.6,-27,-0.45,True
2026-09-04T09:51:25+10:00,2534491,2509_313,-33.90571212768555,151.25245666503906,191.0,44.3,172,2.87,True
2026-09-04T09:51:25+10:00,2400372,2509_396,-33.90521240234375,151.2239532470703,8.0,34.9,226,3.77,True
2026-09-04T09:51:25+10:00,2533094,2509_324,-33.8700065612793,151.26947021484375,227.0,0.0,20,0.33,True
2026-09-04T09:51:25+10:00,2358006,2509_373,-33.92021179199219,151.24281311035156,140.0,7.2,-353,-5.88,False
2026-09-04T09:51:25+10:00,2355951,2509_373,-33.921573638916016,151.2474822998047,290.0,6.8,23,0.38,True
2026-09-04T09:51:25+10:00,2534585,2509_380,-33.891902923583984,151.2511444091797,79.0,28.8,17,0.28,True
2026-09-04T09:51:25+10:00,2410278,2509_392,-33.896968841552734,151.20603942871094,275.0,19.1,-475,-7.92,False
2026-09-04T09:51:25+10:00,2534353,2509_350,-33.94639587402344,151.24746704101562,127.0,34.9,336,5.6,False
2026-09-04T09:51:25+10:00,2400459,2509_396,-33.941650390625,151.23974609375,280.0,0.0,51,0.85,True
2026-09-04T09:51:25+10:00,2532321,2509_350,-33.92633819580078,151.2555694580078,8.0,24.1,257,4.28,True
2026-09-04T09:51:25+10:00,2622935,2509_333,-33.8620491027832,151.2112274169922,5.0,0.7,30,0.5,True
2026-09-04T09:51:25+10:00,2679198,2509_370,-33.892555236816406,151.18666076660156,249.0,0.0,174,2.9,True
2026-09-04T09:51:25+10:00,2548677,2509_328,-33.88420867919922,151.2390594482422,168.0,36.7,86,1.43,True
2026-09-04T09:51:25+10:00,2628641,2509_304,-33.899070739746094,151.21153259277344,305.0,0.0,530,8.83,False
2026-09-04T09:51:25+10:00,2531613,2509_355,-33.899349212646484,151.18338012695312,115.0,33.1,91,1.52,True
2026-09-04T09:51:25+10:00,2352646,2509_356,-33.942138671875,151.24252319335938,276.0,36.4,-40,-0.67,True
2026-09-04T09:51:25+10:00,2400527,2509_392,-33.882389068603516,151.2073516845703,303.0,28.8,0,0.0,True
2026-09-04T09:51:25+10:00,2494496,2509_343,-33.87015914916992,151.21031188964844,7.0,24.5,-351,-5.85,False
2026-09-04T09:51:25+10:00,2622765,2509_333,-33.88969039916992,151.28173828125,89.0,34.6,158,2.63,True
2026-09-04T09:51:25+10:00,2356162,2509_311,-33.87892150878906,151.21029663085938,50.0,0.0,153,2.55,True
2026-09-04T09:51:25+10:00,2346400,2509_390X,-33.913597106933594,151.23973083496094,334.0,19.8,134,2.23,True
2026-09-04T09:51:25+10:00,2439560,2509_390X,-33.891178131103516,151.24920654296875,282.0,0.0,0,0.0,True
2026-09-04T09:51:25+10:00,2679171,2509_370,-33.90140914916992,151.19271850585938,47.0,14.0,-2,-0.03,True
2026-09-04T09:51:25+10:00,2548508,2509_350,-33.945068359375,151.25900268554688,275.0,11.5,175,2.92,True
2026-09-04T09:51:25+10:00,2628705,2509_304,-33.900787353515625,151.21302795410156,10.0,0.0,31,0.52,True
2026-09-04T09:51:25+10:00,2136906,2509_306,-33.92704391479492,151.20614624023438,9.0,25.9,50,0.83,True
2026-09-04T09:51:25+10:00,2532037,2509_360,-33.8972282409668,151.25975036621094,278.0,24.1,93,1.55,True
2026-09-04T09:51:25+10:00,2356872,2509_339,-33.90409851074219,151.2436065673828,308.0,21.6,193,3.22,True
2026-09-04T09:51:25+10:00,2346318,2509_390X,-33.9402961730957,151.2388153076172,350.0,0.0,236,3.93,True
2026-09-04T09:51:25+10:00,2151382,2509_333,-33.89048385620117,151.2429656982422,110.0,0.0,312,5.2,False
2026-09-04T09:51:25+10:00,2579149,7084_SW2,-33.91339111328125,151.11663818359375,82.0,23.8,237,3.95,True
2026-09-04T09:51:25+10:00,2632183,2510_301,-33.9331169128418,151.1939697265625,190.0,44.6,68,1.13,True
2026-09-04T09:51:25+10:00,2530030,7084_SW2,-33.91147232055664,151.1202392578125,226.0,49.7,-46,-0.77,True
2026-09-04T09:51:25+10:00,2579244,7084_SW2,-33.94047164916992,151.15762329101562,307.0,0.0,-1895,-31.58,False
2026-09-04T09:51:25+10:00,2579047,7084_SW2,-33.90303421020508,151.14288330078125,57.0,40.0,263,4.38,True
2026-09-04T10:44:33+10:00,2229604,2507_292,-33.801368713378906,151.14434814453125,309.0,56.9,-39,-0.65,True
2026-09-04T10:44:33+10:00,2681940,2507_267,-33.79643249511719,151.18759155273438,159.0,0.7,283,4.72,True
2026-09-04T10:44:33+10:00,2226087,2507_288,-33.8123664855957,151.17227172851562,261.0,23.4,-42,-0.7,True
2026-09-04T10:44:33+10:00,2604301,2514_271,-33.8724479675293,151.2056884765625,355.0,0.0,0,0.0,True
2026-09-04T10:44:33+10:00,2309560,7083_SW3,-33.91459274291992,151.165283203125,0.0,0.0,809,13.48,False
2026-09-04T10:44:33+10:00,2115897,2514_558,-33.7897834777832,151.1827850341797,340.0,35.3,37,0.62,True
2026-09-04T10:44:33+10:00,2644886,2507_202,-33.81045913696289,151.2236328125,279.0,34.6,-26,-0.43,True
2026-09-04T10:44:33+10:00,2581485,2507_538,-33.82114791870117,151.13490295410156,210.0,23.4,390,6.5,False
2026-09-04T10:44:33+10:00,2228382,2507_275,-33.79538345336914,151.18124389648438,218.0,0.0,282,4.7,True
2026-09-04T10:44:33+10:00,2644042,2507_120,-33.79344177246094,151.19607543945312,157.0,25.6,155,2.58,True
2026-09-04T10:44:33+10:00,2642838,2507_120,-33.79801940917969,151.19808959960938,159.0,29.2,1287,21.45,False
2026-09-04T10:44:33+10:00,2642838_2,2507_120,-33.86959457397461,151.2053680419922,355.0,26.3,-193,-3.22,False
2026-09-04T10:44:33+10:00,2702512,2507_501,-33.8402214050293,151.1363067626953,280.0,34.2,34,0.57,True
2026-09-04T10:44:33+10:00,2537756,2507_533,-33.79648971557617,151.18048095703125,179.0,0.4,38,0.63,True
2026-09-04T10:44:33+10:00,2555435,2507_291,-33.824432373046875,151.19776916503906,324.0,36.7,-105,-1.75,False
2026-09-04T10:44:33+10:00,2702248,2507_501,-33.88145446777344,151.2060546875,44.0,0.0,0,0.0,True
2026-09-04T10:44:33+10:00,2643218,2507_120,-33.796173095703125,151.1812286376953,2.0,0.0,0,0.0,True
2026-09-04T10:44:33+10:00,2645046,2507_120,-33.794715881347656,151.18809509277344,250.0,42.1,-380,-6.33,False
2026-09-04T10:44:33+10:00,2672385,2507_115,-33.82670211791992,151.200927734375,118.0,13.3,273,4.55,True
2026-09-04T10:44:33+10:00,2672426,2507_115,-33.7960205078125,151.18377685546875,79.0,20.2,206,3.43,True
2026-09-04T10:44:33+10:00,2644892,2507_120,-33.80692672729492,151.19931030273438,173.0,8.6,417,6.95,False
2026-09-04T10:44:33+10:00,2643016,2507_52,-33.82975769042969,151.1266632080078,357.0,36.7,270,4.5,True
2026-09-04T10:44:33+10:00,2634577,2507_254,-33.82218933105469,151.17007446289062,121.0,39.6,-215,-3.58,False
2026-09-04T10:44:33+10:00,2682059,2507_202,-33.83940505981445,151.20663452148438,8.0,0.0,52,0.87,True
2026-09-04T10:44:33+10:00,2702174,2507_501,-33.865440368652344,151.1724090576172,132.0,42.8,343,5.72,False
2026-09-04T10:44:33+10:00,2345541,2514_194,-33.810176849365234,151.20785522460938,3.0,22.0,-16,-0.27,True
2026-09-04T10:44:33+10:00,2621584,2507_516,-33.796897888183594,151.16891479492188,267.0,15.1,174,2.9,True
2026-09-04T10:44:33+10:00,2643097,2507_52,-33.87382888793945,151.1947021484375,329.0,60.8,56,0.93,True
2026-09-04T10:44:33+10:00,2643580,2507_52,-33.851280212402344,151.15481567382812,321.0,0.0,101,1.68,True
2026-09-04T10:44:33+10:00,2682087,2507_533,-33.804161071777344,151.15321350097656,99.0,41.4,88,1.47,True
2026-09-04T10:44:33+10:00,2672279,2507_267,-33.8137092590332,151.2108917236328,323.0,33.5,-90,-1.5,False
2026-09-04T10:44:33+10:00,2642612,2503_M90,-33.87724685668945,151.10276794433594,99.0,0.7,-148,-2.47,False
2026-09-04T10:44:33+10:00,2322371,2507_506,-33.865989685058594,151.17283630371094,300.0,40.3,-36,-0.6,True
2026-09-04T10:44:33+10:00,2644320,2507_207,-33.79815673828125,151.2097625732422,341.0,36.7,-103,-1.72,False
2026-09-04T10:44:33+10:00,2672469,2507_115,-33.79555892944336,151.18539428710938,250.0,23.0,-281,-4.68,False
2026-09-04T10:44:33+10:00,2682721,7083_SW1,-33.91039276123047,151.1218719482422,231.0,45.4,443,7.38,False
2026-09-04T10:44:33+10:00,2322392,2507_506,-33.81003952026367,151.13223266601562,38.0,0.0,108,1.8,True
2026-09-04T10:44:33+10:00,2538328,2507_506,-33.80992126464844,151.13233947753906,41.0,0.0,-124,-2.07,False
2026-09-04T10:44:33+10:00,2621529,2507_288,-33.85016632080078,151.212158203125,207.0,63.7,-5,-0.08,True
2026-09-04T10:44:33+10:00,2702392,2507_501,-33.88056564331055,151.20675659179688,196.0,0.0,2,0.03,True
2026-09-04T10:44:33+10:00,2309907,7083_SW3,-33.903602600097656,151.14161682128906,66.0,22.7,72,1.2,True
2026-09-04T10:44:33+10:00,2441814,2507_207,-33.86376953125,151.20950317382812,178.0,0.0,0,0.0,True
2026-09-04T10:44:33+10:00,2407195,2507_252,-33.812496185302734,151.17095947265625,24.0,19.4,205,3.42,True
2026-09-04T10:44:33+10:00,2309998,7083_SW3,-33.91237258911133,151.1185760498047,52.0,0.0,-133,-2.22,False
2026-09-04T10:44:33+10:00,2702262,2507_501,-33.868534088134766,151.1832733154297,287.0,51.8,-76,-1.27,False
2026-09-04T10:44:33+10:00,2643159,2507_52,-33.8398551940918,151.13784790039062,75.0,4.3,253,4.22,True
2026-09-04T10:44:33+10:00,2702311,2507_501,-33.83654022216797,151.12948608398438,115.0,42.1,158,2.63,True
2026-09-04T10:44:33+10:00,2538219,2507_506,-33.853172302246094,151.15660095214844,142.0,31.7,523,8.72,False
2026-09-04T10:44:33+10:00,2643806,2507_120,-33.829410552978516,151.21347045898438,10.0,62.6,45,0.75,True
2026-09-04T10:44:33+10:00,2407076,2507_265,-33.81425476074219,151.16986083984375,174.0,3.2,0,0.0,True
2026-09-04T10:44:33+10:00,2672340,2507_115,-33.804176330566406,151.199462890625,10.0,22.3,-122,-2.03,False
2026-09-04T10:44:33+10:00,2486800,2514_565,-33.792903900146484,151.18008422851562,199.0,25.2,-57,-0.95,True
2026-09-04T10:44:33+10:00,2406973,2507_261,-33.82867431640625,151.2014617919922,331.0,32.0,53,0.88,True
2026-09-04T10:44:33+10:00,2621450,2507_252,-33.81922149658203,151.15113830566406,190.0,38.2,20,0.33,True
2026-09-04T10:44:33+10:00,2558903,7083_SW1,-33.91328048706055,151.16688537597656,120.0,9.4,218,3.63,True
2026-09-04T10:44:33+10:00,2492645,2514_194,-33.825260162353516,151.21299743652344,136.0,57.2,-207,-3.45,False
2026-09-04T10:44:33+10:00,2517081,2514_270,-33.80460739135742,151.20516967773438,11.0,46.8,-82,-1.37,False
2026-09-04T10:44:33+10:00,2407974,2507_265,-33.84237289428711,151.20504760742188,114.0,0.0,93,1.55,True
2026-09-04T10:44:33+10:00,2644632,2507_207,-33.83570098876953,151.20748901367188,190.0,18.4,-52,-0.87,True
2026-09-04T10:44:33+10:00,2538241,2507_506,-33.82193374633789,151.1347198486328,123.0,34.6,342,5.7,False
2026-09-04T10:44:33+10:00,2231214,2507_292,-33.865291595458984,151.20513916015625,358.0,6.1,-163,-2.72,False
2026-09-04T10:44:33+10:00,2643112,2507_52,-33.86920166015625,151.18605041503906,108.0,52.2,111,1.85,True
2026-09-04T10:44:33+10:00,2621389,2507_291,-33.83302307128906,151.20457458496094,159.0,37.1,198,3.3,True
2026-09-04T10:44:33+10:00,2558998,7083_SW1,-33.91687774658203,151.1436767578125,81.0,18.0,-187,-3.12,False
2026-09-04T10:44:33+10:00,2604329,2514_271,-33.80223846435547,151.21153259277344,169.0,0.0,159,2.65,True
2026-09-04T10:44:33+10:00,2634536,2507_261,-33.81534194946289,151.1699676513672,355.0,0.0,153,2.55,True
2026-09-04T10:44:33+10:00,2258587,2507_516,-33.79617691040039,151.1709747314453,64.0,0.0,420,7.0,False
2026-09-04T10:44:33+10:00,2543082,2504_610X,-33.86532211303711,151.2048797607422,354.0,38.5,-31,-0.52,True
2026-09-04T10:44:33+10:00,2543673,2504_610X,-33.809993743896484,151.16067504882812,106.0,75.6,-376,-6.27,False
2026-09-04T10:44:33+10:00,2543578,2504_610X,-33.85396194458008,151.20968627929688,209.0,71.3,-216,-3.6,False
2026-09-04T10:44:33+10:00,2543569,2504_610X,-33.8122444152832,151.1712646484375,281.0,72.4,162,2.7,True
2026-09-04T10:44:33+10:00,2540968,2504_607X,-33.82799530029297,151.21470642089844,168.0,61.2,-368,-6.13,False
2026-09-04T10:44:33+10:00,2638033,2504_607X,-33.871700286865234,151.2064208984375,174.0,0.0,0,0.0,True
2026-09-04T10:44:33+10:00,2285307,2459_418,-33.90871047973633,151.152587890625,297.0,42.8,-73,-1.22,False
2026-09-04T10:44:33+10:00,2289823,2459_389,-33.87600326538086,151.21673583984375,281.0,31.7,274,4.57,True
2026-09-04T10:44:33+10:00,2285051,2459_438X,-33.887794494628906,151.16842651367188,84.0,39.2,-107,-1.78,False
2026-09-04T10:44:33+10:00,2290942,2459_426,-33.88119125366211,151.20631408691406,223.0,0.0,202,3.37,True
2026-09-04T10:44:33+10:00,2089741,2508_160X,-33.786895751953125,151.18145751953125,338.0,0.0,162,2.7,True
2026-09-04T10:44:33+10:00,2454799,2508_225,-33.84104537963867,151.2203369140625,94.0,30.6,33,0.55,True
2026-09-04T10:44:33+10:00,2287541,2459_470,-33.87437438964844,151.20977783203125,186.0,0.0,52,0.87,True
2026-09-04T10:44:33+10:00,2378434,2508_144,-33.821754455566406,151.24375915527344,7.0,36.7,303,5.05,False
2026-09-04T10:44:33+10:00,2660221,2459_320,-33.88570022583008,151.2030487060547,163.0,0.0,0,0.0,True
2026-09-04T10:44:33+10:00,2475225,2459_389,-33.870872497558594,151.20602416992188,85.0,0.0,-81,-1.35,False
2026-09-04T10:44:33+10:00,2287090,2459_389,-33.89136505126953,151.24830627441406,99.0,18.7,1,0.02,True
2026-09-04T10:44:33+10:00,2289945,2459_433,-33.863712310791016,151.17022705078125,205.0,8.3,-20,-0.33,True
2026-09-04T10:44:33+10:00,2288292,2459_428,-33.866302490234375,151.21046447753906,100.0,0.0,0,0.0,True
2026-09-04T10:44:33+10:00,2668058,2459_420,-33.9349250793457,151.15731811523438,56.0,58.7,631,10.52,False
2026-09-04T10:44:33+10:00,2285114,2459_423,-33.911041259765625,151.15773010253906,118.0,0.0,-16,-0.27,True
2026-09-04T10:44:33+10:00,1961373,2459_412,-33.90901184082031,151.15208435058594,31.0,0.0,225,3.75,True
2026-09-04T10:44:33+10:00,2484431,2459_483,-33.883975982666016,151.20254516601562,252.0,0.0,31,0.52,True
2026-09-04T10:44:33+10:00,2392560,2508_114,-33.82454299926758,151.2408905029297,93.0,0.4,60,1.0,True
2026-09-04T10:44:33+10:00,2554112,2459_358,-33.92182922363281,151.1992950439453,279.0,41.0,274,4.57,True
2026-09-04T10:44:33+10:00,2428480,2508_238,-33.842586517333984,151.2440643310547,334.0,33.1,201,3.35,True
2026-09-04T10:44:33+10:00,2288577,2459_470,-33.87481689453125,151.16131591796875,243.0,15.8,-66,-1.1,False
2026-09-04T10:44:33+10:00,1932428,2459_412,-33.91889190673828,151.1260528564453,15.0,29.2,49,0.82,True
2026-09-04T10:44:33+10:00,2286958,2459_461X,-33.882652282714844,151.1328582763672,330.0,0.0,525,8.75,False
2026-09-04T10:44:33+10:00,2208495,2459_440,-33.89167785644531,151.2469482421875,288.0,0.0,-31,-0.52,True
2026-09-04T10:44:33+10:00,2714613,2508_144,-33.795780181884766,151.254150390625,252.0,9.7,431,7.18,False
2026-09-04T10:44:33+10:00,2668096,2459_420,-33.88308334350586,151.10256958007812,193.0,29.2,60,1.0,True
2026-09-04T10:44:33+10:00,2415673,2508_B1,-33.81858444213867,151.2439727783203,359.0,34.6,289,4.82,True
2026-09-04T10:44:33+10:00,2428390,2508_238,-33.8233757019043,151.24989318847656,82.0,15.1,-215,-3.58,False
2026-09-04T10:44:33+10:00,2285098,2459_438X,-33.863258361816406,151.1303253173828,185.0,38.5,-99,-1.65,False
2026-09-04T10:44:33+10:00,2475014,2459_389,-33.868839263916016,151.1979522705078,156.0,20.9,0,0.0,True
2026-09-04T10:44:33+10:00,2686025,2459_423,-33.88129425048828,151.20620727539062,223.0,0.0,-101,-1.68,False
2026-09-04T10:44:33+10:00,2636010,2459_504,-33.855621337890625,151.13070678710938,253.0,0.0,201,3.35,True
2026-09-04T10:44:33+10:00,2039015,2459_470,-33.88376235961914,151.1873016357422,144.0,9.4,138,2.3,True
2026-09-04T10:44:33+10:00,2378557,2508_144,-33.819305419921875,151.1839599609375,140.0,20.5,562,9.37,False
2026-09-04T10:44:33+10:00,2620006,2459_530,-33.85963821411133,151.14231872558594,226.0,40.0,31,0.52,True
2026-09-04T10:44:33+10:00,2424365,2508_230,-33.83049011230469,151.2259063720703,60.0,0.0,-67,-1.12,False
2026-09-04T10:44:33+10:00,1961372,2459_412,-33.88425064086914,151.1959686279297,86.0,0.0,181,3.02,True
2026-09-04T10:44:33+10:00,2377637,2508_172X,-33.866756439208984,151.206298828125,9.0,16.9,6,0.1,True
2026-09-04T10:44:33+10:00,2308831,2459_445,-33.89862823486328,151.145751953125,48.0,38.9,31,0.52,True
2026-09-04T10:44:33+10:00,2515139,2459_410,-33.868587493896484,151.10537719726562,190.0,0.0,47,0.78,True
2026-09-04T10:44:33+10:00,2378041,2508_144,-33.817298889160156,151.18069458007812,101.0,30.6,26,0.43,True
2026-09-04T10:44:33+10:00,2286265,2459_428,-33.89957809448242,151.17080688476562,211.0,32.4,-191,-3.18,False
2026-09-04T10:44:33+10:00,2289731,2459_438X,-33.864959716796875,151.20986938476562,228.0,0.0,0,0.0,True
2026-09-04T10:44:33+10:00,2308850,2459_445,-33.8664665222168,151.16595458984375,41.0,0.0,117,1.95,True
2026-09-04T10:44:33+10:00,2287798,2459_428,-33.89197540283203,151.1876220703125,47.0,25.2,-94,-1.57,False
2026-09-04T10:44:33+10:00,2686027,2459_423,-33.91111373901367,151.1611328125,213.0,43.6,208,3.47,True
2026-09-04T10:44:33+10:00,2484375,2459_483,-33.88805389404297,151.1236114501953,295.0,0.0,291,4.85,True
2026-09-04T10:44:33+10:00,2285180,2459_438X,-33.88811111450195,151.16224670410156,104.0,50.4,630,10.5,False
2026-09-04T10:44:33+10:00,2392827,2508_114,-33.82368087768555,151.19235229492188,151.0,22.7,67,1.12,True
2026-09-04T10:44:33+10:00,2289853,2459_461X,-33.88867950439453,151.14315795898438,313.0,37.8,-195,-3.25,False
2026-09-04T10:44:33+10:00,2284119,2459_437,-33.871803283691406,151.1802215576172,235.0,0.0,28,0.47,True
2026-09-04T10:44:33+10:00,2289648,2459_428,-33.88140869140625,151.20608520507812,225.0,0.0,6,0.1,True
2026-09-04T10:44:33+10:00,2209021,2459_464,-33.88844680786133,151.1177520751953,93.0,29.2,-30,-0.5,True
2026-09-04T10:44:33+10:00,2285799,2459_422,-33.924442291259766,151.16110229492188,43.0,0.0,0,0.0,True
2026-09-04T10:44:33+10:00,2290465,2459_422,-33.884437561035156,151.1963653564453,268.0,27.0,-56,-0.93,True
2026-09-04T10:44:33+10:00,2714614,2508_144,-33.82472610473633,151.18994140625,268.0,34.6,593,9.88,False
2026-09-04T10:44:33+10:00,2424418,2508_230,-33.82448196411133,151.24061584472656,96.0,0.0,444,7.4,False
2026-09-04T10:44:33+10:00,2289832,2459_426,-33.898658752441406,151.1743927001953,82.0,0.0,191,3.18,True
2026-09-04T10:44:33+10:00,2636283,2459_415,-33.86517333984375,151.1302490234375,187.0,24.1,142,2.37,True
2026-09-04T10:44:33+10:00,2284942,2459_406,-33.90377426147461,151.1293487548828,37.0,38.5,33,0.55,True
2026-09-04T10:44:33+10:00,2208144,2459_530,-33.820594787597656,151.1499786376953,14.0,15.5,84,1.4,True
2026-09-04T10:44:33+10:00,2714697,2508_144,-33.8300895690918,151.21701049804688,274.0,42.8,530,8.83,False
2026-09-04T10:44:33+10:00,2289891,2459_433,-33.88406753540039,151.1924285888672,310.0,0.0,386,6.43,False
2026-09-04T10:44:33+10:00,2609067,2459_430,-33.90520477294922,151.16783142089844,28.0,16.9,0,0.0,True
2026-09-04T10:44:33+10:00,2036755,2459_440,-33.88458251953125,151.19253540039062,82.0,9.7,173,2.88,True
2026-09-04T10:44:33+10:00,2285364,2459_442,-33.87093734741211,151.20530700683594,83.0,0.0,272,4.53,True
2026-09-04T10:44:33+10:00,2514951,2459_410,-33.860939025878906,151.10452270507812,297.0,0.0,0,0.0,True
2026-09-04T10:44:33+10:00,2580251,2508_100,-33.83124923706055,151.2218780517578,118.0,0.0,-11,-0.18,True
2026-09-04T10:44:33+10:00,2288764,2459_433,-33.862369537353516,151.17091369628906,23.0,26.3,39,0.65,True
2026-09-04T10:44:33+10:00,2714729,2508_144,-33.79491424560547,151.26806640625,280.0,41.8,0,0.0,True
2026-09-04T10:44:33+10:00,2714729_2,2508_144,-33.829959869384766,151.21591186523438,280.0,33.8,-81,-1.35,False
2026-09-04T10:44:33+10:00,1959661,2459_445,-33.872047424316406,151.1575927734375,260.0,0.7,-80,-1.33,False
2026-09-04T10:44:33+10:00,2284954,2459_441,-33.8721809387207,151.2064666748047,177.0,0.0,-91,-1.52,False
2026-09-04T10:44:33+10:00,2580262,2508_100,-33.824337005615234,151.23861694335938,96.0,6.1,99,1.65,True
2026-09-04T10:44:33+10:00,2208421,2459_464,-33.84012222290039,151.1068572998047,258.0,0.0,174,2.9,True
2026-09-04T10:44:33+10:00,1959660,2459_445,-33.88645553588867,151.1574249267578,174.0,26.6,110,1.83,True
2026-09-04T10:44:33+10:00,1940065,2459_412,-33.90719223022461,151.15280151367188,192.0,34.6,629,10.48,False
2026-09-04T10:44:33+10:00,2037361,2459_469,-33.88571548461914,151.14956665039062,80.0,0.0,101,1.68,True
2026-09-04T10:44:33+10:00,1959662,2459_445,-33.85806655883789,151.18307495117188,292.0,0.0,0,0.0,True
2026-09-04T10:44:33+10:00,2288865,2459_441,-33.86227035522461,151.1763916015625,174.0,24.1,133,2.22,True
2026-09-04T10:44:33+10:00,1940343,2459_412,-33.86497497558594,151.2108917236328,221.0,0.0,0,0.0,True
2026-09-04T10:44:33+10:00,2288258,2459_303,-33.92439270019531,151.21066284179688,86.0,13.3,206,3.43,True
2026-09-04T10:44:33+10:00,2209676,2459_440,-33.8826904296875,151.22044372558594,325.0,36.4,-37,-0.62,True
2026-09-04T10:44:33+10:00,2209295,2459_487,-33.9114990234375,151.1187744140625,143.0,5.4,0,0.0,True
2026-09-04T10:44:33+10:00,2283563,2459_428,-33.89852523803711,151.14599609375,226.0,47.2,90,1.5,True
2026-09-04T10:44:33+10:00,2283135,2459_438X,-33.88188934326172,151.2055206298828,39.0,23.0,390,6.5,False
2026-09-04T10:44:33+10:00,2474927,2459_389,-33.86888122558594,151.19346618652344,153.0,32.4,-137,-2.28,False
2026-09-04T10:44:33+10:00,2373915,2508_111,-33.83293914794922,151.2457733154297,300.0,47.9,-27,-0.45,True
2026-09-04T10:44:33+10:00,2668031,2459_420,-33.882301330566406,151.10263061523438,10.0,31.7,-139,-2.32,False
2026-09-04T10:44:33+10:00,2580271,2508_100,-33.868106842041016,151.20596313476562,176.0,17.3,-169,-2.82,False
2026-09-04T10:44:33+10:00,2378838,2508_B1,-33.828102111816406,151.23049926757812,240.0,0.0,453,7.55,False
2026-09-04T10:44:33+10:00,2287363,2459_437,-33.8841667175293,151.14710998535156,86.0,0.0,93,1.55,True
2026-09-04T10:44:33+10:00,2289426,2459_348,-33.90785217285156,151.20330810546875,275.0,0.0,0,0.0,True
2026-09-04T10:44:33+10:00,2287176,2459_389,-33.89036560058594,151.24256896972656,290.0,0.0,58,0.97,True
2026-09-04T10:44:33+10:00,2289799,2459_461X,-33.88343048095703,151.20350646972656,46.0,0.0,351,5.85,False
2026-09-04T10:44:33+10:00,2289995,2459_348,-33.930816650390625,151.15481567382812,305.0,16.9,91,1.52,True
2026-09-04T10:44:33+10:00,2208810,2459_464,-33.85590362548828,151.103271484375,178.0,4.7,246,4.1,True
2026-09-04T10:44:33+10:00,2388785,2508_173X,-33.79413604736328,151.26495361328125,198.0,0.0,217,3.62,True
2026-09-04T10:44:33+10:00,2618599,2459_422,-33.88928985595703,151.1819610595703,166.0,16.9,301,5.02,False
2026-09-04T10:44:33+10:00,2580057,2508_100,-33.8726806640625,151.20651245117188,177.0,0.0,236,3.93,True
2026-09-04T10:44:33+10:00,2553993,2459_358,-33.9176025390625,151.17666625976562,142.0,47.2,35,0.58,True
2026-09-04T10:44:33+10:00,2714634,2508_144,-33.79491424560547,151.26806640625,280.0,41.8,36,0.6,True
2026-09-04T10:44:33+10:00,2428437,2508_238,-33.84572219848633,151.2396697998047,324.0,1.1,511,8.52,False
2026-09-04T10:44:33+10:00,2528982,2459_458,-33.873985290527344,151.10455322265625,279.0,13.7,0,0.0,True
2026-09-04T10:44:33+10:00,2474859,2459_389,-33.87712478637695,151.21771240234375,188.0,38.5,44,0.73,True
2026-09-04T10:44:33+10:00,2389093,2508_243,-33.830562591552734,151.2259521484375,244.0,34.2,148,2.47,True
2026-09-04T10:44:33+10:00,2308853,2459_445,-33.882537841796875,151.15000915527344,358.0,28.8,-143,-2.38,False
2026-09-04T10:44:33+10:00,2550354,2508_263,-33.840248107910156,151.208251953125,153.0,0.0,209,3.48,True
2026-09-04T10:44:33+10:00,2290867,2459_303,-33.924842834472656,151.2161865234375,280.0,40.7,87,1.45,True
2026-09-04T10:44:33+10:00,2554332,2459_358,-33.922237396240234,151.240234375,190.0,40.0,-229,-3.82,False
2026-09-04T10:44:33+10:00,1959659,2459_445,-33.90584182739258,151.135986328125,254.0,18.0,103,1.72,True
2026-09-04T10:44:33+10:00,2285878,2459_461X,-33.888336181640625,151.1563720703125,75.0,0.0,305,5.08,False
2026-09-04T10:44:33+10:00,2636286,2459_504,-33.8488655090332,151.13983154296875,228.0,3.6,186,3.1,True
2026-09-04T10:44:33+10:00,2208966,2459_440,-33.887332916259766,151.1739044189453,256.0,29.2,-362,-6.03,False
2026-09-04T10:44:33+10:00,2685979,2459_423,-33.86551284790039,151.2104034423828,217.0,0.0,0,0.0,True
2026-09-04T10:44:33+10:00,2285015,2459_470,-33.88032531738281,151.16741943359375,298.0,25.6,819,13.65,False
2026-09-04T10:44:33+10:00,2283556,2459_442,-33.85783386230469,151.18243408203125,283.0,31.3,12,0.2,True
2026-09-04T10:44:33+10:00,2580265,2508_100,-33.82722091674805,151.24400329589844,356.0,31.3,18,0.3,True
2026-09-04T10:44:33+10:00,2596453,2459_492,-33.87984848022461,151.1030731201172,9.0,28.8,308,5.13,False
2026-09-04T10:44:33+10:00,2287047,2459_418,-33.903236389160156,151.126953125,2.0,20.9,254,4.23,True
2026-09-04T10:44:33+10:00,2580272,2508_100,-33.8302116394043,151.2267303466797,242.0,0.0,225,3.75,True
2026-09-04T10:44:33+10:00,2626908,2508_166,-33.7966194152832,151.181396484375,16.0,0.0,0,0.0,True
2026-09-04T10:44:33+10:00,2475238,2459_389,-33.870582580566406,151.1982879638672,158.0,32.4,74,1.23,True
2026-09-04T10:44:33+10:00,2284389,2459_389,-33.884376525878906,151.23394775390625,314.0,9.0,357,5.95,False
2026-09-04T10:44:33+10:00,2596407,2459_492,-33.85091781616211,151.1548614501953,231.0,0.0,4,0.07,True
2026-09-04T10:44:33+10:00,2554328,2459_358,-33.92523956298828,151.21932983398438,280.0,42.5,-44,-0.73,True
2026-09-04T10:44:33+10:00,2618147,2508_263,-33.82213592529297,151.220458984375,225.0,37.8,57,0.95,True
2026-09-04T10:44:33+10:00,2287009,2459_348,-33.909488677978516,151.2196807861328,98.0,22.7,259,4.32,True
2026-09-04T10:44:33+10:00,2287564,2459_433,-33.88442611694336,151.1974639892578,284.0,15.1,-33,-0.55,True
2026-09-04T10:44:33+10:00,2714617,2508_114,-33.83013916015625,151.21832275390625,283.0,23.8,-55,-0.92,True
2026-09-04T10:44:33+10:00,2388996,2508_173X,-33.83135223388672,151.22406005859375,246.0,8.6,301,5.02,False
2026-09-04T10:44:33+10:00,2208662,2459_440,-33.87683868408203,151.209716796875,271.0,0.0,177,2.95,True
2026-09-04T10:44:33+10:00,2415780,2508_B1,-33.8244514465332,151.24073791503906,88.0,35.6,38,0.63,True
2026-09-04T10:44:33+10:00,2340686,2459_308,-33.90289306640625,151.19134521484375,220.0,22.7,-193,-3.22,False
2026-09-04T10:44:33+10:00,2596302,2459_491,-33.878211975097656,151.1272430419922,236.0,0.0,258,4.3,True
2026-09-04T10:44:33+10:00,2635938,2459_504,-33.87340545654297,151.21066284179688,99.0,27.0,202,3.37,True
2026-09-04T10:44:33+10:00,2289225,2459_348,-33.92313766479492,151.16268920898438,44.0,41.8,64,1.07,True
2026-09-04T10:44:33+10:00,2378189,2508_144,-33.829708099365234,151.21783447265625,115.0,40.7,323,5.38,False
2026-09-04T10:44:33+10:00,2421355,2508_225,-33.84327697753906,151.2274169921875,358.0,34.6,-153,-2.55,False
2026-09-04T10:44:33+10:00,2608961,2459_430,-33.89263916015625,151.18653869628906,250.0,0.0,14,0.23,True
2026-09-04T10:44:33+10:00,2039014,2459_470,-33.880348205566406,151.20681762695312,13.0,20.9,103,1.72,True
2026-09-04T10:44:33+10:00,2596468,2459_490,-33.86908721923828,151.1303253173828,252.0,0.0,60,1.0,True
2026-09-04T10:44:33+10:00,2039016,2459_470,-33.88032531738281,151.16757202148438,125.0,32.8,-13,-0.22,True
2026-09-04T10:44:33+10:00,2685995,2459_423,-33.865875244140625,151.2101287841797,191.0,0.0,0,0.0,True
2026-09-04T10:44:33+10:00,2290713,2459_438X,-33.87482833862305,151.13433837890625,146.0,0.0,243,4.05,True
2026-09-04T10:44:33+10:00,2290497,2459_426,-33.91232681274414,151.16009521484375,247.0,17.3,-110,-1.83,False
2026-09-04T10:44:33+10:00,1961551,2459_480,-33.88454818725586,151.19277954101562,80.0,0.0,-64,-1.07,False
2026-09-04T10:44:33+10:00,2378309,2508_144,-33.7965202331543,151.1790771484375,66.0,16.9,0,0.0,True
2026-09-04T10:44:33+10:00,2285127,2459_461X,-33.88135528564453,151.20529174804688,302.0,0.7,-35,-0.58,True
2026-09-04T10:44:33+10:00,2287976,2459_470,-33.88011169433594,151.20716857910156,281.0,14.0,293,4.88,True
2026-09-04T10:44:33+10:00,2283059,2459_461X,-33.87163543701172,151.21630859375,40.0,5.4,28,0.47,True
2026-09-04T10:44:33+10:00,1963811,2459_412,-33.89286422729492,151.1658477783203,240.0,43.6,250,4.17,True
2026-09-04T10:44:33+10:00,2283656,2459_431,-33.88056182861328,151.18765258789062,137.0,0.0,39,0.65,True
2026-09-04T10:44:33+10:00,1940342,2459_412,-33.885929107666016,151.18026733398438,254.0,23.4,-107,-1.78,False
2026-09-04T10:44:33+10:00,2421371,2508_230,-33.830684661865234,151.2198486328125,294.0,0.0,270,4.5,True
2026-09-04T10:44:33+10:00,2036754,2459_440,-33.88488006591797,151.22592163085938,98.0,10.4,-190,-3.17,False
2026-09-04T10:44:33+10:00,2378295,2508_B1,-33.82170486450195,151.24391174316406,187.0,42.8,314,5.23,False
2026-09-04T10:44:33+10:00,2285958,2459_423,-33.89155960083008,151.1880340576172,40.0,0.0,60,1.0,True
2026-09-04T10:44:33+10:00,2290526,2459_426,-33.88211441040039,151.2051544189453,46.0,33.1,352,5.87,False
2026-09-04T10:44:33+10:00,2685991,2459_423,-33.9001579284668,151.1705322265625,205.0,36.4,-15,-0.25,True
2026-09-04T10:44:33+10:00,2284253,2459_433,-33.86906433105469,151.17652893066406,181.0,31.0,383,6.38,False
2026-09-04T10:44:33+10:00,2668052,2459_420,-33.933837890625,151.18089294433594,280.0,25.9,272,4.53,True
2026-09-04T10:44:33+10:00,2421470,2508_230,-33.82512283325195,151.24217224121094,301.0,25.6,-109,-1.82,False
2026-09-04T10:44:33+10:00,2685937,2459_423,-33.88903045654297,151.19085693359375,237.0,0.0,-59,-0.98,True
2026-09-04T10:44:33+10:00,2609058,2459_430,-33.91549301147461,151.16554260253906,8.0,0.0,121,2.02,True
2026-09-04T10:44:33+10:00,2596272,2459_490,-33.87027359008789,151.1293182373047,14.0,34.6,336,5.6,False
2026-09-04T10:44:33+10:00,2287394,2459_442,-33.85800552368164,151.18896484375,77.0,0.0,399,6.65,False
2026-09-04T10:44:33+10:00,2285773,2459_422,-33.89812469482422,151.17825317382812,30.0,0.0,-95,-1.58,False
2026-09-04T10:44:33+10:00,2288613,2459_437,-33.8709602355957,151.20484924316406,93.0,21.6,0,0.0,True
2026-09-04T10:44:33+10:00,1912298,2459_483,-33.88753128051758,151.1215362548828,76.0,24.8,365,6.08,False
2026-09-04T10:44:33+10:00,2553940,2459_358,-33.923492431640625,151.23988342285156,10.0,35.3,-201,-3.35,False
2026-09-04T10:44:33+10:00,2596262,2459_492,-33.875450134277344,151.1191864013672,280.0,42.1,384,6.4,False
2026-09-04T10:44:33+10:00,2289827,2459_348,-33.921051025390625,151.2381591796875,98.0,0.0,0,0.0,True
2026-09-04T10:44:33+10:00,2660512,2459_320,-33.891212463378906,151.2056884765625,8.0,35.3,-89,-1.48,False
2026-09-04T10:44:33+10:00,2580159,2508_100,-33.8320426940918,151.244384765625,185.0,15.8,112,1.87,True
2026-09-04T10:44:33+10:00,2036757,2459_440,-33.86421585083008,151.1695098876953,233.0,0.0,0,0.0,True
2026-09-04T10:44:33+10:00,2208921,2459_464,-33.88854217529297,151.118896484375,253.0,39.2,17,0.28,True
2026-09-04T10:44:33+10:00,2208394,2459_440,-33.88812255859375,151.15817260742188,256.0,38.2,-78,-1.3,False
2026-09-04T10:44:33+10:00,1932427,2459_412,-33.89114761352539,151.1802520751953,107.0,16.9,105,1.75,True
2026-09-04T10:44:33+10:00,2660143,2459_320,-33.90143585205078,151.20912170410156,223.0,32.0,23,0.38,True
2026-09-04T10:44:33+10:00,2288220,2459_438X,-33.867408752441406,151.21063232421875,186.0,0.0,31,0.52,True
2026-09-04T10:44:33+10:00,2285928,2459_438X,-33.88702392578125,151.1573944091797,355.0,18.4,233,3.88,True
2026-09-04T10:44:33+10:00,2285094,2459_433,-33.884002685546875,151.2019500732422,73.0,0.0,-86,-1.43,False
2026-09-04T10:44:33+10:00,1963812,2459_412,-33.874542236328125,151.20974731445312,187.0,0.0,160,2.67,True
2026-09-04T10:44:33+10:00,2208582,2459_466,-33.877254486083984,151.1034393310547,100.0,3.2,0,0.0,True
2026-09-04T10:44:33+10:00,2036756,2459_440,-33.88755798339844,151.1576385498047,170.0,0.0,143,2.38,True
2026-09-04T10:44:33+10:00,2036753,2459_440,-33.890602111816406,151.23658752441406,112.0,50.0,465,7.75,False
2026-09-04T10:44:33+10:00,2596143,2459_491,-33.874019622802734,151.1273956298828,319.0,0.0,-59,-0.98,True
2026-09-04T10:44:33+10:00,2377925,2508_144,-33.79714584350586,151.17999267578125,246.0,0.7,0,0.0,True
2026-09-04T10:44:33+10:00,2287662,2459_438X,-33.84809875488281,151.12818908691406,352.0,0.0,208,3.47,True
2026-09-04T10:44:33+10:00,2668099,2459_420,-33.92449188232422,151.18820190429688,279.0,0.0,50,0.83,True
2026-09-04T10:44:33+10:00,2209314,2459_413,-33.892154693603516,151.14968872070312,150.0,34.6,-89,-1.48,False
2026-09-04T10:44:33+10:00,2037360,2459_469,-33.88064193725586,151.18775939941406,343.0,0.0,-202,-3.37,False
2026-09-04T10:44:33+10:00,2685964,2459_423,-33.915809631347656,151.15042114257812,232.0,1.1,449,7.48,False
2026-09-04T10:44:33+10:00,2375964,2508_173X,-33.84992218017578,151.21221923828125,27.0,62.6,118,1.97,True
2026-09-04T10:44:33+10:00,2349570,2459_418,-33.875064849853516,151.10751342773438,7.0,0.0,0,0.0,True
2026-09-04T10:44:33+10:00,2283882,2459_348,-33.903751373291016,151.2136993408203,282.0,25.6,-95,-1.58,False
2026-09-04T10:44:33+10:00,2415655,2508_B1,-33.864723205566406,151.2045440673828,6.0,1.4,-136,-2.27,False
2026-09-04T10:44:33+10:00,2609048,2459_430,-33.88294219970703,151.203857421875,53.0,18.7,-115,-1.92,False
2026-09-04T10:44:33+10:00,2208769,2459_415,-33.86947250366211,151.11074829101562,98.0,56.2,456,7.6,False
2026-09-04T10:44:33+10:00,2421356,2508_230,-33.84638977050781,151.2115020751953,175.0,13.3,90,1.5,True
2026-09-04T10:44:33+10:00,1962699,2459_413,-33.88825988769531,151.1571044921875,77.0,18.0,477,7.95,False
2026-09-04T10:44:33+10:00,2286776,2459_422,-33.88431167602539,151.19581604003906,88.0,0.0,-118,-1.97,False
2026-09-04T10:44:33+10:00,2589940,2508_280,-33.79638671875,151.1808624267578,185.0,0.0,-111,-1.85,False
2026-09-04T10:44:33+10:00,2475317,2459_389,-33.88335037231445,151.23248291015625,130.0,29.5,97,1.62,True
2026-09-04T10:44:33+10:00,2340783,2459_308,-33.8968620300293,151.1980743408203,76.0,18.0,6,0.1,True
2026-09-04T10:44:33+10:00,2285885,2459_428,-33.87899398803711,151.20718383789062,14.0,25.6,33,0.55,True
2026-09-04T10:44:33+10:00,2349568,2459_418,-33.889991760253906,151.12733459472656,119.0,16.9,40,0.67,True
2026-09-04T10:44:33+10:00,2289504,2459_431,-33.879981994628906,151.20895385742188,15.0,0.0,600,10.0,False
2026-09-04T10:44:33+10:00,2349579,2459_418,-33.903778076171875,151.1430206298828,138.0,0.0,281,4.68,True
2026-09-04T10:44:33+10:00,2514751,2459_410,-33.878108978271484,151.10353088378906,9.0,24.8,26,0.43,True
2026-09-04T10:44:33+10:00,2208357,2459_464,-33.869117736816406,151.1053009033203,9.0,0.0,42,0.7,True
2026-09-04T10:44:33+10:00,2533928,2509_350,-33.932857513427734,151.17967224121094,100.0,0.0,39,0.65,True
2026-09-04T10:44:33+10:00,2140392,2509_396,-33.91358184814453,151.2252197265625,143.0,38.5,91,1.52,True
2026-09-04T10:44:33+10:00,2396607,2509_392,-33.927001953125,151.22865295410156,346.0,0.0,26,0.43,True
2026-09-04T10:44:33+10:00,2628621,2509_304,-33.90735626220703,151.2053985595703,293.0,0.0,-93,-1.55,False
2026-09-04T10:44:33+10:00,2551795,2509_379,-33.89692306518555,151.25160217285156,159.0,30.2,-96,-1.6,False
2026-09-04T10:44:33+10:00,2434579,2509_390X,-33.90327453613281,151.25506591796875,174.0,34.9,37,0.62,True
2026-09-04T10:44:33+10:00,2139397,2509_396,-33.869937896728516,151.21034240722656,179.0,0.0,65,1.08,True
2026-09-04T10:44:33+10:00,2357594,2509_374,-33.91093444824219,151.2394256591797,188.0,37.1,402,6.7,False
2026-09-04T10:44:33+10:00,2494526,2509_343,-33.865257263183594,151.21148681640625,23.0,20.2,-442,-7.37,False
2026-09-04T10:44:33+10:00,2534434,2509_350,-33.924644470214844,151.1896209716797,100.0,20.5,110,1.83,True
2026-09-04T10:44:33+10:00,2494543,2509_374,-33.89136505126953,151.2119903564453,279.0,0.0,221,3.68,True
2026-09-04T10:44:33+10:00,2356111,2509_343,-33.87254333496094,151.20999145507812,186.0,24.8,-147,-2.45,False
2026-09-04T10:44:33+10:00,2357247,2509_339,-33.88534927368164,151.2163543701172,299.0,27.7,100,1.67,True
2026-09-04T10:44:33+10:00,2139926,2509_396,-33.86789321899414,151.2105712890625,6.0,0.0,-292,-4.87,False
2026-09-04T10:44:33+10:00,2470785,2509_356,-33.925384521484375,151.195556640625,190.0,0.0,0,0.0,True
2026-09-04T10:44:33+10:00,2494639,2509_374,-33.915794372558594,151.24899291992188,11.0,44.6,93,1.55,True
2026-09-04T10:44:33+10:00,2675131,2509_309,-33.955806732177734,151.23043823242188,157.0,23.4,-253,-4.22,False
2026-09-04T10:44:33+10:00,2357417,2509_370,-33.880897521972656,151.18788146972656,309.0,0.0,-329,-5.48,False
2026-09-04T10:44:33+10:00,2396516,2509_392,-33.90283966064453,151.20750427246094,42.0,33.5,340,5.67,False
2026-09-04T10:44:33+10:00,2356154,2509_370,-33.879878997802734,151.18710327148438,327.0,0.0,221,3.68,True
2026-09-04T10:44:33+10:00,2533861,2509_352,-33.892452239990234,151.18641662597656,71.0,37.4,406,6.77,False
2026-09-04T10:44:33+10:00,2534371,2509_325,-33.87367248535156,151.21224975585938,101.0,0.0,-83,-1.38,False
2026-09-04T10:44:33+10:00,2676619,2509_370,-33.91444396972656,151.2254638671875,174.0,17.6,-64,-1.07,False
2026-09-04T10:44:33+10:00,2139908,2509_396,-33.886905670166016,151.2191162109375,338.0,0.0,3,0.05,True
2026-09-04T10:44:33+10:00,2138255,2509_396,-33.91666030883789,151.22579956054688,349.0,0.0,18,0.3,True
2026-09-04T10:44:33+10:00,2346332,2509_390X,-33.92524719238281,151.2293701171875,303.0,33.8,138,2.3,True
2026-09-04T10:44:33+10:00,2548698,2509_350,-33.928627014160156,151.18724060058594,192.0,34.9,-216,-3.6,False
2026-09-04T10:44:33+10:00,2346346,2509_390X,-33.90065383911133,151.25375366210938,334.0,0.0,560,9.33,False
2026-09-04T10:44:33+10:00,2335609,2509_309,-33.91580581665039,151.20050048828125,17.0,18.4,-86,-1.43,False
2026-09-04T10:44:33+10:00,2470810,2509_397,-33.94579315185547,151.23553466796875,83.0,36.4,3,0.05,True
2026-09-04T10:44:33+10:00,2679143,2509_370,-33.91053771972656,151.20480346679688,107.0,11.9,215,3.58,True
2026-09-04T10:44:33+10:00,2533855,2509_387,-33.887596130371094,151.2587127685547,201.0,37.8,46,0.77,True
2026-09-04T10:44:33+10:00,2564033,2509_379,-33.90655517578125,151.2684783935547,279.0,35.3,32,0.53,True
2026-09-04T10:44:33+10:00,2356996,2509_370,-33.90719985961914,151.18739318847656,216.0,0.0,-143,-2.38,False
2026-09-04T10:44:33+10:00,2531816,2509_355,-33.9045295715332,151.16807556152344,23.0,16.9,91,1.52,True
2026-09-04T10:44:33+10:00,2300861,2509_399,-33.93985366821289,151.23916625976562,168.0,16.9,-143,-2.38,False
2026-09-04T10:44:33+10:00,2534192,2509_360,-33.90377426147461,151.2566680908203,328.0,14.0,177,2.95,True
2026-09-04T10:44:33+10:00,2534634,2509_352,-33.89176940917969,151.24746704101562,48.0,4.7,-142,-2.37,False
2026-09-04T10:44:33+10:00,2622889,2509_333,-33.89286422729492,151.25576782226562,278.0,0.0,-179,-2.98,False
2026-09-04T10:44:33+10:00,2622930,2509_333,-33.8905143737793,151.24307250976562,288.0,30.2,259,4.32,True
2026-09-04T10:44:33+10:00,2357044,2509_373,-33.90895462036133,151.23785400390625,99.0,27.0,-188,-3.13,False
2026-09-04T10:44:33+10:00,2352477,2509_356,-33.90056610107422,151.24203491210938,157.0,31.7,205,3.42,True
2026-09-04T10:44:33+10:00,2533668,2509_350,-33.94597244262695,151.24313354492188,79.0,46.1,-82,-1.37,False
2026-09-04T10:44:33+10:00,2137334,2509_396,-33.93537139892578,151.23814392089844,169.0,45.0,96,1.6,True
2026-09-04T10:44:33+10:00,2139592,2509_306,-33.89909362792969,151.20010375976562,340.0,0.0,-439,-7.32,False
2026-09-04T10:44:33+10:00,2137257,2509_306,-33.92970275878906,151.1950225830078,96.0,0.0,-79,-1.32,False
2026-09-04T10:44:33+10:00,2434684,2509_390X,-33.94062805175781,151.23936462402344,168.0,0.0,-184,-3.07,False
2026-09-04T10:44:33+10:00,2623345,2509_333,-33.88878631591797,151.2772674560547,85.0,0.0,-131,-2.18,False
2026-09-04T10:44:33+10:00,2403229,2509_311,-33.86970138549805,151.22552490234375,187.0,0.0,115,1.92,True
2026-09-04T10:44:33+10:00,2532786,2509_386,-33.858192443847656,151.2810516357422,38.0,44.3,649,10.82,False
2026-09-04T10:44:33+10:00,2470769,2509_356,-33.9283561706543,151.2491912841797,251.0,32.4,153,2.55,True
2026-09-04T10:44:33+10:00,2676648,2509_370,-33.90979766845703,151.2025146484375,198.0,0.0,-2,-0.03,True
2026-09-04T10:44:33+10:00,2548802,2509_350,-33.94388198852539,151.22689819335938,192.0,6.1,221,3.68,True
2026-09-04T10:44:33+10:00,2679126,2509_370,-33.89242935180664,151.18714904785156,247.0,24.1,-161,-2.68,False
2026-09-04T10:44:33+10:00,2356242,2509_373,-33.91572952270508,151.2405548095703,335.0,20.2,-54,-0.9,True
2026-09-04T10:44:33+10:00,2356910,2509_339,-33.912254333496094,151.25901794433594,279.0,22.3,92,1.53,True
2026-09-04T10:44:33+10:00,2628704,2509_304,-33.8773193359375,151.20941162109375,6.0,0.0,161,2.68,True
2026-09-04T10:44:33+10:00,2563867,2509_379,-33.88890838623047,151.2675323486328,91.0,0.0,292,4.87,True
2026-09-04T10:44:33+10:00,2532649,2509_350,-33.92383575439453,151.256103515625,11.0,39.6,-210,-3.5,False
2026-09-04T10:44:33+10:00,2533384,2509_313,-33.919620513916016,151.25701904296875,9.0,0.0,0,0.0,True
2026-09-04T10:44:33+10:00,2533467,2509_325,-33.8727912902832,151.26210021972656,291.0,35.6,343,5.72,False
2026-09-04T10:44:33+10:00,2138938,2509_375,-33.919349670410156,151.24240112304688,353.0,15.1,-199,-3.32,False
2026-09-04T10:44:33+10:00,2346337,2509_390X,-33.94190979003906,151.23916625976562,349.0,0.0,46,0.77,True
2026-09-04T10:44:33+10:00,2533097,2509_380,-33.89191818237305,151.2733917236328,33.0,15.5,165,2.75,True
2026-09-04T10:44:33+10:00,2396547,2509_392,-33.903751373291016,151.21302795410156,279.0,24.5,-116,-1.93,False
2026-09-04T10:44:33+10:00,2531332,2509_313,-33.894622802734375,151.25018310546875,330.0,33.1,-95,-1.58,False
2026-09-04T10:44:33+10:00,2352637,2509_307,-33.945255279541016,151.2265625,334.0,6.1,0,0.0,True
2026-09-04T10:44:33+10:00,2548734,2509_350,-33.94594955444336,151.24354553222656,257.0,35.3,83,1.38,True
2026-09-04T10:44:33+10:00,2534719,2509_352,-33.88148880004883,151.21878051757812,295.0,0.0,263,4.38,True
2026-09-04T10:44:33+10:00,2400356,2509_309,-33.94493103027344,151.1967010498047,337.0,34.2,38,0.63,True
2026-09-04T10:44:33+10:00,2356077,2509_370,-33.919403076171875,151.24700927734375,280.0,35.3,28,0.47,True
2026-09-04T10:44:33+10:00,2533931,2509_324,-33.87811279296875,151.23477172851562,143.0,35.6,-50,-0.83,True
2026-09-04T10:44:33+10:00,2679177,2509_370,-33.90447998046875,151.20263671875,165.0,0.0,-152,-2.53,False
2026-09-04T10:44:33+10:00,2356797,2509_343,-33.86355209350586,151.21185302734375,8.0,0.0,0,0.0,True
2026-09-04T10:44:33+10:00,2623285,2509_333,-33.87684631347656,151.2113037109375,274.0,47.9,157,2.62,True
2026-09-04T10:44:33+10:00,2139312,2509_396,-33.94791030883789,151.25326538085938,105.0,27.0,0,0.0,True
2026-09-04T10:44:33+10:00,2623058,2509_333,-33.89405822753906,151.26495361328125,101.0,34.9,45,0.75,True
2026-09-04T10:44:33+10:00,2548791,2509_350,-33.93152618408203,151.2563018798828,141.0,0.0,90,1.5,True
2026-09-04T10:44:33+10:00,2623031,2509_333,-33.891136169433594,151.25311279296875,72.0,11.2,40,0.67,True
2026-09-04T10:44:33+10:00,2400472,2509_392,-33.94663619995117,151.2281036376953,130.0,21.6,-258,-4.3,False
2026-09-04T10:44:33+10:00,2357197,2509_339,-33.911678314208984,151.25579833984375,99.0,41.0,-217,-3.62,False
2026-09-04T10:44:33+10:00,2532957,2509_325,-33.87300109863281,151.20706176757812,281.0,21.6,227,3.78,True
2026-09-04T10:44:33+10:00,2434774,2509_390X,-33.91785430908203,151.22628784179688,172.0,0.0,-103,-1.72,False
2026-09-04T10:44:33+10:00,2623136,2509_333,-33.891239166259766,151.2454833984375,289.0,42.8,-123,-2.05,False
2026-09-04T10:44:33+10:00,2563954,2509_387,-33.8916130065918,151.25196838378906,54.0,11.9,254,4.23,True
2026-09-04T10:44:33+10:00,2494576,2509_343,-33.89620590209961,151.20663452148438,8.0,0.4,169,2.82,True
2026-09-04T10:44:33+10:00,2494668,2509_343,-33.909114837646484,151.2066650390625,22.0,36.0,27,0.45,True
2026-09-04T10:44:33+10:00,2470807,2509_356,-33.94506072998047,151.22186279296875,205.0,0.0,18,0.3,True
2026-09-04T10:44:33+10:00,2434437,2509_390X,-33.9125862121582,151.2393035888672,160.0,0.0,42,0.7,True
2026-09-04T10:44:33+10:00,2139005,2509_375,-33.95032501220703,151.23155212402344,176.0,0.0,88,1.47,True
2026-09-04T10:44:33+10:00,2679141,2509_370,-33.91482925415039,151.22557067871094,157.0,16.6,226,3.77,True
2026-09-04T10:44:33+10:00,2623210,2509_333,-33.87963104248047,151.21568298339844,133.0,0.0,164,2.73,True
2026-09-04T10:44:33+10:00,2532272,2509_324,-33.876129150390625,151.2243194580078,355.0,22.0,168,2.8,True
2026-09-04T10:44:33+10:00,2357545,2509_374,-33.889251708984375,151.20790100097656,185.0,0.0,86,1.43,True
2026-09-04T10:44:33+10:00,2533954,2509_355,-33.891395568847656,151.2124481201172,98.0,4.0,150,2.5,True
2026-09-04T10:44:33+10:00,2357123,2509_370,-33.91328811645508,151.22471618652344,319.0,27.0,588,9.8,False
2026-09-04T10:44:33+10:00,2551773,2509_379,-33.890140533447266,151.25497436523438,232.0,0.0,-169,-2.82,False
2026-09-04T10:44:33+10:00,2505876,2509_393,-33.944915771484375,151.22193908691406,206.0,0.0,1,0.02,True
2026-09-04T10:44:33+10:00,2534268,2509_326,-33.87648391723633,151.25929260253906,171.0,32.0,75,1.25,True
2026-09-04T10:44:33+10:00,2356587,2509_373,-33.88278579711914,151.21743774414062,171.0,33.1,-92,-1.53,False
2026-09-04T10:44:33+10:00,2356074,2509_311,-33.8719596862793,151.2275848388672,271.0,18.0,521,8.68,False
2026-09-04T10:44:33+10:00,2534588,2509_355,-33.90013122558594,151.18626403808594,280.0,0.0,-256,-4.27,False
2026-09-04T10:44:33+10:00,2352738,2509_356,-33.89107894897461,151.2494354248047,279.0,0.0,0,0.0,True
2026-09-04T10:44:33+10:00,2675057,2509_309,-33.895896911621094,151.19903564453125,162.0,0.0,4,0.07,True
2026-09-04T10:44:33+10:00,2548510,2509_350,-33.94401550292969,151.2268829345703,191.0,0.0,807,13.45,False
2026-09-04T10:44:33+10:00,2674977,2509_309,-33.94232940673828,151.1952362060547,167.0,36.7,110,1.83,True
2026-09-04T10:44:33+10:00,2488362,2509_392,-33.911495208740234,151.22340393066406,168.0,5.4,213,3.55,True
2026-09-04T10:44:33+10:00,2531516,2509_350,-33.912681579589844,151.2584686279297,11.0,22.3,56,0.93,True
2026-09-04T10:44:33+10:00,2674973,2509_309,-33.9170036315918,151.20004272460938,195.0,0.0,111,1.85,True
2026-09-04T10:44:33+10:00,2628742,2509_304,-33.87759017944336,151.2093963623047,182.0,29.9,84,1.4,True
2026-09-04T10:44:33+10:00,2139129,2509_396,-33.93828201293945,151.23825073242188,347.0,0.4,-38,-0.63,True
2026-09-04T10:44:33+10:00,2356522,2509_343,-33.9069709777832,151.20742797851562,147.0,3.6,64,1.07,True
2026-09-04T10:44:33+10:00,2533693,2509_350,-33.91232681274414,151.258544921875,8.0,7.6,469,7.82,False
2026-09-04T10:44:33+10:00,2533093,2509_381,-33.89187240600586,151.25131225585938,258.0,28.1,-381,-6.35,False
2026-09-04T10:44:33+10:00,2628741,2509_304,-33.90071105957031,151.21302795410156,9.0,0.0,196,3.27,True
2026-09-04T10:44:33+10:00,2531359,2509_324,-33.85594940185547,151.20677185058594,226.0,0.0,0,0.0,True
2026-09-04T10:44:33+10:00,2357416,2509_370,-33.907527923583984,151.1863555908203,283.0,8.6,368,6.13,False
2026-09-04T10:44:33+10:00,2534684,2509_327,-33.882225036621094,151.25172424316406,276.0,32.0,211,3.52,True
2026-09-04T10:44:33+10:00,2139237,2509_396,-33.862422943115234,151.211181640625,358.0,0.0,0,0.0,True
2026-09-04T10:44:33+10:00,2563940,2509_379,-33.89118576049805,151.2528076171875,72.0,0.0,152,2.53,True
2026-09-04T10:44:33+10:00,2137559,2509_375,-33.9471549987793,151.255859375,224.0,21.2,558,9.3,False
2026-09-04T10:44:33+10:00,2623004,2509_333,-33.86747741699219,151.21063232421875,186.0,1.1,97,1.62,True
2026-09-04T10:44:33+10:00,2357311,2509_370,-33.91942596435547,151.2572021484375,189.0,0.0,0,0.0,True
2026-09-04T10:44:33+10:00,2346392,2509_390X,-33.89690017700195,151.25161743164062,338.0,23.4,16,0.27,True
2026-09-04T10:44:33+10:00,2623344,2509_333,-33.862144470214844,151.21121215820312,3.0,0.0,6,0.1,True
2026-09-04T10:44:33+10:00,2623027,2509_333,-33.891319274902344,151.2475128173828,11.0,3.6,24,0.4,True
2026-09-04T10:44:33+10:00,2533228,2509_352,-33.90852355957031,151.1718292236328,79.0,0.0,0,0.0,True
2026-09-04T10:44:33+10:00,2532407,2509_325,-33.86732864379883,151.27175903320312,61.0,32.8,-185,-3.08,False
2026-09-04T10:44:33+10:00,2400661,2509_392,-33.903385162353516,151.20986938476562,55.0,29.2,117,1.95,True
2026-09-04T10:44:33+10:00,2563979,2509_386,-33.86520004272461,151.27305603027344,45.0,27.7,40,0.67,True
2026-09-04T10:44:33+10:00,2346299,2509_390X,-33.915496826171875,151.2401123046875,76.0,17.6,-5,-0.08,True
2026-09-04T10:44:33+10:00,2623066,2509_333,-33.86267852783203,151.21115112304688,6.0,0.7,0,0.0,True
2026-09-04T10:44:33+10:00,2434833,2509_390X,-33.9413948059082,151.23956298828125,168.0,13.0,276,4.6,True
2026-09-04T10:44:33+10:00,2623140,2509_333,-33.883880615234375,151.22254943847656,114.0,27.4,297,4.95,True
2026-09-04T10:44:33+10:00,2352780,2509_356,-33.942665100097656,151.2465362548828,281.0,37.1,-204,-3.4,False
2026-09-04T10:44:33+10:00,2551660,2509_379,-33.889404296875,151.28318786621094,38.0,0.0,0,0.0,True
2026-09-04T10:44:33+10:00,2355951,2509_373,-33.9207878112793,151.24652099609375,102.0,0.0,-190,-3.17,False
2026-09-04T10:44:33+10:00,2400593,2509_309,-33.89665985107422,151.1992950439453,339.0,13.7,-218,-3.63,False
2026-09-04T10:44:33+10:00,2494598,2509_343,-33.925479888916016,151.2208709716797,280.0,42.1,25,0.42,True
2026-09-04T10:44:33+10:00,2352254,2509_307,-33.942684173583984,151.19532775878906,336.0,38.9,443,7.38,False
2026-09-04T10:44:33+10:00,2551854,2509_379,-33.8884162902832,151.27101135253906,219.0,22.0,-71,-1.18,False
2026-09-04T10:44:33+10:00,2139085,2509_306,-33.91066360473633,151.20587158203125,96.0,5.0,-519,-8.65,False
2026-09-04T10:44:33+10:00,2622975,2509_333,-33.86164855957031,151.21188354492188,98.0,0.4,0,0.0,True
2026-09-04T10:44:33+10:00,2622935,2509_333,-33.89078140258789,151.2744598388672,42.0,0.0,369,6.15,False
2026-09-04T10:44:33+10:00,2623361,2509_333,-33.87302780151367,151.20993041992188,186.0,0.0,218,3.63,True
2026-09-04T10:44:33+10:00,2623230,2509_333,-33.889251708984375,151.27853393554688,285.0,40.0,139,2.32,True
2026-09-04T10:44:33+10:00,2346355,2509_390X,-33.916831970214844,151.23890686035156,100.0,29.2,517,8.62,False
2026-09-04T10:44:33+10:00,2628755,2509_304,-33.89131546020508,151.2127685546875,189.0,0.0,172,2.87,True
2026-09-04T10:44:33+10:00,2623364,2509_333,-33.88935470581055,151.28338623046875,219.0,0.0,0,0.0,True
2026-09-04T10:44:33+10:00,2532547,2509_313,-33.891883850097656,151.24981689453125,171.0,12.2,45,0.75,True
2026-09-04T10:44:33+10:00,2396608,2509_392,-33.94502639770508,151.22650146484375,27.0,1.4,-162,-2.7,False
2026-09-04T10:44:33+10:00,2532336,2509_380,-33.889217376708984,151.28367614746094,200.0,27.0,81,1.35,True
2026-09-04T10:44:33+10:00,2357113,2509_343,-33.88256072998047,151.20848083496094,189.0,7.2,180,3.0,True
2026-09-04T10:44:33+10:00,2400527,2509_392,-33.95349884033203,151.230712890625,215.0,0.0,-111,-1.85,False
2026-09-04T10:44:33+10:00,2356162,2509_311,-33.868953704833984,151.20460510253906,355.0,0.0,982,16.37,False
2026-09-04T10:44:33+10:00,2548756,2509_350,-33.906288146972656,151.25399780273438,166.0,15.8,91,1.52,True
2026-09-04T10:44:33+10:00,2564005,2509_379,-33.89641189575195,151.2512969970703,334.0,0.0,46,0.77,True
2026-09-04T10:44:33+10:00,2533481,2509_380,-33.891693115234375,151.24703979492188,104.0,0.0,0,0.0,True
2026-09-04T10:44:33+10:00,2679202,2509_370,-33.887939453125,151.19300842285156,229.0,26.6,627,10.45,False
2026-09-04T10:44:33+10:00,2138797,2509_396,-33.88146209716797,151.21719360351562,169.0,0.0,158,2.63,True
2026-09-04T10:44:33+10:00,2139381,2509_375,-33.91849136352539,151.24220275878906,347.0,40.7,983,16.38,False
2026-09-04T10:44:33+10:00,2533176,2509_324,-33.844642639160156,151.28384399414062,84.0,18.7,0,0.0,True
2026-09-04T10:44:33+10:00,2488406,2509_392,-33.8963737487793,151.2088165283203,98.0,24.8,24,0.4,True
2026-09-04T10:44:33+10:00,2357338,2509_370,-33.91584014892578,151.23280334472656,280.0,37.1,130,2.17,True
2026-09-04T10:44:33+10:00,2628725,2509_304,-33.88362121582031,151.21435546875,9.0,0.0,94,1.57,True
2026-09-04T10:44:33+10:00,2357661,2509_373,-33.878292083740234,151.21405029296875,319.0,24.5,-684,-11.4,False
2026-09-04T10:44:33+10:00,2357661_2,2509_373,-33.903114318847656,151.22506713867188,316.0,45.0,9,0.15,True
2026-09-04T10:44:33+10:00,2632136,2510_301,-33.94020462036133,151.21495056152344,324.0,45.7,137,2.28,True
2026-09-04T10:44:33+10:00,2632227,2510_301,-33.93085861206055,151.2030487060547,280.0,32.0,-205,-3.42,False
2026-09-04T10:44:33+10:00,2579044,7084_SW2,-33.91304397583008,151.11773681640625,50.0,35.3,73,1.22,True
2026-09-04T10:44:33+10:00,2579139,7084_SW2,-33.904842376708984,151.15658569335938,144.0,32.4,-171,-2.85,False
2026-09-04T10:44:33+10:00,2530023,7084_SW2,-33.90811538696289,151.1505889892578,291.0,55.8,15,0.25,True
2026-09-04T11:00:14+10:00,2643904,2507_52,-33.873409271240234,151.21060180664062,281.0,0.0,0,0.0,True
2026-09-04T11:00:14+10:00,2581543,2507_269,-33.85091018676758,151.2180633544922,284.0,0.0,184,3.07,True
2026-09-04T11:00:14+10:00,2681940,2507_267,-33.804691314697266,151.20938110351562,207.0,32.8,447,7.45,False
2026-09-04T11:00:14+10:00,2604301,2514_271,-33.80783462524414,151.2047576904297,9.0,44.3,0,0.0,True
2026-09-04T11:00:14+10:00,2309560,7083_SW3,-33.914581298828125,151.1652374267578,43.0,7.9,809,13.48,False
2026-09-04T11:00:14+10:00,2644483,2507_207,-33.86392593383789,151.21029663085938,6.0,0.0,10,0.17,True
2026-09-04T11:00:14+10:00,2644218,2507_52,-33.85691452026367,151.16012573242188,146.0,35.3,248,4.13,True
2026-09-04T11:00:14+10:00,2555485,2507_538,-33.82133865356445,151.14456176757812,348.0,24.8,-50,-0.83,True
2026-09-04T11:00:14+10:00,2492423,2514_270,-33.84929656982422,151.212646484375,196.0,58.0,-264,-4.4,False
2026-09-04T11:00:14+10:00,2644886,2507_202,-33.83421325683594,151.20782470703125,189.0,0.0,63,1.05,True
2026-09-04T11:00:14+10:00,2644042,2507_120,-33.86646270751953,151.20578002929688,174.0,27.7,-121,-2.02,False
2026-09-04T11:00:14+10:00,2319414,7083_SW3,-33.91438293457031,151.1659698486328,0.0,0.0,-26,-0.43,True
2026-09-04T11:00:14+10:00,2642838,2507_120,-33.86677169799805,151.205810546875,174.0,0.0,1078,17.97,False
2026-09-04T11:00:14+10:00,2642838_2,2507_120,-33.79252243041992,151.19512939453125,249.0,1.4,-452,-7.53,False
2026-09-04T11:00:14+10:00,2537756,2507_533,-33.8077278137207,151.17156982421875,280.0,40.7,197,3.28,True
2026-09-04T11:00:14+10:00,2702248,2507_501,-33.88081741333008,151.20664978027344,209.0,23.0,10,0.17,True
2026-09-04T11:00:14+10:00,2644868,2507_207,-33.80217742919922,151.2116241455078,165.0,0.0,-35,-0.58,True
2026-09-04T11:00:14+10:00,2643218,2507_120,-33.8187255859375,151.20274353027344,146.0,56.2,-60,-1.0,True
2026-09-04T11:00:14+10:00,2621525,2507_252,-33.826263427734375,151.1992645263672,321.0,0.0,189,3.15,True
2026-09-04T11:00:14+10:00,2672385,2507_115,-33.82799530029297,151.20175170898438,5.0,0.0,187,3.12,True
2026-09-04T11:00:14+10:00,2682778,7083_SW1,-33.914363861083984,151.16566467285156,0.0,0.0,2460,41.0,False
2026-09-04T11:00:14+10:00,2672426,2507_115,-33.822784423828125,151.20098876953125,176.0,0.0,161,2.68,True
2026-09-04T11:00:14+10:00,2644892,2507_120,-33.87070083618164,151.2062530517578,174.0,16.6,310,5.17,False
2026-09-04T11:00:14+10:00,2558917,7083_SW1,-33.917388916015625,151.1483917236328,55.0,25.9,188,3.13,True
2026-09-04T11:00:14+10:00,2385403,2514_565,-33.79639434814453,151.18028259277344,7.0,5.4,10,0.17,True
2026-09-04T11:00:14+10:00,2517210,2514_281,-33.792930603027344,151.19407653808594,69.0,37.1,-45,-0.75,True
2026-09-04T11:00:14+10:00,2634577,2507_254,-33.823997497558594,151.1923065185547,64.0,42.5,-271,-4.52,False
2026-09-04T11:00:14+10:00,2225713,2507_292,-33.866981506347656,151.20339965820312,178.0,31.7,10,0.17,True
2026-09-04T11:00:14+10:00,2702174,2507_501,-33.883323669433594,151.20175170898438,155.0,0.0,116,1.93,True
2026-09-04T11:00:14+10:00,2643097,2507_52,-33.83369064331055,151.1271514892578,338.0,20.9,78,1.3,True
2026-09-04T11:00:14+10:00,2492492,2514_194,-33.792442321777344,151.20730590820312,160.0,50.8,-17,-0.28,True
2026-09-04T11:00:14+10:00,2682657,7083_SW1,-33.914146423339844,151.1658935546875,56.0,2.5,2884,48.07,False
2026-09-04T11:00:14+10:00,2672279,2507_267,-33.7983283996582,151.18643188476562,339.0,36.0,-165,-2.75,False
2026-09-04T11:00:14+10:00,2621480,2507_288,-33.80866241455078,151.15541076660156,143.0,0.0,456,7.6,False
2026-09-04T11:00:14+10:00,2322371,2507_506,-33.82191848754883,151.1345672607422,300.0,1.8,-34,-0.57,True
2026-09-04T11:00:14+10:00,2558908,7083_SW1,-33.91072082519531,151.13900756835938,148.0,17.3,-5,-0.08,True
2026-09-04T11:00:14+10:00,2702533,2507_501,-33.85272979736328,151.15623474121094,142.0,0.0,-216,-3.6,False
2026-09-04T11:00:14+10:00,2538328,2507_506,-33.831878662109375,151.1420135498047,143.0,37.8,102,1.7,True
2026-09-04T11:00:14+10:00,2642945,2507_52,-33.867794036865234,151.1756134033203,337.0,0.0,247,4.12,True
2026-09-04T11:00:14+10:00,2329192,7083_SW3,-33.91474151611328,151.16505432128906,0.0,0.0,629,10.48,False
2026-09-04T11:00:14+10:00,2645065,2507_52,-33.872440338134766,151.21282958984375,164.0,0.7,0,0.0,True
2026-09-04T11:00:14+10:00,2702392,2507_501,-33.87041473388672,151.19435119628906,334.0,28.1,250,4.17,True
2026-09-04T11:00:14+10:00,2407883,2507_252,-33.82948684692383,151.1460723876953,2.0,59.0,19,0.32,True
2026-09-04T11:00:14+10:00,2621045,2507_256,-33.79438018798828,151.16004943847656,346.0,1.1,184,3.07,True
2026-09-04T11:00:14+10:00,2441814,2507_207,-33.8408203125,151.20660400390625,283.0,11.5,165,2.75,True
2026-09-04T11:00:14+10:00,2407195,2507_252,-33.83428955078125,151.2049102783203,168.0,17.3,7,0.12,True
2026-09-04T11:00:14+10:00,2702262,2507_501,-33.8345832824707,151.12754821777344,339.0,2.2,-12,-0.2,True
2026-09-04T11:00:14+10:00,2643159,2507_52,-33.872825622558594,151.20481872558594,78.0,0.0,17,0.28,True
2026-09-04T11:00:14+10:00,2702311,2507_501,-33.87046813964844,151.19198608398438,68.0,34.2,-40,-0.67,True
2026-09-04T11:00:14+10:00,2538219,2507_506,-33.87320327758789,151.20896911621094,97.0,18.0,531,8.85,False
2026-09-04T11:00:14+10:00,2643806,2507_120,-33.796085357666016,151.18307495117188,311.0,18.0,-331,-5.52,False
2026-09-04T11:00:14+10:00,2644398,2507_52,-33.850406646728516,151.15396118164062,147.0,21.2,-170,-2.83,False
2026-09-04T11:00:14+10:00,2517299,2514_270,-33.87036895751953,151.20545959472656,354.0,0.0,10,0.17,True
2026-09-04T11:00:14+10:00,2345569,2514_194,-33.87046432495117,151.2062225341797,175.0,0.0,96,1.6,True
2026-09-04T11:00:14+10:00,2406973,2507_261,-33.82290267944336,151.17193603515625,7.0,28.1,-49,-0.82,True
2026-09-04T11:00:14+10:00,2621450,2507_252,-33.828548431396484,151.1293487548828,245.0,20.5,94,1.57,True
2026-09-04T11:00:14+10:00,2538241,2507_506,-33.864200592041016,151.17063903808594,131.0,0.0,369,6.15,False
2026-09-04T11:00:14+10:00,2672481,2507_115,-33.79597473144531,151.1837615966797,77.0,30.6,-26,-0.43,True
2026-09-04T11:00:14+10:00,2231214,2507_292,-33.804664611816406,151.15621948242188,282.0,52.9,-97,-1.62,False
2026-09-04T11:00:14+10:00,2227439,2507_292,-33.80845642089844,151.1656951904297,199.0,0.0,-39,-0.65,True
2026-09-04T11:00:14+10:00,2634536,2507_261,-33.82654571533203,151.17262268066406,214.0,36.4,389,6.48,False
2026-09-04T11:00:14+10:00,2642829,2507_120,-33.795223236083984,151.18630981445312,67.0,0.0,167,2.78,True
2026-09-04T11:00:14+10:00,2543315,2504_610X,-33.87061309814453,151.20623779296875,175.0,0.0,0,0.0,True
2026-09-04T11:00:14+10:00,2541721,2504_610X,-33.87205505371094,151.2056427001953,355.0,30.2,-35,-0.58,True
2026-09-04T11:00:14+10:00,2541954,2504_607X,-33.80718231201172,151.15438842773438,130.0,65.9,-320,-5.33,False
2026-09-04T11:00:14+10:00,2637884,2504_607X,-33.86639404296875,151.2057342529297,172.0,42.1,0,0.0,True
2026-09-04T11:00:14+10:00,2542020,2504_610X,-33.87172317504883,151.20628356933594,177.0,0.0,0,0.0,True
2026-09-04T11:00:14+10:00,2541087,2504_610X,-33.822635650634766,151.20628356933594,133.0,66.6,-290,-4.83,False
2026-09-04T11:00:14+10:00,2543938,2504_610X,-33.83648681640625,151.2108612060547,9.0,63.0,89,1.48,True
2026-09-04T11:00:14+10:00,2638033,2504_607X,-33.80835723876953,151.15670776367188,302.0,73.8,138,2.3,True
2026-09-04T11:00:14+10:00,2285810,2459_438X,-33.86509704589844,151.20970153808594,228.0,0.0,7,0.12,True
2026-09-04T11:00:14+10:00,2285307,2459_418,-33.89067077636719,151.1280975341797,14.0,21.2,-282,-4.7,False
2026-09-04T11:00:14+10:00,2289823,2459_389,-33.869930267333984,151.19406127929688,334.0,15.8,430,7.17,False
2026-09-04T11:00:14+10:00,2285051,2459_438X,-33.88001251220703,151.208984375,19.0,14.4,-20,-0.33,True
2026-09-04T11:00:14+10:00,2290942,2459_426,-33.903221130371094,151.16880798339844,204.0,27.4,-57,-0.95,True
2026-09-04T11:00:14+10:00,2454799,2508_225,-33.83677673339844,151.2262420654297,182.0,15.8,375,6.25,False
2026-09-04T11:00:14+10:00,2287541,2459_470,-33.88481903076172,151.19183349609375,262.0,0.0,93,1.55,True
2026-09-04T11:00:14+10:00,2378434,2508_144,-33.794273376464844,151.26419067382812,98.0,25.6,403,6.72,False
2026-09-04T11:00:14+10:00,2660221,2459_320,-33.89405822753906,151.2071533203125,190.0,0.0,76,1.27,True
2026-09-04T11:00:14+10:00,2475225,2459_389,-33.88486099243164,151.23480224609375,129.0,23.8,-217,-3.62,False
2026-09-04T11:00:14+10:00,2289945,2459_433,-33.88434982299805,151.1942901611328,85.0,0.0,-90,-1.5,False
2026-09-04T11:00:14+10:00,2288292,2459_428,-33.884300231933594,151.20071411132812,265.0,0.0,-132,-2.2,False
2026-09-04T11:00:14+10:00,2668058,2459_420,-33.92689514160156,151.18792724609375,39.0,46.1,488,8.13,False
2026-09-04T11:00:14+10:00,2285114,2459_423,-33.89616012573242,151.1804656982422,58.0,17.6,26,0.43,True
2026-09-04T11:00:14+10:00,1961373,2459_412,-33.89096450805664,151.1790313720703,66.0,0.0,154,2.57,True
2026-09-04T11:00:14+10:00,2553950,2459_358,-33.915504455566406,151.16566467285156,11.0,7.9,71,1.18,True
2026-09-04T11:00:14+10:00,2484431,2459_483,-33.88828659057617,151.15740966796875,256.0,43.9,138,2.3,True
2026-09-04T11:00:14+10:00,2283410,2459_433,-33.85661697387695,151.17828369140625,279.0,0.0,27,0.45,True
2026-09-04T11:00:14+10:00,2209372,2459_408,-33.874053955078125,151.107666015625,188.0,2.9,0,0.0,True
2026-09-04T11:00:14+10:00,1932428,2459_412,-33.89904022216797,151.15345764160156,3.0,0.0,114,1.9,True
2026-09-04T11:00:14+10:00,2286958,2459_461X,-33.87480545043945,151.10421752929688,188.0,0.0,734,12.23,False
2026-09-04T11:00:14+10:00,2208495,2459_440,-33.882423400878906,151.20851135253906,189.0,0.0,-324,-5.4,False
2026-09-04T11:00:14+10:00,2580202,2508_100,-33.82798767089844,151.23043823242188,240.0,0.0,73,1.22,True
2026-09-04T11:00:14+10:00,2714613,2508_144,-33.83028793334961,151.22671508789062,243.0,0.0,565,9.42,False
2026-09-04T11:00:14+10:00,2388961,2508_243,-33.81929016113281,151.23634338378906,184.0,32.8,187,3.12,True
2026-09-04T11:00:14+10:00,2428390,2508_238,-33.842193603515625,151.24354553222656,346.0,18.4,219,3.65,True
2026-09-04T11:00:14+10:00,2475014,2459_389,-33.86833572387695,151.19650268554688,310.0,27.0,-44,-0.73,True
2026-09-04T11:00:14+10:00,2686025,2459_423,-33.89376449584961,151.18333435058594,223.0,0.0,120,2.0,True
2026-09-04T11:00:14+10:00,2714707,2508_144,-33.80309295654297,151.24615478515625,186.0,51.8,84,1.4,True
2026-09-04T11:00:14+10:00,2208986,2459_464,-33.88761520385742,151.12266540527344,108.0,20.5,-74,-1.23,False
2026-09-04T11:00:14+10:00,2714667,2508_114,-33.8283576965332,151.22994995117188,240.0,0.0,31,0.52,True
2026-09-04T11:00:14+10:00,2378557,2508_144,-33.8308219909668,151.22064208984375,114.0,0.0,546,9.1,False
2026-09-04T11:00:14+10:00,2620006,2459_530,-33.8694953918457,151.10903930664062,277.0,0.0,50,0.83,True
2026-09-04T11:00:14+10:00,2424365,2508_230,-33.832054138183594,151.23973083496094,250.0,44.6,137,2.28,True
2026-09-04T11:00:14+10:00,2377637,2508_172X,-33.83139419555664,151.2220916748047,114.0,0.0,144,2.4,True
2026-09-04T11:00:14+10:00,2308831,2459_445,-33.87992477416992,151.1564178466797,68.0,1.1,-269,-4.48,False
2026-09-04T11:00:14+10:00,2340886,2459_308,-33.9084358215332,151.17221069335938,86.0,0.0,11,0.18,True
2026-09-04T11:00:14+10:00,2378041,2508_144,-33.83133316040039,151.2219696044922,114.0,3.6,-99,-1.65,False
2026-09-04T11:00:14+10:00,2283895,2459_389,-33.888145446777344,151.2383270263672,259.0,18.4,247,4.12,True
2026-09-04T11:00:14+10:00,2424398,2508_230,-33.8291130065918,151.2089385986328,10.0,0.0,373,6.22,False
2026-09-04T11:00:14+10:00,2580172,2508_100,-33.8419189453125,151.2438201904297,180.0,0.0,81,1.35,True
2026-09-04T11:00:14+10:00,2378240,2508_B1,-33.83162307739258,151.2226104736328,271.0,5.0,-233,-3.88,False
2026-09-04T11:00:14+10:00,2286265,2459_428,-33.904930114746094,151.129638671875,274.0,42.8,-179,-2.98,False
2026-09-04T11:00:14+10:00,2289731,2459_438X,-33.876224517822266,151.20948791503906,190.0,14.4,55,0.92,True
2026-09-04T11:00:14+10:00,2374910,2508_173X,-33.8663330078125,151.20632934570312,6.0,0.0,4,0.07,True
2026-09-04T11:00:14+10:00,2668056,2459_420,-33.93306350708008,151.18096923828125,101.0,23.4,-304,-5.07,False
2026-09-04T11:00:14+10:00,2289886,2459_428,-33.86955261230469,151.21038818359375,6.0,9.0,0,0.0,True
2026-09-04T11:00:14+10:00,2686027,2459_423,-33.92679214477539,151.12973022460938,245.0,33.8,348,5.8,False
2026-09-04T11:00:14+10:00,1959663,2459_445,-33.858280181884766,151.1841278076172,274.0,11.5,246,4.1,True
2026-09-04T11:00:14+10:00,2376477,2508_145,-33.7930908203125,151.26515197753906,9.0,0.0,76,1.27,True
2026-09-04T11:00:14+10:00,2285180,2459_438X,-33.88032150268555,151.20884704589844,45.0,12.6,601,10.02,False
2026-09-04T11:00:14+10:00,2288240,2459_470,-33.86668014526367,151.2107696533203,185.0,24.1,11,0.18,True
2026-09-04T11:00:14+10:00,2392827,2508_114,-33.82952880859375,151.2275390625,49.0,0.4,240,4.0,True
2026-09-04T11:00:14+10:00,2289853,2459_461X,-33.87286376953125,151.1045684814453,189.0,12.6,-129,-2.15,False
2026-09-04T11:00:14+10:00,2284119,2459_437,-33.86784744262695,151.13514709472656,257.0,29.9,28,0.47,True
2026-09-04T11:00:14+10:00,2289648,2459_428,-33.89381408691406,151.18316650390625,222.0,0.0,174,2.9,True
2026-09-04T11:00:14+10:00,2589929,2508_280,-33.78651428222656,151.1824493408203,249.0,24.8,-53,-0.88,True
2026-09-04T11:00:14+10:00,2285799,2459_422,-33.89399719238281,151.18283081054688,42.0,24.8,-176,-2.93,False
2026-09-04T11:00:14+10:00,2290465,2459_422,-33.89909744262695,151.177734375,190.0,34.2,-155,-2.58,False
2026-09-04T11:00:14+10:00,2378731,2508_B1,-33.79954528808594,151.24993896484375,246.0,39.2,272,4.53,True
2026-09-04T11:00:14+10:00,2289832,2459_426,-33.88393020629883,151.2019805908203,73.0,0.0,198,3.3,True
2026-09-04T11:00:14+10:00,2636283,2459_415,-33.87708282470703,151.10377502441406,189.0,24.5,150,2.5,True
2026-09-04T11:00:14+10:00,2284942,2459_406,-33.88648986816406,151.13555908203125,60.0,36.4,110,1.83,True
2026-09-04T11:00:14+10:00,2039018,2459_470,-33.8735237121582,151.1631317138672,72.0,0.0,11,0.18,True
2026-09-04T11:00:14+10:00,2036759,2459_440,-33.862037658691406,151.1671600341797,297.0,45.0,1,0.02,True
2026-09-04T11:00:14+10:00,2208144,2459_530,-33.80262756347656,151.1793975830078,7.0,50.4,71,1.18,True
2026-09-04T11:00:14+10:00,2714697,2508_144,-33.8139762878418,151.17703247070312,311.0,4.0,657,10.95,False
2026-09-04T11:00:14+10:00,2289891,2459_433,-33.86103057861328,151.171630859375,19.0,0.0,354,5.9,False
2026-09-04T11:00:14+10:00,2609067,2459_430,-33.88850784301758,151.19163513183594,58.0,34.2,93,1.55,True
2026-09-04T11:00:14+10:00,2208324,2459_464,-33.868717193603516,151.1054229736328,191.0,0.0,-45,-0.75,True
2026-09-04T11:00:14+10:00,2036755,2459_440,-33.87687683105469,151.2122344970703,72.0,19.4,331,5.52,False
2026-09-04T11:00:14+10:00,2285364,2459_442,-33.85760498046875,151.1817169189453,102.0,23.8,365,6.08,False
2026-09-04T11:00:14+10:00,2377903,2508_144,-33.796546936035156,151.1804656982422,178.0,0.0,241,4.02,True
2026-09-04T11:00:14+10:00,2580251,2508_100,-33.83055877685547,151.24427795410156,172.0,0.0,202,3.37,True
2026-09-04T11:00:14+10:00,2714729,2508_144,-33.829959869384766,151.22727966308594,233.0,33.5,0,0.0,True
2026-09-04T11:00:14+10:00,2714729_2,2508_144,-33.81187438964844,151.17539978027344,7.0,31.7,19,0.32,True
2026-09-04T11:00:14+10:00,1959661,2459_445,-33.88789367675781,151.1575927734375,175.0,0.0,88,1.47,True
2026-09-04T11:00:14+10:00,1963814,2459_412,-33.848018646240234,151.14125061035156,235.0,22.0,4,0.07,True
2026-09-04T11:00:14+10:00,1962700,2459_413,-33.895408630371094,151.13844299316406,93.0,0.0,159,2.65,True
2026-09-04T11:00:14+10:00,2668074,2459_420,-33.87451934814453,151.10755920410156,353.0,0.0,46,0.77,True
2026-09-04T11:00:14+10:00,1959660,2459_445,-33.90564727783203,151.13404846191406,303.0,32.0,135,2.25,True
2026-09-04T11:00:14+10:00,1940065,2459_412,-33.92664337158203,151.1292724609375,191.0,0.4,586,9.77,False
2026-09-04T11:00:14+10:00,2284783,2459_470,-33.88421630859375,151.15724182128906,174.0,0.0,0,0.0,True
2026-09-04T11:00:14+10:00,2037361,2459_469,-33.88518524169922,151.14999389648438,7.0,28.4,11,0.18,True
2026-09-04T11:00:14+10:00,1959662,2459_445,-33.87168502807617,151.1597442626953,255.0,28.8,56,0.93,True
2026-09-04T11:00:14+10:00,2288865,2459_441,-33.873592376708984,151.21176147460938,100.0,37.4,30,0.5,True
2026-09-04T11:00:14+10:00,1940343,2459_412,-33.87656784057617,151.20950317382812,183.0,0.0,41,0.68,True
2026-09-04T11:00:14+10:00,2286653,2459_303,-33.92117691040039,151.23797607421875,280.0,0.0,74,1.23,True
2026-09-04T11:00:14+10:00,2284120,2459_423,-33.92669677734375,151.1280059814453,106.0,19.1,1121,18.68,False
2026-09-04T11:00:14+10:00,2209676,2459_440,-33.884029388427734,151.20252990722656,250.0,4.7,-46,-0.77,True
2026-09-04T11:00:14+10:00,2635985,2459_504,-33.84807586669922,151.14122009277344,231.0,2.2,11,0.18,True
2026-09-04T11:00:14+10:00,2514764,2459_410,-33.87297058105469,151.1044921875,10.0,14.0,-109,-1.82,False
2026-09-04T11:00:14+10:00,2284302,2459_441,-33.85023498535156,151.1831817626953,48.0,0.0,0,0.0,True
2026-09-04T11:00:14+10:00,2474927,2459_389,-33.875850677490234,151.21578979492188,100.0,4.7,-167,-2.78,False
2026-09-04T11:00:14+10:00,2580271,2508_100,-33.829856872558594,151.2183837890625,117.0,0.0,-140,-2.33,False
2026-09-04T11:00:14+10:00,2209247,2459_440,-33.88909149169922,151.23248291015625,321.0,6.5,10,0.17,True
2026-09-04T11:00:14+10:00,2287363,2459_437,-33.86875534057617,151.18446350097656,108.0,45.7,-26,-0.43,True
2026-09-04T11:00:14+10:00,2289426,2459_348,-33.91519546508789,151.22796630859375,101.0,0.7,-12,-0.2,True
2026-09-04T11:00:14+10:00,2287176,2459_389,-33.87701416015625,151.2174835205078,10.0,33.1,86,1.43,True
2026-09-04T11:00:14+10:00,2208810,2459_464,-33.88111114501953,151.10296630859375,190.0,38.9,426,7.1,False
2026-09-04T11:00:14+10:00,2388785,2508_173X,-33.82453155517578,151.2410888671875,220.0,4.7,322,5.37,False
2026-09-04T11:00:14+10:00,2618599,2459_422,-33.91215896606445,151.17962646484375,199.0,0.0,398,6.63,False
2026-09-04T11:00:14+10:00,2287248,2459_437,-33.87687683105469,151.14149475097656,212.0,33.8,68,1.13,True
2026-09-04T11:00:14+10:00,2580057,2508_100,-33.829444885253906,151.22772216796875,42.0,0.0,177,2.95,True
2026-09-04T11:00:14+10:00,2553993,2459_358,-33.923858642578125,151.21218872070312,116.0,49.3,86,1.43,True
2026-09-04T11:00:14+10:00,2287141,2459_461X,-33.87234115600586,151.12522888183594,129.0,40.7,119,1.98,True
2026-09-04T11:00:14+10:00,2714634,2508_144,-33.829959869384766,151.22727966308594,233.0,33.5,-27,-0.45,True
2026-09-04T11:00:14+10:00,2209713,2459_413,-33.88438415527344,151.20094299316406,264.0,0.0,45,0.75,True
2026-09-04T11:00:14+10:00,2474859,2459_389,-33.891517639160156,151.2464599609375,108.0,4.0,-57,-0.95,True
2026-09-04T11:00:14+10:00,2308853,2459_445,-33.85596466064453,151.17417907714844,71.0,32.0,-228,-3.8,False
2026-09-04T11:00:14+10:00,2550354,2508_263,-33.83149719238281,151.2224578857422,39.0,2.9,458,7.63,False
2026-09-04T11:00:14+10:00,2286659,2459_426,-33.90313720703125,151.14205932617188,333.0,0.0,0,0.0,True
2026-09-04T11:00:14+10:00,2288590,2459_422,-33.92770004272461,151.157958984375,39.0,33.8,130,2.17,True
2026-09-04T11:00:14+10:00,2554332,2459_358,-33.92289733886719,151.18722534179688,191.0,20.5,-287,-4.78,False
2026-09-04T11:00:14+10:00,2285878,2459_461X,-33.88068771362305,151.20831298828125,105.0,0.0,249,4.15,True
2026-09-04T11:00:14+10:00,2636286,2459_504,-33.85403823852539,151.1500244140625,50.0,0.0,556,9.27,False
2026-09-04T11:00:14+10:00,2290252,2459_431,-33.873321533203125,151.181884765625,144.0,25.9,62,1.03,True
2026-09-04T11:00:14+10:00,2608997,2459_430,-33.91533279418945,151.1656494140625,57.0,0.0,41,0.68,True
2026-09-04T11:00:14+10:00,2685979,2459_423,-33.87510299682617,151.20968627929688,186.0,27.0,75,1.25,True
2026-09-04T11:00:14+10:00,2285042,2459_431,-33.87318420410156,151.2099151611328,182.0,10.1,40,0.67,True
2026-09-04T11:00:14+10:00,2283556,2459_442,-33.871238708496094,151.20631408691406,176.0,33.1,-24,-0.4,True
2026-09-04T11:00:14+10:00,2580265,2508_100,-33.83995819091797,151.21084594726562,183.0,52.6,25,0.42,True
2026-09-04T11:00:14+10:00,2596453,2459_492,-33.869468688964844,151.1294403076172,11.0,0.0,309,5.15,False
2026-09-04T11:00:14+10:00,2378083,2508_B1,-33.83827590942383,151.211181640625,197.0,55.4,44,0.73,True
2026-09-04T11:00:14+10:00,2580272,2508_100,-33.869224548339844,151.2061004638672,175.0,20.9,139,2.32,True
2026-09-04T11:00:14+10:00,2288349,2459_433,-33.874813079833984,151.17495727539062,179.0,28.1,-36,-0.6,True
2026-09-04T11:00:14+10:00,2626908,2508_166,-33.781246185302734,151.19570922851562,15.0,0.0,0,0.0,True
2026-09-04T11:00:14+10:00,2208134,2459_440,-33.89086151123047,151.24827575683594,96.0,0.0,0,0.0,True
2026-09-04T11:00:14+10:00,2636037,2459_504,-33.855220794677734,151.13868713378906,98.0,32.4,192,3.2,True
2026-09-04T11:00:14+10:00,2475238,2459_389,-33.86890411376953,151.203369140625,73.0,0.0,-225,-3.75,False
2026-09-04T11:00:14+10:00,2284389,2459_389,-33.87302017211914,151.20730590820312,279.0,17.6,193,3.22,True
2026-09-04T11:00:14+10:00,2089426,2508_160X,-33.79005432128906,151.1827850341797,160.0,13.0,-20,-0.33,True
2026-09-04T11:00:14+10:00,2089426_2,2508_160X,-33.78986358642578,151.18280029296875,160.0,0.0,-2,-0.03,True
2026-09-04T11:00:14+10:00,2596407,2459_492,-33.85200119018555,151.1531524658203,232.0,33.5,371,6.18,False
2026-09-04T11:00:14+10:00,2619974,2459_530,-33.81370162963867,151.1602783203125,238.0,0.0,178,2.97,True
2026-09-04T11:00:14+10:00,2554328,2459_358,-33.91728591918945,151.1717071533203,228.0,58.3,-185,-3.08,False
2026-09-04T11:00:14+10:00,2618147,2508_263,-33.84193801879883,151.21261596679688,278.0,0.0,-310,-5.17,False
2026-09-04T11:00:14+10:00,2289132,2459_502,-33.876399993896484,151.1593017578125,175.0,0.0,0,0.0,True
2026-09-04T11:00:14+10:00,2287564,2459_433,-33.8659782409668,151.1728973388672,297.0,22.7,-110,-1.83,False
2026-09-04T11:00:14+10:00,2668097,2459_420,-33.88111877441406,151.10304260253906,189.0,31.0,121,2.02,True
2026-09-04T11:00:14+10:00,2290445,2459_461X,-33.8716926574707,151.21624755859375,40.0,0.0,252,4.2,True
2026-09-04T11:00:14+10:00,2208662,2459_440,-33.88517761230469,151.184814453125,258.0,6.5,156,2.6,True
2026-09-04T11:00:14+10:00,2376829,2508_111,-33.83127975463867,151.2444610595703,165.0,0.0,89,1.48,True
2026-09-04T11:00:14+10:00,2596302,2459_491,-33.91115188598633,151.1195526123047,187.0,32.4,248,4.13,True
2026-09-04T11:00:14+10:00,2289225,2459_348,-33.91135787963867,151.2019805908203,16.0,40.0,96,1.6,True
2026-09-04T11:00:14+10:00,2378189,2508_144,-33.81024932861328,151.24496459960938,37.0,0.0,477,7.95,False
2026-09-04T11:00:14+10:00,2287540,2459_428,-33.89912414550781,151.1206512451172,200.0,45.7,0,0.0,True
2026-09-04T11:00:14+10:00,2608961,2459_430,-33.913631439208984,151.16490173339844,38.0,28.8,131,2.18,True
2026-09-04T11:00:14+10:00,2208788,2459_464,-33.8728141784668,151.10458374023438,9.0,14.8,203,3.38,True
2026-09-04T11:00:14+10:00,2036758,2459_440,-33.86418914794922,151.1695098876953,234.0,0.0,0,0.0,True
2026-09-04T11:00:14+10:00,2596468,2459_490,-33.87612533569336,151.1038818359375,189.0,27.0,77,1.28,True
2026-09-04T11:00:14+10:00,2039016,2459_470,-33.88419723510742,151.19912719726562,86.0,45.7,85,1.42,True
2026-09-04T11:00:14+10:00,2685995,2459_423,-33.884193420410156,151.20095825195312,268.0,0.0,58,0.97,True
2026-09-04T11:00:14+10:00,2290713,2459_438X,-33.88820266723633,151.1629638671875,101.0,27.4,340,5.67,False
2026-09-04T11:00:14+10:00,2378309,2508_144,-33.82396697998047,151.1877899169922,157.0,0.0,150,2.5,True
2026-09-04T11:00:14+10:00,2285127,2459_461X,-33.88786315917969,151.16085815429688,284.0,48.6,138,2.3,True
2026-09-04T11:00:14+10:00,2286973,2459_428,-33.897708892822266,151.17837524414062,60.0,17.6,186,3.1,True
2026-09-04T11:00:14+10:00,2287976,2459_470,-33.884986877441406,151.1774139404297,242.0,0.0,276,4.6,True
2026-09-04T11:00:14+10:00,2283059,2459_461X,-33.88387680053711,151.20291137695312,242.0,0.0,-55,-0.92,True
2026-09-04T11:00:14+10:00,1963811,2459_412,-33.91469192504883,151.1428680419922,283.0,11.5,178,2.97,True
2026-09-04T11:00:14+10:00,2209108,2459_530,-33.85779571533203,151.14447021484375,45.0,33.5,-48,-0.8,True
2026-09-04T11:00:14+10:00,2283656,2459_431,-33.87448501586914,151.20989990234375,7.0,24.1,31,0.52,True
2026-09-04T11:00:14+10:00,1940342,2459_412,-33.90132522583008,151.15347290039062,183.0,0.0,-49,-0.82,True
2026-09-04T11:00:14+10:00,2285958,2459_423,-33.87403106689453,151.20980834960938,6.0,32.4,-30,-0.5,True
2026-09-04T11:00:14+10:00,2290174,2459_442,-33.861019134521484,151.1769561767578,210.0,0.0,138,2.3,True
2026-09-04T11:00:14+10:00,2514688,2459_410,-33.867679595947266,151.1055908203125,184.0,19.8,131,2.18,True
2026-09-04T11:00:14+10:00,2685991,2459_423,-33.92371368408203,151.13595581054688,235.0,11.5,-146,-2.43,False
2026-09-04T11:00:14+10:00,2284253,2459_433,-33.884368896484375,151.1943817138672,86.0,3.6,517,8.62,False
2026-09-04T11:00:14+10:00,2284144,2459_428,-33.86571502685547,151.21022033691406,217.0,0.0,22,0.37,True
2026-09-04T11:00:14+10:00,2421470,2508_230,-33.83627700805664,151.20677185058594,192.0,4.0,-195,-3.25,False
2026-09-04T11:00:14+10:00,2685937,2459_423,-33.908653259277344,151.16302490234375,214.0,28.8,60,1.0,True
2026-09-04T11:00:14+10:00,2392699,2508_114,-33.822242736816406,151.1914825439453,149.0,0.0,0,0.0,True
2026-09-04T11:00:14+10:00,2609058,2459_430,-33.914798736572266,151.16583251953125,320.0,21.2,131,2.18,True
2026-09-04T11:00:14+10:00,2636138,2459_504,-33.874107360839844,151.15074157714844,322.0,57.6,0,0.0,True
2026-09-04T11:00:14+10:00,2285773,2459_422,-33.88325881958008,151.20361328125,45.0,0.0,-252,-4.2,False
2026-09-04T11:00:14+10:00,2288613,2459_437,-33.87350845336914,151.16883850097656,240.0,66.6,-284,-4.73,False
2026-09-04T11:00:14+10:00,1912298,2459_483,-33.88779830932617,151.1610107421875,102.0,1.8,445,7.42,False
2026-09-04T11:00:14+10:00,2553940,2459_358,-33.92433166503906,151.22947692871094,279.0,44.6,-116,-1.93,False
2026-09-04T11:00:14+10:00,2596262,2459_492,-33.88645935058594,151.11068725585938,87.0,42.8,425,7.08,False
2026-09-04T11:00:14+10:00,2288380,2459_433,-33.88081359863281,151.2066192626953,215.0,16.9,11,0.18,True
2026-09-04T11:00:14+10:00,2289827,2459_348,-33.92100524902344,151.23817443847656,98.0,0.0,11,0.18,True
2026-09-04T11:00:14+10:00,2290454,2459_423,-33.92631149291992,151.1307373046875,61.0,0.0,476,7.93,False
2026-09-04T11:00:14+10:00,2036757,2459_440,-33.88809585571289,151.1646270751953,85.0,11.5,-38,-0.63,True
2026-09-04T11:00:14+10:00,1932427,2459_412,-33.88089370727539,151.2065887451172,32.0,0.0,-52,-0.87,True
2026-09-04T11:00:14+10:00,2288963,2459_348,-33.92873001098633,151.1534881591797,101.0,0.0,5,0.08,True
2026-09-04T11:00:14+10:00,2660143,2459_320,-33.89620590209961,151.20713806152344,280.0,27.4,-163,-2.72,False
2026-09-04T11:00:14+10:00,2284698,2459_426,-33.91029739379883,151.16180419921875,34.0,0.0,463,7.72,False
2026-09-04T11:00:14+10:00,2208898,2459_464,-33.88862228393555,151.11849975585938,258.0,14.8,42,0.7,True
2026-09-04T11:00:14+10:00,2289509,2459_502,-33.86980056762695,151.13021850585938,313.0,18.4,11,0.18,True
2026-09-04T11:00:14+10:00,2288220,2459_438X,-33.884361267089844,151.20066833496094,267.0,0.0,194,3.23,True
2026-09-04T11:00:14+10:00,2285928,2459_438X,-33.86440658569336,151.13034057617188,3.0,6.8,281,4.68,True
2026-09-04T11:00:14+10:00,2636217,2459_504,-33.873443603515625,151.21261596679688,186.0,0.0,61,1.02,True
2026-09-04T11:00:14+10:00,2685935,2459_423,-33.865509033203125,151.21054077148438,221.0,0.0,158,2.63,True
2026-09-04T11:00:14+10:00,1963812,2459_412,-33.8846321105957,151.1932373046875,265.0,15.1,331,5.52,False
2026-09-04T11:00:14+10:00,2208582,2459_466,-33.8686637878418,151.10540771484375,189.0,0.0,-100,-1.67,False
2026-09-04T11:00:14+10:00,2036756,2459_440,-33.88240432739258,151.2049560546875,47.0,22.3,-137,-2.28,False
2026-09-04T11:00:14+10:00,1961374,2459_412,-33.9215087890625,151.12611389160156,10.0,30.2,162,2.7,True
2026-09-04T11:00:14+10:00,2039017,2459_470,-33.88405227661133,151.17929077148438,56.0,0.0,54,0.9,True
2026-09-04T11:00:14+10:00,2377925,2508_144,-33.79853820800781,151.17860412597656,159.0,10.4,114,1.9,True
2026-09-04T11:00:14+10:00,2668099,2459_420,-33.928062438964844,151.18359375,356.0,50.0,63,1.05,True
2026-09-04T11:00:14+10:00,2421224,2508_230,-33.83534622192383,151.23358154296875,4.0,30.6,242,4.03,True
2026-09-04T11:00:14+10:00,2209314,2459_413,-33.8983154296875,151.10824584960938,190.0,18.7,-158,-2.63,False
2026-09-04T11:00:14+10:00,2037360,2459_469,-33.88380432128906,151.1582794189453,265.0,37.8,23,0.38,True
2026-09-04T11:00:14+10:00,2375964,2508_173X,-33.81309509277344,151.2440185546875,22.0,0.0,176,2.93,True
2026-09-04T11:00:14+10:00,2349570,2459_418,-33.88692855834961,151.11338806152344,120.0,0.0,10,0.17,True
2026-09-04T11:00:14+10:00,2596394,2459_490,-33.88059616088867,151.1061553955078,272.0,15.8,426,7.1,False
2026-09-04T11:00:14+10:00,2289252,2459_470,-33.88426971435547,151.2012481689453,264.0,0.7,-304,-5.07,False
2026-09-04T11:00:14+10:00,2283882,2459_348,-33.9152717590332,151.17538452148438,246.0,2.5,-303,-5.05,False
2026-09-04T11:00:14+10:00,2415662,2508_B1,-33.86564636230469,151.20640563964844,7.0,20.5,0,0.0,True
2026-09-04T11:00:14+10:00,2415655,2508_B1,-33.824039459228516,151.24147033691406,53.0,0.0,76,1.27,True
2026-09-04T11:00:14+10:00,2609048,2459_430,-33.88500213623047,151.19456481933594,200.0,0.0,44,0.73,True
2026-09-04T11:00:14+10:00,2286232,2459_428,-33.90303039550781,151.14285278320312,55.0,0.0,448,7.47,False
2026-09-04T11:00:14+10:00,1973450,2508_162,-33.809818267822266,151.25799560546875,247.0,17.6,216,3.6,True
2026-09-04T11:00:14+10:00,1962699,2459_413,-33.881717681884766,151.2057342529297,43.0,32.4,331,5.52,False
2026-09-04T11:00:14+10:00,2340783,2459_308,-33.88233184814453,151.2070770263672,141.0,18.7,34,0.57,True
2026-09-04T11:00:14+10:00,2285745,2459_438X,-33.87046813964844,151.2102508544922,6.0,28.1,0,0.0,True
2026-09-04T11:00:14+10:00,2290015,2459_438X,-33.864871978759766,151.13037109375,185.0,0.0,230,3.83,True
2026-09-04T11:00:14+10:00,2349568,2459_418,-33.903438568115234,151.1427001953125,136.0,0.0,23,0.38,True
2026-09-04T11:00:14+10:00,2349579,2459_418,-33.92095184326172,151.16690063476562,245.0,22.3,338,5.63,False
2026-09-04T11:00:14+10:00,2284086,2459_348,-33.917022705078125,151.22581481933594,348.0,37.4,35,0.58,True
2026-09-04T11:00:14+10:00,2286310,2459_389,-33.89087677001953,151.2484130859375,279.0,0.0,43,0.72,True
2026-09-04T11:00:14+10:00,2284747,2459_303,-33.93131637573242,151.1942596435547,10.0,0.0,0,0.0,True
2026-09-04T11:00:14+10:00,2340741,2459_487,-33.910579681396484,151.1196746826172,11.0,34.6,11,0.18,True
2026-09-04T11:00:14+10:00,2415713,2508_B1,-33.86637878417969,151.20632934570312,6.0,0.0,8,0.13,True
2026-09-04T11:00:14+10:00,2286411,2459_426,-33.87944793701172,151.20709228515625,187.0,23.0,111,1.85,True
2026-09-04T11:00:14+10:00,2533928,2509_350,-33.93022155761719,151.1946563720703,191.0,37.8,203,3.38,True
2026-09-04T11:00:14+10:00,2488373,2509_392,-33.8946418762207,151.1993865966797,200.0,32.4,-54,-0.9,True
2026-09-04T11:00:14+10:00,2140392,2509_396,-33.94345474243164,151.25613403320312,136.0,43.9,-173,-2.88,False
2026-09-04T11:00:14+10:00,2396607,2509_392,-33.903419494628906,151.20846557617188,279.0,0.0,114,1.9,True
2026-09-04T11:00:14+10:00,2628621,2509_304,-33.89130783081055,151.212890625,16.0,23.8,122,2.03,True
2026-09-04T11:00:14+10:00,2622983,2509_333,-33.869014739990234,151.21041870117188,192.0,24.5,55,0.92,True
2026-09-04T11:00:14+10:00,2434579,2509_390X,-33.92102813720703,151.2268524169922,171.0,0.0,-175,-2.92,False
2026-09-04T11:00:14+10:00,2139397,2509_396,-33.908935546875,151.2235870361328,185.0,22.7,-61,-1.02,False
2026-09-04T11:00:14+10:00,2534434,2509_350,-33.94042205810547,151.22817993164062,21.0,0.0,83,1.38,True
2026-09-04T11:00:14+10:00,2352384,2509_392,-33.90077209472656,151.2099151611328,218.0,33.1,166,2.77,True
2026-09-04T11:00:14+10:00,2356111,2509_343,-33.90931701660156,151.2066192626953,205.0,41.4,-234,-3.9,False
2026-09-04T11:00:14+10:00,2679133,2509_370,-33.879539489746094,151.18673706054688,150.0,0.0,73,1.22,True
2026-09-04T11:00:14+10:00,2622849,2509_333,-33.889522552490234,151.28334045410156,214.0,0.0,0,0.0,True
2026-09-04T11:00:14+10:00,2357247,2509_339,-33.90587615966797,151.23153686523438,38.0,0.0,0,0.0,True
2026-09-04T11:00:14+10:00,2563997,2509_379,-33.889373779296875,151.28323364257812,40.0,0.0,28,0.47,True
2026-09-04T11:00:14+10:00,2470785,2509_356,-33.94480514526367,151.22640991210938,193.0,0.0,0,0.0,True
2026-09-04T11:00:14+10:00,2494639,2509_374,-33.891597747802734,151.2129364013672,279.0,0.0,2,0.03,True
2026-09-04T11:00:14+10:00,2357126,2509_311,-33.87732696533203,151.2118682861328,22.0,10.8,458,7.63,False
2026-09-04T11:00:14+10:00,2623019,2509_333,-33.889408111572266,151.28341674804688,219.0,0.4,0,0.0,True
2026-09-04T11:00:14+10:00,2533861,2509_352,-33.88114547729492,151.21487426757812,8.0,0.0,114,1.9,True
2026-09-04T11:00:14+10:00,2534371,2509_325,-33.87890625,151.2369842529297,102.0,0.0,-108,-1.8,False
2026-09-04T11:00:14+10:00,2139908,2509_396,-33.863677978515625,151.21182250976562,7.0,5.4,-62,-1.03,False
2026-09-04T11:00:14+10:00,2138255,2509_396,-33.876991271972656,151.21238708496094,300.0,10.1,-72,-1.2,False
2026-09-04T11:00:14+10:00,2346332,2509_390X,-33.909523010253906,151.2423858642578,95.0,0.4,142,2.37,True
2026-09-04T11:00:14+10:00,2396511,2509_392,-33.95566177368164,151.2301483154297,347.0,22.3,-91,-1.52,False
2026-09-04T11:00:14+10:00,2531807,2509_387,-33.86771774291992,151.27749633789062,193.0,30.6,87,1.45,True
2026-09-04T11:00:14+10:00,2470810,2509_397,-33.94996643066406,151.24461364746094,85.0,28.4,103,1.72,True
2026-09-04T11:00:14+10:00,2679143,2509_370,-33.91539764404297,151.24024963378906,72.0,0.0,150,2.5,True
2026-09-04T11:00:14+10:00,2564033,2509_379,-33.89129638671875,151.24839782714844,99.0,24.1,7,0.12,True
2026-09-04T11:00:14+10:00,2548810,2509_350,-33.89353561401367,151.24952697753906,187.0,11.5,105,1.75,True
2026-09-04T11:00:14+10:00,2356996,2509_370,-33.883628845214844,151.1919403076172,310.0,15.8,-407,-6.78,False
2026-09-04T11:00:14+10:00,2531816,2509_355,-33.90207290649414,151.1951904296875,140.0,37.4,359,5.98,False
2026-09-04T11:00:14+10:00,2622889,2509_333,-33.88597869873047,151.22862243652344,323.0,0.0,-36,-0.6,True
2026-09-04T11:00:14+10:00,2622930,2509_333,-33.88015365600586,151.21630859375,314.0,0.0,412,6.87,False
2026-09-04T11:00:14+10:00,2346328,2509_390X,-33.92110061645508,151.22659301757812,350.0,34.9,21,0.35,True
2026-09-04T11:00:14+10:00,2352477,2509_356,-33.928043365478516,151.2469940185547,99.0,54.0,196,3.27,True
2026-09-04T11:00:14+10:00,2434610,2509_390X,-33.90001678466797,151.2534637451172,140.0,0.0,89,1.48,True
2026-09-04T11:00:14+10:00,2533668,2509_350,-33.919273376464844,151.2570037841797,10.0,0.0,-3,-0.05,True
2026-09-04T11:00:14+10:00,2628694,2509_304,-33.8698616027832,151.21034240722656,184.0,44.3,53,0.88,True
2026-09-04T11:00:14+10:00,2137257,2509_306,-33.9111328125,151.208251953125,301.0,33.8,-157,-2.62,False
2026-09-04T11:00:14+10:00,2675147,2509_309,-33.8931999206543,151.19894409179688,21.0,0.0,64,1.07,True
2026-09-04T11:00:14+10:00,2403229,2509_311,-33.88053512573242,151.21661376953125,312.0,23.8,67,1.12,True
2026-09-04T11:00:14+10:00,2470769,2509_356,-33.90618896484375,151.24415588378906,358.0,40.7,236,3.93,True
2026-09-04T11:00:14+10:00,2548802,2509_350,-33.925506591796875,151.19534301757812,296.0,19.1,235,3.92,True
2026-09-04T11:00:14+10:00,2679126,2509_370,-33.90128707885742,151.19415283203125,126.0,24.1,-134,-2.23,False
2026-09-04T11:00:14+10:00,2356242,2509_373,-33.88099670410156,151.2169647216797,351.0,4.3,-156,-2.6,False
2026-09-04T11:00:14+10:00,2356910,2509_339,-33.895469665527344,151.2219696044922,351.0,0.0,46,0.77,True
2026-09-04T11:00:14+10:00,2494517,2509_343,-33.923118591308594,151.20803833007812,281.0,35.6,199,3.32,True
2026-09-04T11:00:14+10:00,2494550,2509_374,-33.919464111328125,151.25454711914062,9.0,25.9,62,1.03,True
2026-09-04T11:00:14+10:00,2623317,2509_333,-33.89121627807617,151.27435302734375,222.0,0.0,111,1.85,True
2026-09-04T11:00:14+10:00,2533384,2509_313,-33.907264709472656,151.25209045410156,10.0,0.0,148,2.47,True
2026-09-04T11:00:14+10:00,2533467,2509_325,-33.87689971923828,151.2283172607422,275.0,30.6,321,5.35,False
2026-09-04T11:00:14+10:00,2548751,2509_328,-33.88181686401367,151.23829650878906,342.0,37.4,53,0.88,True
2026-09-04T11:00:14+10:00,2356482,2509_373,-33.919593811035156,151.25717163085938,189.0,0.0,0,0.0,True
2026-09-04T11:00:14+10:00,2138938,2509_375,-33.92341995239258,151.24417114257812,161.0,14.0,-169,-2.82,False
2026-09-04T11:00:14+10:00,2346337,2509_390X,-33.9166145324707,151.23947143554688,6.0,0.0,7,0.12,True
2026-09-04T11:00:14+10:00,2533097,2509_380,-33.853271484375,151.28472900390625,17.0,49.0,8,0.13,True
2026-09-04T11:00:14+10:00,2357368,2509_373,-33.92112731933594,151.25672912597656,8.0,0.0,0,0.0,True
2026-09-04T11:00:14+10:00,2534186,2509_327,-33.8786735534668,151.23976135253906,70.0,0.0,124,2.07,True
2026-09-04T11:00:14+10:00,2352637,2509_307,-33.940853118896484,151.19493103027344,354.0,30.6,132,2.2,True
2026-09-04T11:00:14+10:00,2548734,2509_350,-33.934425354003906,151.19540405273438,260.0,30.2,-44,-0.73,True
2026-09-04T11:00:14+10:00,2531227,2509_325,-33.8558349609375,151.2071533203125,238.0,15.5,0,0.0,True
2026-09-04T11:00:14+10:00,2534719,2509_352,-33.88959884643555,151.20501708984375,280.0,28.1,280,4.67,True
2026-09-04T11:00:14+10:00,2400356,2509_309,-33.90813064575195,151.2027130126953,359.0,0.7,6,0.1,True
2026-09-04T11:00:14+10:00,2356077,2509_370,-33.913387298583984,151.22496032714844,319.0,0.0,339,5.65,False
2026-09-04T11:00:14+10:00,2533931,2509_324,-33.8725700378418,151.26206970214844,106.0,43.6,136,2.27,True
2026-09-04T11:00:14+10:00,2356797,2509_343,-33.878177642822266,151.2093048095703,188.0,0.0,70,1.17,True
2026-09-04T11:00:14+10:00,2139312,2509_396,-33.92806625366211,151.2327423095703,315.0,33.5,77,1.28,True
2026-09-04T11:00:14+10:00,2346361,2509_390X,-33.942440032958984,151.23936462402344,350.0,30.2,67,1.12,True
2026-09-04T11:00:14+10:00,2548791,2509_350,-33.944095611572266,151.22682189941406,209.0,14.8,-47,-0.78,True
2026-09-04T11:00:14+10:00,2434774,2509_390X,-33.952598571777344,151.2421417236328,169.0,0.4,74,1.23,True
2026-09-04T11:00:14+10:00,2623136,2509_333,-33.88042068481445,151.21661376953125,313.0,16.6,165,2.75,True
2026-09-04T11:00:14+10:00,2563954,2509_387,-33.87269973754883,151.2740020751953,30.0,27.0,381,6.35,False
2026-09-04T11:00:14+10:00,2534175,2509_324,-33.877254486083984,151.24420166015625,258.0,29.5,7,0.12,True
2026-09-04T11:00:14+10:00,2494576,2509_343,-33.869319915771484,151.21041870117188,7.0,9.0,148,2.47,True
2026-09-04T11:00:14+10:00,2494668,2509_343,-33.87691879272461,151.20945739746094,5.0,0.0,-158,-2.63,False
2026-09-04T11:00:14+10:00,2470807,2509_356,-33.935997009277344,151.2479705810547,89.0,20.9,188,3.13,True
2026-09-04T11:00:14+10:00,2434437,2509_390X,-33.928436279296875,151.23399353027344,123.0,32.0,-3,-0.05,True
2026-09-04T11:00:14+10:00,2532292,2509_360,-33.912254333496094,151.25872802734375,276.0,0.0,97,1.62,True
2026-09-04T11:00:14+10:00,2139005,2509_375,-33.93246078491211,151.2571258544922,322.0,46.4,84,1.4,True
2026-09-04T11:00:14+10:00,2563862,2509_379,-33.90240478515625,151.25466918945312,353.0,7.2,96,1.6,True
2026-09-04T11:00:14+10:00,2622897,2509_333,-33.8886604309082,151.27371215820312,308.0,31.0,0,0.0,True
2026-09-04T11:00:14+10:00,2548712,2509_350,-33.89106750488281,151.2481689453125,283.0,0.0,0,0.0,True
2026-09-04T11:00:14+10:00,2623210,2509_333,-33.891448974609375,151.25221252441406,53.0,28.8,-18,-0.3,True
2026-09-04T11:00:14+10:00,2352406,2509_307,-33.90522003173828,151.20277404785156,169.0,13.3,0,0.0,True
2026-09-04T11:00:14+10:00,2396573,2509_392,-33.94508361816406,151.22640991210938,356.0,1.8,174,2.9,True
2026-09-04T11:00:14+10:00,2534111,2509_355,-33.89529037475586,151.22254943847656,282.0,0.0,159,2.65,True
2026-09-04T11:00:14+10:00,2532272,2509_324,-33.865970611572266,151.20425415039062,354.0,30.6,-121,-2.02,False
2026-09-04T11:00:14+10:00,2534249,2509_355,-33.908634185791016,151.1721954345703,267.0,0.0,0,0.0,True
2026-09-04T11:00:14+10:00,2357545,2509_374,-33.912593841552734,151.23934936523438,161.0,0.0,95,1.58,True
2026-09-04T11:00:14+10:00,2533954,2509_355,-33.891658782958984,151.24729919433594,109.0,0.0,-221,-3.68,False
2026-09-04T11:00:14+10:00,2357123,2509_370,-33.906219482421875,151.20286560058594,357.0,13.7,784,13.07,False
2026-09-04T11:00:14+10:00,2551773,2509_379,-33.90489196777344,151.255126953125,101.0,31.7,-21,-0.35,True
2026-09-04T11:00:14+10:00,2139038,2509_375,-33.945838928222656,151.22677612304688,66.0,0.0,-79,-1.32,False
2026-09-04T11:00:14+10:00,2356587,2509_373,-33.91673278808594,151.2410430908203,162.0,0.0,-243,-4.05,False
2026-09-04T11:00:14+10:00,2628695,2509_304,-33.881134033203125,151.2148895263672,187.0,0.0,244,4.07,True
2026-09-04T11:00:14+10:00,2563900,2509_386,-33.889488220214844,151.25596618652344,56.0,25.9,111,1.85,True
2026-09-04T11:00:14+10:00,2356074,2509_311,-33.87118148803711,151.20555114746094,355.0,0.0,276,4.6,True
2026-09-04T11:00:14+10:00,2352665,2509_392,-33.8990478515625,151.2000732421875,340.0,0.0,0,0.0,True
2026-09-04T11:00:14+10:00,2403063,2509_311,-33.87326431274414,151.2093963623047,95.0,12.6,40,0.67,True
2026-09-04T11:00:14+10:00,2352738,2509_356,-33.898353576660156,151.24246215820312,268.0,16.9,-9,-0.15,True
2026-09-04T11:00:14+10:00,2675057,2509_309,-33.93008041381836,151.19468688964844,190.0,34.2,149,2.48,True
2026-09-04T11:00:14+10:00,2548510,2509_350,-33.926029205322266,151.1953582763672,12.0,26.6,851,14.18,False
2026-09-04T11:00:14+10:00,2675117,2509_309,-33.90520477294922,151.2028045654297,167.0,13.3,233,3.88,True
2026-09-04T11:00:14+10:00,2488362,2509_392,-33.94929885864258,151.2311553955078,152.0,46.1,19,0.32,True
2026-09-04T11:00:14+10:00,2675082,2509_309,-33.8929443359375,151.1991729736328,24.0,0.0,0,0.0,True
2026-09-04T11:00:14+10:00,2674973,2509_309,-33.953468322753906,151.20237731933594,118.0,38.5,207,3.45,True
2026-09-04T11:00:14+10:00,2628742,2509_304,-33.902584075927734,151.2128143310547,190.0,31.3,-97,-1.62,False
2026-09-04T11:00:14+10:00,2136980,2509_396,-33.861289978027344,151.21141052246094,75.0,18.4,11,0.18,True
2026-09-04T11:00:14+10:00,2139129,2509_396,-33.891746520996094,151.2209014892578,350.0,4.0,-140,-2.33,False
2026-09-04T11:00:14+10:00,2628741,2509_304,-33.87985610961914,151.2093048095703,303.0,4.3,74,1.23,True
2026-09-04T11:00:14+10:00,2531904,2509_352,-33.89035415649414,151.24253845214844,290.0,0.0,0,0.0,True
2026-09-04T11:00:14+10:00,2534649,2509_350,-33.92851638793945,151.1870880126953,12.0,27.4,84,1.4,True
2026-09-04T11:00:14+10:00,2531359,2509_324,-33.87377166748047,151.212890625,99.0,24.5,-87,-1.45,False
2026-09-04T11:00:14+10:00,2357416,2509_370,-33.88556671142578,151.19456481933594,23.0,49.0,318,5.3,False
2026-09-04T11:00:14+10:00,2139237,2509_396,-33.87675094604492,151.20970153808594,126.0,24.1,204,3.4,True
2026-09-04T11:00:14+10:00,2563940,2509_379,-33.889217376708984,151.28359985351562,192.0,28.8,-170,-2.83,False
2026-09-04T11:00:14+10:00,2356578,2509_373,-33.91295623779297,151.2393798828125,340.0,0.0,206,3.43,True
2026-09-04T11:00:14+10:00,2400381,2509_309,-33.952823638916016,151.2010498046875,304.0,47.9,-37,-0.62,True
2026-09-04T11:00:14+10:00,2623004,2509_333,-33.89036178588867,151.2425537109375,113.0,31.3,-178,-2.97,False
2026-09-04T11:00:14+10:00,2623013,2509_333,-33.86250305175781,151.211181640625,7.0,0.0,0,0.0,True
2026-09-04T11:00:14+10:00,2533011,2509_360,-33.90529251098633,151.25787353515625,113.0,26.3,83,1.38,True
2026-09-04T11:00:14+10:00,2357311,2509_370,-33.92021942138672,151.2570037841797,190.0,13.7,0,0.0,True
2026-09-04T11:00:14+10:00,2623344,2509_333,-33.87687683105469,151.21173095703125,92.0,0.0,87,1.45,True
2026-09-04T11:00:14+10:00,2623027,2509_333,-33.889705657958984,151.28179931640625,87.0,37.4,-407,-6.78,False
2026-09-04T11:00:14+10:00,2533228,2509_352,-33.9058952331543,151.1737518310547,336.0,31.0,50,0.83,True
2026-09-04T11:00:14+10:00,2667450,2509_326,-33.891849517822266,151.25140380859375,73.0,0.0,55,0.92,True
2026-09-04T11:00:14+10:00,2434937,2509_390X,-33.905311584472656,151.25387573242188,190.0,33.5,439,7.32,False
2026-09-04T11:00:14+10:00,2335511,2509_309,-33.9307746887207,151.19436645507812,8.0,24.1,98,1.63,True
2026-09-04T11:00:14+10:00,2357170,2509_370,-33.916385650634766,151.23526000976562,280.0,0.0,-44,-0.73,True
2026-09-04T11:00:14+10:00,2400661,2509_392,-33.924373626708984,151.2281494140625,143.0,0.4,332,5.53,False
2026-09-04T11:00:14+10:00,2679188,2509_370,-33.87181854248047,151.18014526367188,235.0,0.0,0,0.0,True
2026-09-04T11:00:14+10:00,2136843,2509_396,-33.94204330444336,151.25436401367188,298.0,0.0,79,1.32,True
2026-09-04T11:00:14+10:00,2346299,2509_390X,-33.895545959472656,151.2507781982422,331.0,41.4,-80,-1.33,False
2026-09-04T11:00:14+10:00,2623066,2509_333,-33.86146545410156,151.21192932128906,97.0,0.0,0,0.0,True
2026-09-04T11:00:14+10:00,2352323,2509_307,-33.94468688964844,151.22625732421875,194.0,0.0,0,0.0,True
2026-09-04T11:00:14+10:00,2623140,2509_333,-33.89192199707031,151.25096130371094,79.0,0.0,368,6.13,False
2026-09-04T11:00:14+10:00,2356528,2509_374,-33.88224411010742,151.20709228515625,127.0,0.0,11,0.18,True
2026-09-04T11:00:14+10:00,2551660,2509_379,-33.88877868652344,151.2705535888672,219.0,16.6,258,4.3,True
2026-09-04T11:00:14+10:00,2494598,2509_343,-33.90507507324219,151.20587158203125,326.0,21.6,245,4.08,True
2026-09-04T11:00:14+10:00,2352254,2509_307,-33.929595947265625,151.1947479248047,190.0,25.9,332,5.53,False
2026-09-04T11:00:14+10:00,2551854,2509_379,-33.891056060791016,151.2481689453125,281.0,15.1,-82,-1.37,False
2026-09-04T11:00:14+10:00,2139085,2509_306,-33.9305305480957,151.20028686523438,277.0,0.0,-526,-8.77,False
2026-09-04T11:00:14+10:00,2139085_2,2509_306,-33.915931701660156,151.20758056640625,106.0,24.8,264,4.4,True
2026-09-04T11:00:14+10:00,2356007,2509_373,-33.9216423034668,151.24806213378906,276.0,0.0,-66,-1.1,False
2026-09-04T11:00:14+10:00,2679118,2509_370,-33.889076232910156,151.19094848632812,236.0,0.0,280,4.67,True
2026-09-04T11:00:14+10:00,2622975,2509_333,-33.880836486816406,151.21746826171875,117.0,0.0,139,2.32,True
2026-09-04T11:00:14+10:00,2623361,2509_333,-33.89168930053711,151.2470245361328,99.0,0.0,20,0.33,True
2026-09-04T11:00:14+10:00,2623230,2509_333,-33.89081954956055,151.24794006347656,278.0,1.8,98,1.63,True
2026-09-04T11:00:14+10:00,2346355,2509_390X,-33.89693832397461,151.25157165527344,339.0,43.6,493,8.22,False
2026-09-04T11:00:14+10:00,2628755,2509_304,-33.90382385253906,151.21241760253906,8.0,0.0,-28,-0.47,True
2026-09-04T11:00:14+10:00,2532017,2509_325,-33.84377670288086,151.28404235839844,6.0,0.0,0,0.0,True
2026-09-04T11:00:14+10:00,2623364,2509_333,-33.89170455932617,151.2517852783203,236.0,31.7,-154,-2.57,False
2026-09-04T11:00:14+10:00,2532547,2509_313,-33.92123794555664,151.25669860839844,7.0,0.0,-117,-1.95,False
2026-09-04T11:00:14+10:00,2396608,2509_392,-33.90803146362305,151.2178955078125,325.0,38.9,-214,-3.57,False
2026-09-04T11:00:14+10:00,2357113,2509_343,-33.91440200805664,151.20516967773438,196.0,32.4,198,3.3,True
2026-09-04T11:00:14+10:00,2534366,2509_380,-33.861785888671875,151.2781219482422,173.0,35.6,322,5.37,False
2026-09-04T11:00:14+10:00,2548756,2509_350,-33.9462890625,151.25694274902344,223.0,13.3,69,1.15,True
2026-09-04T11:00:14+10:00,2564005,2509_379,-33.88896179199219,151.26824951171875,93.0,44.6,65,1.08,True
2026-09-04T11:00:14+10:00,2533481,2509_380,-33.894771575927734,151.27328491210938,356.0,43.6,11,0.18,True
2026-09-04T11:00:14+10:00,2531895,2509_325,-33.85419845581055,151.27682495117188,330.0,37.1,144,2.4,True
2026-09-04T11:00:14+10:00,2679202,2509_370,-33.90447998046875,151.18997192382812,37.0,26.3,634,10.57,False
2026-09-04T11:00:14+10:00,2138797,2509_396,-33.93632125854492,151.23838806152344,166.0,40.3,-162,-2.7,False
2026-09-04T11:00:14+10:00,2548819,2509_350,-33.9188232421875,151.25726318359375,184.0,15.5,83,1.38,True
2026-09-04T11:00:14+10:00,2139381,2509_375,-33.9213752746582,151.24310302734375,162.0,33.5,1056,17.6,False
2026-09-04T11:00:14+10:00,2488406,2509_392,-33.917091369628906,151.2261199951172,169.0,38.9,82,1.37,True
2026-09-04T11:00:14+10:00,2357338,2509_370,-33.905792236328125,151.202880859375,348.0,0.0,169,2.82,True
2026-09-04T11:00:14+10:00,2357297,2509_370,-33.915096282958984,151.2276153564453,98.0,0.0,0,0.0,True
2026-09-04T11:00:14+10:00,2357661,2509_373,-33.90507888793945,151.228271484375,117.0,39.6,-841,-14.02,False
2026-09-04T11:00:14+10:00,2357661_2,2509_373,-33.87854766845703,151.21047973632812,102.0,23.4,-40,-0.67,True
2026-09-04T11:00:14+10:00,2632136,2510_301,-33.91991424560547,151.20697021484375,9.0,39.6,-148,-2.47,False
2026-09-04T11:00:14+10:00,2530137,7084_SW2,-33.909873962402344,151.170654296875,230.0,0.4,-895,-14.92,False
2026-09-04T11:00:14+10:00,2579088,7084_SW2,-33.90119171142578,151.14476013183594,8.0,36.7,-317,-5.28,False
2026-09-04T11:00:14+10:00,2632144,2510_301,-33.94453048706055,151.2263641357422,194.0,0.0,0,0.0,True
2026-09-04T11:00:14+10:00,2529898,7084_SW2,-33.90580368041992,151.1449737548828,318.0,40.0,-7,-0.12,True
2026-09-04T11:00:14+10:00,2579244,7084_SW2,-33.902992248535156,151.1548614501953,141.0,37.4,-34,-0.57,True
