timestamp,trip_id,route_id,lat,lon,bearing,speed_kmh,delay_sec,delay_min,on_time
2026-09-06T01:12:34+10:00,2517179,2514_283,-33.796424865722656,151.18077087402344,178.0,0.0,0,0.0,True
2026-09-06T01:12:34+10:00,2702016,700011_27T4,-33.89616012573242,151.2161407470703,192.0,65.5,110,1.83,True
2026-09-06T01:12:34+10:00,2655019,2503_N40,-33.90217590332031,151.16941833496094,25.0,38.9,-94,-1.57,False
2026-09-06T01:12:34+10:00,2667940,7057_26T4,-33.887054443359375,151.2067108154297,11.0,0.0,0,0.0,True
2026-09-06T01:12:34+10:00,2638095,2504_607X,-33.813594818115234,151.18487548828125,281.0,75.6,120,2.0,True
2026-09-06T01:12:34+10:00,2557315,2507_290,-33.80268096923828,151.1457061767578,337.0,53.6,-158,-2.63,False
2026-09-06T01:12:34+10:00,2682755,2503_N40,-33.912750244140625,151.11817932128906,235.0,18.7,242,4.03,True
2026-09-06T01:12:34+10:00,2642991,2507_N91,-33.808685302734375,151.18446350097656,132.0,45.7,140,2.33,True
2026-09-06T01:12:34+10:00,2543600,2504_610X,-33.87047576904297,151.2062225341797,174.0,13.0,0,0.0,True
2026-09-06T01:12:34+10:00,2494252,2504_N70,-33.88736343383789,151.17359924316406,262.0,59.0,42,0.7,True
2026-09-06T01:12:34+10:00,2683127,7083_SW1,-33.90980529785156,151.1361083984375,266.0,19.1,-67,-1.12,False
2026-09-06T01:12:34+10:00,2682781,2503_N40,-33.874263763427734,151.21250915527344,188.0,35.3,123,2.05,True
2026-09-06T01:12:34+10:00,2542949,2504_610X,-33.819122314453125,151.20298767089844,144.0,54.4,-92,-1.53,False
2026-09-06T01:12:34+10:00,2637985,2504_607X,-33.87043380737305,151.2062225341797,175.0,0.0,0,0.0,True
2026-09-06T01:12:34+10:00,2675720,2503_N30,-33.89702224731445,151.1646728515625,115.0,54.0,332,5.53,False
2026-09-06T01:12:34+10:00,2682904,7083_SW1,-33.914390563964844,151.1656036376953,0.0,0.0,1860,31.0,False
2026-09-06T01:12:34+10:00,2494199,2504_N60,-33.87844467163086,151.21096801757812,229.0,0.0,-67,-1.12,False
2026-09-06T01:12:34+10:00,2382949,2504_N50,-33.876773834228516,151.12692260742188,124.0,91.8,0,0.0,True
2026-09-06T01:12:34+10:00,2334054,2504_N61,-33.8321418762207,151.213134765625,212.0,73.4,0,0.0,True
2026-09-06T01:12:34+10:00,2702005,700011_27T4,-33.885894775390625,151.20326232910156,149.0,6.5,2644,44.07,False
2026-09-06T01:12:34+10:00,2702343,2507_501,-33.87065124511719,151.191650390625,223.0,0.0,223,3.72,True
2026-09-06T01:12:34+10:00,2516749,2504_N71,-33.88788986206055,151.1676483154297,83.0,12.6,-64,-1.07,False
2026-09-06T01:12:34+10:00,2383013,2504_N50,-33.88425064086914,151.19976806640625,270.0,42.1,67,1.12,True
2026-09-06T01:12:34+10:00,2493580,2504_N60,-33.88120651245117,151.2063446044922,41.0,39.2,179,2.98,True
2026-09-06T01:12:34+10:00,2642866,2507_52,-33.8621711730957,151.1670379638672,287.0,4.0,211,3.52,True
2026-09-06T01:12:34+10:00,2285499,2459_442,-33.87419509887695,151.19895935058594,72.0,59.4,-87,-1.45,False
2026-09-06T01:12:34+10:00,2289836,2459_440,-33.88088607788086,151.2174072265625,297.0,0.0,-48,-0.8,True
2026-09-06T01:12:34+10:00,2038510,2459_440,-33.89116287231445,151.24754333496094,8.0,26.6,-565,-9.42,False
2026-09-06T01:12:34+10:00,2588661,7016_7AT4,-33.92893981933594,151.15699768066406,218.0,43.9,-260,-4.33,False
2026-09-06T01:12:34+10:00,2588793,7016_7AT4,-33.914573669433594,151.18328857421875,124.0,50.8,-523,-8.72,False
2026-09-06T01:12:34+10:00,2686138,2459_423,-33.89349365234375,151.18344116210938,227.0,23.8,28,0.47,True
2026-09-06T01:12:34+10:00,2588769,7016_7AT4,-33.92192077636719,151.16404724121094,44.0,60.8,0,0.0,True
2026-09-06T01:12:34+10:00,2365041,2459_389,-33.87095642089844,151.20492553710938,88.0,31.0,-145,-2.42,False
2026-09-06T01:12:34+10:00,2286726,2459_438N,-33.88399887084961,151.20262145996094,250.0,47.5,28,0.47,True
2026-09-06T01:12:34+10:00,1904054,2459_461N,-33.87482452392578,151.1519012451172,113.0,54.0,500,8.33,False
2026-09-06T01:12:34+10:00,2588662,7016_7AT4,-33.90651321411133,151.19151306152344,218.0,41.4,-27,-0.45,True
2026-09-06T01:12:34+10:00,2288711,2459_438N,-33.8803825378418,151.20864868164062,103.0,0.0,-20,-0.33,True
2026-09-06T01:12:34+10:00,2686160,2459_423,-33.86568069458008,151.2102508544922,218.0,0.0,0,0.0,True
2026-09-06T01:12:34+10:00,2287415,2459_433,-33.88400650024414,151.1924285888672,130.0,32.4,31,0.52,True
2026-09-06T01:12:34+10:00,1904053,2459_461N,-33.88492202758789,151.1909637451172,265.0,4.0,282,4.7,True
2026-09-06T01:12:34+10:00,2088087,2508_BN1,-33.83163833618164,151.22279357910156,267.0,0.0,-211,-3.52,False
2026-09-06T01:12:34+10:00,2088204,2508_BN1,-33.82405090332031,151.24148559570312,51.0,0.0,82,1.37,True
2026-09-06T01:12:34+10:00,2089919,2508_BN1,-33.872161865234375,151.20645141601562,177.0,0.0,0,0.0,True
2026-09-06T01:12:34+10:00,2375904,2508_144,-33.828819274902344,151.20880126953125,99.0,2.2,215,3.58,True
2026-09-06T01:12:34+10:00,2087807,2508_BN1,-33.87276840209961,151.20590209960938,273.0,16.2,90,1.5,True
2026-09-06T01:12:34+10:00,2356822,2509_343,-33.92593002319336,151.2281036376953,66.0,0.0,141,2.35,True
2026-09-06T01:12:34+10:00,2534335,2509_350,-33.92337417602539,151.18722534179688,188.0,0.0,0,0.0,True
2026-09-06T01:12:34+10:00,2356186,2509_339,-33.91261291503906,151.2612762451172,103.0,37.8,-150,-2.5,False
2026-09-06T01:12:34+10:00,2355920,2509_343,-33.88674545288086,151.20809936523438,180.0,36.7,157,2.62,True
2026-09-06T01:12:34+10:00,2531457,2509_333,-33.8816032409668,151.2190704345703,296.0,33.1,118,1.97,True
2026-09-06T01:12:34+10:00,2531529,2509_324,-33.876399993896484,151.22427368164062,346.0,27.4,134,2.23,True
2026-09-06T01:12:34+10:00,2532304,2509_324,-33.86666488647461,151.20555114746094,83.0,1.4,98,1.63,True
2026-09-06T01:12:34+10:00,2352483,2509_392N,-33.884864807128906,151.2180938720703,157.0,0.0,79,1.32,True
2026-09-06T01:12:34+10:00,2357213,2509_373,-33.906585693359375,151.2313995361328,303.0,32.4,79,1.32,True
2026-09-06T01:12:34+10:00,2346548,7054_13T4,-33.92877197265625,151.1531524658203,44.0,20.2,16,0.27,True
2026-09-06T01:12:34+10:00,2699513,7054_1T3,-33.90031051635742,151.1888427734375,95.0,44.3,-178,-2.97,False
2026-09-06T01:12:34+10:00,2533758,2509_333,-33.89152145385742,151.2496795654297,117.0,13.0,-22,-0.37,True
2026-09-06T01:12:34+10:00,2494587,2509_343,-33.87773132324219,151.20933532714844,6.0,43.6,-211,-3.52,False
2026-09-06T01:12:34+10:00,2472392,7054_1T3,-33.91110610961914,151.174072265625,230.0,39.2,-83,-1.38,False
2026-09-06T01:12:34+10:00,2674994,2509_309,-33.92565155029297,151.19552612304688,190.0,29.9,37,0.62,True
2026-09-06T01:12:34+10:00,2137239,2509_396,-33.9254035949707,151.22967529296875,132.0,3.2,-66,-1.1,False
2026-09-06T01:12:34+10:00,2472557,7054_1T3,-33.89447784423828,151.1984100341797,22.0,41.4,56,0.93,True
2026-09-06T01:12:34+10:00,2533373,2509_324,-33.856971740722656,151.2814178466797,73.0,42.1,327,5.45,False
2026-09-06T01:12:34+10:00,2533240,2509_350,-33.93088912963867,151.25570678710938,335.0,38.5,-96,-1.6,False
2026-09-06T01:12:34+10:00,2472360,7054_1T3,-33.880680084228516,151.20689392089844,199.0,0.0,64,1.07,True
2026-09-06T01:12:34+10:00,2139624,2509_396,-33.880088806152344,151.2162322998047,321.0,0.4,-42,-0.7,True
2026-09-06T01:12:34+10:00,2563911,2509_379,-33.89693069458008,151.25157165527344,338.0,39.6,24,0.4,True
2026-09-06T01:12:34+10:00,2434870,2509_390X,-33.909507751464844,151.2416229248047,278.0,42.8,112,1.87,True
2026-09-06T01:12:34+10:00,2551662,2509_379,-33.89469528198242,151.25009155273438,154.0,24.5,-22,-0.37,True
2026-09-06T01:12:34+10:00,2357589,2509_373,-33.91515350341797,151.24041748046875,158.0,0.0,76,1.27,True
2026-09-06T01:12:34+10:00,2530261,7084_SW2,-33.914669036865234,151.16506958007812,36.0,5.4,0,0.0,True
2026-09-06T01:12:34+10:00,2667788,7066_28T4,-33.89547348022461,151.20684814453125,190.0,49.7,0,0.0,True
2026-09-06T01:12:34+10:00,2368380,2510_N11,-33.87113952636719,151.20553588867188,355.0,0.0,48,0.8,True
2026-09-06T01:12:34+10:00,2657424,2510_N20,-33.91988754272461,151.19810485839844,220.0,37.8,-204,-3.4,False
2026-09-06T01:12:34+10:00,2667755,7066_28T4,-33.880306243896484,151.2068328857422,184.0,0.0,50,0.83,True
2026-09-06T01:12:34+10:00,2368376,2510_N10,-33.88947677612305,151.1902313232422,217.0,0.0,133,2.22,True
2026-09-06T01:12:34+10:00,2591219,7066_28T4,-33.92827224731445,151.15745544433594,39.0,47.9,254,4.23,True
2026-09-06T01:12:34+10:00,2717551,700015_3AT4,-33.89816665649414,151.2154541015625,9.0,54.4,-533,-8.88,False
2026-09-06T01:12:34+10:00,2717502,700015_3AT4,-33.91183853149414,151.2129669189453,185.0,77.0,117,1.95,True
2026-09-06T01:12:34+10:00,2722487,700012_49SC,-33.89228057861328,151.2166748046875,8.0,0.0,640,10.67,False
2026-09-06T03:22:54+10:00,2543690,2504_607X,-33.81302261352539,151.17987060546875,106.0,69.1,-109,-1.82,False
2026-09-06T03:22:54+10:00,2667940,7057_26T4,-33.92390823364258,151.21380615234375,132.0,83.9,-463,-7.72,False
2026-09-06T03:22:54+10:00,2682977,7083_SW1,-33.91033172607422,151.1327667236328,241.0,16.6,-129,-2.15,False
2026-09-06T03:22:54+10:00,2541652,2504_610X,-33.812503814697266,151.17385864257812,268.0,55.8,202,3.37,True
2026-09-06T03:22:54+10:00,2407070,2507_N90,-33.82233428955078,151.19345092773438,173.0,46.4,76,1.27,True
2026-09-06T03:22:54+10:00,2443104,2454_N70,-33.88519287109375,151.1835174560547,77.0,57.2,-37,-0.62,True
2026-09-06T03:22:54+10:00,2702404,2507_501,-33.8807373046875,151.2067108154297,205.0,0.4,0,0.0,True
2026-09-06T03:22:54+10:00,2675707,2503_N30,-33.88356399536133,151.2032928466797,223.0,0.0,471,7.85,False
2026-09-06T03:22:54+10:00,2280170,7083_SW3,-33.911766052246094,151.15896606445312,300.0,34.9,-79,-1.32,False
2026-09-06T03:22:54+10:00,2682638,2503_N40,-33.874168395996094,151.1653289794922,74.0,0.0,211,3.52,True
2026-09-06T03:22:54+10:00,2451350,2504_N92,-33.85774612426758,151.20721435546875,27.0,70.6,-78,-1.3,False
2026-09-06T03:22:54+10:00,2494070,2504_N60,-33.87236022949219,151.20567321777344,351.0,0.0,0,0.0,True
2026-09-06T03:22:54+10:00,2516776,2504_N71,-33.88609313964844,151.17977905273438,258.0,20.2,255,4.25,True
2026-09-06T03:22:54+10:00,2543952,2504_610X,-33.87034606933594,151.20620727539062,176.0,0.0,0,0.0,True
2026-09-06T03:22:54+10:00,2407842,2507_N90,-33.865577697753906,151.2049102783203,355.0,0.0,-166,-2.77,False
2026-09-06T03:22:54+10:00,2675713,2503_N30,-33.89873123168945,151.17503356933594,83.0,39.6,376,6.27,False
2026-09-06T03:22:54+10:00,2538278,2507_N81,-33.887733459472656,151.14183044433594,312.0,49.0,233,3.88,True
2026-09-06T03:22:54+10:00,2382949,2504_N50,-33.8847770690918,151.191162109375,268.0,42.8,92,1.53,True
2026-09-06T03:22:54+10:00,2334054,2504_N61,-33.88896179199219,151.15347290039062,260.0,58.7,-39,-0.65,True
2026-09-06T03:22:54+10:00,2637941,2504_607X,-33.85505676269531,151.20901489257812,28.0,68.0,-53,-0.88,True
2026-09-06T03:22:54+10:00,2682731,2503_N40,-33.880775451660156,151.20668029785156,201.0,37.8,33,0.55,True
2026-09-06T03:22:54+10:00,2701988,700011_27T4,-33.920082092285156,151.2109375,-1.0,-3.6,,,
2026-09-06T03:22:54+10:00,2667956,7057_26T4,-33.886592864990234,151.2065887451172,10.0,0.0,0,0.0,True
2026-09-06T03:22:54+10:00,2272750,2504_N50,-33.894081115722656,151.15573120117188,66.0,28.4,172,2.87,True
2026-09-06T03:22:54+10:00,2517264,2514_281,-33.78261184692383,151.1968994140625,158.0,35.3,11,0.18,True
2026-09-06T03:22:54+10:00,2701903,700011_27T4,-33.88190460205078,151.20660400390625,108.0,0.0,-380,-6.33,False
2026-09-06T03:22:54+10:00,2493975,2504_N60,-33.880130767822266,151.20840454101562,187.0,0.0,-14,-0.23,True
2026-09-06T03:22:54+10:00,2283003,2459_428,-33.90395736694336,151.167724609375,294.0,37.8,998,16.63,False
2026-09-06T03:22:54+10:00,2588831,7016_7AT4,-33.91249084472656,151.1719970703125,230.0,48.2,-217,-3.62,False
2026-09-06T03:22:54+10:00,2289236,2459_440,-33.879032135009766,151.21493530273438,315.0,19.4,3,0.05,True
2026-09-06T03:22:54+10:00,2290271,2459_433,-33.87065124511719,151.17303466796875,43.0,41.8,-183,-3.05,False
2026-09-06T03:22:54+10:00,2636585,2459_504,-33.85240173339844,151.1557159423828,322.0,53.6,-218,-3.63,False
2026-09-06T03:22:54+10:00,1904054,2459_461N,-33.88935852050781,151.15158081054688,254.0,52.2,12,0.2,True
2026-09-06T03:22:54+10:00,2286279,2459_438N,-33.881290435791016,151.2051544189453,303.0,0.0,223,3.72,True
2026-09-06T03:22:54+10:00,2285832,2459_423,-33.89300537109375,151.18447875976562,73.0,35.6,68,1.13,True
2026-09-06T03:22:54+10:00,2686160,2459_423,-33.912322998046875,151.1601104736328,224.0,12.6,261,4.35,True
2026-09-06T03:22:54+10:00,2285983,2459_442,-33.85655212402344,151.17800903320312,30.0,17.3,-115,-1.92,False
2026-09-06T03:22:54+10:00,2714059,2508_144,-33.81186294555664,151.1753692626953,13.0,38.2,-167,-2.78,False
2026-09-06T03:22:54+10:00,2087735,2508_BN1,-33.83132553100586,151.22161865234375,295.0,33.1,-149,-2.48,False
2026-09-06T03:22:54+10:00,2376502,2508_144,-33.828590393066406,151.22906494140625,60.0,50.8,71,1.18,True
2026-09-06T03:22:54+10:00,2089919,2508_BN1,-33.813087463378906,151.24407958984375,21.0,37.4,126,2.1,True
2026-09-06T03:22:54+10:00,2087714,2508_BN1,-33.866050720214844,151.20635986328125,6.0,0.0,22,0.37,True
2026-09-06T03:22:54+10:00,2089878,2508_BN1,-33.87107849121094,151.20631408691406,174.0,0.0,0,0.0,True
2026-09-06T03:22:54+10:00,2534335,2509_350,-33.9347038269043,151.1940460205078,150.0,0.0,-32,-0.53,True
2026-09-06T03:22:54+10:00,2472499,7054_1T3,-33.90003967285156,151.19393920898438,216.0,47.2,-80,-1.33,False
2026-09-06T03:22:54+10:00,2137654,2509_392N,-33.87699890136719,151.21241760253906,303.0,0.4,-23,-0.38,True
2026-09-06T03:22:54+10:00,2532304,2509_324,-33.85694885253906,151.28253173828125,79.0,25.2,486,8.1,False
2026-09-06T03:22:54+10:00,2628688,2509_304,-33.89203643798828,151.21250915527344,11.0,22.7,62,1.03,True
2026-09-06T03:22:54+10:00,2138920,2509_396,-33.88493347167969,151.2181396484375,156.0,33.8,238,3.97,True
2026-09-06T03:22:54+10:00,2357213,2509_373,-33.9075813293457,151.23338317871094,132.0,48.6,485,8.08,False
2026-09-06T03:22:54+10:00,2534504,2509_333,-33.88372039794922,151.2218780517578,106.0,0.0,139,2.32,True
2026-09-06T03:22:54+10:00,2357510,2509_373,-33.9080924987793,151.23382568359375,326.0,41.4,279,4.65,True
2026-09-06T03:22:54+10:00,2532433,2509_324,-33.875579833984375,151.2218780517578,191.0,0.0,198,3.3,True
2026-09-06T03:22:54+10:00,2699526,7054_1T3,-33.90040588378906,151.19371032714844,38.0,41.4,-114,-1.9,False
2026-09-06T03:22:54+10:00,2357535,2509_343,-33.89840316772461,151.2063751220703,183.0,11.9,128,2.13,True
2026-09-06T03:22:54+10:00,2346382,2509_390X,-33.89328384399414,151.2495880126953,7.0,0.0,-215,-3.58,False
2026-09-06T03:22:54+10:00,2534669,2509_324,-33.873268127441406,151.20957946777344,96.0,3.6,57,0.95,True
2026-09-06T03:22:54+10:00,2533687,2509_333,-33.863033294677734,151.21112060546875,5.0,27.0,232,3.87,True
2026-09-06T03:22:54+10:00,2531158,2509_333,-33.890968322753906,151.2492218017578,277.0,29.2,115,1.92,True
2026-09-06T03:22:54+10:00,2533012,2509_350,-33.920108795166016,151.25704956054688,189.0,23.0,105,1.75,True
2026-09-06T03:22:54+10:00,2534691,2509_333,-33.890647888183594,151.27464294433594,43.0,0.0,267,4.45,True
2026-09-06T03:22:54+10:00,2657423,2510_N20,-33.88929748535156,151.2015838623047,359.0,0.0,-28,-0.47,True
2026-09-06T03:22:54+10:00,2368380,2510_N11,-33.89948272705078,151.19436645507812,216.0,39.2,254,4.23,True
2026-09-06T03:22:54+10:00,2452858,2510_N11,-33.87864685058594,151.20924377441406,4.0,3.6,381,6.35,False
2026-09-06T03:22:54+10:00,2667755,7066_28T4,-33.91273880004883,151.17942810058594,294.0,9.0,785,13.08,False
2026-09-06T03:22:54+10:00,2667749,7066_28T4,-33.88785934448242,151.2063446044922,10.0,0.0,273,4.55,True
2026-09-06T03:22:54+10:00,2530299,7084_SW2,-33.91424560546875,151.16616821289062,231.0,0.0,-61,-1.02,False
2026-09-06T03:22:54+10:00,2717543,700015_3AT4,-33.88259506225586,151.20848083496094,23.0,14.4,-382,-6.37,False
2026-09-06T05:13:52+10:00,2638708,2503_N40,-33.90788650512695,151.12957763671875,131.0,54.0,669,11.15,False
2026-09-06T05:13:52+10:00,2642940,2507_52,-33.836971282958984,151.13011169433594,294.0,0.0,-131,-2.18,False
2026-09-06T05:13:52+10:00,2662313,7083_35T3,-33.89716720581055,151.17941284179688,75.0,22.3,-203,-3.38,False
2026-09-06T05:13:52+10:00,2700512,7083_35T3,-33.89281463623047,151.20016479492188,209.0,4.0,252,4.2,True
2026-09-06T05:13:52+10:00,2702211,2507_501,-33.873287200927734,151.1959991455078,152.0,0.0,184,3.07,True
2026-09-06T05:13:52+10:00,2644226,2507_52,-33.872379302978516,151.21275329589844,187.0,0.0,0,0.0,True
2026-09-06T05:13:52+10:00,2702560,2507_501,-33.86861038208008,151.17770385742188,244.0,52.9,63,1.05,True
2026-09-06T05:13:52+10:00,2426459,7083_78T3,-33.892940521240234,151.1503143310547,334.0,22.0,-377,-6.28,False
2026-09-06T05:13:52+10:00,2700539,7083_35T3,-33.91025161743164,151.13291931152344,234.0,27.0,-131,-2.18,False
2026-09-06T05:13:52+10:00,2702018,700011_27T4,-33.9176025390625,151.21156311035156,7.0,82.4,0,0.0,True
2026-09-06T05:13:52+10:00,2701935,700011_27T4,-33.88941955566406,151.1509552001953,73.0,54.7,0,0.0,True
2026-09-06T05:13:52+10:00,2426484,7083_78T3,-33.88761901855469,151.17213439941406,261.0,50.8,161,2.68,True
2026-09-06T05:13:52+10:00,2643091,2507_52,-33.86198043823242,151.16712951660156,121.0,26.3,-39,-0.65,True
2026-09-06T05:13:52+10:00,2643865,2507_120,-33.87056350708008,151.20623779296875,175.0,0.0,-160,-2.67,False
2026-09-06T05:13:52+10:00,2426607,7083_78T3,-33.88401794433594,151.20187377929688,71.0,23.0,-187,-3.12,False
2026-09-06T05:13:52+10:00,2662480,7083_35T3,-33.91016387939453,151.1327362060547,149.0,4.7,231,3.85,True
2026-09-06T05:13:52+10:00,2426445,7083_78T3,-33.8841438293457,151.20819091796875,0.0,0.0,2495,41.58,False
2026-09-06T05:13:52+10:00,2668221,2459_420,-33.924774169921875,151.18988037109375,307.0,19.4,7,0.12,True
2026-09-06T05:13:52+10:00,2284958,2459_438N,-33.84756088256836,151.1282958984375,188.0,24.8,-3,-0.05,True
2026-09-06T05:13:52+10:00,2288422,2459_433,-33.882991790771484,151.19105529785156,130.0,4.3,2,0.03,True
2026-09-06T05:13:52+10:00,2654141,2459_420,-33.939292907714844,151.1477508544922,33.0,0.0,290,4.83,True
2026-09-06T05:13:52+10:00,2588852,7016_7AT4,-33.912086486816406,151.1807403564453,125.0,41.4,-389,-6.48,False
2026-09-06T05:13:52+10:00,2349628,2459_418,-33.874610900878906,151.10752868652344,6.0,0.0,0,0.0,True
2026-09-06T05:13:52+10:00,2588896,7016_7AT4,-33.91032028198242,151.17581176757812,321.0,21.2,-213,-3.55,False
2026-09-06T05:13:52+10:00,2668202,2459_420,-33.93549346923828,151.15621948242188,234.0,52.6,42,0.7,True
2026-09-06T05:13:52+10:00,2686137,2459_423,-33.908023834228516,151.16358947753906,213.0,41.4,-111,-1.85,False
2026-09-06T05:13:52+10:00,2588645,7016_7AT4,-33.89364242553711,151.19883728027344,21.0,0.0,0,0.0,True
2026-09-06T05:13:52+10:00,2286070,2459_438N,-33.87958526611328,151.20912170410156,10.0,37.1,146,2.43,True
2026-09-06T05:13:52+10:00,2686189,2459_423,-33.864986419677734,151.2108917236328,218.0,0.0,0,0.0,True
2026-09-06T05:13:52+10:00,2554074,2459_358,-33.92053985595703,151.1880340576172,11.0,0.0,-98,-1.63,False
2026-09-06T05:13:52+10:00,2588772,7016_7AT4,-33.9312858581543,151.15460205078125,38.0,0.0,-116,-1.93,False
2026-09-06T05:13:52+10:00,2588666,7016_7AT4,-33.89393615722656,151.19869995117188,21.0,0.0,0,0.0,True
2026-09-06T05:13:52+10:00,2283599,2459_423,-33.8878059387207,151.1929473876953,49.0,50.4,-8,-0.13,True
2026-09-06T05:13:52+10:00,2088359,2508_BN1,-33.871463775634766,151.2063751220703,176.0,0.0,0,0.0,True
2026-09-06T05:13:52+10:00,2713911,2508_144,-33.81383514404297,151.17674255371094,308.0,41.8,-180,-3.0,False
2026-09-06T05:13:52+10:00,2373735,2508_100,-33.86915969848633,151.20530700683594,355.0,25.9,22,0.37,True
2026-09-06T05:13:52+10:00,2424315,2508_230,-33.83169174194336,151.23919677734375,249.0,33.1,-24,-0.4,True
2026-09-06T05:13:52+10:00,2415586,2508_B1,-33.86638259887695,151.20632934570312,7.0,0.0,0,0.0,True
2026-09-06T05:13:52+10:00,2374461,2508_100,-33.82505416870117,151.24208068847656,297.0,32.0,36,0.6,True
2026-09-06T05:13:52+10:00,2420888,2508_230,-33.847232818603516,151.2115478515625,172.0,21.2,-99,-1.65,False
2026-09-06T05:13:52+10:00,2375106,2508_144,-33.83100128173828,151.2244110107422,66.0,49.7,57,0.95,True
2026-09-06T05:13:52+10:00,2088156,2508_B1,-33.83140182495117,151.22377014160156,245.0,47.9,-212,-3.53,False
2026-09-06T05:13:52+10:00,2396541,2509_392,-33.92741012573242,151.22874450683594,346.0,47.5,-136,-2.27,False
2026-09-06T05:13:52+10:00,2564463,2509_379,-33.896461486816406,151.2512969970703,331.0,0.0,53,0.88,True
2026-09-06T05:13:52+10:00,2488376,2509_392,-33.892696380615234,151.19920349121094,23.0,0.0,0,0.0,True
2026-09-06T05:13:52+10:00,2675020,2509_309,-33.94382095336914,151.1959991455078,154.0,37.8,-183,-3.05,False
2026-09-06T05:13:52+10:00,2357372,2509_373,-33.92121124267578,151.25672912597656,10.0,0.0,0,0.0,True
2026-09-06T05:13:52+10:00,2531897,2509_333,-33.86489486694336,151.21163940429688,188.0,28.8,-23,-0.38,True
2026-09-06T05:13:52+10:00,2494625,2509_343,-33.87575149536133,151.2096710205078,7.0,33.8,-212,-3.53,False
2026-09-06T05:13:52+10:00,2346343,2509_390X,-33.92109680175781,151.2266082763672,353.0,30.6,82,1.37,True
2026-09-06T05:13:52+10:00,2494852,2509_374,-33.913551330566406,151.2469024658203,296.0,33.5,112,1.87,True
2026-09-06T05:13:52+10:00,2356414,2509_373,-33.92096710205078,151.24647521972656,287.0,31.3,26,0.43,True
2026-09-06T05:13:52+10:00,2494897,2509_343,-33.92516326904297,151.22723388671875,266.0,0.0,0,0.0,True
2026-09-06T05:13:52+10:00,2472616,7054_1T3,-33.910369873046875,151.17515563964844,242.0,36.7,-254,-4.23,False
2026-09-06T05:13:52+10:00,2609261,2509_333,-33.89082717895508,151.27468872070312,220.0,42.1,-84,-1.4,False
2026-09-06T05:13:52+10:00,2357515,2509_343,-33.86838150024414,151.2105255126953,184.0,33.1,47,0.78,True
2026-09-06T05:13:52+10:00,2531582,2509_324,-33.8740348815918,151.21449279785156,282.0,16.6,-84,-1.4,False
2026-09-06T05:13:52+10:00,2531916,2509_324,-33.84629440307617,151.2834930419922,326.0,0.0,0,0.0,True
2026-09-06T05:13:52+10:00,2434445,2509_390X,-33.891090393066406,151.2483673095703,276.0,0.0,0,0.0,True
2026-09-06T05:13:52+10:00,2533124,2509_350,-33.947723388671875,151.2516632080078,284.0,0.0,129,2.15,True
2026-09-06T05:13:52+10:00,2533906,2509_350,-33.92979049682617,151.1947479248047,191.0,43.9,7,0.12,True
2026-09-06T05:13:52+10:00,2357668,2509_370,-33.91550064086914,151.2492218017578,189.0,40.7,0,0.0,True
2026-09-06T05:13:52+10:00,2679241,2509_370,-33.873207092285156,151.18045043945312,110.0,11.5,0,0.0,True
2026-09-06T05:13:52+10:00,2551701,2509_379,-33.901954650878906,151.25448608398438,155.0,31.7,-81,-1.35,False
2026-09-06T05:13:52+10:00,2699536,7054_1T3,-33.91032409667969,151.1804656982422,22.0,54.0,185,3.08,True
2026-09-06T05:13:52+10:00,2609316,2509_333,-33.8740234375,151.20982360839844,6.0,45.0,-21,-0.35,True
2026-09-06T05:13:52+10:00,2180141,7054_13T4,-33.928802490234375,151.15362548828125,101.0,0.0,-328,-5.47,False
2026-09-06T05:13:52+10:00,2628811,2509_304,-33.862667083740234,151.21200561523438,8.0,0.0,0,0.0,True
2026-09-06T05:13:52+10:00,2532299,2509_387,-33.888267517089844,151.25814819335938,226.0,38.5,-79,-1.32,False
2026-09-06T05:13:52+10:00,2357730,2509_370,-33.903175354003906,151.2019805908203,339.0,34.9,-51,-0.85,True
2026-09-06T05:13:52+10:00,2435037,2509_390X,-33.91555404663086,151.24009704589844,261.0,32.8,52,0.87,True
2026-09-06T05:13:52+10:00,2534540,2509_324,-33.857540130615234,151.28192138671875,239.0,0.0,412,6.87,False
2026-09-06T05:13:52+10:00,2532046,2509_333,-33.89166259765625,151.25186157226562,54.0,0.0,113,1.88,True
2026-09-06T05:13:52+10:00,2352200,2509_392N,-33.88168716430664,151.2172393798828,169.0,27.4,229,3.82,True
2026-09-06T05:13:52+10:00,2138104,2509_396,-33.9422721862793,151.24362182617188,279.0,46.4,-13,-0.22,True
2026-09-06T05:13:52+10:00,2531277,2509_350,-33.928646087646484,151.18716430664062,193.0,44.6,-327,-5.45,False
2026-09-06T05:13:52+10:00,2335384,2509_309,-33.915184020996094,151.20065307617188,16.0,44.6,-20,-0.33,True
2026-09-06T05:13:52+10:00,2357845,2509_343,-33.925201416015625,151.22560119628906,77.0,52.9,-281,-4.68,False
2026-09-06T05:13:52+10:00,2139327,2509_396,-33.87432861328125,151.20977783203125,5.0,37.8,-199,-3.32,False
2026-09-06T05:13:52+10:00,2534027,2509_324,-33.870662689208984,151.20623779296875,174.0,0.0,50,0.83,True
2026-09-06T05:13:52+10:00,2472533,7054_1T3,-33.88426208496094,151.20816040039062,188.0,35.3,228,3.8,True
2026-09-06T05:13:52+10:00,2356969,2509_373,-33.87783432006836,151.2093505859375,188.0,0.0,-122,-2.03,False
2026-09-06T05:13:52+10:00,2709975,2504_607X,-33.806793212890625,151.15386962890625,130.0,69.1,-396,-6.6,False
2026-09-06T05:13:52+10:00,2714412,7057_26T4,-33.935665130615234,151.2084197998047,249.0,75.6,49,0.82,True
2026-09-06T05:13:52+10:00,2704411,2504_607X,-33.87008285522461,151.2061767578125,175.0,0.0,0,0.0,True
2026-09-06T05:13:52+10:00,2714405,7057_26T4,-33.88697814941406,151.20655822753906,7.0,0.0,0,0.0,True
2026-09-06T05:13:52+10:00,2705245,2504_610X,-33.84189987182617,151.2110137939453,170.0,68.0,-194,-3.23,False
2026-09-06T05:13:52+10:00,2706750,2504_610X,-33.86936950683594,151.20533752441406,352.0,1.8,29,0.48,True
2026-09-06T05:13:52+10:00,2721920,7069_11M,-33.79487991333008,151.17861938476562,30.0,45.4,0,0.0,True
2026-09-06T05:13:52+10:00,2704260,2504_607X,-33.82242202758789,151.2057342529297,315.0,82.8,364,6.07,False
2026-09-06T05:13:52+10:00,2669606,7084_24T3,-33.890052795410156,151.1490478515625,344.0,0.0,-658,-10.97,False
2026-09-06T05:13:52+10:00,2390425,7084_24T3,-33.88013458251953,151.20767211914062,105.0,0.0,-3349,-55.82,False
2026-09-06T05:13:52+10:00,2390294,7084_24T3,-33.89890670776367,151.1726837158203,82.0,51.5,-1054,-17.57,False
2026-09-06T05:13:52+10:00,2591189,7066_28T4,-33.90260314941406,151.19691467285156,254.0,49.7,0,0.0,True
2026-09-06T05:13:52+10:00,2669645,7084_24T3,-33.88397216796875,151.20816040039062,258.0,0.4,3144,52.4,False
2026-09-06T05:13:52+10:00,2390418,7084_24T3,-33.881935119628906,151.2064208984375,294.0,26.6,-334,-5.57,False
2026-09-06T05:13:52+10:00,2591275,7066_28T4,-33.9125862121582,151.17990112304688,126.0,33.8,71,1.18,True
2026-09-06T05:13:52+10:00,2717608,700015_3AT4,-33.881980895996094,151.2068634033203,112.0,0.0,-180,-3.0,False
2026-09-06T05:13:52+10:00,2717557,700015_3AT4,-33.92974853515625,151.21380615234375,211.0,78.5,-124,-2.07,False
2026-09-06T05:13:52+10:00,2717351,700015_3AT4,-33.886375427246094,151.20677185058594,4.0,0.0,1353,22.55,False
2026-09-06T05:13:52+10:00,2724767,700002_36SC,-33.94629669189453,151.17042541503906,255.0,63.7,-75,-1.25,False
2026-09-06T07:20:20+10:00,2701871,700011_27T4,-33.886661529541016,151.20663452148438,-21.0,4.0,2930,48.83,False
2026-09-06T07:20:20+10:00,2702305,2507_501,-33.88132858276367,151.2061767578125,43.0,0.0,0,0.0,True
2026-09-06T07:20:20+10:00,2702304,2507_501,-33.829933166503906,151.12681579589844,175.0,0.0,17,0.28,True
2026-09-06T07:20:20+10:00,2700497,7083_35T3,-33.886016845703125,151.20306396484375,0.0,0.0,873,14.55,False
2026-09-06T07:20:20+10:00,2662457,7083_35T3,-33.91902542114258,151.169189453125,139.0,21.6,-20,-0.33,True
2026-09-06T07:20:20+10:00,2702230,2507_501,-33.87099075317383,151.1915283203125,324.0,16.9,-157,-2.62,False
2026-09-06T07:20:20+10:00,2700550,7083_35T3,-33.89270782470703,151.20030212402344,196.0,0.0,-5,-0.08,True
2026-09-06T07:20:20+10:00,2426511,7083_78T3,-33.88978958129883,151.14987182617188,254.0,45.7,-23,-0.38,True
2026-09-06T07:20:20+10:00,2426630,7083_78T3,-33.883583068847656,151.2082977294922,0.0,0.4,2818,46.97,False
2026-09-06T07:20:20+10:00,2662403,7083_35T3,-33.892120361328125,151.19961547851562,37.0,5.4,-455,-7.58,False
2026-09-06T07:20:20+10:00,2643991,2507_52,-33.87346649169922,151.21096801757812,283.0,0.0,0,0.0,True
2026-09-06T07:20:20+10:00,2700548,7083_35T3,-33.916927337646484,151.14271545410156,322.0,16.6,62,1.03,True
2026-09-06T07:20:20+10:00,2426667,7083_78T3,-33.887901306152344,151.16741943359375,81.0,7.6,-328,-5.47,False
2026-09-06T07:20:20+10:00,2645048,2507_120,-33.87272262573242,151.20640563964844,283.0,24.5,29,0.48,True
2026-09-06T07:20:20+10:00,2621179,2507_288,-33.80743408203125,151.15362548828125,129.0,46.4,258,4.3,True
2026-09-06T07:20:20+10:00,2702514,2507_501,-33.851898193359375,151.15530395507812,322.0,46.4,43,0.72,True
2026-09-06T07:20:20+10:00,2644031,2507_120,-33.80245590209961,151.1984405517578,186.0,0.0,44,0.73,True
2026-09-06T07:20:20+10:00,2672480,2507_115,-33.794395446777344,151.19638061523438,339.0,43.9,-103,-1.72,False
2026-09-06T07:20:20+10:00,2644629,2507_120,-33.795528411865234,151.18548583984375,249.0,0.0,-15,-0.25,True
2026-09-06T07:20:20+10:00,2672425,2507_115,-33.82676696777344,151.20132446289062,100.0,18.4,189,3.15,True
2026-09-06T07:20:20+10:00,2426568,7083_78T3,-33.886573791503906,151.20672607421875,0.0,0.0,2956,49.27,False
2026-09-06T07:20:20+10:00,2643591,2507_52,-33.82543182373047,151.1259002685547,342.0,47.9,105,1.75,True
2026-09-06T07:20:20+10:00,2672333,2507_115,-33.79646301269531,151.1807098388672,187.0,0.0,0,0.0,True
2026-09-06T07:20:20+10:00,2557373,2507_290,-33.81877899169922,151.18321228027344,320.0,42.1,-52,-0.87,True
2026-09-06T07:20:20+10:00,2700484,7083_35T3,-33.880531311035156,151.2068328857422,182.0,5.8,728,12.13,False
2026-09-06T07:20:20+10:00,2643617,2507_52,-33.85502624511719,151.15835571289062,142.0,16.2,-36,-0.6,True
2026-09-06T07:20:20+10:00,2645044,2507_52,-33.87308883666992,151.20790100097656,97.0,0.0,-304,-5.07,False
2026-09-06T07:20:20+10:00,2700527,7083_35T3,-33.91535568237305,151.16810607910156,229.0,18.4,1104,18.4,False
2026-09-06T07:20:20+10:00,2644982,2507_52,-33.8238639831543,151.12405395507812,123.0,28.8,-47,-0.78,True
2026-09-06T07:20:20+10:00,2701864,700011_27T4,-33.8779296875,151.19869995117188,335.0,43.6,0,0.0,True
2026-09-06T07:20:20+10:00,2660134,2459_320,-33.90715026855469,151.2049560546875,264.0,14.4,6,0.1,True
2026-09-06T07:20:20+10:00,2285496,2459_423,-33.92326736450195,151.14254760742188,27.0,23.8,494,8.23,False
2026-09-06T07:20:20+10:00,2596296,2459_492,-33.85736083984375,151.1449737548828,47.0,49.7,485,8.08,False
2026-09-06T07:20:20+10:00,2666533,2459_461X,-33.882747650146484,151.20433044433594,66.0,41.8,-136,-2.27,False
2026-09-06T07:20:20+10:00,2588792,7016_7AT4,-33.90367889404297,151.19464111328125,233.0,46.8,0,0.0,True
2026-09-06T07:20:20+10:00,2349662,2459_418,-33.90324783325195,151.12704467773438,179.0,10.4,112,1.87,True
2026-09-06T07:20:20+10:00,2668429,2459_420,-33.87771987915039,151.1035614013672,10.0,0.0,571,9.52,False
2026-09-06T07:20:20+10:00,2289893,2459_433,-33.85622024536133,151.1770782470703,291.0,34.6,19,0.32,True
2026-09-06T07:20:20+10:00,2514724,2459_410,-33.86898422241211,151.10536193847656,9.0,0.0,154,2.57,True
2026-09-06T07:20:20+10:00,2474942,2459_389,-33.88517761230469,151.23526000976562,130.0,37.4,20,0.33,True
2026-09-06T07:20:20+10:00,2290460,2459_303,-33.93017578125,151.19821166992188,290.0,13.3,151,2.52,True
2026-09-06T07:20:20+10:00,2286457,2459_418,-33.912330627441406,151.16021728515625,299.0,0.7,80,1.33,True
2026-09-06T07:20:20+10:00,2290814,2459_303,-33.91706848144531,151.22142028808594,91.0,15.8,138,2.3,True
2026-09-06T07:20:20+10:00,2668401,2459_420,-33.93368148803711,151.16574096679688,155.0,7.2,466,7.77,False
2026-09-06T07:20:20+10:00,2286483,2459_470,-33.88410568237305,151.17926025390625,56.0,0.0,107,1.78,True
2026-09-06T07:20:20+10:00,2283206,2459_431,-33.86119079589844,151.1767578125,214.0,24.1,14,0.23,True
2026-09-06T07:20:20+10:00,2289161,2459_442,-33.85654067993164,151.1782989501953,282.0,28.1,144,2.4,True
2026-09-06T07:20:20+10:00,2554027,2459_358,-33.92496109008789,151.21739196777344,279.0,52.9,-27,-0.45,True
2026-09-06T07:20:20+10:00,2285769,2459_428,-33.86686706542969,151.210693359375,185.0,0.0,0,0.0,True
2026-09-06T07:20:20+10:00,2686108,2459_423,-33.87761688232422,151.20936584472656,188.0,38.9,26,0.43,True
2026-09-06T07:20:20+10:00,2289516,2459_470,-33.88230514526367,151.20506286621094,224.0,33.5,228,3.8,True
2026-09-06T07:20:20+10:00,2666556,2459_461X,-33.88120651245117,151.20498657226562,305.0,0.0,-54,-0.9,True
2026-09-06T07:20:20+10:00,2686124,2459_423,-33.90493392944336,151.1679229736328,203.0,45.7,191,3.18,True
2026-09-06T07:20:20+10:00,2290163,2459_438X,-33.88471221923828,151.19259643554688,265.0,45.4,109,1.82,True
2026-09-06T07:20:20+10:00,2474917,2459_389,-33.86949920654297,151.19381713867188,154.0,0.0,-37,-0.62,True
2026-09-06T07:20:20+10:00,2554378,2459_358,-33.92341613769531,151.2108917236328,98.0,0.0,-83,-1.38,False
2026-09-06T07:20:20+10:00,2287590,2459_470,-33.865089416503906,151.209716796875,227.0,0.0,11,0.18,True
2026-09-06T07:20:20+10:00,2288887,2459_428,-33.90681838989258,151.12664794921875,37.0,41.0,36,0.6,True
2026-09-06T07:20:20+10:00,2288181,2459_389,-33.87830352783203,151.2172088623047,10.0,29.2,70,1.17,True
2026-09-06T07:20:20+10:00,2588707,7016_7AT4,-33.915245056152344,151.1658935546875,61.0,0.0,-385,-6.42,False
2026-09-06T07:20:20+10:00,2588596,7016_7AT4,-33.90974044799805,151.18878173828125,35.0,55.8,-299,-4.98,False
2026-09-06T07:20:20+10:00,2474918,2459_389,-33.869712829589844,151.19789123535156,182.0,0.0,0,0.0,True
2026-09-06T07:20:20+10:00,2283697,2459_423,-33.87615966796875,151.20956420898438,8.0,49.0,-40,-0.67,True
2026-09-06T07:20:20+10:00,2349540,2459_418,-33.8749885559082,151.10740661621094,8.0,0.0,0,0.0,True
2026-09-06T07:20:20+10:00,2284333,2459_438X,-33.886199951171875,151.1788330078125,82.0,0.0,-121,-2.02,False
2026-09-06T07:20:20+10:00,2288769,2459_440,-33.88480758666992,151.19093322753906,266.0,0.0,261,4.35,True
2026-09-06T07:20:20+10:00,2668436,2459_420,-33.93260955810547,151.16477966308594,111.0,8.3,230,3.83,True
2026-09-06T07:20:20+10:00,2284279,2459_442,-33.85732650756836,151.19342041015625,78.0,0.0,-277,-4.62,False
2026-09-06T07:20:20+10:00,2636776,2459_504,-33.85133743286133,151.12960815429688,279.0,32.8,88,1.47,True
2026-09-06T07:20:20+10:00,2287688,2459_433,-33.873016357421875,151.17477416992188,313.0,0.0,-213,-3.55,False
2026-09-06T07:20:20+10:00,2666335,2459_461X,-33.86902618408203,151.10537719726562,10.0,0.0,72,1.2,True
2026-09-06T07:20:20+10:00,2588740,7016_7AT4,-33.91511154174805,151.16619873046875,230.0,0.0,-262,-4.37,False
2026-09-06T07:20:20+10:00,2036204,2459_440,-33.88963317871094,151.2416229248047,83.0,19.4,266,4.43,True
2026-09-06T07:20:20+10:00,2588847,7016_7AT4,-33.93135452270508,151.1547088623047,221.0,0.0,-214,-3.57,False
2026-09-06T07:20:20+10:00,2288344,2459_431,-33.87485885620117,151.209716796875,15.0,0.0,101,1.68,True
2026-09-06T07:20:20+10:00,2036210,2459_440,-33.8879280090332,151.166748046875,82.0,35.6,-109,-1.82,False
2026-09-06T07:20:20+10:00,2285266,2459_438X,-33.855133056640625,151.13864135742188,281.0,36.4,0,0.0,True
2026-09-06T07:20:20+10:00,1964309,2459_445,-33.87833023071289,151.15638732910156,175.0,41.0,34,0.57,True
2026-09-06T07:20:20+10:00,2420933,2508_230,-33.849674224853516,151.21295166015625,233.0,0.0,84,1.4,True
2026-09-06T07:20:20+10:00,2377720,2508_100,-33.84799575805664,151.21278381347656,177.0,62.6,-164,-2.73,False
2026-09-06T07:20:20+10:00,2714191,2508_144,-33.795719146728516,151.25418090820312,250.0,0.0,615,10.25,False
2026-09-06T07:20:20+10:00,2377702,2508_100,-33.83085632324219,151.2207489013672,114.0,44.3,-97,-1.62,False
2026-09-06T07:20:20+10:00,2088304,2508_B1,-33.8304557800293,151.21942138671875,294.0,17.6,-155,-2.58,False
2026-09-06T07:20:20+10:00,2373813,2508_144,-33.82429122924805,151.23721313476562,91.0,0.0,500,8.33,False
2026-09-06T07:20:20+10:00,2088263,2508_B1,-33.80751037597656,151.24691772460938,185.0,55.1,81,1.35,True
2026-09-06T07:20:20+10:00,2374167,2508_144,-33.82843780517578,151.2057647705078,102.0,48.6,32,0.53,True
2026-09-06T07:20:20+10:00,2714230,2508_114,-33.830101013183594,151.2169952392578,274.0,40.0,35,0.58,True
2026-09-06T07:20:20+10:00,2377728,2508_172X,-33.78733825683594,151.25274658203125,111.0,39.6,15,0.25,True
2026-09-06T07:20:20+10:00,2415580,2508_B1,-33.80015182495117,151.24729919433594,61.0,55.4,-44,-0.73,True
2026-09-06T07:20:20+10:00,2415557,2508_B1,-33.829551696777344,151.21371459960938,41.0,24.5,-20,-0.33,True
2026-09-06T07:20:20+10:00,2377749,2508_172X,-33.795894622802734,151.2501983642578,191.0,47.9,44,0.73,True
2026-09-06T07:20:20+10:00,2377710,2508_100,-33.83134460449219,151.24423217773438,348.0,0.0,20,0.33,True
2026-09-06T07:20:20+10:00,2714234,2508_144,-33.827781677246094,151.2015380859375,281.0,31.3,248,4.13,True
2026-09-06T07:20:20+10:00,1973711,2508_162,-33.806034088134766,151.26559448242188,45.0,29.2,-45,-0.75,True
2026-09-06T07:20:20+10:00,2388813,2508_173X,-33.825565338134766,151.2332000732422,223.0,47.5,49,0.82,True
2026-09-06T07:20:20+10:00,2534156,2509_352,-33.89749526977539,151.17889404296875,217.0,38.9,0,0.0,True
2026-09-06T07:20:20+10:00,2356490,2509_339,-33.91444396972656,151.2665557861328,131.0,0.0,0,0.0,True
2026-09-06T07:20:20+10:00,2533891,2509_350,-33.93282699584961,151.1796112060547,99.0,0.0,0,0.0,True
2026-09-06T07:20:20+10:00,2399665,2509_390X,-33.90840148925781,151.24737548828125,83.0,10.4,-78,-1.3,False
2026-09-06T07:20:20+10:00,2609294,2509_333,-33.892765045166016,151.2557373046875,98.0,33.1,138,2.3,True
2026-09-06T07:20:20+10:00,2532333,2509_324,-33.86384201049805,151.27224731445312,171.0,35.6,261,4.35,True
2026-09-06T07:20:20+10:00,2679362,2509_370,-33.91115188598633,151.2233428955078,180.0,34.2,-49,-0.82,True
2026-09-06T07:20:20+10:00,2355915,2509_373,-33.919158935546875,151.2571563720703,9.0,15.5,0,0.0,True
2026-09-06T07:20:20+10:00,2137418,2509_396,-33.86208724975586,151.2112274169922,6.0,0.0,0,0.0,True
2026-09-06T07:20:20+10:00,2357305,2509_370,-33.91971969604492,151.25706481933594,10.0,0.0,0,0.0,True
2026-09-06T07:20:20+10:00,2533896,2509_381,-33.89143371582031,151.2520294189453,231.0,21.6,-270,-4.5,False
2026-09-06T07:20:20+10:00,2434984,2509_390X,-33.891075134277344,151.24822998046875,276.0,0.4,0,0.0,True
2026-09-06T07:20:20+10:00,2472516,7054_1T3,-33.892093658447266,151.20071411132812,201.0,0.0,5,0.08,True
2026-09-06T07:20:20+10:00,2533853,2509_313,-33.92427444458008,151.25515747070312,271.0,0.0,-18,-0.3,True
2026-09-06T07:20:20+10:00,2357759,2509_339,-33.90117645263672,151.22299194335938,336.0,37.4,145,2.42,True
2026-09-06T07:20:20+10:00,2628743,2509_304,-33.862186431884766,151.2120819091797,8.0,0.0,0,0.0,True
2026-09-06T07:20:20+10:00,2609196,2509_333,-33.86838912963867,151.2105255126953,182.0,36.0,21,0.35,True
2026-09-06T07:20:20+10:00,2357514,2509_370,-33.904605865478516,151.18978881835938,214.0,0.0,57,0.95,True
2026-09-06T07:20:20+10:00,2551890,2509_379,-33.90472412109375,151.2671661376953,294.0,21.6,-49,-0.82,True
2026-09-06T07:20:20+10:00,2139886,2509_396,-33.941070556640625,151.25274658203125,87.0,0.0,-157,-2.62,False
2026-09-06T07:20:20+10:00,2356787,2509_311,-33.86906051635742,151.22206115722656,235.0,32.4,88,1.47,True
2026-09-06T07:20:20+10:00,2564388,2509_379,-33.889827728271484,151.25550842285156,55.0,49.3,22,0.37,True
2026-09-06T07:20:20+10:00,2146654,2509_375,-33.944705963134766,151.22621154785156,183.0,7.6,0,0.0,True
2026-09-06T07:20:20+10:00,2434738,2509_390X,-33.91594314575195,151.23358154296875,281.0,32.4,180,3.0,True
2026-09-06T07:20:20+10:00,2609268,2509_333,-33.89458465576172,151.26768493652344,286.0,15.1,-88,-1.47,False
2026-09-06T07:20:20+10:00,2356603,2509_343,-33.880741119384766,151.2088165283203,191.0,31.7,129,2.15,True
2026-09-06T07:20:20+10:00,2398271,2509_392,-33.904014587402344,151.2144317626953,280.0,0.0,-70,-1.17,False
2026-09-06T07:20:20+10:00,2140326,2509_306,-33.893131256103516,151.19894409179688,21.0,0.0,0,0.0,True
2026-09-06T07:20:20+10:00,2139186,2509_396,-33.87915802001953,151.215087890625,134.0,29.9,89,1.48,True
2026-09-06T07:20:20+10:00,2533820,2509_324,-33.87992858886719,151.2375030517578,78.0,33.5,14,0.23,True
2026-09-06T07:20:20+10:00,2679299,2509_370,-33.89342498779297,151.1836700439453,232.0,0.0,-52,-0.87,True
2026-09-06T07:20:20+10:00,2533659,2509_350,-33.91883850097656,151.25704956054688,2.0,14.4,-69,-1.15,False
2026-09-06T07:20:20+10:00,2356208,2509_370,-33.91694259643555,151.24099731445312,347.0,34.9,95,1.58,True
2026-09-06T07:20:20+10:00,2533923,2509_350,-33.93283462524414,151.17950439453125,94.0,0.0,0,0.0,True
2026-09-06T07:20:20+10:00,2140987,2509_396,-33.924720764160156,151.2285919189453,307.0,0.0,119,1.98,True
2026-09-06T07:20:20+10:00,2609334,2509_333,-33.89022445678711,151.2421112060547,292.0,1.1,-57,-0.95,True
2026-09-06T07:20:20+10:00,2531910,2509_380,-33.89464569091797,151.2684783935547,280.0,23.4,62,1.03,True
2026-09-06T07:20:20+10:00,2352522,2509_356,-33.89939498901367,151.2472381591797,277.0,39.2,131,2.18,True
2026-09-06T07:20:20+10:00,2357809,2509_373,-33.90862274169922,151.23577880859375,279.0,29.9,76,1.27,True
2026-09-06T07:20:20+10:00,2609193,2509_333,-33.88954162597656,151.2831573486328,213.0,0.0,0,0.0,True
2026-09-06T07:20:20+10:00,2551788,2509_379,-33.88933563232422,151.25839233398438,297.0,38.2,-174,-2.9,False
2026-09-06T07:20:20+10:00,2472602,7054_1T3,-33.883140563964844,151.20411682128906,23.0,0.0,0,0.0,True
2026-09-06T07:20:20+10:00,2472444,7054_1T3,-33.90290832519531,151.17953491210938,151.0,39.2,208,3.47,True
2026-09-06T07:20:20+10:00,2609342,2509_333,-33.889556884765625,151.28329467773438,214.0,0.0,0,0.0,True
2026-09-06T07:20:20+10:00,2533187,2509_324,-33.86207580566406,151.20289611816406,353.0,36.7,226,3.77,True
2026-09-06T07:20:20+10:00,2699473,7054_1T3,-33.915626525878906,151.16543579101562,7.0,0.0,0,0.0,True
2026-09-06T07:20:20+10:00,2533137,2509_350,-33.94343948364258,151.2270050048828,11.0,36.4,-106,-1.77,False
2026-09-06T07:20:20+10:00,2674991,2509_309,-33.951595306396484,151.19918823242188,129.0,38.2,29,0.48,True
2026-09-06T07:20:20+10:00,2470851,2509_356,-33.93754196166992,151.24290466308594,279.0,31.3,193,3.22,True
2026-09-06T07:20:20+10:00,2564418,2509_387,-33.87956619262695,151.27044677734375,1.0,45.0,158,2.63,True
2026-09-06T07:20:20+10:00,2628772,2509_304,-33.87764358520508,151.20938110351562,181.0,30.2,138,2.3,True
2026-09-06T07:20:20+10:00,2335528,2509_309,-33.9119987487793,151.20172119140625,15.0,38.2,-277,-4.62,False
2026-09-06T07:20:20+10:00,2675115,2509_309,-33.89276885986328,151.20033264160156,205.0,0.0,0,0.0,True
2026-09-06T07:20:20+10:00,2403085,2509_311,-33.880714416503906,151.20883178710938,189.0,28.8,-585,-9.75,False
2026-09-06T07:20:20+10:00,2399698,2509_390X,-33.953678131103516,151.24188232421875,349.0,40.7,-52,-0.87,True
2026-09-06T07:20:20+10:00,2609395,2509_333,-33.88081359863281,151.21722412109375,296.0,0.0,153,2.55,True
2026-09-06T07:20:20+10:00,2534574,2509_352,-33.885345458984375,151.21401977539062,189.0,0.0,-216,-3.6,False
2026-09-06T07:20:20+10:00,2137732,2509_375,-33.916744232177734,151.24111938476562,162.0,0.0,-65,-1.08,False
2026-09-06T07:20:20+10:00,2532643,2509_350,-33.94355010986328,151.22279357910156,280.0,0.0,-17,-0.28,True
2026-09-06T07:20:20+10:00,2531232,2509_350,-33.9168586730957,151.25765991210938,189.0,29.5,55,0.92,True
2026-09-06T07:20:20+10:00,2628793,2509_304,-33.90242385864258,151.21273803710938,8.0,31.3,10,0.17,True
2026-09-06T07:20:20+10:00,2136762,2509_306,-33.930999755859375,151.20396423339844,279.0,16.2,80,1.33,True
2026-09-06T07:20:20+10:00,2494806,2509_374,-33.892242431640625,151.21702575683594,302.0,0.0,-21,-0.35,True
2026-09-06T07:20:20+10:00,2301000,2509_399,-33.940128326416016,151.23878479003906,350.0,0.0,87,1.45,True
2026-09-06T07:20:20+10:00,2699502,7054_1T3,-33.914222717285156,151.17750549316406,50.0,45.7,-97,-1.62,False
2026-09-06T07:20:20+10:00,2352562,2509_307,-33.94484329223633,151.2265625,13.0,20.2,0,0.0,True
2026-09-06T07:20:20+10:00,2356709,2509_373,-33.91986846923828,151.2571258544922,190.0,12.2,-219,-3.65,False
2026-09-06T07:20:20+10:00,2352487,2509_307,-33.94768524169922,151.2049560546875,172.0,21.2,-93,-1.55,False
2026-09-06T07:20:20+10:00,2609228,2509_333,-33.88509750366211,151.2273406982422,105.0,42.8,93,1.55,True
2026-09-06T07:20:20+10:00,2679374,2509_370,-33.87199783325195,151.18002319335938,195.0,0.0,0,0.0,True
2026-09-06T07:20:20+10:00,2488450,2509_392,-33.92807388305664,151.2290496826172,166.0,41.4,12,0.2,True
2026-09-06T07:20:20+10:00,2356636,2509_374,-33.895755767822266,151.22183227539062,174.0,31.0,137,2.28,True
2026-09-06T07:20:20+10:00,2357381,2509_373,-33.87852478027344,151.21034240722656,101.0,0.0,283,4.72,True
2026-09-06T07:20:20+10:00,2699517,7054_1T3,-33.89773941040039,151.19541931152344,21.0,0.0,-139,-2.32,False
2026-09-06T07:20:20+10:00,2494890,2509_343,-33.91804885864258,151.203857421875,16.0,23.8,144,2.4,True
2026-09-06T07:20:20+10:00,2494796,2509_343,-33.86726379394531,151.2106475830078,6.0,0.0,-83,-1.38,False
2026-09-06T07:20:20+10:00,2399708,2509_390X,-33.924739837646484,151.2287139892578,312.0,2.9,-70,-1.17,False
2026-09-06T07:20:20+10:00,2703292,700003_11M,-33.79669189453125,151.18028259277344,179.0,0.0,3321,55.35,False
2026-09-06T07:20:20+10:00,2703325,700003_11M,-33.79597854614258,151.17787170410156,122.0,4.7,-433,-7.22,False
2026-09-06T07:20:20+10:00,2714530,7057_26T4,-33.880611419677734,151.2067413330078,196.0,35.6,255,4.25,True
2026-09-06T07:20:20+10:00,2714487,7057_26T4,-33.9041862487793,151.2139892578125,15.0,14.4,-699,-11.65,False
2026-09-06T07:20:20+10:00,2706926,2504_607X,-33.81306457519531,151.1787109375,101.0,76.3,-133,-2.22,False
2026-09-06T07:20:20+10:00,2719360,2514_194,-33.79774856567383,151.20957946777344,338.0,0.4,148,2.47,True
2026-09-06T07:20:20+10:00,2707528,2504_610X,-33.864990234375,151.2056121826172,171.0,4.7,-81,-1.35,False
2026-09-06T07:20:20+10:00,2709707,2504_607X,-33.87263870239258,151.20651245117188,174.0,21.2,15,0.25,True
2026-09-06T07:20:20+10:00,2721902,7069_11M,-33.79616165161133,151.1782989501953,278.0,0.0,117,1.95,True
2026-09-06T07:20:20+10:00,2719402,2514_271,-33.865989685058594,151.2049560546875,354.0,0.0,9,0.15,True
2026-09-06T07:20:20+10:00,2719183,7070_10M,-33.794857025146484,151.18040466308594,175.0,0.0,0,0.0,True
2026-09-06T07:20:20+10:00,2714415,7057_26T4,-33.9446907043457,151.18812561035156,255.0,73.8,-389,-6.48,False
2026-09-06T07:20:20+10:00,2719201,2514_270,-33.79836654663086,151.2098846435547,160.0,60.5,-246,-4.1,False
2026-09-06T07:20:20+10:00,2718939,2514_270,-33.87267303466797,151.20651245117188,179.0,20.2,0,0.0,True
2026-09-06T07:20:20+10:00,2719380,2514_270,-33.78337478637695,151.19815063476562,290.0,36.0,-33,-0.55,True
2026-09-06T07:20:20+10:00,2707090,2504_610X,-33.824188232421875,151.20957946777344,288.0,74.5,149,2.48,True
2026-09-06T07:20:20+10:00,2390476,7084_24T3,-33.8801155090332,151.20765686035156,67.0,0.4,454,7.57,False
2026-09-06T07:20:20+10:00,2669665,7084_24T3,-33.900482177734375,151.13235473632812,37.0,55.4,-839,-13.98,False
2026-09-06T07:20:20+10:00,2390447,7084_24T3,-33.88013458251953,151.20799255371094,98.0,0.4,325,5.42,False
2026-09-06T07:20:20+10:00,2390392,7084_24T3,-33.895511627197266,151.13983154296875,269.0,46.8,-956,-15.93,False
2026-09-06T07:20:20+10:00,2390543,7084_24T3,-33.884979248046875,151.1856231689453,261.0,36.4,-517,-8.62,False
2026-09-06T07:20:20+10:00,2591293,7066_28T4,-33.89606857299805,151.19810485839844,359.0,38.9,,,
2026-09-06T07:20:20+10:00,2390303,7084_24T3,-33.87986755371094,151.20831298828125,193.0,0.0,361,6.02,False
2026-09-06T07:20:20+10:00,2669616,7084_24T3,-33.886959075927734,151.1757049560547,74.0,54.7,-1617,-26.95,False
2026-09-06T07:20:20+10:00,2390300,7084_24T3,-33.88071060180664,151.20889282226562,102.0,0.4,413,6.88,False
2026-09-06T07:20:20+10:00,2591123,7066_28T4,-33.92198181152344,151.1640625,226.0,55.4,-102,-1.7,False
2026-09-06T07:20:20+10:00,2669581,7084_24T3,-33.919395446777344,151.16920471191406,215.0,27.0,-2182,-36.37,False
2026-09-06T07:20:20+10:00,2717419,700015_3AT4,-33.88075637817383,151.2069091796875,186.0,0.0,900,15.0,False
2026-09-06T07:20:20+10:00,2717489,700015_3AT4,-33.886905670166016,151.20660400390625,11.0,0.4,-3384,-56.4,False
2026-09-06T07:20:20+10:00,2717468,700015_3AT4,-33.93913269042969,151.14694213867188,88.0,35.3,-439,-7.32,False
2026-09-06T07:20:20+10:00,2717481,700015_3AT4,-33.880924224853516,151.20654296875,197.0,2.2,-587,-9.78,False
2026-09-06T07:20:20+10:00,2717598,700015_3AT4,-33.87639236450195,151.1442108154297,-1.0,-3.6,2898,48.3,False
2026-09-06T07:20:20+10:00,2724768,700002_36SC,-33.88436508178711,151.20323181152344,44.0,1.4,-1619,-26.98,False
2026-09-06T07:20:20+10:00,2715258,7080_12M,-33.79277038574219,151.18162536621094,338.0,0.0,0,0.0,True
2026-09-06T09:03:19+10:00,2538036,2507_506,-33.83317947387695,151.1433563232422,139.0,40.0,142,2.37,True
2026-09-06T09:03:19+10:00,2700496,7083_35T3,-33.91266632080078,151.11842346191406,229.0,0.0,-336,-5.6,False
2026-09-06T09:03:19+10:00,2701913,700011_27T4,-33.87837600708008,151.2098388671875,334.0,0.0,2692,44.87,False
2026-09-06T09:03:19+10:00,2644102,2507_120,-33.87055206298828,151.2062225341797,174.0,0.0,-136,-2.27,False
2026-09-06T09:03:19+10:00,2662329,7083_35T3,-33.91912078857422,151.1692657470703,131.0,13.0,23,0.38,True
2026-09-06T09:03:19+10:00,2407562,2507_538,-33.8338623046875,151.14523315429688,110.0,0.4,-7,-0.12,True
2026-09-06T09:03:19+10:00,2682158,2507_267,-33.82693099975586,151.20205688476562,197.0,22.3,-52,-0.87,True
2026-09-06T09:03:19+10:00,2634564,2507_261,-33.83060836791992,151.16932678222656,213.0,44.3,4,0.07,True
2026-09-06T09:03:19+10:00,2230958,2507_292,-33.81020736694336,151.16485595703125,209.0,44.6,298,4.97,True
2026-09-06T09:03:19+10:00,2634523,2507_254,-33.84822463989258,151.20361328125,4.0,26.6,7,0.12,True
2026-09-06T09:03:19+10:00,2228404,2507_254,-33.8232307434082,151.19602966308594,106.0,42.8,27,0.45,True
2026-09-06T09:03:19+10:00,2258545,2507_516,-33.795867919921875,151.17970275878906,69.0,48.6,-379,-6.32,False
2026-09-06T09:03:19+10:00,2672421,2507_267,-33.79533004760742,151.18267822265625,341.0,35.3,-176,-2.93,False
2026-09-06T09:03:19+10:00,2406889,2507_252,-33.81303405761719,151.1705780029297,40.0,25.9,-238,-3.97,False
2026-09-06T09:03:19+10:00,2702427,2507_501,-33.879554748535156,151.2080078125,104.0,0.0,192,3.2,True
2026-09-06T09:03:19+10:00,2702322,2507_501,-33.85785675048828,151.16065979003906,329.0,56.9,-89,-1.48,False
2026-09-06T09:03:19+10:00,2662431,7083_35T3,-33.89290237426758,151.2050323486328,92.0,28.4,-421,-7.02,False
2026-09-06T09:03:19+10:00,2644786,2507_52,-33.87434005737305,151.19969177246094,259.0,54.0,14,0.23,True
2026-09-06T09:03:19+10:00,2644636,2507_52,-33.8713493347168,151.1928253173828,126.0,55.8,-136,-2.27,False
2026-09-06T09:03:19+10:00,2700450,7083_35T3,-33.89299011230469,151.20016479492188,192.0,22.7,103,1.72,True
2026-09-06T09:03:19+10:00,2643842,2507_52,-33.873287200927734,151.20973205566406,95.0,0.0,-87,-1.45,False
2026-09-06T09:03:19+10:00,2662291,7083_35T3,-33.914161682128906,151.1663055419922,232.0,0.0,-299,-4.98,False
2026-09-06T09:03:19+10:00,2426200,7083_78T3,-33.88514709472656,151.20782470703125,0.0,0.0,-824,-13.73,False
2026-09-06T09:03:19+10:00,2672465,2507_115,-33.83301544189453,151.2045440673828,159.0,33.8,13,0.22,True
2026-09-06T09:03:19+10:00,2441572,2507_207,-33.82418441772461,151.20997619628906,10.0,33.1,-31,-0.52,True
2026-09-06T09:03:19+10:00,2662464,7083_35T3,-33.910064697265625,151.13265991210938,138.0,14.8,-158,-2.63,False
2026-09-06T09:03:19+10:00,2643670,2507_52,-33.838436126708984,151.1450653076172,112.0,53.3,23,0.38,True
2026-09-06T09:03:19+10:00,2643040,2507_120,-33.79655456542969,151.18089294433594,193.0,0.0,0,0.0,True
2026-09-06T09:03:19+10:00,2700456,7083_35T3,-33.88017654418945,151.2083740234375,193.0,7.9,886,14.77,False
2026-09-06T09:03:19+10:00,2231127,2507_288,-33.81246566772461,151.17169189453125,259.0,3.6,-10,-0.17,True
2026-09-06T09:03:19+10:00,2426291,7083_78T3,-33.884239196777344,151.19781494140625,88.0,37.8,-350,-5.83,False
2026-09-06T09:03:19+10:00,2620476,2507_252,-33.82924270629883,151.2018280029297,329.0,0.0,-47,-0.78,True
2026-09-06T09:03:19+10:00,2643763,2507_120,-33.84451675415039,151.21156311035156,345.0,59.0,81,1.35,True
2026-09-06T09:03:19+10:00,2701964,700011_27T4,-33.88335418701172,151.21328735351562,102.0,22.7,0,0.0,True
2026-09-06T09:03:19+10:00,2620667,2507_288,-33.86503219604492,151.20321655273438,174.0,33.8,38,0.63,True
2026-09-06T09:03:19+10:00,2700558,7083_35T3,-33.913795471191406,151.153076171875,208.0,0.0,-48,-0.8,True
2026-09-06T09:03:19+10:00,2426422,7083_78T3,-33.892433166503906,151.14987182617188,131.0,16.6,-261,-4.35,False
2026-09-06T09:03:19+10:00,2700490,7083_35T3,-33.88094711303711,151.20648193359375,22.0,0.7,-133,-2.22,False
2026-09-06T09:03:19+10:00,2426311,7083_78T3,-33.8876838684082,151.1714630126953,265.0,41.4,357,5.95,False
2026-09-06T09:03:19+10:00,2701889,700011_27T4,-33.87519454956055,151.13467407226562,116.0,0.0,0,0.0,True
2026-09-06T09:03:19+10:00,2662349,7083_35T3,-33.910308837890625,151.13282775878906,78.0,14.8,257,4.28,True
2026-09-06T09:03:19+10:00,2643027,2507_120,-33.82109451293945,151.20480346679688,146.0,63.4,38,0.63,True
2026-09-06T09:03:19+10:00,2672400,2507_115,-33.810211181640625,151.199462890625,359.0,30.6,47,0.78,True
2026-09-06T09:03:19+10:00,2643472,2507_52,-33.839664459228516,151.1389617919922,252.0,69.1,445,7.42,False
2026-09-06T09:03:19+10:00,2702508,2507_501,-33.87990188598633,151.20848083496094,183.0,0.0,0,0.0,True
2026-09-06T09:03:19+10:00,2702532,2507_501,-33.83032989501953,151.12667846679688,356.0,0.0,326,5.43,False
2026-09-06T09:03:19+10:00,2701909,700011_27T4,-33.950164794921875,151.1634979248047,230.0,59.4,-683,-11.38,False
2026-09-06T09:03:19+10:00,2643766,2507_120,-33.80050277709961,151.19876098632812,10.0,6.8,196,3.27,True
2026-09-06T09:03:19+10:00,2702210,2507_501,-33.832603454589844,151.126953125,175.0,0.0,34,0.57,True
2026-09-06T09:03:19+10:00,2702481,2507_501,-33.86682891845703,151.17526245117188,133.0,23.4,220,3.67,True
2026-09-06T09:03:19+10:00,2662472,7083_35T3,-33.89777755737305,151.1785430908203,6.0,21.2,-2,-0.03,True
2026-09-06T09:03:19+10:00,2441792,2507_207,-33.86159133911133,151.21302795410156,103.0,52.6,-359,-5.98,False
2026-09-06T09:03:19+10:00,2701875,700011_27T4,-33.905235290527344,151.2136993408203,9.0,39.2,0,0.0,True
2026-09-06T09:03:19+10:00,2642807,2507_120,-33.7943229675293,151.189453125,66.0,2.5,73,1.22,True
2026-09-06T09:03:19+10:00,2286786,2459_438X,-33.85364532470703,151.12994384765625,348.0,36.4,26,0.43,True
2026-09-06T09:03:19+10:00,2636653,2459_504,-33.86738586425781,151.17578125,148.0,32.8,-26,-0.43,True
2026-09-06T09:03:19+10:00,2284803,2459_442,-33.870540618896484,151.1901397705078,299.0,58.3,-65,-1.08,False
2026-09-06T09:03:19+10:00,2283398,2459_422,-33.91148376464844,151.17990112304688,19.0,37.1,675,11.25,False
2026-09-06T09:03:19+10:00,2289088,2459_428,-33.90473556518555,151.12901306152344,100.0,20.5,19,0.32,True
2026-09-06T09:03:19+10:00,2288061,2459_431,-33.86992645263672,151.21034240722656,181.0,8.6,-64,-1.07,False
2026-09-06T09:03:19+10:00,2666363,2459_461X,-33.88991928100586,151.14883422851562,74.0,0.0,729,12.15,False
2026-09-06T09:03:19+10:00,2283559,2459_431,-33.87384033203125,151.1823272705078,160.0,10.1,20,0.33,True
2026-09-06T09:03:19+10:00,2340934,2459_308,-33.90422058105469,151.17526245117188,65.0,0.0,58,0.97,True
2026-09-06T09:03:19+10:00,2285252,2459_418,-33.90903091430664,151.1309051513672,312.0,30.2,212,3.53,True
2026-09-06T09:03:19+10:00,2666501,2459_461X,-33.8696174621582,151.10520935058594,195.0,16.6,340,5.67,False
2026-09-06T09:03:19+10:00,2288555,2459_442,-33.868831634521484,151.18458557128906,107.0,55.4,-180,-3.0,False
2026-09-06T09:03:19+10:00,2686104,2459_423,-33.866825103759766,151.210693359375,186.0,0.0,0,0.0,True
2026-09-06T09:03:19+10:00,2608944,2459_430,-33.89786911010742,151.17831420898438,246.0,25.9,-234,-3.9,False
2026-09-06T09:03:19+10:00,2283373,2459_438X,-33.86845779418945,151.21051025390625,186.0,34.2,0,0.0,True
2026-09-06T09:03:19+10:00,2209992,2459_464,-33.86879348754883,151.10543823242188,190.0,0.0,19,0.32,True
2026-09-06T09:03:19+10:00,2289332,2459_428,-33.899070739746094,151.17176818847656,70.0,0.4,-22,-0.37,True
2026-09-06T09:03:19+10:00,2288058,2459_438X,-33.8443717956543,151.12838745117188,115.0,0.0,135,2.25,True
2026-09-06T09:03:19+10:00,2588747,7016_7AT4,-33.91615295410156,151.1664276123047,166.0,2.5,-12,-0.2,True
2026-09-06T09:03:19+10:00,2289559,2459_470,-33.88423538208008,151.20077514648438,268.0,16.6,-59,-0.98,True
2026-09-06T09:03:19+10:00,2287768,2459_438X,-33.886085510253906,151.15737915039062,175.0,24.1,278,4.63,True
2026-09-06T09:03:19+10:00,2349513,2459_418,-33.907066345214844,151.14747619628906,103.0,0.0,314,5.23,False
2026-09-06T09:03:19+10:00,2349328,2459_418,-33.875099182128906,151.10536193847656,98.0,0.0,0,0.0,True
2026-09-06T09:03:19+10:00,2283405,2459_423,-33.92101287841797,151.1439208984375,36.0,34.9,323,5.38,False
2026-09-06T09:03:19+10:00,2666568,2459_461X,-33.871124267578125,151.121337890625,97.0,47.5,125,2.08,True
2026-09-06T09:03:19+10:00,2666411,2459_415,-33.86817932128906,151.12783813476562,96.0,0.0,299,4.98,True
2026-09-06T09:03:19+10:00,2660322,2459_320,-33.88309860229492,151.2083282470703,352.0,29.9,-80,-1.33,False
2026-09-06T09:03:19+10:00,2287943,2459_442,-33.85722351074219,151.1947784423828,259.0,29.9,0,0.0,True
2026-09-06T09:03:19+10:00,2290269,2459_423,-33.898834228515625,151.1726531982422,84.0,0.0,381,6.35,False
2026-09-06T09:03:19+10:00,2288133,2459_348,-33.928775787353516,151.1537322998047,103.0,0.0,0,0.0,True
2026-09-06T09:03:19+10:00,2285066,2459_348,-33.91575622558594,151.2406768798828,334.0,0.0,-38,-0.63,True
2026-09-06T09:03:19+10:00,2285233,2459_303,-33.92112731933594,151.23793029785156,280.0,0.0,0,0.0,True
2026-09-06T09:03:19+10:00,2289871,2459_389,-33.89139938354492,151.2481689453125,97.0,0.0,10,0.17,True
2026-09-06T09:03:19+10:00,2609009,2459_430,-33.91557693481445,151.16554260253906,11.0,0.0,48,0.8,True
2026-09-06T09:03:19+10:00,2596148,2459_492,-33.87575912475586,151.12322998046875,221.0,29.5,186,3.1,True
2026-09-06T09:03:19+10:00,2660447,2459_320,-33.88407897949219,151.20819091796875,188.0,0.0,-47,-0.78,True
2026-09-06T09:03:19+10:00,2620075,2459_530,-33.86778259277344,151.12261962890625,196.0,24.5,-451,-7.52,False
2026-09-06T09:03:19+10:00,2286982,2459_438X,-33.88435745239258,151.19869995117188,269.0,51.5,110,1.83,True
2026-09-06T09:03:19+10:00,2288338,2459_428,-33.91157913208008,151.1188201904297,141.0,0.0,0,0.0,True
2026-09-06T09:03:19+10:00,2308811,2459_445,-33.884521484375,151.15711975097656,351.0,34.6,75,1.25,True
2026-09-06T09:03:19+10:00,2284859,2459_433,-33.88026428222656,151.17933654785156,107.0,0.0,-209,-3.48,False
2026-09-06T09:03:19+10:00,1961716,2459_412,-33.878135681152344,151.2093048095703,186.0,4.7,-109,-1.82,False
2026-09-06T09:03:19+10:00,2475081,2459_389,-33.879642486572266,151.22213745117188,138.0,36.0,25,0.42,True
2026-09-06T09:03:19+10:00,2609078,2459_430,-33.88941192626953,151.1902313232422,37.0,38.5,67,1.12,True
2026-09-06T09:03:19+10:00,2285295,2459_442,-33.85706329345703,151.19549560546875,80.0,0.0,0,0.0,True
2026-09-06T09:03:19+10:00,2284291,2459_389,-33.88835906982422,151.23777770996094,268.0,14.0,83,1.38,True
2026-09-06T09:03:19+10:00,2668399,2459_420,-33.92439651489258,151.18798828125,279.0,0.0,15,0.25,True
2026-09-06T09:03:19+10:00,1959117,2459_413,-33.89012145996094,151.14901733398438,7.0,13.3,235,3.92,True
2026-09-06T09:03:19+10:00,2036473,2459_440,-33.88742446899414,151.1730194091797,82.0,48.6,93,1.55,True
2026-09-06T09:03:19+10:00,2290877,2459_428,-33.887428283691406,151.1934051513672,42.0,46.1,258,4.3,True
2026-09-06T09:03:19+10:00,2211608,2459_466,-33.85779571533203,151.12081909179688,257.0,0.0,-16,-0.27,True
2026-09-06T09:03:19+10:00,2588664,7016_7AT4,-33.91566467285156,151.1663360595703,169.0,0.0,-375,-6.25,False
2026-09-06T09:03:19+10:00,2283496,2459_428,-33.89775466918945,151.1785430908203,239.0,0.0,-82,-1.37,False
2026-09-06T09:03:19+10:00,2686134,2459_423,-33.91204833984375,151.16041564941406,221.0,7.9,34,0.57,True
2026-09-06T09:03:19+10:00,2286637,2459_438X,-33.873783111572266,151.1334991455078,146.0,48.6,201,3.35,True
2026-09-06T09:03:19+10:00,2668365,2459_420,-33.93535614013672,151.1568603515625,233.0,46.4,360,6.0,False
2026-09-06T09:03:19+10:00,2554385,2459_358,-33.917030334472656,151.167236328125,140.0,38.5,84,1.4,True
2026-09-06T09:03:19+10:00,2340699,2459_440,-33.87150192260742,151.1596221923828,72.0,46.4,13,0.22,True
2026-09-06T09:03:19+10:00,2349309,2459_418,-33.88849639892578,151.11671447753906,97.0,0.0,76,1.27,True
2026-09-06T09:03:19+10:00,2588826,7016_7AT4,-33.92757034301758,151.15806579589844,38.0,58.7,-125,-2.08,False
2026-09-06T09:03:19+10:00,2290212,2459_437,-33.86968231201172,151.1334686279297,75.0,40.3,47,0.78,True
2026-09-06T09:03:19+10:00,2588739,7016_7AT4,-33.89754867553711,151.19573974609375,254.0,26.3,-109,-1.82,False
2026-09-06T09:03:19+10:00,2287795,2459_470,-33.88259506225586,151.17428588867188,111.0,29.5,104,1.73,True
2026-09-06T09:03:19+10:00,2596354,2459_491,-33.88328170776367,151.12088012695312,210.0,34.9,77,1.28,True
2026-09-06T09:03:19+10:00,2596169,2459_490,-33.8774528503418,151.1037139892578,191.0,27.4,125,2.08,True
2026-09-06T09:03:19+10:00,2596149,2459_492,-33.890193939208984,151.11293029785156,6.0,43.2,-106,-1.77,False
2026-09-06T09:03:19+10:00,2668260,2459_420,-33.93565368652344,151.1652374267578,227.0,23.8,219,3.65,True
2026-09-06T09:03:19+10:00,2686103,2459_423,-33.87812042236328,151.20762634277344,279.0,3.2,147,2.45,True
2026-09-06T09:03:19+10:00,2210254,2459_473,-33.936317443847656,151.14645385742188,321.0,6.1,37,0.62,True
2026-09-06T09:03:19+10:00,2340981,2459_426,-33.87808609008789,151.20932006835938,186.0,0.0,-46,-0.77,True
2026-09-06T09:03:19+10:00,2554210,2459_358,-33.922142028808594,151.20127868652344,280.0,34.2,-176,-2.93,False
2026-09-06T09:03:19+10:00,2284673,2459_348,-33.91147994995117,151.17991638183594,23.0,41.8,493,8.22,False
2026-09-06T09:03:19+10:00,2287886,2459_469,-33.87997055053711,151.16702270507812,110.0,34.6,-221,-3.68,False
2026-09-06T09:03:19+10:00,2286359,2459_433,-33.87846755981445,151.1859130859375,328.0,18.7,251,4.18,True
2026-09-06T09:03:19+10:00,2666475,2459_461X,-33.886600494384766,151.177734375,255.0,11.2,0,0.0,True
2026-09-06T09:03:19+10:00,2288449,2459_470,-33.88022994995117,151.20684814453125,10.0,0.0,566,9.43,False
2026-09-06T09:03:19+10:00,2340918,2459_445,-33.87736129760742,151.15635681152344,159.0,12.2,177,2.95,True
2026-09-06T09:03:19+10:00,2474888,2459_389,-33.87465286254883,151.19776916503906,48.0,34.9,-112,-1.87,False
2026-09-06T09:03:19+10:00,2286611,2459_438X,-33.888145446777344,151.16549682617188,264.0,47.2,159,2.65,True
2026-09-06T09:03:19+10:00,2285840,2459_433,-33.8842887878418,151.2008819580078,89.0,40.0,-157,-2.62,False
2026-09-06T09:03:19+10:00,2284658,2459_440,-33.881187438964844,151.20494079589844,289.0,10.4,-117,-1.95,False
2026-09-06T09:03:19+10:00,2289217,2459_423,-33.88021469116211,151.20684814453125,12.0,0.4,442,7.37,False
2026-09-06T09:03:19+10:00,2287029,2459_438X,-33.880409240722656,151.20680236816406,12.0,0.0,40,0.67,True
2026-09-06T09:03:19+10:00,2288065,2459_440,-33.8896484375,151.2478790283203,255.0,15.1,-77,-1.28,False
2026-09-06T09:03:19+10:00,2210230,2459_413,-33.88003921508789,151.20852661132812,183.0,0.0,6,0.1,True
2026-09-06T09:03:19+10:00,2588834,7016_7AT4,-33.89396286010742,151.1986541748047,22.0,0.0,0,0.0,True
2026-09-06T09:03:19+10:00,2285239,2459_502,-33.864315032958984,151.12149047851562,284.0,27.4,-74,-1.23,False
2026-09-06T09:03:19+10:00,2588915,7016_7AT4,-33.89415740966797,151.1984405517578,21.0,0.0,0,0.0,True
2026-09-06T09:03:19+10:00,2289411,2459_438X,-33.86743927001953,151.21063232421875,5.0,0.0,60,1.0,True
2026-09-06T09:03:19+10:00,2289439,2459_389,-33.873958587646484,151.21400451660156,281.0,0.0,254,4.23,True
2026-09-06T09:03:19+10:00,2210472,2459_464,-33.888275146484375,151.1242218017578,122.0,28.4,196,3.27,True
2026-09-06T09:03:19+10:00,1934984,2459_412,-33.8880729675293,151.18101501464844,317.0,39.2,326,5.43,False
2026-09-06T09:03:19+10:00,2554369,2459_358,-33.924625396728516,151.23129272460938,100.0,41.0,-105,-1.75,False
2026-09-06T09:03:19+10:00,2596461,2459_492,-33.86244201660156,151.13525390625,68.0,41.8,151,2.52,True
2026-09-06T09:03:19+10:00,2288379,2459_442,-33.857791900634766,151.18280029296875,108.0,15.5,-50,-0.83,True
2026-09-06T09:03:19+10:00,1961784,2459_406,-33.89176559448242,151.1299285888672,353.0,0.0,-134,-2.23,False
2026-09-06T09:03:19+10:00,2284732,2459_433,-33.88432693481445,151.1991729736328,268.0,41.0,-11,-0.18,True
2026-09-06T09:03:19+10:00,2588768,7016_7AT4,-33.913108825683594,151.17124938964844,230.0,47.5,-109,-1.82,False
2026-09-06T09:03:19+10:00,2340802,2459_530,-33.850643157958984,151.1542510986328,333.0,9.4,136,2.27,True
2026-09-06T09:03:19+10:00,2211139,2459_464,-33.85999298095703,151.1038055419922,351.0,39.6,-80,-1.33,False
2026-09-06T09:03:19+10:00,2377605,2508_B1,-33.81437301635742,151.243896484375,200.0,43.2,417,6.95,False
2026-09-06T09:03:19+10:00,2377803,2508_173X,-33.849342346191406,151.21237182617188,20.0,59.8,23,0.38,True
2026-09-06T09:03:19+10:00,2377068,2508_144,-33.79749298095703,151.1791534423828,248.0,0.0,75,1.25,True
2026-09-06T09:03:19+10:00,2714136,2508_114,-33.826576232910156,151.2510528564453,244.0,7.6,265,4.42,True
2026-09-06T09:03:19+10:00,2375275,2508_100,-33.84177017211914,151.24346923828125,36.0,0.0,0,0.0,True
2026-09-06T09:03:19+10:00,2714102,2508_144,-33.79642105102539,151.17959594726562,70.0,28.1,193,3.22,True
2026-09-06T09:03:19+10:00,2375689,2508_144,-33.829715728759766,151.21778869628906,116.0,35.3,622,10.37,False
2026-09-06T09:03:19+10:00,2589834,2508_280,-33.79061508178711,151.1818084716797,251.0,36.0,-39,-0.65,True
2026-09-06T09:03:19+10:00,2087926,2508_160X,-33.796512603759766,151.18130493164062,15.0,0.0,0,0.0,True
2026-09-06T09:03:19+10:00,2415566,2508_B1,-33.866451263427734,151.20631408691406,5.0,0.4,18,0.3,True
2026-09-06T09:03:19+10:00,2376209,2508_111,-33.8316764831543,151.24310302734375,55.0,24.8,371,6.18,False
2026-09-06T09:03:19+10:00,2420989,2508_230,-33.824432373046875,151.23626708984375,269.0,46.1,-20,-0.33,True
2026-09-06T09:03:19+10:00,2377805,2508_172X,-33.82439041137695,151.24098205566406,60.0,28.8,142,2.37,True
2026-09-06T09:03:19+10:00,2714276,2508_144,-33.79496383666992,151.25698852539062,250.0,43.2,451,7.52,False
2026-09-06T09:03:19+10:00,1973707,2508_162,-33.797916412353516,151.2559814453125,279.0,0.0,149,2.48,True
2026-09-06T09:03:19+10:00,2714341,2508_144,-33.81464767456055,151.1778106689453,338.0,44.6,74,1.23,True
2026-09-06T09:03:19+10:00,2374293,2508_100,-33.84405517578125,151.21163940429688,165.0,50.8,182,3.03,True
2026-09-06T09:03:19+10:00,2714299,2508_144,-33.794151306152344,151.2630615234375,280.0,0.0,-36,-0.6,True
2026-09-06T09:03:19+10:00,2088623,2508_160X,-33.793731689453125,151.18197631835938,340.0,41.8,184,3.07,True
2026-09-06T09:03:19+10:00,2424327,2508_230,-33.831520080566406,151.20826721191406,8.0,36.7,314,5.23,False
2026-09-06T09:03:19+10:00,2458233,2508_238,-33.84546661376953,151.24102783203125,233.0,23.8,-106,-1.77,False
2026-09-06T09:03:19+10:00,2415552,2508_B1,-33.83085632324219,151.22076416015625,114.0,1.8,73,1.22,True
2026-09-06T09:03:19+10:00,2374576,2508_144,-33.80744552612305,151.2466583251953,2.0,0.0,435,7.25,False
2026-09-06T09:03:19+10:00,2415482,2508_B1,-33.865814208984375,151.20570373535156,174.0,3.2,0,0.0,True
2026-09-06T09:03:19+10:00,2376707,2508_B1,-33.8146858215332,151.24366760253906,214.0,46.1,-8,-0.13,True
2026-09-06T09:03:19+10:00,2376677,2508_144,-33.829200744628906,151.2105712890625,101.0,46.1,127,2.12,True
2026-09-06T09:03:19+10:00,2376677_2,2508_144,-33.79432678222656,151.26451110839844,99.0,5.0,0,0.0,True
2026-09-06T09:03:19+10:00,2392232,2508_114,-33.826446533203125,151.25091552734375,61.0,3.6,-179,-2.98,False
2026-09-06T09:03:19+10:00,2377139,2508_100,-33.826473236083984,151.24375915527344,343.0,20.9,-3,-0.05,True
2026-09-06T09:03:19+10:00,2377719,2508_100,-33.830963134765625,151.24440002441406,171.0,32.4,39,0.65,True
2026-09-06T09:03:19+10:00,2377645,2508_144,-33.82450485229492,151.19129943847656,66.0,43.2,75,1.25,True
2026-09-06T09:03:19+10:00,2377182,2508_100,-33.831634521484375,151.22280883789062,267.0,0.4,-6,-0.1,True
2026-09-06T09:03:19+10:00,2088192,2508_160X,-33.79209518432617,151.1813201904297,160.0,32.0,129,2.15,True
2026-09-06T09:03:19+10:00,2388884,2508_173X,-33.816978454589844,151.24351501464844,156.0,0.0,506,8.43,False
2026-09-06T09:03:19+10:00,2377806,2508_100,-33.83029556274414,151.2261962890625,62.0,0.0,-36,-0.6,True
2026-09-06T09:03:19+10:00,2532817,2509_352,-33.89094543457031,151.24903869628906,277.0,0.0,0,0.0,True
2026-09-06T09:03:19+10:00,2138909,2509_375,-33.9313850402832,151.25608825683594,315.0,0.0,152,2.53,True
2026-09-06T09:03:19+10:00,2434475,2509_390X,-33.91683578491211,151.23800659179688,280.0,42.8,-31,-0.52,True
2026-09-06T09:03:19+10:00,2564377,2509_379,-33.88615798950195,151.27320861816406,39.0,31.7,-97,-1.62,False
2026-09-06T09:03:19+10:00,2533261,2509_352,-33.90439987182617,151.17474365234375,68.0,12.2,186,3.1,True
2026-09-06T09:03:19+10:00,2531618,2509_325,-33.85594940185547,151.20704650878906,225.0,0.0,32,0.53,True
2026-09-06T09:03:19+10:00,2628740,2509_304,-33.90594482421875,151.2352752685547,13.0,0.0,0,0.0,True
2026-09-06T09:03:19+10:00,2300928,2509_399,-33.942657470703125,151.2398681640625,168.0,32.8,-174,-2.9,False
2026-09-06T09:03:19+10:00,2533488,2509_324,-33.847110748291016,151.28091430664062,83.0,0.0,19,0.32,True
2026-09-06T09:03:19+10:00,2699427,7054_1T3,-33.90251922607422,151.1792449951172,338.0,30.6,96,1.6,True
2026-09-06T09:03:19+10:00,2434810,2509_390X,-33.89303970336914,151.2496337890625,189.0,0.0,104,1.73,True
2026-09-06T09:03:19+10:00,2609404,2509_333,-33.891117095947266,151.27430725097656,221.0,0.0,-75,-1.25,False
2026-09-06T09:03:19+10:00,2679383,2509_370,-33.889591217041016,151.19021606445312,214.0,49.7,187,3.12,True
2026-09-06T09:03:19+10:00,2356494,2509_339,-33.9126091003418,151.26222229003906,261.0,0.0,88,1.47,True
2026-09-06T09:03:19+10:00,2532121,2509_350,-33.9432487487793,151.26214599609375,216.0,16.6,-71,-1.18,False
2026-09-06T09:03:19+10:00,2609213,2509_333,-33.88608932495117,151.2287139892578,312.0,0.0,25,0.42,True
2026-09-06T09:03:19+10:00,2398237,2509_392,-33.947261810302734,151.22940063476562,303.0,33.5,261,4.35,True
2026-09-06T09:03:19+10:00,2551715,2509_379,-33.882503509521484,151.2799530029297,280.0,34.2,25,0.42,True
2026-09-06T09:03:19+10:00,2356819,2509_373,-33.91883087158203,151.25723266601562,83.0,15.8,0,0.0,True
2026-09-06T09:03:19+10:00,2403082,2509_311,-33.87192916870117,151.21865844726562,7.0,0.0,29,0.48,True
2026-09-06T09:03:19+10:00,2534576,2509_324,-33.87256622314453,151.26199340820312,108.0,30.2,432,7.2,False
2026-09-06T09:03:19+10:00,2533583,2509_350,-33.926700592041016,151.1877899169922,142.0,0.0,-72,-1.2,False
2026-09-06T09:03:19+10:00,2609317,2509_333,-33.88922882080078,151.23277282714844,134.0,0.0,-47,-0.78,True
2026-09-06T09:03:19+10:00,2488487,2509_392,-33.89284133911133,151.20033264160156,216.0,7.9,195,3.25,True
2026-09-06T09:03:19+10:00,2356068,2509_339,-33.88627624511719,151.2183380126953,301.0,21.2,79,1.32,True
2026-09-06T09:03:19+10:00,2434477,2509_390X,-33.89113998413086,151.2488250732422,277.0,0.0,0,0.0,True
2026-09-06T09:03:19+10:00,2356158,2509_373,-33.919952392578125,151.25714111328125,189.0,0.0,0,0.0,True
2026-09-06T09:03:19+10:00,2352654,2509_392,-33.90416717529297,151.2150115966797,119.0,31.3,129,2.15,True
2026-09-06T09:03:19+10:00,2534487,2509_350,-33.94585037231445,151.2464141845703,115.0,52.6,139,2.32,True
2026-09-06T09:03:19+10:00,2488427,2509_392,-33.89280319213867,151.19918823242188,22.0,0.0,0,0.0,True
2026-09-06T09:03:19+10:00,2400506,2509_309,-33.95820236206055,151.20741271972656,318.0,50.8,136,2.27,True
2026-09-06T09:03:19+10:00,2532742,2509_324,-33.872989654541016,151.2071533203125,106.0,32.0,84,1.4,True
2026-09-06T09:03:19+10:00,2675157,2509_309,-33.95563507080078,151.23020935058594,86.0,15.5,95,1.58,True
2026-09-06T09:03:19+10:00,2435022,2509_390X,-33.925376892089844,151.22970581054688,132.0,0.4,-67,-1.12,False
2026-09-06T09:03:19+10:00,2532458,2509_327,-33.880653381347656,151.24444580078125,145.0,29.9,185,3.08,True
2026-09-06T09:03:19+10:00,2609444,2509_333,-33.87016677856445,151.21031188964844,178.0,0.0,7,0.12,True
2026-09-06T09:03:19+10:00,2356291,2509_343,-33.910438537597656,151.2061309814453,171.0,16.9,205,3.42,True
2026-09-06T09:03:19+10:00,2534447,2509_355,-33.88984680175781,151.20602416992188,13.0,0.0,218,3.63,True
2026-09-06T09:03:19+10:00,2533874,2509_350,-33.93286895751953,151.17958068847656,96.0,0.0,0,0.0,True
2026-09-06T09:03:19+10:00,2434494,2509_390X,-33.891170501708984,151.24911499023438,278.0,0.0,0,0.0,True
2026-09-06T09:03:19+10:00,2357235,2509_373,-33.91565704345703,151.24053955078125,339.0,0.0,-84,-1.4,False
2026-09-06T09:03:19+10:00,2609454,2509_333,-33.891178131103516,151.24789428710938,97.0,0.0,23,0.38,True
2026-09-06T09:03:19+10:00,2470850,2509_356,-33.89583969116211,151.24900817871094,279.0,22.7,-251,-4.18,False
2026-09-06T09:03:19+10:00,2356395,2509_373,-33.904029846191406,151.22621154785156,294.0,0.0,66,1.1,True
2026-09-06T09:03:19+10:00,2532926,2509_325,-33.874210357666016,151.215576171875,283.0,0.4,263,4.38,True
2026-09-06T09:03:19+10:00,2356216,2509_374,-33.914493560791016,151.24911499023438,105.0,0.0,147,2.45,True
2026-09-06T09:03:19+10:00,2398212,2509_392,-33.90953826904297,151.219482421875,280.0,34.6,-130,-2.17,False
2026-09-06T09:03:19+10:00,2564389,2509_379,-33.891361236572266,151.2484893798828,99.0,0.0,-124,-2.07,False
2026-09-06T09:03:19+10:00,2532698,2509_350,-33.91191864013672,151.25697326660156,100.0,33.8,61,1.02,True
2026-09-06T09:03:19+10:00,2137473,2509_396,-33.86833572387695,151.21055603027344,184.0,34.6,79,1.32,True
2026-09-06T09:03:19+10:00,2674978,2509_309,-33.89324188232422,151.20010375976562,203.0,35.6,15,0.25,True
2026-09-06T09:03:19+10:00,2628809,2509_304,-33.89921951293945,151.21243286132812,279.0,25.6,100,1.67,True
2026-09-06T09:03:19+10:00,2534001,2509_350,-33.89128494262695,151.2477264404297,97.0,13.3,15,0.25,True
2026-09-06T09:03:19+10:00,2532385,2509_360,-33.89120864868164,151.2494659423828,279.0,0.0,0,0.0,True
2026-09-06T09:03:19+10:00,2628707,2509_304,-33.880611419677734,151.21348571777344,103.0,3.6,264,4.4,True
2026-09-06T09:03:19+10:00,2531813,2509_350,-33.946170806884766,151.24021911621094,271.0,14.4,127,2.12,True
2026-09-06T09:03:19+10:00,2679313,2509_370,-33.916473388671875,151.2362823486328,99.0,37.8,4,0.07,True
2026-09-06T09:03:19+10:00,2140387,2509_306,-33.929786682128906,151.19493103027344,280.0,15.1,136,2.27,True
2026-09-06T09:03:19+10:00,2138850,2509_396,-33.92433547973633,151.2281494140625,132.0,0.0,-82,-1.37,False
2026-09-06T09:03:19+10:00,2472420,7054_1T3,-33.90013885498047,151.1859588623047,282.0,27.7,120,2.0,True
2026-09-06T09:03:19+10:00,2352549,2509_307,-33.925907135009766,151.19540405273438,10.0,11.5,-130,-2.17,False
2026-09-06T09:03:19+10:00,2534403,2509_350,-33.892730712890625,151.24969482421875,9.0,19.4,-332,-5.53,False
2026-09-06T09:03:19+10:00,2470831,2509_397,-33.945003509521484,151.24636840820312,274.0,0.0,-21,-0.35,True
2026-09-06T09:03:19+10:00,2609364,2509_333,-33.86252975463867,151.21116638183594,5.0,0.0,5,0.08,True
2026-09-06T09:03:19+10:00,2628767,2509_304,-33.89685821533203,151.21200561523438,108.0,19.4,369,6.15,False
2026-09-06T09:03:19+10:00,2146669,2509_396,-33.94234848022461,151.25039672851562,231.0,9.4,-39,-0.65,True
2026-09-06T09:03:19+10:00,2357652,2509_374,-33.88615417480469,151.202880859375,159.0,0.0,0,0.0,True
2026-09-06T09:03:19+10:00,2346453,2509_390X,-33.92536163330078,151.22938537597656,305.0,27.0,8,0.13,True
2026-09-06T09:03:19+10:00,2494794,2509_343,-33.87771987915039,151.2093505859375,5.0,28.4,-47,-0.78,True
2026-09-06T09:03:19+10:00,2548812,2509_328,-33.87959671020508,151.23744201660156,351.0,31.3,152,2.53,True
2026-09-06T09:03:19+10:00,2355908,2509_373,-33.89871597290039,151.2225799560547,174.0,40.0,433,7.22,False
2026-09-06T09:03:19+10:00,2628807,2509_304,-33.863563537597656,151.21185302734375,9.0,0.0,0,0.0,True
2026-09-06T09:03:19+10:00,2137377,2509_396,-33.942928314208984,151.2491455078125,65.0,40.3,16,0.27,True
2026-09-06T09:03:19+10:00,2532113,2509_355,-33.895320892333984,151.2222137451172,276.0,2.5,72,1.2,True
2026-09-06T09:03:19+10:00,2346547,7054_13T4,-33.93056869506836,151.15487670898438,130.0,0.0,-424,-7.07,False
2026-09-06T09:03:19+10:00,2679256,2509_370,-33.90207290649414,151.19862365722656,73.0,39.2,367,6.12,False
2026-09-06T09:03:19+10:00,2356799,2509_370,-33.905548095703125,151.1807861328125,338.0,26.3,86,1.43,True
2026-09-06T09:03:19+10:00,2532959,2509_350,-33.891090393066406,151.24835205078125,275.0,0.0,0,0.0,True
2026-09-06T09:03:19+10:00,2609336,2509_333,-33.87319564819336,151.2099151611328,190.0,0.0,310,5.17,False
2026-09-06T09:03:19+10:00,2140459,2509_306,-33.89311981201172,151.19900512695312,20.0,0.0,0,0.0,True
2026-09-06T09:03:19+10:00,2628729,2509_304,-33.86652755737305,151.21072387695312,187.0,32.0,105,1.75,True
2026-09-06T09:03:19+10:00,2356252,2509_343,-33.86314392089844,151.2111053466797,187.0,0.0,153,2.55,True
2026-09-06T09:03:19+10:00,2679352,2509_370,-33.87964630126953,151.1869354248047,147.0,0.0,-39,-0.65,True
2026-09-06T09:03:19+10:00,2551708,2509_379,-33.8915901184082,151.2496337890625,163.0,22.3,35,0.58,True
2026-09-06T09:03:19+10:00,2533298,2509_386,-33.886714935302734,151.25933837890625,207.0,32.0,252,4.2,True
2026-09-06T09:03:19+10:00,2532149,2509_380,-33.88348388671875,151.28256225585938,180.0,43.9,128,2.13,True
2026-09-06T09:03:19+10:00,2534724,2509_355,-33.90754318237305,151.16986083984375,124.0,0.0,179,2.98,True
2026-09-06T09:03:19+10:00,2679237,2509_370,-33.87211990356445,151.17999267578125,195.0,0.0,16,0.27,True
2026-09-06T09:03:19+10:00,2357302,2509_370,-33.91987609863281,151.24978637695312,285.0,9.4,-9,-0.15,True
2026-09-06T09:03:19+10:00,2532096,2509_352,-33.89652633666992,151.17982482910156,236.0,43.6,-257,-4.28,False
2026-09-06T09:03:19+10:00,2472363,7054_1T3,-33.894222259521484,151.19956970214844,204.0,43.2,-34,-0.57,True
2026-09-06T09:03:19+10:00,2494865,2509_343,-33.9221305847168,151.2006072998047,279.0,30.6,27,0.45,True
2026-09-06T09:03:19+10:00,2356718,2509_373,-33.89277267456055,151.2216033935547,171.0,48.2,-48,-0.8,True
2026-09-06T09:03:19+10:00,2488499,2509_392,-33.92959213256836,151.22946166992188,168.0,50.8,-34,-0.57,True
2026-09-06T09:03:19+10:00,2139190,2509_396,-33.8928337097168,151.22116088867188,171.0,44.6,-8,-0.13,True
2026-09-06T09:03:19+10:00,2357793,2509_370,-33.910614013671875,151.20542907714844,275.0,36.4,248,4.13,True
2026-09-06T09:03:19+10:00,2399846,2509_390X,-33.90947723388672,151.24209594726562,99.0,38.5,-345,-5.75,False
2026-09-06T09:03:19+10:00,2667455,2509_326,-33.888729095458984,151.2576446533203,55.0,30.6,139,2.32,True
2026-09-06T09:03:19+10:00,2356801,2509_343,-33.8895263671875,151.2078094482422,183.0,16.9,84,1.4,True
2026-09-06T09:03:19+10:00,2494846,2509_343,-33.9017219543457,151.20571899414062,12.0,38.9,80,1.33,True
2026-09-06T09:03:19+10:00,2532531,2509_350,-33.92890548706055,151.25564575195312,330.0,26.3,138,2.3,True
2026-09-06T09:03:19+10:00,2146635,2509_375,-33.94868469238281,151.25106811523438,203.0,40.3,-169,-2.82,False
2026-09-06T09:03:19+10:00,2534047,2509_350,-33.93795394897461,151.2117919921875,302.0,68.8,20,0.33,True
2026-09-06T09:03:19+10:00,2356088,2509_373,-33.87686538696289,151.2114715576172,272.0,32.0,-96,-1.6,False
2026-09-06T09:03:19+10:00,2564423,2509_379,-33.90586471557617,151.26034545898438,277.0,0.0,22,0.37,True
2026-09-06T09:03:19+10:00,2146603,2509_396,-33.908790588378906,151.22337341308594,8.0,37.8,199,3.32,True
2026-09-06T09:03:19+10:00,2551696,2509_379,-33.889339447021484,151.25839233398438,297.0,38.2,-196,-3.27,False
2026-09-06T09:03:19+10:00,2679291,2509_370,-33.90092086791992,151.19322204589844,42.0,20.9,-79,-1.32,False
2026-09-06T09:03:19+10:00,2357041,2509_311,-33.88451385498047,151.20327758789062,30.0,0.0,0,0.0,True
2026-09-06T09:03:19+10:00,2470827,2509_356,-33.94140625,151.23866271972656,97.0,0.0,-39,-0.65,True
2026-09-06T09:03:19+10:00,2398222,2509_392,-33.896339416503906,151.20663452148438,192.0,23.0,-276,-4.6,False
2026-09-06T09:03:19+10:00,2609304,2509_333,-33.87689971923828,151.2121124267578,287.0,32.0,162,2.7,True
2026-09-06T09:03:19+10:00,2335412,2509_309,-33.92164611816406,151.19625854492188,12.0,12.6,-145,-2.42,False
2026-09-06T09:03:19+10:00,2675153,2509_309,-33.918758392333984,151.19932556152344,221.0,49.3,148,2.47,True
2026-09-06T09:03:19+10:00,2609451,2509_333,-33.8939208984375,151.27308654785156,351.0,29.9,478,7.97,False
2026-09-06T09:03:19+10:00,2356451,2509_311,-33.858272552490234,151.2050018310547,97.0,31.0,-340,-5.67,False
2026-09-06T09:03:19+10:00,2532188,2509_325,-33.85218811035156,151.27406311035156,177.0,27.7,102,1.7,True
2026-09-06T09:03:19+10:00,2357219,2509_370,-33.88703155517578,151.19369506835938,27.0,3.2,189,3.15,True
2026-09-06T09:03:19+10:00,2533071,2509_350,-33.94522476196289,151.2214813232422,136.0,5.0,73,1.22,True
2026-09-06T09:03:19+10:00,2356606,2509_370,-33.914337158203125,151.22523498535156,352.0,46.8,128,2.13,True
2026-09-06T09:03:19+10:00,2609195,2509_333,-33.891170501708984,151.25306701660156,74.0,0.0,327,5.45,False
2026-09-06T09:03:19+10:00,2352565,2509_356,-33.92815399169922,151.25001525878906,76.0,16.2,-45,-0.75,True
2026-09-06T09:03:19+10:00,2146513,2509_396,-33.870906829833984,151.21009826660156,6.0,0.0,-303,-5.05,False
2026-09-06T09:03:19+10:00,2534598,2509_350,-33.924983978271484,151.1917266845703,98.0,28.1,95,1.58,True
2026-09-06T09:03:19+10:00,2357752,2509_311,-33.878055572509766,151.2205047607422,24.0,25.9,7,0.12,True
2026-09-06T09:03:19+10:00,2434881,2509_390X,-33.9504508972168,151.2415771484375,169.0,38.9,-67,-1.12,False
2026-09-06T09:03:19+10:00,2564431,2509_386,-33.88508987426758,151.26751708984375,42.0,0.0,42,0.7,True
2026-09-06T09:03:19+10:00,2356032,2509_339,-33.9107780456543,151.25262451171875,162.0,34.6,-99,-1.65,False
2026-09-06T09:03:19+10:00,2609379,2509_333,-33.892879486083984,151.25588989257812,278.0,0.0,29,0.48,True
2026-09-06T09:03:19+10:00,2675019,2509_309,-33.89454650878906,151.1983184814453,19.0,0.0,0,0.0,True
2026-09-06T09:03:19+10:00,2532448,2509_324,-33.87417221069336,151.24729919433594,175.0,30.6,253,4.22,True
2026-09-06T09:03:19+10:00,2138524,2509_396,-33.86208724975586,151.2112274169922,5.0,0.0,0,0.0,True
2026-09-06T09:03:19+10:00,2533528,2509_380,-33.893924713134766,151.2730712890625,349.0,33.1,136,2.27,True
2026-09-06T09:03:19+10:00,2146445,2509_396,-33.92527389526367,151.2294158935547,301.0,27.4,-43,-0.72,True
2026-09-06T09:03:19+10:00,2494818,2509_374,-33.91736602783203,151.25213623046875,280.0,35.3,-24,-0.4,True
2026-09-06T09:03:19+10:00,2533712,2509_387,-33.87548065185547,151.2722930908203,208.0,33.8,6,0.1,True
2026-09-06T09:03:19+10:00,2534505,2509_360,-33.90271759033203,151.2596893310547,354.0,32.0,12,0.2,True
2026-09-06T09:03:19+10:00,2531603,2509_324,-33.8907356262207,151.24380493164062,289.0,25.2,0,0.0,True
2026-09-06T09:03:19+10:00,2674974,2509_309,-33.89450454711914,151.1983184814453,21.0,0.0,0,0.0,True
2026-09-06T09:03:19+10:00,2534616,2509_381,-33.89137268066406,151.24856567382812,104.0,0.0,0,0.0,True
2026-09-06T09:03:19+10:00,2703433,700003_11M,-33.79756546020508,151.1787872314453,249.0,0.0,,,
2026-09-06T09:03:19+10:00,2719241,7070_10M,-33.79503631591797,151.1804656982422,183.0,0.4,0,0.0,True
2026-09-06T09:03:19+10:00,2719412,2514_270,-33.87008285522461,151.20542907714844,357.0,21.2,195,3.25,True
2026-09-06T09:03:19+10:00,2719166,2514_270,-33.86335372924805,151.20530700683594,167.0,25.9,-104,-1.73,False
2026-09-06T09:03:19+10:00,2718950,2514_194,-33.869197845458984,151.205322265625,353.0,22.3,68,1.13,True
2026-09-06T09:03:19+10:00,2719312,2514_281,-33.78558349609375,151.20108032226562,1.0,19.1,-38,-0.63,True
2026-09-06T09:03:19+10:00,2705069,2504_610X,-33.87002944946289,151.20541381835938,354.0,44.6,88,1.47,True
2026-09-06T09:03:19+10:00,2708979,2504_610X,-33.804542541503906,151.15049743652344,298.0,80.3,48,0.8,True
2026-09-06T09:03:19+10:00,2719214,2514_141,-33.78282165527344,151.23809814453125,338.0,34.6,252,4.2,True
2026-09-06T09:03:19+10:00,2721924,7069_11M,-33.79541778564453,151.16702270507812,349.0,43.9,83,1.38,True
2026-09-06T09:03:19+10:00,2719427,2514_271,-33.799495697021484,151.2104034423828,340.0,53.3,125,2.08,True
2026-09-06T09:03:19+10:00,2719419,2514_271,-33.802032470703125,151.21144104003906,164.0,0.0,-388,-6.47,False
2026-09-06T09:03:19+10:00,2714453,7057_26T4,-33.94601058959961,151.17970275878906,270.0,62.6,-805,-13.42,False
2026-09-06T09:03:19+10:00,2705051,2504_610X,-33.86982727050781,151.20614624023438,175.0,0.0,0,0.0,True
2026-09-06T09:03:19+10:00,2707506,2504_610X,-33.81624221801758,151.20094299316406,152.0,69.8,-62,-1.03,False
2026-09-06T09:03:19+10:00,2719011,2514_194,-33.79487991333008,151.2083282470703,160.0,59.8,196,3.27,True
2026-09-06T09:03:19+10:00,2714459,7057_26T4,-33.884979248046875,151.20811462402344,180.0,42.8,-1011,-16.85,False
2026-09-06T09:03:19+10:00,2390259,7084_24T3,-33.91432571411133,151.18528747558594,34.0,47.9,799,13.32,False
2026-09-06T09:03:19+10:00,2591181,7066_28T4,-33.90211868286133,151.19869995117188,254.0,33.1,976,16.27,False
2026-09-06T09:03:19+10:00,2591203,7066_28T4,-33.880367279052734,151.20889282226562,200.0,8.3,-790,-13.17,False
2026-09-06T09:03:19+10:00,2390498,7084_24T3,-33.886722564697266,151.1771697998047,257.0,4.3,-318,-5.3,False
2026-09-06T09:03:19+10:00,2390312,7084_24T3,-33.87960433959961,151.208251953125,92.0,0.0,473,7.88,False
2026-09-06T09:03:19+10:00,2390489,7084_24T3,-33.88518524169922,151.20338439941406,4.0,0.4,-1362,-22.7,False
2026-09-06T09:03:19+10:00,2591287,7066_28T4,-33.93895721435547,151.14788818359375,53.0,34.2,-254,-4.23,False
2026-09-06T09:03:19+10:00,2669579,7084_24T3,-33.91898727416992,151.1690673828125,143.0,0.0,-2642,-44.03,False
2026-09-06T09:03:19+10:00,2591088,7066_28T4,-33.88021469116211,151.20773315429688,284.0,0.0,0,0.0,True
2026-09-06T09:03:19+10:00,2669627,7084_24T3,-33.904754638671875,151.1284942626953,36.0,37.1,-874,-14.57,False
2026-09-06T09:03:19+10:00,2669596,7084_24T3,-33.89401626586914,151.14967346191406,102.0,0.0,-1566,-26.1,False
2026-09-06T09:03:19+10:00,2717408,700015_3AT4,-33.901512145996094,151.20094299316406,73.0,1.4,1953,32.55,False
2026-09-06T09:03:19+10:00,2717349,700015_3AT4,-33.884212493896484,151.20333862304688,11.0,0.0,-1222,-20.37,False
2026-09-06T09:03:19+10:00,2717450,700015_3AT4,-33.8873291015625,151.20648193359375,156.0,1.1,,,
2026-09-06T09:03:19+10:00,2717605,700015_3AT4,-33.88272476196289,151.20840454101562,110.0,6.8,-633,-10.55,False
2026-09-06T09:03:19+10:00,2717429,700015_3AT4,-33.94497299194336,151.1868896484375,255.0,72.4,-570,-9.5,False
2026-09-06T09:03:19+10:00,2717354,700015_3AT4,-33.939151763916016,151.14755249023438,272.0,33.5,-682,-11.37,False
2026-09-06T09:03:19+10:00,2724751,700002_36SC,-33.88546371459961,151.20330810546875,177.0,0.4,,,
2026-09-06T09:03:19+10:00,2722537,700012_43SC,-33.88222122192383,151.20680236816406,300.0,0.0,-108,-1.8,False
2026-09-06T09:03:19+10:00,2725377,700002_49SC,-33.885257720947266,151.203125,260.0,2.2,-2328,-38.8,False
2026-09-06T09:03:19+10:00,2715411,7080_12M,-33.79548645019531,151.16708374023438,348.0,43.9,138,2.3,True
2026-09-06T09:03:19+10:00,2715364,7080_12M,-33.7943000793457,151.1803436279297,163.0,10.8,-463,-7.72,False
2026-09-06T10:52:11+10:00,2229503,2507_292,-33.82395553588867,151.20974731445312,104.0,60.1,-90,-1.5,False
2026-09-06T10:52:11+10:00,2227796,2507_254,-33.81605529785156,151.1700439453125,348.0,0.0,72,1.2,True
2026-09-06T10:52:11+10:00,2407259,2507_252,-33.828392028808594,151.2014923095703,147.0,0.4,170,2.83,True
2026-09-06T10:52:11+10:00,2621004,2507_252,-33.81956481933594,151.15101623535156,190.0,0.0,13,0.22,True
2026-09-06T10:52:11+10:00,2702004,700011_27T4,-33.88552474975586,151.2030487060547,14.0,5.4,0,0.0,True
2026-09-06T10:52:11+10:00,2620657,2507_288,-33.804931640625,151.1494903564453,97.0,44.3,-61,-1.02,False
2026-09-06T10:52:11+10:00,2703823,2507_533,-33.80048370361328,151.1796112060547,166.0,31.3,372,6.2,False
2026-09-06T10:52:11+10:00,2557283,2507_291,-33.81233596801758,151.17218017578125,260.0,29.2,240,4.0,True
2026-09-06T10:52:11+10:00,2643699,2507_52,-33.85151290893555,151.1549530029297,321.0,11.5,-41,-0.68,True
2026-09-06T10:52:11+10:00,2227958,2507_292,-33.82175827026367,151.20501708984375,322.0,80.3,99,1.65,True
2026-09-06T10:52:11+10:00,2702167,2507_501,-33.88004684448242,151.20848083496094,188.0,0.0,0,0.0,True
2026-09-06T10:52:11+10:00,2700468,7083_35T3,-33.88279342651367,151.20823669433594,110.0,0.0,212,3.53,True
2026-09-06T10:52:11+10:00,2426218,7083_78T3,-33.891014099121094,151.1490020751953,163.0,20.5,133,2.22,True
2026-09-06T10:52:11+10:00,2701924,700011_27T4,-33.93599319458008,151.20535278320312,275.0,70.6,1310,21.83,False
2026-09-06T10:52:11+10:00,2700543,7083_35T3,-33.908538818359375,151.1813201904297,186.0,0.0,63,1.05,True
2026-09-06T10:52:11+10:00,2702500,2507_501,-33.882266998291016,151.20101928710938,63.0,0.4,147,2.45,True
2026-09-06T10:52:11+10:00,2702177,2507_501,-33.82373046875,151.12380981445312,123.0,22.3,60,1.0,True
2026-09-06T10:52:11+10:00,2426264,7083_78T3,-33.88429260253906,151.1966094970703,-81.0,0.0,241,4.02,True
2026-09-06T10:52:11+10:00,2226450,2507_288,-33.866031646728516,151.2033233642578,174.0,0.0,173,2.88,True
2026-09-06T10:52:11+10:00,2537576,2507_506,-33.8686408996582,151.17750549316406,67.0,46.1,371,6.18,False
2026-09-06T10:52:11+10:00,2677104,2503_M90,-33.874603271484375,151.1074981689453,8.0,0.0,0,0.0,True
2026-09-06T10:52:11+10:00,2672402,2507_115,-33.80125045776367,151.19869995117188,190.0,37.1,74,1.23,True
2026-09-06T10:52:11+10:00,2662356,7083_35T3,-33.89714813232422,151.1970672607422,62.0,7.9,-140,-2.33,False
2026-09-06T10:52:11+10:00,2426283,7083_78T3,-33.887027740478516,151.20663452148438,0.0,0.0,3502,58.37,False
2026-09-06T10:52:11+10:00,2227131,2507_507,-33.831565856933594,151.12225341796875,147.0,18.0,8,0.13,True
2026-09-06T10:52:11+10:00,2426223,7083_78T3,-33.886348724365234,151.2068328857422,14.0,2.9,3407,56.78,False
2026-09-06T10:52:11+10:00,2702529,2507_501,-33.852386474609375,151.1556854248047,322.0,34.2,-8,-0.13,True
2026-09-06T10:52:11+10:00,2700427,7083_35T3,-33.88077926635742,151.2068328857422,97.0,0.0,-369,-6.15,False
2026-09-06T10:52:11+10:00,2672471,2507_115,-33.7962646484375,151.1971435546875,339.0,41.4,175,2.92,True
2026-09-06T10:52:11+10:00,2620439,2507_288,-33.81232452392578,151.1717071533203,93.0,0.0,816,13.6,False
2026-09-06T10:52:11+10:00,2662372,7083_35T3,-33.906455993652344,151.1813507080078,-20.0,0.0,-608,-10.13,False
2026-09-06T10:52:11+10:00,2322705,2507_506,-33.85055923461914,151.15403747558594,333.0,21.6,-52,-0.87,True
2026-09-06T10:52:11+10:00,2620686,2507_516,-33.7955436706543,151.15086364746094,248.0,26.6,272,4.53,True
2026-09-06T10:52:11+10:00,2644538,2507_120,-33.796142578125,151.18072509765625,186.0,0.0,0,0.0,True
2026-09-06T10:52:11+10:00,2426407,7083_78T3,-33.890235900878906,151.1490020751953,9.0,0.0,22,0.37,True
2026-09-06T10:52:11+10:00,2642851,2507_120,-33.79352569580078,151.19183349609375,64.0,28.8,121,2.02,True
2026-09-06T10:52:11+10:00,2441760,2507_207,-33.86371612548828,151.20799255371094,274.0,5.4,125,2.08,True
2026-09-06T10:52:11+10:00,2643685,2507_52,-33.83028030395508,151.12664794921875,356.0,1.1,72,1.2,True
2026-09-06T10:52:11+10:00,2702298,2507_501,-33.82179641723633,151.12059020996094,311.0,0.0,245,4.08,True
2026-09-06T10:52:11+10:00,2643983,2507_120,-33.866058349609375,151.20574951171875,173.0,40.3,191,3.18,True
2026-09-06T10:52:11+10:00,2441450,2507_207,-33.82341003417969,151.21018981933594,187.0,20.2,-39,-0.65,True
2026-09-06T10:52:11+10:00,2702317,2507_501,-33.844947814941406,151.2119140625,166.0,45.4,0,0.0,True
2026-09-06T10:52:11+10:00,2407007,2507_252,-33.824771881103516,151.1324005126953,29.0,42.8,243,4.05,True
2026-09-06T10:52:11+10:00,2700519,7083_35T3,-33.911319732666016,151.157958984375,301.0,22.0,-25,-0.42,True
2026-09-06T10:52:11+10:00,2644186,2507_52,-33.846988677978516,151.1519775390625,155.0,0.0,42,0.7,True
2026-09-06T10:52:11+10:00,2701911,700011_27T4,-33.884498596191406,151.20327758789062,143.0,0.0,0,0.0,True
2026-09-06T10:52:11+10:00,2643241,2507_52,-33.87312698364258,151.208251953125,277.0,0.0,94,1.57,True
2026-09-06T10:52:11+10:00,2643155,2507_52,-33.8277702331543,151.1265869140625,174.0,39.6,-38,-0.63,True
2026-09-06T10:52:11+10:00,2644934,2507_120,-33.86556625366211,151.2049102783203,359.0,5.4,148,2.47,True
2026-09-06T10:52:11+10:00,2682142,2507_267,-33.80936050415039,151.2081756591797,191.0,34.9,23,0.38,True
2026-09-06T10:52:11+10:00,2700520,7083_35T3,-33.90129089355469,151.19284057617188,219.0,0.0,99,1.65,True
2026-09-06T10:52:11+10:00,2662292,7083_35T3,-33.897132873535156,151.19725036621094,75.0,8.6,-504,-8.4,False
2026-09-06T10:52:11+10:00,2702340,2507_501,-33.84096145629883,151.1470184326172,143.0,58.0,405,6.75,False
2026-09-06T10:52:11+10:00,2426668,7083_78T3,-33.884918212890625,151.1944122314453,20.0,14.8,0,0.0,True
2026-09-06T10:52:11+10:00,2662252,7083_35T3,-33.91358947753906,151.1417999267578,137.0,34.6,-380,-6.33,False
2026-09-06T10:52:11+10:00,2672433,2507_115,-33.84099578857422,151.20718383789062,275.0,25.2,53,0.88,True
2026-09-06T10:52:11+10:00,2662306,7083_35T3,-33.90046691894531,151.19032287597656,109.0,40.7,-717,-11.95,False
2026-09-06T10:52:11+10:00,2644279,2507_120,-33.796897888183594,151.19744873046875,339.0,38.9,-50,-0.83,True
2026-09-06T10:52:11+10:00,2644910,2507_52,-33.87138748168945,151.21461486816406,337.0,19.8,41,0.68,True
2026-09-06T10:52:11+10:00,2645055,2507_52,-33.8704719543457,151.2132568359375,281.0,17.6,0,0.0,True
2026-09-06T10:52:11+10:00,2700542,7083_35T3,-33.882293701171875,151.20738220214844,0.0,0.0,1040,17.33,False
2026-09-06T10:52:11+10:00,2644453,2507_52,-33.86783218383789,151.1800994873047,85.0,28.8,11,0.18,True
2026-09-06T10:52:11+10:00,2662419,7083_35T3,-33.91312026977539,151.14129638671875,137.0,18.7,-11,-0.18,True
2026-09-06T10:52:11+10:00,2702350,2507_501,-33.87476348876953,151.19683837890625,155.0,0.0,4,0.07,True
2026-09-06T10:52:11+10:00,2426546,7083_78T3,-33.90983581542969,151.12255859375,51.0,49.0,163,2.72,True
2026-09-06T10:52:11+10:00,2426315,7083_78T3,-33.88032150268555,151.20843505859375,113.0,0.0,-199,-3.32,False
2026-09-06T10:52:11+10:00,2290117,2459_440,-33.86817169189453,151.16407775878906,42.0,49.0,-244,-4.07,False
2026-09-06T10:52:11+10:00,2666405,2459_461X,-33.8873291015625,151.14158630371094,133.0,13.0,66,1.1,True
2026-09-06T10:52:11+10:00,2287802,2459_422,-33.88075637817383,151.20669555664062,202.0,0.0,0,0.0,True
2026-09-06T10:52:11+10:00,2210423,2459_464,-33.84011459350586,151.1068572998047,257.0,0.0,-215,-3.58,False
2026-09-06T10:52:11+10:00,2668465,2459_420,-33.92996597290039,151.18360900878906,184.0,51.1,303,5.05,False
2026-09-06T10:52:11+10:00,2620088,2459_530,-33.87085723876953,151.1185760498047,276.0,46.4,-209,-3.48,False
2026-09-06T10:52:11+10:00,2596191,2459_490,-33.8747444152832,151.10748291015625,8.0,0.0,5,0.08,True
2026-09-06T10:52:11+10:00,2284253,2459_433,-33.884464263916016,151.1935272216797,86.0,32.4,46,0.77,True
2026-09-06T10:52:11+10:00,1959120,2459_413,-33.8952751159668,151.12521362304688,183.0,15.8,79,1.32,True
2026-09-06T10:52:11+10:00,2666477,2459_461X,-33.8724479675293,151.2157745361328,187.0,0.0,125,2.08,True
2026-09-06T10:52:11+10:00,2285639,2459_438X,-33.8448371887207,151.12852478027344,2.0,0.0,23,0.38,True
2026-09-06T10:52:11+10:00,2284068,2459_428,-33.89168167114258,151.1880645751953,218.0,0.0,80,1.33,True
2026-09-06T10:52:11+10:00,2285094,2459_433,-33.88381576538086,151.2024688720703,73.0,28.8,367,6.12,False
2026-09-06T10:52:11+10:00,2596231,2459_492,-33.875732421875,151.1184844970703,11.0,38.5,5,0.08,True
2026-09-06T10:52:11+10:00,2285364,2459_442,-33.85811233520508,151.18360900878906,124.0,5.8,-216,-3.6,False
2026-09-06T10:52:11+10:00,2285643,2459_440,-33.88178253173828,151.20565795898438,43.0,14.0,73,1.22,True
2026-09-06T10:52:11+10:00,2283545,2459_470,-33.865169525146484,151.20962524414062,228.0,0.0,0,0.0,True
2026-09-06T10:52:11+10:00,2289945,2459_433,-33.87800979614258,151.18569946289062,145.0,32.4,-283,-4.72,False
2026-09-06T10:52:11+10:00,2666336,2459_461X,-33.87097930908203,151.1048583984375,190.0,24.5,203,3.38,True
2026-09-06T10:52:11+10:00,2554415,2459_358,-33.921058654785156,151.23822021484375,107.0,20.9,-204,-3.4,False
2026-09-06T10:52:11+10:00,2211310,2459_406,-33.87070846557617,151.14195251464844,136.0,24.8,118,1.97,True
2026-09-06T10:52:11+10:00,2289207,2459_423,-33.89860534667969,151.17442321777344,82.0,0.0,528,8.8,False
2026-09-06T10:52:11+10:00,2289484,2459_438X,-33.86664962768555,151.21072387695312,186.0,0.0,0,0.0,True
2026-09-06T10:52:11+10:00,2289981,2459_433,-33.88262939453125,151.1903839111328,310.0,34.9,898,14.97,False
2026-09-06T10:52:11+10:00,2287558,2459_426,-33.883705139160156,151.20249938964844,72.0,28.8,130,2.17,True
2026-09-06T10:52:11+10:00,2290586,2459_431,-33.88428497314453,151.19271850585938,318.0,22.7,14,0.23,True
2026-09-06T10:52:11+10:00,2484457,2459_483,-33.864967346191406,151.21090698242188,223.0,0.0,0,0.0,True
2026-09-06T10:52:11+10:00,2340750,2459_412,-33.91168975830078,151.14236450195312,139.0,19.8,218,3.63,True
2026-09-06T10:52:11+10:00,2286082,2459_389,-33.87312316894531,151.2082061767578,277.0,5.4,-118,-1.97,False
2026-09-06T10:52:11+10:00,2609071,2459_430,-33.88037872314453,151.20704650878906,223.0,13.0,-161,-2.68,False
2026-09-06T10:52:11+10:00,2211366,2459_413,-33.88460159301758,151.19393920898438,263.0,6.1,-24,-0.4,True
2026-09-06T10:52:11+10:00,2283455,2459_348,-33.92058563232422,151.16722106933594,63.0,0.0,226,3.77,True
2026-09-06T10:52:11+10:00,2660143,2459_320,-33.90726852416992,151.20501708984375,294.0,0.0,-61,-1.02,False
2026-09-06T10:52:11+10:00,2308798,2459_445,-33.86373519897461,151.170166015625,37.0,24.5,364,6.07,False
2026-09-06T10:52:11+10:00,2553962,2459_358,-33.92155075073242,151.19723510742188,277.0,0.0,183,3.05,True
2026-09-06T10:52:11+10:00,2289398,2459_470,-33.88434982299805,151.1969757080078,269.0,0.0,-114,-1.9,False
2026-09-06T10:52:11+10:00,2290866,2459_469,-33.87738037109375,151.18508911132812,294.0,5.0,251,4.18,True
2026-09-06T10:52:11+10:00,2287532,2459_470,-33.87942886352539,151.1646270751953,296.0,16.6,-92,-1.53,False
2026-09-06T10:52:11+10:00,2588617,7016_7AT4,-33.894168853759766,151.19970703125,202.0,47.5,-176,-2.93,False
2026-09-06T10:52:11+10:00,2596213,2459_492,-33.894676208496094,151.11146545410156,259.0,18.0,133,2.22,True
2026-09-06T10:52:11+10:00,2290943,2459_470,-33.8739013671875,151.16175842285156,72.0,0.0,0,0.0,True
2026-09-06T10:52:11+10:00,2290104,2459_438X,-33.8787841796875,151.209228515625,187.0,39.2,93,1.55,True
2026-09-06T10:52:11+10:00,2636739,2459_504,-33.873470306396484,151.21261596679688,0.0,0.0,226,3.77,True
2026-09-06T10:52:11+10:00,2036431,2459_440,-33.88819885253906,151.16387939453125,84.0,46.1,-114,-1.9,False
2026-09-06T10:52:11+10:00,2609004,2459_430,-33.89909362792969,151.17193603515625,253.0,31.7,6,0.1,True
2026-09-06T10:52:11+10:00,2210766,2459_464,-33.883697509765625,151.10247802734375,11.0,29.9,-139,-2.32,False
2026-09-06T10:52:11+10:00,2286556,2459_438X,-33.88810348510742,151.15818786621094,256.0,0.0,207,3.45,True
2026-09-06T10:52:11+10:00,2588754,7016_7AT4,-33.89419937133789,151.1984405517578,20.0,0.0,54,0.9,True
2026-09-06T10:52:11+10:00,2660512,2459_320,-33.88273620605469,151.2080078125,303.0,0.0,15,0.25,True
2026-09-06T10:52:11+10:00,2514772,2459_410,-33.86970520019531,151.10528564453125,196.0,16.2,227,3.78,True
2026-09-06T10:52:11+10:00,2283511,2459_440,-33.890907287597656,151.2487030029297,96.0,0.0,0,0.0,True
2026-09-06T10:52:11+10:00,2668175,2459_420,-33.93326187133789,151.18255615234375,101.0,25.2,222,3.7,True
2026-09-06T10:52:11+10:00,2290174,2459_442,-33.8580207824707,151.18295288085938,289.0,5.4,-130,-2.17,False
2026-09-06T10:52:11+10:00,2289246,2459_470,-33.88254165649414,151.1826629638672,143.0,5.0,-6,-0.1,True
2026-09-06T10:52:11+10:00,2283616,2459_348,-33.90799331665039,151.19039916992188,292.0,0.0,-298,-4.97,False
2026-09-06T10:52:11+10:00,2287859,2459_438X,-33.884239196777344,151.19601440429688,86.0,0.0,-38,-0.63,True
2026-09-06T10:52:11+10:00,2660177,2459_320,-33.88284683227539,151.2082061767578,121.0,0.0,-82,-1.37,False
2026-09-06T10:52:11+10:00,2286407,2459_428,-33.902896881103516,151.16506958007812,115.0,30.2,487,8.12,False
2026-09-06T10:52:11+10:00,2475135,2459_389,-33.87092208862305,151.2053985595703,76.0,14.0,-92,-1.53,False
2026-09-06T10:52:11+10:00,2288410,2459_423,-33.87340545654297,151.2098846435547,7.0,22.3,196,3.27,True
2026-09-06T10:52:11+10:00,2285825,2459_438X,-33.879722595214844,151.20909118652344,15.0,28.8,188,3.13,True
2026-09-06T10:52:11+10:00,2288349,2459_433,-33.856712341308594,151.17263793945312,209.0,23.4,16,0.27,True
2026-09-06T10:52:11+10:00,2211921,2459_464,-33.88812255859375,151.12368774414062,296.0,0.0,-11,-0.18,True
2026-09-06T10:52:11+10:00,2636629,2459_504,-33.873565673828125,151.2155303955078,11.0,0.0,97,1.62,True
2026-09-06T10:52:11+10:00,2288774,2459_442,-33.857521057128906,151.19229125976562,77.0,21.2,247,4.12,True
2026-09-06T10:52:11+10:00,2309018,2459_445,-33.89255905151367,151.15797424316406,16.0,43.6,-106,-1.77,False
2026-09-06T10:52:11+10:00,2290631,2459_433,-33.858123779296875,151.183349609375,295.0,0.0,0,0.0,True
2026-09-06T10:52:11+10:00,2286073,2459_426,-33.865692138671875,151.21023559570312,217.0,0.0,5,0.08,True
2026-09-06T10:52:11+10:00,2286065,2459_469,-33.87474060058594,151.13430786132812,146.0,23.4,38,0.63,True
2026-09-06T10:52:11+10:00,2290701,2459_389,-33.86618423461914,151.19190979003906,334.0,0.0,117,1.95,True
2026-09-06T10:52:11+10:00,1959437,2459_412,-33.891357421875,151.16970825195312,87.0,38.2,124,2.07,True
2026-09-06T10:52:11+10:00,2588721,7016_7AT4,-33.9161491394043,151.16688537597656,229.0,31.7,-64,-1.07,False
2026-09-06T10:52:11+10:00,2284834,2459_389,-33.888179779052734,151.23831176757812,257.0,25.2,68,1.13,True
2026-09-06T10:52:11+10:00,2287931,2459_441,-33.863285064697266,151.176513671875,352.0,30.6,-70,-1.17,False
2026-09-06T10:52:11+10:00,1961025,2459_412,-33.86532211303711,151.21058654785156,219.0,0.0,0,0.0,True
2026-09-06T10:52:11+10:00,2283556,2459_442,-33.8657341003418,151.1769561767578,187.0,28.1,131,2.18,True
2026-09-06T10:52:11+10:00,2285221,2459_303,-33.919429779052734,151.22621154785156,82.0,5.0,214,3.57,True
2026-09-06T10:52:11+10:00,1961024,2459_412,-33.88449478149414,151.19351196289062,264.0,22.0,-81,-1.35,False
2026-09-06T10:52:11+10:00,2666530,2459_461X,-33.87492752075195,151.1041717529297,8.0,31.0,-45,-0.75,True
2026-09-06T10:52:11+10:00,1935045,2459_412,-33.88406753540039,151.2017822265625,74.0,33.1,-30,-0.5,True
2026-09-06T10:52:11+10:00,2288309,2459_423,-33.911888122558594,151.1549835205078,45.0,20.2,385,6.42,False
2026-09-06T10:52:11+10:00,2609064,2459_430,-33.90569305419922,151.1659393310547,78.0,42.1,182,3.03,True
2026-09-06T10:52:11+10:00,2288002,2459_441,-33.86992645263672,151.18861389160156,112.0,57.2,102,1.7,True
2026-09-06T10:52:11+10:00,2484455,2459_483,-33.884681701660156,151.1882781982422,272.0,37.1,360,6.0,False
2026-09-06T10:52:11+10:00,2666542,2459_530,-33.86790466308594,151.12269592285156,5.0,0.0,36,0.6,True
2026-09-06T10:52:11+10:00,2283410,2459_433,-33.858272552490234,151.1835479736328,286.0,0.0,10,0.17,True
2026-09-06T10:52:11+10:00,2666406,2459_461X,-33.88394546508789,151.20248413085938,74.0,27.7,-111,-1.85,False
2026-09-06T10:52:11+10:00,2596283,2459_491,-33.869903564453125,151.12933349609375,184.0,0.0,0,0.0,True
2026-09-06T10:52:11+10:00,2283833,2459_426,-33.9024658203125,151.16929626464844,22.0,38.2,64,1.07,True
2026-09-06T10:52:11+10:00,2289691,2459_433,-33.883968353271484,151.20257568359375,251.0,38.2,-51,-0.85,True
2026-09-06T10:52:11+10:00,2588656,7016_7AT4,-33.93721008300781,151.1492462158203,39.0,5.8,1,0.02,True
2026-09-06T10:52:11+10:00,2285534,2459_442,-33.874664306640625,151.19544982910156,309.0,53.6,-75,-1.25,False
2026-09-06T10:52:11+10:00,2290608,2459_438X,-33.8841667175293,151.14483642578125,90.0,5.4,439,7.32,False
2026-09-06T10:52:11+10:00,2287947,2459_438X,-33.84511947631836,151.12844848632812,2.0,0.0,35,0.58,True
2026-09-06T10:52:11+10:00,2290886,2459_440,-33.884395599365234,151.19720458984375,268.0,12.2,-54,-0.9,True
2026-09-06T10:52:11+10:00,2686187,2459_423,-33.884403228759766,151.19737243652344,269.0,23.4,-61,-1.02,False
2026-09-06T10:52:11+10:00,2285146,2459_422,-33.9088020324707,151.18112182617188,14.0,0.0,104,1.73,True
2026-09-06T10:52:11+10:00,2290327,2459_428,-33.89910888671875,151.1451873779297,24.0,2.5,177,2.95,True
2026-09-06T10:52:11+10:00,2686106,2459_423,-33.866512298583984,151.21075439453125,6.0,12.2,265,4.42,True
2026-09-06T10:52:11+10:00,2288986,2459_389,-33.8913459777832,151.24826049804688,96.0,0.0,0,0.0,True
2026-09-06T10:52:11+10:00,2211614,2459_464,-33.85914993286133,151.10377502441406,173.0,46.4,70,1.17,True
2026-09-06T10:52:11+10:00,2284594,2459_433,-33.88448715209961,151.19322204589844,263.0,15.5,379,6.32,False
2026-09-06T10:52:11+10:00,2287501,2459_431,-33.88018798828125,151.20684814453125,12.0,13.3,-83,-1.38,False
2026-09-06T10:52:11+10:00,2289175,2459_470,-33.87492752075195,151.20970153808594,5.0,0.0,-95,-1.58,False
2026-09-06T10:52:11+10:00,2554335,2459_358,-33.921119689941406,151.19479370117188,99.0,24.5,-59,-0.98,True
2026-09-06T10:52:11+10:00,2588682,7016_7AT4,-33.91901779174805,151.169189453125,134.0,16.6,-38,-0.63,True
2026-09-06T10:52:11+10:00,2285177,2459_438X,-33.87290573120117,151.13275146484375,326.0,50.0,123,2.05,True
2026-09-06T10:52:11+10:00,2636689,2459_504,-33.86794662475586,151.17953491210938,77.0,33.5,-53,-0.88,True
2026-09-06T10:52:11+10:00,2515018,2459_410,-33.86948013305664,151.10520935058594,9.0,35.6,353,5.88,False
2026-09-06T10:52:11+10:00,2286083,2459_428,-33.897090911865234,151.1503143310547,284.0,37.4,8,0.13,True
2026-09-06T10:52:11+10:00,2289453,2459_428,-33.88385772705078,151.20181274414062,72.0,24.1,266,4.43,True
2026-09-06T10:52:11+10:00,2340816,2459_308,-33.90534591674805,151.18069458007812,340.0,42.5,187,3.12,True
2026-09-06T10:52:11+10:00,2636628,2459_504,-33.855682373046875,151.14138793945312,119.0,38.2,-56,-0.93,True
2026-09-06T10:52:11+10:00,2588859,7016_7AT4,-33.91828155517578,151.1685333251953,140.0,29.2,125,2.08,True
2026-09-06T10:52:11+10:00,2287842,2459_428,-33.896629333496094,151.1522979736328,248.0,22.0,929,15.48,False
2026-09-06T10:52:11+10:00,2284024,2459_426,-33.89242935180664,151.18704223632812,247.0,0.4,109,1.82,True
2026-09-06T10:52:11+10:00,2211169,2459_413,-33.89828872680664,151.11061096191406,327.0,12.2,-160,-2.67,False
2026-09-06T10:52:11+10:00,2287203,2459_418,-33.879425048828125,151.1032257080078,9.0,0.0,96,1.6,True
2026-09-06T10:52:11+10:00,2666349,2459_461X,-33.885005950927734,151.13621520996094,298.0,44.6,-4,-0.07,True
2026-09-06T10:52:11+10:00,2287878,2459_438X,-33.87873458862305,151.13746643066406,148.0,34.2,55,0.92,True
2026-09-06T10:52:11+10:00,1961023,2459_412,-33.9146842956543,151.14276123046875,323.0,16.2,268,4.47,True
2026-09-06T10:52:11+10:00,2666375,2459_530,-33.812355041503906,151.17156982421875,82.0,0.0,-96,-1.6,False
2026-09-06T10:52:11+10:00,2620072,2459_530,-33.814605712890625,151.16859436035156,258.0,10.8,-59,-0.98,True
2026-09-06T10:52:11+10:00,2596182,2459_492,-33.85594940185547,151.14710998535156,231.0,34.2,135,2.25,True
2026-09-06T10:52:11+10:00,2286968,2459_440,-33.88180923461914,151.2195587158203,126.0,37.8,122,2.03,True
2026-09-06T10:52:11+10:00,2588887,7016_7AT4,-33.91563034057617,151.16531372070312,344.0,20.5,-174,-2.9,False
2026-09-06T10:52:11+10:00,2286491,2459_437,-33.873008728027344,151.15530395507812,25.0,33.5,128,2.13,True
2026-09-06T10:52:11+10:00,2618770,2459_422,-33.91206359863281,151.1796875,204.0,0.0,325,5.42,False
2026-09-06T10:52:11+10:00,2666539,2459_461X,-33.88448715209961,151.19688415527344,267.0,0.0,47,0.78,True
2026-09-06T10:52:11+10:00,2287446,2459_440,-33.88532638549805,151.22776794433594,302.0,31.3,-54,-0.9,True
2026-09-06T10:52:11+10:00,1912445,2459_483,-33.883941650390625,151.20184326171875,73.0,34.2,-216,-3.6,False
2026-09-06T10:52:11+10:00,2340660,2459_308,-33.89271926879883,151.20362854003906,97.0,0.0,206,3.43,True
2026-09-06T10:52:11+10:00,2288402,2459_426,-33.90315246582031,151.14202880859375,328.0,0.0,20,0.33,True
2026-09-06T10:52:11+10:00,2553935,2459_358,-33.91628646850586,151.16607666015625,307.0,24.8,113,1.88,True
2026-09-06T10:52:11+10:00,2283698,2459_437,-33.87435531616211,151.16488647460938,259.0,29.2,-143,-2.38,False
2026-09-06T10:52:11+10:00,2349411,2459_418,-33.90327835083008,151.14254760742188,128.0,22.0,-185,-3.08,False
2026-09-06T10:52:11+10:00,2287088,2459_418,-33.91017150878906,151.13255310058594,326.0,5.0,102,1.7,True
2026-09-06T10:52:11+10:00,2588893,7016_7AT4,-33.892364501953125,151.19920349121094,22.0,0.0,0,0.0,True
2026-09-06T10:52:11+10:00,2475338,2459_389,-33.88326644897461,151.23251342773438,129.0,43.6,-166,-2.77,False
2026-09-06T10:52:11+10:00,2686034,2459_423,-33.924190521240234,151.1351776123047,228.0,36.4,21,0.35,True
2026-09-06T10:52:11+10:00,2286746,2459_428,-33.8653564453125,151.21144104003906,26.0,13.7,668,11.13,False
2026-09-06T10:52:11+10:00,2288863,2459_348,-33.921119689941406,151.2403106689453,190.0,0.0,-160,-2.67,False
2026-09-06T10:52:11+10:00,2288458,2459_437,-33.869590759277344,151.13003540039062,123.0,43.2,65,1.08,True
2026-09-06T10:52:11+10:00,2392235,2508_114,-33.828819274902344,151.20838928222656,101.0,0.0,200,3.33,True
2026-09-06T10:52:11+10:00,2087676,2508_160X,-33.79165267944336,151.18118286132812,354.0,34.2,21,0.35,True
2026-09-06T10:52:11+10:00,2714103,2508_144,-33.794586181640625,151.2656707763672,278.0,0.0,201,3.35,True
2026-09-06T10:52:11+10:00,2374057,2508_144,-33.79651641845703,151.18032836914062,182.0,0.0,0,0.0,True
2026-09-06T10:52:11+10:00,2376878,2508_100,-33.8714485168457,151.20639038085938,174.0,0.0,-62,-1.03,False
2026-09-06T10:52:11+10:00,2714280,2508_144,-33.8057746887207,151.1793670654297,344.0,0.0,-183,-3.05,False
2026-09-06T10:52:11+10:00,2373680,2508_100,-33.82533264160156,151.24269104003906,298.0,16.6,40,0.67,True
2026-09-06T10:52:11+10:00,2375073,2508_B1,-33.82441711425781,151.24114990234375,220.0,0.0,201,3.35,True
2026-09-06T10:52:11+10:00,2376447,2508_144,-33.810455322265625,151.17709350585938,229.0,4.0,258,4.3,True
2026-09-06T10:52:11+10:00,2458262,2508_238,-33.823265075683594,151.25050354003906,80.0,0.0,2,0.03,True
2026-09-06T10:52:11+10:00,2714185,2508_114,-33.82185745239258,151.24960327148438,214.0,9.7,0,0.0,True
2026-09-06T10:52:11+10:00,2376539,2508_144,-33.82439041137695,151.2405548095703,95.0,16.2,196,3.27,True
2026-09-06T10:52:11+10:00,2714146,2508_144,-33.824256896972656,151.2413787841797,232.0,0.0,479,7.98,False
2026-09-06T10:52:11+10:00,2377327,2508_100,-33.831241607666016,151.22183227539062,113.0,1.8,6,0.1,True
2026-09-06T10:52:11+10:00,2376458,2508_100,-33.83104705810547,151.224853515625,246.0,32.0,16,0.27,True
2026-09-06T10:52:11+10:00,2420943,2508_238,-33.845794677734375,151.23968505859375,313.0,9.0,245,4.08,True
2026-09-06T10:52:11+10:00,2714270,2508_144,-33.79823303222656,151.17837524414062,345.0,38.2,-3,-0.05,True
2026-09-06T10:52:11+10:00,2454912,2508_225,-33.83089065551758,151.22508239746094,246.0,34.9,180,3.0,True
2026-09-06T10:52:11+10:00,2377679,2508_100,-33.84957504272461,151.2122802734375,23.0,58.3,-84,-1.4,False
2026-09-06T10:52:11+10:00,2377762,2508_173X,-33.86640930175781,151.20632934570312,7.0,0.0,0,0.0,True
2026-09-06T10:52:11+10:00,2373915,2508_111,-33.839149475097656,151.2342987060547,239.0,26.6,109,1.82,True
2026-09-06T10:52:11+10:00,2415559,2508_B1,-33.85673904418945,151.20770263671875,28.0,54.7,50,0.83,True
2026-09-06T10:52:11+10:00,2373648,2508_243,-33.83091735839844,151.2247772216797,65.0,12.6,36,0.6,True
2026-09-06T10:52:11+10:00,2589850,2508_280,-33.78984069824219,151.18284606933594,339.0,30.6,257,4.28,True
2026-09-06T10:52:11+10:00,2375353,2508_144,-33.796451568603516,151.1804656982422,178.0,0.0,5,0.08,True
2026-09-06T10:52:11+10:00,2420742,2508_238,-33.845279693603516,151.24122619628906,54.0,28.4,168,2.8,True
2026-09-06T10:52:11+10:00,2714269,2508_144,-33.824066162109375,151.24171447753906,232.0,0.0,-3,-0.05,True
2026-09-06T10:52:11+10:00,1973450,2508_162,-33.801719665527344,151.2653045654297,99.0,28.8,111,1.85,True
2026-09-06T10:52:11+10:00,2415598,2508_B1,-33.86576461791992,151.20570373535156,174.0,4.0,0,0.0,True
2026-09-06T10:52:11+10:00,2375382,2508_144,-33.830810546875,151.22042846679688,114.0,14.8,129,2.15,True
2026-09-06T10:52:11+10:00,2374805,2508_144,-33.794166564941406,151.259033203125,70.0,41.8,239,3.98,True
2026-09-06T10:52:11+10:00,2377793,2508_263,-33.82827377319336,151.22520446777344,151.0,26.3,118,1.97,True
2026-09-06T10:52:11+10:00,2377778,2508_172X,-33.86511993408203,151.20509338378906,266.0,17.6,150,2.5,True
2026-09-06T10:52:11+10:00,2377840,2508_173X,-33.829505920410156,151.21368408203125,101.0,0.0,385,6.42,False
2026-09-06T10:52:11+10:00,2376694,2508_100,-33.83023452758789,151.21798706054688,278.0,0.0,119,1.98,True
2026-09-06T10:52:11+10:00,2377120,2508_100,-33.84169006347656,151.24371337890625,99.0,6.5,0,0.0,True
2026-09-06T10:52:11+10:00,2424286,2508_230,-33.824424743652344,151.2398681640625,98.0,0.4,212,3.53,True
2026-09-06T10:52:11+10:00,2415583,2508_B1,-33.83103561401367,151.22447204589844,65.0,1.1,174,2.9,True
2026-09-06T10:52:11+10:00,2454936,2508_225,-33.830780029296875,151.22494506835938,68.0,11.9,378,6.3,False
2026-09-06T10:52:11+10:00,2415497,2508_B1,-33.86687469482422,151.20582580566406,176.0,24.5,60,1.0,True
2026-09-06T10:52:11+10:00,2388785,2508_173X,-33.82387924194336,151.24208068847656,225.0,35.3,-61,-1.02,False
2026-09-06T10:52:11+10:00,2420899,2508_230,-33.8279914855957,151.2440643310547,0.0,0.0,115,1.92,True
2026-09-06T10:52:11+10:00,2375044,2508_144,-33.82320022583008,151.19528198242188,79.0,0.0,346,5.77,False
2026-09-06T10:52:11+10:00,2377015,2508_100,-33.842079162597656,151.24386596679688,182.0,0.0,0,0.0,True
2026-09-06T10:52:11+10:00,2087629,2508_160X,-33.79547882080078,151.18040466308594,36.0,18.4,0,0.0,True
2026-09-06T10:52:11+10:00,2424322,2508_230,-33.84333419799805,151.2110137939453,349.0,29.2,165,2.75,True
2026-09-06T10:52:11+10:00,2714336,2508_114,-33.828155517578125,151.2037353515625,280.0,42.5,70,1.17,True
2026-09-06T10:52:11+10:00,2714305,2508_144,-33.8217658996582,151.1861572265625,324.0,38.9,-173,-2.88,False
2026-09-06T10:52:11+10:00,2375541,2508_144,-33.79733657836914,151.24998474121094,62.0,11.2,-36,-0.6,True
2026-09-06T10:52:11+10:00,2375390,2508_263,-33.83357620239258,151.21884155273438,8.0,34.9,133,2.22,True
2026-09-06T10:52:11+10:00,2377415,2508_100,-33.8419303894043,151.2434539794922,356.0,0.0,0,0.0,True
2026-09-06T10:52:11+10:00,2357247,2509_339,-33.88442611694336,151.2179412841797,156.0,0.0,131,2.18,True
2026-09-06T10:52:11+10:00,2138938,2509_375,-33.91226577758789,151.2391815185547,340.0,37.4,6,0.1,True
2026-09-06T10:52:11+10:00,2679348,2509_370,-33.892601013183594,151.18603515625,253.0,23.0,215,3.58,True
2026-09-06T10:52:11+10:00,2357626,2509_343,-33.862003326416016,151.2121124267578,7.0,0.0,0,0.0,True
2026-09-06T10:52:11+10:00,2551773,2509_379,-33.893253326416016,151.2495880126953,188.0,15.8,-139,-2.32,False
2026-09-06T10:52:11+10:00,2628744,2509_304,-33.88027572631836,151.21075439453125,277.0,28.1,-286,-4.77,False
2026-09-06T10:52:11+10:00,2534175,2509_324,-33.86986541748047,151.26968383789062,231.0,19.4,87,1.45,True
2026-09-06T10:52:11+10:00,2532260,2509_350,-33.94220733642578,151.23919677734375,348.0,21.2,221,3.68,True
2026-09-06T10:52:11+10:00,2434774,2509_390X,-33.93091583251953,151.23696899414062,158.0,39.2,-45,-0.75,True
2026-09-06T10:52:11+10:00,2357008,2509_311,-33.87411117553711,151.2163848876953,190.0,0.0,129,2.15,True
2026-09-06T10:52:11+10:00,2356471,2509_373,-33.9207878112793,151.24649047851562,287.0,31.0,-13,-0.22,True
2026-09-06T10:52:11+10:00,2139237,2509_396,-33.866432189941406,151.21072387695312,206.0,37.1,35,0.58,True
2026-09-06T10:52:11+10:00,2532336,2509_380,-33.88923645019531,151.27854919433594,286.0,28.1,427,7.12,False
2026-09-06T10:52:11+10:00,2533119,2509_355,-33.890838623046875,151.24417114257812,290.0,35.6,8,0.13,True
2026-09-06T10:52:11+10:00,2470810,2509_397,-33.944915771484375,151.24974060058594,82.0,31.0,63,1.05,True
2026-09-06T10:52:11+10:00,2494639,2509_374,-33.917457580566406,151.2532958984375,279.0,19.8,661,11.02,False
2026-09-06T10:52:11+10:00,2139908,2509_396,-33.877410888671875,151.2129364013672,313.0,0.0,47,0.78,True
2026-09-06T10:52:11+10:00,2346629,7054_13T4,-33.930641174316406,151.15484619140625,313.0,22.7,-222,-3.7,False
2026-09-06T10:52:11+10:00,2679311,2509_370,-33.90434265136719,151.19024658203125,38.0,39.2,79,1.32,True
2026-09-06T10:52:11+10:00,2356341,2509_370,-33.891510009765625,151.18801879882812,40.0,0.0,-31,-0.52,True
2026-09-06T10:52:11+10:00,2551795,2509_379,-33.906375885009766,151.26808166503906,99.0,33.8,-292,-4.87,False
2026-09-06T10:52:11+10:00,2335511,2509_309,-33.95048904418945,151.1974639892578,314.0,1.8,-36,-0.6,True
2026-09-06T10:52:11+10:00,2434437,2509_390X,-33.92433166503906,151.22816467285156,127.0,0.0,-272,-4.53,False
2026-09-06T10:52:11+10:00,2403246,2509_311,-33.86667251586914,151.20338439941406,178.0,0.0,4,0.07,True
2026-09-06T10:52:11+10:00,2675057,2509_309,-33.91816329956055,151.19961547851562,195.0,33.5,-29,-0.48,True
2026-09-06T10:52:11+10:00,2533011,2509_360,-33.89800262451172,151.2647705078125,100.0,34.6,1,0.02,True
2026-09-06T10:52:11+10:00,2356700,2509_373,-33.88678741455078,151.21939086914062,309.0,0.0,98,1.63,True
2026-09-06T10:52:11+10:00,2352254,2509_307,-33.925498962402344,151.19528198242188,99.0,0.0,-17,-0.28,True
2026-09-06T10:52:11+10:00,2563862,2509_379,-33.90462875366211,151.2672576904297,98.0,0.0,0,0.0,True
2026-09-06T10:52:11+10:00,2531873,2509_350,-33.94075012207031,151.2156524658203,147.0,37.4,30,0.5,True
2026-09-06T10:52:11+10:00,2488406,2509_392,-33.90337371826172,151.20809936523438,106.0,11.5,201,3.35,True
2026-09-06T10:52:11+10:00,2139005,2509_375,-33.94719696044922,151.2557830810547,45.0,6.5,36,0.6,True
2026-09-06T10:52:11+10:00,2534192,2509_360,-33.8966178894043,151.25540161132812,280.0,0.0,10,0.17,True
2026-09-06T10:52:11+10:00,2356482,2509_373,-33.92118835449219,151.2567138671875,10.0,0.0,0,0.0,True
2026-09-06T10:52:11+10:00,2300934,2509_399,-33.9376220703125,151.2381591796875,350.0,29.5,186,3.1,True
2026-09-06T10:52:11+10:00,2531464,2509_350,-33.890846252441406,151.2481689453125,287.0,0.0,0,0.0,True
2026-09-06T10:52:11+10:00,2534117,2509_350,-33.925968170166016,151.2556915283203,192.0,29.9,86,1.43,True
2026-09-06T10:52:11+10:00,2534366,2509_380,-33.85026931762695,151.2865753173828,209.0,32.4,-1,-0.02,True
2026-09-06T10:52:11+10:00,2488373,2509_392,-33.89369583129883,151.19869995117188,23.0,0.0,0,0.0,True
2026-09-06T10:52:11+10:00,2396547,2509_392,-33.89670944213867,151.2003173828125,273.0,44.3,-533,-8.88,False
2026-09-06T10:52:11+10:00,2139129,2509_396,-33.918087005615234,151.22616577148438,351.0,7.6,-45,-0.75,True
2026-09-06T10:52:11+10:00,2356892,2509_373,-33.908592224121094,151.23529052734375,276.0,0.0,145,2.42,True
2026-09-06T10:52:11+10:00,2346337,2509_390X,-33.91958999633789,151.2264404296875,350.0,0.0,-17,-0.28,True
2026-09-06T10:52:11+10:00,2532317,2509_324,-33.863800048828125,151.2030792236328,167.0,0.0,11,0.18,True
2026-09-06T10:52:11+10:00,2346328,2509_390X,-33.94568634033203,151.2401885986328,350.0,0.0,87,1.45,True
2026-09-06T10:52:11+10:00,2609279,2509_333,-33.88894271850586,151.2784423828125,102.0,36.7,-277,-4.62,False
2026-09-06T10:52:11+10:00,2356001,2509_343,-33.864463806152344,151.2117156982422,188.0,32.4,72,1.2,True
2026-09-06T10:52:11+10:00,2564392,2509_379,-33.88515853881836,151.2760467529297,11.0,30.6,-46,-0.77,True
2026-09-06T10:52:11+10:00,2628701,2509_304,-33.8629035949707,151.2119598388672,8.0,0.0,0,0.0,True
2026-09-06T10:52:11+10:00,2352780,2509_356,-33.94034957885742,151.2296142578125,279.0,45.0,-185,-3.08,False
2026-09-06T10:52:11+10:00,2628754,2509_304,-33.90693664550781,151.20986938476562,260.0,40.0,-114,-1.9,False
2026-09-06T10:52:11+10:00,2699464,7054_1T3,-33.90175247192383,151.19212341308594,134.0,0.0,106,1.77,True
2026-09-06T10:52:11+10:00,2531936,2509_350,-33.92439651489258,151.18746948242188,279.0,0.0,18,0.3,True
2026-09-06T10:52:11+10:00,2533424,2509_355,-33.889644622802734,151.2417449951172,99.0,0.0,-36,-0.6,True
2026-09-06T10:52:11+10:00,2136843,2509_396,-33.94773483276367,151.25506591796875,42.0,0.0,0,0.0,True
2026-09-06T10:52:11+10:00,2531620,2509_350,-33.9246711730957,151.18980407714844,100.0,0.0,34,0.57,True
2026-09-06T10:52:11+10:00,2531945,2509_325,-33.85335922241211,151.26950073242188,69.0,0.0,54,0.9,True
2026-09-06T10:52:11+10:00,2532402,2509_362,-33.90388870239258,151.2566680908203,347.0,13.0,161,2.68,True
2026-09-06T10:52:11+10:00,2534674,2509_350,-33.90824890136719,151.25502014160156,183.0,23.4,53,0.88,True
2026-09-06T10:52:11+10:00,2609422,2509_333,-33.876869201660156,151.2113037109375,92.0,28.1,58,0.97,True
2026-09-06T10:52:11+10:00,2679334,2509_370,-33.918460845947266,151.2549285888672,80.0,10.4,-378,-6.3,False
2026-09-06T10:52:11+10:00,2357568,2509_343,-33.90382385253906,151.20526123046875,191.0,0.4,172,2.87,True
2026-09-06T10:52:11+10:00,2472506,7054_1T3,-33.8854866027832,151.20814514160156,182.0,30.2,536,8.93,False
2026-09-06T10:52:11+10:00,2609189,2509_333,-33.89448928833008,151.26771545410156,106.0,24.5,-144,-2.4,False
2026-09-06T10:52:11+10:00,2494598,2509_343,-33.911231994628906,151.20614624023438,13.0,1.4,-94,-1.57,False
2026-09-06T10:52:11+10:00,2609363,2509_333,-33.8907470703125,151.24844360351562,278.0,6.8,121,2.02,True
2026-09-06T10:52:11+10:00,2352477,2509_356,-33.92132568359375,151.24302673339844,163.0,31.7,-76,-1.27,False
2026-09-06T10:52:11+10:00,2531656,2509_325,-33.859378814697266,151.27377319335938,253.0,42.8,0,0.0,True
2026-09-06T10:52:11+10:00,2494517,2509_343,-33.92518997192383,151.2264862060547,256.0,47.5,5,0.08,True
2026-09-06T10:52:11+10:00,2357545,2509_374,-33.8840446472168,151.20819091796875,188.0,0.0,615,10.25,False
2026-09-06T10:52:11+10:00,2472422,7054_1T3,-33.896888732910156,151.1985321044922,253.0,0.0,605,10.08,False
2026-09-06T10:52:11+10:00,2356910,2509_339,-33.904762268066406,151.24456787109375,315.0,0.0,255,4.25,True
2026-09-06T10:52:11+10:00,2470807,2509_356,-33.9413948059082,151.23876953125,99.0,7.9,64,1.07,True
2026-09-06T10:52:11+10:00,2674977,2509_309,-33.955604553222656,151.23020935058594,85.0,24.5,-395,-6.58,False
2026-09-06T10:52:11+10:00,2699506,7054_1T3,-33.9029655456543,151.1795196533203,330.0,0.0,-3,-0.05,True
2026-09-06T10:52:11+10:00,2356057,2509_373,-33.908058166503906,151.23394775390625,144.0,0.0,-51,-0.85,True
2026-09-06T10:52:11+10:00,2352738,2509_356,-33.89091491699219,151.24876403808594,276.0,0.0,0,0.0,True
2026-09-06T10:52:11+10:00,2494668,2509_343,-33.897701263427734,151.2064971923828,9.0,39.2,134,2.23,True
2026-09-06T10:52:11+10:00,2494849,2509_343,-33.88603591918945,151.20680236816406,8.0,14.0,161,2.68,True
2026-09-06T10:52:11+10:00,2356940,2509_343,-33.8861198425293,151.20811462402344,169.0,0.0,-46,-0.77,True
2026-09-06T10:52:11+10:00,2472487,7054_1T3,-33.90599822998047,151.18116760253906,156.0,30.6,237,3.95,True
2026-09-06T10:52:11+10:00,2534268,2509_326,-33.88832092285156,151.25794982910156,224.0,40.7,-57,-0.95,True
2026-09-06T10:52:11+10:00,2533481,2509_380,-33.8917236328125,151.25172424316406,54.0,0.0,76,1.27,True
2026-09-06T10:52:11+10:00,2396608,2509_392,-33.928993225097656,151.22909545898438,347.0,0.0,-69,-1.15,False
2026-09-06T10:52:11+10:00,2138255,2509_396,-33.90471649169922,151.22398376464844,358.0,41.4,204,3.4,True
2026-09-06T10:52:11+10:00,2609254,2509_333,-33.891624450683594,151.24681091308594,106.0,23.4,53,0.88,True
2026-09-06T10:52:11+10:00,2346299,2509_390X,-33.9050407409668,151.25393676757812,9.0,21.2,-165,-2.75,False
2026-09-06T10:52:11+10:00,2679251,2509_370,-33.87989807128906,151.18722534179688,148.0,24.1,130,2.17,True
2026-09-06T10:52:11+10:00,2396573,2509_392,-33.95602035522461,151.23020935058594,343.0,0.0,23,0.38,True
2026-09-06T10:52:11+10:00,2609299,2509_333,-33.882667541503906,151.2203369140625,325.0,36.4,-129,-2.15,False
2026-09-06T10:52:11+10:00,2532547,2509_313,-33.91938781738281,151.24826049804688,195.0,0.0,-179,-2.98,False
2026-09-06T10:52:11+10:00,2609406,2509_333,-33.889549255371094,151.28329467773438,216.0,0.0,0,0.0,True
2026-09-06T10:52:11+10:00,2699462,7054_1T3,-33.91604995727539,151.16647338867188,166.0,0.0,125,2.08,True
2026-09-06T10:52:11+10:00,2533828,2509_350,-33.945556640625,151.22616577148438,195.0,27.4,441,7.35,False
2026-09-06T10:52:11+10:00,2628799,2509_304,-33.87791061401367,151.20933532714844,185.0,0.0,-117,-1.95,False
2026-09-06T10:52:11+10:00,2628595,2509_304,-33.88279342651367,151.21453857421875,10.0,2.5,555,9.25,False
2026-09-06T10:52:11+10:00,2533097,2509_380,-33.87327575683594,151.2805633544922,10.0,35.3,57,0.95,True
2026-09-06T10:52:11+10:00,2434579,2509_390X,-33.91349411010742,151.23973083496094,166.0,7.6,-69,-1.15,False
2026-09-06T10:52:11+10:00,2139381,2509_375,-33.94208526611328,151.2621307373047,125.0,36.0,-79,-1.32,False
2026-09-06T10:52:11+10:00,2531254,2509_362,-33.86918258666992,151.2701873779297,42.0,1.8,361,6.02,False
2026-09-06T10:52:11+10:00,2494543,2509_374,-33.89054489135742,151.20941162109375,293.0,0.0,602,10.03,False
2026-09-06T10:52:11+10:00,2551660,2509_379,-33.88210678100586,151.2765350341797,221.0,11.2,14,0.23,True
2026-09-06T10:52:11+10:00,2352662,2509_307,-33.94841384887695,151.20864868164062,96.0,39.6,476,7.93,False
2026-09-06T10:52:11+10:00,2357201,2509_370,-33.901432037353516,151.19264221191406,216.0,0.7,245,4.08,True
2026-09-06T10:52:11+10:00,2356287,2509_370,-33.916019439697266,151.23390197753906,278.0,0.7,39,0.65,True
2026-09-06T10:52:11+10:00,2346355,2509_390X,-33.89411926269531,151.24990844726562,332.0,20.9,-118,-1.97,False
2026-09-06T10:52:11+10:00,2609226,2509_333,-33.8791618347168,151.21510314941406,130.0,34.9,260,4.33,True
2026-09-06T10:52:11+10:00,2609310,2509_333,-33.866146087646484,151.2109375,220.0,23.0,44,0.73,True
2026-09-06T10:52:11+10:00,2139125,2509_396,-33.92987823486328,151.23634338378906,140.0,34.9,131,2.18,True
2026-09-06T10:52:11+10:00,2488386,2509_392,-33.95203399658203,151.23167419433594,185.0,51.1,-278,-4.63,False
2026-09-06T10:52:11+10:00,2139312,2509_396,-33.941104888916016,151.25180053710938,262.0,32.4,195,3.25,True
2026-09-06T10:52:11+10:00,2434937,2509_390X,-33.89548873901367,151.2507781982422,150.0,28.8,176,2.93,True
2026-09-06T10:52:11+10:00,2533054,2509_350,-33.89393615722656,151.24986267089844,334.0,4.3,-126,-2.1,False
2026-09-06T10:52:11+10:00,2532453,2509_350,-33.939456939697266,151.2578125,306.0,35.6,656,10.93,False
2026-09-06T10:52:11+10:00,2533400,2509_352,-33.886329650878906,151.2138671875,9.0,23.0,70,1.17,True
2026-09-06T10:52:11+10:00,2548751,2509_328,-33.891239166259766,151.24972534179688,356.0,8.3,0,0.0,True
2026-09-06T10:52:11+10:00,2357126,2509_311,-33.88022994995117,151.20892333984375,14.0,0.0,103,1.72,True
2026-09-06T10:52:11+10:00,2534110,2509_350,-33.94820785522461,151.2540283203125,286.0,33.8,28,0.47,True
2026-09-06T10:52:11+10:00,2534493,2509_352,-33.908504486083984,151.1720428466797,80.0,0.0,10,0.17,True
2026-09-06T10:52:11+10:00,2140465,2509_306,-33.93027877807617,151.1988983154297,279.0,33.5,177,2.95,True
2026-09-06T10:52:11+10:00,2532969,2509_350,-33.93921661376953,151.25726318359375,304.0,0.0,-41,-0.68,True
2026-09-06T10:52:11+10:00,2400381,2509_309,-33.95708465576172,151.22467041015625,228.0,42.5,-5,-0.08,True
2026-09-06T10:52:11+10:00,2533270,2509_350,-33.933502197265625,151.17857360839844,282.0,25.6,24,0.4,True
2026-09-06T10:52:11+10:00,2136980,2509_396,-33.86227798461914,151.21119689941406,2.0,0.0,0,0.0,True
2026-09-06T10:52:11+10:00,2609361,2509_333,-33.89319610595703,151.25865173339844,280.0,30.2,-15,-0.25,True
2026-09-06T10:52:11+10:00,2679307,2509_370,-33.91081619262695,151.21685791015625,47.0,0.0,-181,-3.02,False
2026-09-06T10:52:11+10:00,2400356,2509_309,-33.921722412109375,151.1962890625,16.0,0.0,-72,-1.2,False
2026-09-06T10:52:11+10:00,2564380,2509_379,-33.89164352416992,151.2519073486328,54.0,0.0,19,0.32,True
2026-09-06T10:52:11+10:00,2357499,2509_370,-33.87958526611328,151.1868896484375,328.0,33.8,133,2.22,True
2026-09-06T10:52:11+10:00,2564033,2509_379,-33.902591705322266,151.25474548339844,341.0,0.0,199,3.32,True
2026-09-06T10:52:11+10:00,2674973,2509_309,-33.94411849975586,151.19618225097656,166.0,9.4,-102,-1.7,False
2026-09-06T10:52:11+10:00,2534144,2509_324,-33.8670768737793,151.2043914794922,356.0,0.0,-401,-6.68,False
2026-09-06T10:52:11+10:00,2533878,2509_325,-33.87691116333008,151.23193359375,279.0,18.7,-108,-1.8,False
2026-09-06T10:52:11+10:00,2609447,2509_333,-33.88938522338867,151.283447265625,214.0,0.0,0,0.0,True
2026-09-06T10:52:11+10:00,2472617,7054_1T3,-33.91006851196289,151.17626953125,253.0,0.0,329,5.48,False
2026-09-06T10:52:11+10:00,2533793,2509_324,-33.8782844543457,151.2405548095703,78.0,40.0,91,1.52,True
2026-09-06T10:52:11+10:00,2346698,7054_13T4,-33.93067932128906,151.15159606933594,17.0,0.0,170,2.83,True
2026-09-06T10:52:11+10:00,2563954,2509_387,-33.87413024902344,151.27308654785156,30.0,11.2,-58,-0.97,True
2026-09-06T10:52:11+10:00,2628594,2509_304,-33.88334274291992,151.21441650390625,195.0,0.0,149,2.48,True
2026-09-06T10:52:11+10:00,2137257,2509_306,-33.92725372314453,151.2061767578125,281.0,0.0,-9,-0.15,True
2026-09-06T10:52:11+10:00,2357315,2509_343,-33.92205810546875,151.20042419433594,114.0,10.8,371,6.18,False
2026-09-06T10:52:11+10:00,2356676,2509_339,-33.91438674926758,151.2664031982422,132.0,16.9,0,0.0,True
2026-09-06T10:52:11+10:00,2403164,2509_311,-33.87986373901367,151.2159881591797,318.0,32.0,-410,-6.83,False
2026-09-06T10:52:11+10:00,2609429,2509_333,-33.88079071044922,151.21725463867188,296.0,0.0,200,3.33,True
2026-09-06T10:52:11+10:00,2137766,2509_396,-33.91465759277344,151.22549438476562,171.0,11.9,-70,-1.17,False
2026-09-06T10:52:11+10:00,2609335,2509_333,-33.891204833984375,151.24769592285156,92.0,0.0,129,2.15,True
2026-09-06T10:52:11+10:00,2533384,2509_313,-33.91953659057617,151.24830627441406,283.0,6.8,0,0.0,True
2026-09-06T10:52:11+10:00,2346332,2509_390X,-33.91674041748047,151.23944091796875,1.0,7.2,-15,-0.25,True
2026-09-06T10:52:11+10:00,2352665,2509_392,-33.8927116394043,151.1991729736328,23.0,0.0,0,0.0,True
2026-09-06T10:52:11+10:00,2357428,2509_370,-33.920780181884766,151.25634765625,281.0,33.1,65,1.08,True
2026-09-06T10:52:11+10:00,2357838,2509_373,-33.921024322509766,151.2470703125,138.0,19.1,-98,-1.63,False
2026-09-06T10:52:11+10:00,2551854,2509_379,-33.88792419433594,151.26260375976562,270.0,28.4,-10,-0.17,True
2026-09-06T10:52:11+10:00,2532786,2509_386,-33.88484191894531,151.26805114746094,214.0,0.0,66,1.1,True
2026-09-06T10:52:11+10:00,2352637,2509_307,-33.94800567626953,151.2050323486328,285.0,22.3,-53,-0.88,True
2026-09-06T10:52:11+10:00,2352628,2509_392,-33.917850494384766,151.2264404296875,171.0,0.0,77,1.28,True
2026-09-06T10:52:11+10:00,2609209,2509_333,-33.89113998413086,151.27426147460938,223.0,0.0,46,0.77,True
2026-09-06T10:52:11+10:00,2139085,2509_306,-33.9093017578125,151.20262145996094,195.0,34.9,53,0.88,True
2026-09-06T10:52:11+10:00,2609313,2509_333,-33.86250305175781,151.211181640625,5.0,0.0,7,0.12,True
2026-09-06T10:52:11+10:00,2609360,2509_333,-33.88966369628906,151.2416534423828,82.0,0.0,-97,-1.62,False
2026-09-06T10:52:11+10:00,2533125,2509_350,-33.94678497314453,151.24813842773438,113.0,49.3,-164,-2.73,False
2026-09-06T10:52:11+10:00,2398251,2509_392,-33.896827697753906,151.2014617919922,266.0,0.0,64,1.07,True
2026-09-06T10:52:11+10:00,2534000,2509_355,-33.90277099609375,151.1957244873047,311.0,20.5,490,8.17,False
2026-09-06T10:52:11+10:00,2139397,2509_396,-33.880157470703125,151.21630859375,134.0,31.7,121,2.02,True
2026-09-06T10:52:11+10:00,2609286,2509_333,-33.88888931274414,151.27679443359375,73.0,30.6,126,2.1,True
2026-09-06T10:52:11+10:00,2609251,2509_333,-33.88115692138672,151.21800231933594,300.0,16.6,650,10.83,False
2026-09-06T10:52:11+10:00,2531664,2509_355,-33.901519775390625,151.1918182373047,123.0,0.0,50,0.83,True
2026-09-06T10:52:11+10:00,2396607,2509_392,-33.90391540527344,151.21446228027344,282.0,0.0,-241,-4.02,False
2026-09-06T10:52:11+10:00,2533296,2509_352,-33.89132308959961,151.21275329589844,189.0,0.0,-96,-1.6,False
2026-09-06T10:52:11+10:00,2628780,2509_304,-33.904052734375,151.2124786376953,4.0,24.5,88,1.47,True
2026-09-06T10:52:11+10:00,2357821,2509_370,-33.91041946411133,151.2039337158203,279.0,28.1,63,1.05,True
2026-09-06T10:52:11+10:00,2532966,2509_362,-33.90049362182617,151.26364135742188,280.0,42.5,-126,-2.1,False
2026-09-06T10:52:11+10:00,2138010,2509_396,-33.943443298339844,151.25611877441406,138.0,35.3,11,0.18,True
2026-09-06T10:52:11+10:00,2357241,2509_373,-33.877197265625,151.21275329589844,132.0,31.3,64,1.07,True
2026-09-06T10:52:11+10:00,2139735,2509_306,-33.89384841918945,151.1986846923828,13.0,0.0,0,0.0,True
2026-09-06T10:52:11+10:00,2352384,2509_392,-33.89616394042969,151.19912719726562,156.0,0.0,50,0.83,True
2026-09-06T10:52:11+10:00,2531180,2509_325,-33.87535095214844,151.22190856933594,117.0,0.0,27,0.45,True
2026-09-06T10:52:11+10:00,2679364,2509_370,-33.91499710083008,151.2271270751953,100.0,34.2,127,2.12,True
2026-09-06T10:52:11+10:00,2703264,700003_11M,-33.794654846191406,151.18035888671875,157.0,0.0,,,
2026-09-06T10:52:11+10:00,2703413,700003_11M,-33.79412078857422,151.15191650390625,204.0,46.8,-24,-0.4,True
2026-09-06T10:52:11+10:00,2719159,2514_565,-33.7966194152832,151.18026733398438,1.0,0.0,0,0.0,True
2026-09-06T10:52:11+10:00,2708272,2504_607X,-33.813594818115234,151.18701171875,96.0,80.6,256,4.27,True
2026-09-06T10:52:11+10:00,2719470,7070_10M,-33.79467010498047,151.18040466308594,170.0,1.8,0,0.0,True
2026-09-06T10:52:11+10:00,2719138,2514_270,-33.78981399536133,151.20733642578125,163.0,51.8,15,0.25,True
2026-09-06T10:52:11+10:00,2719324,2514_281,-33.795833587646484,151.18191528320312,71.0,24.1,268,4.47,True
2026-09-06T10:52:11+10:00,2707088,2504_607X,-33.84581756591797,151.21206665039062,342.0,61.9,76,1.27,True
2026-09-06T10:52:11+10:00,2719025,2514_270,-33.780941009521484,151.1959228515625,314.0,15.8,30,0.5,True
2026-09-06T10:52:11+10:00,2705758,2504_610X,-33.87278366088867,151.2062225341797,267.0,24.5,36,0.6,True
2026-09-06T10:52:11+10:00,2714532,7057_26T4,-33.891517639160156,151.21307373046875,279.0,5.0,-774,-12.9,False
2026-09-06T10:52:11+10:00,2708765,2504_610X,-33.81436538696289,151.19972229003906,331.0,85.0,193,3.22,True
2026-09-06T10:52:11+10:00,2718882,2514_194,-33.801780700683594,151.21131896972656,347.0,30.2,362,6.03,False
2026-09-06T10:52:11+10:00,2719365,2514_281,-33.79197311401367,151.19711303710938,250.0,27.7,-302,-5.03,False
2026-09-06T10:52:11+10:00,2718727,7070_10M,-33.795310974121094,151.180419921875,179.0,0.0,0,0.0,True
2026-09-06T10:52:11+10:00,2719448,2514_271,-33.85869216918945,151.2066192626953,28.0,49.3,103,1.72,True
2026-09-06T10:52:11+10:00,2719051,2514_270,-33.87278366088867,151.2062530517578,272.0,17.3,0,0.0,True
2026-09-06T10:52:11+10:00,2719162,2514_283,-33.79634094238281,151.1807403564453,186.0,0.0,0,0.0,True
2026-09-06T10:52:11+10:00,2719277,2514_194,-33.87234878540039,151.20648193359375,173.0,5.0,0,0.0,True
2026-09-06T10:52:11+10:00,2721899,7069_11M,-33.79689025878906,151.16827392578125,106.0,31.3,-180,-3.0,False
2026-09-06T10:52:11+10:00,2714498,7057_26T4,-33.89004898071289,151.21754455566406,190.0,21.6,125,2.08,True
2026-09-06T10:52:11+10:00,2591176,7066_28T4,-33.898311614990234,151.2063751220703,183.0,27.7,306,5.1,False
2026-09-06T10:52:11+10:00,2390258,7084_24T3,-33.88239288330078,151.20718383789062,319.0,10.8,-319,-5.32,False
2026-09-06T10:52:11+10:00,2390378,7084_24T3,-33.90070724487305,151.13221740722656,217.0,42.5,-713,-11.88,False
2026-09-06T10:52:11+10:00,2669566,7084_24T3,-33.88477325439453,151.18650817871094,82.0,53.6,-978,-16.3,False
2026-09-06T10:52:11+10:00,2591060,7066_28T4,-33.937381744384766,151.14906311035156,31.0,10.1,285,4.75,True
2026-09-06T10:52:11+10:00,2591216,7066_28T4,-33.889774322509766,151.2058868408203,9.0,37.1,8,0.13,True
2026-09-06T10:52:11+10:00,2669550,7084_24T3,-33.90927505493164,151.1234130859375,51.0,63.4,-563,-9.38,False
2026-09-06T10:52:11+10:00,2390337,7084_24T3,-33.8801155090332,151.2079315185547,88.0,0.0,-2719,-45.32,False
2026-09-06T10:52:11+10:00,2591062,7066_28T4,-33.90182113647461,151.19960021972656,72.0,0.0,0,0.0,True
2026-09-06T10:52:11+10:00,2390341,7084_24T3,-33.883968353271484,151.20828247070312,1.0,0.0,2149,35.82,False
2026-09-06T10:52:11+10:00,2591070,7066_28T4,-33.90083694458008,151.20391845703125,254.0,45.7,0,0.0,True
2026-09-06T10:52:11+10:00,2390345,7084_24T3,-33.888973236083984,151.1533966064453,264.0,48.2,-435,-7.25,False
2026-09-06T10:52:11+10:00,2669686,7084_24T3,-33.88825988769531,151.157470703125,72.0,0.0,-1132,-18.87,False
2026-09-06T10:52:11+10:00,2591259,7066_28T4,-33.9387321472168,151.14804077148438,213.0,0.0,-67,-1.12,False
2026-09-06T10:52:11+10:00,2591315,7066_28T4,-33.882076263427734,151.20677185058594,124.0,0.0,0,0.0,True
2026-09-06T10:52:11+10:00,2717385,700015_3AT4,-33.88745880126953,151.2064971923828,7.0,0.0,2523,42.05,False
2026-09-06T10:52:11+10:00,2717622,700015_3AT4,-33.88603210449219,151.21812438964844,187.0,0.0,-328,-5.47,False
2026-09-06T10:52:11+10:00,2717398,700015_3AT4,-33.8828010559082,151.2080535888672,306.0,1.1,-1668,-27.8,False
2026-09-06T10:52:11+10:00,2717604,700015_3AT4,-33.90095520019531,151.215087890625,190.0,38.9,133,2.22,True
2026-09-06T10:52:11+10:00,2717422,700015_3AT4,-33.888031005859375,151.20635986328125,9.0,1.4,2715,45.25,False
2026-09-06T10:52:11+10:00,2717344,700015_3AT4,-33.94587707519531,151.18267822265625,255.0,67.7,-448,-7.47,False
2026-09-06T10:52:11+10:00,2717344_2,700015_3AT4,-33.941158294677734,151.1568145751953,314.0,68.4,-746,-12.43,False
2026-09-06T10:52:11+10:00,2724763,700002_36SC,-33.88054275512695,151.20889282226562,115.0,0.0,-1232,-20.53,False
2026-09-06T10:52:11+10:00,2715350,7080_12M,-33.79612350463867,151.18051147460938,177.0,0.0,0,0.0,True
