timestamp,trip_id,route_id,lat,lon,bearing,speed_kmh,delay_sec,delay_min,on_time
2026-10-09T01:43:39+11:00,2710798,2504_N60,-33.87844467163086,151.21095275878906,229.0,0.0,3,0.05,True
2026-10-09T01:43:39+11:00,2708335,2504_N60,-33.88470458984375,151.191650390625,83.0,36.0,418,6.97,False
2026-10-09T01:43:39+11:00,2087735,2508_BN1,-33.82441329956055,151.23687744140625,270.0,47.2,-19,-0.32,True
2026-10-09T01:43:39+11:00,2704451,2504_N71,-33.88792037963867,151.15931701660156,257.0,24.1,-32,-0.53,True
2026-10-09T01:43:39+11:00,2675713,2503_N30,-33.89900588989258,151.16961669921875,115.0,44.3,343,5.72,False
2026-10-09T01:43:39+11:00,2682638,2503_N40,-33.896156311035156,151.16197204589844,83.0,48.2,110,1.83,True
2026-10-09T01:43:39+11:00,2675707,2503_N30,-33.88129806518555,151.20620727539062,224.0,10.1,567,9.45,False
2026-10-09T01:43:39+11:00,2704579,2504_N61,-33.88818359375,151.15841674804688,257.0,47.9,-85,-1.42,False
2026-10-09T01:43:39+11:00,2708735,2504_N50,-33.884246826171875,151.20164489746094,253.0,38.2,128,2.13,True
2026-10-09T01:43:39+11:00,2707240,2504_N50,-33.89400863647461,151.15721130371094,102.0,11.2,77,1.28,True
2026-10-09T01:43:39+11:00,2087714,2508_BN1,-33.866050720214844,151.20635986328125,7.0,0.0,-50,-0.83,True
2026-10-09T01:43:39+11:00,2682731,2503_N40,-33.87828826904297,151.211181640625,225.0,9.0,75,1.25,True
2026-10-09T01:43:39+11:00,2709404,2504_N92,-33.871299743652344,151.20556640625,354.0,0.0,41,0.68,True
2026-10-09T01:43:39+11:00,2376502,2508_144,-33.830322265625,151.2191925048828,117.0,15.1,104,1.73,True
2026-10-09T01:43:39+11:00,2685965,2459_423,-33.921424865722656,151.14344787597656,218.0,30.2,-66,-1.1,False
2026-10-09T01:43:39+11:00,2285832,2459_423,-33.89302444458008,151.18435668945312,73.0,32.8,-28,-0.47,True
2026-10-09T01:43:39+11:00,2710215,7057_92T9,-33.78842544555664,151.17962646484375,328.0,52.6,-196,-3.27,False
2026-10-09T01:43:39+11:00,2368380,2510_N11,-33.885257720947266,151.20274353027344,149.0,0.0,344,5.73,False
2026-10-09T01:43:39+11:00,2657423,2510_N20,-33.884925842285156,151.2030792236328,16.0,0.0,-204,-3.4,False
2026-10-09T01:43:39+11:00,2283804,2459_442,-33.86613082885742,151.1762237548828,59.0,31.3,-7,-0.12,True
2026-10-09T01:43:39+11:00,2368390,2510_N10,-33.87168884277344,151.2064208984375,174.0,0.0,0,0.0,True
2026-10-09T01:43:39+11:00,2718134,2454_N70,-33.884098052978516,151.13473510742188,140.0,43.9,304,5.07,False
2026-10-09T01:43:39+11:00,2407842,2507_N90,-33.87104797363281,151.20562744140625,357.0,0.0,-27,-0.45,True
2026-10-09T01:43:39+11:00,2426898,2507_N81,-33.8830451965332,151.13307189941406,326.0,59.8,77,1.28,True
2026-10-09T01:43:39+11:00,2407070,2507_N90,-33.82331848144531,151.1938934326172,159.0,14.0,-37,-0.62,True
2026-10-09T01:43:39+11:00,2533687,2509_333,-33.86538314819336,151.21141052246094,23.0,24.1,227,3.78,True
2026-10-09T01:43:39+11:00,2531158,2509_333,-33.89285659790039,151.25515747070312,266.0,17.3,160,2.67,True
2026-10-09T01:43:39+11:00,2533012,2509_350,-33.91194152832031,151.25689697265625,101.0,39.6,155,2.58,True
2026-10-09T01:43:39+11:00,2137654,2509_392N,-33.87683868408203,151.209716796875,272.0,0.0,-181,-3.02,False
2026-10-09T01:43:39+11:00,2532418,2509_324,-33.843692779541016,151.28399658203125,6.0,0.0,0,0.0,True
2026-10-09T01:43:39+11:00,2357535,2509_343,-33.88980484008789,151.20782470703125,179.0,0.0,247,4.12,True
2026-10-09T01:43:39+11:00,2534504,2509_333,-33.88597869873047,151.22885131835938,134.0,40.3,-34,-0.57,True
2026-10-09T01:43:39+11:00,2534335,2509_350,-33.92557144165039,151.19532775878906,100.0,0.0,10,0.17,True
2026-10-09T01:43:39+11:00,2628688,2509_304,-33.89639663696289,151.21165466308594,8.0,18.7,35,0.58,True
2026-10-09T01:43:39+11:00,2346382,2509_390X,-33.89360046386719,151.24952697753906,350.0,28.1,-319,-5.32,False
2026-10-09T07:13:13+11:00,2554168,2459_358,-33.921024322509766,151.1928253173828,279.0,30.6,128,2.13,True
2026-10-09T07:13:13+11:00,2211943,2459_464,-33.842437744140625,151.1078338623047,164.0,0.0,154,2.57,True
2026-10-09T07:13:13+11:00,2038075,2459_440,-33.864097595214844,151.16958618164062,54.0,0.0,0,0.0,True
2026-10-09T07:13:13+11:00,2706178,2504_652X,-33.80707550048828,151.154296875,130.0,66.2,-331,-5.52,False
2026-10-09T07:13:13+11:00,2286118,2459_303,-33.91933059692383,151.21998596191406,10.0,36.0,-169,-2.82,False
2026-10-09T07:13:13+11:00,2596450,2459_490,-33.86343765258789,151.14443969726562,166.0,30.6,87,1.45,True
2026-10-09T07:13:13+11:00,2421384,2508_154X,-33.79435729980469,151.25343322753906,192.0,74.2,-143,-2.38,False
2026-10-09T07:13:13+11:00,2290754,2459_348,-33.90678405761719,151.1824188232422,85.0,0.0,-244,-4.07,False
2026-10-09T07:13:13+11:00,2710666,2504_610X,-33.810874938964844,151.1646270751953,284.0,80.3,75,1.25,True
2026-10-09T07:13:13+11:00,2289364,2459_437,-33.86920166015625,151.1300811767578,253.0,0.0,0,0.0,True
2026-10-09T07:13:13+11:00,2705897,2504_642X,-33.85171890258789,151.21109008789062,208.0,61.2,-601,-10.02,False
2026-10-09T07:13:13+11:00,2283975,2459_423,-33.90191650390625,151.16952514648438,25.0,15.1,-121,-2.02,False
2026-10-09T07:13:13+11:00,2290563,2459_461X,-33.87152099609375,151.2164306640625,41.0,0.0,0,0.0,True
2026-10-09T07:13:13+11:00,2376319,2508_173X,-33.81245422363281,151.24485778808594,183.0,33.8,-319,-5.32,False
2026-10-09T07:13:13+11:00,2421256,2508_150X,-33.804866790771484,151.246337890625,168.0,43.9,155,2.58,True
2026-10-09T07:13:13+11:00,2428473,2508_B1,-33.80910110473633,151.24588012695312,37.0,29.2,-97,-1.62,False
2026-10-09T07:13:13+11:00,2636163,2459_504,-33.8564567565918,151.1463623046875,232.0,38.2,-298,-4.97,False
2026-10-09T07:13:13+11:00,2208231,2459_464,-33.86912155151367,151.10536193847656,189.0,25.6,-157,-2.62,False
2026-10-09T07:13:13+11:00,2700047,2508_177X,-33.824703216552734,151.2349090576172,243.0,34.9,-231,-3.85,False
2026-10-09T07:13:13+11:00,2375979,2508_100,-33.82646942138672,151.23251342773438,221.0,28.8,342,5.7,False
2026-10-09T07:13:13+11:00,2725783,7083_SW1,-33.911258697509766,151.15562438964844,219.0,16.2,-4,-0.07,True
2026-10-09T07:13:13+11:00,2287026,2459_461X,-33.88254165649414,151.20848083496094,188.0,2.2,-96,-1.6,False
2026-10-09T07:13:13+11:00,2613518,7084_SW2,-33.904876708984375,151.12921142578125,94.0,37.4,-220,-3.67,False
2026-10-09T07:13:13+11:00,2285024,2459_433,-33.88399124145508,151.19224548339844,313.0,20.5,15,0.25,True
2026-10-09T07:13:13+11:00,2284208,2459_348,-33.903812408447266,151.2137908935547,100.0,0.0,259,4.32,True
2026-10-09T07:13:13+11:00,2736599,2459_428,-33.899513244628906,151.15362548828125,287.0,15.5,-112,-1.87,False
2026-10-09T07:13:13+11:00,2636064,2459_504,-33.85551071166992,151.15875244140625,142.0,24.1,-43,-0.72,True
2026-10-09T07:13:13+11:00,2475179,2459_389,-33.87477493286133,151.21429443359375,190.0,24.5,318,5.3,False
2026-10-09T07:13:13+11:00,2424395,2508_230,-33.85037612915039,151.21180725097656,293.0,0.0,0,0.0,True
2026-10-09T07:13:13+11:00,2287742,2459_437,-33.870582580566406,151.14178466796875,138.0,0.0,60,1.0,True
2026-10-09T07:13:13+11:00,2553989,2459_358,-33.924068450927734,151.18524169921875,102.0,10.4,-15,-0.25,True
2026-10-09T07:13:13+11:00,2514696,2459_410,-33.86956787109375,151.1052703857422,188.0,0.0,-147,-2.45,False
2026-10-09T07:13:13+11:00,2208481,2459_440,-33.87347412109375,151.1553955078125,289.0,0.0,-281,-4.68,False
2026-10-09T07:13:13+11:00,2736890,2459_308,-33.88042068481445,151.20867919921875,284.0,24.5,-3,-0.05,True
2026-10-09T07:13:13+11:00,2373955,2508_249,-33.866859436035156,151.20628356933594,7.0,0.0,0,0.0,True
2026-10-09T07:13:13+11:00,2374232,2508_165X,-33.798038482666016,151.25238037109375,198.0,41.0,-275,-4.58,False
2026-10-09T07:13:13+11:00,2208419,2459_440,-33.888301849365234,151.16378784179688,265.0,45.4,-353,-5.88,False
2026-10-09T07:13:13+11:00,2308974,2459_445,-33.88756561279297,151.157470703125,352.0,0.0,-217,-3.62,False
2026-10-09T07:13:13+11:00,2209477,2459_415,-33.874427795410156,151.10426330566406,10.0,0.0,563,9.38,False
2026-10-09T07:13:13+11:00,2706115,2504_622,-33.8123779296875,151.17135620117188,86.0,0.0,-29,-0.48,True
2026-10-09T07:13:13+11:00,2567058,2508_144,-33.79507064819336,151.26913452148438,271.0,30.6,-47,-0.78,True
2026-10-09T07:13:13+11:00,2283966,2459_442,-33.86677169799805,151.175537109375,203.0,5.4,-85,-1.42,False
2026-10-09T07:13:13+11:00,2708481,2504_610X,-33.86465072631836,151.2047882080078,354.0,0.0,-55,-0.92,True
2026-10-09T07:13:13+11:00,2285086,2459_530,-33.81452941894531,151.16835021972656,93.0,0.0,-149,-2.48,False
2026-10-09T07:13:13+11:00,2376283,2508_199,-33.80707931518555,151.2467498779297,353.0,16.2,0,0.0,True
2026-10-09T07:13:13+11:00,2286113,2459_441,-33.85043716430664,151.18299865722656,49.0,23.0,0,0.0,True
2026-10-09T07:13:13+11:00,2424361,2508_230,-33.82959747314453,151.2139129638672,100.0,36.0,28,0.47,True
2026-10-09T07:13:13+11:00,1959741,2459_412,-33.883506774902344,151.20335388183594,225.0,0.0,14,0.23,True
2026-10-09T07:13:13+11:00,2428410,2508_B1,-33.8651123046875,151.20521545410156,266.0,12.6,39,0.65,True
2026-10-09T07:13:13+11:00,2714708,2508_114,-33.827362060546875,151.2504119873047,228.0,20.2,120,2.0,True
2026-10-09T07:13:13+11:00,2285482,2459_461X,-33.87141036987305,151.216552734375,41.0,0.0,0,0.0,True
2026-10-09T07:13:13+11:00,2714681,2508_114,-33.864131927490234,151.2047119140625,342.0,0.0,0,0.0,True
2026-10-09T07:13:13+11:00,1963945,2459_412,-33.86500549316406,151.20980834960938,226.0,0.0,0,0.0,True
2026-10-09T07:13:13+11:00,2567028,2508_144,-33.81880569458008,151.18324279785156,321.0,23.4,8,0.13,True
2026-10-09T07:13:13+11:00,1973364,2508_162,-33.86471176147461,151.20480346679688,355.0,26.6,0,0.0,True
2026-10-09T07:13:13+11:00,2288392,2459_438X,-33.882137298583984,151.20445251464844,196.0,28.1,99,1.65,True
2026-10-09T07:13:13+11:00,2038760,2459_470,-33.885154724121094,151.17617797851562,164.0,4.7,-164,-2.73,False
2026-10-09T07:13:13+11:00,2706588,2504_607X,-33.840179443359375,151.21083068847656,184.0,56.5,-386,-6.43,False
2026-10-09T07:13:13+11:00,2373620,2508_172X,-33.866668701171875,151.206298828125,8.0,0.0,0,0.0,True
2026-10-09T07:13:13+11:00,2567039,2508_144,-33.81404113769531,151.2439422607422,191.0,40.7,36,0.6,True
2026-10-09T07:13:13+11:00,2704256,2504_620X,-33.872947692871094,151.2024383544922,194.0,41.4,-443,-7.38,False
2026-10-09T07:13:13+11:00,2287969,2459_442,-33.860023498535156,151.17730712890625,8.0,35.3,-228,-3.8,False
2026-10-09T07:13:13+11:00,1961920,2459_413,-33.898094177246094,151.11004638671875,96.0,33.1,-56,-0.93,True
2026-10-09T07:13:13+11:00,2567060,2508_144,-33.7965202331543,151.17955017089844,70.0,34.6,-112,-1.87,False
2026-10-09T07:13:13+11:00,2660149,2459_320,-33.90800476074219,151.20477294921875,146.0,11.9,-84,-1.4,False
2026-10-09T07:13:13+11:00,2484456,2459_483,-33.88862228393555,151.11843872070312,269.0,0.0,-26,-0.43,True
2026-10-09T07:13:13+11:00,2037868,2459_438X,-33.88446807861328,151.1422119140625,91.0,19.1,-41,-0.68,True
2026-10-09T07:13:13+11:00,2720567,2514_279,-33.78645706176758,151.1824188232422,250.0,35.6,-234,-3.9,False
2026-10-09T07:13:13+11:00,2705232,2504_607X,-33.816104888916016,151.2007293701172,331.0,79.2,0,0.0,True
2026-10-09T07:13:13+11:00,2720450,2514_283,-33.79248046875,151.1957550048828,249.0,1.1,-590,-9.83,False
2026-10-09T07:13:13+11:00,2376808,2508_100,-33.82889938354492,151.2286834716797,239.0,25.2,3,0.05,True
2026-10-09T07:13:13+11:00,2720747,2514_277,-33.796051025390625,151.18080139160156,188.0,0.0,0,0.0,True
2026-10-09T07:13:13+11:00,2376178,2508_171X,-33.80443572998047,151.2566375732422,6.0,0.0,137,2.28,True
2026-10-09T07:13:13+11:00,2428424,2508_B1,-33.82862091064453,151.22886657714844,60.0,13.3,-76,-1.27,False
2026-10-09T07:13:13+11:00,2288882,2459_437,-33.869384765625,151.2036895751953,173.0,29.9,-59,-0.98,True
2026-10-09T07:13:13+11:00,2374994,2508_144,-33.8642463684082,151.20472717285156,347.0,0.0,0,0.0,True
2026-10-09T07:13:13+11:00,2570117,7083_SW1,-33.91264724731445,151.14076232910156,136.0,13.0,-58,-0.97,True
2026-10-09T07:13:13+11:00,2208611,2459_464,-33.84144973754883,151.1074676513672,345.0,29.9,-281,-4.68,False
2026-10-09T07:13:13+11:00,2208260,2459_464,-33.861671447753906,151.106201171875,299.0,0.0,-152,-2.53,False
2026-10-09T07:13:13+11:00,2290399,2459_461X,-33.880802154541016,151.13241577148438,150.0,0.0,-44,-0.73,True
2026-10-09T07:13:13+11:00,2719904,2514_274,-33.78403091430664,151.1997528076172,127.0,47.5,-212,-3.53,False
2026-10-09T07:13:13+11:00,2290143,2459_348,-33.90401077270508,151.2145233154297,278.0,9.0,-132,-2.2,False
2026-10-09T07:13:13+11:00,2208674,2459_464,-33.88804626464844,151.12625122070312,115.0,0.0,0,0.0,True
2026-10-09T07:13:13+11:00,2375147,2508_180X,-33.823516845703125,151.24258422851562,234.0,27.7,65,1.08,True
2026-10-09T07:13:13+11:00,2383261,2508_170X,-33.81061935424805,151.24478149414062,219.0,36.0,-106,-1.77,False
2026-10-09T07:13:13+11:00,2626871,2508_166,-33.788028717041016,151.20220947265625,316.0,62.6,0,0.0,True
2026-10-09T07:13:13+11:00,2285848,2459_412,-33.89112854003906,151.17845153808594,67.0,19.4,-176,-2.93,False
2026-10-09T07:13:13+11:00,2283749,2459_389,-33.871185302734375,151.20555114746094,357.0,13.3,-118,-1.97,False
2026-10-09T07:13:13+11:00,2284904,2459_431,-33.877052307128906,151.20944213867188,6.0,0.0,-168,-2.8,False
2026-10-09T07:13:13+11:00,2421337,2508_154X,-33.7988166809082,151.2518768310547,224.0,36.0,285,4.75,True
2026-10-09T07:13:13+11:00,2310046,7083_SW3,-33.91213607788086,151.1190185546875,51.0,15.5,158,2.63,True
2026-10-09T07:13:13+11:00,2710748,2504_616X,-33.85063171386719,151.2117919921875,208.0,62.3,-158,-2.63,False
2026-10-09T07:13:13+11:00,2374493,2508_246,-33.82234573364258,151.2505645751953,347.0,31.0,0,0.0,True
2026-10-09T07:13:13+11:00,2720783,2514_270,-33.86549377441406,151.20567321777344,175.0,0.0,-392,-6.53,False
2026-10-09T07:13:13+11:00,2596398,2459_491,-33.88790512084961,151.12551879882812,116.0,0.0,199,3.32,True
2026-10-09T07:13:13+11:00,2038074,2459_440,-33.871456146240234,151.1602325439453,249.0,0.0,-173,-2.88,False
2026-10-09T07:13:13+11:00,2725847,7083_SW1,-33.90813446044922,151.12973022460938,311.0,40.7,-153,-2.55,False
2026-10-09T07:13:13+11:00,2308979,2459_445,-33.85778045654297,151.1721954345703,15.0,27.4,-517,-8.62,False
2026-10-09T07:13:13+11:00,2037102,2459_440,-33.883338928222656,151.2034912109375,44.0,0.0,323,5.38,False
2026-10-09T07:13:13+11:00,2287919,2459_423,-33.91096115112305,151.1560516357422,40.0,15.8,-94,-1.57,False
2026-10-09T07:13:13+11:00,1958886,2459_413,-33.88471221923828,151.19090270996094,89.0,24.1,-416,-6.93,False
2026-10-09T07:13:13+11:00,2376730,2508_243,-33.82182312011719,151.2350311279297,8.0,19.4,0,0.0,True
2026-10-09T07:13:13+11:00,2721135,2514_565,-33.786949157714844,151.17884826660156,158.0,29.9,92,1.53,True
2026-10-09T07:13:13+11:00,2428518,2508_B1,-33.8662109375,151.2063446044922,6.0,0.0,0,0.0,True
2026-10-09T07:13:13+11:00,2596166,2459_491,-33.87008285522461,151.13070678710938,75.0,20.9,-266,-4.43,False
2026-10-09T07:13:13+11:00,2285234,2459_412,-33.91297149658203,151.1470184326172,39.0,35.3,0,0.0,True
2026-10-09T07:13:13+11:00,2474559,2508_263,-33.83506393432617,151.21556091308594,186.0,11.9,-19,-0.32,True
2026-10-09T07:13:13+11:00,2287942,2459_428,-33.89887619018555,151.1536407470703,184.0,30.6,3,0.05,True
2026-10-09T07:13:13+11:00,2374066,2508_168X,-33.816978454589844,151.2434844970703,158.0,0.0,-173,-2.88,False
2026-10-09T07:13:13+11:00,2349322,2459_418,-33.893917083740234,151.12779235839844,185.0,0.0,-106,-1.77,False
2026-10-09T07:13:13+11:00,2038754,2459_440,-33.884334564208984,151.1972198486328,89.0,41.4,-141,-2.35,False
2026-10-09T07:13:13+11:00,2374850,2508_172X,-33.8306770324707,151.2142791748047,194.0,29.5,-475,-7.92,False
2026-10-09T07:13:13+11:00,2037762,2459_440,-33.88800811767578,151.15762329101562,173.0,0.0,-181,-3.02,False
2026-10-09T07:13:13+11:00,2037309,2459_440,-33.87709426879883,151.2120361328125,24.0,0.0,495,8.25,False
2026-10-09T07:13:13+11:00,2375854,2508_144,-33.811866760253906,151.24423217773438,302.0,32.8,143,2.38,True
2026-10-09T07:13:13+11:00,2554081,2459_358,-33.923282623291016,151.23997497558594,190.0,38.9,-334,-5.57,False
2026-10-09T07:13:13+11:00,2705341,2504_610X,-33.87032699584961,151.20620727539062,174.0,0.0,0,0.0,True
2026-10-09T07:13:13+11:00,2736707,2459_428,-33.878116607666016,151.20758056640625,275.0,7.9,94,1.57,True
2026-10-09T07:13:13+11:00,2514904,2459_502,-33.857295989990234,151.16041564941406,140.0,37.4,-236,-3.93,False
2026-10-09T07:13:13+11:00,2290177,2459_423,-33.924774169921875,151.1349639892578,22.0,27.4,87,1.45,True
2026-10-09T07:13:13+11:00,2288022,2459_389,-33.878326416015625,151.2172088623047,9.0,24.1,-334,-5.57,False
2026-10-09T07:13:13+11:00,2721167,2514_277,-33.787376403808594,151.21316528320312,83.0,27.0,94,1.57,True
2026-10-09T07:13:13+11:00,2567035,2508_144,-33.82448959350586,151.23553466796875,258.0,33.8,320,5.33,False
2026-10-09T07:13:13+11:00,2668022,2459_420,-33.924537658691406,151.18826293945312,277.0,0.0,0,0.0,True
2026-10-09T07:13:13+11:00,2037734,2459_438X,-33.86141586303711,151.13072204589844,190.0,20.9,-95,-1.58,False
2026-10-09T07:13:13+11:00,2290234,2459_438X,-33.873783111572266,151.2098388671875,6.0,10.8,-334,-5.57,False
2026-10-09T07:13:13+11:00,2377618,2508_B1,-33.86311340332031,151.2052459716797,173.0,0.0,-449,-7.48,False
2026-10-09T07:13:13+11:00,2554402,2459_358,-33.91539764404297,151.1662139892578,170.0,0.0,0,0.0,True
2026-10-09T07:13:13+11:00,2714612,2508_114,-33.83161926269531,151.22259521484375,269.0,5.8,-13,-0.22,True
2026-10-09T07:13:13+11:00,2285172,2459_426,-33.87746810913086,151.2093963623047,7.0,0.0,556,9.27,False
2026-10-09T07:13:13+11:00,2720062,2514_277,-33.79627227783203,151.18087768554688,194.0,0.0,0,0.0,True
2026-10-09T07:13:13+11:00,2208525,2459_413,-33.88071060180664,151.2067108154297,206.0,0.0,0,0.0,True
2026-10-09T07:13:13+11:00,2375592,2508_100,-33.84173583984375,151.24356079101562,36.0,1.8,10,0.17,True
2026-10-09T07:13:13+11:00,1960124,2459_480,-33.88745880126953,151.17210388183594,84.0,40.0,-258,-4.3,False
2026-10-09T07:13:13+11:00,2514930,2459_410,-33.876312255859375,151.10379028320312,8.0,0.7,-44,-0.73,True
2026-10-09T07:13:13+11:00,1961843,2459_412,-33.91228485107422,151.14175415039062,49.0,38.5,-101,-1.68,False
2026-10-09T07:13:13+11:00,2613596,7084_SW2,-33.90510940551758,151.1376495361328,65.0,29.9,49,0.82,True
2026-10-09T07:13:13+11:00,2668025,2459_420,-33.92611312866211,151.1766357421875,89.0,54.0,-468,-7.8,False
2026-10-09T07:13:13+11:00,2438450,7084_SW2,-33.904945373535156,151.13055419921875,272.0,42.5,-130,-2.17,False
2026-10-09T07:13:13+11:00,2685915,2459_423,-33.89591979980469,151.1809539794922,228.0,29.9,-174,-2.9,False
2026-10-09T07:13:13+11:00,2428343,2508_B1,-33.80240249633789,151.2461700439453,6.0,50.8,209,3.48,True
2026-10-09T07:13:13+11:00,2660442,2459_320,-33.88298416137695,151.20419311523438,23.0,29.2,-37,-0.62,True
2026-10-09T07:13:13+11:00,2283115,2459_389,-33.89143371582031,151.24916076660156,96.0,0.0,112,1.87,True
2026-10-09T07:13:13+11:00,2484393,2459_483,-33.88437271118164,151.19705200195312,268.0,41.4,73,1.22,True
2026-10-09T07:13:13+11:00,2286931,2459_437,-33.88063049316406,151.15670776367188,354.0,35.3,-57,-0.95,True
2026-10-09T07:13:13+11:00,2706315,2504_607X,-33.86989212036133,151.20616149902344,169.0,0.0,0,0.0,True
2026-10-09T07:13:13+11:00,2375580,2508_243,-33.82449722290039,151.2406768798828,94.0,0.0,165,2.75,True
2026-10-09T07:13:13+11:00,2706068,2504_607X,-33.86972427368164,151.20614624023438,173.0,0.0,0,0.0,True
2026-10-09T07:13:13+11:00,2515122,2459_504,-33.856014251708984,151.1593017578125,142.0,8.6,-357,-5.95,False
2026-10-09T07:13:13+11:00,2208477,2459_406,-33.867069244384766,151.14137268066406,165.0,36.4,5,0.08,True
2026-10-09T07:13:13+11:00,2284739,2459_431,-33.877662658691406,151.1853485107422,140.0,0.0,-47,-0.78,True
2026-10-09T07:13:13+11:00,2287280,2459_418,-33.90769958496094,151.14907836914062,291.0,33.5,-162,-2.7,False
2026-10-09T07:13:13+11:00,2590119,2508_280,-33.78493881225586,151.18675231933594,70.0,43.2,201,3.35,True
2026-10-09T07:13:13+11:00,2374744,2508_172X,-33.817237854003906,151.24342346191406,339.0,0.0,32,0.53,True
2026-10-09T07:13:13+11:00,2635831,2459_415,-33.850887298583984,151.13673400878906,227.0,27.4,19,0.32,True
2026-10-09T07:13:13+11:00,2475232,2459_389,-33.870670318603516,151.19448852539062,154.0,28.8,-117,-1.95,False
2026-10-09T07:13:13+11:00,2721089,2514_281,-33.787689208984375,151.1968231201172,156.0,0.0,-29,-0.48,True
2026-10-09T07:13:13+11:00,2618653,2459_422,-33.898582458496094,151.17808532714844,212.0,11.2,16,0.27,True
2026-10-09T07:13:13+11:00,2720899,2514_281,-33.79643249511719,151.18087768554688,182.0,0.0,0,0.0,True
2026-10-09T07:13:13+11:00,2285756,2459_438X,-33.884376525878906,151.1425323486328,256.0,35.3,254,4.23,True
2026-10-09T07:13:13+11:00,2720980,2514_260,-33.79279708862305,151.2074737548828,160.0,41.4,-138,-2.3,False
2026-10-09T07:13:13+11:00,2618652,2459_422,-33.88005065917969,151.20846557617188,185.0,0.0,0,0.0,True
2026-10-09T07:13:13+11:00,2038533,2459_470,-33.871089935302734,151.21017456054688,187.0,36.0,-137,-2.28,False
2026-10-09T07:13:13+11:00,2660505,2459_320,-33.8963508605957,151.20863342285156,278.0,32.8,62,1.03,True
2026-10-09T07:13:13+11:00,2371506,7083_SW3,-33.913368225097656,151.11683654785156,82.0,34.9,-17,-0.28,True
2026-10-09T07:13:13+11:00,2376308,2508_100,-33.82988739013672,151.2184600830078,116.0,0.0,-96,-1.6,False
2026-10-09T07:13:13+11:00,1963799,2459_466,-33.86568832397461,151.10606384277344,209.0,5.8,-18,-0.3,True
2026-10-09T07:13:13+11:00,2376436,2508_100,-33.829795837402344,151.2441864013672,356.0,30.6,240,4.0,True
2026-10-09T07:13:13+11:00,2349408,2459_418,-33.89674758911133,151.15280151367188,302.0,21.2,2,0.03,True
2026-10-09T07:13:13+11:00,2375525,2508_172X,-33.787105560302734,151.2420196533203,38.0,9.0,1028,17.13,False
2026-10-09T07:13:13+11:00,2349253,2459_418,-33.8749885559082,151.1055450439453,99.0,0.0,0,0.0,True
2026-10-09T07:13:13+11:00,2037761,2459_440,-33.88766860961914,151.170166015625,85.0,25.2,8,0.13,True
2026-10-09T07:13:13+11:00,2375596,2508_100,-33.871116638183594,151.20553588867188,355.0,0.0,75,1.25,True
2026-10-09T07:13:13+11:00,2289372,2459_442,-33.857486724853516,151.1934356689453,255.0,0.0,19,0.32,True
2026-10-09T07:13:13+11:00,2619997,2459_530,-33.86943054199219,151.10877990722656,277.0,0.0,-196,-3.27,False
2026-10-09T07:13:13+11:00,2704419,2504_612X,-33.80224609375,151.14646911621094,316.0,74.9,0,0.0,True
2026-10-09T07:13:13+11:00,2424379,2508_230,-33.83521270751953,151.23362731933594,197.0,32.0,-166,-2.77,False
2026-10-09T07:13:13+11:00,2284060,2459_530,-33.85195541381836,151.15298461914062,51.0,0.0,-251,-4.18,False
2026-10-09T07:13:13+11:00,2377474,2508_B1,-33.81816482543945,151.24395751953125,168.0,36.0,-217,-3.62,False
2026-10-09T07:13:13+11:00,2011191,2459_305,-33.90933609008789,151.19654846191406,174.0,15.5,37,0.62,True
2026-10-09T07:13:13+11:00,2289961,2459_461X,-33.88703155517578,151.1756591796875,76.0,56.2,-401,-6.68,False
2026-10-09T07:13:13+11:00,2011038,2459_305,-33.926029205322266,151.18873596191406,42.0,51.5,10,0.17,True
2026-10-09T07:13:13+11:00,2375613,2508_111,-33.83381652832031,151.23973083496094,244.0,16.9,-112,-1.87,False
2026-10-09T07:13:13+11:00,2377662,2508_100,-33.870609283447266,151.20623779296875,182.0,2.2,-413,-6.88,False
2026-10-09T07:13:13+11:00,2705434,2504_610X,-33.866397857666016,151.2057647705078,174.0,40.3,-511,-8.52,False
2026-10-09T07:13:13+11:00,2288352,2459_303,-33.919498443603516,151.2268524169922,281.0,0.0,303,5.05,False
2026-10-09T07:13:13+11:00,2287679,2459_438X,-33.88426208496094,151.15724182128906,173.0,0.0,-71,-1.18,False
2026-10-09T07:13:13+11:00,2288631,2459_428,-33.911415100097656,151.1186981201172,140.0,0.0,0,0.0,True
2026-10-09T07:13:13+11:00,2635981,2459_504,-33.870845794677734,151.21414184570312,307.0,0.0,0,0.0,True
2026-10-09T07:13:13+11:00,2428334,2508_B1,-33.866397857666016,151.20632934570312,7.0,0.0,0,0.0,True
2026-10-09T07:13:13+11:00,1961683,2459_413,-33.89363479614258,151.1456756591797,28.0,26.3,-195,-3.25,False
2026-10-09T07:13:13+11:00,2596170,2459_492,-33.87675476074219,151.1038055419922,188.0,31.7,81,1.35,True
2026-10-09T07:13:13+11:00,2685997,2459_423,-33.914302825927734,151.15267944335938,208.0,22.0,373,6.22,False
2026-10-09T07:13:13+11:00,2284676,2459_423,-33.8839111328125,151.20188903808594,72.0,5.4,75,1.25,True
2026-10-09T07:13:13+11:00,2308812,2459_445,-33.9050407409668,151.13778686523438,64.0,32.4,7,0.12,True
2026-10-09T07:13:13+11:00,2283065,2459_461X,-33.88426971435547,151.1987762451172,87.0,38.2,-132,-2.2,False
2026-10-09T07:13:13+11:00,2721241,2514_270,-33.802764892578125,151.20590209960938,8.0,30.2,-75,-1.25,False
2026-10-09T07:13:13+11:00,2285084,2459_426,-33.89870834350586,151.17532348632812,265.0,31.3,18,0.3,True
2026-10-09T07:13:13+11:00,2285135,2459_428,-33.90491485595703,151.13197326660156,95.0,37.8,-29,-0.48,True
2026-10-09T07:13:13+11:00,2289835,2459_428,-33.888710021972656,151.1912078857422,58.0,33.1,-78,-1.3,False
2026-10-09T07:13:13+11:00,2319422,7083_SW3,-33.906272888183594,151.1579132080078,140.0,11.2,-239,-3.98,False
2026-10-09T07:13:13+11:00,2554175,2459_358,-33.91908264160156,151.16932678222656,119.0,13.3,-22,-0.37,True
2026-10-09T07:13:13+11:00,2349562,2459_418,-33.90596389770508,151.13589477539062,350.0,0.0,-12,-0.2,True
2026-10-09T07:13:13+11:00,1973442,2508_162,-33.806129455566406,151.2600860595703,189.0,45.7,14,0.23,True
2026-10-09T07:13:13+11:00,2596434,2459_492,-33.851318359375,151.15408325195312,52.0,0.0,-596,-9.93,False
2026-10-09T07:13:13+11:00,2038532,2459_470,-33.88521957397461,151.17657470703125,244.0,24.1,-165,-2.75,False
2026-10-09T07:13:13+11:00,2389001,2508_263,-33.82870864868164,151.2255401611328,150.0,0.0,161,2.68,True
2026-10-09T07:13:13+11:00,2421393,2508_230,-33.830322265625,151.24310302734375,69.0,41.8,-23,-0.38,True
2026-10-09T07:13:13+11:00,2376488,2508_144,-33.824153900146484,151.19203186035156,65.0,0.0,318,5.3,False
2026-10-09T07:13:13+11:00,2709176,2504_612X,-33.82583236694336,151.1990966796875,142.0,0.0,-392,-6.53,False
2026-10-09T07:13:13+11:00,2596313,2459_491,-33.91789245605469,151.119384765625,10.0,40.3,-45,-0.75,True
2026-10-09T07:13:13+11:00,2515131,2459_504,-33.85150146484375,151.13088989257812,282.0,28.4,9,0.15,True
2026-10-09T07:13:13+11:00,2290618,2459_461X,-33.874481201171875,151.10430908203125,9.0,0.0,85,1.42,True
2026-10-09T07:13:13+11:00,2554037,2459_358,-33.92475509643555,151.2281494140625,34.0,0.4,105,1.75,True
2026-10-09T07:13:13+11:00,2596463,2459_491,-33.89151382446289,151.1254119873047,6.0,23.4,-229,-3.82,False
2026-10-09T07:13:13+11:00,2377521,2508_165X,-33.83017349243164,151.2167510986328,275.0,45.0,-338,-5.63,False
2026-10-09T07:13:13+11:00,2474828,2459_389,-33.869590759277344,151.19790649414062,359.0,0.0,0,0.0,True
2026-10-09T07:13:13+11:00,2620007,2459_530,-33.84273147583008,151.14845275878906,142.0,60.1,-176,-2.93,False
2026-10-09T07:13:13+11:00,2375486,2508_173X,-33.865150451660156,151.20484924316406,259.0,10.4,172,2.87,True
2026-10-09T07:13:13+11:00,2714633,2508_114,-33.824546813964844,151.2508544921875,352.0,0.4,0,0.0,True
2026-10-09T07:13:13+11:00,2289296,2459_418,-33.90935134887695,151.13462829589844,174.0,22.0,-94,-1.57,False
2026-10-09T07:13:13+11:00,2704231,2504_607X,-33.834442138671875,151.21145629882812,17.0,58.3,72,1.2,True
2026-10-09T07:13:13+11:00,2285124,2459_389,-33.890628814697266,151.2434539794922,110.0,25.6,0,0.0,True
2026-10-09T07:13:13+11:00,2038128,2459_470,-33.87238693237305,151.21002197265625,6.0,35.3,-164,-2.73,False
2026-10-09T07:13:13+11:00,2037479,2459_469,-33.8802375793457,151.1766357421875,16.0,37.8,87,1.45,True
2026-10-09T07:13:13+11:00,2298767,2508_182,-33.86664962768555,151.206298828125,5.0,0.0,0,0.0,True
2026-10-09T07:13:13+11:00,2720728,2514_270,-33.87202072143555,151.2056427001953,354.0,0.0,0,0.0,True
2026-10-09T07:13:13+11:00,2474936,2459_389,-33.872135162353516,151.2064666748047,173.0,26.3,-140,-2.33,False
2026-10-09T07:13:13+11:00,2320044,7083_SW3,-33.91350555419922,151.11599731445312,258.0,5.4,29,0.48,True
2026-10-09T07:13:13+11:00,2209753,2459_440,-33.89091491699219,151.24874877929688,96.0,0.0,0,0.0,True
2026-10-09T07:13:13+11:00,2373828,2508_190X,-33.818702697753906,151.2440185546875,180.0,52.6,-182,-3.03,False
2026-10-09T07:13:13+11:00,2037388,2459_470,-33.864585876464844,151.21029663085938,225.0,0.0,0,0.0,True
2026-10-09T07:13:13+11:00,2209113,2459_440,-33.879852294921875,151.2159423828125,315.0,31.0,-95,-1.58,False
2026-10-09T07:13:13+11:00,2375912,2508_180X,-33.866641998291016,151.206298828125,8.0,0.0,0,0.0,True
2026-10-09T07:13:13+11:00,2707191,2504_614X,-33.87166976928711,151.2064208984375,176.0,0.0,0,0.0,True
2026-10-09T07:13:13+11:00,2707804,2504_642X,-33.86702346801758,151.20437622070312,357.0,0.0,-89,-1.48,False
2026-10-09T07:13:13+11:00,2287269,2459_389,-33.888240814208984,151.2399139404297,347.0,0.0,-101,-1.68,False
2026-10-09T07:13:13+11:00,2208903,2459_440,-33.89167022705078,151.2469482421875,289.0,0.0,-52,-0.87,True
2026-10-09T07:13:13+11:00,2376188,2508_100,-33.83496856689453,151.24595642089844,153.0,43.2,-179,-2.98,False
2026-10-09T07:13:13+11:00,2037260,2459_440,-33.87129211425781,151.20556640625,355.0,11.5,0,0.0,True
2026-10-09T07:13:13+11:00,2421472,2508_150X,-33.84764099121094,151.21299743652344,169.0,31.3,-836,-13.93,False
2026-10-09T07:13:13+11:00,2209375,2459_487,-33.91167449951172,151.11891174316406,142.0,0.0,0,0.0,True
2026-10-09T07:13:13+11:00,2514954,2459_502,-33.866004943847656,151.123046875,188.0,43.2,78,1.3,True
2026-10-09T07:13:13+11:00,2286791,2459_437,-33.868492126464844,151.1329803466797,242.0,36.0,0,0.0,True
2026-10-09T07:13:13+11:00,2438412,7084_SW2,-33.91428756713867,151.16616821289062,229.0,0.0,-227,-3.78,False
2026-10-09T07:13:13+11:00,2668140,2459_420,-33.930416107177734,151.1833953857422,351.0,48.6,-88,-1.47,False
2026-10-09T07:13:13+11:00,2285921,2459_461X,-33.88624572753906,151.17933654785156,254.0,0.0,199,3.32,True
2026-10-09T07:13:13+11:00,2208457,2459_464,-33.888694763183594,151.11732482910156,17.0,15.5,-145,-2.42,False
2026-10-09T07:13:13+11:00,2474910,2459_389,-33.88426971435547,151.2339324951172,138.0,17.3,446,7.43,False
2026-10-09T07:13:13+11:00,2705739,2504_610X,-33.820037841796875,151.2039031982422,147.0,57.2,-551,-9.18,False
2026-10-09T07:13:13+11:00,2609075,2459_430,-33.91544723510742,151.1654510498047,62.0,0.0,0,0.0,True
2026-10-09T07:13:13+11:00,2570059,7083_SW1,-33.912296295166016,151.11880493164062,59.0,7.2,-3,-0.05,True
2026-10-09T07:13:13+11:00,2704888,2504_613X,-33.826419830322266,151.2138671875,145.0,64.8,-308,-5.13,False
2026-10-09T07:13:13+11:00,2208316,2459_466,-33.8626823425293,151.1079864501953,29.0,0.0,-95,-1.58,False
2026-10-09T07:13:13+11:00,2608933,2459_430,-33.887489318847656,151.19334411621094,221.0,0.0,-163,-2.72,False
2026-10-09T07:13:13+11:00,2208311,2459_464,-33.875003814697266,151.10415649414062,9.0,25.2,-225,-3.75,False
2026-10-09T07:13:13+11:00,2635838,2459_504,-33.85704040527344,151.14547729492188,47.0,0.0,-236,-3.93,False
2026-10-09T07:13:13+11:00,2284792,2459_437,-33.872989654541016,151.16024780273438,170.0,10.8,81,1.35,True
2026-10-09T07:13:13+11:00,2736813,2459_428,-33.86664581298828,151.21063232421875,185.0,0.0,0,0.0,True
2026-10-09T07:13:13+11:00,2660488,2459_320,-33.88622283935547,151.20285034179688,161.0,0.0,0,0.0,True
2026-10-09T07:13:13+11:00,2475110,2459_389,-33.86942672729492,151.19789123535156,359.0,0.0,0,0.0,True
2026-10-09T07:13:13+11:00,2038129,2459_470,-33.882972717285156,151.203857421875,47.0,10.8,-132,-2.2,False
2026-10-09T07:13:13+11:00,2328626,7084_SW2,-33.91447830200195,151.16574096679688,230.0,31.7,-947,-15.78,False
2026-10-09T07:13:13+11:00,2484417,2459_483,-33.87984085083008,151.20852661132812,184.0,0.0,0,0.0,True
2026-10-09T07:13:13+11:00,2288008,2459_530,-33.87721633911133,151.1035919189453,99.0,0.0,191,3.18,True
2026-10-09T07:13:13+11:00,2736643,2459_308,-33.89967346191406,151.19432067871094,37.0,29.5,-153,-2.55,False
2026-10-09T07:13:13+11:00,2284582,2459_422,-33.91014099121094,151.18057250976562,25.0,40.7,-8,-0.13,True
2026-10-09T07:13:13+11:00,2286308,2459_431,-33.881324768066406,151.20616149902344,225.0,5.4,7,0.12,True
2026-10-09T07:13:13+11:00,2428344,2508_230,-33.83834457397461,151.20701599121094,197.0,6.1,-220,-3.67,False
2026-10-09T07:13:13+11:00,2708214,2504_615X,-33.812503814697266,151.1732940673828,270.0,72.0,0,0.0,True
2026-10-09T07:13:13+11:00,2596467,2459_490,-33.87618637084961,151.11451721191406,99.0,19.8,71,1.18,True
2026-10-09T07:13:13+11:00,2288974,2459_502,-33.84694290161133,151.11485290527344,29.0,8.6,80,1.33,True
2026-10-09T07:13:13+11:00,1912012,2459_483,-33.8825798034668,151.2046661376953,53.0,27.7,25,0.42,True
2026-10-09T07:13:13+11:00,2554088,2459_358,-33.922691345214844,151.20574951171875,99.0,37.4,-173,-2.88,False
2026-10-09T07:13:13+11:00,2037733,2459_438X,-33.87480163574219,151.13436889648438,0.0,0.0,-68,-1.13,False
2026-10-09T07:13:13+11:00,2736616,2459_308,-33.90243148803711,151.19183349609375,217.0,41.8,62,1.03,True
2026-10-09T07:13:13+11:00,2208303,2459_440,-33.88262939453125,151.20846557617188,189.0,0.0,-41,-0.68,True
2026-10-09T07:13:13+11:00,2392998,2508_263,-33.839176177978516,151.20703125,324.0,41.0,0,0.0,True
2026-10-09T07:13:13+11:00,2209660,2459_413,-33.89738464355469,151.12063598632812,162.0,45.7,357,5.95,False
2026-10-09T07:13:13+11:00,2373683,2508_172X,-33.79688262939453,151.25148010253906,53.0,0.0,-87,-1.45,False
2026-10-09T07:13:13+11:00,2374524,2508_173X,-33.855987548828125,151.20843505859375,207.0,63.0,-410,-6.83,False
2026-10-09T07:13:13+11:00,2554322,2459_358,-33.92177200317383,151.19775390625,278.0,0.0,-584,-9.73,False
2026-10-09T07:13:13+11:00,2320122,7083_SW3,-33.91470718383789,151.16514587402344,0.0,0.0,1613,26.88,False
2026-10-09T07:13:13+11:00,2036892,2459_470,-33.88246154785156,151.18258666992188,144.0,2.9,87,1.45,True
2026-10-09T07:13:13+11:00,2095988,2508_160X,-33.786869049072266,151.181396484375,340.0,0.0,46,0.77,True
2026-10-09T07:13:13+11:00,1960447,2459_406,-33.88966369628906,151.1262969970703,289.0,32.0,-143,-2.38,False
2026-10-09T07:13:13+11:00,2287521,2459_422,-33.88466262817383,151.190185546875,93.0,26.3,-44,-0.73,True
2026-10-09T07:13:13+11:00,2286142,2459_426,-33.8986930847168,151.1744384765625,81.0,3.2,-10,-0.17,True
2026-10-09T07:13:13+11:00,2450033,2508_225,-33.84165954589844,151.2188262939453,10.0,21.6,11,0.18,True
2026-10-09T07:13:13+11:00,1973479,2508_162,-33.80931854248047,151.25863647460938,94.0,0.0,130,2.17,True
2026-10-09T07:13:13+11:00,2720021,2514_194X,-33.810340881347656,151.2042999267578,187.0,42.5,-160,-2.67,False
2026-10-09T07:13:13+11:00,2608994,2459_430,-33.893985748291016,151.18296813964844,42.0,27.7,185,3.08,True
2026-10-09T07:13:13+11:00,2392831,2508_114,-33.824703216552734,151.24148559570312,118.0,11.2,43,0.72,True
2026-10-09T07:13:13+11:00,2377063,2508_B1,-33.82448959350586,151.24111938476562,219.0,0.0,-77,-1.28,False
2026-10-09T07:13:13+11:00,2284232,2459_442,-33.857017517089844,151.1955108642578,78.0,0.0,0,0.0,True
2026-10-09T07:13:13+11:00,2720155,2514_194,-33.81467819213867,151.21212768554688,347.0,38.5,55,0.92,True
2026-10-09T07:13:13+11:00,2287607,2459_438X,-33.88510513305664,151.1841583251953,77.0,0.0,-174,-2.9,False
2026-10-09T07:13:13+11:00,2736744,2459_445,-33.860130310058594,151.17190551757812,185.0,25.9,17,0.28,True
2026-10-09T07:13:13+11:00,2229551,2507_251,-33.814273834228516,151.15870666503906,64.0,38.2,-111,-1.85,False
2026-10-09T07:13:13+11:00,2228708,2507_204,-33.809417724609375,151.22735595703125,240.0,20.9,-39,-0.65,True
2026-10-09T07:13:13+11:00,2227287,2507_205,-33.81052780151367,151.20840454101562,100.0,22.3,-152,-2.53,False
2026-10-09T07:13:13+11:00,2643827,2507_501,-33.82826614379883,151.12652587890625,174.0,1.8,-76,-1.27,False
2026-10-09T07:13:13+11:00,2538520,2507_506,-33.86884689331055,151.17694091796875,73.0,23.4,-117,-1.95,False
2026-10-09T07:13:13+11:00,2621460,2507_288,-33.81248474121094,151.18142700195312,110.0,70.9,129,2.15,True
2026-10-09T07:13:13+11:00,2731412,2507_507,-33.85695266723633,151.16015625,141.0,32.4,-54,-0.9,True
2026-10-09T07:13:13+11:00,2681913,2507_536,-33.825218200683594,151.1320343017578,30.0,39.6,-52,-0.87,True
2026-10-09T07:13:13+11:00,2227401,2507_288,-33.8658561706543,151.20330810546875,175.0,0.4,0,0.0,True
2026-10-09T07:13:13+11:00,2654474,2507_52,-33.82809066772461,151.12649536132812,174.0,0.0,29,0.48,True
2026-10-09T07:13:13+11:00,2643188,2507_120,-33.799339294433594,151.19859313964844,160.0,46.8,-44,-0.73,True
2026-10-09T07:13:13+11:00,2744564,2507_292,-33.812320709228516,151.17160034179688,94.0,0.0,-479,-7.98,False
2026-10-09T07:13:13+11:00,2226339,2507_253,-33.80997085571289,151.20443725585938,267.0,14.0,1584,26.4,False
2026-10-09T07:13:13+11:00,2645071,2507_501,-33.8839111328125,151.20249938964844,71.0,33.5,-29,-0.48,True
2026-10-09T07:13:13+11:00,2654454,2507_52,-33.87302780151367,151.2073211669922,278.0,0.0,144,2.4,True
2026-10-09T07:13:13+11:00,2672416,2507_115,-33.82673263549805,151.200927734375,129.0,10.1,124,2.07,True
2026-10-09T07:13:13+11:00,2643167,2507_120,-33.79570770263672,151.1825714111328,74.0,18.4,106,1.77,True
2026-10-09T07:13:13+11:00,2228842,2507_205,-33.84052276611328,151.2108154296875,181.0,56.2,-34,-0.57,True
2026-10-09T07:13:13+11:00,2441783,2507_209,-33.78643798828125,151.20130920410156,161.0,36.4,-46,-0.77,True
2026-10-09T07:13:13+11:00,2682041,2507_267,-33.825992584228516,151.18801879882812,171.0,30.2,-3,-0.05,True
2026-10-09T07:13:13+11:00,2229141,2507_254,-33.86490249633789,151.21258544921875,7.0,29.5,0,0.0,True
2026-10-09T07:13:13+11:00,2644137,2507_501,-33.84299850463867,151.14859008789062,322.0,44.3,112,1.87,True
2026-10-09T07:13:13+11:00,2738486,2507_533,-33.793663024902344,151.1795196533203,32.0,0.0,-230,-3.83,False
2026-10-09T07:13:13+11:00,2738378,2507_533,-33.805728912353516,151.1770477294922,251.0,38.9,248,4.13,True
2026-10-09T07:13:13+11:00,2538114,2507_506,-33.82898712158203,151.13938903808594,143.0,46.4,-34,-0.57,True
2026-10-09T07:13:13+11:00,2644773,2507_120,-33.861148834228516,151.20584106445312,192.0,59.4,-154,-2.57,False
2026-10-09T07:13:13+11:00,2258848,2507_516,-33.79244613647461,151.15789794921875,76.0,36.7,-98,-1.63,False
2026-10-09T07:13:13+11:00,2654402,2507_52,-33.87021255493164,151.1893768310547,118.0,58.7,-45,-0.75,True
2026-10-09T07:13:13+11:00,2672386,2507_115,-33.82126998901367,151.2010040283203,1.0,43.2,-45,-0.75,True
2026-10-09T07:13:13+11:00,2621523,2507_516,-33.87007141113281,151.2061767578125,177.0,0.0,0,0.0,True
2026-10-09T07:13:13+11:00,2621598,2507_536,-33.81418228149414,151.1686248779297,183.0,20.5,-226,-3.77,False
2026-10-09T07:13:13+11:00,2744534,2507_292,-33.836795806884766,151.2106170654297,9.0,60.8,114,1.9,True
2026-10-09T07:13:13+11:00,2643292,2507_120,-33.87154769897461,151.20640563964844,175.0,0.0,-108,-1.8,False
2026-10-09T07:13:13+11:00,2654357,2507_52,-33.84766387939453,151.15223693847656,333.0,0.0,391,6.52,False
2026-10-09T07:13:13+11:00,2731193,2507_507,-33.830326080322266,151.12631225585938,55.0,0.0,-68,-1.13,False
2026-10-09T07:13:13+11:00,2226624,2507_285,-33.853092193603516,151.2102508544922,28.0,60.8,-64,-1.07,False
2026-10-09T07:13:13+11:00,2654579,2507_52,-33.8725700378418,151.21290588378906,186.0,0.4,0,0.0,True
2026-10-09T07:13:13+11:00,2231255,2507_288,-33.86713790893555,151.20509338378906,353.0,23.0,-103,-1.72,False
2026-10-09T07:13:13+11:00,2643100,2507_501,-33.86604690551758,151.1739044189453,104.0,47.2,240,4.0,True
2026-10-09T07:13:13+11:00,2555479,2507_291,-33.824710845947266,151.1892547607422,282.0,40.0,-277,-4.62,False
2026-10-09T07:13:13+11:00,2322334,2507_506,-33.84880828857422,151.15283203125,333.0,41.0,193,3.22,True
2026-10-09T07:13:13+11:00,2654480,2507_52,-33.84801483154297,151.15231323242188,329.0,41.4,-172,-2.87,False
2026-10-09T07:13:13+11:00,2621635,2507_252,-33.839534759521484,151.20654296875,7.0,0.0,89,1.48,True
2026-10-09T07:13:13+11:00,2643458,2507_120,-33.838077545166016,151.21031188964844,8.0,67.7,-21,-0.35,True
2026-10-09T07:13:13+11:00,2672376,2507_115,-33.79658889770508,151.18081665039062,115.0,5.0,0,0.0,True
2026-10-09T07:13:13+11:00,2634517,2507_261,-33.8245735168457,151.1731719970703,122.0,34.9,62,1.03,True
2026-10-09T07:13:13+11:00,2407110,2507_265,-33.8220329284668,151.19729614257812,67.0,28.1,-139,-2.32,False
2026-10-09T07:13:13+11:00,2441534,2507_207,-33.86387634277344,151.21031188964844,5.0,0.0,0,0.0,True
2026-10-09T07:13:13+11:00,2537512,2507_506,-33.8172492980957,151.12445068359375,145.0,33.8,19,0.32,True
2026-10-09T07:13:13+11:00,2744750,2507_293,-33.800331115722656,151.14271545410156,299.0,59.4,0,0.0,True
2026-10-09T07:13:13+11:00,2230258,2507_254,-33.82764434814453,151.2007598876953,140.0,31.0,3,0.05,True
2026-10-09T07:13:13+11:00,2731221,2507_507,-33.830169677734375,151.12649536132812,59.0,0.0,0,0.0,True
2026-10-09T07:13:13+11:00,2407508,2507_252,-33.814762115478516,151.16641235351562,75.0,19.8,-159,-2.65,False
2026-10-09T07:13:13+11:00,2643113,2507_120,-33.798858642578125,151.19834899902344,339.0,40.7,10,0.17,True
2026-10-09T07:13:13+11:00,2407063,2507_538,-33.836063385009766,151.15606689453125,194.0,33.5,78,1.3,True
2026-10-09T07:13:13+11:00,2643555,2507_501,-33.87961196899414,151.2082977294922,121.0,0.0,0,0.0,True
2026-10-09T07:13:13+11:00,2654500,2507_52,-33.87275314331055,151.21270751953125,186.0,38.9,0,0.0,True
2026-10-09T07:13:13+11:00,2681926,2507_536,-33.80841827392578,151.17874145507812,25.0,37.8,-111,-1.85,False
2026-10-09T07:13:13+11:00,2744619,2507_292,-33.86601638793945,151.2033233642578,176.0,0.0,0,0.0,True
2026-10-09T07:13:13+11:00,2643834,2507_120,-33.80628204345703,151.19923400878906,172.0,34.9,122,2.03,True
2026-10-09T07:13:13+11:00,2644081,2507_120,-33.82838439941406,151.21484375,171.0,61.2,-194,-3.23,False
2026-10-09T07:13:13+11:00,2230917,2507_285,-33.8123664855957,151.17335510253906,276.0,41.8,70,1.17,True
2026-10-09T07:13:13+11:00,2226459,2507_255,-33.798744201660156,151.17608642578125,91.0,29.2,-224,-3.73,False
2026-10-09T07:13:13+11:00,2643661,2507_251,-33.83140182495117,151.21389770507812,216.0,63.7,-100,-1.67,False
2026-10-09T07:13:13+11:00,2621393,2507_252,-33.82172775268555,151.1498565673828,189.0,0.0,-205,-3.42,False
2026-10-09T07:13:13+11:00,2682145,2507_267,-33.79934310913086,151.1937255859375,100.0,38.9,-37,-0.62,True
2026-10-09T07:13:13+11:00,2654459,2507_52,-33.84177780151367,151.1476287841797,142.0,47.5,111,1.85,True
2026-10-09T07:13:13+11:00,2441553,2507_203,-33.80431365966797,151.2096710205078,237.0,38.5,-33,-0.55,True
2026-10-09T07:13:13+11:00,2581517,2507_505,-33.87307357788086,151.20404052734375,68.0,39.2,-420,-7.0,False
2026-10-09T07:13:13+11:00,2672482,2507_115,-33.795230865478516,151.18658447265625,72.0,28.1,96,1.6,True
2026-10-09T07:13:13+11:00,2621459,2507_285,-33.82854080200195,151.21487426757812,175.0,61.2,-269,-4.48,False
2026-10-09T07:13:13+11:00,2407989,2507_252,-33.83441925048828,151.20501708984375,170.0,23.8,-449,-7.48,False
2026-10-09T07:13:13+11:00,2654555,2507_119,-33.8286247253418,151.20135498046875,332.0,37.4,64,1.07,True
2026-10-09T07:13:13+11:00,2442111,2507_207,-33.818153381347656,151.21267700195312,169.0,39.2,70,1.17,True
2026-10-09T07:13:13+11:00,2731346,2507_507,-33.869468688964844,151.18666076660156,107.0,55.8,-78,-1.3,False
2026-10-09T07:13:13+11:00,2538228,2507_506,-33.82848358154297,151.13902282714844,144.0,0.0,566,9.43,False
2026-10-09T07:13:13+11:00,2731382,2507_291,-33.81232833862305,151.1715087890625,82.0,0.0,222,3.7,True
2026-10-09T07:13:13+11:00,2555389,2507_265,-33.83074188232422,151.2024383544922,58.0,29.2,-124,-2.07,False
2026-10-09T07:13:13+11:00,2621446,2507_287,-33.83680725097656,151.20693969726562,102.0,14.4,-161,-2.68,False
2026-10-09T07:13:13+11:00,2643916,2507_501,-33.84071731567383,151.14671325683594,144.0,47.2,-68,-1.13,False
2026-10-09T07:13:13+11:00,2441696,2507_207,-33.81074523925781,151.21018981933594,280.0,39.2,-72,-1.2,False
2026-10-09T07:13:13+11:00,2634543,2507_254,-33.84857177734375,151.20419311523438,83.0,0.0,0,0.0,True
2026-10-09T07:13:13+11:00,2643663,2507_501,-33.87089920043945,151.19174194335938,107.0,24.8,37,0.62,True
2026-10-09T07:13:13+11:00,2322315,2507_506,-33.87112808227539,151.21446228027344,323.0,0.0,0,0.0,True
2026-10-09T07:13:13+11:00,2738290,2507_533,-33.80492401123047,151.17933654785156,357.0,39.6,-394,-6.57,False
2026-10-09T07:13:13+11:00,2621456,2507_287,-33.80693054199219,151.1541748046875,148.0,40.3,-49,-0.82,True
2026-10-09T07:13:13+11:00,2230409,2507_253,-33.81219482421875,151.17141723632812,87.0,0.0,-599,-9.98,False
2026-10-09T07:13:13+11:00,2634486,2507_261,-33.805137634277344,151.1792755126953,176.0,0.0,0,0.0,True
2026-10-09T07:13:13+11:00,2621616,2507_286,-33.80990219116211,151.15928649902344,100.0,35.6,76,1.27,True
2026-10-09T07:13:13+11:00,2634503,2507_261,-33.830528259277344,151.202880859375,146.0,39.6,-114,-1.9,False
2026-10-09T07:13:13+11:00,2226901,2507_292,-33.86474609375,151.20558166503906,175.0,0.0,0,0.0,True
2026-10-09T07:13:13+11:00,2672332,2507_267,-33.82242202758789,151.2103729248047,10.0,9.7,-49,-0.82,True
2026-10-09T07:13:13+11:00,2645873,2509_394X,-33.86566925048828,151.21270751953125,278.0,0.0,-168,-2.8,False
2026-10-09T07:13:13+11:00,2564740,2509_333,-33.88492202758789,151.2251739501953,281.0,41.8,30,0.5,True
2026-10-09T07:13:13+11:00,2403088,2509_311,-33.879493713378906,151.20913696289062,185.0,0.0,-410,-6.83,False
2026-10-09T07:13:13+11:00,2356443,2509_311,-33.8807258605957,151.21713256835938,121.0,33.8,187,3.12,True
2026-10-09T07:13:13+11:00,2357609,2509_373,-33.88471221923828,151.21786499023438,336.0,38.5,69,1.15,True
2026-10-09T07:13:13+11:00,2400448,2509_309,-33.914833068847656,151.2008056640625,16.0,0.0,138,2.3,True
2026-10-09T07:13:13+11:00,2356284,2509_339X,-33.90489196777344,151.2445526123047,311.0,2.9,-45,-0.75,True
2026-10-09T07:13:13+11:00,2356205,2509_311,-33.88175964355469,151.20619201660156,125.0,0.0,0,0.0,True
2026-10-09T07:13:13+11:00,2740182,2509_370,-33.90727615356445,151.2029266357422,186.0,2.9,-169,-2.82,False
2026-10-09T07:13:13+11:00,2675088,2509_309,-33.89366912841797,151.19879150390625,22.0,0.0,0,0.0,True
2026-10-09T07:13:13+11:00,2396582,2509_392,-33.952476501464844,151.23135375976562,30.0,36.4,15,0.25,True
2026-10-09T07:13:13+11:00,2356778,2509_339X,-33.90449142456055,151.2266387939453,297.0,1.1,-72,-1.2,False
2026-10-09T07:13:13+11:00,2565075,2509_379,-33.892982482910156,151.2496337890625,189.0,13.3,-26,-0.43,True
2026-10-09T07:13:13+11:00,2357405,2509_374X,-33.91957473754883,151.25717163085938,189.0,0.0,0,0.0,True
2026-10-09T07:13:13+11:00,2138522,2509_306,-33.8841552734375,151.2034912109375,208.0,0.0,0,0.0,True
2026-10-09T07:13:13+11:00,2563995,2509_386,-33.891605377197266,151.251953125,51.0,14.4,141,2.35,True
2026-10-09T07:13:13+11:00,2403157,2509_311,-33.87266540527344,151.2064971923828,172.0,0.0,28,0.47,True
2026-10-09T07:13:13+11:00,2531660,2509_386,-33.88167190551758,151.27011108398438,203.0,35.3,-35,-0.58,True
2026-10-09T07:13:13+11:00,2565011,2509_350,-33.94160842895508,151.26119995117188,127.0,44.3,110,1.83,True
2026-10-09T07:13:13+11:00,2531841,2509_324,-33.843624114990234,151.2839813232422,6.0,0.0,0,0.0,True
2026-10-09T07:13:13+11:00,2356914,2509_311,-33.86933898925781,151.22157287597656,244.0,35.6,-93,-1.55,False
2026-10-09T07:13:13+11:00,2564553,2509_333,-33.86823654174805,151.2105255126953,5.0,15.5,211,3.52,True
2026-10-09T07:13:13+11:00,2628670,2509_304,-33.89444351196289,151.2120819091797,8.0,24.5,83,1.38,True
2026-10-09T07:13:13+11:00,2534656,2509_324,-33.8788948059082,151.2364501953125,282.0,23.0,-147,-2.45,False
2026-10-09T07:13:13+11:00,2431628,2509_396,-33.88557434082031,151.21853637695312,156.0,51.5,77,1.28,True
2026-10-09T07:13:13+11:00,2352508,2509_307,-33.94393539428711,151.19960021972656,67.0,47.5,-483,-8.05,False
2026-10-09T07:13:13+11:00,2564751,2509_379,-33.89106369018555,151.24813842773438,276.0,0.0,0,0.0,True
2026-10-09T07:13:13+11:00,2355785,2509_390X,-33.92526626586914,151.2294158935547,302.0,32.8,58,0.97,True
2026-10-09T07:13:13+11:00,2357581,2509_311,-33.882080078125,151.206787109375,0.0,0.0,0,0.0,True
2026-10-09T07:13:13+11:00,2675151,2509_309,-33.93764114379883,151.19459533691406,174.0,0.0,43,0.72,True
2026-10-09T07:13:13+11:00,2356059,2509_339,-33.885963439941406,151.21861267089844,157.0,51.1,0,0.0,True
2026-10-09T07:13:13+11:00,2532019,2509_324,-33.857025146484375,151.28131103515625,251.0,33.8,72,1.2,True
2026-10-09T07:13:13+11:00,2357475,2509_373X,-33.91600036621094,151.24070739746094,338.0,33.8,11,0.18,True
2026-10-09T07:13:13+11:00,2565071,2509_379,-33.88904571533203,151.26756286621094,268.0,0.0,-87,-1.45,False
2026-10-09T07:13:13+11:00,2356703,2509_339,-33.9122428894043,151.25851440429688,289.0,15.8,-42,-0.7,True
2026-10-09T07:13:13+11:00,2645923,2509_392X,-33.925201416015625,151.22802734375,315.0,0.0,-414,-6.9,False
2026-10-09T07:13:13+11:00,2534392,2509_386,-33.89204406738281,151.25021362304688,260.0,0.0,125,2.08,True
2026-10-09T07:13:13+11:00,2675073,2509_309,-33.921260833740234,151.1968231201172,221.0,5.0,140,2.33,True
2026-10-09T07:13:13+11:00,2533356,2509_380,-33.860374450683594,151.279052734375,225.0,25.6,3,0.05,True
2026-10-09T07:13:13+11:00,2138374,2509_375,-33.9245491027832,151.2438507080078,281.0,9.7,-37,-0.62,True
2026-10-09T07:13:13+11:00,2400375,2509_396X,-33.94293975830078,151.24801635742188,280.0,35.3,-112,-1.87,False
2026-10-09T07:13:13+11:00,2675142,2509_309,-33.89228820800781,151.19960021972656,24.0,0.0,72,1.2,True
2026-10-09T07:13:13+11:00,2531561,2509_355,-33.90166473388672,151.2000732421875,156.0,0.0,202,3.37,True
2026-10-09T07:13:13+11:00,2431463,2509_396,-33.89622116088867,151.22164916992188,354.0,38.2,22,0.37,True
2026-10-09T07:13:13+11:00,2352336,2509_356,-33.89105224609375,151.2491912841797,277.0,0.0,3,0.05,True
2026-10-09T07:13:13+11:00,2356259,2509_373,-33.89503860473633,151.221923828125,173.0,0.0,250,4.17,True
2026-10-09T07:13:13+11:00,2396520,2509_392,-33.90022659301758,151.210205078125,39.0,40.3,102,1.7,True
2026-10-09T07:13:13+11:00,2435335,2509_390X,-33.92515563964844,151.22933959960938,125.0,0.0,100,1.67,True
2026-10-09T07:13:13+11:00,2396535,2509_392,-33.92533874511719,151.22816467285156,330.0,0.0,-104,-1.73,False
2026-10-09T07:13:13+11:00,2140190,2509_375,-33.94588088989258,151.2264404296875,88.0,18.7,84,1.4,True
2026-10-09T07:13:13+11:00,2675128,2509_309,-33.91032028198242,151.2023162841797,197.0,21.2,93,1.55,True
2026-10-09T07:13:13+11:00,2565168,2509_333,-33.8895263671875,151.28326416015625,213.0,0.0,0,0.0,True
2026-10-09T07:13:13+11:00,2740225,2509_370,-33.87733459472656,151.18507385253906,147.0,16.6,9,0.15,True
2026-10-09T07:13:13+11:00,2564850,2509_333,-33.8934326171875,151.26014709472656,281.0,12.6,101,1.68,True
2026-10-09T07:13:13+11:00,2531091,2509_377X,-33.91745376586914,151.2410125732422,11.0,19.8,-17,-0.28,True
2026-10-09T07:13:13+11:00,2355886,2509_390X,-33.90510940551758,151.25389099121094,11.0,23.0,19,0.32,True
2026-10-09T07:13:13+11:00,2357322,2509_339X,-33.884063720703125,151.20977783203125,292.0,20.9,0,0.0,True
2026-10-09T07:13:13+11:00,2565086,2509_379,-33.904624938964844,151.2671356201172,114.0,0.0,0,0.0,True
2026-10-09T07:13:13+11:00,2356440,2509_373X,-33.92047119140625,151.25698852539062,199.0,15.1,12,0.2,True
2026-10-09T07:13:13+11:00,2565192,2509_379,-33.88382339477539,151.27627563476562,194.0,11.2,16,0.27,True
2026-10-09T07:13:13+11:00,2532613,2509_323,-33.87257766723633,151.26080322265625,273.0,41.0,68,1.13,True
2026-10-09T07:13:13+11:00,2494651,2509_310,-33.905826568603516,151.20285034179688,349.0,0.0,-327,-5.45,False
2026-10-09T07:13:13+11:00,2356132,2509_373,-33.908836364746094,151.23707580566406,278.0,35.3,11,0.18,True
2026-10-09T07:13:13+11:00,2357158,2509_370,-33.90178298950195,151.1999969482422,253.0,35.6,-66,-1.1,False
2026-10-09T07:13:13+11:00,2352792,2509_307,-33.948387145996094,151.20948791503906,355.0,17.6,-305,-5.08,False
2026-10-09T07:13:13+11:00,2565061,2509_350,-33.928550720214844,151.18710327148438,13.0,32.4,61,1.02,True
2026-10-09T07:13:13+11:00,2400584,2509_309,-33.91518783569336,151.20077514648438,17.0,27.0,-291,-4.85,False
2026-10-09T07:13:13+11:00,2565118,2509_350,-33.919883728027344,151.25706481933594,190.0,0.0,1,0.02,True
2026-10-09T07:13:13+11:00,2356726,2509_373X,-33.90589904785156,151.23001098632812,296.0,47.2,8,0.13,True
2026-10-09T07:13:13+11:00,2565191,2509_333,-33.89399337768555,151.27310180664062,168.0,37.1,120,2.0,True
2026-10-09T07:13:13+11:00,2533627,2509_325,-33.85854721069336,151.20486450195312,279.0,0.0,0,0.0,True
2026-10-09T07:13:13+11:00,2575764,2509_374,-33.91999816894531,151.25711059570312,189.0,0.0,0,0.0,True
2026-10-09T07:13:13+11:00,2564980,2509_350,-33.93701934814453,151.21029663085938,127.0,54.7,-142,-2.37,False
2026-10-09T07:13:13+11:00,2335468,2509_309,-33.93186950683594,151.19403076171875,9.0,36.4,-51,-0.85,True
2026-10-09T07:13:13+11:00,2565103,2509_333,-33.88939666748047,151.28341674804688,213.0,0.0,19,0.32,True
2026-10-09T07:13:13+11:00,2435307,2509_390X,-33.89982223510742,151.25320434570312,129.0,28.4,0,0.0,True
2026-10-09T07:13:13+11:00,2300980,2509_399,-33.9246940612793,151.22862243652344,307.0,0.0,-67,-1.12,False
2026-10-09T07:13:13+11:00,2740226,2509_370,-33.91965103149414,151.24899291992188,100.0,32.0,-243,-4.05,False
2026-10-09T07:13:13+11:00,2352243,2509_356,-33.93990707397461,151.2478790283203,189.0,36.4,70,1.17,True
2026-10-09T07:13:13+11:00,2628592,2509_304,-33.862178802490234,151.2120819091797,9.0,0.0,0,0.0,True
2026-10-09T07:13:13+11:00,2565004,2509_350,-33.94083023071289,151.2345428466797,93.0,0.0,5,0.08,True
2026-10-09T07:13:13+11:00,2356328,2509_373X,-33.919376373291016,151.2572479248047,186.0,3.2,5,0.08,True
2026-10-09T07:13:13+11:00,2139427,2509_306,-33.92967987060547,151.19454956054688,295.0,13.0,553,9.22,False
2026-10-09T07:13:13+11:00,2470808,2509_356,-33.91360855102539,151.2397003173828,335.0,29.5,-181,-3.02,False
2026-10-09T07:13:13+11:00,2531075,2509_377X,-33.932987213134766,151.2576141357422,322.0,33.8,-6,-0.1,True
2026-10-09T07:13:13+11:00,2140121,2509_375,-33.91191482543945,151.23635864257812,149.0,45.7,-140,-2.33,False
2026-10-09T07:13:13+11:00,2564877,2509_333,-33.88108825683594,151.2179718017578,118.0,21.2,63,1.05,True
2026-10-09T07:13:13+11:00,2548776,2509_328,-33.87896728515625,151.23739624023438,102.0,0.0,2,0.03,True
2026-10-09T07:13:13+11:00,2564977,2509_350,-33.919212341308594,151.2571258544922,9.0,0.0,51,0.85,True
2026-10-09T07:13:13+11:00,2533628,2509_313,-33.92243194580078,151.25257873535156,134.0,39.6,-149,-2.48,False
2026-10-09T07:13:13+11:00,2531210,2509_352,-33.889217376708984,151.21327209472656,10.0,0.0,-28,-0.47,True
2026-10-09T07:13:13+11:00,2532474,2509_355,-33.9085578918457,151.17198181152344,83.0,0.0,1,0.02,True
2026-10-09T07:13:13+11:00,2740240,2509_370,-33.89210510253906,151.18765258789062,226.0,40.7,73,1.22,True
2026-10-09T07:13:13+11:00,2564644,2509_350,-33.92458724975586,151.1872100830078,175.0,19.1,427,7.12,False
2026-10-09T07:13:13+11:00,2357327,2509_343,-33.89360046386719,151.207275390625,9.0,0.0,-51,-0.85,True
2026-10-09T07:13:13+11:00,2355778,2509_390X,-33.91548156738281,151.23997497558594,82.0,23.8,-7,-0.12,True
2026-10-09T07:13:13+11:00,2355794,2509_390X,-33.9461784362793,151.24020385742188,349.0,20.9,6,0.1,True
2026-10-09T07:13:13+11:00,2138353,2509_375,-33.947776794433594,151.25245666503906,105.0,37.4,208,3.47,True
2026-10-09T07:13:13+11:00,2400606,2509_396,-33.872432708740234,151.2100067138672,5.0,34.2,-170,-2.83,False
2026-10-09T07:13:13+11:00,2565122,2509_350,-33.944847106933594,151.26039123535156,62.0,40.3,8,0.13,True
2026-10-09T07:13:13+11:00,2532724,2509_352,-33.89094161987305,151.24900817871094,277.0,0.0,0,0.0,True
2026-10-09T07:13:13+11:00,2531234,2509_325,-33.86159133911133,151.2706756591797,154.0,25.2,322,5.37,False
2026-10-09T07:13:13+11:00,2139804,2509_396,-33.94213104248047,151.2544708251953,126.0,52.9,-107,-1.78,False
2026-10-09T07:13:13+11:00,2564815,2509_333,-33.88880157470703,151.28359985351562,159.0,20.5,0,0.0,True
2026-10-09T07:13:13+11:00,2533970,2509_380,-33.872657775878906,151.2806396484375,13.0,15.5,317,5.28,False
2026-10-09T07:13:13+11:00,2431349,2509_396,-33.916656494140625,151.22576904296875,347.0,0.0,-132,-2.2,False
2026-10-09T07:13:13+11:00,2357530,2509_343,-33.87851333618164,151.20925903320312,5.0,0.0,-38,-0.63,True
2026-10-09T07:13:13+11:00,2533509,2509_381,-33.897682189941406,151.27291870117188,194.0,11.2,241,4.02,True
2026-10-09T07:13:13+11:00,2564008,2509_387,-33.87312316894531,151.273681640625,29.0,32.8,86,1.43,True
2026-10-09T07:13:13+11:00,2488395,2509_392,-33.953983306884766,151.23040771484375,196.0,52.9,35,0.58,True
2026-10-09T07:13:13+11:00,2431277,2509_396,-33.86591339111328,151.2111358642578,206.0,7.9,111,1.85,True
2026-10-09T07:13:13+11:00,2356263,2509_339,-33.904296875,151.2269287109375,161.0,0.0,-71,-1.18,False
2026-10-09T07:13:13+11:00,2138442,2509_396,-33.924381256103516,151.22813415527344,128.0,5.8,19,0.32,True
2026-10-09T07:13:13+11:00,2564900,2509_350,-33.891136169433594,151.24880981445312,286.0,0.0,252,4.2,True
2026-10-09T07:13:13+11:00,2532899,2509_355,-33.89545822143555,151.22320556640625,114.0,1.4,-637,-10.62,False
2026-10-09T07:13:13+11:00,2628661,2509_304,-33.90617752075195,151.2030792236328,171.0,0.0,0,0.0,True
2026-10-09T07:13:13+11:00,2565162,2509_324,-33.879390716552734,151.2381134033203,21.0,0.0,41,0.68,True
2026-10-09T07:13:13+11:00,2396539,2509_392,-33.903194427490234,151.20761108398438,297.0,27.4,-341,-5.68,False
2026-10-09T07:13:13+11:00,2564563,2509_333,-33.863582611083984,151.21185302734375,188.0,26.3,74,1.23,True
2026-10-09T07:13:13+11:00,2564543,2509_379,-33.88312911987305,151.27647399902344,11.0,31.7,-157,-2.62,False
2026-10-09T07:13:13+11:00,2138311,2509_306,-33.9225959777832,151.2070770263672,180.0,0.0,-22,-0.37,True
2026-10-09T07:13:13+11:00,2400541,2509_397X,-33.865535736083984,151.21131896972656,205.0,20.9,-150,-2.5,False
2026-10-09T07:13:13+11:00,2400517,2509_392,-33.89286422729492,151.1991424560547,20.0,16.2,0,0.0,True
2026-10-09T07:13:13+11:00,2400347,2509_397X,-33.941680908203125,151.2398223876953,279.0,0.0,59,0.98,True
2026-10-09T07:13:13+11:00,2357144,2509_373,-33.922115325927734,151.25180053710938,104.0,0.4,-145,-2.42,False
2026-10-09T07:13:13+11:00,2355975,2509_373X,-33.868019104003906,151.20985412597656,176.0,0.0,-82,-1.37,False
2026-10-09T07:13:13+11:00,2431187,2509_396,-33.94171142578125,151.23997497558594,280.0,0.0,65,1.08,True
2026-10-09T07:13:13+11:00,2645931,2509_392X,-33.8869743347168,151.21910095214844,338.0,25.2,29,0.48,True
2026-10-09T07:13:13+11:00,2488418,2509_392,-33.903717041015625,151.21339416503906,98.0,0.0,21,0.35,True
2026-10-09T07:13:13+11:00,2565152,2509_350,-33.92582702636719,151.1953887939453,10.0,32.4,-376,-6.27,False
2026-10-09T07:13:13+11:00,2645883,2509_392X,-33.916664123535156,151.22605895996094,169.0,2.9,311,5.18,False
2026-10-09T07:13:13+11:00,2531729,2509_325,-33.87516403198242,151.22438049316406,101.0,0.0,44,0.73,True
2026-10-09T07:13:13+11:00,2352486,2509_307,-33.939361572265625,151.22276306152344,102.0,42.1,-161,-2.68,False
2026-10-09T07:13:13+11:00,2531632,2509_327,-33.8897819519043,151.25558471679688,236.0,31.7,-179,-2.98,False
2026-10-09T07:13:13+11:00,2534554,2509_325,-33.85829544067383,151.2704315185547,339.0,32.0,305,5.08,False
2026-10-09T07:13:13+11:00,2675061,2509_309,-33.893226623535156,151.19900512695312,21.0,0.0,0,0.0,True
2026-10-09T07:13:13+11:00,2565034,2509_379,-33.8912239074707,151.24960327148438,277.0,0.0,76,1.27,True
2026-10-09T07:13:13+11:00,2356690,2509_374,-33.89847183227539,151.22215270996094,173.0,46.1,77,1.28,True
2026-10-09T07:13:13+11:00,2356949,2509_343,-33.891639709472656,151.20765686035156,187.0,40.7,11,0.18,True
2026-10-09T07:13:13+11:00,2356534,2509_343,-33.91050720214844,151.2061004638672,174.0,17.6,208,3.47,True
2026-10-09T07:13:13+11:00,2532596,2509_352,-33.908538818359375,151.1718292236328,77.0,0.0,0,0.0,True
2026-10-09T07:13:13+11:00,2139555,2509_375,-33.94901657104492,151.25096130371094,204.0,0.0,-159,-2.65,False
2026-10-09T07:13:13+11:00,2431610,2509_396,-33.94792938232422,151.25485229492188,41.0,0.0,0,0.0,True
2026-10-09T07:13:13+11:00,2435657,2509_390X,-33.89107131958008,151.24884033203125,277.0,0.0,0,0.0,True
2026-10-09T07:13:13+11:00,2533025,2509_324,-33.86410903930664,151.20309448242188,180.0,23.0,96,1.6,True
2026-10-09T07:13:13+11:00,2645907,2509_394X,-33.940853118896484,151.23890686035156,348.0,0.0,-33,-0.55,True
2026-10-09T07:13:13+11:00,2403099,2509_311,-33.87186813354492,151.22767639160156,277.0,17.3,-94,-1.57,False
2026-10-09T07:13:13+11:00,2565076,2509_333,-33.889244079589844,151.27847290039062,288.0,35.3,1,0.02,True
2026-10-09T07:13:13+11:00,2531243,2509_387,-33.89186096191406,151.25131225585938,76.0,22.7,23,0.38,True
2026-10-09T07:13:13+11:00,2532543,2509_387,-33.886871337890625,151.263916015625,282.0,23.0,-48,-0.8,True
2026-10-09T07:13:13+11:00,2356388,2509_370,-33.91836166381836,151.24302673339844,280.0,41.4,66,1.1,True
2026-10-09T07:13:13+11:00,2564609,2509_350,-33.94615936279297,151.24008178710938,319.0,16.9,199,3.32,True
2026-10-09T07:13:13+11:00,2357335,2509_370,-33.883033752441406,151.19107055664062,310.0,19.4,137,2.28,True
2026-10-09T07:13:13+11:00,2357621,2509_339,-33.914405822753906,151.26637268066406,133.0,0.0,0,0.0,True
2026-10-09T07:13:13+11:00,2575769,2509_374,-33.90437698364258,151.22642517089844,301.0,41.8,-111,-1.85,False
2026-10-09T07:13:13+11:00,2534559,2509_380,-33.891483306884766,151.2474822998047,8.0,14.0,0,0.0,True
2026-10-09T07:13:13+11:00,2533367,2509_360,-33.90550231933594,151.2589569091797,281.0,19.8,-50,-0.83,True
2026-10-09T07:13:13+11:00,2352292,2509_307,-33.9464225769043,151.20486450195312,2.0,35.3,18,0.3,True
2026-10-09T07:13:13+11:00,2533273,2509_325,-33.8732795715332,151.2097930908203,278.0,28.4,-199,-3.32,False
2026-10-09T07:13:13+11:00,2357040,2509_339,-33.90611267089844,151.23138427734375,219.0,0.0,-4,-0.07,True
2026-10-09T07:13:13+11:00,2564713,2509_333,-33.890052795410156,151.24148559570312,288.0,28.8,-7,-0.12,True
2026-10-09T07:13:13+11:00,2356323,2509_370,-33.909812927246094,151.21836853027344,234.0,28.1,-24,-0.4,True
2026-10-09T07:13:13+11:00,2356941,2509_373,-33.92085647583008,151.25689697265625,189.0,32.4,0,0.0,True
2026-10-09T07:13:13+11:00,2667446,2509_326,-33.879058837890625,151.25732421875,338.0,17.3,80,1.33,True
2026-10-09T07:13:13+11:00,2531754,2509_386,-33.891143798828125,151.2494354248047,276.0,0.0,0,0.0,True
2026-10-09T07:13:13+11:00,2435248,2509_390X,-33.90918731689453,151.2395782470703,245.0,13.3,189,3.15,True
2026-10-09T07:13:13+11:00,2645893,2509_394X,-33.92497634887695,151.22891235351562,307.0,0.4,79,1.32,True
2026-10-09T07:13:13+11:00,2357077,2509_370,-33.918434143066406,151.25738525390625,188.0,0.0,0,0.0,True
2026-10-09T07:13:13+11:00,2532774,2509_360,-33.9044303894043,151.2570343017578,158.0,29.5,78,1.3,True
2026-10-09T07:13:13+11:00,2435376,2509_390X,-33.93450927734375,151.23793029785156,169.0,0.4,435,7.25,False
2026-10-09T07:13:13+11:00,2740176,2509_370,-33.90267562866211,151.19149780273438,40.0,6.8,-219,-3.65,False
2026-10-09T07:13:13+11:00,2356317,2509_343,-33.86613845825195,151.21092224121094,225.0,7.2,112,1.87,True
2026-10-09T07:13:13+11:00,2628723,2509_304,-33.86875534057617,151.21047973632812,186.0,0.0,150,2.5,True
2026-10-09T07:13:13+11:00,2400579,2509_309,-33.950035095214844,151.197265625,343.0,39.2,27,0.45,True
2026-10-09T07:13:13+11:00,2402994,2509_311,-33.85856246948242,151.20498657226562,277.0,0.0,0,0.0,True
2026-10-09T07:13:13+11:00,2400473,2509_392,-33.89655303955078,151.1993408203125,160.0,9.4,-29,-0.48,True
2026-10-09T07:13:13+11:00,2534720,2509_324,-33.87117004394531,151.25119018554688,44.0,19.8,10,0.17,True
2026-10-09T07:13:13+11:00,2136825,2509_306,-33.93104934692383,151.2051544189453,98.0,18.4,25,0.42,True
2026-10-09T07:13:13+11:00,2628678,2509_304,-33.89371109008789,151.21218872070312,188.0,33.5,119,1.98,True
2026-10-09T07:13:13+11:00,2532987,2509_313,-33.89683532714844,151.2515869140625,338.0,44.6,56,0.93,True
2026-10-09T07:13:13+11:00,2533857,2509_326,-33.8782844543457,151.25357055664062,134.0,0.0,69,1.15,True
2026-10-09T07:13:13+11:00,2564775,2509_333,-33.89548110961914,151.27220153808594,113.0,34.6,77,1.28,True
2026-10-09T07:13:13+11:00,2564695,2509_379,-33.88922119140625,151.256591796875,240.0,39.6,-150,-2.5,False
2026-10-09T07:13:13+11:00,2357563,2509_374X,-33.86581039428711,151.2130126953125,282.0,0.0,-171,-2.85,False
2026-10-09T07:13:13+11:00,2531089,2509_377X,-33.94786071777344,151.25497436523438,39.0,0.0,0,0.0,True
2026-10-09T07:13:13+11:00,2357147,2509_370,-33.9030876159668,151.17953491210938,329.0,0.0,-41,-0.68,True
2026-10-09T07:13:13+11:00,2494533,2509_310,-33.946102142333984,151.2048797607422,2.0,32.4,12,0.2,True
2026-10-09T07:13:13+11:00,2356762,2509_373,-33.87852096557617,151.21031188964844,100.0,0.0,218,3.63,True
2026-10-09T07:13:13+11:00,2740195,2509_370,-33.8784294128418,151.2109832763672,229.0,0.0,0,0.0,True
2026-10-09T07:13:13+11:00,2564952,2509_379,-33.905879974365234,151.26138305664062,280.0,27.4,70,1.17,True
2026-10-09T07:13:13+11:00,2533689,2509_352,-33.90729904174805,151.17446899414062,339.0,31.3,-60,-1.0,True
2026-10-09T07:13:13+11:00,2533767,2509_327,-33.88840866088867,151.25802612304688,62.0,8.6,263,4.38,True
2026-10-09T07:13:13+11:00,2356687,2509_339X,-33.91447830200195,151.2665557861328,138.0,0.0,0,0.0,True
2026-10-09T07:13:13+11:00,2532150,2509_324,-33.86109924316406,151.27195739746094,358.0,43.9,-220,-3.67,False
2026-10-09T07:13:13+11:00,2534685,2509_313,-33.92226791381836,151.25653076171875,190.0,33.8,88,1.47,True
2026-10-09T07:13:13+11:00,2470793,2509_356,-33.94501876831055,151.2264404296875,1.0,0.0,12,0.2,True
2026-10-09T07:13:13+11:00,2352715,2509_307,-33.924522399902344,151.1871795654297,356.0,0.0,-279,-4.65,False
2026-10-09T07:13:13+11:00,2740211,2509_370,-33.911155700683594,151.22337341308594,178.0,17.3,-65,-1.08,False
2026-10-09T07:13:13+11:00,2357672,2509_343,-33.92258834838867,151.2039337158203,278.0,0.0,11,0.18,True
2026-10-09T07:13:13+11:00,2357816,2509_374X,-33.917503356933594,151.25328063964844,277.0,27.4,-108,-1.8,False
2026-10-09T07:13:13+11:00,2565159,2509_333,-33.87641143798828,151.20948791503906,4.0,30.6,79,1.32,True
2026-10-09T07:13:13+11:00,2565117,2509_333,-33.89082336425781,151.24411010742188,111.0,29.2,163,2.72,True
2026-10-09T07:13:13+11:00,2532919,2509_380,-33.89341354370117,151.260498046875,278.0,0.0,12,0.2,True
2026-10-09T07:13:13+11:00,2138395,2509_306,-33.926448822021484,151.2062225341797,17.0,22.7,221,3.68,True
2026-10-09T07:13:13+11:00,2470751,2509_356,-33.94026565551758,151.22825622558594,21.0,0.0,501,8.35,False
2026-10-09T07:13:13+11:00,2355936,2509_343,-33.906707763671875,151.20721435546875,320.0,13.7,-87,-1.45,False
2026-10-09T07:13:13+11:00,2628651,2509_304,-33.90077209472656,151.2130126953125,10.0,0.0,-72,-1.2,False
2026-10-09T09:56:55+11:00,2609003,2459_430,-33.891456604003906,151.18824768066406,43.0,0.0,20,0.33,True
2026-10-09T09:56:55+11:00,2287824,2459_483,-33.8856201171875,151.18179321289062,78.0,46.4,438,7.3,False
2026-10-09T09:56:55+11:00,2377019,2508_100,-33.83134460449219,151.2222900390625,112.0,0.0,-155,-2.58,False
2026-10-09T09:56:55+11:00,2428483,2508_238,-33.82480239868164,151.2510986328125,346.0,23.8,128,2.13,True
2026-10-09T09:56:55+11:00,2685913,2459_423,-33.89882278442383,151.1735076904297,263.0,45.7,-51,-0.85,True
2026-10-09T09:56:55+11:00,2288034,2459_431,-33.866180419921875,151.2098388671875,113.0,18.0,50,0.83,True
2026-10-09T09:56:55+11:00,2349517,2459_418,-33.91883850097656,151.16897583007812,143.0,0.0,152,2.53,True
2026-10-09T09:56:55+11:00,2289953,2459_442,-33.8671989440918,151.1753387451172,325.0,0.4,-59,-0.98,True
2026-10-09T09:56:55+11:00,2209585,2459_473,-33.93643569946289,151.14694213867188,200.0,0.0,-133,-2.22,False
2026-10-09T09:56:55+11:00,2285671,2459_470,-33.884315490722656,151.19688415527344,270.0,1.1,-10,-0.17,True
2026-10-09T09:56:55+11:00,2287188,2459_428,-33.87236785888672,151.21002197265625,360.0,0.0,-108,-1.8,False
2026-10-09T09:56:55+11:00,2554058,2459_358,-33.921287536621094,151.24029541015625,14.0,32.8,-111,-1.85,False
2026-10-09T09:56:55+11:00,1973297,2508_162,-33.79825210571289,151.25216674804688,32.0,39.6,54,0.9,True
2026-10-09T09:56:55+11:00,2146908,2508_161,-33.81296920776367,151.29397583007812,203.0,24.1,392,6.53,False
2026-10-09T09:56:55+11:00,2668043,2459_420,-33.93730545043945,151.15370178222656,233.0,2.9,100,1.67,True
2026-10-09T09:56:55+11:00,2438420,7084_SW2,-33.909732818603516,151.15464782714844,302.0,0.0,-32,-0.53,True
2026-10-09T09:56:55+11:00,2668047,2459_420,-33.924461364746094,151.18798828125,281.0,0.0,0,0.0,True
2026-10-09T09:56:55+11:00,2393096,2508_263,-33.821250915527344,151.23255920410156,279.0,25.9,78,1.3,True
2026-10-09T09:56:55+11:00,2287857,2459_438X,-33.84723663330078,151.12828063964844,10.0,41.0,-195,-3.25,False
2026-10-09T09:56:55+11:00,2719786,2514_194,-33.87238311767578,151.2056884765625,359.0,0.0,0,0.0,True
2026-10-09T09:56:55+11:00,2636209,2459_415,-33.84799575805664,151.14111328125,53.0,0.0,0,0.0,True
2026-10-09T09:56:55+11:00,2284080,2459_431,-33.88006591796875,151.20925903320312,20.0,0.0,79,1.32,True
2026-10-09T09:56:55+11:00,2596244,2459_490,-33.85201644897461,151.15292358398438,51.0,0.0,-339,-5.65,False
2026-10-09T09:56:55+11:00,2618172,2508_263,-33.84650802612305,151.2124786376953,164.0,37.8,-2,-0.03,True
2026-10-09T09:56:55+11:00,2421382,2508_230,-33.82917785644531,151.2091064453125,226.0,0.0,-126,-2.1,False
2026-10-09T09:56:55+11:00,2570104,7083_SW1,-33.91233444213867,151.1404571533203,124.0,5.8,222,3.7,True
2026-10-09T09:56:55+11:00,2288117,2459_426,-33.88123321533203,151.20628356933594,38.0,27.7,-125,-2.08,False
2026-10-09T09:56:55+11:00,2089754,2508_160X,-33.78567123413086,151.18443298339844,70.0,54.0,219,3.65,True
2026-10-09T09:56:55+11:00,2286832,2459_441,-33.867088317871094,151.21791076660156,35.0,1.4,-77,-1.28,False
2026-10-09T09:56:55+11:00,2428383,2508_B1,-33.86643981933594,151.20631408691406,5.0,0.0,0,0.0,True
2026-10-09T09:56:55+11:00,2685961,2459_423,-33.877197265625,151.20875549316406,188.0,14.8,315,5.25,True
2026-10-09T09:56:55+11:00,2736839,2459_445,-33.8580436706543,151.1833953857422,114.0,0.0,0,0.0,True
2026-10-09T09:56:55+11:00,2286880,2459_431,-33.87755584716797,151.18515014648438,325.0,0.0,-24,-0.4,True
2026-10-09T09:56:55+11:00,2714625,2508_114,-33.82780456542969,151.20204162597656,282.0,0.0,-151,-2.52,False
2026-10-09T09:56:55+11:00,2709595,2504_610X,-33.86087417602539,151.2059326171875,192.0,66.2,-61,-1.02,False
2026-10-09T09:56:55+11:00,2039010,2459_470,-33.88379669189453,151.187255859375,142.0,14.0,297,4.95,True
2026-10-09T09:56:55+11:00,2618167,2508_263,-33.82273864746094,151.20872497558594,97.0,27.7,35,0.58,True
2026-10-09T09:56:55+11:00,2668031,2459_420,-33.932804107666016,151.17901611328125,98.0,14.0,51,0.85,True
2026-10-09T09:56:55+11:00,2706081,2504_610X,-33.86463928222656,151.2047882080078,1.0,0.0,102,1.7,True
2026-10-09T09:56:55+11:00,1932426,2459_412,-33.91118240356445,151.1489715576172,41.0,39.2,221,3.68,True
2026-10-09T09:56:55+11:00,2707996,2504_607X,-33.804691314697266,151.14968872070312,119.0,77.0,-386,-6.43,False
2026-10-09T09:56:55+11:00,2596262,2459_492,-33.86492156982422,151.21096801757812,221.0,0.0,0,0.0,True
2026-10-09T09:56:55+11:00,2319914,7083_SW3,-33.90352249145508,151.14254760742188,-40.0,8.6,10,0.17,True
2026-10-09T09:56:55+11:00,2283504,2459_423,-33.91998291015625,151.14463806152344,25.0,0.0,-61,-1.02,False
2026-10-09T09:56:55+11:00,2596138,2459_491,-33.86988830566406,151.12940979003906,189.0,0.0,0,0.0,True
2026-10-09T09:56:55+11:00,2736565,2459_445,-33.884185791015625,151.15069580078125,85.0,37.4,175,2.92,True
2026-10-09T09:56:55+11:00,2392781,2508_114,-33.82894515991211,151.24417114257812,175.0,3.2,542,9.03,False
2026-10-09T09:56:55+11:00,2428332,2508_B1,-33.82972717285156,151.22750854492188,54.0,40.0,313,5.22,True
2026-10-09T09:56:55+11:00,2636239,2459_504,-33.86079406738281,151.16436767578125,128.0,53.3,-56,-0.93,True
2026-10-09T09:56:55+11:00,2554112,2459_358,-33.92151641845703,151.1837158203125,100.0,0.0,24,0.4,True
2026-10-09T09:56:55+11:00,1973449,2508_162,-33.80579376220703,151.26187133789062,285.0,7.2,193,3.22,True
2026-10-09T09:56:55+11:00,2289012,2459_303,-33.92376708984375,151.21115112304688,9.0,0.0,-23,-0.38,True
2026-10-09T09:56:55+11:00,2036755,2459_440,-33.8636474609375,151.17025756835938,206.0,0.0,0,0.0,True
2026-10-09T09:56:55+11:00,2474919,2459_389,-33.87191390991211,151.1951904296875,157.0,31.7,0,0.0,True
2026-10-09T09:56:55+11:00,2286425,2459_348,-33.90962600708008,151.206298828125,24.0,0.0,9,0.15,True
2026-10-09T09:56:55+11:00,2209239,2459_413,-33.894996643066406,151.1237335205078,271.0,24.8,55,0.92,True
2026-10-09T09:56:55+11:00,2554190,2459_358,-33.92404556274414,151.18447875976562,280.0,42.1,-134,-2.23,False
2026-10-09T09:56:55+11:00,2392745,2508_114,-33.83118438720703,151.2217254638672,113.0,0.7,139,2.32,True
2026-10-09T09:56:55+11:00,2618577,2459_422,-33.88247299194336,151.2048797607422,221.0,36.4,-9,-0.15,True
2026-10-09T09:56:55+11:00,2686027,2459_423,-33.864524841308594,151.2103729248047,244.0,0.0,0,0.0,True
2026-10-09T09:56:55+11:00,2209088,2459_464,-33.88880920410156,151.11734008789062,14.0,0.0,88,1.47,True
2026-10-09T09:56:55+11:00,2289386,2459_437,-33.873661041259766,151.1607208251953,162.0,36.0,183,3.05,True
2026-10-09T09:56:55+11:00,2287169,2459_433,-33.879554748535156,151.18695068359375,150.0,12.2,-66,-1.1,False
2026-10-09T09:56:55+11:00,2553940,2459_358,-33.91871643066406,151.16868591308594,321.0,36.0,0,0.0,True
2026-10-09T09:56:55+11:00,2288749,2459_389,-33.89128494262695,151.2477569580078,99.0,0.0,0,0.0,True
2026-10-09T09:56:55+11:00,2550167,2508_263,-33.86418533325195,151.2047882080078,350.0,18.7,281,4.68,True
2026-10-09T09:56:55+11:00,2036754,2459_440,-33.86274719238281,151.1687469482422,204.0,0.0,0,0.0,True
2026-10-09T09:56:55+11:00,2475335,2459_389,-33.87709426879883,151.21751403808594,193.0,30.6,175,2.92,True
2026-10-09T09:56:55+11:00,2685998,2459_423,-33.8895149230957,151.19027709960938,215.0,33.8,10,0.17,True
2026-10-09T09:56:55+11:00,2428431,2508_B1,-33.8659553527832,151.2063751220703,6.0,0.0,0,0.0,True
2026-10-09T09:56:55+11:00,2376955,2508_100,-33.84217834472656,151.2435302734375,349.0,11.5,50,0.83,True
2026-10-09T09:56:55+11:00,2388992,2508_145,-33.797855377197266,151.24935913085938,29.0,32.8,217,3.62,True
2026-10-09T09:56:55+11:00,2284656,2459_428,-33.90152359008789,151.1447296142578,9.0,38.9,232,3.87,True
2026-10-09T09:56:55+11:00,2290403,2459_470,-33.874725341796875,151.16482543945312,344.0,2.2,1610,26.83,False
2026-10-09T09:56:55+11:00,2596460,2459_492,-33.85126495361328,151.1547088623047,322.0,30.6,170,2.83,True
2026-10-09T09:56:55+11:00,2283491,2459_422,-33.884281158447266,151.19630432128906,89.0,0.0,-270,-4.5,False
2026-10-09T09:56:55+11:00,2285691,2459_438X,-33.88682174682617,151.17604064941406,75.0,48.6,-55,-0.92,True
2026-10-09T09:56:55+11:00,2375008,2508_100,-33.846500396728516,151.21249389648438,165.0,38.5,93,1.55,True
2026-10-09T09:56:55+11:00,2208425,2459_440,-33.877052307128906,151.21249389648438,304.0,0.0,-221,-3.68,False
2026-10-09T09:56:55+11:00,2286705,2459_437,-33.86738967895508,151.14149475097656,164.0,36.7,228,3.8,True
2026-10-09T09:56:55+11:00,2375977,2508_144,-33.79431915283203,151.26473999023438,104.0,20.9,325,5.42,True
2026-10-09T09:56:55+11:00,2596243,2459_490,-33.882354736328125,151.10769653320312,348.0,0.0,289,4.82,True
2026-10-09T09:56:55+11:00,2037359,2459_469,-33.885719299316406,151.14950561523438,81.0,0.0,7,0.12,True
2026-10-09T09:56:55+11:00,2596388,2459_491,-33.908607482910156,151.11961364746094,326.0,39.6,-140,-2.33,False
2026-10-09T09:56:55+11:00,2289256,2459_433,-33.87955093383789,151.20797729492188,102.0,0.0,0,0.0,True
2026-10-09T09:56:55+11:00,2515103,2459_410,-33.86698532104492,151.10577392578125,191.0,37.4,482,8.03,False
2026-10-09T09:56:55+11:00,2475324,2459_389,-33.8699836730957,151.1952667236328,155.0,0.0,0,0.0,True
2026-10-09T09:56:55+11:00,2286958,2459_461X,-33.871761322021484,151.21617126464844,46.0,0.0,0,0.0,True
2026-10-09T09:56:55+11:00,2428492,2508_B1,-33.80900192260742,151.24606323242188,36.0,37.1,220,3.67,True
2026-10-09T09:56:55+11:00,2596176,2459_492,-33.8702507019043,151.1292724609375,12.0,30.2,-124,-2.07,False
2026-10-09T09:56:55+11:00,2514777,2459_410,-33.86582946777344,151.10592651367188,12.0,44.3,-180,-3.0,False
2026-10-09T09:56:55+11:00,2286844,2459_433,-33.857967376708984,151.18287658691406,292.0,0.0,0,0.0,True
2026-10-09T09:56:55+11:00,2349380,2459_418,-33.88661193847656,151.1080780029297,92.0,39.6,-122,-2.03,False
2026-10-09T09:56:55+11:00,2373909,2508_100,-33.83137512207031,151.24435424804688,171.0,0.0,307,5.12,True
2026-10-09T09:56:55+11:00,1961550,2459_480,-33.88909912109375,151.1522216796875,75.0,43.6,-114,-1.9,False
2026-10-09T09:56:55+11:00,2686016,2459_423,-33.89126205444336,151.18861389160156,220.0,33.8,-134,-2.23,False
2026-10-09T09:56:55+11:00,2709244,2504_607X,-33.855106353759766,151.208984375,208.0,76.7,-312,-5.2,False
2026-10-09T09:56:55+11:00,2208667,2459_464,-33.86672592163086,151.1058349609375,9.0,34.6,-43,-0.72,True
2026-10-09T09:56:55+11:00,2284266,2459_426,-33.908023834228516,151.16357421875,34.0,33.8,313,5.22,True
2026-10-09T09:56:55+11:00,2289504,2459_431,-33.882843017578125,151.2080535888672,272.0,25.9,0,0.0,True
2026-10-09T09:56:55+11:00,2424372,2508_230,-33.85054016113281,151.212158203125,277.0,0.0,0,0.0,True
2026-10-09T09:56:55+11:00,2719509,2514_271,-33.824947357177734,151.2114715576172,308.0,52.2,-26,-0.43,True
2026-10-09T09:56:55+11:00,2554307,2459_358,-33.92226028442383,151.20240783691406,279.0,32.8,-250,-4.17,False
2026-10-09T09:56:55+11:00,2421187,2508_225,-33.83869934082031,151.22178649902344,204.0,22.7,-66,-1.1,False
2026-10-09T09:56:55+11:00,2660181,2459_320,-33.90153884887695,151.20883178710938,44.0,29.9,-136,-2.27,False
2026-10-09T09:56:55+11:00,2454791,2508_225,-33.84181594848633,151.2189483642578,184.0,0.0,0,0.0,True
2026-10-09T09:56:55+11:00,2208852,2459_440,-33.88964080810547,151.2334442138672,294.0,0.0,-131,-2.18,False
2026-10-09T09:56:55+11:00,2618562,2459_422,-33.915401458740234,151.175048828125,246.0,8.6,99,1.65,True
2026-10-09T09:56:55+11:00,2037358,2459_469,-33.87981414794922,151.18698120117188,325.0,22.3,-120,-2.0,False
2026-10-09T09:56:55+11:00,2283432,2459_422,-33.88058090209961,151.20675659179688,196.0,0.0,0,0.0,True
2026-10-09T09:56:55+11:00,2514766,2459_410,-33.86576461791992,151.10604858398438,201.0,34.9,-80,-1.33,False
2026-10-09T09:56:55+11:00,2567019,2508_144,-33.8088264465332,151.17840576171875,24.0,27.0,176,2.93,True
2026-10-09T09:56:55+11:00,2377030,2508_144,-33.82384490966797,151.19737243652344,136.0,35.6,588,9.8,False
2026-10-09T09:56:55+11:00,2208144,2459_530,-33.87089538574219,151.10488891601562,188.0,7.6,0,0.0,True
2026-10-09T09:56:55+11:00,2289014,2459_437,-33.870872497558594,151.20602416992188,81.0,0.0,110,1.83,True
2026-10-09T09:56:55+11:00,2283015,2459_348,-33.91059112548828,151.1962127685547,130.0,34.2,59,0.98,True
2026-10-09T09:56:55+11:00,2377677,2508_B1,-33.83006286621094,151.22703552246094,239.0,0.0,164,2.73,True
2026-10-09T09:56:55+11:00,2428384,2508_238,-33.83453369140625,151.24368286132812,192.0,23.4,0,0.0,True
2026-10-09T09:56:55+11:00,2720305,2514_281,-33.79247283935547,151.19570922851562,248.0,0.0,-69,-1.15,False
2026-10-09T09:56:55+11:00,2428475,2508_238,-33.83041000366211,151.2258758544922,60.0,0.0,12,0.2,True
2026-10-09T09:56:55+11:00,2686008,2459_423,-33.90195846557617,151.1695556640625,202.0,29.9,48,0.8,True
2026-10-09T09:56:55+11:00,2287315,2459_422,-33.901546478271484,151.1787567138672,339.0,28.4,-61,-1.02,False
2026-10-09T09:56:55+11:00,2725800,7083_SW1,-33.91442108154297,151.15264892578125,207.0,19.8,12,0.2,True
2026-10-09T09:56:55+11:00,2208421,2459_464,-33.888729095458984,151.12477111816406,311.0,21.2,-4,-0.07,True
2026-10-09T09:56:55+11:00,2428353,2508_B1,-33.830265045166016,151.21929931640625,116.0,0.7,-33,-0.55,True
2026-10-09T09:56:55+11:00,2725781,7083_SW1,-33.91409683227539,151.1663818359375,229.0,0.0,-188,-3.13,False
2026-10-09T09:56:55+11:00,2620055,2459_530,-33.81309509277344,151.17001342773438,308.0,14.0,178,2.97,True
2026-10-09T09:56:55+11:00,1963810,2459_412,-33.88478088378906,151.1914520263672,267.0,19.8,110,1.83,True
2026-10-09T09:56:55+11:00,2308814,2459_445,-33.885929107666016,151.15721130371094,353.0,16.6,-76,-1.27,False
2026-10-09T09:56:55+11:00,2375612,2508_B1,-33.85783386230469,151.20729064941406,208.0,74.9,-67,-1.12,False
2026-10-09T09:56:55+11:00,2290081,2459_433,-33.871070861816406,151.21437072753906,314.0,0.0,,,
2026-10-09T09:56:55+11:00,2421378,2508_230,-33.8328971862793,151.23638916015625,29.0,0.0,-11,-0.18,True
2026-10-09T09:56:55+11:00,2285686,2459_461X,-33.888572692871094,151.15560913085938,75.0,0.0,96,1.6,True
2026-10-09T09:56:55+11:00,1963809,2459_412,-33.91130065917969,151.141357421875,292.0,1.8,-149,-2.48,False
2026-10-09T09:56:55+11:00,2287662,2459_438X,-33.87306594848633,151.20993041992188,186.0,0.0,-23,-0.38,True
2026-10-09T09:56:55+11:00,2290536,2459_438X,-33.885231018066406,151.18426513671875,260.0,27.4,325,5.42,True
2026-10-09T09:56:55+11:00,2721376,2514_194,-33.781070709228516,151.19593811035156,321.0,0.0,202,3.37,True
2026-10-09T09:56:55+11:00,2285885,2459_428,-33.91143035888672,151.11880493164062,140.0,0.0,0,0.0,True
2026-10-09T09:56:55+11:00,2736837,2459_428,-33.8680419921875,151.21055603027344,5.0,0.0,0,0.0,True
2026-10-09T09:56:55+11:00,2706427,2504_610X,-33.80138397216797,151.14596557617188,320.0,68.8,146,2.43,True
2026-10-09T09:56:55+11:00,2289051,2459_389,-33.871009826660156,151.20550537109375,346.0,16.9,-156,-2.6,False
2026-10-09T09:56:55+11:00,2286755,2459_461X,-33.87064743041992,151.11741638183594,96.0,42.8,8,0.13,True
2026-10-09T09:56:55+11:00,2290415,2459_423,-33.884639739990234,151.1947021484375,18.0,0.0,-56,-0.93,True
2026-10-09T09:56:55+11:00,2036786,2459_440,-33.88364028930664,151.2218475341797,103.0,3.2,-182,-3.03,False
2026-10-09T09:56:55+11:00,2554374,2459_358,-33.916709899902344,151.23646545410156,189.0,20.9,166,2.77,True
2026-10-09T09:56:55+11:00,2289687,2459_438X,-33.87773132324219,151.20933532714844,1.0,31.0,175,2.92,True
2026-10-09T09:56:55+11:00,2208259,2459_408,-33.87466812133789,151.1075897216797,6.0,16.6,0,0.0,True
2026-10-09T09:56:55+11:00,2424419,2508_230,-33.82955551147461,151.2152099609375,59.0,21.2,50,0.83,True
2026-10-09T09:56:55+11:00,2284832,2459_461X,-33.88130569458008,151.20518493652344,303.0,0.0,-180,-3.0,False
2026-10-09T09:56:55+11:00,2736829,2459_445,-33.863101959228516,151.17059326171875,202.0,23.4,160,2.67,True
2026-10-09T09:56:55+11:00,2286272,2459_438X,-33.8803825378418,151.13868713378906,327.0,36.4,-56,-0.93,True
2026-10-09T09:56:55+11:00,2721106,2514_565,-33.7966423034668,151.18032836914062,2.0,0.0,88,1.47,True
2026-10-09T09:56:55+11:00,2376077,2508_172X,-33.83121109008789,151.2130584716797,18.0,28.8,38,0.63,True
2026-10-09T09:56:55+11:00,2290699,2459_422,-33.88888168334961,151.1818084716797,139.0,10.4,160,2.67,True
2026-10-09T09:56:55+11:00,2550337,2508_144,-33.829078674316406,151.20965576171875,280.0,20.2,-66,-1.1,False
2026-10-09T09:56:55+11:00,2613633,7084_SW2,-33.90894317626953,151.16091918945312,124.0,20.9,-200,-3.33,False
2026-10-09T09:56:55+11:00,2704915,2504_610X,-33.8106803894043,151.1658935546875,104.0,73.8,-184,-3.07,False
2026-10-09T09:56:55+11:00,2636057,2459_504,-33.851722717285156,151.1326446533203,100.0,40.3,157,2.62,True
2026-10-09T09:56:55+11:00,2710871,2504_607X,-33.815086364746094,151.20010375976562,333.0,82.4,115,1.92,True
2026-10-09T09:56:55+11:00,2613614,7084_SW2,-33.906593322753906,151.1268310546875,37.0,24.8,-34,-0.57,True
2026-10-09T09:56:55+11:00,2570118,7083_SW1,-33.91078567504883,151.15696716308594,120.0,28.4,235,3.92,True
2026-10-09T09:56:55+11:00,2287938,2459_348,-33.91241455078125,151.19998168945312,286.0,45.0,81,1.35,True
2026-10-09T09:56:55+11:00,2038197,2459_440,-33.88346862792969,151.20359802246094,47.0,0.0,49,0.82,True
2026-10-09T09:56:55+11:00,2209332,2459_440,-33.88048553466797,151.15660095214844,353.0,0.0,-299,-4.98,False
2026-10-09T09:56:55+11:00,2319173,7083_SW3,-33.91437911987305,151.16598510742188,0.0,0.0,-213,-3.55,False
2026-10-09T09:56:55+11:00,2685991,2459_423,-33.864768981933594,151.2109832763672,217.0,14.4,0,0.0,True
2026-10-09T09:56:55+11:00,2287815,2459_441,-33.86875915527344,151.1843719482422,108.0,49.7,-165,-2.75,False
2026-10-09T09:56:55+11:00,2642610,2503_M90,-33.87523651123047,151.10406494140625,9.0,0.0,-735,-12.25,False
2026-10-09T09:56:55+11:00,2285044,2459_461X,-33.876529693603516,151.12933349609375,329.0,38.2,240,4.0,True
2026-10-09T09:56:55+11:00,2590045,2508_280,-33.782962799072266,151.1932830810547,70.0,46.1,264,4.4,True
2026-10-09T09:56:55+11:00,2289995,2459_348,-33.920772552490234,151.2369384765625,98.0,0.0,0,0.0,True
2026-10-09T09:56:55+11:00,2668058,2459_420,-33.87575912475586,151.10397338867188,190.0,30.2,110,1.83,True
2026-10-09T09:56:55+11:00,2619978,2459_530,-33.86204528808594,151.13662719726562,248.0,43.6,2,0.03,True
2026-10-09T09:56:55+11:00,2290497,2459_426,-33.86570358276367,151.21022033691406,217.0,0.0,0,0.0,True
2026-10-09T09:56:55+11:00,2596157,2459_491,-33.89999771118164,151.12017822265625,200.0,31.3,356,5.93,True
2026-10-09T09:56:55+11:00,2721370,2514_277,-33.79535675048828,151.18280029296875,343.0,13.0,0,0.0,True
2026-10-09T09:56:55+11:00,2209625,2459_440,-33.88446807861328,151.1971435546875,267.0,15.1,-364,-6.07,False
2026-10-09T09:56:55+11:00,2038755,2459_440,-33.890472412109375,151.24293518066406,110.0,0.0,-176,-2.93,False
2026-10-09T09:56:55+11:00,2720551,2514_270,-33.78276062011719,151.19699096679688,151.0,35.3,407,6.78,False
2026-10-09T09:56:55+11:00,2736855,2459_308,-33.904823303222656,151.17352294921875,247.0,0.0,-217,-3.62,False
2026-10-09T09:56:55+11:00,2039011,2459_470,-33.881290435791016,151.17051696777344,110.0,0.0,95,1.58,True
2026-10-09T09:56:55+11:00,2736852,2459_428,-33.89845275878906,151.14599609375,227.0,48.6,-66,-1.1,False
2026-10-09T09:56:55+11:00,2707927,2504_620X,-33.85878372192383,151.20669555664062,205.0,63.4,-437,-7.28,False
2026-10-09T09:56:55+11:00,2089284,2508_160X,-33.81272506713867,151.17974853515625,283.0,69.8,0,0.0,True
2026-10-09T09:56:55+11:00,1959805,2459_413,-33.89742660522461,151.12078857421875,341.0,39.2,357,5.95,True
2026-10-09T09:56:55+11:00,2736834,2459_308,-33.88510513305664,151.20787048339844,51.0,0.0,-49,-0.82,True
2026-10-09T09:56:55+11:00,2287643,2459_389,-33.87935256958008,151.2213134765625,287.0,0.0,105,1.75,True
2026-10-09T09:56:55+11:00,2376615,2508_173X,-33.86619567871094,151.2063446044922,7.0,0.0,0,0.0,True
2026-10-09T09:56:55+11:00,2374883,2508_100,-33.82813262939453,151.23046875,240.0,0.4,378,6.3,False
2026-10-09T09:56:55+11:00,2284344,2459_423,-33.89651870727539,151.17970275878906,48.0,7.6,-155,-2.58,False
2026-10-09T09:56:55+11:00,2567022,2508_144,-33.80844497680664,151.1786651611328,23.0,30.6,713,11.88,False
2026-10-09T09:56:55+11:00,2089827,2508_160X,-33.79630661010742,151.18096923828125,183.0,0.0,0,0.0,True
2026-10-09T09:56:55+11:00,2550210,2508_144,-33.81553649902344,151.17820739746094,340.0,49.3,-137,-2.28,False
2026-10-09T09:56:55+11:00,2376375,2508_111,-33.837982177734375,151.2356719970703,29.0,37.4,50,0.83,True
2026-10-09T09:56:55+11:00,2208394,2459_440,-33.89092254638672,151.2488250732422,95.0,0.0,0,0.0,True
2026-10-09T09:56:55+11:00,2421415,2508_230,-33.84618377685547,151.21148681640625,169.0,0.0,-64,-1.07,False
2026-10-09T09:56:55+11:00,2714693,2508_114,-33.82447052001953,151.23828125,270.0,30.2,20,0.33,True
2026-10-09T09:56:55+11:00,2283135,2459_438X,-33.84484100341797,151.1284942626953,359.0,0.0,0,0.0,True
2026-10-09T09:56:55+11:00,2209672,2459_413,-33.8831901550293,151.2037353515625,213.0,30.2,-75,-1.25,False
2026-10-09T09:56:55+11:00,2290834,2459_442,-33.85689163208008,151.1779022216797,189.0,0.0,34,0.57,True
2026-10-09T09:56:55+11:00,2636296,2459_415,-33.869407653808594,151.10850524902344,278.0,38.2,138,2.3,True
2026-10-09T09:56:55+11:00,2590158,2508_280,-33.78358459472656,151.19187927246094,246.0,39.2,49,0.82,True
2026-10-09T09:56:55+11:00,2619996,2459_530,-33.8739128112793,151.1043701171875,190.0,19.4,116,1.93,True
2026-10-09T09:56:55+11:00,2285168,2459_389,-33.888397216796875,151.23731994628906,256.0,0.0,6,0.1,True
2026-10-09T09:56:55+11:00,2285928,2459_438X,-33.86492156982422,151.2099151611328,226.0,0.0,0,0.0,True
2026-10-09T09:56:55+11:00,1962546,2459_413,-33.88618850708008,151.17877197265625,74.0,0.0,-193,-3.22,False
2026-10-09T09:56:55+11:00,2349396,2459_418,-33.90591812133789,151.1270751953125,174.0,13.7,356,5.93,True
2026-10-09T09:56:55+11:00,2283709,2459_348,-33.909912109375,151.2230224609375,99.0,0.0,27,0.45,True
2026-10-09T09:56:55+11:00,2475032,2459_389,-33.870887756347656,151.2058563232422,85.0,0.0,136,2.27,True
2026-10-09T09:56:55+11:00,2424360,2508_230,-33.82438278198242,151.2388916015625,91.0,20.5,346,5.77,True
2026-10-09T09:56:55+11:00,2038633,2459_440,-33.8879280090332,151.1675567626953,265.0,35.3,-18,-0.3,True
2026-10-09T09:56:55+11:00,2309013,2459_445,-33.90515899658203,151.13351440429688,122.0,28.1,179,2.98,True
2026-10-09T09:56:55+11:00,1940064,2459_412,-33.89200973510742,151.1675567626953,241.0,41.0,226,3.77,True
2026-10-09T09:56:55+11:00,2289793,2459_438X,-33.8825798034668,151.2042999267578,195.0,0.0,70,1.17,True
2026-10-09T09:56:55+11:00,2660391,2459_320,-33.89255142211914,151.2074737548828,190.0,30.2,-70,-1.17,False
2026-10-09T09:56:55+11:00,2287394,2459_442,-33.85701370239258,151.19549560546875,78.0,0.0,0,0.0,True
2026-10-09T09:56:55+11:00,2290240,2459_438X,-33.88429260253906,151.1984100341797,88.0,0.0,101,1.68,True
2026-10-09T09:56:55+11:00,2596381,2459_490,-33.87481689453125,151.107421875,3.0,4.0,37,0.62,True
2026-10-09T09:56:55+11:00,2286671,2459_437,-33.88432312011719,151.1428680419922,258.0,38.2,66,1.1,True
2026-10-09T09:56:55+11:00,2329314,7083_SW3,-33.91401672363281,151.16650390625,265.0,10.4,792,13.2,False
2026-10-09T09:56:55+11:00,2376101,2508_100,-33.871463775634766,151.20639038085938,175.0,0.0,-15,-0.25,True
2026-10-09T09:56:55+11:00,1940065,2459_412,-33.869964599609375,151.21034240722656,180.0,0.0,86,1.43,True
2026-10-09T09:56:55+11:00,2209505,2459_440,-33.88481903076172,151.18775939941406,267.0,0.0,0,0.0,True
2026-10-09T09:56:55+11:00,2309026,2459_445,-33.86650085449219,151.16592407226562,39.0,0.0,-143,-2.38,False
2026-10-09T09:56:55+11:00,2283513,2459_433,-33.88439178466797,151.1970672607422,268.0,22.3,102,1.7,True
2026-10-09T09:56:55+11:00,2608961,2459_430,-33.91565704345703,151.16546630859375,8.0,0.0,0,0.0,True
2026-10-09T09:56:55+11:00,2288141,2459_426,-33.872310638427734,151.2100067138672,187.0,31.7,194,3.23,True
2026-10-09T09:56:55+11:00,2376262,2508_144,-33.80498504638672,151.1793212890625,177.0,0.0,-60,-1.0,False
2026-10-09T09:56:55+11:00,2736721,2459_428,-33.877952575683594,151.20933532714844,186.0,1.8,171,2.85,True
2026-10-09T09:56:55+11:00,2636214,2459_504,-33.87366485595703,151.2021484375,248.0,40.7,129,2.15,True
2026-10-09T09:56:55+11:00,2208740,2459_464,-33.87656784057617,151.1038360595703,188.0,0.0,506,8.43,False
2026-10-09T09:56:55+11:00,2475317,2459_389,-33.870872497558594,151.2060089111328,84.0,0.0,0,0.0,True
2026-10-09T09:56:55+11:00,2284428,2459_428,-33.89567947387695,151.18116760253906,43.0,27.0,-61,-1.02,False
2026-10-09T09:56:55+11:00,2736561,2459_308,-33.908538818359375,151.1718292236328,78.0,0.0,0,0.0,True
2026-10-09T09:56:55+11:00,2377083,2508_100,-33.83121871948242,151.22203063964844,114.0,0.0,205,3.42,True
2026-10-09T09:56:55+11:00,2636260,2459_504,-33.85581588745117,151.158935546875,323.0,46.1,177,2.95,True
2026-10-09T09:56:55+11:00,2287553,2459_461X,-33.88783645629883,151.15951538085938,260.0,0.0,-88,-1.47,False
2026-10-09T09:56:55+11:00,2376997,2508_B1,-33.82444763183594,151.23719787597656,270.0,9.7,-127,-2.12,False
2026-10-09T09:56:55+11:00,2736804,2459_445,-33.90517044067383,151.1376495361328,246.0,43.6,-18,-0.3,True
2026-10-09T09:56:55+11:00,2484479,2459_483,-33.887611389160156,151.17117309570312,264.0,0.0,145,2.42,True
2026-10-09T09:56:55+11:00,2290554,2459_303,-33.9211540222168,151.2379608154297,281.0,0.0,0,0.0,True
2026-10-09T09:56:55+11:00,2209246,2459_530,-33.868385314941406,151.12950134277344,98.0,10.4,226,3.77,True
2026-10-09T09:56:55+11:00,2209382,2459_464,-33.8578987121582,151.1035919189453,166.0,1.8,59,0.98,True
2026-10-09T09:56:55+11:00,2038198,2459_440,-33.8875846862793,151.17095947265625,84.0,0.0,268,4.47,True
2026-10-09T09:56:55+11:00,2288774,2459_442,-33.85704803466797,151.19537353515625,75.0,0.0,0,0.0,True
2026-10-09T09:56:55+11:00,2037314,2459_470,-33.88035583496094,151.20884704589844,54.0,11.9,24,0.4,True
2026-10-09T09:56:55+11:00,2375565,2508_100,-33.83842086791992,151.24505615234375,181.0,36.4,-144,-2.4,False
2026-10-09T09:56:55+11:00,2290173,2459_461X,-33.88514709472656,151.18399047851562,78.0,0.0,172,2.87,True
2026-10-09T09:56:55+11:00,1960857,2459_412,-33.884273529052734,151.1960906982422,89.0,7.2,-331,-5.52,False
2026-10-09T09:56:55+11:00,2376968,2508_144,-33.82449722290039,151.23489379882812,64.0,9.7,853,14.22,False
2026-10-09T09:56:55+11:00,2660370,2459_320,-33.885047912597656,151.2079315185547,51.0,15.1,62,1.03,True
2026-10-09T09:56:55+11:00,2286081,2459_418,-33.90666580200195,151.12765502929688,310.0,0.0,-82,-1.37,False
2026-10-09T09:56:55+11:00,2596435,2459_492,-33.88489532470703,151.1082763671875,189.0,36.7,299,4.98,True
2026-10-09T09:56:55+11:00,2286843,2459_423,-33.91116714477539,151.1578826904297,126.0,16.6,120,2.0,True
2026-10-09T09:56:55+11:00,2685964,2459_423,-33.8667106628418,151.2107391357422,183.0,22.7,111,1.85,True
2026-10-09T09:56:55+11:00,2554250,2459_358,-33.92054748535156,151.19032287597656,104.0,50.4,357,5.95,True
2026-10-09T09:56:55+11:00,2375954,2508_172X,-33.79911422729492,151.2510223388672,246.0,38.2,101,1.68,True
2026-10-09T09:56:55+11:00,2209226,2459_464,-33.848026275634766,151.10702514648438,69.0,7.2,240,4.0,True
2026-10-09T09:56:55+11:00,2514754,2459_410,-33.85717010498047,151.10330200195312,349.0,0.0,129,2.15,True
2026-10-09T09:56:55+11:00,2636236,2459_504,-33.87392807006836,151.2154541015625,9.0,24.1,14,0.23,True
2026-10-09T09:56:55+11:00,2288901,2459_431,-33.871856689453125,151.1801300048828,233.0,0.0,10,0.17,True
2026-10-09T09:56:55+11:00,2596416,2459_490,-33.85038757324219,151.1551971435547,108.0,0.0,113,1.88,True
2026-10-09T09:56:55+11:00,2284246,2459_389,-33.86772537231445,151.1927947998047,332.0,0.0,-11,-0.18,True
2026-10-09T09:56:55+11:00,2736608,2459_428,-33.894371032714844,151.1825714111328,219.0,18.0,-25,-0.42,True
2026-10-09T09:56:55+11:00,2288313,2459_422,-33.9312858581543,151.15452575683594,38.0,0.0,37,0.62,True
2026-10-09T09:56:55+11:00,2660143,2459_320,-33.885501861572266,151.2030792236328,158.0,0.0,0,0.0,True
2026-10-09T09:56:55+11:00,2374603,2508_172X,-33.84463119506836,151.21185302734375,164.0,39.6,-65,-1.08,False
2026-10-09T09:56:55+11:00,2290976,2459_461X,-33.88468933105469,151.18980407714844,93.0,47.2,596,9.93,False
2026-10-09T09:56:55+11:00,2285015,2459_470,-33.8646354675293,151.2102508544922,228.0,0.0,0,0.0,True
2026-10-09T09:56:55+11:00,2038634,2459_440,-33.88422775268555,151.20040893554688,268.0,0.0,10,0.17,True
2026-10-09T09:56:55+11:00,2039012,2459_470,-33.87388610839844,151.1617431640625,73.0,0.0,0,0.0,True
2026-10-09T09:56:55+11:00,2720620,2514_194,-33.865684509277344,151.2056884765625,174.0,0.0,-68,-1.13,False
2026-10-09T09:56:55+11:00,2285003,2459_442,-33.86978530883789,151.202880859375,1.0,27.4,-121,-2.02,False
2026-10-09T09:56:55+11:00,2632183,2510_301,-33.936405181884766,151.2093963623047,126.0,38.9,42,0.7,True
2026-10-09T09:56:55+11:00,2375609,2508_100,-33.824440002441406,151.23826599121094,270.0,17.6,112,1.87,True
2026-10-09T09:56:55+11:00,2377529,2508_173X,-33.81296157836914,151.24459838867188,247.0,7.2,381,6.35,False
2026-10-09T09:56:55+11:00,2283879,2459_406,-33.86914825439453,151.12974548339844,253.0,0.0,116,1.93,True
2026-10-09T09:56:55+11:00,1960701,2459_413,-33.88228988647461,151.205078125,46.0,34.6,444,7.4,False
2026-10-09T09:56:55+11:00,2036753,2459_440,-33.88235855102539,151.15692138671875,173.0,15.5,159,2.65,True
2026-10-09T09:56:55+11:00,2685918,2459_423,-33.91352462768555,151.1531524658203,213.0,0.0,-38,-0.63,True
2026-10-09T09:56:55+11:00,2377448,2508_243,-33.828956604003906,151.21412658691406,101.0,0.0,0,0.0,True
2026-10-09T09:56:55+11:00,2454746,2508_225,-33.835182189941406,151.22833251953125,274.0,35.6,230,3.83,True
2026-10-09T09:56:55+11:00,2286098,2459_426,-33.89872741699219,151.17532348632812,261.0,33.8,-158,-2.63,False
2026-10-09T09:56:55+11:00,2714700,2508_144,-33.819664001464844,151.24380493164062,187.0,32.4,131,2.18,True
2026-10-09T09:56:55+11:00,2283127,2459_428,-33.8812141418457,151.20631408691406,36.0,33.8,-264,-4.4,False
2026-10-09T09:56:55+11:00,2037575,2459_440,-33.87785720825195,151.15628051757812,348.0,30.6,3088,51.47,False
2026-10-09T09:56:55+11:00,2375163,2508_100,-33.869319915771484,151.20513916015625,353.0,0.0,171,2.85,True
2026-10-09T09:56:55+11:00,2376747,2508_243,-33.8208122253418,151.23226928710938,191.0,18.0,195,3.25,True
2026-10-09T09:56:55+11:00,2287856,2459_470,-33.878135681152344,151.2077178955078,280.0,6.8,-91,-1.52,False
2026-10-09T09:56:55+11:00,2209618,2459_530,-33.79713821411133,151.1781463623047,348.0,28.1,-304,-5.07,False
2026-10-09T09:56:55+11:00,2377321,2508_100,-33.825035095214844,151.24954223632812,101.0,27.4,3,0.05,True
2026-10-09T09:56:55+11:00,2288213,2459_438X,-33.8671875,151.12994384765625,190.0,26.3,-10,-0.17,True
2026-10-09T09:56:55+11:00,2289990,2459_442,-33.857139587402344,151.1803436279297,124.0,17.3,-74,-1.23,False
2026-10-09T09:56:55+11:00,2719735,2514_281,-33.7956428527832,151.18263244628906,71.0,0.7,104,1.73,True
2026-10-09T09:56:55+11:00,2283888,2459_433,-33.88278579711914,151.20436096191406,66.0,19.4,-32,-0.53,True
2026-10-09T09:56:55+11:00,2635925,2459_504,-33.87112045288086,151.1923370361328,112.0,52.9,-20,-0.33,True
2026-10-09T09:56:55+11:00,2681971,2507_202,-33.810855865478516,151.21133422851562,99.0,2.9,1,0.02,True
2026-10-09T09:56:55+11:00,2672290,2507_115,-33.794918060302734,151.19654846191406,337.0,37.4,-247,-4.12,False
2026-10-09T09:56:55+11:00,2643677,2507_207,-33.799842834472656,151.2105712890625,160.0,48.6,-71,-1.18,False
2026-10-09T09:56:55+11:00,2672265,2507_267,-33.83723449707031,151.1846466064453,54.0,31.3,35,0.58,True
2026-10-09T09:56:55+11:00,2644470,2507_52,-33.869041442871094,151.18521118164062,287.0,54.4,132,2.2,True
2026-10-09T09:56:55+11:00,2654569,2507_52,-33.836570739746094,151.12950134277344,115.0,41.0,-78,-1.3,False
2026-10-09T09:56:55+11:00,2682108,2507_202,-33.863975524902344,151.2094268798828,346.0,0.0,0,0.0,True
2026-10-09T09:56:55+11:00,2672469,2507_115,-33.79264450073242,151.1946563720703,69.0,0.0,96,1.6,True
2026-10-09T09:56:55+11:00,2643016,2507_52,-33.87364959716797,151.21209716796875,101.0,0.0,0,0.0,True
2026-10-09T09:56:55+11:00,2672340,2507_115,-33.79627227783203,151.1812744140625,15.0,0.0,0,0.0,True
2026-10-09T09:56:55+11:00,2643721,2507_501,-33.83251953125,151.12696838378906,176.0,0.0,84,1.4,True
2026-10-09T09:56:55+11:00,2621575,2507_252,-33.82329559326172,151.1948699951172,259.0,32.8,-136,-2.27,False
2026-10-09T09:56:55+11:00,2731222,2507_295,-33.81215286254883,151.16949462890625,295.0,48.6,0,0.0,True
2026-10-09T09:56:55+11:00,2538332,2507_506,-33.83097839355469,151.14122009277344,139.0,0.0,31,0.52,True
2026-10-09T09:56:55+11:00,2644289,2507_501,-33.86786651611328,151.179931640625,82.0,15.8,-79,-1.32,False
2026-10-09T09:56:55+11:00,2634547,2507_261,-33.83173370361328,151.1666259765625,335.0,14.8,-14,-0.23,True
2026-10-09T09:56:55+11:00,2621403,2507_252,-33.82872772216797,151.1389923095703,322.0,0.0,335,5.58,True
2026-10-09T09:56:55+11:00,2645046,2507_120,-33.795616149902344,151.1826934814453,68.0,0.0,109,1.82,True
2026-10-09T09:56:55+11:00,2644315,2507_120,-33.799503326416016,151.19876098632812,159.0,45.0,177,2.95,True
2026-10-09T09:56:55+11:00,2682027,2507_267,-33.81127166748047,151.21084594726562,196.0,28.1,99,1.65,True
2026-10-09T09:56:55+11:00,2537831,2507_506,-33.87369155883789,151.21237182617188,101.0,12.6,292,4.87,True
2026-10-09T09:56:55+11:00,2744508,2507_292,-33.80607604980469,151.16587829589844,100.0,0.0,-164,-2.73,False
2026-10-09T09:56:55+11:00,2731322,2507_291,-33.82423400878906,151.1917724609375,63.0,0.0,84,1.4,True
2026-10-09T09:56:55+11:00,2644413,2507_120,-33.81503677368164,151.2005615234375,155.0,39.2,425,7.08,False
2026-10-09T09:56:55+11:00,2643647,2507_120,-33.84921646118164,151.21250915527344,14.0,63.4,354,5.9,True
2026-10-09T09:56:55+11:00,2406909,2507_252,-33.82493209838867,151.1387481689453,208.0,41.8,122,2.03,True
2026-10-09T09:56:55+11:00,2738498,2507_533,-33.80661392211914,151.17469787597656,256.0,28.1,50,0.83,True
2026-10-09T09:56:55+11:00,2555566,2507_538,-33.82109451293945,151.1395721435547,119.0,34.9,-6,-0.1,True
2026-10-09T09:56:55+11:00,2644079,2507_501,-33.86237335205078,151.1675567626953,306.0,33.5,464,7.73,False
2026-10-09T09:56:55+11:00,2672329,2507_115,-33.8153076171875,151.20069885253906,155.0,50.8,98,1.63,True
2026-10-09T09:56:55+11:00,2537742,2507_506,-33.810150146484375,151.1321258544922,42.0,0.0,0,0.0,True
2026-10-09T09:56:55+11:00,2555442,2507_291,-33.81276321411133,151.1756591796875,327.0,0.0,267,4.45,True
2026-10-09T09:56:55+11:00,2407782,2507_252,-33.828617095947266,151.20159912109375,150.0,0.0,29,0.48,True
2026-10-09T09:56:55+11:00,2644405,2507_120,-33.870384216308594,151.2054443359375,352.0,27.4,17,0.28,True
2026-10-09T09:56:55+11:00,2581575,2507_269,-33.84267044067383,151.2139434814453,193.0,15.1,282,4.7,True
2026-10-09T09:56:55+11:00,2672412,2507_115,-33.82975769042969,151.20220947265625,148.0,42.8,311,5.18,True
2026-10-09T09:56:55+11:00,2227672,2507_261,-33.831729888916016,151.16664123535156,351.0,18.7,-1,-0.02,True
2026-10-09T09:56:55+11:00,2537960,2507_506,-33.856529235839844,151.1598358154297,141.0,1.1,469,7.82,False
2026-10-09T09:56:55+11:00,2643142,2507_202,-33.811275482177734,151.21072387695312,189.0,0.0,466,7.77,False
2026-10-09T09:56:55+11:00,2634577,2507_254,-33.84807586669922,151.20372009277344,182.0,0.0,0,0.0,True
2026-10-09T09:56:55+11:00,2738427,2507_533,-33.80659484863281,151.1745147705078,82.0,20.9,-247,-4.12,False
2026-10-09T09:56:55+11:00,2643124,2507_120,-33.803001403808594,151.19825744628906,8.0,20.2,420,7.0,False
2026-10-09T09:56:55+11:00,2744574,2507_292,-33.81248474121094,151.17169189453125,260.0,0.0,86,1.43,True
2026-10-09T09:56:55+11:00,2228101,2507_288,-33.859981536865234,151.20590209960938,22.0,62.6,-1,-0.02,True
2026-10-09T09:56:55+11:00,2322379,2507_506,-33.8475456237793,151.15208435058594,332.0,0.0,232,3.87,True
2026-10-09T09:56:55+11:00,2228110,2507_275,-33.79079818725586,151.2012481689453,70.0,43.9,62,1.03,True
2026-10-09T09:56:55+11:00,2644468,2507_207,-33.84084701538086,151.20687866210938,281.0,0.0,-14,-0.23,True
2026-10-09T09:56:55+11:00,2672291,2507_267,-33.80278015136719,151.19419860839844,279.0,29.5,30,0.5,True
2026-10-09T09:56:55+11:00,2654455,2507_52,-33.87294006347656,151.20428466796875,65.0,29.2,108,1.8,True
2026-10-09T09:56:55+11:00,2643396,2507_52,-33.828285217285156,151.12643432617188,355.0,30.6,348,5.8,True
2026-10-09T09:56:55+11:00,2642924,2507_52,-33.87411880493164,151.2150115966797,102.0,0.0,0,0.0,True
2026-10-09T09:56:55+11:00,2644649,2507_501,-33.880027770996094,151.19985961914062,334.0,33.5,351,5.85,True
2026-10-09T09:56:55+11:00,2744542,2507_292,-33.812347412109375,151.17166137695312,94.0,0.0,568,9.47,False
2026-10-09T09:56:55+11:00,2672331,2507_115,-33.82809066772461,151.2017059326172,6.0,0.0,-9,-0.15,True
2026-10-09T09:56:55+11:00,2654470,2507_52,-33.86151123046875,151.1659698486328,122.0,46.1,-5,-0.08,True
2026-10-09T09:56:55+11:00,2644924,2507_52,-33.84743881225586,151.1519012451172,332.0,0.0,117,1.95,True
2026-10-09T09:56:55+11:00,2621546,2507_288,-33.81197738647461,151.16934204101562,110.0,24.5,314,5.23,True
2026-10-09T09:56:55+11:00,2644899,2507_501,-33.881431579589844,151.20606994628906,43.0,0.0,0,0.0,True
2026-10-09T09:56:55+11:00,2644516,2507_254,-33.81218719482422,151.17529296875,82.0,0.0,87,1.45,True
2026-10-09T09:56:55+11:00,2672390,2507_115,-33.79256057739258,151.19509887695312,248.0,0.0,76,1.27,True
2026-10-09T09:56:55+11:00,2435510,2509_390X,-33.9166374206543,151.23666381835938,279.0,13.3,-133,-2.22,False
2026-10-09T09:56:55+11:00,2628726,2509_304,-33.89699172973633,151.2126922607422,100.0,10.8,39,0.65,True
2026-10-09T09:56:55+11:00,2564560,2509_350,-33.94513702392578,151.2266387939453,358.0,0.0,-23,-0.38,True
2026-10-09T09:56:55+11:00,2346410,2509_390X,-33.914825439453125,151.2254638671875,24.0,20.5,464,7.73,False
2026-10-09T09:56:55+11:00,2138108,2509_375,-33.90912628173828,151.23939514160156,287.0,22.3,197,3.28,True
2026-10-09T09:56:55+11:00,2182798,2509_396,-33.86741256713867,151.21063232421875,185.0,19.1,316,5.27,True
2026-10-09T09:56:55+11:00,2564830,2509_350,-33.91893768310547,151.25718688964844,347.0,13.7,-208,-3.47,False
2026-10-09T09:56:55+11:00,2628704,2509_304,-33.86994171142578,151.21034240722656,179.0,0.0,454,7.57,False
2026-10-09T09:56:55+11:00,2564571,2509_333,-33.86982727050781,151.21034240722656,185.0,0.0,225,3.75,True
2026-10-09T09:56:55+11:00,2628621,2509_304,-33.88022994995117,151.20892333984375,14.0,0.0,0,0.0,True
2026-10-09T09:56:55+11:00,2400633,2509_309,-33.90685272216797,151.20285034179688,5.0,40.0,-187,-3.12,False
2026-10-09T09:56:55+11:00,2356162,2509_311,-33.88103103637695,151.2178955078125,117.0,13.7,204,3.4,True
2026-10-09T09:56:55+11:00,2552005,2509_379,-33.89984130859375,151.25326538085938,134.0,0.0,-94,-1.57,False
2026-10-09T09:56:55+11:00,2183273,2509_396,-33.862571716308594,151.21116638183594,12.0,0.0,0,0.0,True
2026-10-09T09:56:55+11:00,2357417,2509_370,-33.91884231567383,151.24534606933594,295.0,37.1,115,1.92,True
2026-10-09T09:56:55+11:00,2400352,2509_309,-33.8940315246582,151.19854736328125,21.0,0.0,229,3.82,True
2026-10-09T09:56:55+11:00,2357679,2509_370,-33.86499786376953,151.21173095703125,188.0,0.0,0,0.0,True
2026-10-09T09:56:55+11:00,2352223,2509_307,-33.93198776245117,151.19419860839844,189.0,0.0,136,2.27,True
2026-10-09T09:56:55+11:00,2564908,2509_333,-33.89340591430664,151.26051330566406,98.0,12.2,-66,-1.1,False
2026-10-09T09:56:55+11:00,2740215,2509_370,-33.87204360961914,151.18003845214844,190.0,0.0,0,0.0,True
2026-10-09T09:56:55+11:00,2356651,2509_370,-33.9071044921875,151.18167114257812,249.0,3.2,-163,-2.72,False
2026-10-09T09:56:55+11:00,2565185,2509_350,-33.91167068481445,151.2548828125,100.0,23.0,175,2.92,True
2026-10-09T09:56:55+11:00,2346368,2509_390X,-33.94173812866211,151.23915100097656,351.0,0.0,114,1.9,True
2026-10-09T09:56:55+11:00,2183131,2509_396,-33.88625717163086,151.2188262939453,157.0,18.7,254,4.23,True
2026-10-09T09:56:55+11:00,2533810,2509_362,-33.901206970214844,151.26242065429688,255.0,16.2,166,2.77,True
2026-10-09T09:56:55+11:00,2396596,2509_392,-33.9111442565918,151.2230224609375,351.0,38.2,369,6.15,False
2026-10-09T09:56:55+11:00,2400536,2509_396,-33.94159698486328,151.23963928222656,165.0,0.0,145,2.42,True
2026-10-09T09:56:55+11:00,2563975,2509_379,-33.88799285888672,151.264404296875,58.0,0.0,-48,-0.8,True
2026-10-09T09:56:55+11:00,2533063,2509_380,-33.85926055908203,151.28018188476562,216.0,0.0,177,2.95,True
2026-10-09T09:56:55+11:00,2470780,2509_397,-33.94673156738281,151.22850036621094,17.0,0.0,0,0.0,True
2026-10-09T09:56:55+11:00,2575742,2509_374,-33.88188171386719,151.2086181640625,11.0,0.0,-11,-0.18,True
2026-10-09T09:56:55+11:00,2534495,2509_362,-33.901893615722656,151.26023864746094,74.0,45.0,347,5.78,True
2026-10-09T09:56:55+11:00,2565038,2509_350,-33.90278625488281,151.2549285888672,344.0,1.4,-22,-0.37,True
2026-10-09T09:56:55+11:00,2335599,2509_309,-33.9379997253418,151.19454956054688,353.0,22.3,100,1.67,True
2026-10-09T09:56:55+11:00,2400372,2509_396,-33.87492752075195,151.20970153808594,5.0,1.1,-413,-6.88,False
2026-10-09T09:56:55+11:00,2548761,2509_328,-33.88213348388672,151.23838806152344,345.0,34.2,-145,-2.42,False
2026-10-09T09:56:55+11:00,2357197,2509_339,-33.914581298828125,151.26666259765625,141.0,0.0,68,1.13,True
2026-10-09T09:56:55+11:00,2565124,2509_350,-33.94279479980469,151.2625274658203,217.0,14.4,21,0.35,True
2026-10-09T09:56:55+11:00,2564854,2509_350,-33.94582748413086,151.24368286132812,75.0,0.0,121,2.02,True
2026-10-09T09:56:55+11:00,2564636,2509_350,-33.9343147277832,151.1964874267578,258.0,38.5,351,5.85,True
2026-10-09T09:56:55+11:00,2740197,2509_370,-33.907169342041016,151.20291137695312,186.0,0.0,-131,-2.18,False
2026-10-09T09:56:55+11:00,2534634,2509_352,-33.9084587097168,151.1723175048828,84.0,0.0,0,0.0,True
2026-10-09T09:56:55+11:00,2356368,2509_373,-33.878543853759766,151.21434020996094,316.0,1.4,60,1.0,True
2026-10-09T09:56:55+11:00,2533393,2509_355,-33.896148681640625,151.22772216796875,219.0,20.2,89,1.48,True
2026-10-09T09:56:55+11:00,2740173,2509_370,-33.871742248535156,151.180419921875,235.0,0.0,0,0.0,True
2026-10-09T09:56:55+11:00,2564806,2509_350,-33.89179229736328,151.2498016357422,171.0,0.0,22,0.37,True
2026-10-09T09:56:55+11:00,2534239,2509_352,-33.887939453125,151.19375610351562,278.0,0.0,-65,-1.08,False
2026-10-09T09:56:55+11:00,2356664,2509_311,-33.871131896972656,151.20553588867188,355.0,0.0,72,1.2,True
2026-10-09T09:56:55+11:00,2137630,2509_306,-33.92443084716797,151.18836975097656,100.0,42.1,-200,-3.33,False
2026-10-09T09:56:55+11:00,2531780,2509_380,-33.894012451171875,151.26417541503906,280.0,0.0,110,1.83,True
2026-10-09T09:56:55+11:00,2356232,2509_343,-33.88901138305664,151.2061767578125,9.0,40.7,119,1.98,True
2026-10-09T09:56:55+11:00,2645930,2509_394X,-33.872867584228516,151.2099609375,197.0,4.0,-165,-2.75,False
2026-10-09T09:56:55+11:00,2628725,2509_304,-33.8650016784668,151.21160888671875,190.0,37.4,14,0.23,True
2026-10-09T09:56:55+11:00,2645929,2509_392X,-33.880611419677734,151.21693420410156,128.0,22.3,232,3.87,True
2026-10-09T09:56:55+11:00,2356154,2509_370,-33.90945816040039,151.21913146972656,282.0,16.2,-59,-0.98,True
2026-10-09T09:56:55+11:00,2431281,2509_396,-33.877403259277344,151.2129364013672,313.0,4.3,442,7.37,False
2026-10-09T09:56:55+11:00,2355951,2509_373,-33.90857696533203,151.2357635498047,281.0,29.9,-209,-3.48,False
2026-10-09T09:56:55+11:00,2396547,2509_392,-33.94474411010742,151.22630310058594,192.0,0.0,0,0.0,True
2026-10-09T09:56:55+11:00,2137559,2509_375,-33.944881439208984,151.26036071777344,65.0,46.4,169,2.82,True
2026-10-09T09:56:55+11:00,2534043,2509_324,-33.87234878540039,151.20648193359375,173.0,0.0,-111,-1.85,False
2026-10-09T09:56:55+11:00,2531613,2509_355,-33.902381896972656,151.19754028320312,74.0,38.9,107,1.78,True
2026-10-09T09:56:55+11:00,2564836,2509_333,-33.8798713684082,151.21597290039062,314.0,28.8,36,0.6,True
2026-10-09T09:56:55+11:00,2152098,2509_333,-33.89033889770508,151.24249267578125,290.0,0.0,0,0.0,True
2026-10-09T09:56:55+11:00,2740229,2509_370,-33.91510009765625,151.22738647460938,100.0,29.2,145,2.42,True
2026-10-09T09:56:55+11:00,2564932,2509_333,-33.89048385620117,151.23886108398438,78.0,33.8,63,1.05,True
2026-10-09T09:56:55+11:00,2564791,2509_333,-33.89104080200195,151.27426147460938,39.0,34.2,-129,-2.15,False
2026-10-09T09:56:55+11:00,2532170,2509_325,-33.85335159301758,151.27418518066406,28.0,39.6,-52,-0.87,True
2026-10-09T09:56:55+11:00,2357590,2509_374,-33.90913391113281,151.23695373535156,100.0,34.9,47,0.78,True
2026-10-09T09:56:55+11:00,2564898,2509_333,-33.862632751464844,151.21116638183594,0.0,0.0,0,0.0,True
2026-10-09T09:56:55+11:00,2357245,2509_370,-33.88051986694336,151.18756103515625,327.0,33.5,-373,-6.22,False
2026-10-09T09:56:55+11:00,2675065,2509_309,-33.9002799987793,151.20062255859375,164.0,36.0,51,0.85,True
2026-10-09T09:56:55+11:00,2356692,2509_373,-33.919246673583984,151.25726318359375,183.0,0.0,0,0.0,True
2026-10-09T09:56:55+11:00,2488424,2509_392,-33.939918518066406,151.22853088378906,201.0,0.0,476,7.93,False
2026-10-09T09:56:55+11:00,2564628,2509_350,-33.93281555175781,151.17984008789062,99.0,0.0,51,0.85,True
2026-10-09T09:56:55+11:00,2403119,2509_311,-33.87186813354492,151.2279510498047,111.0,22.7,42,0.7,True
2026-10-09T09:56:55+11:00,2355854,2509_390X,-33.89362716674805,151.24945068359375,348.0,19.4,-105,-1.75,False
2026-10-09T09:56:55+11:00,2400351,2509_396,-33.91455078125,151.22552490234375,170.0,0.0,225,3.75,True
2026-10-09T09:56:55+11:00,2534181,2509_325,-33.878936767578125,151.23704528808594,102.0,0.0,-397,-6.62,False
2026-10-09T09:56:55+11:00,2534491,2509_313,-33.919734954833984,151.2489776611328,100.0,24.5,109,1.82,True
2026-10-09T09:56:55+11:00,2645888,2509_394X,-33.927371978759766,151.23191833496094,315.0,41.8,-12,-0.2,True
2026-10-09T09:56:55+11:00,2356927,2509_370,-33.893638610839844,151.183349609375,44.0,0.0,-55,-0.92,True
2026-10-09T09:56:55+11:00,2410278,2509_392,-33.8969841003418,151.19862365722656,251.0,1.8,-295,-4.92,False
2026-10-09T09:56:55+11:00,2356166,2509_343,-33.872718811035156,151.20997619628906,186.0,0.0,96,1.6,True
2026-10-09T09:56:55+11:00,2357191,2509_373,-33.89104080200195,151.22122192382812,168.0,59.8,-143,-2.38,False
2026-10-09T09:56:55+11:00,2628705,2509_304,-33.89902877807617,151.21153259277344,308.0,0.0,270,4.5,True
2026-10-09T09:56:55+11:00,2532314,2509_386,-33.88671875,151.26498413085938,239.0,34.9,172,2.87,True
2026-10-09T09:56:55+11:00,2533642,2509_325,-33.87654495239258,151.2455596923828,225.0,29.9,495,8.25,False
2026-10-09T09:56:55+11:00,2352623,2509_307,-33.9447135925293,151.19683837890625,259.0,0.0,3,0.05,True
2026-10-09T09:56:55+11:00,2533677,2509_352,-33.89165115356445,151.24734497070312,260.0,18.4,-62,-1.03,False
2026-10-09T09:56:55+11:00,2346318,2509_390X,-33.91960144042969,151.226318359375,351.0,0.0,105,1.75,True
2026-10-09T09:56:55+11:00,2532958,2509_381,-33.901268005371094,151.27003479003906,357.0,0.0,115,1.92,True
2026-10-09T09:56:55+11:00,2534096,2509_387,-33.858882904052734,151.28045654296875,218.0,15.1,-6,-0.1,True
2026-10-09T09:56:55+11:00,2564805,2509_333,-33.88978576660156,151.24119567871094,77.0,9.0,324,5.4,True
2026-10-09T09:56:55+11:00,2352609,2509_392,-33.896446228027344,151.19921875,165.0,6.5,326,5.43,True
2026-10-09T09:56:55+11:00,2533102,2509_355,-33.88974380493164,151.2410125732422,76.0,33.5,-170,-2.83,False
2026-10-09T09:56:55+11:00,2740246,2509_370,-33.88904571533203,151.19093322753906,237.0,0.0,72,1.2,True
2026-10-09T09:56:55+11:00,2531982,2509_324,-33.87855529785156,151.2402801513672,77.0,24.1,196,3.27,True
2026-10-09T09:56:55+11:00,2533931,2509_324,-33.85587692260742,151.2068634033203,47.0,0.0,0,0.0,True
2026-10-09T09:56:55+11:00,2548677,2509_328,-33.88719940185547,151.24371337890625,100.0,9.7,213,3.55,True
2026-10-09T09:56:55+11:00,2564892,2509_350,-33.93165588378906,151.19427490234375,184.0,18.7,-13,-0.22,True
2026-10-09T09:56:55+11:00,2357416,2509_370,-33.91983413696289,151.2571258544922,182.0,0.0,0,0.0,True
2026-10-09T09:56:55+11:00,2564914,2509_333,-33.89119338989258,151.27432250976562,222.0,0.0,22,0.37,True
2026-10-09T09:56:55+11:00,2356003,2509_373,-33.91673278808594,151.24110412597656,161.0,0.0,-448,-7.47,False
2026-10-09T09:56:55+11:00,2532670,2509_324,-33.868980407714844,151.20462036132812,355.0,1.1,-168,-2.8,False
2026-10-09T09:56:55+11:00,2356423,2509_339,-33.9044303894043,151.22682189941406,149.0,18.7,141,2.35,True
2026-10-09T09:56:55+11:00,2628641,2509_304,-33.883602142333984,151.21435546875,9.0,0.0,246,4.1,True
2026-10-09T09:56:55+11:00,2470752,2509_356,-33.93733596801758,151.24237060546875,0.0,11.2,100,1.67,True
2026-10-09T09:56:55+11:00,2357628,2509_343,-33.86526107788086,151.21148681640625,23.0,32.0,188,3.13,True
2026-10-09T09:56:55+11:00,2138984,2509_396,-33.94775390625,151.2526092529297,105.0,0.0,111,1.85,True
2026-10-09T09:56:55+11:00,2564798,2509_333,-33.86348342895508,151.2122039794922,179.0,0.0,24,0.4,True
2026-10-09T09:56:55+11:00,2534585,2509_380,-33.8934211730957,151.26058959960938,99.0,17.3,118,1.97,True
2026-10-09T09:56:55+11:00,2675064,2509_309,-33.89389419555664,151.19859313964844,21.0,0.0,0,0.0,True
2026-10-09T09:56:55+11:00,2400642,2509_396,-33.924713134765625,151.2286376953125,308.0,0.0,390,6.5,False
2026-10-09T09:56:55+11:00,2563871,2509_379,-33.90568923950195,151.25936889648438,280.0,2.5,48,0.8,True
2026-10-09T09:56:55+11:00,2356429,2509_370,-33.90428161621094,151.20249938964844,346.0,28.4,-45,-0.75,True
2026-10-09T09:56:55+11:00,2356751,2509_343,-33.906253814697266,151.2068328857422,327.0,13.7,69,1.15,True
2026-10-09T09:56:55+11:00,2564773,2509_333,-33.89158630371094,151.2474822998047,187.0,17.3,-124,-2.07,False
2026-10-09T09:56:55+11:00,2356630,2509_339,-33.914432525634766,151.26646423339844,131.0,0.0,0,0.0,True
2026-10-09T09:56:55+11:00,2564915,2509_333,-33.89395523071289,151.2638397216797,284.0,0.0,26,0.43,True
2026-10-09T09:56:55+11:00,2400472,2509_392,-33.89323425292969,151.19888305664062,22.0,0.0,0,0.0,True
2026-10-09T09:56:55+11:00,2470779,2509_356,-33.899330139160156,151.2474365234375,100.0,19.1,-291,-4.85,False
2026-10-09T09:56:55+11:00,2139592,2509_306,-33.922489166259766,151.2070770263672,179.0,2.5,-97,-1.62,False
2026-10-09T09:56:55+11:00,2534300,2509_360,-33.89954376220703,151.26536560058594,189.0,29.9,172,2.87,True
2026-10-09T09:56:55+11:00,2352407,2509_392,-33.93918228149414,151.2288360595703,198.0,46.1,-130,-2.17,False
2026-10-09T09:56:55+11:00,2564582,2509_333,-33.88007354736328,151.21621704101562,315.0,2.2,-199,-3.32,False
2026-10-09T09:56:55+11:00,2564940,2509_333,-33.89076232910156,151.23715209960938,98.0,52.9,-205,-3.42,False
2026-10-09T09:56:55+11:00,2357044,2509_373,-33.920372009277344,151.2570037841797,189.0,0.0,51,0.85,True
2026-10-09T09:56:55+11:00,2300917,2509_399,-33.9200439453125,151.2264404296875,353.0,0.0,43,0.72,True
2026-10-09T09:56:55+11:00,2565144,2509_333,-33.86212158203125,151.2112274169922,7.0,0.0,0,0.0,True
2026-10-09T09:56:55+11:00,2564988,2509_350,-33.944610595703125,151.23977661132812,349.0,44.3,180,3.0,True
2026-10-09T09:56:55+11:00,2532957,2509_325,-33.853878021240234,151.28060913085938,190.0,40.7,-10,-0.17,True
2026-10-09T09:56:55+11:00,2740263,2509_370,-33.909881591796875,151.22286987304688,98.0,0.0,-21,-0.35,True
2026-10-09T09:56:55+11:00,2575716,2509_374,-33.91966247558594,151.2571563720703,191.0,0.0,0,0.0,True
2026-10-09T09:56:55+11:00,2563955,2509_379,-33.900760650634766,151.25367736816406,342.0,0.0,370,6.17,False
2026-10-09T09:56:55+11:00,2151934,2509_333,-33.89060592651367,151.25253295898438,286.0,51.8,0,0.0,True
2026-10-09T09:56:55+11:00,2533005,2509_360,-33.91257858276367,151.26344299316406,179.0,0.0,-17,-0.28,True
2026-10-09T09:56:55+11:00,2488372,2509_392,-33.903770446777344,151.21298217773438,100.0,28.1,357,5.95,True
2026-10-09T09:56:55+11:00,2531147,2509_355,-33.90132522583008,151.16976928710938,205.0,37.1,-3,-0.05,True
2026-10-09T09:56:55+11:00,2435640,2509_390X,-33.915428161621094,151.22561645507812,166.0,28.4,522,8.7,False
2026-10-09T09:56:55+11:00,2564803,2509_333,-33.88970947265625,151.28004455566406,114.0,36.0,219,3.65,True
2026-10-09T09:56:55+11:00,2356872,2509_339,-33.89555740356445,151.221923828125,350.0,0.0,-145,-2.42,False
2026-10-09T09:56:55+11:00,2356320,2509_343,-33.92313766479492,151.20806884765625,283.0,40.3,44,0.73,True
2026-10-09T09:56:55+11:00,2740238,2509_370,-33.87851333618164,151.18606567382812,147.0,31.3,-63,-1.05,False
2026-10-09T09:56:55+11:00,2356565,2509_343,-33.91217803955078,151.20594787597656,195.0,0.0,49,0.82,True
2026-10-09T09:56:55+11:00,2356512,2509_373,-33.92344284057617,151.25624084472656,10.0,37.8,-558,-9.3,False
2026-10-09T09:56:55+11:00,2551661,2509_379,-33.88771438598633,151.2716064453125,220.0,25.2,94,1.57,True
2026-10-09T09:56:55+11:00,2352638,2509_356,-33.8944091796875,151.24688720703125,189.0,22.3,-1,-0.02,True
2026-10-09T09:56:55+11:00,2400459,2509_396,-33.939971923828125,151.23867797851562,349.0,43.9,252,4.2,True
2026-10-09T09:56:55+11:00,2563904,2509_379,-33.886817932128906,151.2725372314453,39.0,20.2,304,5.07,True
2026-10-09T09:56:55+11:00,2740247,2509_370,-33.90709686279297,151.18182373046875,96.0,13.3,106,1.77,True
2026-10-09T09:56:55+11:00,2357647,2509_339,-33.911521911621094,151.2540283203125,279.0,15.5,131,2.18,True
2026-10-09T09:56:55+11:00,2565145,2509_333,-33.87195587158203,151.21006774902344,6.0,0.0,-99,-1.65,False
2026-10-09T09:56:55+11:00,2552029,2509_379,-33.89033126831055,151.25453186035156,234.0,10.4,-21,-0.35,True
2026-10-09T09:56:55+11:00,2533094,2509_324,-33.87154006958008,151.2509765625,218.0,39.6,-92,-1.53,False
2026-10-09T09:56:55+11:00,2357506,2509_343,-33.866172790527344,151.2107696533203,7.0,28.1,-277,-4.62,False
2026-10-09T09:56:55+11:00,2403146,2509_311,-33.8706169128418,151.20623779296875,174.0,1.4,-21,-0.35,True
2026-10-09T09:56:55+11:00,2488484,2509_392,-33.89265060424805,151.19921875,24.0,0.0,0,0.0,True
2026-10-09T09:56:55+11:00,2396607,2509_392,-33.944522857666016,151.22642517089844,191.0,0.0,0,0.0,True
2026-10-09T09:56:55+11:00,2357554,2509_343,-33.8912467956543,151.20765686035156,186.0,0.0,56,0.93,True
2026-10-09T09:56:55+11:00,2533766,2509_352,-33.879600524902344,151.2152099609375,11.0,0.0,-115,-1.92,False
2026-10-09T09:56:55+11:00,2575775,2509_374,-33.905338287353516,151.22865295410156,294.0,44.3,298,4.97,True
2026-10-09T09:56:55+11:00,2564894,2509_333,-33.888797760009766,151.2767791748047,75.0,27.4,54,0.9,True
2026-10-09T09:56:55+11:00,2532407,2509_325,-33.85588073730469,151.20704650878906,226.0,0.0,0,0.0,True
2026-10-09T09:56:55+11:00,2396598,2509_392,-33.956058502197266,151.2301483154297,340.0,0.0,303,5.05,True
2026-10-09T09:56:55+11:00,2352646,2509_356,-33.944915771484375,151.2262725830078,190.0,15.5,-257,-4.28,False
2026-10-09T09:56:55+11:00,2674981,2509_309,-33.95766067504883,151.22402954101562,48.0,28.1,44,0.73,True
2026-10-09T09:56:55+11:00,2346400,2509_390X,-33.90648651123047,151.25289916992188,50.0,42.1,-29,-0.48,True
2026-10-09T09:56:55+11:00,2675041,2509_309,-33.926055908203125,151.19546508789062,189.0,37.4,57,0.95,True
2026-10-09T09:56:55+11:00,2435264,2509_390X,-33.914974212646484,151.22698974609375,279.0,36.0,86,1.43,True
2026-10-09T09:56:55+11:00,2139060,2509_375,-33.95314407348633,151.23948669433594,261.0,42.1,-253,-4.22,False
2026-10-09T09:56:55+11:00,2396592,2509_392,-33.922882080078125,151.22708129882812,336.0,11.9,0,0.0,True
2026-10-09T09:56:55+11:00,2139381,2509_375,-33.946922302246094,151.228271484375,301.0,17.6,0,0.0,True
2026-10-09T09:56:55+11:00,2435458,2509_390X,-33.94091796875,151.2394561767578,174.0,16.9,304,5.07,True
2026-10-09T09:56:55+11:00,2563876,2509_386,-33.89122772216797,151.2495574951172,95.0,14.8,111,1.85,True
2026-10-09T09:56:55+11:00,2565187,2509_350,-33.945377349853516,151.2266845703125,350.0,34.9,291,4.85,True
2026-10-09T09:56:55+11:00,2352661,2509_356,-33.92802047729492,151.24676513671875,99.0,46.1,-182,-3.03,False
2026-10-09T09:56:55+11:00,2628750,2509_304,-33.907569885253906,151.20571899414062,295.0,36.4,43,0.72,True
2026-10-09T09:56:55+11:00,2675100,2509_309,-33.954925537109375,151.20516967773438,149.0,0.0,-50,-0.83,True
2026-10-09T09:56:55+11:00,2531161,2509_380,-33.8636589050293,151.28103637695312,9.0,33.1,92,1.53,True
2026-10-09T09:56:55+11:00,2565001,2509_333,-33.883155822753906,151.2208251953125,143.0,28.4,-62,-1.03,False
2026-10-09T09:56:55+11:00,2136906,2509_306,-33.9113883972168,151.2086944580078,348.0,12.6,-253,-4.22,False
