timestamp,trip_id,route_id,lat,lon,bearing,speed_kmh,delay_sec,delay_min,on_time
2026-09-29T04:38:54+10:00,2087950,2508_BN1,-33.871463775634766,151.20639038085938,174.0,0.0,0,0.0,True
2026-09-29T04:38:54+10:00,2533525,2509_350,-33.94576644897461,151.2223358154297,117.0,49.3,-97,-1.62,False
2026-09-29T04:38:54+10:00,2087725,2508_BN1,-33.80946731567383,151.24583435058594,216.0,41.8,-56,-0.93,True
2026-09-29T04:38:54+10:00,2376084,2508_144,-33.81873321533203,151.1833038330078,140.0,0.0,296,4.93,True
2026-09-29T04:38:54+10:00,2704088,2504_N92,-33.8746223449707,151.20933532714844,97.0,0.0,0,0.0,True
2026-09-29T04:38:54+10:00,2710255,2504_N50,-33.88945770263672,151.1258087158203,132.0,28.4,106,1.77,True
2026-09-29T04:38:54+10:00,2704946,2504_N71,-33.8801383972168,151.2073211669922,282.0,0.0,254,4.23,True
2026-09-29T04:38:54+10:00,2138610,2509_392N,-33.883792877197266,151.217529296875,348.0,44.6,-193,-3.22,False
2026-09-29T04:38:54+10:00,2705333,2504_610X,-33.83678436279297,151.2058868408203,130.0,20.5,95,1.58,True
2026-09-29T04:38:54+10:00,2564795,2509_333,-33.88948059082031,151.28338623046875,213.0,0.0,0,0.0,True
2026-09-29T04:38:54+10:00,2357836,2509_373,-33.91560363769531,151.2405242919922,341.0,28.8,162,2.7,True
2026-09-29T04:38:54+10:00,2335404,2509_309,-33.9326057434082,151.1939239501953,11.0,46.8,-3,-0.05,True
2026-09-29T04:38:54+10:00,2548649,2509_350,-33.903900146484375,151.2548065185547,211.0,35.6,161,2.68,True
2026-09-29T04:38:54+10:00,2548560,2509_350,-33.94585037231445,151.2267608642578,53.0,18.4,-19,-0.32,True
2026-09-29T04:38:54+10:00,2714032,2508_144,-33.827762603759766,151.2015380859375,281.0,24.8,18,0.3,True
2026-09-29T04:38:54+10:00,2346326,2509_390X,-33.909915924072266,151.2394561767578,8.0,41.4,-14,-0.23,True
2026-09-29T04:38:54+10:00,2533626,2509_324,-33.863243103027344,151.20301818847656,177.0,36.7,-14,-0.23,True
2026-09-29T04:38:54+10:00,2551693,2509_379,-33.88589859008789,151.28317260742188,274.0,27.7,120,2.0,True
2026-09-29T04:38:54+10:00,2357412,2509_339,-33.91263961791992,151.26174926757812,269.0,45.4,58,0.97,True
2026-09-29T04:38:54+10:00,2705005,2504_607X,-33.8107795715332,151.16647338867188,104.0,34.9,-143,-2.38,False
2026-09-29T04:38:54+10:00,2532155,2509_324,-33.84698486328125,151.28578186035156,295.0,38.9,-124,-2.07,False
2026-09-29T04:38:54+10:00,2356099,2509_343,-33.92010498046875,151.200927734375,12.0,23.0,-65,-1.08,False
2026-09-29T04:38:54+10:00,2357845,2509_343,-33.8640251159668,151.21176147460938,6.0,0.0,0,0.0,True
2026-09-29T04:38:54+10:00,2628692,2509_304,-33.90354919433594,151.21250915527344,8.0,28.4,-61,-1.02,False
2026-09-29T04:38:54+10:00,2420803,2508_230,-33.83890914916992,151.20692443847656,194.0,37.4,-124,-2.07,False
2026-09-29T04:38:54+10:00,2532320,2509_324,-33.87681579589844,151.2313690185547,276.0,41.0,-65,-1.08,False
2026-09-29T04:38:54+10:00,2675112,2509_309,-33.92073440551758,151.197265625,221.0,42.5,-77,-1.28,False
2026-09-29T04:38:54+10:00,2532752,2509_333,-33.872955322265625,151.20994567871094,190.0,5.8,67,1.12,True
2026-09-29T04:38:54+10:00,2531752,2509_333,-33.89413070678711,151.2646026611328,279.0,37.1,38,0.63,True
2026-09-29T04:38:54+10:00,2725780,7083_SW1,-33.914833068847656,151.16488647460938,30.0,10.4,621,10.35,False
2026-09-29T04:38:54+10:00,2559025,7083_SW1,-33.910762786865234,151.15701293945312,120.0,29.2,148,2.47,True
2026-09-29T04:38:54+10:00,2037695,2459_440,-33.883609771728516,151.2214813232422,113.0,40.3,-3,-0.05,True
2026-09-29T04:38:54+10:00,2349311,2459_418,-33.88861846923828,151.12472534179688,129.0,0.4,-52,-0.87,True
2026-09-29T04:38:54+10:00,2036667,2459_438N,-33.88417053222656,151.14479064941406,91.0,53.6,-60,-1.0,True
2026-09-29T04:38:54+10:00,2284473,2459_423,-33.91590118408203,151.15016174316406,48.0,33.5,108,1.8,True
2026-09-29T04:38:54+10:00,2288251,2459_423,-33.87746047973633,151.2093963623047,7.0,0.0,-129,-2.15,False
2026-09-29T04:38:54+10:00,2037696,2459_440,-33.88789749145508,151.16722106933594,83.0,0.0,-113,-1.88,False
2026-09-29T04:38:54+10:00,2737527,2507_N80,-33.8770637512207,151.20944213867188,6.0,0.0,-39,-0.65,True
2026-09-29T04:38:54+10:00,2642871,2507_N91,-33.79247283935547,151.1587677001953,278.0,41.8,-9,-0.15,True
2026-09-29T04:38:54+10:00,2231034,2507_290,-33.81388473510742,151.17718505859375,133.0,55.4,44,0.73,True
2026-09-29T04:38:54+10:00,2643226,2507_501,-33.86907958984375,151.18576049804688,107.0,63.0,151,2.52,True
2026-09-29T04:38:54+10:00,2555410,2507_290,-33.86713409423828,151.20510864257812,356.0,22.7,43,0.72,True
2026-09-29T04:38:54+10:00,2644874,2507_52,-33.863983154296875,151.1702117919922,312.0,4.3,72,1.2,True
2026-09-29T04:38:54+10:00,2643494,2507_52,-33.86865234375,151.1837921142578,107.0,57.6,17,0.28,True
2026-09-29T04:38:54+10:00,2368369,2510_N11,-33.88264465332031,151.20846557617188,188.0,0.0,242,4.03,True
2026-09-29T04:38:54+10:00,2657421,2510_N20,-33.91156768798828,151.20187377929688,16.0,46.8,32,0.53,True
2026-09-29T04:38:54+10:00,2453058,2510_N11,-33.8803825378418,151.20864868164062,103.0,0.0,17,0.28,True
2026-09-29T04:38:54+10:00,2276441,7084_SW2,-33.91029357910156,151.1701202392578,0.0,0.0,1478,24.63,False
2026-09-29T04:38:54+10:00,2330514,7084_SW2,-33.91426467895508,151.1661834716797,229.0,0.0,461,7.68,False
2026-09-29T09:30:49+10:00,2628641,2509_304,-33.896915435791016,151.21250915527344,99.0,20.9,283,4.72,True
2026-09-29T09:30:49+10:00,2705617,2504_607X,-33.824771881103516,151.21212768554688,125.0,62.6,-494,-8.23,False
2026-09-29T09:30:49+10:00,2421187,2508_225,-33.84734344482422,151.23045349121094,310.0,0.0,0,0.0,True
2026-09-29T09:30:49+10:00,2705701,2504_620X,-33.87373352050781,151.20254516601562,152.0,2.2,-298,-4.97,False
2026-09-29T09:30:49+10:00,2375309,2508_173X,-33.824462890625,151.23619079589844,270.0,51.8,-245,-4.08,False
2026-09-29T09:30:49+10:00,2580187,2508_201,-33.83438491821289,151.2118682861328,199.0,58.0,-137,-2.28,False
2026-09-29T09:30:49+10:00,2428371,2508_B1,-33.805763244628906,151.246337890625,348.0,10.8,165,2.75,True
2026-09-29T09:30:49+10:00,2424419,2508_230,-33.850502014160156,151.21205139160156,278.0,0.0,0,0.0,True
2026-09-29T09:30:49+10:00,2531161,2509_380,-33.891727447509766,151.24964904785156,171.0,17.3,45,0.75,True
2026-09-29T09:30:49+10:00,2548677,2509_328,-33.878997802734375,151.2366180419922,280.0,27.4,-43,-0.72,True
2026-09-29T09:30:49+10:00,1973292,2508_177,-33.82274627685547,151.24342346191406,47.0,36.7,0,0.0,True
2026-09-29T09:30:49+10:00,2573742,2509_370,-33.911155700683594,151.2159423828125,60.0,14.0,-57,-0.95,True
2026-09-29T09:30:49+10:00,2374260,2508_100,-33.828983306884766,151.24411010742188,181.0,10.4,340,5.67,False
2026-09-29T09:30:49+10:00,2374720,2508_173X,-33.79466247558594,151.2576904296875,72.0,22.3,49,0.82,True
2026-09-29T09:30:49+10:00,2564829,2509_350,-33.902610778808594,151.2546844482422,342.0,0.0,-30,-0.5,True
2026-09-29T09:30:49+10:00,2352409,2509_392,-33.90993881225586,151.22293090820312,99.0,0.0,326,5.43,False
2026-09-29T09:30:49+10:00,2552034,2509_379,-33.8896484375,151.25563049316406,236.0,23.0,-317,-5.28,False
2026-09-29T09:30:49+10:00,2138108,2509_375,-33.95276641845703,151.24578857421875,95.0,21.2,111,1.85,True
2026-09-29T09:30:49+10:00,2355900,2509_343,-33.87202072143555,151.21006774902344,6.0,0.0,-54,-0.9,True
2026-09-29T09:30:49+10:00,2645921,2509_394X,-33.87102508544922,151.21017456054688,187.0,31.0,15,0.25,True
2026-09-29T09:30:49+10:00,2706427,2504_610X,-33.869972229003906,151.20616149902344,176.0,0.0,0,0.0,True
2026-09-29T09:30:49+10:00,2357206,2509_373X,-33.86971664428711,151.21035766601562,185.0,17.6,-191,-3.18,False
2026-09-29T09:30:49+10:00,2628797,2509_304,-33.89380645751953,151.21212768554688,8.0,31.3,-5,-0.08,True
2026-09-29T09:30:49+10:00,2628598,2509_304,-33.874820709228516,151.209716796875,12.0,7.6,663,11.05,False
2026-09-29T09:30:49+10:00,2534239,2509_352,-33.8906135559082,151.24342346191406,290.0,0.0,100,1.67,True
2026-09-29T09:30:49+10:00,2392781,2508_114,-33.82960891723633,151.21356201171875,100.0,16.9,-75,-1.25,False
2026-09-29T09:30:49+10:00,2675042,2509_309,-33.93614959716797,151.1945037841797,165.0,0.0,387,6.45,False
2026-09-29T09:30:49+10:00,2356376,2509_374X,-33.871089935302734,151.21017456054688,186.0,27.7,-56,-0.93,True
2026-09-29T09:30:49+10:00,2564932,2509_333,-33.862953186035156,151.21112060546875,6.0,0.0,0,0.0,True
2026-09-29T09:30:49+10:00,2183131,2509_396,-33.86239242553711,151.211181640625,4.0,0.0,0,0.0,True
2026-09-29T09:30:49+10:00,2375401,2508_165X,-33.81540298461914,151.24327087402344,194.0,45.7,-185,-3.08,False
2026-09-29T09:30:49+10:00,2563968,2509_379,-33.89165115356445,151.25189208984375,53.0,0.0,-23,-0.38,True
2026-09-29T09:30:49+10:00,2089681,2508_160X,-33.86305618286133,151.2052459716797,178.0,0.0,5,0.08,True
2026-09-29T09:30:49+10:00,2374577,2508_100,-33.82434844970703,151.23892211914062,91.0,6.1,353,5.88,False
2026-09-29T09:30:49+10:00,2470756,2509_356,-33.894683837890625,151.246826171875,10.0,28.4,-9,-0.15,True
2026-09-29T09:30:49+10:00,2356751,2509_343,-33.92557144165039,151.22821044921875,342.0,0.0,0,0.0,True
2026-09-29T09:30:49+10:00,2261542,2508_180,-33.80138397216797,151.24630737304688,6.0,49.7,0,0.0,True
2026-09-29T09:30:49+10:00,2564791,2509_333,-33.87884521484375,151.2147216796875,132.0,33.5,53,0.88,True
2026-09-29T09:30:49+10:00,2706945,2504_615X,-33.8587760925293,151.2067108154297,205.0,65.5,-464,-7.73,False
2026-09-29T09:30:49+10:00,2628668,2509_304,-33.8896598815918,151.21304321289062,8.0,1.4,320,5.33,False
2026-09-29T09:30:49+10:00,2424348,2508_230,-33.830345153808594,151.24380493164062,249.0,5.0,234,3.9,True
2026-09-29T09:30:49+10:00,2410278,2509_392,-33.93879699707031,151.22891235351562,20.0,0.0,50,0.83,True
2026-09-29T09:30:49+10:00,2531971,2509_352,-33.88699722290039,151.23019409179688,130.0,19.4,-353,-5.88,False
2026-09-29T09:30:49+10:00,2356003,2509_373,-33.88668441772461,151.21926879882812,306.0,22.3,27,0.45,True
2026-09-29T09:30:49+10:00,2720618,2514_283,-33.79368209838867,151.19139099121094,69.0,32.8,44,0.73,True
2026-09-29T09:30:49+10:00,2618172,2508_263,-33.836917877197266,151.2218780517578,330.0,35.3,0,0.0,True
2026-09-29T09:30:49+10:00,2721288,2514_270,-33.79132080078125,151.20709228515625,194.0,22.0,-363,-6.05,False
2026-09-29T09:30:49+10:00,2140626,2509_306,-33.91935348510742,151.20718383789062,16.0,27.4,532,8.87,False
2026-09-29T09:30:49+10:00,2565038,2509_350,-33.94047164916992,151.22825622558594,21.0,0.0,123,2.05,True
2026-09-29T09:30:49+10:00,2575771,2509_374,-33.90483474731445,151.22706604003906,297.0,0.0,44,0.73,True
2026-09-29T09:30:49+10:00,2564571,2509_333,-33.86211395263672,151.2120819091797,186.0,0.0,0,0.0,True
2026-09-29T09:30:49+10:00,2346400,2509_390X,-33.9427375793457,151.23934936523438,350.0,27.7,34,0.57,True
2026-09-29T09:30:49+10:00,2357498,2509_343,-33.920108795166016,151.2012176513672,280.0,15.8,80,1.33,True
2026-09-29T09:30:49+10:00,2355856,2509_390X,-33.90406036376953,151.25442504882812,45.0,12.2,276,4.6,True
2026-09-29T09:30:49+10:00,2376375,2508_111,-33.830780029296875,151.21324157714844,12.0,29.9,0,0.0,True
2026-09-29T09:30:49+10:00,2533642,2509_325,-33.85395050048828,151.27655029296875,324.0,0.0,191,3.18,True
2026-09-29T09:30:49+10:00,2532170,2509_325,-33.87668228149414,151.2307586669922,103.0,38.2,113,1.88,True
2026-09-29T09:30:49+10:00,2532896,2509_380,-33.89469909667969,151.2689666748047,278.0,30.2,-10,-0.17,True
2026-09-29T09:30:49+10:00,2356232,2509_343,-33.9253044128418,151.2280731201172,315.0,0.0,0,0.0,True
2026-09-29T09:30:49+10:00,2431281,2509_396,-33.91653060913086,151.225830078125,351.0,7.6,-68,-1.13,False
2026-09-29T09:30:49+10:00,2377030,2508_144,-33.796566009521484,151.1803436279297,176.0,0.0,23,0.38,True
2026-09-29T09:30:49+10:00,2375449,2508_B1,-33.8236198425293,151.24249267578125,233.0,26.6,118,1.97,True
2026-09-29T09:30:49+10:00,2618180,2508_263,-33.837528228759766,151.21620178222656,266.0,26.3,16,0.27,True
2026-09-29T09:30:49+10:00,2488482,2509_392,-33.9456787109375,151.22608947753906,191.0,0.0,-34,-0.57,True
2026-09-29T09:30:49+10:00,2373636,2508_173X,-33.86640167236328,151.20632934570312,5.0,0.0,0,0.0,True
2026-09-29T09:30:49+10:00,2626904,2508_166,-33.86393737792969,151.20364379882812,164.0,0.7,0,0.0,True
2026-09-29T09:30:49+10:00,2534043,2509_324,-33.85597229003906,151.2067413330078,46.0,0.0,0,0.0,True
2026-09-29T09:30:49+10:00,2564836,2509_333,-33.8934211730957,151.2602996826172,278.0,0.0,-210,-3.5,False
2026-09-29T09:30:49+10:00,2564908,2509_333,-33.871097564697266,151.21017456054688,186.0,37.1,130,2.17,True
2026-09-29T09:30:49+10:00,2564766,2509_350,-33.90472412109375,151.25393676757812,7.0,11.9,646,10.77,False
2026-09-29T09:30:49+10:00,2356565,2509_343,-33.86220932006836,151.21206665039062,8.0,0.0,0,0.0,True
2026-09-29T09:30:49+10:00,2564851,2509_333,-33.89036178588867,151.24253845214844,287.0,22.0,-205,-3.42,False
2026-09-29T09:30:49+10:00,2533574,2509_362,-33.890594482421875,151.2745819091797,40.0,0.7,-22,-0.37,True
2026-09-29T09:30:49+10:00,2402979,2509_311,-33.88009262084961,151.20701599121094,257.0,10.8,-167,-2.78,False
2026-09-29T09:30:49+10:00,2628726,2509_304,-33.8619384765625,151.2121124267578,7.0,0.0,0,0.0,True
2026-09-29T09:30:49+10:00,2552005,2509_379,-33.88215637207031,151.27737426757812,280.0,41.4,-14,-0.23,True
2026-09-29T09:30:49+10:00,2095877,2508_160X,-33.78533172607422,151.18617248535156,251.0,27.4,-450,-7.5,False
2026-09-29T09:30:49+10:00,2373885,2508_144,-33.811893463134766,151.24453735351562,313.0,26.3,135,2.25,True
2026-09-29T09:30:49+10:00,2628705,2509_304,-33.88082504272461,151.21463012695312,102.0,0.0,285,4.75,True
2026-09-29T09:30:49+10:00,2533833,2509_386,-33.885196685791016,151.2677001953125,233.0,37.4,410,6.83,False
2026-09-29T09:30:49+10:00,2645880,2509_394X,-33.894737243652344,151.2215118408203,172.0,13.7,34,0.57,True
2026-09-29T09:30:49+10:00,2400536,2509_396,-33.87962341308594,151.21568298339844,133.0,0.0,29,0.48,True
2026-09-29T09:30:49+10:00,2645938,2509_392X,-33.896240234375,151.22178649902344,175.0,29.2,-165,-2.75,False
2026-09-29T09:30:49+10:00,2356651,2509_370,-33.91506576538086,151.22740173339844,281.0,31.7,-139,-2.32,False
2026-09-29T09:30:49+10:00,2534181,2509_325,-33.85616683959961,151.2066650390625,230.0,0.0,0,0.0,True
2026-09-29T09:30:49+10:00,2356212,2509_373,-33.92341995239258,151.25625610351562,7.0,14.4,-571,-9.52,False
2026-09-29T09:30:49+10:00,2400642,2509_396,-33.94772720336914,151.25509643554688,43.0,0.0,0,0.0,True
2026-09-29T09:30:49+10:00,2720410,2514_271,-33.815101623535156,151.20582580566406,182.0,48.2,-251,-4.18,False
2026-09-29T09:30:49+10:00,2628750,2509_304,-33.86488723754883,151.21163940429688,188.0,0.0,261,4.35,True
2026-09-29T09:30:49+10:00,2564894,2509_333,-33.876869201660156,151.21141052246094,92.0,23.4,523,8.72,False
2026-09-29T09:30:49+10:00,2400512,2509_309,-33.950523376464844,151.19754028320312,314.0,0.7,-116,-1.93,False
2026-09-29T09:30:49+10:00,2435640,2509_390X,-33.891090393066406,151.2489776611328,281.0,5.0,225,3.75,True
2026-09-29T09:30:49+10:00,2355910,2509_374,-33.893455505371094,151.21920776367188,131.0,41.8,249,4.15,True
2026-09-29T09:30:49+10:00,2357399,2509_339,-33.89549255371094,151.221923828125,351.0,0.0,91,1.52,True
2026-09-29T09:30:49+10:00,2564841,2509_350,-33.94187927246094,151.21646118164062,322.0,20.2,344,5.73,False
2026-09-29T09:30:49+10:00,2356368,2509_373,-33.92115783691406,151.2469940185547,319.0,0.0,-85,-1.42,False
2026-09-29T09:30:49+10:00,2709122,2504_610X,-33.846675872802734,151.21240234375,343.0,51.8,240,4.0,True
2026-09-29T09:30:49+10:00,2719619,2514_270,-33.871089935302734,151.20553588867188,353.0,0.4,0,0.0,True
2026-09-29T09:30:49+10:00,2376652,2508_100,-33.82965850830078,151.21315002441406,356.0,10.1,129,2.15,True
2026-09-29T09:30:49+10:00,2470752,2509_356,-33.944732666015625,151.2261962890625,190.0,0.0,0,0.0,True
2026-09-29T09:30:49+10:00,2575742,2509_374,-33.91728973388672,151.2521209716797,279.0,40.7,60,1.0,True
2026-09-29T09:30:49+10:00,2710596,2504_610X,-33.871360778808594,151.2063446044922,175.0,22.0,0,0.0,True
2026-09-29T09:30:49+10:00,2573751,2509_370,-33.906951904296875,151.18240356445312,96.0,11.9,105,1.75,True
2026-09-29T09:30:49+10:00,2375807,2508_B1,-33.85004425048828,151.21226501464844,208.0,59.4,-463,-7.72,False
2026-09-29T09:30:49+10:00,2708341,2504_642X,-33.87346649169922,151.20242309570312,161.0,0.0,-417,-6.95,False
2026-09-29T09:30:49+10:00,2675041,2509_309,-33.8842658996582,151.20343017578125,207.0,0.0,0,0.0,True
2026-09-29T09:30:49+10:00,2645945,2509_394X,-33.916202545166016,151.22586059570312,168.0,12.2,93,1.55,True
2026-09-29T09:30:49+10:00,2136907,2509_375,-33.9493293762207,151.25076293945312,208.0,28.1,-365,-6.08,False
2026-09-29T09:30:49+10:00,2357325,2509_373,-33.881046295166016,151.21710205078125,167.0,32.0,162,2.7,True
2026-09-29T09:30:49+10:00,2721376,2514_194,-33.8692626953125,151.205322265625,354.0,17.6,-33,-0.55,True
2026-09-29T09:30:49+10:00,2435458,2509_390X,-33.90825653076172,151.248046875,244.0,0.4,112,1.87,True
2026-09-29T09:30:49+10:00,2403272,2509_311,-33.87416076660156,151.22305297851562,223.0,19.4,157,2.62,True
2026-09-29T09:30:49+10:00,2400372,2509_396,-33.94247817993164,151.2449188232422,277.0,0.0,-5,-0.08,True
2026-09-29T09:30:49+10:00,2705151,2504_610X,-33.84565734863281,151.2122344970703,165.0,52.2,-78,-1.3,False
2026-09-29T09:30:49+10:00,2396611,2509_392,-33.9458122253418,151.22607421875,181.0,0.4,0,0.0,True
2026-09-29T09:30:49+10:00,2575767,2509_374,-33.884368896484375,151.2081298828125,1.0,34.2,-357,-5.95,False
2026-09-29T09:30:49+10:00,2356423,2509_339,-33.90293884277344,151.2404022216797,260.0,36.0,72,1.2,True
2026-09-29T09:30:49+10:00,2356086,2509_373X,-33.91810989379883,151.2412872314453,265.0,0.0,109,1.82,True
2026-09-29T09:30:49+10:00,2552029,2509_379,-33.88934326171875,151.28321838378906,38.0,0.0,0,0.0,True
2026-09-29T09:30:49+10:00,2357310,2509_343,-33.87900924682617,151.20919799804688,186.0,35.3,81,1.35,True
2026-09-29T09:30:49+10:00,2565104,2509_350,-33.945919036865234,151.2265625,83.0,21.6,-63,-1.05,False
2026-09-29T09:30:49+10:00,2357765,2509_339,-33.9128532409668,151.26385498046875,110.0,28.4,-56,-0.93,True
2026-09-29T09:30:49+10:00,2355790,2509_390X,-33.909278869628906,151.24368286132812,75.0,0.0,89,1.48,True
2026-09-29T09:30:49+10:00,2706081,2504_610X,-33.86745834350586,151.2058868408203,174.0,19.1,0,0.0,True
2026-09-29T09:30:49+10:00,2531730,2509_360,-33.89704895019531,151.25889587402344,99.0,35.3,42,0.7,True
2026-09-29T09:30:49+10:00,2719496,2514_558,-33.786842346191406,151.1809844970703,72.0,0.0,158,2.63,True
2026-09-29T09:30:49+10:00,2374870,2508_144,-33.81474685668945,151.17800903320312,160.0,12.2,40,0.67,True
2026-09-29T09:30:49+10:00,2564799,2509_350,-33.93909454345703,151.25709533691406,312.0,17.6,251,4.18,True
2026-09-29T09:30:49+10:00,2564582,2509_333,-33.889137268066406,151.27676391601562,253.0,0.0,31,0.52,True
2026-09-29T09:30:49+10:00,2564636,2509_350,-33.94774627685547,151.251708984375,282.0,0.0,8,0.13,True
2026-09-29T09:30:49+10:00,2534272,2509_355,-33.89023971557617,151.23956298828125,64.0,10.8,-72,-1.2,False
2026-09-29T09:30:49+10:00,2355854,2509_390X,-33.93687438964844,151.23802185058594,347.0,0.0,316,5.27,False
2026-09-29T09:30:49+10:00,2533102,2509_355,-33.89811706542969,151.19873046875,344.0,0.0,106,1.77,True
2026-09-29T09:30:49+10:00,2532185,2509_380,-33.87437438964844,151.2803497314453,341.0,27.0,-10,-0.17,True
2026-09-29T09:30:49+10:00,2374603,2508_172X,-33.786651611328125,151.24203491210938,191.0,33.1,163,2.72,True
2026-09-29T09:30:49+10:00,2708614,2504_616X,-33.825660705566406,151.21322631835938,137.0,72.4,-192,-3.2,False
2026-09-29T09:30:49+10:00,2357810,2509_339,-33.88276672363281,151.21104431152344,119.0,1.1,242,4.03,True
2026-09-29T09:30:49+10:00,2424360,2508_230,-33.84566116333008,151.21119689941406,353.0,32.4,-4,-0.07,True
2026-09-29T09:30:49+10:00,2428546,2508_238,-33.84311294555664,151.2443084716797,152.0,31.3,233,3.88,True
2026-09-29T09:30:49+10:00,2564983,2509_333,-33.889930725097656,151.24029541015625,64.0,28.1,270,4.5,True
2026-09-29T09:30:49+10:00,2565175,2509_350,-33.929962158203125,151.18682861328125,196.0,37.1,169,2.82,True
2026-09-29T09:30:49+10:00,2645874,2509_394X,-33.8932991027832,151.22119140625,351.0,45.4,49,0.82,True
2026-09-29T09:30:49+10:00,2300959,2509_399,-33.94088363647461,151.23886108398438,348.0,0.0,179,2.98,True
2026-09-29T09:30:49+10:00,2356013,2509_311,-33.8712158203125,151.20555114746094,355.0,13.3,-213,-3.55,False
2026-09-29T09:30:49+10:00,2138503,2509_396,-33.91697692871094,151.22601318359375,169.0,0.0,405,6.75,False
2026-09-29T09:30:49+10:00,2470788,2509_397,-33.945003509521484,151.24781799316406,104.0,31.7,44,0.73,True
2026-09-29T09:30:49+10:00,2375008,2508_100,-33.84196472167969,151.2436065673828,347.0,0.0,0,0.0,True
2026-09-29T09:30:49+10:00,2675100,2509_309,-33.88711166381836,151.20143127441406,195.0,38.2,0,0.0,True
2026-09-29T09:30:49+10:00,2435547,2509_390X,-33.94643783569336,151.24070739746094,172.0,9.7,-65,-1.08,False
2026-09-29T09:30:49+10:00,2088879,2508_160X,-33.86245346069336,151.2045135498047,22.0,37.1,0,0.0,True
2026-09-29T09:30:49+10:00,2645926,2509_392X,-33.922698974609375,151.2271270751953,161.0,0.0,-192,-3.2,False
2026-09-29T09:30:49+10:00,2356512,2509_373,-33.87825012207031,151.20932006835938,147.0,10.1,-68,-1.13,False
2026-09-29T09:30:49+10:00,2532647,2509_326,-33.890113830566406,151.25489807128906,233.0,11.9,323,5.38,False
2026-09-29T09:30:49+10:00,2357191,2509_373,-33.90665054321289,151.231689453125,305.0,30.6,-44,-0.73,True
2026-09-29T09:30:49+10:00,2428492,2508_B1,-33.86665725708008,151.206298828125,7.0,0.0,0,0.0,True
2026-09-29T09:30:49+10:00,2532844,2509_360,-33.898468017578125,151.26548767089844,5.0,0.0,140,2.33,True
2026-09-29T09:30:49+10:00,2564854,2509_350,-33.924278259277344,151.1877899169922,100.0,0.4,-71,-1.18,False
2026-09-29T09:30:49+10:00,2352646,2509_356,-33.91241455078125,151.2425537109375,212.0,31.0,68,1.13,True
2026-09-29T09:30:49+10:00,2428332,2508_B1,-33.8666877746582,151.20616149902344,7.0,0.0,0,0.0,True
2026-09-29T09:30:49+10:00,2357151,2509_339X,-33.873565673828125,151.2098846435547,186.0,34.6,19,0.32,True
2026-09-29T09:30:49+10:00,2357174,2509_373,-33.922157287597656,151.25205993652344,97.0,5.0,193,3.22,True
2026-09-29T09:30:49+10:00,2356162,2509_311,-33.8818244934082,151.20631408691406,127.0,0.0,0,0.0,True
2026-09-29T09:30:49+10:00,2377019,2508_100,-33.830379486083984,151.21434020996094,167.0,29.9,-75,-1.25,False
2026-09-29T09:30:49+10:00,2138600,2509_306,-33.927490234375,151.20738220214844,281.0,44.3,-96,-1.6,False
2026-09-29T09:30:49+10:00,2137630,2509_306,-33.8973274230957,151.19952392578125,164.0,42.5,249,4.15,True
2026-09-29T09:30:49+10:00,2410313,2509_392,-33.91698455810547,151.2259063720703,340.0,24.5,113,1.88,True
2026-09-29T09:30:49+10:00,2720834,2514_277,-33.78196716308594,151.19679260253906,250.0,0.0,-6,-0.1,True
2026-09-29T09:30:49+10:00,2534620,2509_324,-33.861202239990234,151.2028045654297,351.0,32.0,-597,-9.95,False
2026-09-29T09:30:49+10:00,2375565,2508_100,-33.86687469482422,151.20506286621094,355.0,9.0,-96,-1.6,False
2026-09-29T09:30:49+10:00,2533725,2509_387,-33.8680534362793,151.27748107910156,189.0,0.0,167,2.78,True
2026-09-29T09:30:49+10:00,2564876,2509_333,-33.89158630371094,151.24948120117188,100.0,0.0,445,7.42,False
2026-09-29T09:30:49+10:00,2410362,2509_392,-33.896751403808594,151.20018005371094,273.0,23.8,-159,-2.65,False
2026-09-29T09:30:49+10:00,2356929,2509_343,-33.89575958251953,151.20680236816406,198.0,0.0,199,3.32,True
2026-09-29T09:30:49+10:00,2388992,2508_145,-33.80671310424805,151.2465362548828,347.0,25.9,0,0.0,True
2026-09-29T09:30:49+10:00,2377620,2508_144,-33.7967529296875,151.2516326904297,63.0,18.7,151,2.52,True
2026-09-29T09:30:49+10:00,2573680,2509_370,-33.90181350708008,151.19985961914062,78.0,0.0,21,0.35,True
2026-09-29T09:30:49+10:00,2645929,2509_392X,-33.92111587524414,151.2265167236328,352.0,36.7,-61,-1.02,False
2026-09-29T09:30:49+10:00,2531938,2509_325,-33.87044906616211,151.2684783935547,54.0,26.3,204,3.4,True
2026-09-29T09:30:49+10:00,2709605,2504_612X,-33.810768127441406,151.17654418945312,255.0,18.0,-233,-3.88,False
2026-09-29T09:30:49+10:00,2565000,2509_333,-33.86304473876953,151.2111053466797,5.0,14.4,125,2.08,True
2026-09-29T09:30:49+10:00,2567019,2508_144,-33.82855224609375,151.22987365722656,240.0,27.7,53,0.88,True
2026-09-29T09:30:49+10:00,2400351,2509_396,-33.861629486083984,151.21168518066406,89.0,0.0,45,0.75,True
2026-09-29T09:30:49+10:00,2357417,2509_370,-33.920040130615234,151.25706481933594,189.0,0.0,0,0.0,True
2026-09-29T09:30:49+10:00,2565043,2509_333,-33.87883377075195,151.21469116210938,315.0,29.5,40,0.67,True
2026-09-29T09:30:49+10:00,2565073,2509_333,-33.88909149169922,151.2789306640625,112.0,41.0,-124,-2.07,False
2026-09-29T09:30:49+10:00,2374346,2508_180X,-33.86186981201172,151.2056427001953,198.0,59.4,-302,-5.03,False
2026-09-29T09:30:49+10:00,1800082,2509_388,-33.89154815673828,151.24658203125,109.0,23.4,-121,-2.02,False
2026-09-29T09:30:49+10:00,2721086,2514_141,-33.79719924926758,151.250244140625,145.0,20.9,249,4.15,True
2026-09-29T09:30:49+10:00,2532957,2509_325,-33.84331512451172,151.28404235839844,343.0,0.0,0,0.0,True
2026-09-29T09:30:49+10:00,2375406,2508_B1,-33.79584503173828,151.25299072265625,192.0,0.0,146,2.43,True
2026-09-29T09:30:49+10:00,2531857,2509_313,-33.91410827636719,151.2494354248047,188.0,0.0,-121,-2.02,False
2026-09-29T09:30:49+10:00,2720009,2514_194,-33.84534454345703,151.21206665039062,166.0,46.1,-115,-1.92,False
2026-09-29T09:30:49+10:00,2531064,2509_377X,-33.88682556152344,151.21942138671875,317.0,14.0,-179,-2.98,False
2026-09-29T09:30:49+10:00,2375163,2508_100,-33.828670501708984,151.22909545898438,241.0,33.5,106,1.77,True
2026-09-29T09:30:49+10:00,2527241,2509_370,-33.87215805053711,151.1798858642578,195.0,0.0,0,0.0,True
2026-09-29T09:30:49+10:00,2356812,2509_370,-33.90916061401367,151.20265197753906,197.0,21.2,-36,-0.6,True
2026-09-29T09:30:49+10:00,2721144,2514_283,-33.78700256347656,151.1973114013672,251.0,32.8,300,5.0,True
2026-09-29T09:30:49+10:00,2532018,2509_352,-33.8914794921875,151.18824768066406,222.0,11.9,-69,-1.15,False
2026-09-29T09:30:49+10:00,2564840,2509_333,-33.87736129760742,151.212890625,314.0,0.0,203,3.38,True
2026-09-29T09:30:49+10:00,2374602,2508_111,-33.829959869384766,151.25851440429688,17.0,34.6,24,0.4,True
2026-09-29T09:30:49+10:00,2645930,2509_394X,-33.94368362426758,151.2395477294922,345.0,32.0,49,0.82,True
2026-09-29T09:30:49+10:00,2488424,2509_392,-33.90071487426758,151.2099609375,217.0,0.0,178,2.97,True
2026-09-29T09:30:49+10:00,2564777,2509_333,-33.89173126220703,151.24746704101562,29.0,9.7,349,5.82,False
2026-09-29T09:30:49+10:00,2714717,2508_114,-33.8292236328125,151.24745178222656,173.0,5.4,53,0.88,True
2026-09-29T09:30:49+10:00,2357554,2509_343,-33.86247253417969,151.2120361328125,8.0,0.0,4,0.07,True
2026-09-29T09:30:49+10:00,2376101,2508_100,-33.8291015625,151.2440643310547,356.0,13.3,107,1.78,True
2026-09-29T09:30:49+10:00,2374606,2508_144,-33.83079147338867,151.2130889892578,19.0,53.6,0,0.0,True
2026-09-29T09:30:49+10:00,2357708,2509_339,-33.91492462158203,151.26661682128906,343.0,14.8,45,0.75,True
2026-09-29T09:30:49+10:00,2428426,2508_B1,-33.829833984375,151.21832275390625,115.0,37.8,32,0.53,True
2026-09-29T09:30:49+10:00,2375590,2508_173X,-33.83123016357422,151.22390747070312,65.0,21.2,61,1.02,True
2026-09-29T09:30:49+10:00,2533414,2509_325,-33.87376022338867,151.21395874023438,281.0,0.0,-372,-6.2,False
2026-09-29T09:30:49+10:00,2403119,2509_311,-33.864463806152344,151.203125,176.0,26.6,131,2.18,True
2026-09-29T09:30:49+10:00,2377083,2508_100,-33.86850357055664,151.2060089111328,172.0,0.0,-290,-4.83,False
2026-09-29T09:30:49+10:00,2428507,2508_B1,-33.8651123046875,151.2052459716797,264.0,1.8,65,1.08,True
2026-09-29T09:30:49+10:00,2352407,2509_392,-33.89463424682617,151.1992950439453,198.0,35.3,-18,-0.3,True
2026-09-29T09:30:49+10:00,2534300,2509_360,-33.891117095947266,151.2494354248047,278.0,0.0,0,0.0,True
2026-09-29T09:30:49+10:00,2357757,2509_373X,-33.906005859375,151.23036193847656,296.0,44.3,85,1.42,True
2026-09-29T09:30:49+10:00,2431471,2509_396,-33.88080596923828,151.2169189453125,351.0,18.7,-248,-4.13,False
2026-09-29T09:30:49+10:00,2146974,2508_161,-33.818092346191406,151.29554748535156,275.0,22.3,338,5.63,False
2026-09-29T09:30:49+10:00,2551795,2509_379,-33.904510498046875,151.26698303222656,112.0,0.0,0,0.0,True
2026-09-29T09:30:49+10:00,2424364,2508_230,-33.82978820800781,151.21827697753906,116.0,0.0,154,2.57,True
2026-09-29T09:30:49+10:00,2533810,2509_362,-33.87164306640625,151.2622528076172,347.0,0.0,-111,-1.85,False
2026-09-29T09:30:49+10:00,2531613,2509_355,-33.90852355957031,151.1719970703125,69.0,0.0,0,0.0,True
2026-09-29T09:30:49+10:00,2531382,2509_313,-33.921966552734375,151.25022888183594,289.0,2.9,32,0.53,True
2026-09-29T09:30:49+10:00,2706075,2504_620X,-33.814117431640625,151.16783142089844,122.0,70.6,-412,-6.87,False
2026-09-29T09:30:49+10:00,2551996,2509_379,-33.89051818847656,151.25454711914062,231.0,6.5,-275,-4.58,False
2026-09-29T09:30:49+10:00,2431371,2509_392,-33.94600296020508,151.22740173339844,135.0,34.9,751,12.52,False
2026-09-29T09:30:49+10:00,2356312,2509_370,-33.89986801147461,151.1779327392578,344.0,29.9,143,2.38,True
2026-09-29T09:30:49+10:00,2435478,2509_390X,-33.93121337890625,151.2371826171875,163.0,49.3,-186,-3.1,False
2026-09-29T09:30:49+10:00,2375020,2508_100,-33.82703399658203,151.24403381347656,167.0,13.7,-205,-3.42,False
2026-09-29T09:30:49+10:00,2139060,2509_375,-33.92162322998047,151.24307250976562,345.0,24.5,192,3.2,True
2026-09-29T09:30:49+10:00,2355998,2509_339,-33.90326690673828,151.24252319335938,126.0,32.4,-18,-0.3,True
2026-09-29T09:30:49+10:00,2374111,2508_179,-33.83040237426758,151.22605895996094,61.0,42.8,0,0.0,True
2026-09-29T09:30:49+10:00,2454746,2508_225,-33.8408317565918,151.21890258789062,183.0,29.2,3,0.05,True
2026-09-29T09:30:49+10:00,2531780,2509_380,-33.84326934814453,151.28416442871094,168.0,0.0,45,0.75,True
2026-09-29T09:30:49+10:00,2720483,2514_270,-33.8630485534668,151.2052459716797,175.0,0.0,-381,-6.35,False
2026-09-29T09:30:49+10:00,2565145,2509_333,-33.89086151123047,151.24830627441406,277.0,0.0,-234,-3.9,False
2026-09-29T09:30:49+10:00,2421415,2508_230,-33.830692291259766,151.24205017089844,69.0,40.3,157,2.62,True
2026-09-29T09:30:49+10:00,2376968,2508_144,-33.82405471801758,151.19232177734375,64.0,30.2,364,6.07,False
2026-09-29T09:30:49+10:00,2720620,2514_194,-33.78030776977539,151.19595336914062,163.0,37.8,174,2.9,True
2026-09-29T09:30:49+10:00,2573745,2509_370,-33.91592788696289,151.23365783691406,99.0,0.0,-138,-2.3,False
2026-09-29T09:30:49+10:00,2533766,2509_352,-33.90290451049805,151.1790771484375,68.0,2.5,7,0.12,True
2026-09-29T09:30:49+10:00,2356166,2509_343,-33.86274719238281,151.2119903564453,9.0,0.0,0,0.0,True
2026-09-29T09:30:49+10:00,2564773,2509_333,-33.889556884765625,151.28330993652344,217.0,0.0,0,0.0,True
2026-09-29T09:30:49+10:00,2392598,2508_114,-33.82878112792969,151.244140625,175.0,6.5,167,2.78,True
2026-09-29T09:30:49+10:00,2356664,2509_311,-33.87168502807617,151.226806640625,102.0,26.3,64,1.07,True
2026-09-29T09:30:49+10:00,2357252,2509_370,-33.907554626464844,151.18692016601562,267.0,30.2,-86,-1.43,False
2026-09-29T09:30:49+10:00,2564006,2509_387,-33.860286712646484,151.279052734375,45.0,36.7,34,0.57,True
2026-09-29T09:30:49+10:00,2435701,2509_390X,-33.91693115234375,151.2385711669922,281.0,8.6,257,4.28,True
2026-09-29T09:30:49+10:00,2435264,2509_390X,-33.891143798828125,151.24884033203125,286.0,0.0,0,0.0,True
2026-09-29T09:30:49+10:00,2532407,2509_325,-33.856101989746094,151.20657348632812,46.0,0.0,0,0.0,True
2026-09-29T09:30:49+10:00,2527259,2509_370,-33.88093566894531,151.18804931640625,132.0,20.9,57,0.95,True
2026-09-29T09:30:49+10:00,2550210,2508_144,-33.798519134521484,151.251953125,218.0,20.5,159,2.65,True
2026-09-29T09:30:49+10:00,2374132,2508_100,-33.8420295715332,151.24388122558594,182.0,0.0,12,0.2,True
2026-09-29T09:30:49+10:00,2356927,2509_370,-33.91254425048828,151.2239227294922,318.0,41.8,363,6.05,False
2026-09-29T09:30:49+10:00,2674981,2509_309,-33.910377502441406,151.2023468017578,197.0,34.2,73,1.22,True
2026-09-29T09:30:49+10:00,2377321,2508_100,-33.870567321777344,151.20623779296875,175.0,0.4,-71,-1.18,False
2026-09-29T09:30:49+10:00,2532958,2509_381,-33.891380310058594,151.2486572265625,100.0,0.0,0,0.0,True
2026-09-29T09:30:49+10:00,2095762,2508_160X,-33.795352935791016,151.1813201904297,224.0,0.0,-73,-1.22,False
2026-09-29T09:30:49+10:00,2396525,2509_392,-33.897220611572266,151.21295166015625,37.0,10.4,-150,-2.5,False
2026-09-29T09:30:49+10:00,2564873,2509_333,-33.88924026489258,151.23260498046875,316.0,0.0,-71,-1.18,False
2026-09-29T09:30:49+10:00,2356429,2509_370,-33.92011642456055,151.25709533691406,183.0,21.2,0,0.0,True
2026-09-29T09:30:49+10:00,2089827,2508_160X,-33.836856842041016,151.20709228515625,9.0,20.2,0,0.0,True
2026-09-29T09:30:49+10:00,2470744,2509_356,-33.91812515258789,151.2413330078125,264.0,18.4,112,1.87,True
2026-09-29T09:30:49+10:00,2356338,2509_373,-33.919715881347656,151.25717163085938,189.0,0.0,14,0.23,True
2026-09-29T09:30:49+10:00,2551978,2509_379,-33.906593322753906,151.26626586914062,101.0,22.3,-312,-5.2,False
2026-09-29T09:30:49+10:00,2357628,2509_343,-33.90449905395508,151.2053985595703,329.0,0.0,115,1.92,True
2026-09-29T09:30:49+10:00,2706693,2504_610X,-33.813453674316406,151.1814727783203,109.0,60.8,-250,-4.17,False
2026-09-29T09:30:49+10:00,2357129,2509_373,-33.907615661621094,151.2335662841797,133.0,48.6,-18,-0.3,True
2026-09-29T09:30:49+10:00,2376747,2508_243,-33.82289505004883,151.2403564453125,190.0,26.6,0,0.0,True
2026-09-29T09:30:49+10:00,2567025,2508_144,-33.81098937988281,151.1759796142578,40.0,31.0,-171,-2.85,False
2026-09-29T09:30:49+10:00,2139413,2509_396,-33.9122314453125,151.2238006591797,138.0,35.3,1126,18.77,False
2026-09-29T09:30:49+10:00,2565187,2509_350,-33.928016662597656,151.25518798828125,190.0,35.6,14,0.23,True
2026-09-29T09:30:49+10:00,2352238,2509_356,-33.942726135253906,151.24693298339844,280.0,32.0,129,2.15,True
2026-09-29T09:30:49+10:00,2720118,2514_271,-33.805503845214844,151.20538330078125,10.0,34.2,13,0.22,True
2026-09-29T09:30:49+10:00,2707484,2504_607X,-33.87135696411133,151.20556640625,355.0,20.2,272,4.53,True
2026-09-29T09:30:49+10:00,2400352,2509_309,-33.95088195800781,151.19796752929688,309.0,33.8,398,6.63,False
2026-09-29T09:30:49+10:00,2089625,2508_160X,-33.79659652709961,151.18006896972656,190.0,0.0,4,0.07,True
2026-09-29T09:30:49+10:00,2357778,2509_370,-33.877193450927734,151.18492126464844,326.0,9.7,-422,-7.03,False
2026-09-29T09:30:49+10:00,2710871,2504_607X,-33.8717155456543,151.2064208984375,178.0,0.0,0,0.0,True
2026-09-29T09:30:49+10:00,2137559,2509_375,-33.944515228271484,151.2263641357422,192.0,0.0,0,0.0,True
2026-09-29T09:30:49+10:00,2533316,2509_326,-33.87922668457031,151.23609924316406,7.0,0.0,0,0.0,True
2026-09-29T09:30:49+10:00,2138386,2509_396,-33.89622116088867,151.22189331054688,174.0,0.0,238,3.97,True
2026-09-29T09:30:49+10:00,2534404,2509_324,-33.87602615356445,151.24612426757812,43.0,35.6,-13,-0.22,True
2026-09-29T09:30:49+10:00,2357447,2509_304,-33.87511444091797,151.20968627929688,6.0,0.0,-236,-3.93,False
2026-09-29T09:30:49+10:00,2567029,2508_263,-33.83176040649414,151.22232055664062,15.0,0.0,186,3.1,True
2026-09-29T09:30:49+10:00,2564975,2509_333,-33.88144302368164,151.21865844726562,297.0,6.5,-83,-1.38,False
2026-09-29T09:30:49+10:00,2564830,2509_350,-33.9293098449707,151.19485473632812,186.0,0.0,250,4.17,True
2026-09-29T09:30:49+10:00,2352618,2509_307,-33.9294548034668,151.1947479248047,191.0,0.0,-170,-2.83,False
2026-09-29T09:30:49+10:00,2590025,2508_280,-33.7856330871582,151.18475341796875,70.0,55.4,80,1.33,True
2026-09-29T09:30:49+10:00,2563906,2509_379,-33.888282775878906,151.2710723876953,38.0,6.5,-55,-0.92,True
2026-09-29T09:30:49+10:00,2564805,2509_333,-33.86164855957031,151.21185302734375,93.0,2.5,45,0.75,True
2026-09-29T09:30:49+10:00,2628635,2509_304,-33.869293212890625,151.21041870117188,6.0,0.4,-167,-2.78,False
2026-09-29T09:30:49+10:00,2375977,2508_144,-33.82987976074219,151.21844482421875,116.0,0.0,394,6.57,False
2026-09-29T09:30:49+10:00,2373776,2508_199,-33.82439422607422,151.239990234375,97.0,0.0,0,0.0,True
2026-09-29T09:30:49+10:00,2532670,2509_324,-33.877464294433594,151.2435760498047,247.0,41.4,-2,-0.03,True
2026-09-29T09:30:49+10:00,2564988,2509_350,-33.891788482666016,151.249755859375,186.0,19.1,236,3.93,True
2026-09-29T09:30:49+10:00,2357506,2509_343,-33.922264099121094,151.20205688476562,281.0,11.2,193,3.22,True
2026-09-29T09:30:49+10:00,2573735,2509_370,-33.897705078125,151.17868041992188,215.0,18.4,-20,-0.33,True
2026-09-29T09:30:49+10:00,2563865,2509_379,-33.88591003417969,151.28387451171875,97.0,26.6,-144,-2.4,False
2026-09-29T09:30:49+10:00,2628717,2509_304,-33.90671157836914,151.20848083496094,116.0,25.9,106,1.77,True
2026-09-29T09:30:49+10:00,2531147,2509_355,-33.89148712158203,151.21189880371094,278.0,0.0,2,0.03,True
2026-09-29T09:30:49+10:00,2564999,2509_350,-33.924537658691406,151.1883544921875,281.0,34.6,100,1.67,True
2026-09-29T09:30:49+10:00,2421255,2508_230,-33.83158874511719,151.20834350585938,189.0,31.3,47,0.78,True
2026-09-29T09:30:49+10:00,2710753,2504_549,-33.82124328613281,151.20458984375,325.0,80.3,0,0.0,True
2026-09-29T09:30:49+10:00,2400621,2509_309,-33.91391372680664,151.20101928710938,16.0,29.5,-131,-2.18,False
2026-09-29T09:30:49+10:00,2567022,2508_144,-33.827735900878906,151.20156860351562,280.0,25.2,-19,-0.32,True
2026-09-29T09:30:49+10:00,2139592,2509_306,-33.893619537353516,151.19874572753906,20.0,0.0,0,0.0,True
2026-09-29T09:30:49+10:00,2552028,2509_379,-33.891204833984375,151.24928283691406,275.0,14.4,-8,-0.13,True
2026-09-29T09:30:49+10:00,2373806,2508_172X,-33.824947357177734,151.23391723632812,238.0,48.6,311,5.18,False
2026-09-29T09:30:49+10:00,2356721,2509_343,-33.8880615234375,151.2063751220703,11.0,33.5,177,2.95,True
2026-09-29T09:30:49+10:00,2590052,2508_280,-33.79523849487305,151.18148803710938,247.0,0.0,-351,-5.85,False
2026-09-29T09:30:49+10:00,2431541,2509_396,-33.87873458862305,151.21456909179688,313.0,0.0,239,3.98,True
2026-09-29T09:30:49+10:00,2533931,2509_324,-33.90106964111328,151.2028045654297,75.0,0.0,0,0.0,True
2026-09-29T09:30:49+10:00,2563904,2509_379,-33.90399169921875,151.25457763671875,43.0,16.6,171,2.85,True
2026-09-29T09:30:49+10:00,2645928,2509_392X,-33.876556396484375,151.2095184326172,169.0,13.7,-258,-4.3,False
2026-09-29T09:30:49+10:00,2470779,2509_356,-33.94101333618164,151.23587036132812,99.0,48.6,87,1.45,True
2026-09-29T09:30:49+10:00,2357245,2509_370,-33.91020584106445,151.2025604248047,279.0,0.0,162,2.7,True
2026-09-29T09:30:49+10:00,2719509,2514_271,-33.871795654296875,151.2064208984375,174.0,23.4,0,0.0,True
2026-09-29T09:30:49+10:00,2403146,2509_311,-33.858516693115234,151.20460510253906,281.0,0.0,0,0.0,True
2026-09-29T09:30:49+10:00,2564611,2509_350,-33.935543060302734,151.25778198242188,7.0,45.0,-253,-4.22,False
2026-09-29T09:30:49+10:00,2531982,2509_324,-33.87175750732422,151.20640563964844,173.0,23.4,120,2.0,True
2026-09-29T09:30:49+10:00,2352223,2509_307,-33.9483757019043,151.2078094482422,278.0,31.0,-75,-1.25,False
2026-09-29T09:30:49+10:00,2564803,2509_333,-33.888328552246094,151.23184204101562,135.0,37.1,156,2.6,True
2026-09-29T09:30:49+10:00,2355851,2509_390X,-33.91468811035156,151.24026489257812,341.0,32.8,-103,-1.72,False
2026-09-29T09:30:49+10:00,2714623,2508_114,-33.824684143066406,151.2410430908203,297.0,0.0,379,6.32,False
2026-09-29T09:30:49+10:00,2136906,2509_306,-33.92481231689453,151.1903839111328,279.0,28.1,-79,-1.32,False
2026-09-29T09:30:49+10:00,2403253,2509_311,-33.8682746887207,151.225830078125,185.0,0.0,-131,-2.18,False
2026-09-29T09:30:49+10:00,2573739,2509_370,-33.92058563232422,151.25547790527344,102.0,10.8,-475,-7.92,False
2026-09-29T09:30:49+10:00,2319609,7083_SW3,-33.91498565673828,151.16505432128906,90.0,0.4,1056,17.6,False
2026-09-29T09:30:49+10:00,2570110,7083_SW1,-33.913063049316406,151.15370178222656,42.0,42.5,16,0.27,True
2026-09-29T09:30:49+10:00,2309789,7083_SW3,-33.91240692138672,151.11854553222656,55.0,0.0,37,0.62,True
2026-09-29T09:30:49+10:00,2570120,7083_SW1,-33.91730499267578,151.14535522460938,98.0,24.1,-9,-0.15,True
2026-09-29T09:30:49+10:00,2371434,7083_SW3,-33.9012565612793,151.1530303955078,93.0,4.0,-123,-2.05,False
2026-09-29T09:30:49+10:00,2319568,7083_SW3,-33.91453170776367,151.16537475585938,0.0,0.0,-579,-9.65,False
2026-09-29T09:30:49+10:00,2309563,7083_SW3,-33.914424896240234,151.16558837890625,0.0,0.0,2912,48.53,False
2026-09-29T09:30:49+10:00,2725799,7083_SW1,-33.914100646972656,151.1663818359375,0.0,0.0,47,0.78,True
2026-09-29T09:30:49+10:00,2558926,7083_SW1,-33.92095184326172,151.16673278808594,245.0,51.5,2988,49.8,False
2026-09-29T09:30:49+10:00,2570026,7083_SW1,-33.914634704589844,151.1650848388672,0.0,0.4,3000,50.0,False
2026-09-29T09:30:49+10:00,2725849,7083_SW1,-33.91032409667969,151.13848876953125,300.0,36.7,-107,-1.78,False
2026-09-29T09:30:49+10:00,2308917,2459_445,-33.856590270996094,151.1785125732422,103.0,25.6,-737,-12.28,False
2026-09-29T09:30:49+10:00,2660370,2459_320,-33.906856536865234,151.2080841064453,204.0,14.4,-373,-6.22,False
2026-09-29T09:30:49+10:00,2636239,2459_504,-33.8477897644043,151.1413116455078,34.0,0.0,0,0.0,True
2026-09-29T09:30:49+10:00,2286220,2459_423,-33.897254943847656,151.17906188964844,41.0,11.9,-33,-0.55,True
2026-09-29T09:30:49+10:00,2285044,2459_461X,-33.88395309448242,151.20272827148438,246.0,19.8,-18,-0.3,True
2026-09-29T09:30:49+10:00,2208950,2459_464,-33.887847900390625,151.12057495117188,64.0,38.5,123,2.05,True
2026-09-29T09:30:49+10:00,2288487,2459_461X,-33.888031005859375,151.15847778320312,257.0,38.2,29,0.48,True
2026-09-29T09:30:49+10:00,2636117,2459_504,-33.855655670166016,151.1414031982422,118.0,44.6,164,2.73,True
2026-09-29T09:30:49+10:00,2290976,2459_461X,-33.88267135620117,151.13368225097656,144.0,0.0,206,3.43,True
2026-09-29T09:30:49+10:00,2037573,2459_440,-33.8875617980957,151.17169189453125,264.0,0.0,160,2.67,True
2026-09-29T09:30:49+10:00,2475143,2459_389,-33.89166259765625,151.2469940185547,100.0,11.9,-74,-1.23,False
2026-09-29T09:30:49+10:00,2686008,2459_423,-33.87151336669922,151.2101287841797,187.0,5.4,159,2.65,True
2026-09-29T09:30:49+10:00,2736834,2459_308,-33.908443450927734,151.17320251464844,88.0,22.7,8,0.13,True
2026-09-29T09:30:49+10:00,2290646,2459_437,-33.874717712402344,151.15603637695312,177.0,0.0,175,2.92,True
2026-09-29T09:30:49+10:00,2596216,2459_490,-33.86043930053711,151.1433868408203,322.0,21.6,-77,-1.28,False
2026-09-29T09:30:49+10:00,2620055,2459_530,-33.79607009887695,151.18035888671875,179.0,0.0,0,0.0,True
2026-09-29T09:30:49+10:00,2289172,2459_442,-33.87275695800781,151.20562744140625,275.0,21.6,58,0.97,True
2026-09-29T09:30:49+10:00,2554264,2459_358,-33.92205047607422,151.2008514404297,279.0,29.9,-256,-4.27,False
2026-09-29T09:30:49+10:00,2289406,2459_418,-33.904911041259766,151.13816833496094,242.0,0.0,-69,-1.15,False
2026-09-29T09:30:49+10:00,2208984,2459_415,-33.853668212890625,151.12986755371094,348.0,34.2,-495,-8.25,False
2026-09-29T09:30:49+10:00,2287996,2459_348,-33.916072845458984,151.2345428466797,118.0,7.9,-263,-4.38,False
2026-09-29T09:30:49+10:00,2514892,2459_410,-33.86130905151367,151.10525512695312,118.0,44.6,-13,-0.22,True
2026-09-29T09:30:49+10:00,2289953,2459_442,-33.85746765136719,151.1934051513672,260.0,8.6,32,0.53,True
2026-09-29T09:30:49+10:00,2554190,2459_358,-33.916038513183594,151.239501953125,189.0,3.2,-127,-2.12,False
2026-09-29T09:30:49+10:00,2208467,2459_440,-33.88816833496094,151.15789794921875,256.0,0.0,50,0.83,True
2026-09-29T09:30:49+10:00,2736812,2459_308,-33.90190124511719,151.1923065185547,219.0,21.6,-74,-1.23,False
2026-09-29T09:30:49+10:00,2284330,2459_303,-33.917091369628906,151.2213897705078,90.0,23.4,-61,-1.02,False
2026-09-29T09:30:49+10:00,2290873,2459_426,-33.893531799316406,151.18344116210938,228.0,30.2,-216,-3.6,False
2026-09-29T09:30:49+10:00,2309026,2459_445,-33.896636962890625,151.1521759033203,65.0,4.7,-92,-1.53,False
2026-09-29T09:30:49+10:00,2288141,2459_426,-33.86823272705078,151.21054077148438,5.0,41.4,0,0.0,True
2026-09-29T09:30:49+10:00,1940065,2459_412,-33.865203857421875,151.21151733398438,25.0,0.0,0,0.0,True
2026-09-29T09:30:49+10:00,2287539,2459_461X,-33.87006378173828,151.1138916015625,285.0,30.6,-261,-4.35,False
2026-09-29T09:30:49+10:00,2668110,2459_420,-33.926002502441406,151.17405700683594,303.0,64.4,-114,-1.9,False
2026-09-29T09:30:49+10:00,2608960,2459_430,-33.903785705566406,151.16856384277344,203.0,0.0,-69,-1.15,False
2026-09-29T09:30:49+10:00,2286427,2459_406,-33.86865234375,151.1410675048828,28.0,41.8,-81,-1.35,False
2026-09-29T09:30:49+10:00,2287824,2459_483,-33.887794494628906,151.13572692871094,61.0,44.6,-22,-0.37,True
2026-09-29T09:30:49+10:00,2596244,2459_490,-33.87495040893555,151.10452270507812,97.0,0.0,-148,-2.47,False
2026-09-29T09:30:49+10:00,2290540,2459_441,-33.85654067993164,151.17794799804688,12.0,14.8,283,4.72,True
2026-09-29T09:30:49+10:00,2286671,2459_437,-33.87088394165039,151.2058563232422,83.0,0.0,27,0.45,True
2026-09-29T09:30:49+10:00,2290536,2459_438X,-33.86668014526367,151.21070861816406,185.0,0.0,0,0.0,True
2026-09-29T09:30:49+10:00,2208488,2459_406,-33.88636779785156,151.12501525878906,299.0,0.0,64,1.07,True
2026-09-29T09:30:49+10:00,2209080,2459_413,-33.895538330078125,151.13233947753906,180.0,17.6,112,1.87,True
2026-09-29T09:30:49+10:00,2208433,2459_530,-33.81479263305664,151.15309143066406,69.0,46.8,69,1.15,True
2026-09-29T09:30:49+10:00,2596291,2459_492,-33.873477935791016,151.12570190429688,41.0,0.0,128,2.13,True
2026-09-29T09:30:49+10:00,2596381,2459_490,-33.850440979003906,151.15524291992188,122.0,0.0,0,0.0,True
2026-09-29T09:30:49+10:00,2209246,2459_530,-33.8770637512207,151.1019744873047,279.0,30.6,398,6.63,False
2026-09-29T09:30:49+10:00,2636057,2459_504,-33.873390197753906,151.21261596679688,186.0,0.0,93,1.55,True
2026-09-29T09:30:49+10:00,2285669,2459_441,-33.870792388916016,151.20396423339844,100.0,21.6,15,0.25,True
2026-09-29T09:30:49+10:00,2286081,2459_418,-33.924339294433594,151.16030883789062,120.0,0.0,0,0.0,True
2026-09-29T09:30:49+10:00,2284428,2459_428,-33.91184616088867,151.11904907226562,141.0,0.0,0,0.0,True
2026-09-29T09:30:49+10:00,2287078,2459_431,-33.884368896484375,151.19692993164062,267.0,0.0,25,0.42,True
2026-09-29T09:30:49+10:00,2284251,2459_433,-33.88141632080078,151.18858337402344,309.0,49.7,44,0.73,True
2026-09-29T09:30:49+10:00,2285437,2459_461X,-33.88657760620117,151.17706298828125,75.0,19.8,-71,-1.18,False
2026-09-29T09:30:49+10:00,2349396,2459_418,-33.874324798583984,151.1076202392578,349.0,11.2,0,0.0,True
2026-09-29T09:30:49+10:00,2038197,2459_440,-33.8746452331543,151.15611267089844,176.0,0.0,52,0.87,True
2026-09-29T09:30:49+10:00,2554374,2459_358,-33.920555114746094,151.1878662109375,11.0,0.0,134,2.23,True
2026-09-29T09:30:49+10:00,2290629,2459_442,-33.8678092956543,151.18052673339844,96.0,10.4,234,3.9,True
2026-09-29T09:30:49+10:00,2289849,2459_437,-33.88137435913086,151.1567840576172,352.0,0.0,46,0.77,True
2026-09-29T09:30:49+10:00,2736839,2459_445,-33.85727310180664,151.17779541015625,9.0,19.4,0,0.0,True
2026-09-29T09:30:49+10:00,2619996,2459_530,-33.84750747680664,151.1519012451172,231.0,25.2,-78,-1.3,False
2026-09-29T09:30:49+10:00,2736565,2459_445,-33.85769271850586,151.18185424804688,283.0,18.4,-46,-0.77,True
2026-09-29T09:30:49+10:00,2685918,2459_423,-33.88434982299805,151.19757080078125,269.0,0.0,-78,-1.3,False
2026-09-29T09:30:49+10:00,1960583,2459_480,-33.88797378540039,151.1656494140625,84.0,36.0,-132,-2.2,False
2026-09-29T09:30:49+10:00,2686013,2459_423,-33.8989143371582,151.17343139648438,262.0,32.8,306,5.1,False
2026-09-29T09:30:49+10:00,2349517,2459_418,-33.909908294677734,151.13258361816406,31.0,10.1,-182,-3.03,False
2026-09-29T09:30:49+10:00,2289523,2459_433,-33.86058044433594,151.1717529296875,12.0,23.8,-303,-5.05,False
2026-09-29T09:30:49+10:00,2285801,2459_438X,-33.8868522644043,151.1573486328125,353.0,15.1,737,12.28,False
2026-09-29T09:30:49+10:00,2554310,2459_358,-33.92208480834961,151.18739318847656,190.0,21.6,-59,-0.98,True
2026-09-29T09:30:49+10:00,2208740,2459_464,-33.844669342041016,151.10791015625,229.0,34.6,-6,-0.1,True
2026-09-29T09:30:49+10:00,2286880,2459_431,-33.864952087402344,151.20986938476562,228.0,0.0,0,0.0,True
2026-09-29T09:30:49+10:00,1963809,2459_412,-33.88475036621094,151.1925506591797,263.0,39.6,360,6.0,False
2026-09-29T09:30:49+10:00,2290240,2459_438X,-33.867645263671875,151.12989807128906,189.0,0.0,139,2.32,True
2026-09-29T09:30:49+10:00,2290008,2459_433,-33.88039016723633,151.20680236816406,191.0,5.0,0,0.0,True
2026-09-29T09:30:49+10:00,2289687,2459_438X,-33.88380432128906,151.1554718017578,86.0,46.1,57,0.95,True
2026-09-29T09:30:49+10:00,2286770,2459_431,-33.874210357666016,151.18252563476562,321.0,12.2,105,1.75,True
2026-09-29T09:30:49+10:00,2285633,2459_428,-33.88407897949219,151.2007293701172,87.0,19.8,-420,-7.0,False
2026-09-29T09:30:49+10:00,2283439,2459_423,-33.86604690551758,151.21417236328125,323.0,0.0,-145,-2.42,False
2026-09-29T09:30:49+10:00,2283709,2459_348,-33.895660400390625,151.2068328857422,189.0,0.0,0,0.0,True
2026-09-29T09:30:49+10:00,2636206,2459_504,-33.86665344238281,151.17510986328125,134.0,0.0,-144,-2.4,False
2026-09-29T09:30:49+10:00,2287938,2459_348,-33.921199798583984,151.23931884765625,99.0,16.6,-15,-0.25,True
2026-09-29T09:30:49+10:00,2283127,2459_428,-33.89679718017578,151.15199279785156,66.0,0.0,94,1.57,True
2026-09-29T09:30:49+10:00,2209505,2459_440,-33.8826789855957,151.2203826904297,325.0,38.2,-226,-3.77,False
2026-09-29T09:30:49+10:00,2283879,2459_406,-33.89718246459961,151.129638671875,1.0,0.0,-128,-2.13,False
2026-09-29T09:30:49+10:00,2596429,2459_490,-33.877471923828125,151.1036376953125,190.0,19.8,101,1.68,True
2026-09-29T09:30:49+10:00,2037574,2459_440,-33.88474655151367,151.18716430664062,267.0,31.0,-124,-2.07,False
2026-09-29T09:30:49+10:00,2038755,2459_440,-33.88405990600586,151.20181274414062,71.0,22.3,-175,-2.92,False
2026-09-29T09:30:49+10:00,2290699,2459_422,-33.88069534301758,151.20672607421875,205.0,0.0,0,0.0,True
2026-09-29T09:30:49+10:00,2284781,2459_303,-33.94585418701172,151.17886352539062,90.0,60.5,108,1.8,True
2026-09-29T09:30:49+10:00,2685932,2459_423,-33.91878128051758,151.14601135253906,234.0,0.0,45,0.75,True
2026-09-29T09:30:49+10:00,1932426,2459_412,-33.92386245727539,151.12391662597656,279.0,0.0,0,0.0,True
2026-09-29T09:30:49+10:00,2039011,2459_470,-33.87095642089844,151.19158935546875,279.0,62.6,0,0.0,True
2026-09-29T09:30:49+10:00,2287428,2459_442,-33.86634826660156,151.1757354736328,56.0,0.0,393,6.55,False
2026-09-29T09:30:49+10:00,2286098,2459_426,-33.86709976196289,151.21066284179688,185.0,0.0,46,0.77,True
2026-09-29T09:30:49+10:00,2284882,2459_431,-33.8802490234375,151.20892333984375,192.0,0.0,-105,-1.75,False
2026-09-29T09:30:49+10:00,2596435,2459_492,-33.85757064819336,151.14483642578125,228.0,37.4,234,3.9,True
2026-09-29T09:30:49+10:00,2289023,2459_438X,-33.87771987915039,151.20936584472656,7.0,29.5,-186,-3.1,False
2026-09-29T09:30:49+10:00,2284405,2459_423,-33.89112854003906,151.1885528564453,41.0,32.8,193,3.22,True
2026-09-29T09:30:49+10:00,2283076,2459_348,-33.905433654785156,151.20298767089844,27.0,22.7,-55,-0.92,True
2026-09-29T09:30:49+10:00,2284039,2459_433,-33.880615234375,151.18771362304688,145.0,7.6,-124,-2.07,False
2026-09-29T09:30:49+10:00,2285527,2459_418,-33.88847732543945,151.1171112060547,274.0,9.4,893,14.88,False
2026-09-29T09:30:49+10:00,2736804,2459_445,-33.86855697631836,151.1636962890625,223.0,42.5,220,3.67,True
2026-09-29T09:30:49+10:00,2554250,2459_358,-33.91630935668945,151.16635131835938,191.0,11.5,0,0.0,True
2026-09-29T09:30:49+10:00,2660181,2459_320,-33.883541107177734,151.20387268066406,30.0,0.0,46,0.77,True
2026-09-29T09:30:49+10:00,2660156,2459_320,-33.88527297973633,151.20741271972656,51.0,38.5,-101,-1.68,False
2026-09-29T09:30:49+10:00,2208769,2459_415,-33.90019989013672,151.13265991210938,217.0,46.4,0,0.0,True
2026-09-29T09:30:49+10:00,2619978,2459_530,-33.8051872253418,151.17941284179688,174.0,0.0,116,1.93,True
2026-09-29T09:30:49+10:00,2515095,2459_410,-33.8618049621582,151.1063690185547,296.0,0.0,-247,-4.12,False
2026-09-29T09:30:49+10:00,1960701,2459_413,-33.8938102722168,151.14895629882812,107.0,0.0,273,4.55,True
2026-09-29T09:30:49+10:00,2208425,2459_440,-33.89085006713867,151.24819946289062,98.0,0.0,0,0.0,True
2026-09-29T09:30:49+10:00,2284299,2459_442,-33.857872009277344,151.19000244140625,80.0,29.5,348,5.8,False
2026-09-29T09:30:49+10:00,2209719,2459_440,-33.883544921875,151.2035369873047,224.0,0.0,1,0.02,True
2026-09-29T09:30:49+10:00,2289458,2459_470,-33.88267517089844,151.20460510253906,234.0,34.2,-116,-1.93,False
2026-09-29T09:30:49+10:00,2287022,2459_303,-33.94330596923828,151.19186401367188,223.0,63.7,328,5.47,False
2026-09-29T09:30:49+10:00,2554058,2459_358,-33.91567611694336,151.17430114746094,56.0,10.8,65,1.08,True
2026-09-29T09:30:49+10:00,2283403,2459_470,-33.8824462890625,151.18516540527344,308.0,0.0,-74,-1.23,False
2026-09-29T09:30:49+10:00,2037314,2459_470,-33.87391662597656,151.16172790527344,73.0,0.0,0,0.0,True
2026-09-29T09:30:49+10:00,2308696,2459_445,-33.88418960571289,151.1504364013672,265.0,25.6,-195,-3.25,False
2026-09-29T09:30:49+10:00,2609073,2459_430,-33.89147186279297,151.1881866455078,41.0,16.2,-110,-1.83,False
2026-09-29T09:30:49+10:00,2284690,2459_470,-33.884246826171875,151.19114685058594,131.0,32.8,8,0.13,True
2026-09-29T09:30:49+10:00,2287169,2459_433,-33.85797882080078,151.18336486816406,116.0,0.0,0,0.0,True
2026-09-29T09:30:49+10:00,2289793,2459_438X,-33.86553955078125,151.21133422851562,23.0,7.6,0,0.0,True
2026-09-29T09:30:49+10:00,2596211,2459_492,-33.8737907409668,151.12709045410156,263.0,19.4,132,2.2,True
2026-09-29T09:30:49+10:00,2609077,2459_430,-33.88441467285156,151.1972198486328,267.0,0.0,-319,-5.32,False
2026-09-29T09:30:49+10:00,2289386,2459_437,-33.8692512512207,151.13504028320312,72.0,0.0,-14,-0.23,True
2026-09-29T09:30:49+10:00,2289363,2459_433,-33.8834228515625,151.1914825439453,131.0,24.5,234,3.9,True
2026-09-29T09:30:49+10:00,2037626,2459_440,-33.87714767456055,151.21197509765625,23.0,18.0,-181,-3.02,False
2026-09-29T09:30:49+10:00,2554307,2459_358,-33.92497634887695,151.22772216796875,83.0,3.2,-98,-1.63,False
2026-09-29T09:30:49+10:00,2287403,2459_438X,-33.8865966796875,151.17752075195312,256.0,8.3,581,9.68,False
2026-09-29T09:30:49+10:00,1940064,2459_412,-33.879661560058594,151.20700073242188,193.0,0.0,-93,-1.55,False
2026-09-29T09:30:49+10:00,2038633,2459_440,-33.8799934387207,151.2084197998047,187.0,0.0,0,0.0,True
2026-09-29T09:30:49+10:00,2285691,2459_438X,-33.84850311279297,151.1282196044922,184.0,37.8,-5,-0.08,True
2026-09-29T09:30:49+10:00,2285040,2459_470,-33.877708435058594,151.2093505859375,4.0,37.1,-205,-3.42,False
2026-09-29T09:30:49+10:00,2736729,2459_445,-33.9041862487793,151.1403350830078,245.0,34.6,-123,-2.05,False
2026-09-29T09:30:49+10:00,2290723,2459_423,-33.90348434448242,151.16873168945312,30.0,23.4,-68,-1.13,False
2026-09-29T09:30:49+10:00,2290956,2459_426,-33.88399887084961,151.20101928710938,87.0,0.0,-294,-4.9,False
2026-09-29T09:30:49+10:00,1961134,2459_412,-33.891563415527344,151.1768798828125,71.0,0.0,56,0.93,True
2026-09-29T09:30:49+10:00,2290403,2459_470,-33.86996841430664,151.21034240722656,180.0,18.0,-45,-0.75,True
2026-09-29T09:30:49+10:00,2286046,2459_422,-33.88277053833008,151.20431518554688,69.0,23.8,-150,-2.5,False
2026-09-29T09:30:49+10:00,2284266,2459_426,-33.90314483642578,151.14212036132812,323.0,0.0,0,0.0,True
2026-09-29T09:30:49+10:00,2288117,2459_426,-33.91045379638672,151.16165161132812,34.0,39.2,7,0.12,True
2026-09-29T09:30:49+10:00,2736852,2459_428,-33.87977981567383,151.20697021484375,193.0,0.0,252,4.2,True
2026-09-29T09:30:49+10:00,2209618,2459_530,-33.8568229675293,151.145751953125,50.0,27.4,-8,-0.13,True
2026-09-29T09:30:49+10:00,2283143,2459_428,-33.88261413574219,151.20468139648438,52.0,28.8,-91,-1.52,False
2026-09-29T09:30:49+10:00,1960359,2459_412,-33.91680145263672,151.12600708007812,88.0,25.6,63,1.05,True
2026-09-29T09:30:49+10:00,2287857,2459_438X,-33.884498596191406,151.19435119628906,267.0,26.3,137,2.28,True
2026-09-29T09:30:49+10:00,1961232,2459_480,-33.8830451965332,151.20391845703125,49.0,24.5,-32,-0.53,True
2026-09-29T09:30:49+10:00,2289051,2459_389,-33.89080047607422,151.2477569580078,283.0,0.0,46,0.77,True
2026-09-29T09:30:49+10:00,2554012,2459_358,-33.921749114990234,151.24034118652344,188.0,0.0,79,1.32,True
2026-09-29T09:30:49+10:00,2283491,2459_422,-33.924354553222656,151.16111755371094,43.0,0.0,45,0.75,True
2026-09-29T09:30:49+10:00,2287057,2459_438X,-33.84512710571289,151.12847900390625,2.0,0.0,0,0.0,True
2026-09-29T09:30:49+10:00,2596470,2459_491,-33.913612365722656,151.11587524414062,254.0,0.0,270,4.5,True
2026-09-29T09:30:49+10:00,2286197,2459_431,-33.880287170410156,151.2081298828125,105.0,0.0,33,0.55,True
2026-09-29T09:30:49+10:00,2284971,2459_502,-33.862430572509766,151.1114501953125,26.0,47.2,43,0.72,True
2026-09-29T09:30:49+10:00,1963811,2459_412,-33.8653450012207,151.21055603027344,213.0,0.0,0,0.0,True
2026-09-29T09:30:49+10:00,2596460,2459_492,-33.86216354370117,151.1669921875,292.0,0.0,0,0.0,True
2026-09-29T09:30:49+10:00,2564145,2459_458,-33.876808166503906,151.10716247558594,9.0,27.7,0,0.0,True
2026-09-29T09:30:49+10:00,2209300,2459_464,-33.8626708984375,151.10800170898438,32.0,0.0,64,1.07,True
2026-09-29T09:30:49+10:00,2660273,2459_320,-33.89358139038086,151.2071533203125,9.0,0.7,-304,-5.07,False
2026-09-29T09:30:49+10:00,2208963,2459_487,-33.91172790527344,151.1187286376953,320.0,0.0,0,0.0,True
2026-09-29T09:30:49+10:00,2686017,2459_423,-33.89299011230469,151.18521118164062,253.0,45.7,67,1.12,True
2026-09-29T09:30:49+10:00,2286453,2459_433,-33.85769271850586,151.1822967529297,99.0,0.0,0,0.0,True
2026-09-29T09:30:49+10:00,2514830,2459_410,-33.880252838134766,151.10313415527344,9.0,15.8,-107,-1.78,False
2026-09-29T09:30:49+10:00,2209332,2459_440,-33.87862014770508,151.2144317626953,315.0,0.0,113,1.88,True
2026-09-29T09:30:49+10:00,2283634,2459_422,-33.89397048950195,151.18284606933594,42.0,34.6,-141,-2.35,False
2026-09-29T09:30:49+10:00,2290415,2459_423,-33.91300964355469,151.15365600585938,41.0,32.4,-13,-0.22,True
2026-09-29T09:30:49+10:00,1960857,2459_412,-33.89866256713867,151.15362548828125,6.0,33.1,-143,-2.38,False
2026-09-29T09:30:49+10:00,2636296,2459_415,-33.847782135009766,151.14138793945312,32.0,0.0,0,0.0,True
2026-09-29T09:30:49+10:00,2209400,2459_464,-33.89534378051758,151.10818481445312,73.0,11.5,-254,-4.23,False
2026-09-29T09:30:49+10:00,2736739,2459_428,-33.911048889160156,151.12069702148438,231.0,51.8,-294,-4.9,False
2026-09-29T09:30:49+10:00,2036786,2459_440,-33.887847900390625,151.1678466796875,84.0,29.2,-2,-0.03,True
2026-09-29T09:30:49+10:00,2596355,2459_492,-33.89893341064453,151.10816955566406,185.0,34.6,-36,-0.6,True
2026-09-29T09:30:49+10:00,2288253,2459_433,-33.88138198852539,151.20611572265625,221.0,30.6,46,0.77,True
2026-09-29T09:30:49+10:00,2286832,2459_441,-33.851078033447266,151.18223571777344,229.0,34.9,100,1.67,True
2026-09-29T09:30:49+10:00,2554201,2459_358,-33.91722869873047,151.17184448242188,227.0,51.8,-78,-1.3,False
2026-09-29T09:30:49+10:00,2284832,2459_461X,-33.87173843383789,151.21585083007812,55.0,0.0,0,0.0,True
2026-09-29T09:30:49+10:00,2285671,2459_470,-33.864620208740234,151.21026611328125,223.0,0.0,0,0.0,True
2026-09-29T09:30:49+10:00,2475142,2459_389,-33.87086868286133,151.20603942871094,83.0,0.0,-170,-2.83,False
2026-09-29T09:30:49+10:00,2736829,2459_445,-33.858158111572266,151.183349609375,291.0,0.0,0,0.0,True
2026-09-29T09:30:49+10:00,2286335,2459_438X,-33.88428497314453,151.19586181640625,87.0,0.0,-242,-4.03,False
2026-09-29T09:30:49+10:00,2209625,2459_440,-33.89097595214844,151.24929809570312,99.0,31.7,46,0.77,True
2026-09-29T09:30:49+10:00,2283379,2459_412,-33.92271041870117,151.1304473876953,102.0,0.0,-97,-1.62,False
2026-09-29T09:30:49+10:00,1961551,2459_480,-33.871028900146484,151.19178771972656,285.0,59.8,12,0.2,True
2026-09-29T09:30:49+10:00,2289094,2459_389,-33.87334060668945,151.210205078125,283.0,3.6,379,6.32,False
2026-09-29T09:30:49+10:00,2484385,2459_483,-33.88949966430664,151.1442413330078,306.0,56.5,-16,-0.27,True
2026-09-29T09:30:49+10:00,2037625,2459_440,-33.883705139160156,151.2219696044922,105.0,0.0,53,0.88,True
2026-09-29T09:30:49+10:00,2618562,2459_422,-33.88423156738281,151.1968994140625,269.0,4.7,54,0.9,True
2026-09-29T09:30:49+10:00,2288749,2459_389,-33.87437438964844,151.19537353515625,143.0,22.0,0,0.0,True
2026-09-29T09:30:49+10:00,2618637,2459_422,-33.930824279785156,151.15528869628906,218.0,19.4,-267,-4.45,False
2026-09-29T09:30:49+10:00,2475038,2459_389,-33.88224792480469,151.2310028076172,99.0,16.2,50,0.83,True
2026-09-29T09:30:49+10:00,2736567,2459_445,-33.8875846862793,151.1575927734375,171.0,0.0,-59,-0.98,True
2026-09-29T09:30:49+10:00,2284918,2459_412,-33.91151809692383,151.14865112304688,220.0,30.6,96,1.6,True
2026-09-29T09:30:49+10:00,2288901,2459_431,-33.87080383300781,151.2067413330078,266.0,0.0,0,0.0,True
2026-09-29T09:30:49+10:00,2288509,2459_431,-33.881080627441406,151.18821716308594,130.0,37.1,117,1.95,True
2026-09-29T09:30:49+10:00,2290081,2459_433,-33.869930267333984,151.17515563964844,236.0,0.7,93,1.55,True
2026-09-29T09:30:49+10:00,2515105,2459_502,-33.85945129394531,151.1629638671875,137.0,72.0,10,0.17,True
2026-09-29T09:30:49+10:00,1959145,2459_466,-33.85780715942383,151.12078857421875,226.0,0.0,0,0.0,True
2026-09-29T09:30:49+10:00,2283159,2459_470,-33.87527847290039,151.15823364257812,272.0,55.1,-301,-5.02,False
2026-09-29T09:30:49+10:00,2668031,2459_420,-33.92454528808594,151.1884765625,278.0,0.0,0,0.0,True
2026-09-29T09:30:49+10:00,2284246,2459_389,-33.88828659057617,151.23782348632812,252.0,0.0,172,2.87,True
2026-09-29T09:30:49+10:00,2039012,2459_470,-33.86686325073242,151.20999145507812,186.0,28.4,0,0.0,True
2026-09-29T09:30:49+10:00,2208667,2459_464,-33.88854217529297,151.118896484375,253.0,37.1,96,1.6,True
2026-09-29T09:30:49+10:00,2596189,2459_491,-33.904605865478516,151.11839294433594,356.0,0.0,-52,-0.87,True
2026-09-29T09:30:49+10:00,2209674,2459_440,-33.88727951049805,151.17507934570312,254.0,0.0,-112,-1.87,False
2026-09-29T09:30:49+10:00,2288925,2459_422,-33.894378662109375,151.1825714111328,218.0,42.8,29,0.48,True
2026-09-29T09:30:49+10:00,2635898,2459_504,-33.864227294921875,151.17034912109375,312.0,19.4,2,0.03,True
2026-09-29T09:30:49+10:00,2038278,2459_469,-33.88404846191406,151.15269470214844,266.0,37.8,-141,-2.35,False
2026-09-29T09:30:49+10:00,2283213,2459_412,-33.89143753051758,151.17138671875,277.0,29.9,318,5.3,False
2026-09-29T09:30:49+10:00,2286546,2459_348,-33.91066360473633,151.1944580078125,309.0,0.0,61,1.02,True
2026-09-29T09:30:49+10:00,2288330,2459_461X,-33.86943817138672,151.10520935058594,188.0,0.0,135,2.25,True
2026-09-29T09:30:49+10:00,2668044,2459_420,-33.936012268066406,151.1554412841797,53.0,50.4,196,3.27,True
2026-09-29T09:30:49+10:00,2209239,2459_413,-33.884342193603516,151.1972198486328,269.0,0.0,66,1.1,True
2026-09-29T09:30:49+10:00,2474919,2459_389,-33.86955642700195,151.19789123535156,180.0,0.0,0,0.0,True
2026-09-29T09:30:49+10:00,2286272,2459_438X,-33.88249588012695,151.20849609375,189.0,0.0,13,0.22,True
2026-09-29T09:30:49+10:00,2290173,2459_461X,-33.869083404541016,151.10528564453125,9.0,1.8,152,2.53,True
2026-09-29T09:30:49+10:00,2474987,2459_389,-33.876033782958984,151.21690368652344,102.0,41.4,-63,-1.05,False
2026-09-29T09:30:49+10:00,2037357,2459_469,-33.87919616699219,151.16397094726562,106.0,0.0,222,3.7,True
2026-09-29T09:30:49+10:00,2283015,2459_348,-33.92876434326172,151.15370178222656,102.0,0.0,9,0.15,True
2026-09-29T09:30:49+10:00,2285642,2459_437,-33.8679313659668,151.1789093017578,69.0,25.9,195,3.25,True
2026-09-29T09:30:49+10:00,1912273,2459_483,-33.88455581665039,151.19276428222656,80.0,0.0,-396,-6.6,False
2026-09-29T09:30:49+10:00,2289012,2459_303,-33.93415832519531,151.1923370361328,163.0,40.0,0,0.0,True
2026-09-29T09:30:49+10:00,2514952,2459_410,-33.87371063232422,151.10440063476562,188.0,0.0,-242,-4.03,False
2026-09-29T09:30:49+10:00,2475335,2459_389,-33.86980056762695,151.1978759765625,6.0,14.0,106,1.77,True
2026-09-29T09:30:49+10:00,2283888,2459_433,-33.85609436035156,151.17388916015625,248.0,31.0,-25,-0.42,True
2026-09-29T09:30:49+10:00,2596157,2459_491,-33.86991882324219,151.12936401367188,189.0,0.0,0,0.0,True
2026-09-29T09:30:49+10:00,2289990,2459_442,-33.86061096191406,151.17709350585938,197.0,30.2,44,0.73,True
2026-09-29T09:30:49+10:00,2287815,2459_441,-33.850189208984375,151.18319702148438,49.0,0.0,0,0.0,True
2026-09-29T09:30:49+10:00,2654377,2507_52,-33.85404968261719,151.15745544433594,142.0,23.8,192,3.2,True
2026-09-29T09:30:49+10:00,2644470,2507_52,-33.870628356933594,151.21365356445312,297.0,28.1,0,0.0,True
2026-09-29T09:30:49+10:00,2538711,2507_533,-33.803627014160156,151.17916870117188,9.0,52.9,0,0.0,True
2026-09-29T09:30:49+10:00,2654505,2507_52,-33.81665802001953,151.1227264404297,129.0,0.0,3381,56.35,False
2026-09-29T09:30:49+10:00,2634482,2507_261,-33.8268928527832,151.1845703125,101.0,37.1,-68,-1.13,False
2026-09-29T09:30:49+10:00,2537831,2507_506,-33.8481330871582,151.152587890625,153.0,34.6,106,1.77,True
2026-09-29T09:30:49+10:00,2654501,2507_52,-33.85921859741211,151.1618194580078,318.0,62.3,33,0.55,True
2026-09-29T09:30:49+10:00,2731367,2507_291,-33.812374114990234,151.17105102539062,95.0,22.3,411,6.85,False
2026-09-29T09:30:49+10:00,2621646,2507_288,-33.83768844604492,151.21063232421875,8.0,63.4,-282,-4.7,False
2026-09-29T09:30:49+10:00,2227310,2507_256,-33.79299545288086,151.15609741210938,12.0,0.0,100,1.67,True
2026-09-29T09:30:49+10:00,2644405,2507_120,-33.795814514160156,151.18304443359375,159.0,0.0,313,5.22,False
2026-09-29T09:30:49+10:00,2258510,2507_516,-33.82351303100586,151.13064575195312,287.0,44.3,45,0.75,True
2026-09-29T09:30:49+10:00,2654488,2507_52,-33.83989334106445,151.1377716064453,75.0,0.0,110,1.83,True
2026-09-29T09:30:49+10:00,2654490,2507_52,-33.86652755737305,151.1749267578125,133.0,1.4,135,2.25,True
2026-09-29T09:30:49+10:00,2621403,2507_252,-33.82437515258789,151.18820190429688,294.0,0.0,-8,-0.13,True
2026-09-29T09:30:49+10:00,2231350,2507_288,-33.810028076171875,151.1595001220703,282.0,17.6,182,3.03,True
2026-09-29T09:30:49+10:00,2644509,2507_501,-33.835174560546875,151.12783813476562,340.0,36.7,-68,-1.13,False
2026-09-29T09:30:49+10:00,2407782,2507_252,-33.81972122192383,151.1508026123047,35.0,37.8,-71,-1.18,False
2026-09-29T09:30:49+10:00,2538163,2507_533,-33.80607604980469,151.16497802734375,281.0,37.1,106,1.77,True
2026-09-29T09:30:49+10:00,2682108,2507_202,-33.844722747802734,151.21182250976562,165.0,45.4,0,0.0,True
2026-09-29T09:30:49+10:00,2621512,2507_285,-33.83147048950195,151.21360778808594,217.0,69.1,-309,-5.15,False
2026-09-29T09:30:49+10:00,2407068,2507_252,-33.82344436645508,151.19366455078125,67.0,0.0,49,0.82,True
2026-09-29T09:30:49+10:00,2644649,2507_501,-33.879913330078125,151.20852661132812,182.0,0.0,0,0.0,True
2026-09-29T09:30:49+10:00,2621500,2507_288,-33.82933044433594,151.2148895263672,185.0,61.2,-383,-6.38,False
2026-09-29T09:30:49+10:00,2537742,2507_506,-33.797569274902344,151.1785430908203,247.0,0.0,0,0.0,True
2026-09-29T09:30:49+10:00,2654455,2507_52,-33.82122802734375,151.12013244628906,133.0,45.0,-21,-0.35,True
2026-09-29T09:30:49+10:00,2634577,2507_254,-33.848114013671875,151.2037353515625,180.0,1.1,0,0.0,True
2026-09-29T09:30:49+10:00,2644183,2507_120,-33.86560821533203,151.2049102783203,355.0,0.0,26,0.43,True
2026-09-29T09:30:49+10:00,2621454,2507_288,-33.865116119384766,151.2052001953125,261.0,0.0,-98,-1.63,False
2026-09-29T09:30:49+10:00,2621597,2507_288,-33.80760192871094,151.1707000732422,280.0,42.8,109,1.82,True
2026-09-29T09:30:49+10:00,2672290,2507_115,-33.82860565185547,151.20188903808594,188.0,1.4,-24,-0.4,True
2026-09-29T09:30:49+10:00,2644366,2507_207,-33.838287353515625,151.20687866210938,8.0,0.0,98,1.63,True
2026-09-29T09:30:49+10:00,2644468,2507_207,-33.86774826049805,151.2053985595703,267.0,0.0,0,0.0,True
2026-09-29T09:30:49+10:00,2643805,2507_120,-33.795997619628906,151.18344116210938,257.0,0.0,-487,-8.12,False
2026-09-29T09:30:49+10:00,2672291,2507_267,-33.82728576660156,151.18841552734375,343.0,0.0,59,0.98,True
2026-09-29T09:30:49+10:00,2555492,2507_265,-33.82329559326172,151.19444274902344,260.0,0.0,-326,-5.43,False
2026-09-29T09:30:49+10:00,2634488,2507_254,-33.82865905761719,151.20152282714844,158.0,10.4,-104,-1.73,False
2026-09-29T09:30:49+10:00,2581702,2507_538,-33.82689666748047,151.13783264160156,336.0,29.2,-8,-0.13,True
2026-09-29T09:30:49+10:00,2228030,2507_292,-33.822410583496094,151.20556640625,315.0,59.8,255,4.25,True
2026-09-29T09:30:49+10:00,2643396,2507_52,-33.873111724853516,151.208251953125,288.0,11.5,62,1.03,True
2026-09-29T09:30:49+10:00,2681910,2507_267,-33.826656341552734,151.20941162109375,191.0,17.3,35,0.58,True
2026-09-29T09:30:49+10:00,2642893,2507_202,-33.83219528198242,151.20828247070312,190.0,31.7,166,2.77,True
2026-09-29T09:30:49+10:00,2672334,2507_115,-33.808624267578125,151.1994171142578,359.0,10.1,-292,-4.87,False
2026-09-29T09:30:49+10:00,2644216,2507_251,-33.82249069213867,151.20602416992188,136.0,60.5,-339,-5.65,False
2026-09-29T09:30:49+10:00,2555442,2507_291,-33.848793029785156,151.20608520507812,208.0,0.0,0,0.0,True
2026-09-29T09:30:49+10:00,2228449,2507_292,-33.865760803222656,151.2032928466797,173.0,0.0,0,0.0,True
2026-09-29T09:30:49+10:00,2644516,2507_254,-33.82380676269531,151.16456604003906,226.0,11.9,-202,-3.37,False
2026-09-29T09:30:49+10:00,2227284,2507_292,-33.86420440673828,151.20225524902344,186.0,0.0,-253,-4.22,False
2026-09-29T09:30:49+10:00,2654450,2507_52,-33.82900619506836,151.1266632080078,173.0,0.0,110,1.83,True
2026-09-29T09:30:49+10:00,2644045,2507_501,-33.8706169128418,151.1916961669922,225.0,0.0,108,1.8,True
2026-09-29T09:30:49+10:00,2643124,2507_120,-33.864158630371094,151.20547485351562,178.0,13.3,125,2.08,True
2026-09-29T09:30:49+10:00,2681935,2507_533,-33.80606460571289,151.16586303710938,99.0,1.8,61,1.02,True
2026-09-29T09:30:49+10:00,2644413,2507_120,-33.7964973449707,151.1812286376953,342.0,0.0,0,0.0,True
2026-09-29T09:30:49+10:00,2322367,2507_506,-33.818424224853516,151.12579345703125,297.0,31.3,-86,-1.43,False
2026-09-29T09:30:49+10:00,2643806,2507_120,-33.812496185302734,151.1790008544922,284.0,74.5,0,0.0,True
2026-09-29T09:30:49+10:00,2643302,2507_501,-33.837554931640625,151.13243103027344,115.0,42.1,324,5.4,False
2026-09-29T09:30:49+10:00,2634548,2507_254,-33.81222152709961,151.17347717285156,93.0,43.6,-281,-4.68,False
2026-09-29T09:30:49+10:00,2227897,2507_275,-33.78998565673828,151.2058563232422,293.0,38.2,128,2.13,True
2026-09-29T09:30:49+10:00,2407892,2507_265,-33.8317756652832,151.19569396972656,259.0,0.0,-110,-1.83,False
2026-09-29T09:30:49+10:00,2644326,2507_207,-33.80397033691406,151.21078491210938,246.0,40.0,-57,-0.95,True
2026-09-29T09:30:49+10:00,1535952,2507_255,-33.80278015136719,151.17445373535156,12.0,7.2,124,2.07,True
2026-09-29T09:30:49+10:00,2225860,2507_288,-33.86592102050781,151.2032928466797,174.0,1.8,46,0.77,True
2026-09-29T09:30:49+10:00,2644079,2507_501,-33.88017272949219,151.20750427246094,283.0,16.9,0,0.0,True
2026-09-29T09:30:49+10:00,2634547,2507_261,-33.81477355957031,151.17002868652344,173.0,0.0,0,0.0,True
2026-09-29T09:30:49+10:00,2643703,2507_120,-33.815982818603516,151.200927734375,334.0,42.5,173,2.88,True
2026-09-29T09:30:49+10:00,2672460,2507_267,-33.79926300048828,151.19235229492188,274.0,0.0,-121,-2.02,False
2026-09-29T09:30:49+10:00,2406810,2507_292,-33.83975601196289,151.2108917236328,185.0,55.4,13,0.22,True
2026-09-29T09:30:49+10:00,2672304,2507_115,-33.79277038574219,151.19564819335938,335.0,34.6,-133,-2.22,False
2026-09-29T09:30:49+10:00,2672329,2507_115,-33.82080841064453,151.1852264404297,321.0,47.2,18,0.3,True
2026-09-29T09:30:49+10:00,2672331,2507_115,-33.803470611572266,151.19944763183594,103.0,0.0,12,0.2,True
2026-09-29T09:30:49+10:00,2538293,2507_506,-33.87283706665039,151.2047119140625,76.0,0.0,-66,-1.1,False
2026-09-29T09:30:49+10:00,2731416,2507_507,-33.869964599609375,151.2108154296875,241.0,0.0,0,0.0,True
2026-09-29T09:30:49+10:00,2654360,2507_52,-33.87311935424805,151.2038116455078,70.0,20.9,52,0.87,True
2026-09-29T09:30:49+10:00,2441826,2507_207,-33.80965042114258,151.2080078125,12.0,11.9,-58,-0.97,True
2026-09-29T09:30:49+10:00,2654564,2507_52,-33.840145111083984,151.13685607910156,259.0,3.2,170,2.83,True
2026-09-29T09:30:49+10:00,2672390,2507_115,-33.84113693237305,151.20799255371094,275.0,0.0,-78,-1.3,False
2026-09-29T09:30:49+10:00,2621494,2507_252,-33.82481002807617,151.13880920410156,31.0,32.4,-197,-3.28,False
2026-09-29T09:30:49+10:00,2643726,2507_291,-33.809818267822266,151.1582489013672,281.0,57.2,113,1.88,True
2026-09-29T09:30:49+10:00,2644985,2507_120,-33.85384750366211,151.2097625732422,208.0,61.6,2,0.03,True
2026-09-29T09:30:49+10:00,2672412,2507_115,-33.79575729370117,151.1822052001953,68.0,9.0,54,0.9,True
2026-09-29T09:30:49+10:00,2643647,2507_120,-33.80693817138672,151.1992950439453,173.0,5.0,191,3.18,True
2026-09-29T09:30:49+10:00,2643439,2507_501,-33.8227424621582,151.1218719482422,310.0,0.0,347,5.78,False
2026-09-29T09:30:49+10:00,2572663,7084_SW2,-33.90891647338867,151.16085815429688,123.0,34.2,-200,-3.33,False
2026-09-29T09:30:49+10:00,2438493,7084_SW2,-33.903480529785156,151.14193725585938,244.0,30.6,-173,-2.88,False
2026-09-29T09:30:49+10:00,2613590,7084_SW2,-33.90556716918945,151.134033203125,122.0,33.8,72,1.2,True
2026-09-29T09:30:49+10:00,2632183,2510_301,-33.91593933105469,151.20809936523438,103.0,0.0,0,0.0,True
2026-09-29T09:30:49+10:00,2572786,7084_SW2,-33.911521911621094,151.12005615234375,51.0,51.5,49,0.82,True
2026-09-29T09:30:49+10:00,2438313,7084_SW2,-33.91483688354492,151.1648406982422,234.0,0.4,1945,32.42,False
2026-09-29T12:42:17+10:00,2565017,2509_333,-33.88951110839844,151.2833709716797,214.0,0.0,0,0.0,True
2026-09-29T12:42:17+10:00,2532948,2509_380,-33.86513900756836,151.28074645996094,8.0,0.0,423,7.05,False
2026-09-29T12:42:17+10:00,2527137,2509_370,-33.9072151184082,151.20294189453125,186.0,0.0,209,3.48,True
2026-09-29T12:42:17+10:00,2421349,2508_230,-33.84751510620117,151.21194458007812,86.0,21.6,-76,-1.27,False
2026-09-29T12:42:17+10:00,2140272,2509_396,-33.86610412597656,151.2109832763672,218.0,0.0,70,1.17,True
2026-09-29T12:42:17+10:00,2140231,2509_396,-33.94774627685547,151.2550811767578,42.0,0.0,0,0.0,True
2026-09-29T12:42:17+10:00,2564550,2509_350,-33.902896881103516,151.2549285888672,165.0,35.6,92,1.53,True
2026-09-29T12:42:17+10:00,2356497,2509_370,-33.919803619384766,151.25717163085938,189.0,0.0,0,0.0,True
2026-09-29T12:42:17+10:00,2375522,2508_243,-33.829620361328125,151.22605895996094,150.0,0.0,118,1.97,True
2026-09-29T12:42:17+10:00,2410345,2509_392,-33.91240692138672,151.22390747070312,314.0,43.2,14,0.23,True
2026-09-29T12:42:17+10:00,2352525,2509_307,-33.94477081298828,151.22630310058594,189.0,0.0,9,0.15,True
2026-09-29T12:42:17+10:00,2721126,2514_270,-33.82195281982422,151.20494079589844,322.0,40.7,-45,-0.75,True
2026-09-29T12:42:17+10:00,2410347,2509_392,-33.90339660644531,151.20993041992188,243.0,14.0,500,8.33,False
2026-09-29T12:42:17+10:00,2375056,2508_B1,-33.7999382019043,151.24887084960938,250.0,36.7,-243,-4.05,False
2026-09-29T12:42:17+10:00,2564651,2509_333,-33.89173126220703,151.2473602294922,250.0,14.8,366,6.1,False
2026-09-29T12:42:17+10:00,2534451,2509_381,-33.90158462524414,151.2686767578125,103.0,30.2,511,8.52,False
2026-09-29T12:42:17+10:00,2534638,2509_327,-33.882816314697266,151.25286865234375,318.0,37.1,68,1.13,True
2026-09-29T12:42:17+10:00,2564723,2509_333,-33.88913345336914,151.23269653320312,133.0,0.0,-16,-0.27,True
2026-09-29T12:42:17+10:00,2714685,2508_114,-33.824432373046875,151.2382354736328,268.0,30.2,428,7.13,False
2026-09-29T12:42:17+10:00,2137448,2509_396,-33.91794204711914,151.22634887695312,170.0,0.0,-184,-3.07,False
2026-09-29T12:42:17+10:00,2300912,2509_399,-33.925086975097656,151.22943115234375,129.0,0.0,50,0.83,True
2026-09-29T12:42:17+10:00,2565132,2509_333,-33.890357971191406,151.2425537109375,110.0,32.4,63,1.05,True
2026-09-29T12:42:17+10:00,2383282,2508_100,-33.83021545410156,151.218017578125,277.0,0.0,-401,-6.68,False
2026-09-29T12:42:17+10:00,2375723,2508_173X,-33.86625289916992,151.20574951171875,175.0,0.0,0,0.0,True
2026-09-29T12:42:17+10:00,2719890,2514_283,-33.78647994995117,151.19857788085938,74.0,12.2,354,5.9,False
2026-09-29T12:42:17+10:00,2346424,2509_390X,-33.91573715209961,151.2313690185547,99.0,49.3,77,1.28,True
2026-09-29T12:42:17+10:00,2357080,2509_373,-33.90855026245117,151.23492431640625,280.0,16.2,94,1.57,True
2026-09-29T12:42:17+10:00,2139530,2509_375,-33.92506408691406,151.246826171875,284.0,31.0,-116,-1.93,False
2026-09-29T12:42:17+10:00,2383187,2508_100,-33.84218215942383,151.24388122558594,183.0,0.0,4,0.07,True
2026-09-29T12:42:17+10:00,2356347,2509_370,-33.89965057373047,151.20034790039062,164.0,34.2,0,0.0,True
2026-09-29T12:42:17+10:00,2454767,2508_225,-33.841880798339844,151.21890258789062,183.0,0.0,0,0.0,True
2026-09-29T12:42:17+10:00,2533306,2509_325,-33.873226165771484,151.20907592773438,102.0,16.6,-78,-1.3,False
2026-09-29T12:42:17+10:00,2565184,2509_333,-33.881591796875,151.21908569335938,297.0,23.8,28,0.47,True
2026-09-29T12:42:17+10:00,2356672,2509_311,-33.88199996948242,151.20663452148438,126.0,0.0,0,0.0,True
2026-09-29T12:42:17+10:00,2375806,2508_B1,-33.800750732421875,151.24671936035156,220.0,53.3,156,2.6,True
2026-09-29T12:42:17+10:00,2356860,2509_339,-33.88516616821289,151.21432495117188,281.0,5.0,-102,-1.7,False
2026-09-29T12:42:17+10:00,2357033,2509_343,-33.90465545654297,151.2055206298828,324.0,0.0,322,5.37,False
2026-09-29T12:42:17+10:00,2410304,2509_392,-33.95294189453125,151.23080444335938,36.0,0.0,73,1.22,True
2026-09-29T12:42:17+10:00,2139198,2509_396,-33.91004943847656,151.2230987548828,5.0,30.2,368,6.13,False
2026-09-29T12:42:17+10:00,2532840,2509_352,-33.908233642578125,151.17495727539062,158.0,34.9,-195,-3.25,False
2026-09-29T12:42:17+10:00,2675066,2509_309,-33.89418029785156,151.1985321044922,22.0,30.2,7,0.12,True
2026-09-29T12:42:17+10:00,2206675,2508_145,-33.795650482177734,151.254638671875,253.0,47.9,11,0.18,True
2026-09-29T12:42:17+10:00,2470759,2509_356,-33.89589309692383,151.2495880126953,313.0,14.4,-289,-4.82,False
2026-09-29T12:42:17+10:00,2534112,2509_362,-33.877296447753906,151.27064514160156,33.0,0.0,58,0.97,True
2026-09-29T12:42:17+10:00,2488378,2509_392,-33.896690368652344,151.19960021972656,96.0,22.3,41,0.68,True
2026-09-29T12:42:17+10:00,2383283,2508_100,-33.87113571166992,151.20553588867188,354.0,0.0,212,3.53,True
2026-09-29T12:42:17+10:00,2719586,2514_558,-33.794490814208984,151.18276977539062,342.0,33.5,78,1.3,True
2026-09-29T12:42:17+10:00,2564036,2509_387,-33.89170455932617,151.2509307861328,83.0,34.9,65,1.08,True
2026-09-29T12:42:17+10:00,2434612,2509_390X,-33.892967224121094,151.24961853027344,192.0,0.0,111,1.85,True
2026-09-29T12:42:17+10:00,2720216,2514_194,-33.81489944458008,151.2122039794922,168.0,42.5,191,3.18,True
2026-09-29T12:42:17+10:00,2532127,2509_325,-33.87154006958008,151.20558166503906,355.0,28.8,167,2.78,True
2026-09-29T12:42:17+10:00,2533842,2509_352,-33.89124298095703,151.24978637695312,348.0,0.0,0,0.0,True
2026-09-29T12:42:17+10:00,2352682,2509_307,-33.93625259399414,151.1945037841797,165.0,0.0,282,4.7,True
2026-09-29T12:42:17+10:00,2531186,2509_313,-33.91965103149414,151.2571258544922,189.0,0.0,0,0.0,True
2026-09-29T12:42:17+10:00,2434780,2509_390X,-33.916011810302734,151.2338409423828,279.0,0.7,-12,-0.2,True
2026-09-29T12:42:17+10:00,2534063,2509_352,-33.880374908447266,151.2165985107422,312.0,21.2,73,1.22,True
2026-09-29T12:42:17+10:00,2375862,2508_144,-33.80046081542969,151.2435760498047,10.0,36.4,373,6.22,False
2026-09-29T12:42:17+10:00,2375060,2508_144,-33.81052017211914,151.17698669433594,228.0,24.5,138,2.3,True
2026-09-29T12:42:17+10:00,2532428,2509_380,-33.86833190917969,151.28094482421875,101.0,35.6,258,4.3,True
2026-09-29T12:42:17+10:00,2392828,2508_114,-33.825565338134766,151.23324584960938,41.0,44.3,156,2.6,True
2026-09-29T12:42:17+10:00,2356877,2509_343,-33.90583038330078,151.229736328125,295.0,63.7,0,0.0,True
2026-09-29T12:42:17+10:00,2357048,2509_370,-33.884498596191406,151.19322204589844,265.0,0.0,389,6.48,False
2026-09-29T12:42:17+10:00,2374897,2508_172X,-33.86545944213867,151.20567321777344,173.0,0.0,0,0.0,True
2026-09-29T12:42:17+10:00,2564961,2509_350,-33.946285247802734,151.25692749023438,224.0,5.4,253,4.22,True
2026-09-29T12:42:17+10:00,2721381,2514_565,-33.7877197265625,151.16885375976562,92.0,41.4,316,5.27,False
2026-09-29T12:42:17+10:00,2151528,2509_333,-33.86277389526367,151.2111358642578,6.0,0.0,0,0.0,True
2026-09-29T12:42:17+10:00,2720008,2514_271,-33.82327651977539,151.2075653076172,118.0,55.8,-182,-3.03,False
2026-09-29T12:42:17+10:00,2140155,2509_375,-33.916709899902344,151.2411346435547,161.0,0.0,59,0.98,True
2026-09-29T12:42:17+10:00,2564549,2509_333,-33.88949203491211,151.2832794189453,216.0,0.0,0,0.0,True
2026-09-29T12:42:17+10:00,2428538,2508_238,-33.84583282470703,151.23988342285156,276.0,1.4,315,5.25,False
2026-09-29T12:42:17+10:00,2357642,2509_339,-33.905494689941406,151.245849609375,129.0,44.6,-47,-0.78,True
2026-09-29T12:42:17+10:00,2356855,2509_374,-33.882789611816406,151.20809936523438,122.0,0.0,108,1.8,True
2026-09-29T12:42:17+10:00,2575780,2509_374,-33.91693115234375,151.24961853027344,278.0,29.9,10,0.17,True
2026-09-29T12:42:17+10:00,2424411,2508_230,-33.83171844482422,151.2391815185547,249.0,39.6,-54,-0.9,True
2026-09-29T12:42:17+10:00,2151488,2509_333,-33.89141845703125,151.24903869628906,98.0,15.8,-65,-1.08,False
2026-09-29T12:42:17+10:00,2152086,2509_333,-33.86298751831055,151.21112060546875,5.0,0.0,0,0.0,True
2026-09-29T12:42:17+10:00,2531927,2509_324,-33.850982666015625,151.28602600097656,27.0,41.4,125,2.08,True
2026-09-29T12:42:17+10:00,2383315,2508_100,-33.83061599731445,151.2144012451172,179.0,36.0,53,0.88,True
2026-09-29T12:42:17+10:00,2565021,2509_333,-33.891197204589844,151.245361328125,289.0,0.0,-7,-0.12,True
2026-09-29T12:42:17+10:00,2356256,2509_370,-33.905799865722656,151.20291137695312,349.0,4.3,293,4.88,True
2026-09-29T12:42:17+10:00,2151641,2509_333,-33.86875534057617,151.21047973632812,185.0,0.0,-33,-0.55,True
2026-09-29T12:42:17+10:00,2551649,2509_379,-33.889404296875,151.283203125,40.0,0.0,0,0.0,True
2026-09-29T12:42:17+10:00,2151370,2509_333,-33.889835357666016,151.28280639648438,47.0,32.4,-55,-0.92,True
2026-09-29T12:42:17+10:00,2352588,2509_392,-33.90345001220703,151.2098846435547,50.0,24.1,115,1.92,True
2026-09-29T12:42:17+10:00,2531540,2509_380,-33.89436721801758,151.27320861816406,167.0,0.0,755,12.58,False
2026-09-29T12:42:17+10:00,2355992,2509_343,-33.92020797729492,151.20098876953125,207.0,14.0,148,2.47,True
2026-09-29T12:42:17+10:00,2415665,2508_B1,-33.866050720214844,151.20635986328125,6.0,0.0,0,0.0,True
2026-09-29T12:42:17+10:00,2564570,2509_350,-33.92033767700195,151.2570343017578,187.0,0.0,237,3.95,True
2026-09-29T12:42:17+10:00,2356367,2509_370,-33.91444778442383,151.2256317138672,170.0,36.4,-205,-3.42,False
2026-09-29T12:42:17+10:00,2356041,2509_373,-33.90410614013672,151.22659301757812,117.0,0.0,491,8.18,False
2026-09-29T12:42:17+10:00,2704975,2504_607X,-33.81382751464844,151.18771362304688,88.0,81.4,-355,-5.92,False
2026-09-29T12:42:17+10:00,2721318,2514_277,-33.79530715942383,151.1814422607422,244.0,23.8,-131,-2.18,False
2026-09-29T12:42:17+10:00,2533641,2509_325,-33.87065887451172,151.26840209960938,232.0,31.0,374,6.23,False
2026-09-29T12:42:17+10:00,2377096,2508_144,-33.796531677246094,151.18043518066406,177.0,0.0,0,0.0,True
2026-09-29T12:42:17+10:00,2532930,2509_360,-33.90571594238281,151.2592010498047,342.0,9.0,133,2.22,True
2026-09-29T12:42:17+10:00,2357291,2509_373,-33.91937255859375,151.25718688964844,186.0,10.4,0,0.0,True
2026-09-29T12:42:17+10:00,2563859,2509_386,-33.87001037597656,151.27024841308594,321.0,0.0,78,1.3,True
2026-09-29T12:42:17+10:00,2400363,2509_309,-33.953651428222656,151.20260620117188,294.0,0.0,87,1.45,True
2026-09-29T12:42:17+10:00,2534214,2509_313,-33.89116287231445,151.24822998046875,95.0,0.0,0,0.0,True
2026-09-29T12:42:17+10:00,2356407,2509_373,-33.87903594970703,151.21493530273438,315.0,30.6,-105,-1.75,False
2026-09-29T12:42:17+10:00,2564576,2509_350,-33.924781799316406,151.18728637695312,359.0,18.7,90,1.5,True
2026-09-29T12:42:17+10:00,2705886,2504_607X,-33.80583572387695,151.15283203125,305.0,74.9,253,4.22,True
2026-09-29T12:42:17+10:00,2564613,2509_333,-33.87683868408203,151.2096405029297,271.0,9.4,-27,-0.45,True
2026-09-29T12:42:17+10:00,2564591,2509_350,-33.94261169433594,151.21775817871094,127.0,20.2,-95,-1.58,False
2026-09-29T12:42:17+10:00,2377114,2508_144,-33.82981491088867,151.2272186279297,54.0,28.4,602,10.03,False
2026-09-29T12:42:17+10:00,2564527,2509_333,-33.89101028442383,151.2742462158203,42.0,25.2,-414,-6.9,False
2026-09-29T12:42:17+10:00,2357646,2509_343,-33.899444580078125,151.2063446044922,188.0,27.0,173,2.88,True
2026-09-29T12:42:17+10:00,2532156,2509_324,-33.87629699707031,151.22633361816406,95.0,7.9,137,2.28,True
2026-09-29T12:42:17+10:00,2533592,2509_355,-33.891441345214844,151.24925231933594,95.0,0.0,1,0.02,True
2026-09-29T12:42:17+10:00,2710257,2504_610X,-33.87049865722656,151.2064666748047,174.0,0.0,0,0.0,True
2026-09-29T12:42:17+10:00,2470773,2509_356,-33.92758560180664,151.2432098388672,268.0,2.5,-122,-2.03,False
2026-09-29T12:42:17+10:00,2551949,2509_379,-33.890892028808594,151.24856567382812,277.0,0.0,0,0.0,True
2026-09-29T12:42:17+10:00,2714652,2508_144,-33.82870864868164,151.2291259765625,241.0,38.2,130,2.17,True
2026-09-29T12:42:17+10:00,2532365,2509_362,-33.873207092285156,151.27345275878906,140.0,0.0,255,4.25,True
2026-09-29T12:42:17+10:00,2667438,2509_326,-33.879329681396484,151.23818969726562,233.0,11.2,1058,17.63,False
2026-09-29T12:42:17+10:00,2140597,2509_396,-33.914634704589844,151.225341796875,349.0,43.6,-131,-2.18,False
2026-09-29T12:42:17+10:00,2151836,2509_333,-33.86207962036133,151.2112274169922,6.0,0.4,0,0.0,True
2026-09-29T12:42:17+10:00,2488497,2509_392,-33.909912109375,151.22311401367188,99.0,0.0,413,6.88,False
2026-09-29T12:42:17+10:00,2410302,2509_392,-33.941139221191406,151.2275848388672,28.0,7.2,244,4.07,True
2026-09-29T12:42:17+10:00,2415731,2508_B1,-33.8493537902832,151.21250915527344,20.0,64.1,29,0.48,True
2026-09-29T12:42:17+10:00,2139552,2509_306,-33.92198181152344,151.2070770263672,175.0,9.7,242,4.03,True
2026-09-29T12:42:17+10:00,2628760,2509_304,-33.893646240234375,151.212158203125,189.0,19.8,-141,-2.35,False
2026-09-29T12:42:17+10:00,2392748,2508_114,-33.82237243652344,151.19155883789062,152.0,1.1,0,0.0,True
2026-09-29T12:42:17+10:00,2565155,2509_333,-33.890838623046875,151.2480926513672,280.0,0.0,-266,-4.43,False
2026-09-29T12:42:17+10:00,2590091,2508_280,-33.79633712768555,151.1808624267578,185.0,0.0,1,0.02,True
2026-09-29T12:42:17+10:00,2551654,2509_379,-33.9061279296875,151.2635040283203,100.0,31.0,-212,-3.53,False
2026-09-29T12:42:17+10:00,2628664,2509_304,-33.88228988647461,151.2146453857422,10.0,28.1,-158,-2.63,False
2026-09-29T12:42:17+10:00,2709400,2504_607X,-33.87166213989258,151.20640563964844,176.0,0.0,0,0.0,True
2026-09-29T12:42:17+10:00,2373957,2508_144,-33.82331848144531,151.19418334960938,72.0,32.4,253,4.22,True
2026-09-29T12:42:17+10:00,2531226,2509_352,-33.88874053955078,151.19126892089844,60.0,49.3,12,0.2,True
2026-09-29T12:42:17+10:00,2527276,2509_370,-33.920372009277344,151.2537078857422,100.0,17.3,-424,-7.07,False
2026-09-29T12:42:17+10:00,2089612,2508_160X,-33.784671783447266,151.18814086914062,249.0,27.4,89,1.48,True
2026-09-29T12:42:17+10:00,2575763,2509_374,-33.89173126220703,151.21441650390625,280.0,22.7,148,2.47,True
2026-09-29T12:42:17+10:00,2533860,2509_355,-33.906307220458984,151.16796875,312.0,37.1,13,0.22,True
2026-09-29T12:42:17+10:00,2376017,2508_B1,-33.831634521484375,151.22271728515625,267.0,0.0,-399,-6.65,False
2026-09-29T12:42:17+10:00,2352506,2509_307,-33.943572998046875,151.19573974609375,334.0,0.0,315,5.25,False
2026-09-29T12:42:17+10:00,2434748,2509_390X,-33.917625427246094,151.22621154785156,168.0,0.0,235,3.92,True
2026-09-29T12:42:17+10:00,2415634,2508_B1,-33.86638641357422,151.20632934570312,4.0,0.0,0,0.0,True
2026-09-29T12:42:17+10:00,2424431,2508_230,-33.82955551147461,151.21340942382812,100.0,0.0,69,1.15,True
2026-09-29T12:42:17+10:00,2434499,2509_390X,-33.891292572021484,151.24972534179688,352.0,18.0,66,1.1,True
2026-09-29T12:42:17+10:00,2136824,2509_396,-33.9322624206543,151.2374267578125,168.0,34.9,67,1.12,True
2026-09-29T12:42:17+10:00,2346413,2509_390X,-33.90948486328125,151.23953247070312,9.0,28.1,553,9.22,False
2026-09-29T12:42:17+10:00,2628790,2509_304,-33.899410247802734,151.21282958984375,99.0,14.0,185,3.08,True
2026-09-29T12:42:17+10:00,2415712,2508_B1,-33.80705261230469,151.24667358398438,350.0,33.8,56,0.93,True
2026-09-29T12:42:17+10:00,2564949,2509_333,-33.891014099121094,151.27420043945312,43.0,30.6,-178,-2.97,False
2026-09-29T12:42:17+10:00,2527178,2509_370,-33.897743225097656,151.17874145507812,215.0,26.6,27,0.45,True
2026-09-29T12:42:17+10:00,2352704,2509_356,-33.9320182800293,151.25372314453125,189.0,23.4,146,2.43,True
2026-09-29T12:42:17+10:00,2628787,2509_304,-33.86616516113281,151.21090698242188,222.0,0.0,310,5.17,False
2026-09-29T12:42:17+10:00,2421358,2508_230,-33.835304260253906,151.20814514160156,172.0,28.4,-328,-5.47,False
2026-09-29T12:42:17+10:00,2352778,2509_392,-33.926780700683594,151.2286834716797,165.0,40.0,495,8.25,False
2026-09-29T12:42:17+10:00,2376415,2508_111,-33.82958984375,151.25869750976562,206.0,42.8,38,0.63,True
2026-09-29T12:42:17+10:00,2356335,2509_343,-33.92238998413086,151.2032470703125,279.0,13.0,267,4.45,True
2026-09-29T12:42:17+10:00,2564831,2509_333,-33.891075134277344,151.2744903564453,221.0,0.0,236,3.93,True
2026-09-29T12:42:17+10:00,2564729,2509_350,-33.929443359375,151.19464111328125,11.0,28.1,500,8.33,False
2026-09-29T12:42:17+10:00,2137567,2509_396,-33.941864013671875,151.2406768798828,275.0,0.4,10,0.17,True
2026-09-29T12:42:17+10:00,2527177,2509_370,-33.90113830566406,151.19297790527344,36.0,29.2,41,0.68,True
2026-09-29T12:42:17+10:00,2705342,2504_610X,-33.84268569946289,151.21128845214844,166.0,67.3,-291,-4.85,False
2026-09-29T12:42:17+10:00,2719793,2514_270,-33.863094329833984,151.20523071289062,176.0,0.0,319,5.32,False
2026-09-29T12:42:17+10:00,2356942,2509_370,-33.8841438293457,151.19261169433594,309.0,0.0,-282,-4.7,False
2026-09-29T12:42:17+10:00,2139962,2509_396,-33.873016357421875,151.20994567871094,187.0,0.0,410,6.83,False
2026-09-29T12:42:17+10:00,2357523,2509_373,-33.905242919921875,151.22860717773438,116.0,57.2,-131,-2.18,False
2026-09-29T12:42:17+10:00,2374365,2508_173X,-33.86183547973633,151.20492553710938,23.0,43.6,99,1.65,True
2026-09-29T12:42:17+10:00,2719715,2514_194,-33.8237419128418,151.20993041992188,8.0,37.4,140,2.33,True
2026-09-29T12:42:17+10:00,2564996,2509_350,-33.91352081298828,151.25828552246094,11.0,39.2,-13,-0.22,True
2026-09-29T12:42:17+10:00,2410323,2509_392,-33.897491455078125,151.21267700195312,38.0,27.7,-298,-4.97,False
2026-09-29T12:42:17+10:00,2531591,2509_325,-33.873958587646484,151.24716186523438,360.0,45.4,260,4.33,True
2026-09-29T12:42:17+10:00,2357625,2509_370,-33.910865783691406,151.20741271972656,280.0,18.7,-89,-1.48,False
2026-09-29T12:42:17+10:00,2714620,2508_144,-33.807518005371094,151.24693298339844,189.0,40.3,135,2.25,True
2026-09-29T12:42:17+10:00,2139887,2509_396,-33.94202423095703,151.24256896972656,100.0,40.3,374,6.23,False
2026-09-29T12:42:17+10:00,2137861,2509_306,-33.92545700073242,151.1950225830078,100.0,29.9,-62,-1.03,False
2026-09-29T12:42:17+10:00,2137321,2509_396,-33.8768424987793,151.2098846435547,270.0,14.4,-20,-0.33,True
2026-09-29T12:42:17+10:00,2356122,2509_373,-33.91996765136719,151.24252319335938,353.0,23.0,-82,-1.37,False
2026-09-29T12:42:17+10:00,2704955,2504_610X,-33.812828063964844,151.1979522705078,302.0,83.5,145,2.42,True
2026-09-29T12:42:17+10:00,2533960,2509_313,-33.89777755737305,151.25209045410156,346.0,38.9,-105,-1.75,False
2026-09-29T12:42:17+10:00,2564781,2509_333,-33.892913818359375,151.25685119628906,100.0,41.4,-122,-2.03,False
2026-09-29T12:42:17+10:00,2550377,2508_263,-33.82597351074219,151.20082092285156,182.0,10.1,-94,-1.57,False
2026-09-29T12:42:17+10:00,2564615,2509_350,-33.9417724609375,151.23973083496094,163.0,24.5,-88,-1.47,False
2026-09-29T12:42:17+10:00,2564618,2509_350,-33.89600372314453,151.2510528564453,331.0,33.1,-211,-3.52,False
2026-09-29T12:42:17+10:00,2403180,2509_311,-33.858524322509766,151.20468139648438,279.0,0.0,0,0.0,True
2026-09-29T12:42:17+10:00,2357607,2509_343,-33.92517852783203,151.22720336914062,266.0,6.8,15,0.25,True
2026-09-29T12:42:17+10:00,2383235,2508_100,-33.82956314086914,151.21409606933594,101.0,28.4,100,1.67,True
2026-09-29T12:42:17+10:00,2714661,2508_144,-33.79527282714844,151.17832946777344,20.0,43.6,-520,-8.67,False
2026-09-29T12:42:17+10:00,2564884,2509_350,-33.94391632080078,151.2268524169922,192.0,16.6,83,1.38,True
2026-09-29T12:42:17+10:00,2356959,2509_311,-33.86991882324219,151.22531127929688,9.0,15.8,171,2.85,True
2026-09-29T12:42:17+10:00,2709972,2504_610X,-33.87260818481445,151.2064666748047,206.0,12.2,0,0.0,True
2026-09-29T12:42:17+10:00,2435010,2509_390X,-33.891021728515625,151.24893188476562,279.0,0.0,770,12.83,False
2026-09-29T12:42:17+10:00,2428438,2508_238,-33.84596633911133,151.24331665039062,109.0,40.3,335,5.58,False
2026-09-29T12:42:17+10:00,2428438_2,2508_238,-33.84574508666992,151.2396697998047,350.0,2.5,,,
2026-09-29T12:42:17+10:00,2674980,2509_309,-33.93724822998047,151.19461059570312,176.0,32.0,90,1.5,True
2026-09-29T12:42:17+10:00,2675055,2509_309,-33.89467239379883,151.19923400878906,201.0,30.2,-104,-1.73,False
2026-09-29T12:42:17+10:00,2352652,2509_356,-33.9072265625,151.24432373046875,173.0,2.9,-163,-2.72,False
2026-09-29T12:42:17+10:00,2089465,2508_160X,-33.79494094848633,151.18240356445312,71.0,0.0,191,3.18,True
2026-09-29T12:42:17+10:00,2565186,2509_333,-33.889766693115234,151.28114318847656,83.0,35.3,-272,-4.53,False
2026-09-29T12:42:17+10:00,2533202,2509_324,-33.84364700317383,151.2840576171875,5.0,0.0,75,1.25,True
2026-09-29T12:42:17+10:00,2356629,2509_343,-33.88077926635742,151.20883178710938,19.0,0.0,71,1.18,True
2026-09-29T12:42:17+10:00,2531764,2509_355,-33.8987922668457,151.19891357421875,165.0,33.5,126,2.1,True
2026-09-29T12:42:17+10:00,2531221,2509_324,-33.87468338012695,151.21849060058594,280.0,0.0,-267,-4.45,False
2026-09-29T12:42:17+10:00,2533303,2509_324,-33.855865478515625,151.20687866210938,46.0,0.0,0,0.0,True
2026-09-29T12:42:17+10:00,2400511,2509_309,-33.90182876586914,151.20132446289062,336.0,0.0,-149,-2.48,False
2026-09-29T12:42:17+10:00,2564905,2509_333,-33.881046295166016,151.21786499023438,121.0,8.3,190,3.17,True
2026-09-29T12:42:17+10:00,2403186,2509_311,-33.872596740722656,151.21849060058594,27.0,18.4,500,8.33,False
2026-09-29T12:42:17+10:00,2357659,2509_339,-33.91263198852539,151.26260375976562,276.0,31.3,-3,-0.05,True
2026-09-29T12:42:17+10:00,2527047,2509_370,-33.88825988769531,151.19268798828125,234.0,0.0,-158,-2.63,False
2026-09-29T12:42:17+10:00,2357441,2509_370,-33.90520095825195,151.189208984375,217.0,31.7,359,5.98,False
2026-09-29T12:42:17+10:00,2138924,2509_306,-33.9111442565918,151.208251953125,302.0,34.6,-13,-0.22,True
2026-09-29T12:42:17+10:00,2564962,2509_350,-33.93281936645508,151.1796417236328,100.0,0.0,0,0.0,True
2026-09-29T12:42:17+10:00,2375152,2508_173X,-33.82968521118164,151.21319580078125,4.0,0.0,1007,16.78,False
2026-09-29T12:42:17+10:00,2565148,2509_333,-33.86902618408203,151.21044921875,192.0,0.0,505,8.42,False
2026-09-29T12:42:17+10:00,2527263,2509_370,-33.91622543334961,151.23521423339844,101.0,0.0,-136,-2.27,False
2026-09-29T12:42:17+10:00,2714731,2508_144,-33.82906723022461,151.2095947265625,281.0,43.6,259,4.32,True
2026-09-29T12:42:17+10:00,2356761,2509_343,-33.86410903930664,151.21176147460938,7.0,0.0,0,0.0,True
2026-09-29T12:42:17+10:00,2383265,2508_100,-33.824249267578125,151.2375030517578,97.0,16.2,45,0.75,True
2026-09-29T12:42:17+10:00,2564762,2509_350,-33.948055267333984,151.25375366210938,104.0,38.2,267,4.45,True
2026-09-29T12:42:17+10:00,2355921,2509_374,-33.91365432739258,151.2465362548828,97.0,27.4,15,0.25,True
2026-09-29T12:42:17+10:00,2374358,2508_144,-33.82963943481445,151.21432495117188,94.0,32.8,307,5.12,False
2026-09-29T12:42:17+10:00,2335437,2509_309,-33.921966552734375,151.1962127685547,10.0,0.0,-64,-1.07,False
2026-09-29T12:42:17+10:00,2564623,2509_350,-33.89108657836914,151.24832153320312,278.0,0.0,0,0.0,True
2026-09-29T12:42:17+10:00,2137875,2509_396,-33.86339569091797,151.21153259277344,266.0,5.0,41,0.68,True
2026-09-29T12:42:17+10:00,2551742,2509_379,-33.90648651123047,151.2688751220703,51.0,16.6,313,5.22,False
2026-09-29T12:42:17+10:00,2628724,2509_304,-33.90522003173828,151.21212768554688,21.0,10.1,125,2.08,True
2026-09-29T12:42:17+10:00,2356743,2509_343,-33.8641471862793,151.21176147460938,6.0,0.0,0,0.0,True
2026-09-29T12:42:17+10:00,2708023,2504_610X,-33.80089569091797,151.14407348632812,128.0,78.5,-448,-7.47,False
2026-09-29T12:42:17+10:00,2720924,2514_283,-33.79530334472656,151.18258666992188,339.0,32.0,377,6.28,False
2026-09-29T12:42:17+10:00,2551638,2509_379,-33.89277648925781,151.2496795654297,188.0,16.6,-136,-2.27,False
2026-09-29T12:42:17+10:00,2356706,2509_370,-33.91674041748047,151.23806762695312,281.0,30.6,133,2.22,True
2026-09-29T12:42:17+10:00,2352659,2509_392,-33.89315414428711,151.198974609375,19.0,0.0,0,0.0,True
2026-09-29T12:42:17+10:00,2533907,2509_386,-33.86763381958008,151.27117919921875,248.0,35.3,14,0.23,True
2026-09-29T12:42:17+10:00,2714689,2508_144,-33.79869842529297,151.1787109375,341.0,32.8,738,12.3,False
2026-09-29T12:42:17+10:00,2346373,2509_390X,-33.90958023071289,151.23959350585938,9.0,19.4,76,1.27,True
2026-09-29T12:42:17+10:00,2383198,2508_100,-33.84205627441406,151.24363708496094,352.0,0.0,0,0.0,True
2026-09-29T12:42:17+10:00,2531855,2509_360,-33.911598205566406,151.25881958007812,191.0,24.1,5,0.08,True
2026-09-29T12:42:17+10:00,2383266,2508_100,-33.82527542114258,151.24276733398438,298.0,11.2,20,0.33,True
2026-09-29T12:42:17+10:00,2534298,2509_362,-33.91990280151367,151.25697326660156,11.0,0.0,0,0.0,True
2026-09-29T12:42:17+10:00,2618163,2508_263,-33.86241912841797,151.2138671875,188.0,39.6,101,1.68,True
2026-09-29T12:42:17+10:00,2564040,2509_379,-33.89604187011719,151.25112915039062,328.0,25.6,-86,-1.43,False
2026-09-29T12:42:17+10:00,2675125,2509_309,-33.91962432861328,151.19847106933594,220.0,25.9,-49,-0.82,True
2026-09-29T12:42:17+10:00,2531877,2509_387,-33.8865966796875,151.2621307373047,292.0,0.0,41,0.68,True
2026-09-29T12:42:17+10:00,2356848,2509_343,-33.88887023925781,151.20794677734375,187.0,34.2,-113,-1.88,False
2026-09-29T12:42:17+10:00,2346298,2509_390X,-33.95008850097656,151.24114990234375,350.0,29.2,494,8.23,False
2026-09-29T12:42:17+10:00,2628771,2509_304,-33.86203384399414,151.21237182617188,10.0,0.0,0,0.0,True
2026-09-29T12:42:17+10:00,2564619,2509_333,-33.889129638671875,151.27793884277344,282.0,0.0,12,0.2,True
2026-09-29T12:42:17+10:00,2531211,2509_355,-33.89120864868164,151.2058563232422,10.0,45.0,252,4.2,True
2026-09-29T12:42:17+10:00,2355949,2509_343,-33.86357116699219,151.21185302734375,182.0,18.7,60,1.0,True
2026-09-29T12:42:17+10:00,2137574,2509_375,-33.94591522216797,151.2265625,87.0,0.0,46,0.77,True
2026-09-29T12:42:17+10:00,2388824,2508_173X,-33.79359817504883,151.2650604248047,188.0,32.8,79,1.32,True
2026-09-29T12:42:17+10:00,2551837,2509_379,-33.88208770751953,151.27664184570312,266.0,1.8,18,0.3,True
2026-09-29T12:42:17+10:00,2551845,2509_379,-33.88943862915039,151.25906372070312,260.0,0.0,-97,-1.62,False
2026-09-29T12:42:17+10:00,2470789,2509_397,-33.94611740112305,151.23329162597656,81.0,32.8,-95,-1.58,False
2026-09-29T12:42:17+10:00,2383300,2508_100,-33.87164306640625,151.20640563964844,174.0,0.7,-173,-2.88,False
2026-09-29T12:42:17+10:00,2329168,7083_SW3,-33.910701751708984,151.15672302246094,299.0,30.2,-38,-0.63,True
2026-09-29T12:42:17+10:00,2677567,2503_M90,-33.87395095825195,151.10520935058594,279.0,7.2,15,0.25,True
2026-09-29T12:42:17+10:00,2725726,7083_SW1,-33.91096878051758,151.15731811523438,299.0,22.7,-78,-1.3,False
2026-09-29T12:42:17+10:00,2725759,7083_SW1,-33.91008758544922,151.13803100585938,295.0,20.9,39,0.65,True
2026-09-29T12:42:17+10:00,2559003,7083_SW1,-33.914520263671875,151.16397094726562,61.0,18.4,165,2.75,True
2026-09-29T12:42:17+10:00,2371410,7083_SW3,-33.9007568359375,151.1450653076172,103.0,16.2,-264,-4.4,False
2026-09-29T12:42:17+10:00,2725719,7083_SW1,-33.914791107177734,151.16494750976562,0.0,0.4,2787,46.45,False
2026-09-29T12:42:17+10:00,2319653,7083_SW3,-33.90877914428711,151.12429809570312,230.0,50.4,51,0.85,True
2026-09-29T12:42:17+10:00,2570111,7083_SW1,-33.9097785949707,151.13633728027344,87.0,16.9,-138,-2.3,False
2026-09-29T12:42:17+10:00,2558916,7083_SW1,-33.91739273071289,151.14573669433594,122.0,35.6,71,1.18,True
2026-09-29T12:42:17+10:00,2736573,2459_445,-33.865787506103516,151.1670379638672,235.0,37.4,77,1.28,True
2026-09-29T12:42:17+10:00,2290265,2459_389,-33.86777877807617,151.1928253173828,329.0,0.0,437,7.28,False
2026-09-29T12:42:17+10:00,2284218,2459_426,-33.903133392333984,151.14202880859375,338.0,0.0,19,0.32,True
2026-09-29T12:42:17+10:00,2286037,2459_442,-33.85981750488281,151.1773223876953,8.0,43.6,136,2.27,True
2026-09-29T12:42:17+10:00,2289535,2459_437,-33.88064956665039,151.13902282714844,143.0,4.7,140,2.33,True
2026-09-29T12:42:17+10:00,2620053,2459_530,-33.847049713134766,151.1518096923828,153.0,0.0,198,3.3,True
2026-09-29T12:42:17+10:00,2685920,2459_423,-33.8794059753418,151.2071075439453,186.0,24.5,-68,-1.13,False
2026-09-29T12:42:17+10:00,2308722,2459_445,-33.90302658081055,151.14276123046875,56.0,0.0,41,0.68,True
2026-09-29T12:42:17+10:00,2039027,2459_470,-33.88458251953125,151.19190979003906,101.0,6.8,-182,-3.03,False
2026-09-29T12:42:17+10:00,2554336,2459_358,-33.91831970214844,151.16842651367188,141.0,0.0,115,1.92,True
2026-09-29T12:42:17+10:00,2618572,2459_422,-33.88038635253906,151.20680236816406,191.0,0.0,0,0.0,True
2026-09-29T12:42:17+10:00,2287055,2459_438X,-33.86464309692383,151.21023559570312,224.0,0.0,0,0.0,True
2026-09-29T12:42:17+10:00,2290294,2459_470,-33.8839225769043,151.20248413085938,252.0,1.8,-162,-2.7,False
2026-09-29T12:42:17+10:00,2635915,2459_504,-33.848114013671875,151.1410675048828,52.0,0.0,0,0.0,True
2026-09-29T12:42:17+10:00,2349384,2459_418,-33.90808868408203,151.15049743652344,110.0,52.2,51,0.85,True
2026-09-29T12:42:17+10:00,2286661,2459_422,-33.88450241088867,151.19271850585938,80.0,13.7,-123,-2.05,False
2026-09-29T12:42:17+10:00,2475310,2459_389,-33.874755859375,151.21429443359375,190.0,20.5,29,0.48,True
2026-09-29T12:42:17+10:00,2036764,2459_440,-33.88320541381836,151.1570587158203,170.0,31.0,153,2.55,True
2026-09-29T12:42:17+10:00,2286682,2459_438X,-33.876609802246094,151.13580322265625,144.0,0.0,20,0.33,True
2026-09-29T12:42:17+10:00,2596452,2459_490,-33.875244140625,151.10690307617188,98.0,17.3,864,14.4,False
2026-09-29T12:42:17+10:00,2596478,2459_491,-33.87598419189453,151.12901306152344,148.0,33.1,213,3.55,True
2026-09-29T12:42:17+10:00,2608989,2459_430,-33.91469955444336,151.16552734375,283.0,15.5,199,3.32,True
2026-09-29T12:42:17+10:00,2209333,2459_464,-33.88868713378906,151.12460327148438,311.0,26.6,31,0.52,True
2026-09-29T12:42:17+10:00,2288645,2459_431,-33.87625503540039,151.20950317382812,191.0,22.0,129,2.15,True
2026-09-29T12:42:17+10:00,2284148,2459_389,-33.87882614135742,151.2179718017578,280.0,31.0,334,5.57,False
2026-09-29T12:42:17+10:00,2290210,2459_438X,-33.84804916381836,151.12823486328125,358.0,0.0,74,1.23,True
2026-09-29T12:42:17+10:00,2736868,2459_428,-33.879722595214844,151.20700073242188,195.0,0.0,47,0.78,True
2026-09-29T12:42:17+10:00,2287712,2459_389,-33.89076232910156,151.24391174316406,290.0,0.0,-33,-0.55,True
2026-09-29T12:42:17+10:00,2283148,2459_431,-33.87767791748047,151.18539428710938,145.0,0.0,30,0.5,True
2026-09-29T12:42:17+10:00,2474875,2459_389,-33.866214752197266,151.1946563720703,310.0,31.0,69,1.15,True
2026-09-29T12:42:17+10:00,2208530,2459_440,-33.89067840576172,151.2386016845703,267.0,9.7,5,0.08,True
2026-09-29T12:42:17+10:00,2283230,2459_426,-33.89786911010742,151.17825317382812,249.0,29.2,141,2.35,True
2026-09-29T12:42:17+10:00,2285346,2459_348,-33.915992736816406,151.23406982421875,279.0,0.0,233,3.88,True
2026-09-29T12:42:17+10:00,2285726,2459_442,-33.85786819458008,151.19046020507812,258.0,30.6,33,0.55,True
2026-09-29T12:42:17+10:00,2285724,2459_433,-33.879905700683594,151.20848083496094,181.0,0.0,0,0.0,True
2026-09-29T12:42:17+10:00,2635931,2459_504,-33.86469650268555,151.17105102539062,311.0,31.7,125,2.08,True
2026-09-29T12:42:17+10:00,2039028,2459_470,-33.873924255371094,151.1616668701172,73.0,0.0,136,2.27,True
2026-09-29T12:42:17+10:00,2736915,2459_445,-33.90243148803711,151.14459228515625,212.0,27.4,88,1.47,True
2026-09-29T12:42:17+10:00,2290684,2459_303,-33.917415618896484,151.22352600097656,286.0,15.5,147,2.45,True
2026-09-29T12:42:17+10:00,2484407,2459_483,-33.88860321044922,151.11767578125,274.0,0.0,30,0.5,True
2026-09-29T12:42:17+10:00,2288565,2459_431,-33.874969482421875,151.20970153808594,7.0,0.0,160,2.67,True
2026-09-29T12:42:17+10:00,1963815,2459_412,-33.89313888549805,151.15953063964844,281.0,29.9,-60,-1.0,True
2026-09-29T12:42:17+10:00,2284107,2459_433,-33.873374938964844,151.1750030517578,182.0,26.3,135,2.25,True
2026-09-29T12:42:17+10:00,2208131,2459_530,-33.87708282470703,151.10279846191406,93.0,0.0,136,2.27,True
2026-09-29T12:42:17+10:00,1961267,2459_412,-33.88042449951172,151.20680236816406,14.0,8.6,-179,-2.98,False
2026-09-29T12:42:17+10:00,2289999,2459_438X,-33.877174377441406,151.2094268798828,2.0,0.0,-96,-1.6,False
2026-09-29T12:42:17+10:00,2288033,2459_423,-33.87834548950195,151.20919799804688,52.0,7.2,283,4.72,True
2026-09-29T12:42:17+10:00,2285985,2459_442,-33.86884307861328,151.17665100097656,109.0,20.9,-166,-2.77,False
2026-09-29T12:42:17+10:00,2484378,2459_483,-33.88021469116211,151.2077178955078,284.0,18.4,76,1.27,True
2026-09-29T12:42:17+10:00,2209514,2459_464,-33.8908576965332,151.11715698242188,183.0,25.6,696,11.6,False
2026-09-29T12:42:17+10:00,2286045,2459_441,-33.87086486816406,151.20587158203125,84.0,20.9,-85,-1.42,False
2026-09-29T12:42:17+10:00,1870766,2459_412,-33.89139938354492,151.18251037597656,82.0,0.0,-110,-1.83,False
2026-09-29T12:42:17+10:00,2208220,2459_406,-33.88636779785156,151.1248016357422,252.0,6.5,-152,-2.53,False
2026-09-29T12:42:17+10:00,2209122,2459_440,-33.8726692199707,151.15541076660156,27.0,0.0,-104,-1.73,False
2026-09-29T12:42:17+10:00,2283721,2459_461X,-33.88775634765625,151.1610107421875,102.0,0.0,53,0.88,True
2026-09-29T12:42:17+10:00,2475193,2459_389,-33.87870407104492,151.21739196777344,117.0,5.4,442,7.37,False
2026-09-29T12:42:17+10:00,2685954,2459_423,-33.91221237182617,151.16021728515625,214.0,0.0,50,0.83,True
2026-09-29T12:42:17+10:00,2608977,2459_430,-33.882633209228516,151.20819091796875,119.0,10.4,-81,-1.35,False
2026-09-29T12:42:17+10:00,2285008,2459_441,-33.85026550292969,151.1832275390625,48.0,0.0,0,0.0,True
2026-09-29T12:42:17+10:00,2287330,2459_433,-33.8775634765625,151.1847381591797,235.0,34.6,27,0.45,True
2026-09-29T12:42:17+10:00,2284618,2459_461X,-33.888118743896484,151.1655731201172,264.0,52.2,32,0.53,True
2026-09-29T12:42:17+10:00,2283041,2459_389,-33.891319274902344,151.24807739257812,94.0,0.0,0,0.0,True
2026-09-29T12:42:17+10:00,2284185,2459_438X,-33.887603759765625,151.15744018554688,356.0,16.9,107,1.78,True
2026-09-29T12:42:17+10:00,2515058,2459_410,-33.8571662902832,151.10330200195312,348.0,0.0,20,0.33,True
2026-09-29T12:42:17+10:00,2736668,2459_445,-33.887184143066406,151.15756225585938,174.0,15.1,-84,-1.4,False
2026-09-29T12:42:17+10:00,2039026,2459_470,-33.8802604675293,151.2068328857422,12.0,0.0,-32,-0.53,True
2026-09-29T12:42:17+10:00,2618662,2459_422,-33.89693832397461,151.17941284179688,215.0,15.1,-273,-4.55,False
2026-09-29T12:42:17+10:00,2685930,2459_423,-33.8669548034668,151.21067810058594,185.0,0.0,0,0.0,True
2026-09-29T12:42:17+10:00,2208968,2459_530,-33.86078643798828,151.14044189453125,67.0,49.3,811,13.52,False
2026-09-29T12:42:17+10:00,2736622,2459_428,-33.88438415527344,151.1987762451172,265.0,0.0,558,9.3,False
2026-09-29T12:42:17+10:00,2636111,2459_504,-33.85594940185547,151.1420440673828,117.0,0.0,250,4.17,True
2026-09-29T12:42:17+10:00,2285573,2459_433,-33.87315368652344,151.17489624023438,348.0,0.0,324,5.4,False
2026-09-29T12:42:17+10:00,2287425,2459_426,-33.883880615234375,151.20265197753906,253.0,0.0,-108,-1.8,False
2026-09-29T12:42:17+10:00,2287869,2459_438X,-33.874210357666016,151.13372802734375,326.0,0.0,9,0.15,True
2026-09-29T12:42:17+10:00,2668134,2459_420,-33.93141174316406,151.1839141845703,352.0,30.6,-107,-1.78,False
2026-09-29T12:42:17+10:00,2554287,2459_358,-33.925479888916016,151.22409057617188,87.0,0.0,37,0.62,True
2026-09-29T12:42:17+10:00,2635951,2459_415,-33.84782791137695,151.14137268066406,33.0,0.0,436,7.27,False
2026-09-29T12:42:17+10:00,2287810,2459_348,-33.903785705566406,151.21389770507812,105.0,0.0,329,5.48,False
2026-09-29T12:42:17+10:00,2208463,2459_408,-33.87468338012695,151.10752868652344,9.0,0.0,0,0.0,True
2026-09-29T12:42:17+10:00,2209180,2459_413,-33.88846969604492,151.156494140625,255.0,39.6,-50,-0.83,True
2026-09-29T12:42:17+10:00,2036763,2459_440,-33.8842887878418,151.19732666015625,89.0,41.0,-85,-1.42,False
2026-09-29T12:42:17+10:00,2736870,2459_308,-33.9005012512207,151.19349670410156,38.0,10.1,-21,-0.35,True
2026-09-29T12:42:17+10:00,2596152,2459_492,-33.883384704589844,151.10765075683594,305.0,11.9,315,5.25,False
2026-09-29T12:42:17+10:00,1961268,2459_412,-33.91114044189453,151.14898681640625,41.0,31.3,245,4.08,True
2026-09-29T12:42:17+10:00,2285694,2459_470,-33.86504364013672,151.2097625732422,224.0,0.0,0,0.0,True
2026-09-29T12:42:17+10:00,2285541,2459_461X,-33.868778228759766,151.1058807373047,98.0,31.3,206,3.43,True
2026-09-29T12:42:17+10:00,2208297,2459_440,-33.88451385498047,151.19541931152344,267.0,28.1,207,3.45,True
2026-09-29T12:42:17+10:00,1940346,2459_412,-33.88433837890625,151.19908142089844,267.0,0.0,266,4.43,True
2026-09-29T12:42:17+10:00,1962703,2459_413,-33.887451171875,151.17337036132812,82.0,26.3,-25,-0.42,True
2026-09-29T12:42:17+10:00,2618633,2459_422,-33.94036865234375,151.1512908935547,190.0,15.8,335,5.58,False
2026-09-29T12:42:17+10:00,2596364,2459_491,-33.88752365112305,151.12461853027344,292.0,0.0,370,6.17,False
2026-09-29T12:42:17+10:00,2283429,2459_461X,-33.871360778808594,151.2165985107422,41.0,0.0,76,1.27,True
2026-09-29T12:42:17+10:00,2287053,2459_428,-33.88018035888672,151.2068634033203,14.0,0.0,-18,-0.3,True
2026-09-29T12:42:17+10:00,2289754,2459_418,-33.91501998901367,151.164306640625,306.0,30.6,74,1.23,True
2026-09-29T12:42:17+10:00,2685926,2459_423,-33.897560119628906,151.17884826660156,216.0,0.7,-12,-0.2,True
2026-09-29T12:42:17+10:00,2596144,2459_492,-33.876190185546875,151.11436462402344,277.0,33.5,86,1.43,True
2026-09-29T12:42:17+10:00,2209607,2459_440,-33.87809371948242,151.20928955078125,189.0,0.0,-85,-1.42,False
2026-09-29T12:42:17+10:00,2308873,2459_445,-33.88498306274414,151.15721130371094,352.0,37.4,-42,-0.7,True
2026-09-29T12:42:17+10:00,2039025,2459_470,-33.875038146972656,151.20970153808594,6.0,1.4,219,3.65,True
2026-09-29T12:42:17+10:00,2286670,2459_423,-33.89293670654297,151.1847686767578,75.0,0.0,12,0.2,True
2026-09-29T12:42:17+10:00,2289420,2459_418,-33.923221588134766,151.16262817382812,229.0,15.8,0,0.0,True
2026-09-29T12:42:17+10:00,2288099,2459_422,-33.90025329589844,151.1781463623047,336.0,6.8,-73,-1.22,False
2026-09-29T12:42:17+10:00,2289877,2459_438X,-33.88734817504883,151.17356872558594,80.0,28.1,297,4.95,True
2026-09-29T12:42:17+10:00,2284835,2459_433,-33.880863189697266,151.2066192626953,213.0,0.0,264,4.4,True
2026-09-29T12:42:17+10:00,2283980,2459_470,-33.86756134033203,151.21060180664062,194.0,0.0,136,2.27,True
2026-09-29T12:42:17+10:00,2286316,2459_426,-33.90025329589844,151.17051696777344,25.0,1.1,220,3.67,True
2026-09-29T12:42:17+10:00,2284856,2459_438X,-33.888038635253906,151.15765380859375,169.0,0.0,25,0.42,True
2026-09-29T12:42:17+10:00,2285994,2459_348,-33.930625915527344,151.15452575683594,318.0,4.7,-47,-0.78,True
2026-09-29T12:42:17+10:00,2349330,2459_418,-33.88667297363281,151.1080322265625,91.0,51.1,195,3.25,True
2026-09-29T12:42:17+10:00,2736620,2459_428,-33.86569595336914,151.21023559570312,217.0,0.0,0,0.0,True
2026-09-29T12:42:17+10:00,2290064,2459_470,-33.883514404296875,151.18679809570312,309.0,41.4,73,1.22,True
2026-09-29T12:42:17+10:00,2285785,2459_437,-33.87295150756836,151.19432067871094,148.0,56.2,19,0.32,True
2026-09-29T12:42:17+10:00,2287410,2459_428,-33.911712646484375,151.1186981201172,318.0,0.0,0,0.0,True
2026-09-29T12:42:17+10:00,2036765,2459_440,-33.8619384765625,151.16928100585938,204.0,0.0,0,0.0,True
2026-09-29T12:42:17+10:00,2287192,2459_423,-33.90254592895508,151.1692657470703,24.0,35.3,66,1.1,True
2026-09-29T12:42:17+10:00,2515080,2459_410,-33.87287521362305,151.1046142578125,191.0,12.6,-233,-3.88,False
2026-09-29T12:42:17+10:00,2286777,2459_461X,-33.879493713378906,151.20913696289062,185.0,0.0,127,2.12,True
2026-09-29T12:42:17+10:00,2290690,2459_433,-33.85655212402344,151.1783447265625,278.0,0.0,153,2.55,True
2026-09-29T12:42:17+10:00,2308993,2459_445,-33.86090087890625,151.1717529296875,24.0,0.0,-271,-4.52,False
2026-09-29T12:42:17+10:00,2736682,2459_428,-33.89854431152344,151.15354919433594,4.0,39.6,149,2.48,True
2026-09-29T12:42:17+10:00,2287773,2459_348,-33.92987060546875,151.15438842773438,177.0,7.9,151,2.52,True
2026-09-29T12:42:17+10:00,2286320,2459_438X,-33.85315704345703,151.12969970703125,338.0,0.0,749,12.48,False
2026-09-29T12:42:17+10:00,2475239,2459_389,-33.870887756347656,151.20394897460938,107.0,16.2,-152,-2.53,False
2026-09-29T12:42:17+10:00,2208854,2459_464,-33.868961334228516,151.10531616210938,9.0,13.3,0,0.0,True
2026-09-29T12:42:17+10:00,1963816,2459_412,-33.866302490234375,151.2104949951172,99.0,0.0,256,4.27,True
2026-09-29T12:42:17+10:00,1912302,2459_483,-33.890010833740234,151.13058471679688,63.0,23.0,28,0.47,True
2026-09-29T12:42:17+10:00,2290241,2459_438X,-33.884521484375,151.19627380371094,268.0,28.4,221,3.68,True
2026-09-29T12:42:17+10:00,2635897,2459_504,-33.87478256225586,151.19808959960938,75.0,44.3,-18,-0.3,True
2026-09-29T12:42:17+10:00,2037365,2459_469,-33.88576889038086,151.14920043945312,80.0,0.0,0,0.0,True
2026-09-29T12:42:17+10:00,2289317,2459_428,-33.89963912963867,151.17086791992188,26.0,20.5,313,5.22,False
2026-09-29T12:42:17+10:00,2564153,2459_458,-33.87411880493164,151.10638427734375,277.0,9.0,8,0.13,True
2026-09-29T12:42:17+10:00,2208446,2459_413,-33.88016128540039,151.2074432373047,283.0,0.0,0,0.0,True
2026-09-29T12:42:17+10:00,2283352,2459_426,-33.88063049316406,151.2067413330078,16.0,0.0,184,3.07,True
2026-09-29T12:42:17+10:00,2736648,2459_445,-33.85804748535156,151.18344116210938,0.0,0.0,0,0.0,True
2026-09-29T12:42:17+10:00,2596241,2459_492,-33.85040283203125,151.15524291992188,113.0,0.0,4,0.07,True
2026-09-29T12:42:17+10:00,2660318,2459_320,-33.896751403808594,151.21145629882812,97.0,37.4,77,1.28,True
2026-09-29T12:42:17+10:00,2289533,2459_442,-33.868953704833984,151.17652893066406,259.0,0.0,-242,-4.03,False
2026-09-29T12:42:17+10:00,2286175,2459_442,-33.85701370239258,151.19552612304688,79.0,0.0,0,0.0,True
2026-09-29T12:42:17+10:00,2209700,2459_415,-33.87102127075195,151.12075805664062,99.0,0.0,41,0.68,True
2026-09-29T12:42:17+10:00,2284706,2459_480,-33.88316345214844,151.20376586914062,50.0,16.2,-425,-7.08,False
2026-09-29T12:42:17+10:00,2286159,2459_438X,-33.87657165527344,151.20950317382812,183.0,0.0,212,3.53,True
2026-09-29T12:42:17+10:00,2036762,2459_440,-33.881160736083984,151.21812438964844,121.0,18.7,-67,-1.12,False
2026-09-29T12:42:17+10:00,2289449,2459_423,-33.88035583496094,151.20681762695312,13.0,0.0,-127,-2.12,False
2026-09-29T12:42:17+10:00,2288092,2459_437,-33.86375045776367,151.14016723632812,333.0,22.3,-149,-2.48,False
2026-09-29T12:42:17+10:00,2288104,2459_423,-33.9140510559082,151.15292358398438,27.0,20.9,26,0.43,True
2026-09-29T12:42:17+10:00,2554272,2459_358,-33.92139434814453,151.2400665283203,100.0,0.0,312,5.2,False
2026-09-29T12:42:17+10:00,2287852,2459_389,-33.879547119140625,151.22201538085938,308.0,25.9,-109,-1.82,False
2026-09-29T12:42:17+10:00,2668061,2459_420,-33.93424606323242,151.1588134765625,72.0,58.3,490,8.17,False
2026-09-29T12:42:17+10:00,1940066,2459_412,-33.865478515625,151.21043395996094,216.0,0.0,0,0.0,True
2026-09-29T12:42:17+10:00,2660348,2459_320,-33.89655303955078,151.2107696533203,280.0,33.8,18,0.3,True
2026-09-29T12:42:17+10:00,2037364,2459_469,-33.882442474365234,151.18467712402344,50.0,0.0,-293,-4.88,False
2026-09-29T12:42:17+10:00,2736670,2459_308,-33.89309310913086,151.20730590820312,190.0,20.5,311,5.18,False
2026-09-29T12:42:17+10:00,2287967,2459_437,-33.87473678588867,151.16131591796875,244.0,0.0,-217,-3.62,False
2026-09-29T12:42:17+10:00,2596145,2459_490,-33.89508819580078,151.10888671875,73.0,0.0,-206,-3.43,False
2026-09-29T12:42:17+10:00,2287530,2459_428,-33.8996467590332,151.1561737060547,94.0,14.0,-91,-1.52,False
2026-09-29T12:42:17+10:00,2284600,2459_423,-33.926780700683594,151.12864685058594,100.0,20.2,25,0.42,True
2026-09-29T12:42:17+10:00,2685943,2459_423,-33.88431930541992,151.1988983154297,268.0,0.0,145,2.42,True
2026-09-29T12:42:17+10:00,2668141,2459_420,-33.87860870361328,151.10336303710938,185.0,22.0,-8,-0.13,True
2026-09-29T12:42:17+10:00,2554244,2459_358,-33.92341232299805,151.1871337890625,186.0,0.0,468,7.8,False
2026-09-29T12:42:17+10:00,2668062,2459_420,-33.933677673339844,151.18603515625,191.0,45.4,567,9.45,False
2026-09-29T12:42:17+10:00,2685992,2459_423,-33.92680740356445,151.1282958984375,281.0,32.4,-159,-2.65,False
2026-09-29T12:42:17+10:00,2036761,2459_440,-33.88997268676758,151.24021911621094,63.0,0.0,236,3.93,True
2026-09-29T12:42:17+10:00,2208855,2459_464,-33.86149978637695,151.1058349609375,114.0,0.0,-10,-0.17,True
2026-09-29T12:42:17+10:00,2668080,2459_420,-33.8696174621582,151.10519409179688,190.0,0.0,0,0.0,True
2026-09-29T12:42:17+10:00,2349571,2459_418,-33.87465286254883,151.1075897216797,8.0,0.0,0,0.0,True
2026-09-29T12:42:17+10:00,2288128,2459_418,-33.906375885009766,151.12741088867188,313.0,22.0,224,3.73,True
2026-09-29T12:42:17+10:00,2289170,2459_303,-33.93052673339844,151.201416015625,100.0,24.8,337,5.62,False
2026-09-29T12:42:17+10:00,2609062,2459_430,-33.89161682128906,151.1881866455078,221.0,0.0,-32,-0.53,True
2026-09-29T12:42:17+10:00,2636146,2459_504,-33.87105178833008,151.2144012451172,322.0,0.0,16,0.27,True
2026-09-29T12:42:17+10:00,2287043,2459_389,-33.870662689208984,151.19448852539062,334.0,0.0,-17,-0.28,True
2026-09-29T12:42:17+10:00,2643418,2507_52,-33.824729919433594,151.12550354003906,129.0,49.3,-95,-1.58,False
2026-09-29T12:42:17+10:00,2643410,2507_501,-33.841732025146484,151.14739990234375,322.0,58.3,-6,-0.1,True
2026-09-29T12:42:17+10:00,2229393,2507_275,-33.79443359375,151.1890411376953,250.0,13.0,290,4.83,True
2026-09-29T12:42:17+10:00,2731379,2507_291,-33.83815383911133,151.20713806152344,185.0,1.1,-157,-2.62,False
2026-09-29T12:42:17+10:00,2643362,2507_120,-33.79281997680664,151.1956024169922,337.0,0.0,-155,-2.58,False
2026-09-29T12:42:17+10:00,2406958,2507_252,-33.81775665283203,151.1822967529297,130.0,50.0,-258,-4.3,False
2026-09-29T12:42:17+10:00,2644252,2507_501,-33.8838996887207,151.20249938964844,67.0,32.8,-97,-1.62,False
2026-09-29T12:42:17+10:00,2555557,2507_291,-33.829689025878906,151.20205688476562,327.0,49.7,-21,-0.35,True
2026-09-29T12:42:17+10:00,2672405,2507_115,-33.826805114746094,151.20201110839844,100.0,0.0,117,1.95,True
2026-09-29T12:42:17+10:00,2634550,2507_254,-33.81998062133789,151.16490173339844,19.0,0.0,-103,-1.72,False
2026-09-29T12:42:17+10:00,2643620,2507_52,-33.87307357788086,151.20774841308594,97.0,0.0,-59,-0.98,True
2026-09-29T12:42:17+10:00,2672273,2507_115,-33.79571533203125,151.18492126464844,250.0,19.8,147,2.45,True
2026-09-29T12:42:17+10:00,2643074,2507_52,-33.84003829956055,151.13720703125,79.0,36.4,121,2.02,True
2026-09-29T12:42:17+10:00,2672309,2507_267,-33.822818756103516,151.21029663085938,35.0,9.7,-66,-1.1,False
2026-09-29T12:42:17+10:00,2682002,2507_267,-33.803558349609375,151.19979858398438,100.0,29.5,253,4.22,True
2026-09-29T12:42:17+10:00,2621594,2507_252,-33.81473922729492,151.15792846679688,242.0,29.2,66,1.1,True
2026-09-29T12:42:17+10:00,2441721,2507_207,-33.863887786865234,151.21031188964844,8.0,0.0,0,0.0,True
2026-09-29T12:42:17+10:00,2643794,2507_120,-33.79963684082031,151.19883728027344,159.0,27.7,503,8.38,False
2026-09-29T12:42:17+10:00,1879161,2507_113,-33.79867172241211,151.17874145507812,342.0,38.5,-51,-0.85,True
2026-09-29T12:42:17+10:00,2230247,2507_288,-33.8203239440918,151.20384216308594,325.0,73.1,14,0.23,True
2026-09-29T12:42:17+10:00,2621406,2507_288,-33.8336296081543,151.2122344970703,199.0,53.6,-43,-0.72,True
2026-09-29T12:42:17+10:00,2229163,2507_292,-33.868804931640625,151.20399475097656,88.0,0.0,9,0.15,True
2026-09-29T12:42:17+10:00,2642972,2507_120,-33.87431716918945,151.2061004638672,274.0,14.4,237,3.95,True
2026-09-29T12:42:17+10:00,2621527,2507_516,-33.79570007324219,151.17567443847656,270.0,43.9,131,2.18,True
2026-09-29T12:42:17+10:00,2643888,2507_207,-33.802608489990234,151.2115936279297,358.0,0.0,-109,-1.82,False
2026-09-29T12:42:17+10:00,2672301,2507_115,-33.79609680175781,151.18373107910156,76.0,20.5,72,1.2,True
2026-09-29T12:42:17+10:00,2644090,2507_52,-33.872291564941406,151.19378662109375,148.0,60.8,-88,-1.47,False
2026-09-29T12:42:17+10:00,2537658,2507_506,-33.861839294433594,151.16693115234375,115.0,0.0,194,3.23,True
2026-09-29T12:42:17+10:00,2672270,2507_115,-33.81855773925781,151.2008819580078,11.0,38.9,73,1.22,True
2026-09-29T12:42:17+10:00,2643519,2507_501,-33.8718376159668,151.1935577392578,177.0,0.0,-182,-3.03,False
2026-09-29T12:42:17+10:00,2322316,2507_506,-33.87488555908203,151.19589233398438,291.0,52.6,32,0.53,True
2026-09-29T12:42:17+10:00,2643689,2507_52,-33.83249282836914,151.12684631347656,356.0,28.1,184,3.07,True
2026-09-29T12:42:17+10:00,2407609,2507_261,-33.8398551940918,151.20654296875,8.0,22.0,191,3.18,True
2026-09-29T12:42:17+10:00,2644758,2507_120,-33.795127868652344,151.18698120117188,71.0,24.8,279,4.65,True
2026-09-29T12:42:17+10:00,2731204,2507_507,-33.827911376953125,151.12643432617188,347.0,17.6,142,2.37,True
2026-09-29T12:42:17+10:00,2226660,2507_292,-33.81230163574219,151.17166137695312,95.0,0.0,-339,-5.65,False
2026-09-29T12:42:17+10:00,2643679,2507_120,-33.872215270996094,151.20643615722656,178.0,32.0,-184,-3.07,False
2026-09-29T12:42:17+10:00,2555573,2507_265,-33.823974609375,151.1826171875,328.0,25.2,438,7.3,False
2026-09-29T12:42:17+10:00,2407561,2507_265,-33.8337287902832,151.1974334716797,154.0,14.0,320,5.33,False
2026-09-29T12:42:17+10:00,2681956,2507_202,-33.840084075927734,151.20651245117188,10.0,27.0,-49,-0.82,True
2026-09-29T12:42:17+10:00,2644533,2507_120,-33.7957763671875,151.18284606933594,339.0,39.6,-207,-3.45,False
2026-09-29T12:42:17+10:00,2229851,2507_292,-33.80491256713867,151.1581573486328,276.0,28.8,60,1.0,True
2026-09-29T12:42:17+10:00,2643571,2507_501,-33.83256530761719,151.1270751953125,175.0,0.0,90,1.5,True
2026-09-29T12:42:17+10:00,2643479,2507_501,-33.87052917480469,151.1918487548828,238.0,9.4,-109,-1.82,False
2026-09-29T12:42:17+10:00,2643032,2507_207,-33.835079193115234,151.20762634277344,195.0,26.6,-118,-1.97,False
2026-09-29T12:42:17+10:00,2581484,2507_538,-33.81987762451172,151.1426544189453,310.0,26.6,425,7.08,False
2026-09-29T12:42:17+10:00,2613650,7084_SW2,-33.909061431884766,151.1237335205078,50.0,54.0,-57,-0.95,True
2026-09-29T12:42:17+10:00,2438356,7084_SW2,-33.9100341796875,151.17042541503906,244.0,0.4,-56,-0.93,True
2026-09-29T12:42:17+10:00,2317250,7084_SW2,-33.91482925415039,151.1648712158203,248.0,0.0,1824,30.4,False
2026-09-29T12:42:17+10:00,2632161,2510_301,-33.91923522949219,151.20730590820312,197.0,10.4,309,5.15,False
2026-09-29T12:42:17+10:00,2438300,7084_SW2,-33.91468048095703,151.1651611328125,34.0,0.0,-648,-10.8,False
