timestamp,trip_id,route_id,lat,lon,bearing,speed_kmh,delay_sec,delay_min,on_time
2026-10-01T01:49:51+10:00,2531158,2509_333,-33.88495635986328,151.2258758544922,277.0,50.4,14,0.23,True
2026-10-01T01:49:51+10:00,2709404,2504_N92,-33.848812103271484,151.21266174316406,10.0,45.4,181,3.02,True
2026-10-01T01:49:51+10:00,2357510,2509_373,-33.883365631103516,151.2174530029297,352.0,41.4,36,0.6,True
2026-10-01T01:49:51+10:00,2532418,2509_324,-33.843544006347656,151.28404235839844,4.0,0.0,49,0.82,True
2026-10-01T01:49:51+10:00,2533012,2509_350,-33.93473815917969,151.258056640625,188.0,37.8,221,3.68,True
2026-10-01T01:49:51+10:00,2534504,2509_333,-33.89085388183594,151.23724365234375,95.0,58.7,163,2.72,True
2026-10-01T01:49:51+10:00,2628688,2509_304,-33.87574768066406,151.20960998535156,6.0,40.3,-197,-3.28,False
2026-10-01T01:49:51+10:00,2087735,2508_BN1,-33.82999038696289,151.21653747558594,279.0,41.8,30,0.5,True
2026-10-01T01:49:51+10:00,2707240,2504_N50,-33.88420867919922,151.20156860351562,79.0,45.0,-48,-0.8,True
2026-10-01T01:49:51+10:00,2534335,2509_350,-33.94609451293945,151.224365234375,88.0,52.2,-113,-1.88,False
2026-10-01T01:49:51+10:00,2352726,2509_392N,-33.862762451171875,151.21115112304688,7.0,0.0,0,0.0,True
2026-10-01T01:49:51+10:00,2087714,2508_BN1,-33.84273147583008,151.2109375,331.0,45.4,69,1.15,True
2026-10-01T01:49:51+10:00,2376502,2508_144,-33.823856353759766,151.24179077148438,55.0,27.4,191,3.18,True
2026-10-01T01:49:51+10:00,2357535,2509_343,-33.914825439453125,151.20498657226562,197.0,35.3,50,0.83,True
2026-10-01T01:49:51+10:00,2434960,2509_390X,-33.89115524291992,151.24896240234375,279.0,0.0,0,0.0,True
2026-10-01T01:49:51+10:00,2710798,2504_N60,-33.88218688964844,151.20518493652344,225.0,0.0,211,3.52,True
2026-10-01T01:49:51+10:00,2718134,2454_N70,-33.883968353271484,151.20245361328125,79.0,23.0,53,0.88,True
2026-10-01T01:49:51+10:00,2290916,2459_461N,-33.87131881713867,151.12200927734375,279.0,15.5,467,7.78,False
2026-10-01T01:49:51+10:00,2654033,2459_420,-33.878700256347656,151.10342407226562,189.0,11.9,63,1.05,True
2026-10-01T01:49:51+10:00,2285832,2459_423,-33.883609771728516,151.20294189453125,57.0,0.0,-109,-1.82,False
2026-10-01T01:49:51+10:00,2407842,2507_N90,-33.86396408081055,151.20462036132812,338.0,54.4,125,2.08,True
2026-10-01T01:49:51+10:00,2407070,2507_N90,-33.84071731567383,151.2086181640625,138.0,33.5,46,0.77,True
2026-10-01T01:49:51+10:00,2644353,2507_52,-33.833274841308594,151.1268768310547,345.0,58.3,175,2.92,True
2026-10-01T01:49:51+10:00,2737489,2507_N80,-33.870643615722656,151.20623779296875,173.0,0.0,0,0.0,True
2026-10-01T01:49:51+10:00,2368380,2510_N11,-33.899070739746094,151.1947479248047,215.0,26.3,524,8.73,False
2026-10-01T01:49:51+10:00,2657419,2510_N20,-33.87221908569336,151.20565795898438,345.0,0.0,0,0.0,True
2026-10-01T01:49:51+10:00,2197834,2510_N10,-33.93777084350586,151.1488037109375,34.0,35.3,-157,-2.62,False
2026-10-01T06:23:08+10:00,2548551,2509_328,-33.89111328125,151.2483673095703,276.0,17.6,0,0.0,True
2026-10-01T06:23:08+10:00,2137263,2509_375,-33.9279899597168,151.2552947998047,190.0,34.2,-124,-2.07,False
2026-10-01T06:23:08+10:00,2356268,2509_374,-33.89936828613281,151.22230529785156,167.0,41.8,130,2.17,True
2026-10-01T06:23:08+10:00,2377014,2508_100,-33.831172943115234,151.22177124023438,114.0,2.9,-41,-0.68,True
2026-10-01T06:23:08+10:00,2400424,2509_396,-33.881324768066406,151.2169647216797,351.0,32.4,255,4.25,True
2026-10-01T06:23:08+10:00,2392723,2508_114,-33.826744079589844,151.24392700195312,163.0,29.2,193,3.22,True
2026-10-01T06:23:08+10:00,2675032,2509_309,-33.9525032043457,151.20065307617188,123.0,39.6,121,2.02,True
2026-10-01T06:23:08+10:00,2725764,7083_SW1,-33.914127349853516,151.16635131835938,229.0,0.0,-412,-6.87,False
2026-10-01T06:23:08+10:00,2357820,2509_311,-33.87416076660156,151.22315979003906,38.0,0.0,-25,-0.42,True
2026-10-01T06:23:08+10:00,2674983,2509_309,-33.89932632446289,151.20030212402344,163.0,0.0,129,2.15,True
2026-10-01T06:23:08+10:00,2136771,2509_375,-33.92715072631836,151.25537109375,11.0,34.9,118,1.97,True
2026-10-01T06:23:08+10:00,2709277,2504_620X,-33.86595916748047,151.20425415039062,355.0,36.4,-124,-2.07,False
2026-10-01T06:23:08+10:00,2357632,2509_339,-33.902774810791016,151.2411346435547,257.0,32.4,73,1.22,True
2026-10-01T06:23:08+10:00,2531076,2509_377X,-33.919376373291016,151.24240112304688,354.0,14.0,340,5.67,False
2026-10-01T06:23:08+10:00,2435426,2509_390X,-33.94066619873047,151.23939514160156,167.0,0.0,-89,-1.48,False
2026-10-01T06:23:08+10:00,2488431,2509_392,-33.89581298828125,151.19900512695312,168.0,36.0,-9,-0.15,True
2026-10-01T06:23:08+10:00,2720116,2514_194,-33.78570556640625,151.200927734375,340.0,29.9,235,3.92,True
2026-10-01T06:23:08+10:00,2532961,2509_380,-33.89112091064453,151.25315856933594,73.0,4.7,77,1.28,True
2026-10-01T06:23:08+10:00,2567014,2508_144,-33.806427001953125,151.24671936035156,160.0,54.0,240,4.0,True
2026-10-01T06:23:08+10:00,2563822,2509_386,-33.89194869995117,151.24989318847656,172.0,23.8,10,0.17,True
2026-10-01T06:23:08+10:00,2564668,2509_333,-33.86342239379883,151.21121215820312,280.0,14.8,-99,-1.65,False
2026-10-01T06:23:08+10:00,2403155,2509_311,-33.871681213378906,151.23028564453125,202.0,25.9,62,1.03,True
2026-10-01T06:23:08+10:00,2532612,2509_324,-33.874900817871094,151.22317504882812,274.0,0.0,12,0.2,True
2026-10-01T06:23:08+10:00,2374615,2508_173X,-33.82474899291992,151.2344207763672,58.0,33.5,190,3.17,True
2026-10-01T06:23:08+10:00,2567049,2508_144,-33.8311767578125,151.2212371826172,294.0,23.4,275,4.58,True
2026-10-01T06:23:08+10:00,2428412,2508_B1,-33.83111572265625,151.22154235839844,113.0,0.7,43,0.72,True
2026-10-01T06:23:08+10:00,2719880,2514_270,-33.870452880859375,151.2062225341797,176.0,3.2,0,0.0,True
2026-10-01T06:23:08+10:00,2374322,2508_B1,-33.80637741088867,151.24668884277344,162.0,28.1,85,1.42,True
2026-10-01T06:23:08+10:00,2375525,2508_172X,-33.86662292480469,151.206298828125,7.0,0.0,21,0.35,True
2026-10-01T06:23:08+10:00,2533066,2509_380,-33.865501403808594,151.28067016601562,10.0,38.5,106,1.77,True
2026-10-01T06:23:08+10:00,2534329,2509_352,-33.88439178466797,151.2235870361328,116.0,38.2,8,0.13,True
2026-10-01T06:23:08+10:00,2400443,2509_396,-33.89577102661133,151.2218780517578,173.0,40.3,3,0.05,True
2026-10-01T06:23:08+10:00,2711095,2504_615X,-33.81721878051758,151.20152282714844,331.0,65.5,22,0.37,True
2026-10-01T06:23:08+10:00,2532889,2509_381,-33.89108657836914,151.2483367919922,280.0,0.0,5,0.08,True
2026-10-01T06:23:08+10:00,2564986,2509_350,-33.936588287353516,151.20941162109375,305.0,32.8,290,4.83,True
2026-10-01T06:23:08+10:00,2708118,2504_610X,-33.82440948486328,151.2113800048828,114.0,66.2,-141,-2.35,False
2026-10-01T06:23:08+10:00,2357435,2509_370,-33.91072463989258,151.20606994628906,278.0,30.6,-55,-0.92,True
2026-10-01T06:23:08+10:00,2421418,2508_225,-33.83313751220703,151.2292938232422,9.0,15.8,-47,-0.78,True
2026-10-01T06:23:08+10:00,2551979,2509_379,-33.894989013671875,151.25039672851562,150.0,32.4,-2,-0.03,True
2026-10-01T06:23:08+10:00,2356056,2509_374X,-33.91322708129883,151.2428436279297,278.0,34.6,135,2.25,True
2026-10-01T06:23:08+10:00,2400226,2509_309,-33.94343566894531,151.19580078125,345.0,10.1,2,0.03,True
2026-10-01T06:23:08+10:00,2357592,2509_373,-33.906524658203125,151.23141479492188,304.0,0.0,-18,-0.3,True
2026-10-01T06:23:08+10:00,2357389,2509_339,-33.91476821899414,151.26673889160156,152.0,10.4,65,1.08,True
2026-10-01T06:23:08+10:00,2534655,2509_325,-33.85690689086914,151.20411682128906,91.0,32.4,302,5.03,False
2026-10-01T06:23:08+10:00,2357386,2509_343,-33.897830963134766,151.20640563964844,187.0,29.9,-62,-1.03,False
2026-10-01T06:23:08+10:00,2352647,2509_307,-33.94279098510742,151.20462036132812,173.0,18.4,62,1.03,True
2026-10-01T06:23:08+10:00,2320100,7083_SW3,-33.9105110168457,151.1562957763672,299.0,25.9,30,0.5,True
2026-10-01T06:23:08+10:00,2719686,2514_283,-33.793819427490234,151.1912384033203,248.0,0.0,-528,-8.8,False
2026-10-01T06:23:08+10:00,2357144,2509_373,-33.924251556396484,151.25555419921875,252.0,31.3,49,0.82,True
2026-10-01T06:23:08+10:00,2346414,2509_390X,-33.915626525878906,151.2255859375,354.0,30.6,127,2.12,True
2026-10-01T06:23:08+10:00,2435605,2509_390X,-33.89113998413086,151.2488250732422,278.0,0.0,0,0.0,True
2026-10-01T06:23:08+10:00,2375338,2508_173X,-33.8281364440918,151.2304229736328,240.0,0.0,195,3.25,True
2026-10-01T06:23:08+10:00,2357156,2509_343,-33.881290435791016,151.20872497558594,9.0,22.7,2,0.03,True
2026-10-01T06:23:08+10:00,2564520,2509_333,-33.889503479003906,151.28335571289062,213.0,0.0,0,0.0,True
2026-10-01T06:23:08+10:00,2357790,2509_373,-33.881683349609375,151.21710205078125,350.0,32.0,-33,-0.55,True
2026-10-01T06:23:08+10:00,2564917,2509_333,-33.88177490234375,151.21945190429688,305.0,0.0,130,2.17,True
2026-10-01T06:23:08+10:00,2531164,2509_325,-33.863685607910156,151.2722930908203,155.0,22.3,243,4.05,True
2026-10-01T06:23:08+10:00,2140329,2509_306,-33.89748001098633,151.19952392578125,344.0,40.3,234,3.9,True
2026-10-01T06:23:08+10:00,2532506,2509_380,-33.894718170166016,151.2687225341797,279.0,15.1,241,4.02,True
2026-10-01T06:23:08+10:00,2356159,2509_373,-33.87683868408203,151.2097625732422,271.0,6.8,271,4.52,True
2026-10-01T06:23:08+10:00,2377386,2508_172X,-33.805477142333984,151.24630737304688,348.0,16.2,326,5.43,False
2026-10-01T06:23:08+10:00,2564929,2509_379,-33.88932800292969,151.2586669921875,111.0,18.7,0,0.0,True
2026-10-01T06:23:08+10:00,2564558,2509_333,-33.89492416381836,151.2703094482422,281.0,35.3,68,1.13,True
2026-10-01T06:23:08+10:00,2089072,2508_160X,-33.795772552490234,151.1812744140625,215.0,12.2,64,1.07,True
2026-10-01T06:23:08+10:00,2564749,2509_379,-33.87327575683594,151.2736358642578,208.0,20.5,0,0.0,True
2026-10-01T06:23:08+10:00,2565152,2509_350,-33.89113235473633,151.248779296875,278.0,0.0,102,1.7,True
2026-10-01T06:23:08+10:00,2357470,2509_343,-33.92594528198242,151.22811889648438,68.0,0.0,35,0.58,True
2026-10-01T06:23:08+10:00,2137147,2509_306,-33.92643356323242,151.18746948242188,328.0,42.8,41,0.68,True
2026-10-01T06:23:08+10:00,2564610,2509_379,-33.88954544067383,151.28305053710938,37.0,0.0,6,0.1,True
2026-10-01T06:23:08+10:00,2300985,2509_399,-33.9329833984375,151.23764038085938,171.0,0.0,-41,-0.68,True
2026-10-01T06:23:08+10:00,2709805,2504_607X,-33.8655891418457,151.20567321777344,182.0,13.0,-222,-3.7,False
2026-10-01T06:23:08+10:00,2400606,2509_396,-33.94804382324219,151.25473022460938,42.0,0.0,0,0.0,True
2026-10-01T06:23:08+10:00,2089644,2508_160X,-33.78691101074219,151.18150329589844,339.0,0.0,80,1.33,True
2026-10-01T06:23:08+10:00,2705163,2504_610X,-33.806663513183594,151.1538543701172,129.0,66.6,-454,-7.57,False
2026-10-01T06:23:08+10:00,2374958,2508_100,-33.824466705322266,151.2376708984375,271.0,6.8,97,1.62,True
2026-10-01T06:23:08+10:00,2527133,2509_370,-33.89705276489258,151.17930603027344,214.0,0.0,123,2.05,True
2026-10-01T06:23:08+10:00,2527094,2509_370,-33.912742614746094,151.2245330810547,135.0,0.0,-144,-2.4,False
2026-10-01T06:23:08+10:00,2376243,2508_172X,-33.79619598388672,151.25254821777344,53.0,0.0,93,1.55,True
2026-10-01T06:23:08+10:00,2720892,2514_194,-33.87171173095703,151.2056121826172,353.0,0.0,0,0.0,True
2026-10-01T06:23:08+10:00,2319243,7083_SW3,-33.915096282958984,151.16497802734375,0.0,0.0,2567,42.78,False
2026-10-01T06:23:08+10:00,2714679,2508_114,-33.82758331298828,151.20050048828125,307.0,33.1,72,1.2,True
2026-10-01T06:23:08+10:00,2565087,2509_350,-33.924686431884766,151.1899871826172,100.0,0.0,220,3.67,True
2026-10-01T06:23:08+10:00,2400345,2509_309,-33.896793365478516,151.19847106933594,253.0,31.3,29,0.48,True
2026-10-01T06:23:08+10:00,2421494,2508_154X,-33.79840850830078,151.25209045410156,210.0,37.8,137,2.28,True
2026-10-01T06:23:08+10:00,2424396,2508_230,-33.849056243896484,151.21176147460938,351.0,33.8,30,0.5,True
2026-10-01T06:23:08+10:00,2319725,7083_SW3,-33.90276336669922,151.1434326171875,64.0,33.8,-55,-0.92,True
2026-10-01T06:23:08+10:00,2375979,2508_100,-33.823909759521484,151.19740295410156,140.0,41.8,0,0.0,True
2026-10-01T06:23:08+10:00,2628649,2509_304,-33.895206451416016,151.2117919921875,190.0,36.0,-156,-2.6,False
2026-10-01T06:23:08+10:00,2565054,2509_379,-33.905555725097656,151.25833129882812,284.0,0.0,137,2.28,True
2026-10-01T06:23:08+10:00,2139117,2509_306,-33.923221588134766,151.20907592773438,280.0,52.2,80,1.33,True
2026-10-01T06:23:08+10:00,2567012,2508_263,-33.863868713378906,151.21031188964844,7.0,0.0,0,0.0,True
2026-10-01T06:23:08+10:00,2396527,2509_392,-33.931846618652344,151.22982788085938,349.0,44.3,75,1.25,True
2026-10-01T06:23:08+10:00,2431403,2509_396,-33.93488311767578,151.23745727539062,349.0,12.2,73,1.22,True
2026-10-01T06:23:08+10:00,2376940,2508_100,-33.871002197265625,151.2055206298828,353.0,25.6,73,1.22,True
2026-10-01T06:23:08+10:00,2532326,2509_355,-33.900962829589844,151.17005920410156,205.0,41.0,3,0.05,True
2026-10-01T06:23:08+10:00,2435528,2509_390X,-33.916629791259766,151.2367401123047,280.0,0.0,89,1.48,True
2026-10-01T06:23:08+10:00,2428428,2508_B1,-33.866546630859375,151.20631408691406,4.0,0.0,0,0.0,True
2026-10-01T06:23:08+10:00,2575722,2509_374,-33.92034912109375,151.2569580078125,189.0,4.3,65,1.08,True
2026-10-01T06:23:08+10:00,2720459,2514_281,-33.79597091674805,151.18191528320312,74.0,25.2,36,0.6,True
2026-10-01T06:23:08+10:00,2564794,2509_333,-33.89094543457031,151.24452209472656,289.0,31.7,-55,-0.92,True
2026-10-01T06:23:08+10:00,2725716,7083_SW1,-33.910728454589844,151.15614318847656,220.0,25.9,12,0.2,True
2026-10-01T06:23:08+10:00,2675091,2509_309,-33.92729949951172,151.1952667236328,190.0,37.8,119,1.98,True
2026-10-01T06:23:08+10:00,2564909,2509_350,-33.94424819946289,151.22039794921875,133.0,57.2,131,2.18,True
2026-10-01T06:23:08+10:00,2551946,2509_379,-33.887718200683594,151.2649688720703,308.0,0.4,71,1.18,True
2026-10-01T06:23:08+10:00,2454773,2508_225,-33.82838439941406,151.2303924560547,189.0,31.7,70,1.17,True
2026-10-01T06:23:08+10:00,2551986,2509_379,-33.8826904296875,151.27651977539062,188.0,36.0,5,0.08,True
2026-10-01T06:23:08+10:00,2383276,2508_170X,-33.854183197021484,151.20956420898438,208.0,67.7,-92,-1.53,False
2026-10-01T06:23:08+10:00,2564825,2509_350,-33.92339324951172,151.25621032714844,10.0,32.0,188,3.13,True
2026-10-01T06:23:08+10:00,2355909,2509_373,-33.88460159301758,151.21804809570312,156.0,0.0,422,7.03,False
2026-10-01T06:23:08+10:00,2720155,2514_194,-33.8699836730957,151.20616149902344,177.0,0.0,0,0.0,True
2026-10-01T06:23:08+10:00,2352434,2509_307,-33.92636489868164,151.1952667236328,10.0,49.3,-11,-0.18,True
2026-10-01T06:23:08+10:00,2396548,2509_392,-33.901912689208984,151.20843505859375,43.0,56.2,-110,-1.83,False
2026-10-01T06:23:08+10:00,2564732,2509_379,-33.88806915283203,151.2618408203125,76.0,0.0,38,0.63,True
2026-10-01T06:23:08+10:00,2710424,2504_612X,-33.827457427978516,151.2006378173828,141.0,0.0,122,2.03,True
2026-10-01T06:23:08+10:00,2708601,2504_610X,-33.870582580566406,151.20623779296875,176.0,0.0,0,0.0,True
2026-10-01T06:23:08+10:00,2532212,2509_313,-33.911773681640625,151.24960327148438,41.0,32.4,20,0.33,True
2026-10-01T06:23:08+10:00,2628675,2509_304,-33.899566650390625,151.21334838867188,2.0,13.7,70,1.17,True
2026-10-01T06:23:08+10:00,2488421,2509_392,-33.93962478637695,151.22872924804688,197.0,0.0,4,0.07,True
2026-10-01T06:23:08+10:00,2567042,2508_144,-33.795066833496094,151.2701416015625,271.0,45.0,3,0.05,True
2026-10-01T06:23:08+10:00,2470781,2509_356,-33.92788314819336,151.24652099609375,279.0,46.8,243,4.05,True
2026-10-01T06:23:08+10:00,2709293,2504_607X,-33.81206512451172,151.169189453125,110.0,78.1,-228,-3.8,False
2026-10-01T06:23:08+10:00,2563913,2509_387,-33.86839294433594,151.27732849121094,15.0,38.2,57,0.95,True
2026-10-01T06:23:08+10:00,2565188,2509_333,-33.89176940917969,151.2472686767578,114.0,0.0,125,2.08,True
2026-10-01T06:23:08+10:00,2335381,2509_309,-33.92314529418945,151.196044921875,11.0,40.0,130,2.17,True
2026-10-01T06:23:08+10:00,2564984,2509_350,-33.947784423828125,151.25173950195312,285.0,0.0,93,1.55,True
2026-10-01T06:23:08+10:00,2708047,2504_615X,-33.82185745239258,151.20535278320312,145.0,65.5,-301,-5.02,False
2026-10-01T06:23:08+10:00,2356369,2509_339,-33.88523483276367,151.21469116210938,280.0,29.5,-60,-1.0,True
2026-10-01T06:23:08+10:00,2532014,2509_352,-33.908592224121094,151.1719970703125,269.0,0.0,0,0.0,True
2026-10-01T06:23:08+10:00,2356991,2509_370,-33.89985656738281,151.17791748046875,343.0,33.1,313,5.22,False
2026-10-01T06:23:08+10:00,2356066,2509_343,-33.925575256347656,151.2222137451172,271.0,38.2,189,3.15,True
2026-10-01T06:23:08+10:00,2533279,2509_355,-33.89080810546875,151.2105255126953,113.0,0.0,299,4.98,True
2026-10-01T06:23:08+10:00,2356972,2509_373,-33.92032241821289,151.24330139160156,100.0,31.7,262,4.37,True
2026-10-01T06:23:08+10:00,2710017,2504_610X,-33.86499786376953,151.2050018310547,349.0,31.0,-69,-1.15,False
2026-10-01T06:23:08+10:00,2534055,2509_386,-33.88517379760742,151.2646942138672,120.0,5.0,73,1.22,True
2026-10-01T06:23:08+10:00,2428452,2508_B1,-33.8651237487793,151.20509338378906,265.0,0.0,-37,-0.62,True
2026-10-01T06:23:08+10:00,2431182,2509_396,-33.90566635131836,151.22389221191406,7.0,4.3,121,2.02,True
2026-10-01T06:23:08+10:00,2565121,2509_333,-33.881080627441406,151.2179718017578,119.0,0.0,64,1.07,True
2026-10-01T06:23:08+10:00,2431579,2509_396,-33.94487380981445,151.25746154785156,305.0,30.2,11,0.18,True
2026-10-01T06:23:08+10:00,2533421,2509_387,-33.86486053466797,151.27841186523438,193.0,0.0,37,0.62,True
2026-10-01T06:23:08+10:00,2531132,2509_352,-33.88877487182617,151.19131469726562,239.0,38.2,-102,-1.7,False
2026-10-01T06:23:08+10:00,2356537,2509_373X,-33.919925689697266,151.24249267578125,352.0,23.8,52,0.87,True
2026-10-01T06:23:08+10:00,2357667,2509_339,-33.91226577758789,151.25973510742188,98.0,0.0,-168,-2.8,False
2026-10-01T06:23:08+10:00,2573712,2509_370,-33.87006759643555,151.21058654785156,237.0,0.0,0,0.0,True
2026-10-01T06:23:08+10:00,2435569,2509_390X,-33.89956283569336,151.2528076171875,133.0,38.2,2,0.03,True
2026-10-01T06:23:08+10:00,2719707,2514_270,-33.863677978515625,151.20431518554688,339.0,47.5,275,4.58,True
2026-10-01T06:23:08+10:00,2371387,7083_SW3,-33.91311264038086,151.1175537109375,56.0,25.2,-39,-0.65,True
2026-10-01T06:23:08+10:00,2376000,2508_111,-33.838680267333984,151.23512268066406,35.0,34.2,-52,-0.87,True
2026-10-01T06:23:08+10:00,2710874,2504_610X,-33.8115119934082,151.16778564453125,289.0,81.0,110,1.83,True
2026-10-01T06:23:08+10:00,2428333,2508_B1,-33.824100494384766,151.2413787841797,52.0,0.0,272,4.53,True
2026-10-01T06:23:08+10:00,2564977,2509_350,-33.93280029296875,151.1796112060547,93.0,0.0,0,0.0,True
2026-10-01T06:23:08+10:00,2357548,2509_311,-33.87107849121094,151.20553588867188,354.0,0.0,-41,-0.68,True
2026-10-01T06:23:08+10:00,2564644,2509_350,-33.8958625793457,151.2510223388672,148.0,11.2,131,2.18,True
2026-10-01T06:23:08+10:00,2575717,2509_374,-33.90167999267578,151.22303771972656,314.0,0.0,282,4.7,True
2026-10-01T06:23:08+10:00,2346325,2509_390X,-33.928768157958984,151.2338104248047,300.0,46.4,-57,-0.95,True
2026-10-01T06:23:08+10:00,2375871,2508_100,-33.82432556152344,151.23797607421875,92.0,10.8,365,6.08,False
2026-10-01T06:23:08+10:00,2356419,2509_343,-33.90641403198242,151.20700073242188,327.0,23.4,81,1.35,True
2026-10-01T06:23:08+10:00,2300977,2509_399,-33.94463348388672,151.23951721191406,348.0,37.8,-111,-1.85,False
2026-10-01T06:23:08+10:00,2089598,2508_160X,-33.794612884521484,151.18243408203125,160.0,0.0,0,0.0,True
2026-10-01T06:23:08+10:00,2400683,2509_396,-33.87147903442383,151.2101287841797,186.0,41.4,-51,-0.85,True
2026-10-01T06:23:08+10:00,2373869,2508_144,-33.827125549316406,151.20037841796875,142.0,11.5,372,6.2,False
2026-10-01T06:23:08+10:00,2346359,2509_390X,-33.9157600402832,151.23321533203125,100.0,30.2,479,7.98,False
2026-10-01T06:23:08+10:00,1973393,2508_162,-33.79838562011719,151.27243041992188,307.0,36.4,126,2.1,True
2026-10-01T06:23:08+10:00,2725814,7083_SW1,-33.90793991088867,151.12948608398438,311.0,37.4,-2,-0.03,True
2026-10-01T06:23:08+10:00,2396566,2509_392,-33.95301055908203,151.2308807373047,37.0,0.4,12,0.2,True
2026-10-01T06:23:08+10:00,2403004,2509_311,-33.86331558227539,151.20301818847656,178.0,44.3,118,1.97,True
2026-10-01T06:23:08+10:00,2564810,2509_350,-33.932926177978516,151.17987060546875,96.0,0.0,5,0.08,True
2026-10-01T06:23:08+10:00,2139555,2509_375,-33.944820404052734,151.2262725830078,192.0,0.0,0,0.0,True
2026-10-01T06:23:08+10:00,2628769,2509_304,-33.87977600097656,151.20919799804688,310.0,22.7,-75,-1.25,False
2026-10-01T06:23:08+10:00,2564811,2509_333,-33.88911819458008,151.27899169921875,113.0,40.3,-46,-0.77,True
2026-10-01T06:23:08+10:00,2375845,2508_165X,-33.822147369384766,151.24383544921875,187.0,52.6,344,5.73,False
2026-10-01T06:23:08+10:00,2706661,2504_615X,-33.869686126708984,151.2061309814453,173.0,0.0,0,0.0,True
2026-10-01T06:23:08+10:00,2531139,2509_324,-33.87413787841797,151.21511840820312,101.0,33.8,311,5.18,False
2026-10-01T06:23:08+10:00,2721157,2514_271,-33.80097961425781,151.21115112304688,160.0,50.4,-344,-5.73,False
2026-10-01T06:23:08+10:00,2352606,2509_356,-33.898502349853516,151.24327087402344,277.0,34.9,271,4.52,True
2026-10-01T06:23:08+10:00,2377301,2508_B1,-33.82443618774414,151.2411651611328,222.0,4.7,114,1.9,True
2026-10-01T06:23:08+10:00,2533036,2509_355,-33.89044952392578,151.2353515625,292.0,48.6,33,0.55,True
2026-10-01T06:23:08+10:00,2534170,2509_325,-33.875762939453125,151.2462921142578,25.0,36.4,128,2.13,True
2026-10-01T06:23:08+10:00,2209048,2459_440,-33.885066986083984,151.2270050048828,279.0,29.5,-52,-0.87,True
2026-10-01T06:23:08+10:00,2037439,2459_440,-33.8846321105957,151.18907165527344,93.0,58.0,-51,-0.85,True
2026-10-01T06:23:08+10:00,2596289,2459_491,-33.91689682006836,151.1186065673828,134.0,24.5,-160,-2.67,False
2026-10-01T06:23:08+10:00,2636066,2459_504,-33.85201644897461,151.13516235351562,228.0,0.0,376,6.27,False
2026-10-01T06:23:08+10:00,2037331,2459_470,-33.875587463378906,151.16490173339844,188.0,14.0,124,2.07,True
2026-10-01T06:23:08+10:00,2308742,2459_445,-33.89396286010742,151.1571044921875,103.0,11.5,-91,-1.52,False
2026-10-01T06:23:08+10:00,2037101,2459_440,-33.86809158325195,151.16419982910156,222.0,52.2,-56,-0.93,True
2026-10-01T06:23:08+10:00,2102935,2459_442,-33.857460021972656,151.19287109375,79.0,34.2,-179,-2.98,False
2026-10-01T06:23:08+10:00,2474854,2459_389,-33.87327575683594,151.20962524414062,96.0,0.0,-26,-0.43,True
2026-10-01T06:23:08+10:00,2288527,2459_461X,-33.881309509277344,151.2052001953125,303.0,0.0,-17,-0.28,True
2026-10-01T06:23:08+10:00,2209390,2459_530,-33.812259674072266,151.17259216308594,84.0,30.2,463,7.72,False
2026-10-01T06:23:08+10:00,2208941,2459_464,-33.89246368408203,151.11703491210938,3.0,34.2,-42,-0.7,True
2026-10-01T06:23:08+10:00,2290944,2459_389,-33.86897659301758,151.19351196289062,334.0,46.4,-234,-3.9,False
2026-10-01T06:23:08+10:00,1961843,2459_412,-33.871089935302734,151.21017456054688,6.0,20.5,19,0.32,True
2026-10-01T06:23:08+10:00,2209487,2459_464,-33.88832473754883,151.11944580078125,245.0,20.9,66,1.1,True
2026-10-01T06:23:08+10:00,2036705,2459_470,-33.87802505493164,151.20932006835938,3.0,32.8,69,1.15,True
2026-10-01T06:23:08+10:00,2596454,2459_492,-33.875938415527344,151.1226806640625,281.0,7.9,136,2.27,True
2026-10-01T06:23:08+10:00,2037329,2459_440,-33.86530303955078,151.16775512695312,234.0,0.0,246,4.1,True
2026-10-01T06:23:08+10:00,2284329,2459_461X,-33.87873458862305,151.209228515625,5.0,10.4,-99,-1.65,False
2026-10-01T06:23:08+10:00,2283244,2459_412,-33.88478469848633,151.19129943847656,267.0,42.1,11,0.18,True
2026-10-01T06:23:08+10:00,2660459,2459_320,-33.88600158691406,151.20291137695312,163.0,0.0,42,0.7,True
2026-10-01T06:23:08+10:00,2474951,2459_389,-33.86928176879883,151.19369506835938,153.0,0.0,-46,-0.77,True
2026-10-01T06:23:08+10:00,2286912,2459_426,-33.89250183105469,151.1863555908203,72.0,35.3,78,1.3,True
2026-10-01T06:23:08+10:00,2288622,2459_461X,-33.887718200683594,151.141845703125,312.0,43.2,538,8.97,False
2026-10-01T06:23:08+10:00,2288375,2459_348,-33.92319869995117,151.16253662109375,45.0,30.6,106,1.77,True
2026-10-01T06:23:08+10:00,2596413,2459_491,-33.87751388549805,151.12838745117188,59.0,25.2,119,1.98,True
2026-10-01T06:23:08+10:00,2349430,2459_418,-33.88645553588867,151.11131286621094,94.0,0.7,133,2.22,True
2026-10-01T06:23:08+10:00,2514860,2459_410,-33.87727737426758,151.10353088378906,99.0,0.0,1,0.02,True
2026-10-01T06:23:08+10:00,2209738,2459_530,-33.82563400268555,151.14988708496094,24.0,48.6,61,1.02,True
2026-10-01T06:23:08+10:00,2287883,2459_431,-33.882938385009766,151.20388793945312,47.0,1.1,-37,-0.62,True
2026-10-01T06:23:08+10:00,2287007,2459_428,-33.91145324707031,151.11859130859375,139.0,27.7,0,0.0,True
2026-10-01T06:23:08+10:00,2288920,2459_428,-33.89242935180664,151.18678283691406,72.0,31.7,374,6.23,False
2026-10-01T06:23:08+10:00,2619981,2459_530,-33.8141975402832,151.16860961914062,177.0,25.6,-46,-0.77,True
2026-10-01T06:23:08+10:00,2208853,2459_464,-33.84010314941406,151.10684204101562,257.0,0.0,-192,-3.2,False
2026-10-01T06:23:08+10:00,2209523,2459_406,-33.889404296875,151.1260223388672,208.0,0.0,68,1.13,True
2026-10-01T06:23:08+10:00,2036686,2459_470,-33.865665435791016,151.21128845214844,21.0,34.9,30,0.5,True
2026-10-01T06:23:08+10:00,2208481,2459_440,-33.89091491699219,151.24876403808594,95.0,0.0,0,0.0,True
2026-10-01T06:23:08+10:00,2668132,2459_420,-33.924434661865234,151.18812561035156,279.0,0.0,0,0.0,True
2026-10-01T06:23:08+10:00,2286323,2459_442,-33.8693733215332,151.2036895751953,172.0,31.0,-212,-3.53,False
2026-10-01T06:23:08+10:00,2284018,2459_423,-33.87242126464844,151.2100067138672,5.0,28.4,69,1.15,True
2026-10-01T06:23:08+10:00,2283284,2459_348,-33.916629791259766,151.239501953125,3.0,12.2,-85,-1.42,False
2026-10-01T06:23:08+10:00,2209067,2459_464,-33.88011932373047,151.1031494140625,188.0,29.5,125,2.08,True
2026-10-01T06:23:08+10:00,2284208,2459_348,-33.9332275390625,151.1813507080078,99.0,34.9,2,0.03,True
2026-10-01T06:23:08+10:00,2554225,2459_358,-33.92515563964844,151.22718811035156,265.0,0.0,118,1.97,True
2026-10-01T06:23:08+10:00,1962661,2459_412,-33.891334533691406,151.18069458007812,111.0,40.0,-48,-0.8,True
2026-10-01T06:23:08+10:00,2208285,2459_473,-33.93654251098633,151.1468048095703,248.0,11.5,-86,-1.43,False
2026-10-01T06:23:08+10:00,2619970,2459_530,-33.864261627197266,151.1305389404297,245.0,10.4,-59,-0.98,True
2026-10-01T06:23:08+10:00,2011044,2459_305,-33.88410186767578,151.20352172851562,209.0,0.0,5,0.08,True
2026-10-01T06:23:08+10:00,2668103,2459_420,-33.93706512451172,151.15411376953125,233.0,32.4,156,2.6,True
2026-10-01T06:23:08+10:00,2596230,2459_491,-33.92036819458008,151.1233367919922,10.0,42.5,-6,-0.1,True
2026-10-01T06:23:08+10:00,1963309,2459_410,-33.88128662109375,151.10292053222656,189.0,33.1,-35,-0.58,True
2026-10-01T06:23:08+10:00,2287325,2459_461X,-33.87803268432617,151.10629272460938,294.0,14.0,246,4.1,True
2026-10-01T06:23:08+10:00,2285165,2459_437,-33.866153717041016,151.14109802246094,162.0,15.8,120,2.0,True
2026-10-01T06:23:08+10:00,2208807,2459_440,-33.88618850708008,151.1793212890625,255.0,3.6,30,0.5,True
2026-10-01T06:23:08+10:00,2290029,2459_438X,-33.888248443603516,151.1576385498047,257.0,0.0,66,1.1,True
2026-10-01T06:23:08+10:00,1912285,2459_483,-33.88460159301758,151.1890869140625,92.0,53.3,18,0.3,True
2026-10-01T06:23:08+10:00,2039008,2459_440,-33.889556884765625,151.24166870117188,84.0,22.7,-289,-4.82,False
2026-10-01T06:23:08+10:00,2736858,2459_308,-33.88113021850586,151.20875549316406,10.0,29.2,52,0.87,True
2026-10-01T06:23:08+10:00,2036685,2459_470,-33.882720947265625,151.18563842773438,311.0,41.0,-249,-4.15,False
2026-10-01T06:23:08+10:00,2668025,2459_420,-33.87456512451172,151.10755920410156,7.0,0.0,0,0.0,True
2026-10-01T06:23:08+10:00,2618621,2459_422,-33.88063049316406,151.2067413330078,198.0,0.0,0,0.0,True
2026-10-01T06:23:08+10:00,2284622,2459_418,-33.914920806884766,151.16452026367188,239.0,0.0,0,0.0,True
2026-10-01T06:23:08+10:00,2515159,2459_410,-33.87409210205078,151.10427856445312,9.0,43.9,316,5.27,False
2026-10-01T06:23:08+10:00,2596318,2459_492,-33.880149841308594,151.10328674316406,279.0,0.0,-204,-3.4,False
2026-10-01T06:23:08+10:00,2736615,2459_445,-33.894351959228516,151.1552734375,239.0,0.0,-46,-0.77,True
2026-10-01T06:23:08+10:00,2286382,2459_418,-33.90464782714844,151.138671875,246.0,48.6,4,0.07,True
2026-10-01T06:23:08+10:00,2685936,2459_423,-33.90572738647461,151.1664276123047,259.0,48.6,314,5.23,False
2026-10-01T06:23:08+10:00,2209222,2459_440,-33.87685775756836,151.21083068847656,272.0,31.3,155,2.58,True
2026-10-01T06:23:08+10:00,2285061,2459_530,-33.867671966552734,151.12364196777344,99.0,35.6,282,4.7,True
2026-10-01T06:23:08+10:00,2736762,2459_445,-33.85810852050781,151.18333435058594,293.0,0.0,0,0.0,True
2026-10-01T06:23:08+10:00,2554168,2459_358,-33.921573638916016,151.1838836669922,98.0,0.0,-219,-3.65,False
2026-10-01T06:23:08+10:00,2685973,2459_423,-33.87803649902344,151.20932006835938,186.0,0.0,171,2.85,True
2026-10-01T06:23:08+10:00,2288311,2459_305,-33.926761627197266,151.18788146972656,142.0,0.0,81,1.35,True
2026-10-01T06:23:08+10:00,2290874,2459_437,-33.873802185058594,151.16465759277344,168.0,31.0,-119,-1.98,False
2026-10-01T06:23:08+10:00,2290191,2459_438X,-33.875083923339844,151.20968627929688,184.0,34.9,-2,-0.03,True
2026-10-01T06:23:08+10:00,2596310,2459_492,-33.85132598876953,151.1542205810547,231.0,0.0,6,0.1,True
2026-10-01T06:23:08+10:00,2283539,2459_437,-33.8725471496582,151.159912109375,344.0,51.1,-117,-1.95,False
2026-10-01T06:23:08+10:00,2554174,2459_358,-33.92304611206055,151.20819091796875,100.0,43.9,-358,-5.97,False
2026-10-01T06:23:08+10:00,1959891,2459_413,-33.89007568359375,151.14901733398438,7.0,0.0,264,4.4,True
2026-10-01T06:23:08+10:00,2736616,2459_308,-33.9085807800293,151.17172241210938,78.0,0.0,3,0.05,True
2026-10-01T06:23:08+10:00,2287291,2459_423,-33.89812469482422,151.1777801513672,66.0,38.2,-63,-1.05,False
2026-10-01T06:23:08+10:00,2636143,2459_504,-33.85287857055664,151.15615844726562,321.0,0.0,39,0.65,True
2026-10-01T06:23:08+10:00,2283688,2459_438X,-33.86143112182617,151.1306915283203,189.0,26.3,-55,-0.92,True
2026-10-01T06:23:08+10:00,2596264,2459_492,-33.86160659790039,151.13778686523438,67.0,0.0,8,0.13,True
2026-10-01T06:23:08+10:00,2554065,2459_358,-33.924354553222656,151.2301483154297,100.0,0.0,-49,-0.82,True
2026-10-01T06:23:08+10:00,2283843,2459_428,-33.90115737915039,151.14480590820312,8.0,0.0,187,3.12,True
2026-10-01T06:23:08+10:00,2286030,2459_433,-33.87739562988281,151.18495178222656,55.0,15.8,-127,-2.12,False
2026-10-01T06:23:08+10:00,2283151,2459_389,-33.88227462768555,151.22756958007812,271.0,24.5,-44,-0.73,True
2026-10-01T06:23:08+10:00,2288818,2459_412,-33.92267608642578,151.13034057617188,290.0,10.8,186,3.1,True
2026-10-01T06:23:08+10:00,2289075,2459_433,-33.872188568115234,151.17413330078125,309.0,41.8,68,1.13,True
2026-10-01T06:23:08+10:00,2283154,2459_303,-33.92085266113281,151.23695373535156,99.0,0.0,7,0.12,True
2026-10-01T06:23:08+10:00,2736595,2459_428,-33.894256591796875,151.18258666992188,220.0,36.7,87,1.45,True
2026-10-01T06:23:08+10:00,2736806,2459_428,-33.86698913574219,151.21067810058594,185.0,0.0,0,0.0,True
2026-10-01T06:23:08+10:00,2596465,2459_492,-33.869361877441406,151.1294403076172,11.0,24.5,-173,-2.88,False
2026-10-01T06:23:08+10:00,1964003,2459_415,-33.89531707763672,151.1085205078125,354.0,4.3,3,0.05,True
2026-10-01T06:23:08+10:00,2349266,2459_418,-33.914039611816406,151.16299438476562,131.0,12.2,-24,-0.4,True
2026-10-01T06:23:08+10:00,2474906,2459_389,-33.88129425048828,151.2249755859375,120.0,22.3,75,1.25,True
2026-10-01T06:23:08+10:00,2618620,2459_422,-33.90066909790039,151.1782989501953,158.0,19.8,-109,-1.82,False
2026-10-01T06:23:08+10:00,2289783,2459_303,-33.935211181640625,151.19393920898438,197.0,43.9,103,1.72,True
2026-10-01T06:23:08+10:00,2660313,2459_320,-33.89744567871094,151.21273803710938,37.0,31.0,-439,-7.32,False
2026-10-01T06:23:08+10:00,2285086,2459_530,-33.87711715698242,151.10206604003906,97.0,0.0,0,0.0,True
2026-10-01T06:23:08+10:00,2285879,2459_442,-33.86063003540039,151.17709350585938,196.0,30.6,-131,-2.18,False
2026-10-01T06:23:08+10:00,2284418,2459_461X,-33.874759674072266,151.12820434570312,147.0,37.8,222,3.7,True
2026-10-01T06:23:08+10:00,2288748,2459_461X,-33.887882232666016,151.16722106933594,83.0,0.0,-83,-1.38,False
2026-10-01T06:23:08+10:00,2643224,2507_120,-33.81419372558594,151.20010375976562,154.0,33.1,93,1.55,True
2026-10-01T06:23:08+10:00,2228809,2507_292,-33.863895416259766,151.20460510253906,339.0,38.9,-119,-1.98,False
2026-10-01T06:23:08+10:00,2555394,2507_265,-33.84074020385742,151.2066192626953,116.0,16.9,0,0.0,True
2026-10-01T06:23:08+10:00,2644522,2507_52,-33.87352752685547,151.20260620117188,248.0,37.8,21,0.35,True
2026-10-01T06:23:08+10:00,2230370,2507_288,-33.81222915649414,151.1773681640625,276.0,76.3,87,1.45,True
2026-10-01T06:23:08+10:00,2322343,2507_506,-33.87131881713867,151.214599609375,334.0,17.6,0,0.0,True
2026-10-01T06:23:08+10:00,2407088,2507_252,-33.81447982788086,151.1684112548828,92.0,4.0,-153,-2.55,False
2026-10-01T06:23:08+10:00,2731356,2507_291,-33.82418441772461,151.1976776123047,141.0,0.0,-107,-1.78,False
2026-10-01T06:23:08+10:00,2441632,2507_207,-33.81045913696289,151.208251953125,279.0,1.1,73,1.22,True
2026-10-01T06:23:08+10:00,2228812,2507_285,-33.86356735229492,151.20448303222656,341.0,42.5,0,0.0,True
2026-10-01T06:23:08+10:00,2642943,2507_52,-33.82318115234375,151.12255859375,304.0,12.2,62,1.03,True
2026-10-01T06:23:08+10:00,2538244,2507_506,-33.86680221557617,151.17515563964844,133.0,1.1,26,0.43,True
2026-10-01T06:23:08+10:00,2654584,2507_52,-33.832523345947266,151.12698364257812,176.0,20.9,174,2.9,True
2026-10-01T06:23:08+10:00,2643233,2507_501,-33.8522834777832,151.15579223632812,142.0,39.6,55,0.92,True
2026-10-01T06:23:08+10:00,2643146,2507_52,-33.87240219116211,151.21275329589844,186.0,0.0,0,0.0,True
2026-10-01T06:23:08+10:00,2643415,2507_253,-33.82231521606445,151.16510009765625,188.0,0.0,6,0.1,True
2026-10-01T06:23:08+10:00,2672484,2507_115,-33.79522705078125,151.1863555908203,66.0,0.4,140,2.33,True
2026-10-01T06:23:08+10:00,2634545,2507_261,-33.82669448852539,151.17601013183594,132.0,33.5,307,5.12,False
2026-10-01T06:23:08+10:00,2441489,2507_202,-33.8118896484375,151.2174530029297,281.0,32.8,8,0.13,True
2026-10-01T06:23:08+10:00,2642966,2507_501,-33.85330581665039,151.15664672851562,322.0,32.4,238,3.97,True
2026-10-01T06:23:08+10:00,2555455,2507_291,-33.8487434387207,151.20616149902344,208.0,0.0,6,0.1,True
2026-10-01T06:23:08+10:00,2738288,2507_533,-33.80726623535156,151.1732635498047,41.0,14.0,-2,-0.03,True
2026-10-01T06:23:08+10:00,2621520,2507_288,-33.86393737792969,151.2054901123047,172.0,4.3,-405,-6.75,False
2026-10-01T06:23:08+10:00,2672386,2507_115,-33.79634475708008,151.18118286132812,1.0,0.0,0,0.0,True
2026-10-01T06:23:08+10:00,2644082,2507_501,-33.8697395324707,151.1939239501953,70.0,12.6,136,2.27,True
2026-10-01T06:23:08+10:00,2322355,2507_506,-33.873470306396484,151.21099853515625,281.0,0.0,0,0.0,True
2026-10-01T06:23:08+10:00,2621446,2507_287,-33.81793212890625,151.1227264404297,222.0,0.7,0,0.0,True
2026-10-01T06:23:08+10:00,2738315,2507_533,-33.804847717285156,151.15760803222656,282.0,29.5,138,2.3,True
2026-10-01T06:23:08+10:00,2407807,2507_252,-33.821197509765625,151.13497924804688,31.0,37.4,-32,-0.53,True
2026-10-01T06:23:08+10:00,2407429,2507_265,-33.8306999206543,151.19802856445312,150.0,7.9,-46,-0.77,True
2026-10-01T06:23:08+10:00,2621580,2507_252,-33.82060623168945,151.1316375732422,299.0,0.0,-93,-1.55,False
2026-10-01T06:23:08+10:00,2642885,2507_120,-33.87042999267578,151.2062225341797,175.0,0.7,-117,-1.95,False
2026-10-01T06:23:08+10:00,2555482,2507_291,-33.8646354675293,151.2047882080078,354.0,32.4,0,0.0,True
2026-10-01T06:23:08+10:00,2225579,2507_292,-33.80112075805664,151.14772033691406,102.0,0.0,0,0.0,True
2026-10-01T06:23:08+10:00,2672348,2507_267,-33.79875564575195,151.192138671875,11.0,23.4,-223,-3.72,False
2026-10-01T06:23:08+10:00,2642907,2507_52,-33.84930419921875,151.15318298339844,333.0,48.2,12,0.2,True
2026-10-01T06:23:08+10:00,2654472,2507_52,-33.87043762207031,151.18994140625,118.0,57.2,-193,-3.22,False
2026-10-01T06:23:08+10:00,2538059,2507_506,-33.82194137573242,151.13482666015625,119.0,0.0,6,0.1,True
2026-10-01T06:23:08+10:00,2643292,2507_120,-33.79620361328125,151.18096923828125,180.0,0.0,15,0.25,True
2026-10-01T06:23:08+10:00,2644238,2507_120,-33.795658111572266,151.1851043701172,69.0,8.6,244,4.07,True
2026-10-01T06:23:08+10:00,2672443,2507_115,-33.84083938598633,151.20655822753906,281.0,0.0,-115,-1.92,False
2026-10-01T06:23:08+10:00,2644830,2507_120,-33.83344650268555,151.21148681640625,23.0,65.9,-16,-0.27,True
2026-10-01T06:23:08+10:00,2277128,7084_SW2,-33.914241790771484,151.1661376953125,0.0,0.0,-418,-6.97,False
2026-10-01T06:23:08+10:00,2613623,7084_SW2,-33.90469741821289,151.1285858154297,54.0,24.5,-202,-3.37,False
2026-10-01T10:03:01+10:00,2564628,2509_350,-33.924312591552734,151.18728637695312,71.0,16.9,107,1.78,True
2026-10-01T10:03:01+10:00,2182798,2509_396,-33.87312316894531,151.2099151611328,189.0,0.0,437,7.28,False
2026-10-01T10:03:01+10:00,2346318,2509_390X,-33.915977478027344,151.23377990722656,98.0,11.2,101,1.68,True
2026-10-01T10:03:01+10:00,2527241,2509_370,-33.903385162353516,151.17979431152344,150.0,30.6,0,0.0,True
2026-10-01T10:03:01+10:00,2400633,2509_309,-33.8967170715332,151.1987762451172,251.0,11.9,-328,-5.47,False
2026-10-01T10:03:01+10:00,2376137,2508_243,-33.86635208129883,151.2046661376953,354.0,31.3,0,0.0,True
2026-10-01T10:03:01+10:00,2533502,2509_362,-33.871089935302734,151.2626953125,201.0,6.5,0,0.0,True
2026-10-01T10:03:01+10:00,2628741,2509_304,-33.861637115478516,151.21168518066406,276.0,0.0,0,0.0,True
2026-10-01T10:03:01+10:00,2563871,2509_379,-33.900604248046875,151.253662109375,337.0,0.0,137,2.28,True
2026-10-01T10:03:01+10:00,2421378,2508_230,-33.82504653930664,151.2340087890625,238.0,57.2,-105,-1.75,False
2026-10-01T10:03:01+10:00,2138108,2509_375,-33.916744232177734,151.24107360839844,162.0,0.0,109,1.82,True
2026-10-01T10:03:01+10:00,2357802,2509_374,-33.883262634277344,151.20834350585938,189.0,6.8,135,2.25,True
2026-10-01T10:03:01+10:00,2563904,2509_379,-33.88208770751953,151.27703857421875,103.0,0.0,364,6.07,False
2026-10-01T10:03:01+10:00,2714693,2508_114,-33.8287467956543,151.22909545898438,240.0,25.9,231,3.85,True
2026-10-01T10:03:01+10:00,2470784,2509_356,-33.94218063354492,151.2262725830078,278.0,34.2,0,0.0,True
2026-10-01T10:03:01+10:00,2377083,2508_100,-33.82577896118164,151.23291015625,40.0,5.0,333,5.55,False
2026-10-01T10:03:01+10:00,2565124,2509_350,-33.94611740112305,151.25717163085938,223.0,20.9,302,5.03,False
2026-10-01T10:03:01+10:00,2563975,2509_379,-33.8824348449707,151.27659606933594,9.0,28.8,-173,-2.88,False
2026-10-01T10:03:01+10:00,2719509,2514_271,-33.79844284057617,151.20986938476562,340.0,20.2,38,0.63,True
2026-10-01T10:03:01+10:00,2527210,2509_370,-33.90245056152344,151.1974334716797,74.0,17.6,-70,-1.17,False
2026-10-01T10:03:01+10:00,2564993,2509_333,-33.88602828979492,151.22869873046875,310.0,1.1,59,0.98,True
2026-10-01T10:03:01+10:00,2356162,2509_311,-33.87194061279297,151.22796630859375,112.0,22.0,174,2.9,True
2026-10-01T10:03:01+10:00,2573751,2509_370,-33.918212890625,151.24313354492188,102.0,40.3,-122,-2.03,False
2026-10-01T10:03:01+10:00,2356338,2509_373,-33.88127136230469,151.21705627441406,351.0,36.4,29,0.48,True
2026-10-01T10:03:01+10:00,2564659,2509_333,-33.862361907958984,151.2104949951172,6.0,0.4,0,0.0,True
2026-10-01T10:03:01+10:00,2675041,2509_309,-33.94087600708008,151.19509887695312,179.0,31.3,56,0.93,True
2026-10-01T10:03:01+10:00,2137257,2509_306,-33.884151458740234,151.2034912109375,209.0,0.0,0,0.0,True
2026-10-01T10:03:01+10:00,2352623,2509_307,-33.94837188720703,151.20779418945312,278.0,42.8,605,10.08,False
2026-10-01T10:03:01+10:00,2534634,2509_352,-33.90245056152344,151.1792755126953,336.0,32.4,115,1.92,True
2026-10-01T10:03:01+10:00,2424360,2508_230,-33.8301887512207,151.2440643310547,230.0,16.2,362,6.03,False
2026-10-01T10:03:01+10:00,2335599,2509_309,-33.921329498291016,151.1964111328125,38.0,33.5,-22,-0.37,True
2026-10-01T10:03:01+10:00,2428431,2508_B1,-33.82961654663086,151.2136993408203,38.0,24.8,6,0.1,True
2026-10-01T10:03:01+10:00,2570089,7083_SW1,-33.91228103637695,151.1404266357422,143.0,0.0,-131,-2.18,False
2026-10-01T10:03:01+10:00,2403146,2509_311,-33.872520446777344,151.2174072265625,99.0,15.5,-90,-1.5,False
2026-10-01T10:03:01+10:00,2356423,2509_339,-33.90618133544922,151.23123168945312,63.0,18.0,419,6.98,False
2026-10-01T10:03:01+10:00,2375609,2508_100,-33.83159637451172,151.2226104736328,274.0,22.0,-20,-0.33,True
2026-10-01T10:03:01+10:00,2357229,2509_343,-33.867557525634766,151.2106170654297,186.0,0.0,8,0.13,True
2026-10-01T10:03:01+10:00,2400642,2509_396,-33.896114349365234,151.22158813476562,351.0,0.0,125,2.08,True
2026-10-01T10:03:01+10:00,2488372,2509_392,-33.91269302368164,151.2244415283203,136.0,0.0,309,5.15,False
2026-10-01T10:03:01+10:00,2533677,2509_352,-33.89090347290039,151.244384765625,290.0,29.9,263,4.38,True
2026-10-01T10:03:01+10:00,2356872,2509_339,-33.88521957397461,151.21470642089844,281.0,28.4,-69,-1.15,False
2026-10-01T10:03:01+10:00,2719786,2514_194,-33.87059020996094,151.20547485351562,354.0,0.0,175,2.92,True
2026-10-01T10:03:01+10:00,2376997,2508_B1,-33.83087158203125,151.22039794921875,295.0,43.2,-316,-5.27,False
2026-10-01T10:03:01+10:00,2374870,2508_144,-33.82035827636719,151.2438507080078,355.0,45.0,376,6.27,False
2026-10-01T10:03:01+10:00,2374870_2,2508_144,-33.82402801513672,151.24143981933594,51.0,0.0,455,7.58,False
2026-10-01T10:03:01+10:00,2677046,2503_M90,-33.87424087524414,151.1043243408203,191.0,19.1,55,0.92,True
2026-10-01T10:03:01+10:00,2534239,2509_352,-33.895992279052734,151.18092346191406,228.0,25.9,-122,-2.03,False
2026-10-01T10:03:01+10:00,2531613,2509_355,-33.89672088623047,151.20252990722656,86.0,0.0,12,0.2,True
2026-10-01T10:03:01+10:00,2570057,7083_SW1,-33.910858154296875,151.15603637695312,44.0,1.4,-115,-1.92,False
2026-10-01T10:03:01+10:00,2533102,2509_355,-33.89132308959961,151.24578857421875,109.0,29.2,-19,-0.32,True
2026-10-01T10:03:01+10:00,2675064,2509_309,-33.892826080322266,151.20028686523438,221.0,0.0,0,0.0,True
2026-10-01T10:03:01+10:00,2533393,2509_355,-33.89006042480469,151.20809936523438,295.0,22.3,88,1.47,True
2026-10-01T10:03:01+10:00,2095764,2508_160X,-33.78974533081055,151.1827850341797,160.0,34.9,197,3.28,True
2026-10-01T10:03:01+10:00,2564791,2509_333,-33.88887405395508,151.27674865722656,72.0,34.2,121,2.02,True
2026-10-01T10:03:01+10:00,2356569,2509_343,-33.86215591430664,151.2120819091797,7.0,0.0,0,0.0,True
2026-10-01T10:03:01+10:00,2564854,2509_350,-33.93547821044922,151.25775146484375,8.0,49.0,-7,-0.12,True
2026-10-01T10:03:01+10:00,2357126,2509_311,-33.8861083984375,151.20294189453125,162.0,0.0,62,1.03,True
2026-10-01T10:03:01+10:00,2352638,2509_356,-33.89844512939453,151.24227905273438,209.0,18.0,163,2.72,True
2026-10-01T10:03:01+10:00,2564798,2509_333,-33.8765754699707,151.2095184326172,174.0,22.7,107,1.78,True
2026-10-01T10:03:01+10:00,2720173,2514_270,-33.86906433105469,151.20530700683594,354.0,27.0,73,1.22,True
2026-10-01T10:03:01+10:00,2534371,2509_325,-33.85598373413086,151.20672607421875,47.0,0.0,0,0.0,True
2026-10-01T10:03:01+10:00,2383234,2508_100,-33.84194564819336,151.2436065673828,352.0,0.0,210,3.5,True
2026-10-01T10:03:01+10:00,2721370,2514_277,-33.796485900878906,151.18084716796875,181.0,0.0,0,0.0,True
2026-10-01T10:03:01+10:00,2431281,2509_396,-33.86377716064453,151.21182250976562,7.0,0.0,129,2.15,True
2026-10-01T10:03:01+10:00,2565185,2509_350,-33.92647171020508,151.25564575195312,190.0,32.8,195,3.25,True
2026-10-01T10:03:01+10:00,2089284,2508_160X,-33.806697845458984,151.17955017089844,0.0,43.2,0,0.0,True
2026-10-01T10:03:01+10:00,2533005,2509_360,-33.90365219116211,151.25796508789062,83.0,36.4,74,1.23,True
2026-10-01T10:03:01+10:00,2356692,2509_373,-33.91960144042969,151.2572021484375,189.0,0.0,0,0.0,True
2026-10-01T10:03:01+10:00,2376615,2508_173X,-33.85493850708008,151.20895385742188,28.0,54.0,87,1.45,True
2026-10-01T10:03:01+10:00,2434833,2509_390X,-33.89118194580078,151.24920654296875,279.0,0.0,0,0.0,True
2026-10-01T10:03:01+10:00,2704428,2504_607X,-33.86968994140625,151.2061309814453,175.0,14.0,0,0.0,True
2026-10-01T10:03:01+10:00,2564560,2509_350,-33.9411506652832,151.2278594970703,20.0,0.0,263,4.38,True
2026-10-01T10:03:01+10:00,2645929,2509_392X,-33.91360092163086,151.22515869140625,147.0,34.2,52,0.87,True
2026-10-01T10:03:01+10:00,2550210,2508_144,-33.804473876953125,151.1792755126953,359.0,43.2,-239,-3.98,False
2026-10-01T10:03:01+10:00,2421415,2508_230,-33.845096588134766,151.21121215820312,163.0,24.5,374,6.23,False
2026-10-01T10:03:01+10:00,2396596,2509_392,-33.909481048583984,151.21925354003906,289.0,1.1,565,9.42,False
2026-10-01T10:03:01+10:00,2357679,2509_370,-33.90235900878906,151.2080535888672,223.0,28.8,0,0.0,True
2026-10-01T10:03:01+10:00,2356651,2509_370,-33.90422058105469,151.18006896972656,338.0,10.1,80,1.33,True
2026-10-01T10:03:01+10:00,2139060,2509_375,-33.94773864746094,151.2517852783203,283.0,0.0,356,5.93,False
2026-10-01T10:03:01+10:00,2564571,2509_333,-33.87678146362305,151.20956420898438,140.0,19.8,404,6.73,False
2026-10-01T10:03:01+10:00,2357554,2509_343,-33.89552307128906,151.20687866210938,188.0,2.5,313,5.22,False
2026-10-01T10:03:01+10:00,2725781,7083_SW1,-33.91244125366211,151.16033935546875,-66.0,0.0,40,0.67,True
2026-10-01T10:03:01+10:00,2534181,2509_325,-33.879390716552734,151.23602294921875,8.0,0.0,-128,-2.13,False
2026-10-01T10:03:01+10:00,2454791,2508_225,-33.84187316894531,151.21888732910156,181.0,0.0,0,0.0,True
2026-10-01T10:03:01+10:00,2357417,2509_370,-33.91648864746094,151.23558044433594,280.0,0.0,87,1.45,True
2026-10-01T10:03:01+10:00,2377019,2508_100,-33.82937240600586,151.22779846191406,44.0,0.0,45,0.75,True
2026-10-01T10:03:01+10:00,2428542,2508_B1,-33.866756439208984,151.20628356933594,6.0,0.0,0,0.0,True
2026-10-01T10:03:01+10:00,2534189,2509_313,-33.89128112792969,151.24789428710938,77.0,9.7,0,0.0,True
2026-10-01T10:03:01+10:00,2675065,2509_309,-33.921607971191406,151.19651794433594,216.0,25.6,-17,-0.28,True
2026-10-01T10:03:01+10:00,2707927,2504_620X,-33.86643981933594,151.20428466796875,353.0,34.2,-398,-6.63,False
2026-10-01T10:03:01+10:00,2346346,2509_390X,-33.953330993652344,151.24176025390625,349.0,0.0,163,2.72,True
2026-10-01T10:03:01+10:00,2374563,2508_144,-33.79659652709961,151.18028259277344,233.0,0.0,0,0.0,True
2026-10-01T10:03:01+10:00,2089827,2508_160X,-33.791996002197266,151.18125915527344,339.0,34.6,116,1.93,True
2026-10-01T10:03:01+10:00,2564894,2509_333,-33.889503479003906,151.27520751953125,43.0,6.8,439,7.32,False
2026-10-01T10:03:01+10:00,2335668,2509_309,-33.95642852783203,151.22547912597656,234.0,38.5,56,0.93,True
2026-10-01T10:03:01+10:00,2565062,2509_333,-33.86618423461914,151.2109375,219.0,0.0,109,1.82,True
2026-10-01T10:03:01+10:00,2532142,2509_327,-33.87968826293945,151.24327087402344,147.0,21.2,172,2.87,True
2026-10-01T10:03:01+10:00,2356664,2509_311,-33.86565399169922,151.2042236328125,357.0,7.2,110,1.83,True
2026-10-01T10:03:01+10:00,2375954,2508_172X,-33.824485778808594,151.24118041992188,222.0,24.1,-101,-1.68,False
2026-10-01T10:03:01+10:00,2374883,2508_100,-33.863426208496094,151.20535278320312,167.0,35.3,-185,-3.08,False
2026-10-01T10:03:01+10:00,2628725,2509_304,-33.87290954589844,151.20994567871094,187.0,0.0,66,1.1,True
2026-10-01T10:03:01+10:00,2356368,2509_373,-33.877201080322266,151.2119598388672,23.0,0.0,83,1.38,True
2026-10-01T10:03:01+10:00,2352661,2509_356,-33.93415069580078,151.25332641601562,189.0,37.1,-56,-0.93,True
2026-10-01T10:03:01+10:00,2532170,2509_325,-33.853431701660156,151.2741241455078,25.0,20.2,308,5.13,False
2026-10-01T10:03:01+10:00,2376747,2508_243,-33.82999801635742,151.22640991210938,150.0,0.0,121,2.02,True
2026-10-01T10:03:01+10:00,2725800,7083_SW1,-33.91007995605469,151.13426208496094,-83.0,8.6,37,0.62,True
2026-10-01T10:03:01+10:00,2396592,2509_392,-33.909942626953125,151.22256469726562,291.0,20.2,73,1.22,True
2026-10-01T10:03:01+10:00,2575757,2509_374,-33.919708251953125,151.25698852539062,10.0,0.0,0,0.0,True
2026-10-01T10:03:01+10:00,2388992,2508_145,-33.79869079589844,151.24102783203125,223.0,0.0,831,13.85,False
2026-10-01T10:03:01+10:00,2356565,2509_343,-33.91911697387695,151.20347595214844,197.0,34.6,291,4.85,True
2026-10-01T10:03:01+10:00,2428422,2508_238,-33.84637451171875,151.2447967529297,310.0,29.9,132,2.2,True
2026-10-01T10:03:01+10:00,2089754,2508_160X,-33.796180725097656,151.18121337890625,5.0,5.8,775,12.92,False
2026-10-01T10:03:01+10:00,2564806,2509_350,-33.9022331237793,151.25465393066406,147.0,0.0,117,1.95,True
2026-10-01T10:03:01+10:00,2346410,2509_390X,-33.91600799560547,151.23452758789062,116.0,1.8,582,9.7,False
2026-10-01T10:03:01+10:00,2564932,2509_333,-33.889835357666016,151.23435974121094,117.0,47.5,527,8.78,False
2026-10-01T10:03:01+10:00,2533832,2509_313,-33.896270751953125,151.2514190673828,340.0,0.0,-168,-2.8,False
2026-10-01T10:03:01+10:00,2357044,2509_373,-33.921138763427734,151.2470245361328,318.0,2.5,49,0.82,True
2026-10-01T10:03:01+10:00,2428353,2508_B1,-33.829200744628906,151.22811889648438,42.0,0.4,271,4.52,True
2026-10-01T10:03:01+10:00,2396598,2509_392,-33.9411735534668,151.2276153564453,21.0,0.0,252,4.2,True
2026-10-01T10:03:01+10:00,2551661,2509_379,-33.89197540283203,151.25057983398438,259.0,21.2,-367,-6.12,False
2026-10-01T10:03:01+10:00,2532314,2509_386,-33.89183807373047,151.25144958496094,251.0,33.5,-30,-0.5,True
2026-10-01T10:03:01+10:00,2357590,2509_374,-33.909019470214844,151.2383575439453,91.0,0.0,376,6.27,False
2026-10-01T10:03:01+10:00,2300866,2509_399,-33.95318603515625,151.24176025390625,350.0,0.7,-48,-0.8,True
2026-10-01T10:03:01+10:00,2714690,2508_144,-33.81748580932617,151.24380493164062,159.0,38.5,-17,-0.28,True
2026-10-01T10:03:01+10:00,2356866,2509_343,-33.92511749267578,151.2181854248047,280.0,44.3,-74,-1.23,False
2026-10-01T10:03:01+10:00,2376101,2508_100,-33.86869430541992,151.2052764892578,357.0,23.4,99,1.65,True
2026-10-01T10:03:01+10:00,2563886,2509_379,-33.90461730957031,151.26718139648438,98.0,0.0,0,0.0,True
2026-10-01T10:03:01+10:00,2534043,2509_324,-33.87318420410156,151.20880126953125,96.0,0.0,199,3.32,True
2026-10-01T10:03:01+10:00,2575775,2509_374,-33.90175247192383,151.22303771972656,311.0,0.0,508,8.47,False
2026-10-01T10:03:01+10:00,2356154,2509_370,-33.91210174560547,151.21253967285156,287.0,25.2,67,1.12,True
2026-10-01T10:03:01+10:00,2565187,2509_350,-33.94013214111328,151.21493530273438,325.0,46.4,416,6.93,False
2026-10-01T10:03:01+10:00,2356429,2509_370,-33.90259552001953,151.19662475585938,255.0,25.6,58,0.97,True
2026-10-01T10:03:01+10:00,2428384,2508_238,-33.845733642578125,151.24005126953125,271.0,9.0,0,0.0,True
2026-10-01T10:03:01+10:00,2564830,2509_350,-33.93693161010742,151.257568359375,0.0,0.0,596,9.93,False
2026-10-01T10:03:01+10:00,2396547,2509_392,-33.94447326660156,151.22637939453125,190.0,0.0,0,0.0,True
2026-10-01T10:03:01+10:00,2136906,2509_306,-33.905799865722656,151.20289611816406,349.0,13.3,-208,-3.47,False
2026-10-01T10:03:01+10:00,2559051,7083_SW1,-33.90730285644531,151.1287078857422,132.0,24.8,-156,-2.6,False
2026-10-01T10:03:01+10:00,2565104,2509_350,-33.9337158203125,151.18003845214844,280.0,13.3,112,1.87,True
2026-10-01T10:03:01+10:00,2563955,2509_379,-33.89130783081055,151.24879455566406,105.0,9.0,174,2.9,True
2026-10-01T10:03:01+10:00,2300917,2509_399,-33.948646545410156,151.2407684326172,349.0,0.0,1039,17.32,False
2026-10-01T10:03:01+10:00,2428483,2508_238,-33.845947265625,151.2430877685547,289.0,38.5,8,0.13,True
2026-10-01T10:03:01+10:00,2357191,2509_373,-33.906761169433594,151.2320098876953,124.0,0.0,-173,-2.88,False
2026-10-01T10:03:01+10:00,2532958,2509_381,-33.89458465576172,151.26829528808594,312.0,17.3,172,2.87,True
2026-10-01T10:03:01+10:00,2628726,2509_304,-33.905426025390625,151.21205139160156,207.0,37.1,10,0.17,True
2026-10-01T10:03:01+10:00,2428475,2508_238,-33.84403610229492,151.2444610595703,186.0,42.8,0,0.0,True
2026-10-01T10:03:01+10:00,2628750,2509_304,-33.89921951293945,151.21194458007812,279.0,7.2,21,0.35,True
2026-10-01T10:03:01+10:00,2137559,2509_375,-33.92596435546875,151.2510223388672,283.0,0.0,6,0.1,True
2026-10-01T10:03:01+10:00,2533094,2509_324,-33.8704948425293,151.25173950195312,216.0,34.9,354,5.9,False
2026-10-01T10:03:01+10:00,2564803,2509_333,-33.88883590698242,151.27784729003906,97.0,32.4,611,10.18,False
2026-10-01T10:03:01+10:00,2550167,2508_263,-33.839813232421875,151.20655822753906,9.0,15.8,522,8.7,False
2026-10-01T10:03:01+10:00,2139592,2509_306,-33.92349624633789,151.2108612060547,101.0,0.0,181,3.02,True
2026-10-01T10:03:01+10:00,2719735,2514_281,-33.79220962524414,151.19619750976562,70.0,35.6,69,1.15,True
2026-10-01T10:03:01+10:00,2628704,2509_304,-33.88993453979492,151.21311950683594,189.0,11.2,108,1.8,True
2026-10-01T10:03:01+10:00,2376262,2508_144,-33.81783676147461,151.18243408203125,137.0,55.8,24,0.4,True
2026-10-01T10:03:01+10:00,2564805,2509_333,-33.8914680480957,151.24951171875,95.0,0.0,282,4.7,True
2026-10-01T10:03:01+10:00,2352407,2509_392,-33.94598388671875,151.22727966308594,133.0,33.5,73,1.22,True
2026-10-01T10:03:01+10:00,2564582,2509_333,-33.87125015258789,151.2101593017578,4.0,2.5,-470,-7.83,False
2026-10-01T10:03:01+10:00,2527217,2509_370,-33.88446807861328,151.19454956054688,86.0,0.0,-8,-0.13,True
2026-10-01T10:03:01+10:00,2435640,2509_390X,-33.93678665161133,151.23843383789062,168.0,0.0,234,3.9,True
2026-10-01T10:03:01+10:00,2667449,2509_326,-33.890499114990234,151.25445556640625,55.0,42.5,152,2.53,True
2026-10-01T10:03:01+10:00,2533063,2509_380,-33.88576889038086,151.28419494628906,162.0,38.5,52,0.87,True
2026-10-01T10:03:01+10:00,2424419,2508_230,-33.83088302612305,151.22076416015625,114.0,11.9,228,3.8,True
2026-10-01T10:03:01+10:00,2376077,2508_172X,-33.828983306884766,151.2283477783203,46.0,0.0,220,3.67,True
2026-10-01T10:03:01+10:00,2645888,2509_394X,-33.92810821533203,151.23277282714844,316.0,31.0,365,6.08,False
2026-10-01T10:03:01+10:00,2570104,7083_SW1,-33.91450881958008,151.16357421875,132.0,30.6,105,1.75,True
2026-10-01T10:03:01+10:00,2376955,2508_100,-33.826778411865234,151.24375915527344,335.0,0.0,100,1.67,True
2026-10-01T10:03:01+10:00,2533766,2509_352,-33.889427185058594,151.2332305908203,118.0,40.3,-294,-4.9,False
2026-10-01T10:03:01+10:00,2377153,2508_B1,-33.824462890625,151.23904418945312,274.0,37.4,-162,-2.7,False
2026-10-01T10:03:01+10:00,2357647,2509_339,-33.90449142456055,151.2266082763672,297.0,9.7,-66,-1.1,False
2026-10-01T10:03:01+10:00,2550337,2508_144,-33.829044342041016,151.20933532714844,277.0,0.0,239,3.98,True
2026-10-01T10:03:01+10:00,2618167,2508_263,-33.8215446472168,151.220703125,132.0,0.0,161,2.68,True
2026-10-01T10:03:01+10:00,2400351,2509_396,-33.94211959838867,151.2427215576172,100.0,41.4,-189,-3.15,False
2026-10-01T10:03:01+10:00,2564892,2509_350,-33.9398078918457,151.21484375,143.0,0.0,36,0.6,True
2026-10-01T10:03:01+10:00,2424372,2508_230,-33.84103775024414,151.20761108398438,279.0,0.0,-20,-0.33,True
2026-10-01T10:03:01+10:00,2552005,2509_379,-33.90526580810547,151.26828002929688,313.0,28.4,-287,-4.78,False
2026-10-01T10:03:01+10:00,2470780,2509_397,-33.94329071044922,151.23577880859375,343.0,27.4,-121,-2.02,False
2026-10-01T10:03:01+10:00,2628621,2509_304,-33.866905212402344,151.21067810058594,5.0,0.7,0,0.0,True
2026-10-01T10:03:01+10:00,2421382,2508_230,-33.83631134033203,151.20733642578125,192.0,4.7,-46,-0.77,True
2026-10-01T10:03:01+10:00,2570088,7083_SW1,-33.9140625,151.1643829345703,36.0,39.2,3319,55.32,False
2026-10-01T10:03:01+10:00,2356927,2509_370,-33.88652038574219,151.19387817382812,20.0,33.8,-95,-1.58,False
2026-10-01T10:03:01+10:00,2400527,2509_392,-33.893856048583984,151.19863891601562,22.0,0.0,70,1.17,True
2026-10-01T10:03:01+10:00,2564988,2509_350,-33.94021224975586,151.21485900878906,325.0,48.6,-168,-2.8,False
2026-10-01T10:03:01+10:00,2346368,2509_390X,-33.92650604248047,151.23098754882812,316.0,40.7,133,2.22,True
2026-10-01T10:03:01+10:00,2377030,2508_144,-33.82963562011719,151.21780395507812,117.0,33.1,404,6.73,False
2026-10-01T10:03:01+10:00,2139381,2509_375,-33.94576644897461,151.22598266601562,184.0,0.0,0,0.0,True
2026-10-01T10:03:01+10:00,2626824,2508_166,-33.820987701416016,151.20420837402344,14.0,26.6,10,0.17,True
2026-10-01T10:03:01+10:00,2721106,2514_565,-33.79680633544922,151.1802978515625,2.0,0.0,175,2.92,True
2026-10-01T10:03:01+10:00,2488484,2509_392,-33.89656448364258,151.2000732421875,93.0,0.0,68,1.13,True
2026-10-01T10:03:01+10:00,2400459,2509_396,-33.92733383178711,151.2318572998047,315.0,43.6,286,4.77,True
2026-10-01T10:03:01+10:00,2628641,2509_304,-33.87705612182617,151.2093505859375,10.0,0.0,63,1.05,True
2026-10-01T10:03:01+10:00,2375008,2508_100,-33.872257232666016,151.2064666748047,173.0,1.1,-145,-2.42,False
2026-10-01T10:03:01+10:00,2376375,2508_111,-33.834022521972656,151.254638671875,99.0,44.3,131,2.18,True
2026-10-01T10:03:01+10:00,2534585,2509_380,-33.88907241821289,151.27906799316406,114.0,37.4,-60,-1.0,True
2026-10-01T10:03:01+10:00,2089681,2508_160X,-33.79646682739258,151.180908203125,174.0,0.0,0,0.0,True
2026-10-01T10:03:01+10:00,2564914,2509_333,-33.89430236816406,151.2659454345703,280.0,15.1,135,2.25,True
2026-10-01T10:03:01+10:00,2183131,2509_396,-33.9057731628418,151.2240753173828,188.0,43.2,188,3.13,True
2026-10-01T10:03:01+10:00,2137630,2509_306,-33.92926788330078,151.1947784423828,188.0,39.6,-48,-0.8,True
2026-10-01T10:03:01+10:00,2488424,2509_392,-33.954349517822266,151.2303466796875,186.0,22.7,267,4.45,True
2026-10-01T10:03:01+10:00,2575716,2509_374,-33.917205810546875,151.25149536132812,279.0,33.8,160,2.67,True
2026-10-01T10:03:01+10:00,2534205,2509_313,-33.919395446777344,151.25717163085938,189.0,0.0,0,0.0,True
2026-10-01T10:03:01+10:00,2356751,2509_343,-33.89168167114258,151.20562744140625,6.0,0.0,-59,-0.98,True
2026-10-01T10:03:01+10:00,2356630,2509_339,-33.914466857910156,151.2665557861328,132.0,0.0,0,0.0,True
2026-10-01T10:03:01+10:00,2428332,2508_B1,-33.81468963623047,151.243408203125,28.0,45.7,201,3.35,True
2026-10-01T10:03:01+10:00,2704915,2504_610X,-33.81926345825195,151.20323181152344,143.0,60.8,-16,-0.27,True
2026-10-01T10:03:01+10:00,2374146,2508_144,-33.79676055908203,151.18038940429688,171.0,0.0,0,0.0,True
2026-10-01T10:03:01+10:00,2552029,2509_379,-33.891422271728516,151.24905395507812,98.0,13.7,32,0.53,True
2026-10-01T10:03:01+10:00,2565038,2509_350,-33.89680480957031,151.2515106201172,338.0,0.0,-108,-1.8,False
2026-10-01T10:03:01+10:00,2356320,2509_343,-33.92002868652344,151.20179748535156,98.0,1.4,193,3.22,True
2026-10-01T10:03:01+10:00,2720551,2514_270,-33.80226516723633,151.21153259277344,169.0,0.0,226,3.77,True
2026-10-01T10:03:01+10:00,2434474,2509_390X,-33.899993896484375,151.25332641601562,140.0,10.8,7,0.12,True
2026-10-01T10:03:01+10:00,2714700,2508_144,-33.82756042480469,151.23123168945312,223.0,40.0,196,3.27,True
2026-10-01T10:03:01+10:00,2548761,2509_328,-33.87546157836914,151.23275756835938,52.0,26.3,-66,-1.1,False
2026-10-01T10:03:01+10:00,2532957,2509_325,-33.85487747192383,151.27857971191406,303.0,10.4,356,5.93,False
2026-10-01T10:03:01+10:00,2533954,2509_355,-33.9085578918457,151.17196655273438,81.0,0.0,0,0.0,True
2026-10-01T10:03:01+10:00,2375163,2508_100,-33.82954406738281,151.2143096923828,94.0,30.6,-34,-0.57,True
2026-10-01T10:03:01+10:00,2645930,2509_394X,-33.87045669555664,151.21026611328125,187.0,11.2,341,5.68,False
2026-10-01T10:03:01+10:00,2628705,2509_304,-33.883670806884766,151.21434020996094,10.0,0.0,10,0.17,True
2026-10-01T10:03:01+10:00,2533810,2509_362,-33.905357360839844,151.25784301757812,114.0,28.4,293,4.88,True
2026-10-01T10:03:01+10:00,2352609,2509_392,-33.903724670410156,151.2136688232422,106.0,0.0,127,2.12,True
2026-10-01T10:03:01+10:00,2573735,2509_370,-33.9168701171875,151.23886108398438,100.0,32.4,-151,-2.52,False
2026-10-01T10:03:01+10:00,2428437,2508_238,-33.843021392822266,151.22735595703125,1.0,38.5,0,0.0,True
2026-10-01T10:03:01+10:00,2374606,2508_144,-33.82944869995117,151.21299743652344,102.0,7.6,-93,-1.55,False
2026-10-01T10:03:01+10:00,2355951,2509_373,-33.90867233276367,151.23529052734375,277.0,0.0,0,0.0,True
2026-10-01T10:03:01+10:00,2531780,2509_380,-33.89132308959961,151.25234985351562,249.0,32.4,-2,-0.03,True
2026-10-01T10:03:01+10:00,2396611,2509_392,-33.95063781738281,151.23141479492188,355.0,24.1,-47,-0.78,True
2026-10-01T10:03:01+10:00,2534495,2509_362,-33.89528274536133,151.27114868164062,9.0,0.0,281,4.68,True
2026-10-01T10:03:01+10:00,2356587,2509_373,-33.91979217529297,151.257080078125,190.0,0.0,0,0.0,True
2026-10-01T10:03:01+10:00,2564691,2509_333,-33.89116287231445,151.2743377685547,222.0,0.0,-23,-0.38,True
2026-10-01T10:03:01+10:00,2531161,2509_380,-33.86248779296875,151.2781982421875,352.0,32.0,414,6.9,False
2026-10-01T10:03:01+10:00,2564940,2509_333,-33.89010238647461,151.239990234375,63.0,17.6,93,1.55,True
2026-10-01T10:03:01+10:00,2357095,2509_370,-33.87178039550781,151.18031311035156,234.0,0.0,0,0.0,True
2026-10-01T10:03:01+10:00,2564951,2509_333,-33.89036178588867,151.24256896972656,291.0,0.0,0,0.0,True
2026-10-01T10:03:01+10:00,2377529,2508_173X,-33.82814025878906,151.2303924560547,239.0,0.0,365,6.08,False
2026-10-01T10:03:01+10:00,2470779,2509_356,-33.89600372314453,151.2496795654297,9.0,0.0,-198,-3.3,False
2026-10-01T10:03:01+10:00,2138984,2509_396,-33.94208908081055,151.24258422851562,279.0,32.8,56,0.93,True
2026-10-01T10:03:01+10:00,2400536,2509_396,-33.94218444824219,151.24354553222656,97.0,0.0,299,4.98,True
2026-10-01T10:03:01+10:00,2377321,2508_100,-33.83220672607422,151.2444610595703,175.0,20.5,74,1.23,True
2026-10-01T10:03:01+10:00,2709249,2504_610X,-33.86796188354492,151.20518493652344,354.0,34.6,-66,-1.1,False
2026-10-01T10:03:01+10:00,2564915,2509_333,-33.891292572021484,151.25344848632812,317.0,6.5,109,1.82,True
2026-10-01T10:03:01+10:00,2564836,2509_333,-33.8748664855957,151.209716796875,15.0,0.0,68,1.13,True
2026-10-01T10:03:01+10:00,2720305,2514_281,-33.79139709472656,151.19854736328125,159.0,0.0,420,7.0,False
2026-10-01T10:03:01+10:00,2377677,2508_B1,-33.83879470825195,151.21107482910156,187.0,58.0,-23,-0.38,True
2026-10-01T10:03:01+10:00,2435264,2509_390X,-33.92556381225586,151.23011779785156,111.0,36.7,111,1.85,True
2026-10-01T10:03:01+10:00,2706081,2504_610X,-33.810550689697266,151.16429138183594,284.0,75.6,5,0.08,True
2026-10-01T10:03:01+10:00,2534300,2509_360,-33.910179138183594,151.26402282714844,45.0,7.6,-111,-1.85,False
2026-10-01T10:03:01+10:00,2400372,2509_396,-33.868717193603516,151.2091522216797,4.0,0.0,-215,-3.58,False
2026-10-01T10:03:01+10:00,2356166,2509_343,-33.88276672363281,151.20843505859375,189.0,0.0,78,1.3,True
2026-10-01T10:03:01+10:00,2564636,2509_350,-33.933837890625,151.18067932128906,281.0,19.4,-478,-7.97,False
2026-10-01T10:03:01+10:00,2564908,2509_333,-33.891197204589844,151.25340270996094,103.0,21.6,481,8.02,False
2026-10-01T10:03:01+10:00,2400472,2509_392,-33.89334487915039,151.19883728027344,21.0,0.0,0,0.0,True
2026-10-01T10:03:01+10:00,2329314,7083_SW3,-33.91505813598633,151.1649932861328,0.0,0.0,742,12.37,False
2026-10-01T10:03:01+10:00,2534096,2509_387,-33.87279510498047,151.27383422851562,217.0,3.6,167,2.78,True
2026-10-01T10:03:01+10:00,2533642,2509_325,-33.8759880065918,151.22425842285156,7.0,7.6,330,5.5,False
2026-10-01T10:03:01+10:00,1973297,2508_162,-33.79817199707031,151.2457733154297,81.0,0.0,4,0.07,True
2026-10-01T10:03:01+10:00,2392745,2508_114,-33.829010009765625,151.22821044921875,45.0,20.5,354,5.9,False
2026-10-01T10:03:01+10:00,2435510,2509_390X,-33.916683197021484,151.23944091796875,191.0,0.0,114,1.9,True
2026-10-01T10:03:01+10:00,2356232,2509_343,-33.877254486083984,151.20941162109375,7.0,0.0,5,0.08,True
2026-10-01T10:03:01+10:00,2527259,2509_370,-33.91238021850586,151.2140350341797,68.0,39.6,-102,-1.7,False
2026-10-01T10:03:01+10:00,2356003,2509_373,-33.91876983642578,151.2423553466797,168.0,38.2,-119,-1.98,False
2026-10-01T10:03:01+10:00,2470752,2509_356,-33.93549728393555,151.24386596679688,98.0,33.5,431,7.18,False
2026-10-01T10:03:01+10:00,2435537,2509_390X,-33.907073974609375,151.25196838378906,254.0,42.1,272,4.53,True
2026-10-01T10:03:01+10:00,2357197,2509_339,-33.91242218017578,151.25987243652344,277.0,19.4,40,0.67,True
2026-10-01T10:03:01+10:00,2383175,2508_100,-33.84206771850586,151.24392700195312,179.0,0.0,0,0.0,True
2026-10-01T10:03:01+10:00,2707996,2504_607X,-33.81843566894531,151.2024383544922,150.0,72.7,-306,-5.1,False
2026-10-01T10:03:01+10:00,2400326,2509_309,-33.94427490234375,151.19627380371094,336.0,33.1,-50,-0.83,True
2026-10-01T10:03:01+10:00,2721012,2514_271,-33.87184524536133,151.2056121826172,355.0,0.0,0,0.0,True
2026-10-01T10:03:01+10:00,2403119,2509_311,-33.8732795715332,151.22457885742188,241.0,21.2,18,0.3,True
2026-10-01T10:03:01+10:00,2183273,2509_396,-33.86323165893555,151.21189880371094,187.0,0.0,119,1.98,True
2026-10-01T10:03:01+10:00,2428383,2508_B1,-33.86604690551758,151.20635986328125,7.0,0.0,0,0.0,True
2026-10-01T10:03:01+10:00,2531982,2509_324,-33.87172317504883,151.26539611816406,70.0,22.3,62,1.03,True
2026-10-01T10:03:01+10:00,2319173,7083_SW3,-33.9145622253418,151.16558837890625,234.0,5.4,152,2.53,True
2026-10-01T10:03:01+10:00,2532407,2509_325,-33.8559684753418,151.20697021484375,228.0,0.0,115,1.92,True
2026-10-01T10:03:01+10:00,2551748,2509_379,-33.882171630859375,151.27737426757812,279.0,34.6,116,1.93,True
2026-10-01T10:03:01+10:00,2565001,2509_333,-33.886592864990234,151.22964477539062,129.0,5.4,28,0.47,True
2026-10-01T10:03:01+10:00,2714625,2508_114,-33.82908630371094,151.2091064453125,279.0,0.0,304,5.07,False
2026-10-01T10:03:01+10:00,2285928,2459_438X,-33.86494445800781,151.2098846435547,227.0,0.0,0,0.0,True
2026-10-01T10:03:01+10:00,2286844,2459_433,-33.86007308959961,151.171875,185.0,39.2,-8,-0.13,True
2026-10-01T10:03:01+10:00,2209672,2459_413,-33.88458251953125,151.1943359375,262.0,14.8,86,1.43,True
2026-10-01T10:03:01+10:00,2736804,2459_445,-33.91037368774414,151.12188720703125,231.0,41.4,40,0.67,True
2026-10-01T10:03:01+10:00,2618559,2459_422,-33.886253356933594,151.2026824951172,294.0,11.5,2,0.03,True
2026-10-01T10:03:01+10:00,2208129,2459_406,-33.87004852294922,151.1307830810547,126.0,3.2,160,2.67,True
2026-10-01T10:03:01+10:00,2289200,2459_303,-33.9333381652832,151.1937713623047,7.0,47.2,58,0.97,True
2026-10-01T10:03:01+10:00,2209246,2459_530,-33.855133056640625,151.14825439453125,51.0,42.8,11,0.18,True
2026-10-01T10:03:01+10:00,2668150,2459_420,-33.92446517944336,151.1883087158203,276.0,0.0,0,0.0,True
2026-10-01T10:03:01+10:00,2287643,2459_389,-33.87313461303711,151.20816040039062,272.0,36.0,-251,-4.18,False
2026-10-01T10:03:01+10:00,2474859,2459_389,-33.86946487426758,151.19789123535156,356.0,0.0,0,0.0,True
2026-10-01T10:03:01+10:00,2285044,2459_461X,-33.87190246582031,151.10470581054688,190.0,0.0,46,0.77,True
2026-10-01T10:03:01+10:00,2036753,2459_440,-33.88800811767578,151.15853881835938,76.0,0.0,325,5.42,False
2026-10-01T10:03:01+10:00,2285168,2459_389,-33.882232666015625,151.22764587402344,272.0,30.6,73,1.22,True
2026-10-01T10:03:01+10:00,2290834,2459_442,-33.866676330566406,151.17559814453125,208.0,1.8,135,2.25,True
2026-10-01T10:03:01+10:00,2283135,2459_438X,-33.855010986328125,151.13027954101562,167.0,35.6,-10,-0.17,True
2026-10-01T10:03:01+10:00,2685998,2459_423,-33.89374923706055,151.18325805664062,221.0,0.0,89,1.48,True
2026-10-01T10:03:01+10:00,2283709,2459_348,-33.91668701171875,151.23951721191406,8.0,0.0,-151,-2.52,False
2026-10-01T10:03:01+10:00,2736855,2459_308,-33.90561294555664,151.1830291748047,219.0,34.2,391,6.52,False
2026-10-01T10:03:01+10:00,2208966,2459_440,-33.89088821411133,151.24853515625,97.0,0.0,0,0.0,True
2026-10-01T10:03:01+10:00,2284373,2459_303,-33.93364334106445,151.19369506835938,9.0,0.0,0,0.0,True
2026-10-01T10:03:01+10:00,2636296,2459_415,-33.87483596801758,151.10418701171875,187.0,0.0,298,4.97,True
2026-10-01T10:03:01+10:00,2286705,2459_437,-33.88058853149414,151.1389617919922,140.0,10.8,184,3.07,True
2026-10-01T10:03:01+10:00,2736829,2459_445,-33.87474822998047,151.15602111816406,175.0,1.1,53,0.88,True
2026-10-01T10:03:01+10:00,2036754,2459_440,-33.87113571166992,151.16090393066406,225.0,39.2,-61,-1.02,False
2026-10-01T10:03:01+10:00,2287553,2459_461X,-33.88802719116211,151.16697692871094,265.0,0.0,392,6.53,False
2026-10-01T10:03:01+10:00,2289051,2459_389,-33.86825942993164,151.19309997558594,334.0,37.4,-132,-2.2,False
2026-10-01T10:03:01+10:00,2209332,2459_440,-33.88063430786133,151.1566162109375,353.0,42.8,105,1.75,True
2026-10-01T10:03:01+10:00,2290415,2459_423,-33.877845764160156,151.20932006835938,0.0,0.0,-309,-5.15,False
2026-10-01T10:03:01+10:00,2636164,2459_504,-33.87276840209961,151.2058868408203,272.0,15.1,18,0.3,True
2026-10-01T10:03:01+10:00,2636228,2459_504,-33.85184097290039,151.15330505371094,54.0,0.0,153,2.55,True
2026-10-01T10:03:01+10:00,2484471,2459_480,-33.881126403808594,151.2063751220703,215.0,1.8,55,0.92,True
2026-10-01T10:03:01+10:00,2283432,2459_422,-33.880577087402344,151.20675659179688,196.0,0.0,12,0.2,True
2026-10-01T10:03:01+10:00,2736561,2459_308,-33.905269622802734,151.17347717285156,338.0,15.8,67,1.12,True
2026-10-01T10:03:01+10:00,2209382,2459_464,-33.86250686645508,151.10789489746094,119.0,29.9,293,4.88,True
2026-10-01T10:03:01+10:00,2554328,2459_358,-33.91874313354492,151.177734375,143.0,41.4,-76,-1.27,False
2026-10-01T10:03:01+10:00,2288460,2459_502,-33.8695182800293,151.12982177734375,306.0,0.0,175,2.92,True
2026-10-01T10:03:01+10:00,2290699,2459_422,-33.89860916137695,151.1781463623047,214.0,34.9,8,0.13,True
2026-10-01T10:03:01+10:00,2289995,2459_348,-33.9208869934082,151.24049377441406,10.0,18.4,141,2.35,True
2026-10-01T10:03:01+10:00,2736839,2459_445,-33.85697937011719,151.17982482910156,298.0,0.0,57,0.95,True
2026-10-01T10:03:01+10:00,2736852,2459_428,-33.91197967529297,151.1193084716797,236.0,0.0,-197,-3.28,False
2026-10-01T10:03:01+10:00,2208425,2459_440,-33.87685012817383,151.21044921875,271.0,0.0,102,1.7,True
2026-10-01T10:03:01+10:00,2309013,2459_445,-33.904659271240234,151.1285858154297,50.0,21.6,656,10.93,False
2026-10-01T10:03:01+10:00,2290403,2459_470,-33.87534713745117,151.1648406982422,3.0,46.8,-38,-0.63,True
2026-10-01T10:03:01+10:00,2286272,2459_438X,-33.882301330566406,151.14019775390625,328.0,35.6,403,6.72,False
2026-10-01T10:03:01+10:00,1960857,2459_412,-33.88463592529297,151.18824768066406,92.0,54.0,270,4.5,True
2026-10-01T10:03:01+10:00,2596460,2459_492,-33.85038375854492,151.15509033203125,86.0,0.0,535,8.92,False
2026-10-01T10:03:01+10:00,1940064,2459_412,-33.89636993408203,151.1522979736328,161.0,0.0,200,3.33,True
2026-10-01T10:03:01+10:00,2285691,2459_438X,-33.88437271118164,151.19412231445312,86.0,32.0,25,0.42,True
2026-10-01T10:03:01+10:00,2288774,2459_442,-33.85700988769531,151.1954803466797,79.0,0.0,0,0.0,True
2026-10-01T10:03:01+10:00,2475317,2459_389,-33.86956787109375,151.19789123535156,358.0,0.0,16,0.27,True
2026-10-01T10:03:01+10:00,1959805,2459_413,-33.89438247680664,151.14486694335938,38.0,0.0,-34,-0.57,True
2026-10-01T10:03:01+10:00,2514766,2459_410,-33.87281036376953,151.1046142578125,190.0,0.0,-7,-0.12,True
2026-10-01T10:03:01+10:00,2475324,2459_389,-33.865997314453125,151.1918487548828,225.0,14.4,9,0.15,True
2026-10-01T10:03:01+10:00,2290497,2459_426,-33.866539001464844,151.21047973632812,4.0,0.0,57,0.95,True
2026-10-01T10:03:01+10:00,2286776,2459_422,-33.92486572265625,151.15992736816406,120.0,1.8,0,0.0,True
2026-10-01T10:03:01+10:00,2736721,2459_428,-33.88447570800781,151.1981658935547,267.0,37.1,-9,-0.15,True
2026-10-01T10:03:01+10:00,2660181,2459_320,-33.89642333984375,151.20997619628906,272.0,0.0,-24,-0.4,True
2026-10-01T10:03:01+10:00,2636260,2459_504,-33.8490104675293,151.1395721435547,53.0,44.6,-193,-3.22,False
2026-10-01T10:03:01+10:00,2286453,2459_433,-33.87893295288086,151.17721557617188,160.0,0.0,10,0.17,True
2026-10-01T10:03:01+10:00,2289014,2459_437,-33.869354248046875,151.18685913085938,287.0,61.9,102,1.7,True
2026-10-01T10:03:01+10:00,2288539,2459_433,-33.87955856323242,151.20803833007812,101.0,22.7,37,0.62,True
2026-10-01T10:03:01+10:00,2287176,2459_389,-33.89140319824219,151.2488555908203,94.0,0.0,0,0.0,True
2026-10-01T10:03:01+10:00,2596476,2459_492,-33.887420654296875,151.1132049560547,5.0,37.8,-244,-4.07,False
2026-10-01T10:03:01+10:00,2289793,2459_438X,-33.886146545410156,151.17958068847656,254.0,30.2,-30,-0.5,True
2026-10-01T10:03:01+10:00,2283127,2459_428,-33.87358856201172,151.20986938476562,6.0,0.0,-300,-5.0,False
2026-10-01T10:03:01+10:00,2618562,2459_422,-33.93791961669922,151.1516571044922,192.0,0.0,-207,-3.45,False
2026-10-01T10:03:01+10:00,2037359,2459_469,-33.88363265991211,151.1588134765625,86.0,0.0,-35,-0.58,True
2026-10-01T10:03:01+10:00,2284906,2459_437,-33.86812973022461,151.13418579101562,254.0,0.0,0,0.0,True
2026-10-01T10:03:01+10:00,2475032,2459_389,-33.87613296508789,151.21751403808594,100.0,9.0,-15,-0.25,True
2026-10-01T10:03:01+10:00,2484479,2459_483,-33.88713073730469,151.1370086669922,237.0,0.0,-61,-1.02,False
2026-10-01T10:03:01+10:00,2596138,2459_491,-33.86988067626953,151.12942504882812,191.0,0.0,182,3.03,True
2026-10-01T10:03:01+10:00,2284369,2459_438X,-33.86748123168945,151.21063232421875,183.0,0.0,0,0.0,True
2026-10-01T10:03:01+10:00,2635938,2459_504,-33.84782028198242,151.14132690429688,33.0,0.0,13,0.22,True
2026-10-01T10:03:01+10:00,2209618,2459_530,-33.81273651123047,151.17086791992188,26.0,0.0,611,10.18,False
2026-10-01T10:03:01+10:00,2208179,2459_466,-33.86231994628906,151.1083984375,224.0,17.3,249,4.15,True
2026-10-01T10:03:01+10:00,2208632,2459_473,-33.93367004394531,151.13470458984375,19.0,0.0,70,1.17,True
2026-10-01T10:03:01+10:00,2668031,2459_420,-33.934024810791016,151.1657257080078,152.0,23.4,-107,-1.78,False
2026-10-01T10:03:01+10:00,1961550,2459_480,-33.88785171508789,151.16842651367188,85.0,48.6,-111,-1.85,False
2026-10-01T10:03:01+10:00,2286755,2459_461X,-33.871795654296875,151.12442016601562,124.0,36.0,302,5.03,False
2026-10-01T10:03:01+10:00,2289256,2459_433,-33.880985260009766,151.20652770996094,206.0,0.0,176,2.93,True
2026-10-01T10:03:01+10:00,2286832,2459_441,-33.869537353515625,151.2147674560547,231.0,24.5,-85,-1.42,False
2026-10-01T10:03:01+10:00,2287856,2459_470,-33.88456726074219,151.19375610351562,263.0,0.0,-290,-4.83,False
2026-10-01T10:03:01+10:00,2290135,2459_418,-33.91234588623047,151.16024780273438,301.0,0.0,18,0.3,True
2026-10-01T10:03:01+10:00,2685991,2459_423,-33.8717155456543,151.21009826660156,13.0,4.3,49,0.82,True
2026-10-01T10:03:01+10:00,2619978,2459_530,-33.86808776855469,151.1296844482422,199.0,23.0,141,2.35,True
2026-10-01T10:03:01+10:00,2036755,2459_440,-33.858219146728516,151.18350219726562,289.0,0.0,0,0.0,True
2026-10-01T10:03:01+10:00,2289953,2459_442,-33.87298583984375,151.19418334960938,327.0,67.3,461,7.68,False
2026-10-01T10:03:01+10:00,2283513,2459_433,-33.877525329589844,151.18511962890625,322.0,2.5,57,0.95,True
2026-10-01T10:03:01+10:00,2668047,2459_420,-33.92445755004883,151.18814086914062,280.0,0.0,0,0.0,True
2026-10-01T10:03:01+10:00,2285671,2459_470,-33.88448715209961,151.19432067871094,264.0,29.2,317,5.28,False
2026-10-01T10:03:01+10:00,2284656,2459_428,-33.897056579589844,151.150390625,107.0,11.9,427,7.12,False
2026-10-01T10:03:01+10:00,2736834,2459_308,-33.88276672363281,151.20803833007812,124.0,16.2,90,1.5,True
2026-10-01T10:03:01+10:00,2308814,2459_445,-33.8841438293457,151.15151977539062,266.0,30.6,75,1.25,True
2026-10-01T10:03:01+10:00,2038633,2459_440,-33.88127136230469,151.1566925048828,354.0,26.3,-134,-2.23,False
2026-10-01T10:03:01+10:00,2209625,2459_440,-33.8845329284668,151.1938018798828,264.0,0.0,-104,-1.73,False
2026-10-01T10:03:01+10:00,2288253,2459_433,-33.85761260986328,151.18130493164062,102.0,4.0,183,3.05,True
2026-10-01T10:03:01+10:00,2290536,2459_438X,-33.88628387451172,151.17880249023438,254.0,34.9,566,9.43,False
2026-10-01T10:03:01+10:00,2736837,2459_428,-33.86698532104492,151.21067810058594,5.0,3.2,0,0.0,True
2026-10-01T10:03:01+10:00,2285180,2459_438X,-33.845115661621094,151.12841796875,2.0,0.0,0,0.0,True
2026-10-01T10:03:01+10:00,2287394,2459_442,-33.85801315307617,151.18292236328125,294.0,0.0,-80,-1.33,False
2026-10-01T10:03:01+10:00,1963809,2459_412,-33.925201416015625,151.1295623779297,190.0,33.5,-387,-6.45,False
2026-10-01T10:03:01+10:00,2288141,2459_426,-33.88397979736328,151.20257568359375,250.0,0.7,-133,-2.22,False
2026-10-01T10:03:01+10:00,2039010,2459_470,-33.87742614746094,151.2093963623047,9.0,0.0,-235,-3.92,False
2026-10-01T10:03:01+10:00,2283015,2459_348,-33.90645980834961,151.20303344726562,6.0,32.4,91,1.52,True
2026-10-01T10:03:01+10:00,2660391,2459_320,-33.89981460571289,151.21092224121094,216.0,35.6,-6,-0.1,True
2026-10-01T10:03:01+10:00,1960359,2459_412,-33.89097213745117,151.17901611328125,66.0,0.0,225,3.75,True
2026-10-01T10:03:01+10:00,2208852,2459_440,-33.88224792480469,151.21995544433594,324.0,0.0,-136,-2.27,False
2026-10-01T10:03:01+10:00,2290554,2459_303,-33.92115020751953,151.23788452148438,280.0,0.0,0,0.0,True
2026-10-01T10:03:01+10:00,1932426,2459_412,-33.894676208496094,151.1529083251953,77.0,0.4,86,1.43,True
2026-10-01T10:03:01+10:00,2290008,2459_433,-33.86402130126953,151.17030334472656,311.0,5.4,2,0.03,True
2026-10-01T10:03:01+10:00,1962546,2459_413,-33.88499069213867,151.18466186523438,78.0,27.7,108,1.8,True
2026-10-01T10:03:01+10:00,2553940,2459_358,-33.916873931884766,151.16688537597656,318.0,25.2,1,0.02,True
2026-10-01T10:03:01+10:00,2349396,2459_418,-33.90361404418945,151.14279174804688,138.0,18.7,188,3.13,True
2026-10-01T10:03:01+10:00,2288117,2459_426,-33.87771987915039,151.20936584472656,7.0,0.0,-18,-0.3,True
2026-10-01T10:03:01+10:00,2685913,2459_423,-33.904964447021484,151.16783142089844,204.0,28.1,115,1.92,True
2026-10-01T10:03:01+10:00,2309026,2459_445,-33.85771942138672,151.18174743652344,102.0,24.8,-429,-7.15,False
2026-10-01T10:03:01+10:00,2636069,2459_504,-33.85176086425781,151.1324920654297,281.0,37.4,8,0.13,True
2026-10-01T10:03:01+10:00,2287315,2459_422,-33.88682174682617,151.17991638183594,320.0,18.0,-306,-5.1,False
2026-10-01T10:03:01+10:00,1940065,2459_412,-33.880130767822266,151.20729064941406,283.0,0.0,9,0.15,True
2026-10-01T10:03:01+10:00,2038198,2459_440,-33.883155822753906,151.2036895751953,46.0,0.0,-184,-3.07,False
2026-10-01T10:03:01+10:00,2609073,2459_430,-33.891258239746094,151.1885223388672,219.0,32.4,52,0.87,True
2026-10-01T10:03:01+10:00,2287057,2459_438X,-33.8841438293457,151.1441192626953,88.0,0.0,419,6.98,False
2026-10-01T10:03:01+10:00,2036786,2459_440,-33.88412857055664,151.22308349609375,116.0,33.8,180,3.0,True
2026-10-01T10:03:01+10:00,2283504,2459_423,-33.91082000732422,151.15618896484375,42.0,0.0,-43,-0.72,True
2026-10-01T10:03:01+10:00,2596157,2459_491,-33.91374588012695,151.11550903320312,227.0,10.4,368,6.13,False
2026-10-01T10:03:01+10:00,2039011,2459_470,-33.8824462890625,151.18212890625,57.0,7.6,168,2.8,True
2026-10-01T10:03:01+10:00,2288213,2459_438X,-33.869140625,151.1295928955078,191.0,0.0,248,4.13,True
2026-10-01T10:03:01+10:00,2208421,2459_464,-33.89434051513672,151.11273193359375,254.0,38.5,56,0.93,True
2026-10-01T10:03:01+10:00,2475335,2459_389,-33.88193130493164,151.22967529296875,98.0,22.3,126,2.1,True
2026-10-01T10:03:01+10:00,2289012,2459_303,-33.91981506347656,151.22897338867188,97.0,31.7,-122,-2.03,False
2026-10-01T10:03:01+10:00,2515103,2459_410,-33.882991790771484,151.1025848388672,190.0,23.0,324,5.4,False
2026-10-01T10:03:01+10:00,2286098,2459_426,-33.90345764160156,151.16871643066406,203.0,23.0,-15,-0.25,True
2026-10-01T10:03:01+10:00,2554112,2459_358,-33.92061233520508,151.19093322753906,99.0,28.1,70,1.17,True
2026-10-01T10:03:01+10:00,2736565,2459_445,-33.893619537353516,151.15760803222656,197.0,31.7,47,0.78,True
2026-10-01T10:03:01+10:00,2209585,2459_473,-33.93526077270508,151.14736938476562,134.0,2.9,182,3.03,True
2026-10-01T10:03:01+10:00,2618577,2459_422,-33.885101318359375,151.184814453125,257.0,0.0,-152,-2.53,False
2026-10-01T10:03:01+10:00,2289990,2459_442,-33.85757064819336,151.19189453125,79.0,13.3,-1,-0.02,True
2026-10-01T10:03:01+10:00,2288749,2459_389,-33.89032745361328,151.24244689941406,291.0,0.0,-36,-0.6,True
2026-10-01T10:03:01+10:00,2636239,2459_504,-33.8680534362793,151.18150329589844,108.0,39.2,-173,-2.88,False
2026-10-01T10:03:01+10:00,2636209,2459_415,-33.84782791137695,151.14129638671875,33.0,0.0,0,0.0,True
2026-10-01T10:03:01+10:00,2484375,2459_483,-33.8803596496582,151.20681762695312,13.0,16.9,55,0.92,True
2026-10-01T10:03:01+10:00,2349380,2459_418,-33.88834762573242,151.11647033691406,106.0,0.0,144,2.4,True
2026-10-01T10:03:01+10:00,2288901,2459_431,-33.87950897216797,151.18679809570312,143.0,0.0,-5,-0.08,True
2026-10-01T10:03:01+10:00,2289386,2459_437,-33.86785125732422,151.18118286132812,108.0,33.1,268,4.47,True
2026-10-01T10:03:01+10:00,2284080,2459_431,-33.87540817260742,151.2096405029297,12.0,0.0,133,2.22,True
2026-10-01T10:03:01+10:00,2287169,2459_433,-33.884220123291016,151.20120239257812,88.0,8.6,-170,-2.83,False
2026-10-01T10:03:01+10:00,2289903,2459_423,-33.926185607910156,151.1312255859375,65.0,38.5,66,1.1,True
2026-10-01T10:03:01+10:00,2554058,2459_358,-33.91667175292969,151.2393798828125,190.0,9.0,46,0.77,True
2026-10-01T10:03:01+10:00,2736608,2459_428,-33.90401077270508,151.16835021972656,205.0,0.0,-107,-1.78,False
2026-10-01T10:03:01+10:00,2736796,2459_428,-33.86693572998047,151.210693359375,184.0,0.0,0,0.0,True
2026-10-01T10:03:01+10:00,2284832,2459_461X,-33.884361267089844,151.19662475585938,267.0,40.3,10,0.17,True
2026-10-01T10:03:01+10:00,2308850,2459_445,-33.9128532409668,151.1180877685547,45.0,25.9,62,1.03,True
2026-10-01T10:03:01+10:00,2284954,2459_441,-33.85029220581055,151.18321228027344,48.0,0.0,0,0.0,True
2026-10-01T10:03:01+10:00,2474919,2459_389,-33.87080001831055,151.20382690429688,173.0,0.0,-45,-0.75,True
2026-10-01T10:03:01+10:00,2039012,2459_470,-33.864013671875,151.17010498046875,312.0,0.0,176,2.93,True
2026-10-01T10:03:01+10:00,2620055,2459_530,-33.8151741027832,151.15232849121094,245.0,0.0,210,3.5,True
2026-10-01T10:03:01+10:00,2608961,2459_430,-33.909942626953125,151.1619415283203,34.0,4.3,24,0.4,True
2026-10-01T10:03:01+10:00,2596176,2459_492,-33.85738754272461,151.14495849609375,48.0,23.4,-369,-6.15,False
2026-10-01T10:03:01+10:00,1963810,2459_412,-33.88495635986328,151.18495178222656,248.0,9.0,207,3.45,True
2026-10-01T10:03:01+10:00,2285015,2459_470,-33.87051773071289,151.21026611328125,184.0,0.0,69,1.15,True
2026-10-01T10:03:01+10:00,2287662,2459_438X,-33.88246154785156,151.20748901367188,305.0,29.2,40,0.67,True
2026-10-01T10:03:01+10:00,2286671,2459_437,-33.87975311279297,151.13926696777344,32.0,28.4,259,4.32,True
2026-10-01T10:03:01+10:00,2685981,2459_423,-33.883968353271484,151.2024383544922,250.0,1.1,466,7.77,False
2026-10-01T10:03:01+10:00,2609003,2459_430,-33.88295364379883,151.20391845703125,47.0,0.0,-156,-2.6,False
2026-10-01T10:03:01+10:00,2284344,2459_423,-33.89289474487305,151.1848907470703,74.0,0.0,47,0.78,True
2026-10-01T10:03:01+10:00,2288034,2459_431,-33.87815475463867,151.2093048095703,186.0,0.0,46,0.77,True
2026-10-01T10:03:01+10:00,2554190,2459_358,-33.916263580322266,151.1752166748047,323.0,58.3,-99,-1.65,False
2026-10-01T10:03:01+10:00,2288313,2459_422,-33.91530227661133,151.17495727539062,63.0,28.1,-194,-3.23,False
2026-10-01T10:03:01+10:00,2289406,2459_418,-33.877784729003906,151.10350036621094,8.0,0.0,281,4.68,True
2026-10-01T10:03:01+10:00,2290526,2459_426,-33.90349578857422,151.1426544189453,133.0,0.0,0,0.0,True
2026-10-01T10:03:01+10:00,2554374,2459_358,-33.92528533935547,151.23635864257812,279.0,45.0,61,1.02,True
2026-10-01T10:03:01+10:00,2596262,2459_492,-33.8512077331543,151.154296875,53.0,0.0,0,0.0,True
2026-10-01T10:03:01+10:00,2038197,2459_440,-33.88261413574219,151.20777893066406,124.0,33.1,270,4.5,True
2026-10-01T10:03:01+10:00,2208394,2459_440,-33.891483306884766,151.2474822998047,186.0,0.0,-59,-0.98,True
2026-10-01T10:03:01+10:00,2686027,2459_423,-33.86564254760742,151.2090606689453,226.0,6.5,0,0.0,True
2026-10-01T10:03:01+10:00,2290976,2459_461X,-33.873321533203125,151.20999145507812,53.0,16.9,222,3.7,True
2026-10-01T10:03:01+10:00,1961372,2459_412,-33.9166145324707,151.1318817138672,60.0,40.0,75,1.25,True
2026-10-01T10:03:01+10:00,2037358,2459_469,-33.88121032714844,151.16983032226562,293.0,29.5,-117,-1.95,False
2026-10-01T10:03:01+10:00,2287938,2459_348,-33.92179870605469,151.16432189941406,226.0,46.8,-428,-7.13,False
2026-10-01T10:03:01+10:00,2685961,2459_423,-33.88856506347656,151.19186401367188,239.0,23.4,-115,-1.92,False
2026-10-01T10:03:01+10:00,2285885,2459_428,-33.908565521240234,151.12451171875,51.0,43.6,47,0.78,True
2026-10-01T10:03:01+10:00,2686016,2459_423,-33.896671295166016,151.1796112060547,231.0,15.1,-59,-0.98,True
2026-10-01T10:03:01+10:00,2284266,2459_426,-33.90427017211914,151.16824340820312,21.0,6.5,479,7.98,False
2026-10-01T10:03:01+10:00,2554250,2459_358,-33.92494583129883,151.22750854492188,86.0,4.3,52,0.87,True
2026-10-01T10:03:01+10:00,2037314,2459_470,-33.8752555847168,151.20965576171875,12.0,0.0,76,1.27,True
2026-10-01T10:03:01+10:00,2286843,2459_423,-33.89910888671875,151.1712646484375,63.0,0.0,-76,-1.27,False
2026-10-01T10:03:01+10:00,2285003,2459_442,-33.87282943725586,151.20480346679688,260.0,15.5,6,0.1,True
2026-10-01T10:03:01+10:00,2636236,2459_504,-33.87088394165039,151.21420288085938,310.0,0.0,0,0.0,True
2026-10-01T10:03:01+10:00,2685964,2459_423,-33.878116607666016,151.2092742919922,185.0,0.0,100,1.67,True
2026-10-01T10:03:01+10:00,2554307,2459_358,-33.92280960083008,151.20599365234375,282.0,38.2,174,2.9,True
2026-10-01T10:03:01+10:00,2635925,2459_504,-33.87282943725586,151.20474243164062,77.0,0.0,316,5.27,False
2026-10-01T10:03:01+10:00,2686008,2459_423,-33.910987854003906,151.1571807861328,299.0,29.9,-109,-1.82,False
2026-10-01T10:03:01+10:00,2308687,2459_487,-33.9124641418457,151.11854553222656,53.0,0.0,-54,-0.9,True
2026-10-01T10:03:01+10:00,2285686,2459_461X,-33.88666534423828,151.17681884765625,75.0,42.8,61,1.02,True
2026-10-01T10:03:01+10:00,2038634,2459_440,-33.88628387451172,151.1790771484375,254.0,28.8,-72,-1.2,False
2026-10-01T10:03:01+10:00,2284428,2459_428,-33.89139175415039,151.18829345703125,42.0,26.3,77,1.28,True
2026-10-01T10:03:01+10:00,2636214,2459_504,-33.861202239990234,151.1645965576172,310.0,39.6,-1,-0.02,True
2026-10-01T10:03:01+10:00,2596381,2459_490,-33.873992919921875,151.10435485839844,197.0,19.4,296,4.93,True
2026-10-01T10:03:01+10:00,2288577,2459_470,-33.86827087402344,151.2105255126953,4.0,0.0,88,1.47,True
2026-10-01T10:03:01+10:00,2596243,2459_490,-33.88184356689453,151.10621643066406,341.0,24.1,612,10.2,False
2026-10-01T10:03:01+10:00,2286425,2459_348,-33.91374588012695,151.2053680419922,10.0,0.0,1,0.02,True
2026-10-01T10:03:01+10:00,2290240,2459_438X,-33.873329162597656,151.2104949951172,12.0,6.5,-177,-2.95,False
2026-10-01T10:03:01+10:00,2286081,2459_418,-33.89900588989258,151.12728881835938,5.0,25.2,65,1.08,True
2026-10-01T10:03:01+10:00,2209505,2459_440,-33.88753128051758,151.17111206054688,267.0,1.1,89,1.48,True
2026-10-01T10:03:01+10:00,2581575,2507_269,-33.849430084228516,151.21182250976562,355.0,20.2,207,3.45,True
2026-10-01T10:03:01+10:00,2644315,2507_120,-33.795936584472656,151.18429565429688,70.0,0.0,995,16.58,False
2026-10-01T10:03:01+10:00,2644289,2507_501,-33.87639236450195,151.19776916503906,154.0,24.5,-246,-4.1,False
2026-10-01T10:03:01+10:00,2555566,2507_538,-33.82257080078125,151.14486694335938,346.0,42.1,124,2.07,True
2026-10-01T10:03:01+10:00,2654569,2507_52,-33.83638381958008,151.12893676757812,116.0,43.9,356,5.93,False
2026-10-01T10:03:01+10:00,2672291,2507_267,-33.796287536621094,151.18548583984375,341.0,22.3,-47,-0.78,True
2026-10-01T10:03:01+10:00,2406909,2507_252,-33.82054138183594,151.15000915527344,17.0,35.3,64,1.07,True
2026-10-01T10:03:01+10:00,2644405,2507_120,-33.87118911743164,151.20555114746094,355.0,0.0,376,6.27,False
2026-10-01T10:03:01+10:00,2644470,2507_52,-33.86147689819336,151.16506958007812,302.0,53.3,188,3.13,True
2026-10-01T10:03:01+10:00,2228449,2507_292,-33.80482482910156,151.15740966796875,280.0,28.8,76,1.27,True
2026-10-01T10:03:01+10:00,2643016,2507_52,-33.87238311767578,151.21275329589844,187.0,0.7,0,0.0,True
2026-10-01T10:03:01+10:00,2634577,2507_254,-33.84873580932617,151.20614624023438,234.0,8.3,-3,-0.05,True
2026-10-01T10:03:01+10:00,2228110,2507_275,-33.796165466308594,151.1814422607422,3.0,0.0,1076,17.93,False
2026-10-01T10:03:01+10:00,2644390,2507_52,-33.872886657714844,151.2045135498047,245.0,0.0,29,0.48,True
2026-10-01T10:03:01+10:00,2538332,2507_506,-33.850852966308594,151.1544647216797,148.0,1.1,11,0.18,True
2026-10-01T10:03:01+10:00,2644516,2507_254,-33.825740814208984,151.19911193847656,141.0,0.0,-238,-3.97,False
2026-10-01T10:03:01+10:00,2731322,2507_291,-33.83687973022461,151.20697021484375,101.0,0.0,-158,-2.63,False
2026-10-01T10:03:01+10:00,2643142,2507_202,-33.84147262573242,151.21102905273438,174.0,53.3,-26,-0.43,True
2026-10-01T10:03:01+10:00,2682108,2507_202,-33.863651275634766,151.208740234375,264.0,27.7,0,0.0,True
2026-10-01T10:03:01+10:00,2644649,2507_501,-33.871822357177734,151.19325256347656,148.0,19.8,235,3.92,True
2026-10-01T10:03:01+10:00,2537960,2507_506,-33.85892105102539,151.16229248046875,138.0,58.0,813,13.55,False
2026-10-01T10:03:01+10:00,2672290,2507_115,-33.795040130615234,151.1873016357422,250.0,4.3,-370,-6.17,False
2026-10-01T10:03:01+10:00,2644468,2507_207,-33.832618713378906,151.20806884765625,10.0,36.0,64,1.07,True
2026-10-01T10:03:01+10:00,2672340,2507_115,-33.79603576660156,151.1841583251953,71.0,0.0,97,1.62,True
2026-10-01T10:03:01+10:00,2643721,2507_501,-33.839752197265625,151.13833618164062,76.0,37.8,310,5.17,False
2026-10-01T10:03:01+10:00,2738498,2507_533,-33.80488967895508,151.15814208984375,277.0,15.5,129,2.15,True
2026-10-01T10:03:01+10:00,2642924,2507_52,-33.87343215942383,151.21075439453125,279.0,0.0,0,0.0,True
2026-10-01T10:03:01+10:00,2672331,2507_115,-33.82489013671875,151.20086669921875,359.0,0.0,203,3.38,True
2026-10-01T10:03:01+10:00,2621575,2507_252,-33.812904357910156,151.1698455810547,305.0,27.4,-250,-4.17,False
2026-10-01T10:03:01+10:00,2643677,2507_207,-33.8226432800293,151.21038818359375,188.0,0.0,-350,-5.83,False
2026-10-01T10:03:01+10:00,2258510,2507_516,-33.796878814697266,151.1687774658203,86.0,26.6,-368,-6.13,False
2026-10-01T10:03:01+10:00,2645052,2507_501,-33.883766174316406,151.2028350830078,242.0,0.4,47,0.78,True
2026-10-01T10:03:01+10:00,2621546,2507_288,-33.813560485839844,151.19920349121094,136.0,71.3,381,6.35,False
2026-10-01T10:03:01+10:00,2654470,2507_52,-33.85630798339844,151.15956115722656,142.0,39.2,472,7.87,False
2026-10-01T10:03:01+10:00,2230291,2507_288,-33.8660774230957,151.2033233642578,174.0,0.0,1,0.02,True
2026-10-01T10:03:01+10:00,2672390,2507_115,-33.79623794555664,151.1828155517578,258.0,2.5,-43,-0.72,True
2026-10-01T10:03:01+10:00,2644924,2507_52,-33.824954986572266,151.12559509277344,325.0,43.6,89,1.48,True
2026-10-01T10:03:01+10:00,2643724,2507_202,-33.807350158691406,151.2303924560547,185.0,0.0,0,0.0,True
2026-10-01T10:03:01+10:00,2227506,2507_292,-33.867820739746094,151.20350646972656,175.0,22.0,125,2.08,True
2026-10-01T10:03:01+10:00,2672329,2507_115,-33.83054733276367,151.2028045654297,146.0,26.6,56,0.93,True
2026-10-01T10:03:01+10:00,2228101,2507_288,-33.813819885253906,151.184326171875,286.0,67.0,-65,-1.08,False
2026-10-01T10:03:01+10:00,2644413,2507_120,-33.87142562866211,151.20639038085938,166.0,0.0,-137,-2.28,False
2026-10-01T10:03:01+10:00,2322392,2507_506,-33.87080001831055,151.2141571044922,307.0,15.8,0,0.0,True
2026-10-01T10:03:01+10:00,2643302,2507_501,-33.88069152832031,151.20033264160156,155.0,0.0,380,6.33,False
2026-10-01T10:03:01+10:00,2643124,2507_120,-33.79514694213867,151.1824493408203,344.0,11.2,-250,-4.17,False
2026-10-01T10:03:01+10:00,2322379,2507_506,-33.81867218017578,151.12640380859375,297.0,0.0,-100,-1.67,False
2026-10-01T10:03:01+10:00,2644079,2507_501,-33.83631134033203,151.12887573242188,295.0,40.7,188,3.13,True
2026-10-01T10:03:01+10:00,2634547,2507_261,-33.8274040222168,151.1907501220703,100.0,42.1,1,0.02,True
2026-10-01T10:03:01+10:00,2672469,2507_115,-33.8036994934082,151.19956970214844,170.0,22.3,124,2.07,True
2026-10-01T10:03:01+10:00,2643647,2507_120,-33.792503356933594,151.1951141357422,245.0,0.0,-342,-5.7,False
2026-10-01T10:03:01+10:00,2225769,2507_292,-33.811649322509766,151.16783142089844,108.0,35.3,-99,-1.65,False
2026-10-01T10:03:01+10:00,2672412,2507_115,-33.84048080444336,151.20819091796875,145.0,0.0,182,3.03,True
2026-10-01T10:03:01+10:00,2672265,2507_267,-33.82392883300781,151.1923828125,63.0,38.2,-38,-0.63,True
2026-10-01T10:03:01+10:00,2438420,7084_SW2,-33.90726852416992,151.1262969970703,216.0,49.0,-344,-5.73,False
2026-10-01T10:03:01+10:00,2613536,7084_SW2,-33.919898986816406,151.16860961914062,226.0,0.0,-2414,-40.23,False
2026-10-01T10:03:01+10:00,2613513,7084_SW2,-33.90574645996094,151.12757873535156,37.0,34.6,35,0.58,True
2026-10-01T10:03:01+10:00,2613614,7084_SW2,-33.901241302490234,151.1531219482422,96.0,0.0,-20,-0.33,True
2026-10-01T10:03:01+10:00,2438313,7084_SW2,-33.91468811035156,151.16505432128906,215.0,0.4,-307,-5.12,False
2026-10-01T10:03:01+10:00,2632227,2510_301,-33.94463348388672,151.2263641357422,193.0,0.0,0,0.0,True
2026-10-01T15:43:41+10:00,2431186,2509_396,-33.87867736816406,151.21449279785156,312.0,0.0,340,5.67,False
2026-10-01T15:43:41+10:00,2376015,2508_B1,-33.82437515258789,151.2386016845703,272.0,1.8,493,8.22,False
2026-10-01T15:43:41+10:00,2371513,7083_SW3,-33.9052734375,151.13729858398438,64.0,41.0,-319,-5.32,False
2026-10-01T15:43:41+10:00,2533109,2509_380,-33.871971130371094,151.28094482421875,189.0,33.1,389,6.48,False
2026-10-01T15:43:41+10:00,2532257,2509_352,-33.88328552246094,151.2144317626953,185.0,1.4,490,8.17,False
2026-10-01T15:43:41+10:00,2356925,2509_343,-33.87981033325195,151.20909118652344,186.0,0.0,242,4.03,True
2026-10-01T15:43:41+10:00,2531265,2509_355,-33.891693115234375,151.24703979492188,285.0,1.1,-24,-0.4,True
2026-10-01T15:43:41+10:00,2352560,2509_356,-33.92324447631836,151.24407958984375,152.0,5.4,-265,-4.42,False
2026-10-01T15:43:41+10:00,2565109,2509_379,-33.88937759399414,151.25901794433594,260.0,0.0,26,0.43,True
2026-10-01T15:43:41+10:00,2720868,2514_271,-33.87257766723633,151.2064971923828,173.0,0.0,0,0.0,True
2026-10-01T15:43:41+10:00,2590157,2508_280,-33.79750061035156,151.18077087402344,196.0,7.2,515,8.58,False
2026-10-01T15:43:41+10:00,2383240,2508_100,-33.87141036987305,151.2063751220703,174.0,0.0,321,5.35,False
2026-10-01T15:43:41+10:00,2675002,2509_309,-33.8927116394043,151.20042419433594,202.0,0.0,35,0.58,True
2026-10-01T15:43:41+10:00,2428462,2508_B1,-33.866519927978516,151.2062225341797,7.0,0.0,70,1.17,True
2026-10-01T15:43:41+10:00,2431444,2509_396,-33.88682556152344,151.21905517578125,338.0,29.9,14,0.23,True
2026-10-01T15:43:41+10:00,2400421,2509_309,-33.93079376220703,151.19432067871094,9.0,0.0,16,0.27,True
2026-10-01T15:43:41+10:00,2645884,2509_392X,-33.877281188964844,151.2128143310547,134.0,38.9,19,0.32,True
2026-10-01T15:43:41+10:00,2356779,2509_343,-33.910858154296875,151.20619201660156,346.0,0.0,-2,-0.03,True
2026-10-01T15:43:41+10:00,2565093,2509_379,-33.8935546875,151.24952697753906,189.0,1.8,-51,-0.85,True
2026-10-01T15:43:41+10:00,2431149,2509_396,-33.94247817993164,151.250244140625,62.0,49.3,110,1.83,True
2026-10-01T15:43:41+10:00,2570094,7083_SW1,-33.912418365478516,151.1185302734375,51.0,0.0,-146,-2.43,False
2026-10-01T15:43:41+10:00,2533612,2509_324,-33.87063980102539,151.2517547607422,200.0,18.4,31,0.52,True
2026-10-01T15:43:41+10:00,2564716,2509_350,-33.919315338134766,151.25704956054688,10.0,0.0,677,11.28,False
2026-10-01T15:43:41+10:00,2377149,2508_172X,-33.82444763183594,151.23753356933594,270.0,25.6,331,5.52,False
2026-10-01T15:43:41+10:00,2580059,2508_165X,-33.8575325012207,151.2074737548828,27.0,59.4,450,7.5,False
2026-10-01T15:43:41+10:00,2564733,2509_379,-33.89078903198242,151.24766540527344,264.0,13.3,114,1.9,True
2026-10-01T15:43:41+10:00,2567064,2508_263,-33.86355972290039,151.20980834960938,264.0,0.0,2,0.03,True
2026-10-01T15:43:41+10:00,2357228,2509_343,-33.8983039855957,151.20639038085938,186.0,1.8,278,4.63,True
2026-10-01T15:43:41+10:00,2531753,2509_333,-33.866275787353516,151.21078491210938,223.0,0.0,134,2.23,True
2026-10-01T15:43:41+10:00,2431255,2509_396,-33.86273193359375,151.21115112304688,5.0,0.0,331,5.52,False
2026-10-01T15:43:41+10:00,2335850,2509_309,-33.89421081542969,151.19842529296875,21.0,0.0,-505,-8.42,False
2026-10-01T15:43:41+10:00,2440920,2508_150X,-33.84366226196289,151.21046447753906,64.0,9.0,-91,-1.52,False
2026-10-01T15:43:41+10:00,2533280,2509_324,-33.876861572265625,151.23199462890625,277.0,0.0,-2,-0.03,True
2026-10-01T15:43:41+10:00,2335436,2509_309,-33.95526885986328,151.20513916015625,330.0,0.0,238,3.97,True
2026-10-01T15:43:41+10:00,2139937,2509_375,-33.94587707519531,151.2266082763672,85.0,0.0,114,1.9,True
2026-10-01T15:43:41+10:00,2357716,2509_374,-33.913482666015625,151.24484252929688,77.0,25.2,-207,-3.45,False
2026-10-01T15:43:41+10:00,2564920,2509_333,-33.8896484375,151.2335205078125,294.0,0.0,103,1.72,True
2026-10-01T15:43:41+10:00,2534152,2509_313,-33.892234802246094,151.24978637695312,9.0,0.0,-189,-3.15,False
2026-10-01T15:43:41+10:00,2396579,2509_392,-33.95000457763672,151.23135375976562,352.0,39.2,170,2.83,True
2026-10-01T15:43:41+10:00,2431164,2509_396,-33.9139404296875,151.2251434326172,352.0,17.6,60,1.0,True
2026-10-01T15:43:41+10:00,2533652,2509_352,-33.89035415649414,151.23167419433594,211.0,19.8,6,0.1,True
2026-10-01T15:43:41+10:00,2564525,2509_379,-33.90458297729492,151.2670440673828,115.0,0.0,0,0.0,True
2026-10-01T15:43:41+10:00,2564907,2509_379,-33.90446472167969,151.26666259765625,52.0,7.2,0,0.0,True
2026-10-01T15:43:41+10:00,2582144,2509_392,-33.90399932861328,151.21446228027344,281.0,15.5,-23,-0.38,True
2026-10-01T15:43:41+10:00,2533080,2509_352,-33.89432144165039,151.1825714111328,219.0,33.1,580,9.67,False
2026-10-01T15:43:41+10:00,2435395,2509_390X,-33.89112091064453,151.24864196777344,276.0,0.0,0,0.0,True
2026-10-01T15:43:41+10:00,2139040,2509_306,-33.93089294433594,151.20303344726562,279.0,28.1,101,1.68,True
2026-10-01T15:43:41+10:00,2705768,2504_622,-33.84078598022461,151.20648193359375,301.0,15.8,29,0.48,True
2026-10-01T15:43:41+10:00,2531515,2509_360,-33.89763641357422,151.26263427734375,96.0,9.4,-147,-2.45,False
2026-10-01T15:43:41+10:00,2564634,2509_350,-33.916847229003906,151.25772094726562,189.0,30.6,212,3.53,True
2026-10-01T15:43:41+10:00,2355777,2509_390X,-33.909305572509766,151.23959350585938,7.0,0.7,36,0.6,True
2026-10-01T15:43:41+10:00,2440935,2508_150X,-33.82403564453125,151.2415313720703,51.0,0.0,38,0.63,True
2026-10-01T15:43:41+10:00,2374773,2508_173X,-33.847801208496094,151.21258544921875,356.0,49.3,84,1.4,True
2026-10-01T15:43:41+10:00,2564965,2509_333,-33.891578674316406,151.24746704101562,188.0,0.0,156,2.6,True
2026-10-01T15:43:41+10:00,2357641,2509_373,-33.87689971923828,151.21218872070312,291.0,29.5,292,4.87,True
2026-10-01T15:43:41+10:00,2373951,2508_100,-33.87051010131836,151.2062225341797,175.0,0.0,-29,-0.48,True
2026-10-01T15:43:41+10:00,2300990,2509_399,-33.926025390625,151.2310791015625,129.0,0.0,2,0.03,True
2026-10-01T15:43:41+10:00,2564595,2509_350,-33.930625915527344,151.19451904296875,191.0,0.0,404,6.73,False
2026-10-01T15:43:41+10:00,2424441,2508_230,-33.829750061035156,151.21849060058594,116.0,6.5,170,2.83,True
2026-10-01T15:43:41+10:00,2454765,2508_225,-33.84092712402344,151.2191619873047,86.0,3.2,-15,-0.25,True
2026-10-01T15:43:41+10:00,2431556,2509_396,-33.924415588378906,151.22808837890625,130.0,0.0,319,5.32,False
2026-10-01T15:43:41+10:00,2352540,2509_307,-33.93197250366211,151.19419860839844,189.0,0.0,449,7.48,False
2026-10-01T15:43:41+10:00,2704900,2504_610X,-33.8087272644043,151.15750122070312,297.0,86.0,-49,-0.82,True
2026-10-01T15:43:41+10:00,2531405,2509_333,-33.88970184326172,151.24147033691406,80.0,14.8,113,1.88,True
2026-10-01T15:43:41+10:00,2470763,2509_356,-33.89402770996094,151.2469482421875,9.0,18.0,-571,-9.52,False
2026-10-01T15:43:41+10:00,2564684,2509_350,-33.91949462890625,151.257080078125,5.0,0.0,78,1.3,True
2026-10-01T15:43:41+10:00,2645903,2509_394X,-33.921810150146484,151.2267608642578,353.0,23.4,-17,-0.28,True
2026-10-01T15:43:41+10:00,2534532,2509_325,-33.875633239746094,151.2464599609375,199.0,9.4,234,3.9,True
2026-10-01T15:43:41+10:00,2565030,2509_350,-33.941200256347656,151.26058959960938,126.0,39.6,290,4.83,True
2026-10-01T15:43:41+10:00,2357026,2509_311,-33.870513916015625,151.2047882080078,353.0,0.0,-206,-3.43,False
2026-10-01T15:43:41+10:00,2565057,2509_379,-33.888004302978516,151.26214599609375,78.0,33.1,-76,-1.27,False
2026-10-01T15:43:41+10:00,2706453,2504_607X,-33.80769729614258,151.15577697753906,307.0,76.7,237,3.95,True
2026-10-01T15:43:41+10:00,2356380,2509_373X,-33.88271713256836,151.2109375,120.0,44.6,138,2.3,True
2026-10-01T15:43:41+10:00,2137772,2509_306,-33.92434310913086,151.1873016357422,89.0,23.4,-83,-1.38,False
2026-10-01T15:43:41+10:00,2719524,2514_277,-33.78371047973633,151.20431518554688,282.0,24.1,-24,-0.4,True
2026-10-01T15:43:41+10:00,2139742,2509_306,-33.89256286621094,151.19923400878906,25.0,0.0,0,0.0,True
2026-10-01T15:43:41+10:00,2428560,2508_B1,-33.82949447631836,151.2151641845703,74.0,37.4,99,1.65,True
2026-10-01T15:43:41+10:00,2564813,2509_333,-33.87685775756836,151.21163940429688,274.0,25.6,-12,-0.2,True
2026-10-01T15:43:41+10:00,2140554,2509_306,-33.91746520996094,151.20787048339844,193.0,33.1,211,3.52,True
2026-10-01T15:43:41+10:00,2335789,2509_309,-33.92168045043945,151.19627380371094,12.0,0.0,0,0.0,True
2026-10-01T15:43:41+10:00,2357427,2509_370,-33.90827941894531,151.20263671875,359.0,0.0,390,6.5,False
2026-10-01T15:43:41+10:00,2357005,2509_339,-33.883888244628906,151.2093505859375,294.0,0.0,-12,-0.2,True
2026-10-01T15:43:41+10:00,2565026,2509_350,-33.93647766113281,151.2576446533203,3.0,34.9,-103,-1.72,False
2026-10-01T15:43:41+10:00,2645887,2509_394X,-33.88739013671875,151.21920776367188,334.0,38.5,67,1.12,True
2026-10-01T15:43:41+10:00,2435281,2509_390X,-33.94367218017578,151.24014282226562,163.0,0.4,158,2.63,True
2026-10-01T15:43:41+10:00,2628606,2509_304,-33.86207962036133,151.21253967285156,11.0,0.0,0,0.0,True
2026-10-01T15:43:41+10:00,2570070,7083_SW1,-33.912654876708984,151.1660919189453,140.0,20.2,16,0.27,True
2026-10-01T15:43:41+10:00,2357189,2509_343,-33.925262451171875,151.21978759765625,280.0,50.0,-28,-0.47,True
2026-10-01T15:43:41+10:00,2357691,2509_373,-33.90748977661133,151.23318481445312,310.0,26.3,133,2.22,True
2026-10-01T15:43:41+10:00,2374155,2508_100,-33.827911376953125,151.2440643310547,182.0,0.4,-328,-5.47,False
2026-10-01T15:43:41+10:00,2392836,2508_114,-33.82770919799805,151.20169067382812,101.0,0.0,55,0.92,True
2026-10-01T15:43:41+10:00,2720414,2514_278,-33.796207427978516,151.1808624267578,183.0,0.4,0,0.0,True
2026-10-01T15:43:41+10:00,2704711,2504_607X,-33.87188720703125,151.20643615722656,176.0,0.0,0,0.0,True
2026-10-01T15:43:41+10:00,2720733,2514_283,-33.781192779541016,151.19607543945312,331.0,0.0,422,7.03,False
2026-10-01T15:43:41+10:00,2357501,2509_373X,-33.8621711730957,151.2120819091797,9.0,0.0,0,0.0,True
2026-10-01T15:43:41+10:00,2614231,2508_173X,-33.826988220214844,151.2318878173828,220.0,7.6,699,11.65,False
2026-10-01T15:43:41+10:00,2151997,2509_333,-33.891807556152344,151.2515411376953,66.0,0.0,796,13.27,False
2026-10-01T15:43:41+10:00,2565119,2509_350,-33.90193557739258,151.25450134277344,154.0,15.5,90,1.5,True
2026-10-01T15:43:41+10:00,2403142,2509_311,-33.876399993896484,151.22190856933594,192.0,20.5,-13,-0.22,True
2026-10-01T15:43:41+10:00,2675069,2509_309,-33.94466018676758,151.22628784179688,192.0,0.0,0,0.0,True
2026-10-01T15:43:41+10:00,2352615,2509_392,-33.9442253112793,151.2266387939453,257.0,16.9,-19,-0.32,True
2026-10-01T15:43:41+10:00,2564935,2509_333,-33.8919792175293,151.2505340576172,260.0,32.8,88,1.47,True
2026-10-01T15:43:41+10:00,2705865,2504_610X,-33.841365814208984,151.21092224121094,171.0,61.6,-201,-3.35,False
2026-10-01T15:43:41+10:00,2628622,2509_304,-33.90732192993164,151.2051239013672,295.0,0.0,-150,-2.5,False
2026-10-01T15:43:41+10:00,2564688,2509_333,-33.866458892822266,151.2107391357422,5.0,0.0,247,4.12,True
2026-10-01T15:43:41+10:00,2356036,2509_370,-33.915252685546875,151.229248046875,279.0,0.0,34,0.57,True
2026-10-01T15:43:41+10:00,2710404,2504_610X,-33.809600830078125,151.15878295898438,114.0,74.2,0,0.0,True
2026-10-01T15:43:41+10:00,2564943,2509_333,-33.889129638671875,151.27684020996094,258.0,0.0,19,0.32,True
2026-10-01T15:43:41+10:00,2356319,2509_373X,-33.91725540161133,151.24142456054688,150.0,25.9,68,1.13,True
2026-10-01T15:43:41+10:00,2534441,2509_352,-33.891624450683594,151.24681091308594,106.0,34.2,-92,-1.53,False
2026-10-01T15:43:41+10:00,2564860,2509_333,-33.8939094543457,151.2634735107422,280.0,23.0,-42,-0.7,True
2026-10-01T15:43:41+10:00,2719596,2514_283,-33.79630661010742,151.18133544921875,9.0,0.0,0,0.0,True
2026-10-01T15:43:41+10:00,2531330,2509_387,-33.84969711303711,151.28688049316406,191.0,28.1,0,0.0,True
2026-10-01T15:43:41+10:00,2573738,2509_370,-33.89635467529297,151.18043518066406,237.0,0.0,115,1.92,True
2026-10-01T15:43:41+10:00,2357115,2509_373X,-33.922515869140625,151.25650024414062,10.0,23.8,40,0.67,True
2026-10-01T15:43:41+10:00,2335635,2509_309,-33.95741271972656,151.22425842285156,226.0,0.0,52,0.87,True
2026-10-01T15:43:41+10:00,2564679,2509_350,-33.94239807128906,151.22738647460938,197.0,52.9,375,6.25,False
2026-10-01T15:43:41+10:00,2356514,2509_339,-33.90496063232422,151.23236083984375,27.0,17.6,346,5.77,False
2026-10-01T15:43:41+10:00,1973732,2508_162,-33.79868698120117,151.2733154296875,287.0,19.8,47,0.78,True
2026-10-01T15:43:41+10:00,2531094,2509_377X,-33.867462158203125,151.2099151611328,187.0,0.0,0,0.0,True
2026-10-01T15:43:41+10:00,2356222,2509_311,-33.88223648071289,151.20709228515625,113.0,13.3,0,0.0,True
2026-10-01T15:43:41+10:00,2533623,2509_324,-33.8697509765625,151.26959228515625,50.0,32.0,-89,-1.48,False
2026-10-01T15:43:41+10:00,2565174,2509_333,-33.88949966430664,151.2832489013672,213.0,0.0,0,0.0,True
2026-10-01T15:43:41+10:00,2357378,2509_373X,-33.86848449707031,151.2097930908203,186.0,0.0,0,0.0,True
2026-10-01T15:43:41+10:00,2355931,2509_373,-33.887943267822266,151.22003173828125,161.0,59.4,263,4.38,True
2026-10-01T15:43:41+10:00,2374521,2508_111,-33.84291458129883,151.23291015625,4.0,0.0,0,0.0,True
2026-10-01T15:43:41+10:00,2488439,2509_392,-33.89273452758789,151.19923400878906,23.0,0.0,0,0.0,True
2026-10-01T15:43:41+10:00,2428485,2508_B1,-33.865840911865234,151.2063751220703,6.0,0.0,0,0.0,True
2026-10-01T15:43:41+10:00,2533289,2509_380,-33.88884353637695,151.2772216796875,83.0,0.0,172,2.87,True
2026-10-01T15:43:41+10:00,2573724,2509_370,-33.88456726074219,151.19485473632812,178.0,13.0,-41,-0.68,True
2026-10-01T15:43:41+10:00,2708274,2504_607X,-33.81269454956055,151.1764373779297,92.0,49.0,-201,-3.35,False
2026-10-01T15:43:41+10:00,2531318,2509_324,-33.85654067993164,151.28309631347656,210.0,34.6,44,0.73,True
2026-10-01T15:43:41+10:00,2470791,2509_356,-33.93579864501953,151.24273681640625,9.0,29.9,40,0.67,True
2026-10-01T15:43:41+10:00,2719601,2514_281,-33.7861213684082,151.19972229003906,70.0,46.4,201,3.35,True
2026-10-01T15:43:41+10:00,2718574,2508_144,-33.814170837402344,151.17735290527344,311.0,0.0,1347,22.45,False
2026-10-01T15:43:41+10:00,2564700,2509_379,-33.8841552734375,151.27626037597656,6.0,0.0,227,3.78,True
2026-10-01T15:43:41+10:00,2357098,2509_373,-33.921974182128906,151.2503204345703,275.0,0.0,199,3.32,True
2026-10-01T15:43:41+10:00,2725850,7083_SW1,-33.90833282470703,151.1513214111328,110.0,40.7,3007,50.12,False
2026-10-01T15:43:41+10:00,2573705,2509_370,-33.90181350708008,151.19989013671875,74.0,0.0,-143,-2.38,False
2026-10-01T15:43:41+10:00,2533582,2509_325,-33.87245178222656,151.2064971923828,172.0,7.9,-80,-1.33,False
2026-10-01T15:43:41+10:00,2532763,2509_380,-33.85091018676758,151.28607177734375,28.0,46.8,222,3.7,True
2026-10-01T15:43:41+10:00,2714730,2508_114,-33.826934814453125,151.23199462890625,220.0,18.7,325,5.42,False
2026-10-01T15:43:41+10:00,2548721,2509_328,-33.87382507324219,151.236572265625,232.0,0.7,-35,-0.58,True
2026-10-01T15:43:41+10:00,2424412,2508_154X,-33.80452346801758,151.24610900878906,349.0,55.1,117,1.95,True
2026-10-01T15:43:41+10:00,2355833,2509_390X,-33.91508483886719,151.22555541992188,350.0,0.0,279,4.65,True
2026-10-01T15:43:41+10:00,2357614,2509_343,-33.90592956542969,151.20660400390625,320.0,19.8,465,7.75,False
2026-10-01T15:43:41+10:00,2488430,2509_392,-33.89677047729492,151.20465087890625,93.0,35.6,34,0.57,True
2026-10-01T15:43:41+10:00,2645897,2509_392X,-33.91612243652344,151.2256622314453,349.0,7.6,-54,-0.9,True
2026-10-01T15:43:41+10:00,2403203,2509_311,-33.87031936645508,151.20620727539062,175.0,21.6,434,7.23,False
2026-10-01T15:43:41+10:00,2357138,2509_343,-33.87240982055664,151.2100067138672,6.0,34.2,-87,-1.45,False
2026-10-01T15:43:41+10:00,2533532,2509_313,-33.91649627685547,151.2489471435547,189.0,0.0,-122,-2.03,False
2026-10-01T15:43:41+10:00,2421453,2508_229,-33.82954025268555,151.21365356445312,100.0,0.0,581,9.68,False
2026-10-01T15:43:41+10:00,2374454,2508_172X,-33.82908630371094,151.2281036376953,43.0,32.4,180,3.0,True
2026-10-01T15:43:41+10:00,2548686,2509_328,-33.89131164550781,151.24801635742188,99.0,0.0,0,0.0,True
2026-10-01T15:43:41+10:00,2356604,2509_339,-33.91183090209961,151.25624084472656,283.0,15.8,99,1.65,True
2026-10-01T15:43:41+10:00,2533773,2509_327,-33.882118225097656,151.25204467773438,98.0,6.1,233,3.88,True
2026-10-01T15:43:41+10:00,2532529,2509_352,-33.885292053222656,151.21401977539062,8.0,8.6,-82,-1.37,False
2026-10-01T15:43:41+10:00,2356097,2509_370,-33.91026306152344,151.2231903076172,6.0,0.0,456,7.6,False
2026-10-01T15:43:41+10:00,2706409,2504_612X,-33.815391540527344,151.20042419433594,154.0,74.9,0,0.0,True
2026-10-01T15:43:41+10:00,2356020,2509_311,-33.88157272338867,151.20614624023438,127.0,0.0,0,0.0,True
2026-10-01T15:43:41+10:00,2151554,2509_333,-33.8914909362793,151.24960327148438,113.0,9.0,21,0.35,True
2026-10-01T15:43:41+10:00,2628689,2509_304,-33.87118148803711,151.2101593017578,5.0,19.8,-192,-3.2,False
2026-10-01T15:43:41+10:00,2151779,2509_333,-33.89186096191406,151.25132751464844,72.0,0.0,186,3.1,True
2026-10-01T15:43:41+10:00,2564705,2509_333,-33.89322280883789,151.25906372070312,278.0,3.6,168,2.8,True
2026-10-01T15:43:41+10:00,1973455,2508_162,-33.79800033569336,151.25311279296875,279.0,27.7,55,0.92,True
2026-10-01T15:43:41+10:00,2356572,2509_373,-33.92304229736328,151.2450714111328,63.0,35.6,-232,-3.87,False
2026-10-01T15:43:41+10:00,2573748,2509_370,-33.91856002807617,151.255615234375,100.0,32.0,70,1.17,True
2026-10-01T15:43:41+10:00,2677284,2503_M90,-33.87474060058594,151.10755920410156,8.0,0.0,0,0.0,True
2026-10-01T15:43:41+10:00,2355814,2509_390X,-33.919437408447266,151.22438049316406,353.0,39.6,-120,-2.0,False
2026-10-01T15:43:41+10:00,2431481,2509_396,-33.939903259277344,151.2386016845703,348.0,40.3,104,1.73,True
2026-10-01T15:43:41+10:00,2352282,2509_307,-33.94416046142578,151.22689819335938,240.0,15.1,222,3.7,True
2026-10-01T15:43:41+10:00,2720421,2514_271,-33.847293853759766,151.21267700195312,166.0,61.6,-471,-7.85,False
2026-10-01T15:43:41+10:00,2356993,2509_343,-33.8660774230957,151.2110137939453,221.0,0.0,81,1.35,True
2026-10-01T15:43:41+10:00,2563855,2509_386,-33.88567352294922,151.26524353027344,304.0,32.0,-64,-1.07,False
2026-10-01T15:43:41+10:00,2564572,2509_333,-33.87118148803711,151.2101593017578,5.0,5.8,174,2.9,True
2026-10-01T15:43:41+10:00,2431271,2509_396,-33.86256408691406,151.21116638183594,5.0,0.0,0,0.0,True
2026-10-01T15:43:41+10:00,2708197,2504_612X,-33.813846588134766,151.1769561767578,311.0,41.0,78,1.3,True
2026-10-01T15:43:41+10:00,2431343,2509_396,-33.941429138183594,151.239501953125,168.0,0.0,1095,18.25,False
2026-10-01T15:43:41+10:00,2532220,2509_362,-33.91927719116211,151.25711059570312,10.0,0.0,0,0.0,True
2026-10-01T15:43:41+10:00,2564888,2509_333,-33.86165237426758,151.21189880371094,98.0,0.0,0,0.0,True
2026-10-01T15:43:41+10:00,2431416,2509_396,-33.91059494018555,151.22337341308594,188.0,31.7,44,0.73,True
2026-10-01T15:43:41+10:00,2383291,2508_100,-33.83072280883789,151.2257843017578,242.0,0.0,864,14.4,False
2026-10-01T15:43:41+10:00,2151642,2509_333,-33.891117095947266,151.25558471679688,70.0,0.0,402,6.7,False
2026-10-01T15:43:41+10:00,2564587,2509_333,-33.873390197753906,151.20989990234375,181.0,26.3,187,3.12,True
2026-10-01T15:43:41+10:00,2352605,2509_356,-33.90717697143555,151.24429321289062,175.0,0.0,-6,-0.1,True
2026-10-01T15:43:41+10:00,2705429,2504_615X,-33.80410385131836,151.14891052246094,301.0,78.1,84,1.4,True
2026-10-01T15:43:41+10:00,2140508,2509_306,-33.925514221191406,151.19544982910156,118.0,20.5,372,6.2,False
2026-10-01T15:43:41+10:00,2533837,2509_362,-33.879112243652344,151.2705078125,176.0,40.0,17,0.28,True
2026-10-01T15:43:41+10:00,2139243,2509_375,-33.94597244262695,151.22708129882812,313.0,0.0,-1047,-17.45,False
2026-10-01T15:43:41+10:00,2564702,2509_333,-33.88951873779297,151.2833251953125,215.0,0.0,0,0.0,True
2026-10-01T15:43:41+10:00,2564745,2509_379,-33.890445709228516,151.2720184326172,226.0,0.0,395,6.58,False
2026-10-01T15:43:41+10:00,2709345,2504_607X,-33.799560546875,151.14141845703125,117.0,76.7,0,0.0,True
2026-10-01T15:43:41+10:00,2645942,2509_394X,-33.948299407958984,151.2411346435547,169.0,37.8,-23,-0.38,True
2026-10-01T15:43:41+10:00,2674989,2509_309,-33.90531539916992,151.20260620117188,181.0,0.0,363,6.05,False
2026-10-01T15:43:41+10:00,2532791,2509_325,-33.87132263183594,151.25100708007812,35.0,4.3,-142,-2.37,False
2026-10-01T15:43:41+10:00,2565005,2509_333,-33.882137298583984,151.21987915039062,326.0,0.0,122,2.03,True
2026-10-01T15:43:41+10:00,2375482,2508_B1,-33.82443618774414,151.2391357421875,276.0,10.8,214,3.57,True
2026-10-01T15:43:41+10:00,2628681,2509_304,-33.89802932739258,151.21217346191406,31.0,0.0,622,10.37,False
2026-10-01T15:43:41+10:00,2355771,2509_390X,-33.900604248046875,151.2537384033203,338.0,0.0,-163,-2.72,False
2026-10-01T15:43:41+10:00,2435292,2509_390X,-33.90244674682617,151.2548370361328,163.0,8.3,178,2.97,True
2026-10-01T15:43:41+10:00,2356204,2509_370,-33.89802551269531,151.17848205566406,37.0,0.0,501,8.35,False
2026-10-01T15:43:41+10:00,2356561,2509_370,-33.891944885253906,151.187744140625,45.0,41.0,872,14.53,False
2026-10-01T15:43:41+10:00,2140588,2509_375,-33.93511962890625,151.25779724121094,4.0,0.0,340,5.67,False
2026-10-01T15:43:41+10:00,2421251,2508_230,-33.83027648925781,151.21885681152344,279.0,23.8,873,14.55,False
2026-10-01T15:43:41+10:00,2564645,2509_350,-33.92728805541992,151.19509887695312,9.0,41.0,511,8.52,False
2026-10-01T15:43:41+10:00,2531486,2509_324,-33.84327697753906,151.2839813232422,307.0,0.0,0,0.0,True
2026-10-01T15:43:41+10:00,2356079,2509_343,-33.913909912109375,151.2053680419922,195.0,1.4,348,5.8,False
2026-10-01T15:43:41+10:00,2352597,2509_307,-33.94387435913086,151.19924926757812,247.0,36.4,118,1.97,True
2026-10-01T15:43:41+10:00,2428535,2508_B1,-33.824363708496094,151.23519897460938,71.0,45.4,116,1.93,True
2026-10-01T15:43:41+10:00,2137936,2509_310,-33.882835388183594,151.20433044433594,27.0,22.3,39,0.65,True
2026-10-01T15:43:41+10:00,2575746,2509_374,-33.88629913330078,151.20677185058594,15.0,18.4,-158,-2.63,False
2026-10-01T15:43:41+10:00,2564931,2509_379,-33.88671112060547,151.27249145507812,38.0,36.0,-80,-1.33,False
2026-10-01T15:43:41+10:00,2374792,2508_B1,-33.83008575439453,151.22698974609375,241.0,9.7,741,12.35,False
2026-10-01T15:43:41+10:00,2357457,2509_339,-33.91436767578125,151.26644897460938,131.0,0.0,0,0.0,True
2026-10-01T15:43:41+10:00,2352568,2509_392,-33.89609909057617,151.20736694335938,99.0,0.0,526,8.77,False
2026-10-01T15:43:41+10:00,2532227,2509_324,-33.86838150024414,151.2706756591797,180.0,38.2,38,0.63,True
2026-10-01T15:43:41+10:00,2720984,2514_260,-33.83831787109375,151.2070770263672,25.0,5.0,-27,-0.45,True
2026-10-01T15:43:41+10:00,2531353,2509_324,-33.8559684753418,151.20701599121094,222.0,0.0,0,0.0,True
2026-10-01T15:43:41+10:00,2564727,2509_350,-33.94025802612305,151.22955322265625,279.0,37.4,-87,-1.45,False
2026-10-01T15:43:41+10:00,2575693,2509_374,-33.91286849975586,151.23992919921875,277.0,0.0,183,3.05,True
2026-10-01T15:43:41+10:00,2565178,2509_350,-33.92433166503906,151.18728637695312,33.0,13.0,151,2.52,True
2026-10-01T15:43:41+10:00,2389342,2508_173X,-33.800323486328125,151.24752807617188,250.0,50.0,124,2.07,True
2026-10-01T15:43:41+10:00,2628623,2509_304,-33.87963104248047,151.21092224121094,160.0,15.5,-30,-0.5,True
2026-10-01T15:43:41+10:00,2470753,2509_397,-33.94770812988281,151.25148010253906,18.0,11.9,-12,-0.2,True
2026-10-01T15:43:41+10:00,2095841,2508_160X,-33.78812789916992,151.18197631835938,340.0,0.0,78,1.3,True
2026-10-01T15:43:41+10:00,2564526,2509_355,-33.88987350463867,151.20603942871094,10.0,0.0,-73,-1.22,False
2026-10-01T15:43:41+10:00,2534250,2509_355,-33.90692138671875,151.16871643066406,307.0,18.7,103,1.72,True
2026-10-01T15:43:41+10:00,2421430,2508_230,-33.830020904541016,151.24415588378906,69.0,0.0,-119,-1.98,False
2026-10-01T15:43:41+10:00,2352616,2509_356,-33.93222427368164,151.25379943847656,147.0,7.2,-139,-2.32,False
2026-10-01T15:43:41+10:00,2374579,2508_172X,-33.785606384277344,151.2432098388672,300.0,35.6,88,1.47,True
2026-10-01T15:43:41+10:00,2725828,7083_SW1,-33.91643524169922,151.1426239013672,336.0,35.3,132,2.2,True
2026-10-01T15:43:41+10:00,2704500,2504_614X,-33.86964416503906,151.20504760742188,352.0,0.0,0,0.0,True
2026-10-01T15:43:41+10:00,2383249,2508_100,-33.82421875,151.2377471923828,93.0,0.4,447,7.45,False
2026-10-01T15:43:41+10:00,2376772,2508_172X,-33.78666305541992,151.25119018554688,131.0,5.0,-135,-2.25,False
2026-10-01T15:43:41+10:00,2357673,2509_373,-33.92341995239258,151.25636291503906,3.0,23.8,-99,-1.65,False
2026-10-01T15:43:41+10:00,2357426,2509_370,-33.91963577270508,151.257080078125,191.0,0.0,0,0.0,True
2026-10-01T15:43:41+10:00,2533624,2509_325,-33.86476516723633,151.2035675048828,338.0,37.8,-401,-6.68,False
2026-10-01T15:43:41+10:00,2400213,2509_309,-33.95482635498047,151.20494079589844,324.0,33.1,-60,-1.0,True
2026-10-01T15:43:41+10:00,2531138,2509_355,-33.89672088623047,151.1998748779297,272.0,38.2,476,7.93,False
2026-10-01T15:43:41+10:00,2674987,2509_309,-33.94144058227539,151.19508361816406,172.0,29.2,511,8.52,False
2026-10-01T15:43:41+10:00,2532655,2509_324,-33.861167907714844,151.20277404785156,348.0,33.1,128,2.13,True
2026-10-01T15:43:41+10:00,2532310,2509_327,-33.881507873535156,151.24920654296875,261.0,17.3,339,5.65,False
2026-10-01T15:43:41+10:00,2435710,2509_390X,-33.891395568847656,151.2488250732422,97.0,11.9,35,0.58,True
2026-10-01T15:43:41+10:00,2720017,2514_194,-33.811641693115234,151.21058654785156,11.0,2.5,15,0.25,True
2026-10-01T15:43:41+10:00,2573756,2509_370,-33.90724563598633,151.20294189453125,185.0,0.0,200,3.33,True
2026-10-01T15:43:41+10:00,2564858,2509_333,-33.88977813720703,151.23390197753906,295.0,23.8,-76,-1.27,False
2026-10-01T15:43:41+10:00,2645908,2509_394X,-33.94172286987305,151.23919677734375,349.0,0.0,0,0.0,True
2026-10-01T15:43:41+10:00,2356322,2509_374,-33.894683837890625,151.22076416015625,135.0,23.4,261,4.35,True
2026-10-01T15:43:41+10:00,2377517,2508_100,-33.86699676513672,151.20582580566406,180.0,18.0,-455,-7.58,False
2026-10-01T15:43:41+10:00,2534457,2509_381,-33.89122009277344,151.25291442871094,75.0,4.7,157,2.62,True
2026-10-01T15:43:41+10:00,2139738,2509_306,-33.89403533935547,151.19862365722656,22.0,0.0,0,0.0,True
2026-10-01T15:43:41+10:00,2138911,2509_306,-33.90495681762695,151.2028350830078,170.0,28.4,252,4.2,True
2026-10-01T15:43:41+10:00,2356061,2509_374,-33.88957214355469,151.20790100097656,186.0,0.0,-31,-0.52,True
2026-10-01T15:43:41+10:00,2714663,2508_114,-33.82888412475586,151.243896484375,356.0,33.1,216,3.6,True
2026-10-01T15:43:41+10:00,2565088,2509_333,-33.88186264038086,151.21939086914062,304.0,10.1,-133,-2.22,False
2026-10-01T15:43:41+10:00,2357168,2509_339,-33.901363372802734,151.22317504882812,151.0,32.0,-57,-0.95,True
2026-10-01T15:43:41+10:00,2565080,2509_333,-33.883697509765625,151.22195434570312,107.0,0.0,244,4.07,True
2026-10-01T15:43:41+10:00,2428498,2508_B1,-33.807186126708984,151.2467041015625,357.0,29.9,15,0.25,True
2026-10-01T15:43:41+10:00,2424368,2508_154X,-33.82978439331055,151.21824645996094,125.0,5.0,157,2.62,True
2026-10-01T15:43:41+10:00,2396584,2509_392,-33.91660690307617,151.22573852539062,346.0,0.0,-197,-3.28,False
2026-10-01T15:43:41+10:00,2474523,2508_225,-33.84650802612305,151.23011779785156,8.0,24.5,-20,-0.33,True
2026-10-01T15:43:41+10:00,2376831,2508_111,-33.82984161376953,151.25991821289062,19.0,42.5,13,0.22,True
2026-10-01T15:43:41+10:00,2718603,2508_144,-33.82316207885742,151.24313354492188,230.0,7.2,502,8.37,False
2026-10-01T15:43:41+10:00,2675126,2509_309,-33.944007873535156,151.1962432861328,154.0,0.0,-196,-3.27,False
2026-10-01T15:43:41+10:00,2396556,2509_392,-33.898216247558594,151.21192932128906,30.0,0.0,158,2.63,True
2026-10-01T15:43:41+10:00,2376801,2508_144,-33.82365036010742,151.19329833984375,67.0,0.0,356,5.93,False
2026-10-01T15:43:41+10:00,2376801_2,2508_144,-33.82958221435547,151.2135467529297,100.0,0.0,-201,-3.35,False
2026-10-01T15:43:41+10:00,2374054,2508_100,-33.82691192626953,151.23204040527344,220.0,28.4,510,8.5,False
2026-10-01T15:43:41+10:00,2532423,2509_324,-33.87900161743164,151.23715209960938,102.0,0.0,-92,-1.53,False
2026-10-01T15:43:41+10:00,2421222,2508_230,-33.82566833496094,151.2332305908203,222.0,0.0,213,3.55,True
2026-10-01T15:43:41+10:00,2376896,2508_100,-33.831199645996094,151.22181701660156,114.0,0.0,-71,-1.18,False
2026-10-01T15:43:41+10:00,2136845,2509_306,-33.90856170654297,151.2027130126953,357.0,31.0,-26,-0.43,True
2026-10-01T15:43:41+10:00,2531196,2509_362,-33.87078857421875,151.27099609375,320.0,31.7,-64,-1.07,False
2026-10-01T15:43:41+10:00,2435473,2509_390X,-33.90925216674805,151.23973083496094,273.0,15.1,232,3.87,True
2026-10-01T15:43:41+10:00,2431666,2509_396,-33.87625503540039,151.20953369140625,193.0,18.0,373,6.22,False
2026-10-01T15:43:41+10:00,2533308,2509_324,-33.87606430053711,151.22482299804688,97.0,23.4,-81,-1.35,False
2026-10-01T15:43:41+10:00,2377316,2508_172X,-33.865509033203125,151.20567321777344,175.0,0.0,13,0.22,True
2026-10-01T15:43:41+10:00,2565084,2509_333,-33.87321090698242,151.2099151611328,187.0,5.4,490,8.17,False
2026-10-01T15:43:41+10:00,2383292,2508_100,-33.835060119628906,151.2461395263672,150.0,31.0,325,5.42,False
2026-10-01T15:43:41+10:00,2573747,2509_370,-33.87179183959961,151.18003845214844,254.0,0.0,0,0.0,True
2026-10-01T15:43:41+10:00,2377389,2508_100,-33.86385726928711,151.20462036132812,340.0,45.4,155,2.58,True
2026-10-01T15:43:41+10:00,2531325,2509_352,-33.90080261230469,151.17848205566406,336.0,39.2,39,0.65,True
2026-10-01T15:43:41+10:00,2718593,2508_144,-33.815330505371094,151.24339294433594,194.0,33.1,48,0.8,True
2026-10-01T15:43:41+10:00,2488462,2509_392,-33.91838455200195,151.22640991210938,172.0,30.6,12,0.2,True
2026-10-01T15:43:41+10:00,2573678,2509_370,-33.90365219116211,151.2023468017578,158.0,37.4,866,14.43,False
2026-10-01T15:43:41+10:00,2352234,2509_307,-33.92654800415039,151.188232421875,220.0,0.0,62,1.03,True
2026-10-01T15:43:41+10:00,2564633,2509_350,-33.94182205200195,151.22763061523438,21.0,52.2,374,6.23,False
2026-10-01T15:43:41+10:00,2531713,2509_326,-33.875938415527344,151.25802612304688,358.0,21.2,-12,-0.2,True
2026-10-01T15:43:41+10:00,2725819,7083_SW1,-33.909725189208984,151.13192749023438,316.0,19.1,-35,-0.58,True
2026-10-01T15:43:41+10:00,2357588,2509_343,-33.86234664916992,151.21192932128906,9.0,0.0,0,0.0,True
2026-10-01T15:43:41+10:00,2718582,2508_144,-33.83139419555664,151.22361755371094,244.0,9.0,1247,20.78,False
2026-10-01T15:43:41+10:00,2710068,2504_612X,-33.83110427856445,151.2033233642578,324.0,36.0,-29,-0.48,True
2026-10-01T15:43:41+10:00,2352239,2509_356,-33.9416389465332,151.23947143554688,280.0,31.0,-177,-2.95,False
2026-10-01T15:43:41+10:00,2532809,2509_360,-33.91128921508789,151.25875854492188,9.0,11.9,292,4.87,True
2026-10-01T15:43:41+10:00,2319949,7083_SW3,-33.91455841064453,151.1655731201172,229.0,4.0,834,13.9,False
2026-10-01T15:43:41+10:00,2532485,2509_324,-33.873775482177734,151.212890625,281.0,0.0,-211,-3.52,False
2026-10-01T15:43:41+10:00,2533084,2509_386,-33.87334442138672,151.2734832763672,140.0,0.0,51,0.85,True
2026-10-01T15:43:41+10:00,2725836,7083_SW1,-33.91455078125,151.16506958007812,57.0,0.4,-17,-0.28,True
2026-10-01T15:43:41+10:00,2139591,2509_375,-33.92256164550781,151.24368286132812,156.0,42.1,-131,-2.18,False
2026-10-01T15:43:41+10:00,2374180,2508_243,-33.82368469238281,151.24020385742188,186.0,0.0,0,0.0,True
2026-10-01T15:43:41+10:00,2435425,2509_390X,-33.92619323730469,151.23118591308594,134.0,9.0,111,1.85,True
2026-10-01T15:43:41+10:00,2710445,2504_607X,-33.838138580322266,151.2105712890625,9.0,64.1,33,0.55,True
2026-10-01T15:43:41+10:00,2564967,2509_379,-33.90222930908203,151.25465393066406,338.0,15.1,173,2.88,True
2026-10-01T15:43:41+10:00,2645927,2509_394X,-33.90134048461914,151.22274780273438,172.0,13.3,-148,-2.47,False
2026-10-01T15:43:41+10:00,2319272,7083_SW3,-33.907188415527344,151.12635803222656,217.0,47.5,130,2.17,True
2026-10-01T15:43:41+10:00,2140251,2509_306,-33.910213470458984,151.20315551757812,280.0,30.2,-472,-7.87,False
2026-10-01T15:43:41+10:00,2720582,2514_277,-33.79631805419922,151.18092346191406,171.0,0.0,0,0.0,True
2026-10-01T15:43:41+10:00,2567062,2508_263,-33.82678985595703,151.20816040039062,281.0,41.0,167,2.78,True
2026-10-01T15:43:41+10:00,2428377,2508_B1,-33.86534881591797,151.20565795898438,174.0,0.0,6,0.1,True
2026-10-01T15:43:41+10:00,2564547,2509_350,-33.925018310546875,151.1916046142578,278.0,0.0,-257,-4.28,False
2026-10-01T15:43:41+10:00,2564708,2509_350,-33.93291091918945,151.17991638183594,100.0,0.0,0,0.0,True
2026-10-01T15:43:41+10:00,2356180,2509_370,-33.9058837890625,151.18092346191406,336.0,37.8,168,2.8,True
2026-10-01T15:43:41+10:00,2335620,2509_307,-33.93971252441406,151.21682739257812,219.0,40.3,84,1.4,True
2026-10-01T15:43:41+10:00,2356649,2509_373,-33.87874221801758,151.21456909179688,312.0,0.0,-194,-3.23,False
2026-10-01T15:43:41+10:00,2428439,2508_B1,-33.8486328125,151.21273803710938,9.0,58.7,-21,-0.35,True
2026-10-01T15:43:41+10:00,2565045,2509_333,-33.871028900146484,151.21018981933594,6.0,0.7,-133,-2.22,False
2026-10-01T15:43:41+10:00,2428415,2508_238,-33.845741271972656,151.23976135253906,7.0,4.0,396,6.6,False
2026-10-01T15:43:41+10:00,2675068,2509_309,-33.893192291259766,151.19894409179688,20.0,0.0,0,0.0,True
2026-10-01T15:43:41+10:00,2564872,2509_333,-33.891258239746094,151.27410888671875,223.0,2.5,143,2.38,True
2026-10-01T15:43:41+10:00,2533281,2509_387,-33.88678741455078,151.26504516601562,237.0,17.3,92,1.53,True
2026-10-01T15:43:41+10:00,2400406,2509_309,-33.94490051269531,151.2262725830078,191.0,0.4,0,0.0,True
2026-10-01T15:43:41+10:00,2431677,2509_396,-33.946556091308594,151.2565155029297,44.0,21.2,-78,-1.3,False
2026-10-01T15:43:41+10:00,2139499,2509_375,-33.9393424987793,151.25733947753906,127.0,30.6,-66,-1.1,False
2026-10-01T15:43:41+10:00,2709991,2504_652X,-33.82642364501953,151.2145233154297,154.0,0.0,0,0.0,True
2026-10-01T15:43:41+10:00,2708065,2504_610X,-33.86917495727539,151.205322265625,354.0,3.2,-19,-0.32,True
2026-10-01T15:43:41+10:00,2377106,2508_173X,-33.806190490722656,151.24652099609375,347.0,0.0,101,1.68,True
2026-10-01T15:43:41+10:00,2356642,2509_370,-33.92053985595703,151.2545623779297,280.0,0.0,105,1.75,True
2026-10-01T15:43:41+10:00,2720634,2514_194,-33.83533477783203,151.21156311035156,193.0,76.0,-585,-9.75,False
2026-10-01T15:43:41+10:00,2580191,2508_170X,-33.80078125,151.2109375,160.0,51.5,0,0.0,True
2026-10-01T15:43:41+10:00,2628602,2509_304,-33.885337829589844,151.21400451660156,189.0,0.0,287,4.78,True
2026-10-01T15:43:41+10:00,2355830,2509_390X,-33.94573974609375,151.24002075195312,348.0,0.0,80,1.33,True
2026-10-01T15:43:41+10:00,2377382,2508_100,-33.83211898803711,151.2443084716797,353.0,6.5,45,0.75,True
2026-10-01T15:43:41+10:00,2667425,2509_326,-33.873085021972656,151.24766540527344,236.0,0.0,-136,-2.27,False
2026-10-01T15:43:41+10:00,2038759,2459_469,-33.881858825683594,151.17678833007812,170.0,15.1,-147,-2.45,False
2026-10-01T15:43:41+10:00,2208623,2459_464,-33.88803482055664,151.12637329101562,116.0,0.0,6,0.1,True
2026-10-01T15:43:41+10:00,2286351,2459_438X,-33.887672424316406,151.15748596191406,360.0,30.2,-62,-1.03,False
2026-10-01T15:43:41+10:00,2289101,2459_438X,-33.855018615722656,151.1303253173828,167.0,29.9,401,6.68,False
2026-10-01T15:43:41+10:00,2038795,2459_440,-33.88467025756836,151.22462463378906,109.0,38.9,-265,-4.42,False
2026-10-01T15:43:41+10:00,2289856,2459_422,-33.90745544433594,151.18138122558594,7.0,39.6,55,0.92,True
2026-10-01T15:43:41+10:00,2308724,2459_445,-33.86643981933594,151.16595458984375,44.0,9.0,-489,-8.15,False
2026-10-01T15:43:41+10:00,2284462,2459_423,-33.90979766845703,151.16212463378906,34.0,0.0,2,0.03,True
2026-10-01T15:43:41+10:00,2208342,2459_530,-33.80483627319336,151.17929077148438,359.0,15.1,-686,-11.43,False
2026-10-01T15:43:41+10:00,2288176,2459_461X,-33.876888275146484,151.10214233398438,92.0,0.0,0,0.0,True
2026-10-01T15:43:41+10:00,2209557,2459_440,-33.890899658203125,151.2486114501953,96.0,0.0,0,0.0,True
2026-10-01T15:43:41+10:00,2596192,2459_491,-33.87007522583008,151.12937927246094,190.0,0.0,0,0.0,True
2026-10-01T15:43:41+10:00,2286543,2459_426,-33.90599822998047,151.1653289794922,241.0,31.0,-75,-1.25,False
2026-10-01T15:43:41+10:00,2284675,2459_461X,-33.88029861450195,151.2081756591797,104.0,11.5,84,1.4,True
2026-10-01T15:43:41+10:00,2209081,2459_464,-33.848873138427734,151.10662841796875,347.0,25.6,-311,-5.18,False
2026-10-01T15:43:41+10:00,2288720,2459_423,-33.8893928527832,151.1902618408203,36.0,29.2,0,0.0,True
2026-10-01T15:43:41+10:00,2290268,2459_418,-33.88656997680664,151.1094970703125,262.0,57.2,-210,-3.5,False
2026-10-01T15:43:41+10:00,2636196,2459_504,-33.85271453857422,151.15603637695312,322.0,7.2,-203,-3.38,False
2026-10-01T15:43:41+10:00,2209703,2459_530,-33.85962677001953,151.14210510253906,47.0,47.2,-382,-6.37,False
2026-10-01T15:43:41+10:00,2289441,2459_418,-33.915618896484375,151.1654815673828,9.0,0.0,0,0.0,True
2026-10-01T15:43:41+10:00,2736841,2459_428,-33.86512756347656,151.21075439453125,219.0,0.0,0,0.0,True
2026-10-01T15:43:41+10:00,2037954,2459_440,-33.874778747558594,151.1560821533203,176.0,0.0,-85,-1.42,False
2026-10-01T15:43:41+10:00,2474943,2459_389,-33.87895965576172,151.2187957763672,110.0,5.8,79,1.32,True
2026-10-01T15:43:41+10:00,2290816,2459_433,-33.8842658996582,151.20077514648438,267.0,0.0,-30,-0.5,True
2026-10-01T15:43:41+10:00,2287866,2459_422,-33.88375473022461,151.20309448242188,229.0,0.0,40,0.67,True
2026-10-01T15:43:41+10:00,2635930,2459_504,-33.85456085205078,151.14920043945312,234.0,42.5,166,2.77,True
2026-10-01T15:43:41+10:00,1961710,2459_412,-33.86985397338867,151.21035766601562,184.0,6.8,264,4.4,True
2026-10-01T15:43:41+10:00,2289959,2459_348,-33.92220687866211,151.20175170898438,99.0,56.5,0,0.0,True
2026-10-01T15:43:41+10:00,2668073,2459_420,-33.879638671875,151.10328674316406,189.0,31.7,57,0.95,True
2026-10-01T15:43:41+10:00,2596440,2459_492,-33.85039138793945,151.15501403808594,68.0,0.4,66,1.1,True
2026-10-01T15:43:41+10:00,2288391,2459_423,-33.92393493652344,151.13563537597656,55.0,27.7,208,3.47,True
2026-10-01T15:43:41+10:00,2286234,2459_438X,-33.876834869384766,151.20947265625,184.0,36.7,460,7.67,False
2026-10-01T15:43:41+10:00,2283046,2459_442,-33.86349868774414,151.17657470703125,168.0,28.1,85,1.42,True
2026-10-01T15:43:41+10:00,2285899,2459_437,-33.87098693847656,151.1421356201172,320.0,0.0,-374,-6.23,False
2026-10-01T15:43:41+10:00,2686031,2459_423,-33.86695861816406,151.21067810058594,185.0,0.0,0,0.0,True
2026-10-01T15:43:41+10:00,2368267,2459_461X,-33.8870735168457,151.1751708984375,75.0,38.5,112,1.87,True
2026-10-01T15:43:41+10:00,2290069,2459_438X,-33.88432312011719,151.19554138183594,82.0,39.2,-225,-3.75,False
2026-10-01T15:43:41+10:00,2289485,2459_389,-33.89036178588867,151.2425537109375,290.0,0.0,-28,-0.47,True
2026-10-01T15:43:41+10:00,2636229,2459_504,-33.872806549072266,151.2050323486328,265.0,24.8,41,0.68,True
2026-10-01T15:43:41+10:00,2284687,2459_441,-33.870758056640625,151.2085418701172,266.0,11.9,-65,-1.08,False
2026-10-01T15:43:41+10:00,2608939,2459_430,-33.89361572265625,151.1833038330078,224.0,0.0,-138,-2.3,False
2026-10-01T15:43:41+10:00,2288131,2459_470,-33.8695068359375,151.21038818359375,7.0,0.0,118,1.97,True
2026-10-01T15:43:41+10:00,2290039,2459_348,-33.91515350341797,151.22784423828125,98.0,0.0,81,1.35,True
2026-10-01T15:43:41+10:00,2209266,2459_413,-33.883602142333984,151.20327758789062,234.0,11.5,11,0.18,True
2026-10-01T15:43:41+10:00,2514983,2459_410,-33.876258850097656,151.1038360595703,9.0,0.0,-316,-5.27,False
2026-10-01T15:43:41+10:00,2685955,2459_423,-33.91215896606445,151.1602783203125,213.0,0.0,2,0.03,True
2026-10-01T15:43:41+10:00,2290224,2459_303,-33.94198989868164,151.1927490234375,194.0,63.0,-45,-0.75,True
2026-10-01T15:43:41+10:00,2283512,2459_438X,-33.86797332763672,151.129638671875,11.0,0.7,370,6.17,False
2026-10-01T15:43:41+10:00,2283914,2459_431,-33.87652587890625,151.20950317382812,184.0,0.0,226,3.77,True
2026-10-01T15:43:41+10:00,2736835,2459_445,-33.8581657409668,151.18345642089844,294.0,0.0,58,0.97,True
2026-10-01T15:43:41+10:00,2289694,2459_389,-33.882232666015625,151.22816467285156,280.0,13.7,-6,-0.1,True
2026-10-01T15:43:41+10:00,2349419,2459_418,-33.92464828491211,151.1608428955078,224.0,0.0,0,0.0,True
2026-10-01T15:43:41+10:00,2011330,2459_305,-33.925079345703125,151.187255859375,357.0,7.2,-95,-1.58,False
2026-10-01T15:43:41+10:00,2209036,2459_440,-33.88777160644531,151.2310333251953,312.0,0.0,49,0.82,True
2026-10-01T15:43:41+10:00,2368260,2459_428,-33.88853073120117,151.19171142578125,58.0,37.1,8,0.13,True
2026-10-01T15:43:41+10:00,2288441,2459_428,-33.89888381958008,151.17266845703125,82.0,0.0,-79,-1.32,False
2026-10-01T15:43:41+10:00,2037952,2459_440,-33.88426971435547,151.20169067382812,76.0,22.7,-461,-7.68,False
2026-10-01T15:43:41+10:00,2668032,2459_420,-33.926353454589844,151.18746948242188,146.0,0.0,16,0.27,True
2026-10-01T15:43:41+10:00,2290807,2459_441,-33.85274887084961,151.18118286132812,148.0,21.6,-25,-0.42,True
2026-10-01T15:43:41+10:00,2736848,2459_428,-33.89289474487305,151.18516540527344,255.0,0.0,180,3.0,True
2026-10-01T15:43:41+10:00,2288321,2459_428,-33.90393829345703,151.14064025878906,62.0,9.0,6,0.1,True
2026-10-01T15:43:41+10:00,1963105,2459_412,-33.91146469116211,151.141845703125,278.0,0.0,-404,-6.73,False
2026-10-01T15:43:41+10:00,2636226,2459_504,-33.84773635864258,151.1413116455078,33.0,0.0,0,0.0,True
2026-10-01T15:43:41+10:00,2290850,2459_470,-33.880157470703125,151.20741271972656,282.0,2.2,132,2.2,True
2026-10-01T15:43:41+10:00,2290667,2459_438X,-33.8773078918457,151.2094268798828,15.0,7.2,-132,-2.2,False
2026-10-01T15:43:41+10:00,1960374,2459_412,-33.88492965698242,151.1864471435547,261.0,36.4,44,0.73,True
2026-10-01T15:43:41+10:00,2596425,2459_490,-33.88349914550781,151.10824584960938,98.0,25.2,218,3.63,True
2026-10-01T15:43:41+10:00,2283622,2459_502,-33.857269287109375,151.1452178955078,228.0,33.5,-125,-2.08,False
2026-10-01T15:43:41+10:00,2037597,2459_470,-33.8787956237793,151.209228515625,6.0,23.0,-125,-2.08,False
2026-10-01T15:43:41+10:00,2289497,2459_423,-33.88844299316406,151.1918182373047,58.0,38.9,-55,-0.92,True
2026-10-01T15:43:41+10:00,2668147,2459_420,-33.87891387939453,151.1033935546875,9.0,22.3,-20,-0.33,True
2026-10-01T15:43:41+10:00,2286853,2459_431,-33.88385772705078,151.200927734375,87.0,10.1,-223,-3.72,False
2026-10-01T15:43:41+10:00,2286069,2459_433,-33.85659408569336,151.1782989501953,279.0,2.9,-72,-1.2,False
2026-10-01T15:43:41+10:00,2285922,2459_437,-33.869163513183594,151.1300506591797,254.0,0.0,0,0.0,True
2026-10-01T15:43:41+10:00,2609051,2459_430,-33.90060043334961,151.17027282714844,25.0,4.0,22,0.37,True
2026-10-01T15:43:41+10:00,2284165,2459_470,-33.879512786865234,151.16517639160156,286.0,42.5,-34,-0.57,True
2026-10-01T15:43:41+10:00,2208701,2459_440,-33.88127517700195,151.21829223632812,300.0,0.0,2114,35.23,False
2026-10-01T15:43:41+10:00,2283974,2459_348,-33.91970443725586,151.2289581298828,100.0,0.0,19,0.32,True
2026-10-01T15:43:41+10:00,2736914,2459_445,-33.88582229614258,151.15740966796875,173.0,0.0,-173,-2.88,False
2026-10-01T15:43:41+10:00,2287588,2459_438X,-33.88383483886719,151.1560821533203,85.0,34.2,-13,-0.22,True
2026-10-01T15:43:41+10:00,2208681,2459_464,-33.874732971191406,151.1041259765625,9.0,0.0,-244,-4.07,False
2026-10-01T15:43:41+10:00,2618593,2459_422,-33.893470764160156,151.18350219726562,170.0,7.6,-22,-0.37,True
2026-10-01T15:43:41+10:00,2475234,2459_389,-33.873050689697266,151.20751953125,97.0,0.0,-54,-0.9,True
2026-10-01T15:43:41+10:00,2282986,2459_438X,-33.884193420410156,151.1436004638672,270.0,32.4,60,1.0,True
2026-10-01T15:43:41+10:00,2289005,2459_437,-33.86941146850586,151.18701171875,107.0,55.1,0,0.0,True
2026-10-01T15:43:41+10:00,2208776,2459_487,-33.91152572631836,151.11878967285156,142.0,0.0,0,0.0,True
2026-10-01T15:43:41+10:00,2283823,2459_426,-33.91048812866211,151.16165161132812,34.0,11.9,26,0.43,True
2026-10-01T15:43:41+10:00,2284006,2459_389,-33.87391662597656,151.21380615234375,284.0,15.5,465,7.75,False
2026-10-01T15:43:41+10:00,2736879,2459_308,-33.8864631652832,151.20681762695312,18.0,13.3,-337,-5.62,False
2026-10-01T15:43:41+10:00,2484465,2459_483,-33.890018463134766,151.148681640625,255.0,32.4,215,3.58,True
2026-10-01T15:43:41+10:00,2286157,2459_461X,-33.884368896484375,151.20033264160156,268.0,0.0,104,1.73,True
2026-10-01T15:43:41+10:00,2284819,2459_438X,-33.86537170410156,151.20938110351562,226.0,0.0,0,0.0,True
2026-10-01T15:43:41+10:00,2596139,2459_490,-33.85884094238281,151.14329528808594,226.0,37.4,35,0.58,True
2026-10-01T15:43:41+10:00,2286002,2459_389,-33.87592697143555,151.2162628173828,279.0,0.0,-13,-0.22,True
2026-10-01T15:43:41+10:00,1932579,2459_412,-33.8912467956543,151.1805419921875,110.0,36.7,-58,-0.97,True
2026-10-01T15:43:41+10:00,2209358,2459_440,-33.88148880004883,151.2056427001953,302.0,34.2,208,3.47,True
2026-10-01T15:43:41+10:00,2290138,2459_412,-33.9014778137207,151.15341186523438,1.0,34.6,-78,-1.3,False
2026-10-01T15:43:41+10:00,2283876,2459_461X,-33.88614273071289,151.13897705078125,289.0,0.0,-492,-8.2,False
2026-10-01T15:43:41+10:00,2349279,2459_418,-33.900062561035156,151.1272735595703,181.0,0.0,-65,-1.08,False
2026-10-01T15:43:41+10:00,2284744,2459_406,-33.889686584472656,151.12644958496094,289.0,27.7,-107,-1.78,False
2026-10-01T15:43:41+10:00,2475084,2459_389,-33.873252868652344,151.1959686279297,150.0,0.0,-225,-3.75,False
2026-10-01T15:43:41+10:00,2635986,2459_504,-33.87141418457031,151.21466064453125,333.0,0.0,0,0.0,True
2026-10-01T15:43:41+10:00,2736740,2459_428,-33.869537353515625,151.21038818359375,7.0,0.0,6,0.1,True
2026-10-01T15:43:41+10:00,1963057,2459_413,-33.894874572753906,151.12149047851562,88.0,30.2,-207,-3.45,False
2026-10-01T15:43:41+10:00,2620014,2459_530,-33.81607437133789,151.1518096923828,192.0,0.0,518,8.63,False
2026-10-01T15:43:41+10:00,2284567,2459_441,-33.858177185058594,151.17758178710938,11.0,22.7,99,1.65,True
2026-10-01T15:43:41+10:00,2685986,2459_423,-33.88823318481445,151.19224548339844,239.0,22.7,-29,-0.48,True
2026-10-01T15:43:41+10:00,2554379,2459_358,-33.9215202331543,151.18386840820312,97.0,0.0,-46,-0.77,True
2026-10-01T15:43:41+10:00,2660407,2459_320,-33.88265609741211,151.2046356201172,232.0,11.5,-236,-3.93,False
2026-10-01T15:43:41+10:00,2283677,2459_426,-33.869781494140625,151.21035766601562,8.0,0.0,24,0.4,True
2026-10-01T15:43:41+10:00,2514794,2459_410,-33.85707473754883,151.10345458984375,352.0,0.0,-128,-2.13,False
2026-10-01T15:43:41+10:00,2285856,2459_461X,-33.88815689086914,151.16383361816406,84.0,28.8,-6,-0.1,True
2026-10-01T15:43:41+10:00,2209305,2459_440,-33.880916595458984,151.21746826171875,299.0,0.0,269,4.48,True
2026-10-01T15:43:41+10:00,2660136,2459_320,-33.89299392700195,151.20738220214844,198.0,14.8,185,3.08,True
2026-10-01T15:43:41+10:00,2287382,2459_437,-33.8841438293457,151.1497039794922,88.0,0.0,99,1.65,True
2026-10-01T15:43:41+10:00,2285373,2459_348,-33.91169357299805,151.17979431152344,202.0,0.0,140,2.33,True
2026-10-01T15:43:41+10:00,2349302,2459_418,-33.90767288208008,151.14932250976562,110.0,33.1,-376,-6.27,False
2026-10-01T15:43:41+10:00,2736576,2459_428,-33.89698028564453,151.14988708496094,287.0,0.0,5,0.08,True
2026-10-01T15:43:41+10:00,2660473,2459_320,-33.89902877807617,151.2113494873047,37.0,0.0,-195,-3.25,False
2026-10-01T15:43:41+10:00,1962076,2459_412,-33.922691345214844,151.13050842285156,109.0,6.5,-176,-2.93,False
2026-10-01T15:43:41+10:00,2208646,2459_464,-33.86957550048828,151.10520935058594,195.0,14.8,0,0.0,True
2026-10-01T15:43:41+10:00,2284118,2459_415,-33.874507904052734,151.1042938232422,10.0,0.0,52,0.87,True
2026-10-01T15:43:41+10:00,2596401,2459_490,-33.85040283203125,151.1551971435547,110.0,0.0,0,0.0,True
2026-10-01T15:43:41+10:00,1963154,2459_480,-33.88703536987305,151.17568969726562,77.0,34.9,-322,-5.37,False
2026-10-01T15:43:41+10:00,2484409,2459_480,-33.88489532470703,151.18661499023438,261.0,33.1,111,1.85,True
2026-10-01T15:43:41+10:00,2636070,2459_504,-33.87315368652344,151.20852661132812,94.0,24.5,4,0.07,True
2026-10-01T15:43:41+10:00,2283472,2459_426,-33.872867584228516,151.2099609375,186.0,6.8,-28,-0.47,True
2026-10-01T15:43:41+10:00,2290360,2459_428,-33.91140365600586,151.11871337890625,141.0,0.0,0,0.0,True
2026-10-01T15:43:41+10:00,1964158,2459_412,-33.867000579833984,151.21067810058594,5.0,0.0,4,0.07,True
2026-10-01T15:43:41+10:00,2349522,2459_418,-33.887977600097656,151.10427856445312,55.0,0.0,47,0.78,True
2026-10-01T15:43:41+10:00,2287685,2459_348,-33.921016693115234,151.2380828857422,99.0,0.0,20,0.33,True
2026-10-01T15:43:41+10:00,2037953,2459_440,-33.88720703125,151.17431640625,81.0,34.9,-376,-6.27,False
2026-10-01T15:43:41+10:00,2283327,2459_426,-33.8844108581543,151.1968231201172,268.0,11.2,138,2.3,True
2026-10-01T15:43:41+10:00,2736716,2459_445,-33.89644241333008,151.15362548828125,256.0,0.0,-10,-0.17,True
2026-10-01T15:43:41+10:00,2283086,2459_442,-33.86813735961914,151.1786346435547,65.0,42.1,340,5.67,False
2026-10-01T15:43:41+10:00,2037956,2459_440,-33.87321090698242,151.15040588378906,163.0,54.0,0,0.0,True
2026-10-01T15:43:41+10:00,2283378,2459_433,-33.88433074951172,151.1951904296875,86.0,19.4,-632,-10.53,False
2026-10-01T15:43:41+10:00,2283460,2459_461X,-33.86973190307617,151.1051788330078,15.0,19.8,67,1.12,True
2026-10-01T15:43:41+10:00,2308916,2459_445,-33.88973617553711,151.15850830078125,5.0,22.3,-175,-2.92,False
2026-10-01T15:43:41+10:00,2349482,2459_418,-33.874996185302734,151.10752868652344,8.0,0.0,0,0.0,True
2026-10-01T15:43:41+10:00,2290205,2459_441,-33.86350631713867,151.22116088867188,201.0,0.0,-780,-13.0,False
2026-10-01T15:43:41+10:00,2285080,2459_461X,-33.87400436401367,151.20982360839844,187.0,0.0,105,1.75,True
2026-10-01T15:43:41+10:00,2368278,2459_431,-33.87721633911133,151.2094268798828,5.0,3.2,-254,-4.23,False
2026-10-01T15:43:41+10:00,2289625,2459_431,-33.88419723510742,151.19239807128906,308.0,0.0,35,0.58,True
2026-10-01T15:43:41+10:00,2554059,2459_358,-33.92488098144531,151.22799682617188,61.0,0.0,130,2.17,True
2026-10-01T15:43:41+10:00,2475305,2459_389,-33.88823699951172,151.23721313476562,180.0,0.0,-52,-0.87,True
2026-10-01T15:43:41+10:00,2554203,2459_358,-33.92324447631836,151.18728637695312,186.0,13.3,-239,-3.98,False
2026-10-01T15:43:41+10:00,2288121,2459_442,-33.85829544067383,151.18582153320312,262.0,0.0,-117,-1.95,False
2026-10-01T15:43:41+10:00,2286756,2459_470,-33.88283157348633,151.18408203125,236.0,27.7,-87,-1.45,False
2026-10-01T15:43:41+10:00,2290141,2459_433,-33.8564567565918,151.17788696289062,114.0,0.0,30,0.5,True
2026-10-01T15:43:41+10:00,2736818,2459_308,-33.90313720703125,151.19113159179688,223.0,21.6,-128,-2.13,False
2026-10-01T15:43:41+10:00,2286859,2459_438X,-33.88460922241211,151.19281005859375,263.0,24.5,155,2.58,True
2026-10-01T15:43:41+10:00,2283129,2459_348,-33.9130973815918,151.17869567871094,36.0,0.0,20,0.33,True
2026-10-01T15:43:41+10:00,2209363,2459_464,-33.850399017333984,151.10714721679688,167.0,29.5,-20,-0.33,True
2026-10-01T15:43:41+10:00,2283638,2459_406,-33.910404205322266,151.13272094726562,223.0,18.7,-579,-9.65,False
2026-10-01T15:43:41+10:00,2285304,2459_422,-33.88487243652344,151.18516540527344,75.0,0.0,41,0.68,True
2026-10-01T15:43:41+10:00,2660393,2459_320,-33.884178161621094,151.20347595214844,28.0,0.0,0,0.0,True
2026-10-01T15:43:41+10:00,2283120,2459_470,-33.88278579711914,151.18434143066406,58.0,7.9,27,0.45,True
2026-10-01T15:43:41+10:00,2285267,2459_470,-33.87900924682617,151.16432189941406,198.0,10.4,-17,-0.28,True
2026-10-01T15:43:41+10:00,1962427,2459_410,-33.87749099731445,151.1036376953125,191.0,29.2,-165,-2.75,False
2026-10-01T15:43:41+10:00,2686009,2459_423,-33.865447998046875,151.21046447753906,216.0,0.0,0,0.0,True
2026-10-01T15:43:41+10:00,2208106,2459_413,-33.87955856323242,151.2080078125,97.0,0.0,0,0.0,True
2026-10-01T15:43:41+10:00,2553959,2459_358,-33.9182243347168,151.24090576171875,10.0,0.4,248,4.13,True
2026-10-01T15:43:41+10:00,2736885,2459_445,-33.871826171875,151.15834045410156,255.0,40.3,-221,-3.68,False
2026-10-01T15:43:41+10:00,2289974,2459_418,-33.903289794921875,151.12696838378906,358.0,4.7,-247,-4.12,False
2026-10-01T15:43:41+10:00,2287918,2459_438X,-33.86500930786133,151.20980834960938,222.0,0.0,0,0.0,True
2026-10-01T15:43:41+10:00,2283937,2459_461X,-33.87698745727539,151.1299285888672,156.0,41.0,-75,-1.25,False
2026-10-01T15:43:41+10:00,2284206,2459_433,-33.88032531738281,151.17926025390625,289.0,0.0,-265,-4.42,False
2026-10-01T15:43:41+10:00,2290636,2459_389,-33.86655807495117,151.19525146484375,138.0,27.0,42,0.7,True
2026-10-01T15:43:41+10:00,2609026,2459_430,-33.880577087402344,151.20858764648438,284.0,0.0,-363,-6.05,False
2026-10-01T15:43:41+10:00,1958665,2459_412,-33.883392333984375,151.20335388183594,47.0,0.0,-111,-1.85,False
2026-10-01T15:43:41+10:00,2554370,2459_358,-33.922935485839844,151.20721435546875,280.0,0.0,-98,-1.63,False
2026-10-01T15:43:41+10:00,2668145,2459_420,-33.937625885009766,151.1631317138672,318.0,34.9,48,0.8,True
2026-10-01T15:43:41+10:00,2668114,2459_420,-33.93775177001953,151.15267944335938,53.0,0.0,381,6.35,False
2026-10-01T15:43:41+10:00,2475309,2459_389,-33.869346618652344,151.19789123535156,179.0,0.0,0,0.0,True
2026-10-01T15:43:41+10:00,2596384,2459_491,-33.919471740722656,151.1212158203125,99.0,32.4,-92,-1.53,False
2026-10-01T15:43:41+10:00,2596196,2459_492,-33.87541198730469,151.10765075683594,279.0,0.0,-208,-3.47,False
2026-10-01T15:43:41+10:00,2287184,2459_412,-33.91575622558594,151.13375854492188,57.0,19.4,31,0.52,True
2026-10-01T15:43:41+10:00,2286764,2459_418,-33.91204071044922,151.1596221923828,300.0,20.9,-14,-0.23,True
2026-10-01T15:43:41+10:00,2290815,2459_303,-33.9211540222168,151.23797607421875,279.0,0.0,345,5.75,False
2026-10-01T15:43:41+10:00,2288677,2459_303,-33.92664337158203,151.20620727539062,9.0,0.0,298,4.97,True
2026-10-01T15:43:41+10:00,2287310,2459_428,-33.883182525634766,151.20346069335938,44.0,0.0,-232,-3.87,False
2026-10-01T15:43:41+10:00,2284214,2459_438X,-33.86448287963867,151.21055603027344,226.0,0.0,0,0.0,True
2026-10-01T15:43:41+10:00,2596446,2459_490,-33.869873046875,151.1293487548828,3.0,0.0,-618,-10.3,False
2026-10-01T15:43:41+10:00,2290766,2459_433,-33.88032913208008,151.20681762695312,192.0,0.0,0,0.0,True
2026-10-01T15:43:41+10:00,2686004,2459_423,-33.92228317260742,151.142822265625,206.0,43.2,-11,-0.18,True
2026-10-01T15:43:41+10:00,2596295,2459_492,-33.88970184326172,151.11294555664062,355.0,2.9,171,2.85,True
2026-10-01T15:43:41+10:00,2284648,2459_389,-33.89141845703125,151.2490234375,94.0,0.0,0,0.0,True
2026-10-01T15:43:41+10:00,2288221,2459_433,-33.864036560058594,151.17027282714844,312.0,0.0,-198,-3.3,False
2026-10-01T15:43:41+10:00,2284114,2459_303,-33.91719436645508,151.2211151123047,280.0,37.4,95,1.58,True
2026-10-01T15:43:41+10:00,2553939,2459_358,-33.92431640625,151.22869873046875,254.0,0.0,-261,-4.35,False
2026-10-01T15:43:41+10:00,2284802,2459_437,-33.87226104736328,151.2064666748047,174.0,0.0,0,0.0,True
2026-10-01T15:43:41+10:00,2286593,2459_437,-33.87474060058594,151.1613006591797,248.0,27.4,-493,-8.22,False
2026-10-01T15:43:41+10:00,2286974,2459_437,-33.870887756347656,151.2058563232422,83.0,0.0,0,0.0,True
2026-10-01T15:43:41+10:00,2283628,2459_438X,-33.86227035522461,151.13047790527344,9.0,34.6,-260,-4.33,False
2026-10-01T15:43:41+10:00,2736763,2459_445,-33.858131408691406,151.1833953857422,294.0,0.0,0,0.0,True
2026-10-01T15:43:41+10:00,2287582,2459_433,-33.88426208496094,151.1984100341797,86.0,0.0,-186,-3.1,False
2026-10-01T15:43:41+10:00,2685917,2459_423,-33.9251823425293,151.1343994140625,235.0,34.2,292,4.87,True
2026-10-01T15:43:41+10:00,2554045,2459_358,-33.924198150634766,151.18588256835938,279.0,15.5,1055,17.58,False
2026-10-01T15:43:41+10:00,2285734,2459_423,-33.90367889404297,151.16854858398438,23.0,0.0,217,3.62,True
2026-10-01T15:43:41+10:00,2285185,2459_470,-33.86967468261719,151.2103729248047,185.0,6.1,27,0.45,True
2026-10-01T15:43:41+10:00,2037147,2459_466,-33.85857009887695,151.11697387695312,78.0,33.1,-42,-0.7,True
2026-10-01T15:43:41+10:00,2037955,2459_440,-33.862640380859375,151.16822814941406,307.0,55.8,238,3.97,True
2026-10-01T15:43:41+10:00,2289989,2459_348,-33.913143157958984,151.2244873046875,317.0,35.6,2,0.03,True
2026-10-01T15:43:41+10:00,2596392,2459_491,-33.8841667175293,151.1204071044922,300.0,0.0,43,0.72,True
2026-10-01T15:43:41+10:00,2209401,2459_440,-33.891658782958984,151.2469024658203,288.0,0.0,-84,-1.4,False
2026-10-01T15:43:41+10:00,2208486,2459_464,-33.887779235839844,151.1207733154297,244.0,41.4,32,0.53,True
2026-10-01T15:43:41+10:00,2368266,2459_466,-33.8582878112793,151.11325073242188,347.0,39.2,-139,-2.32,False
2026-10-01T15:43:41+10:00,2287764,2459_423,-33.911827087402344,151.1605224609375,32.0,26.3,-68,-1.13,False
2026-10-01T15:43:41+10:00,2037951,2459_440,-33.87991714477539,151.2160186767578,135.0,33.8,-609,-10.15,False
2026-10-01T15:43:41+10:00,2287800,2459_461X,-33.876155853271484,151.10391235351562,183.0,19.1,-967,-16.12,False
2026-10-01T15:43:41+10:00,2289545,2459_442,-33.857093811035156,151.17782592773438,8.0,0.0,-261,-4.35,False
2026-10-01T15:43:41+10:00,2208549,2459_440,-33.89087677001953,151.24842834472656,96.0,0.0,0,0.0,True
2026-10-01T15:43:41+10:00,2283171,2459_438X,-33.84482955932617,151.1284942626953,4.0,0.0,0,0.0,True
2026-10-01T15:43:41+10:00,2283689,2459_426,-33.887142181396484,151.19366455078125,33.0,48.6,33,0.55,True
2026-10-01T15:43:41+10:00,2736665,2459_428,-33.87458038330078,151.20997619628906,187.0,8.6,405,6.75,False
2026-10-01T15:43:41+10:00,2554305,2459_358,-33.92229080200195,151.20309448242188,100.0,27.4,-86,-1.43,False
2026-10-01T15:43:41+10:00,2209200,2459_413,-33.88813018798828,151.1619415283203,283.0,0.0,-92,-1.53,False
2026-10-01T15:43:41+10:00,2209078,2459_440,-33.881622314453125,151.20458984375,196.0,34.2,700,11.67,False
2026-10-01T15:43:41+10:00,2668092,2459_420,-33.92444610595703,151.1881103515625,279.0,0.0,0,0.0,True
2026-10-01T15:43:41+10:00,2290975,2459_423,-33.87828826904297,151.20863342285156,102.0,1.1,-212,-3.53,False
2026-10-01T15:43:41+10:00,2288638,2459_433,-33.87211227416992,151.17454528808594,130.0,45.7,-230,-3.83,False
2026-10-01T15:43:41+10:00,2685978,2459_423,-33.89869689941406,151.17530822753906,266.0,23.4,-2,-0.03,True
2026-10-01T15:43:41+10:00,2643554,2507_120,-33.85424041748047,151.20953369140625,28.0,60.1,58,0.97,True
2026-10-01T15:43:41+10:00,2643029,2507_523,-33.82278060913086,151.1218719482422,310.0,8.3,0,0.0,True
2026-10-01T15:43:41+10:00,2672272,2507_115,-33.79591369628906,151.18418884277344,71.0,11.9,249,4.15,True
2026-10-01T15:43:41+10:00,2644562,2507_501,-33.82366943359375,151.1234130859375,304.0,40.0,99,1.65,True
2026-10-01T15:43:41+10:00,2654368,2507_52,-33.873146057128906,151.2084197998047,277.0,0.7,202,3.37,True
2026-10-01T15:43:41+10:00,2227986,2507_292,-33.805686950683594,151.16302490234375,283.0,26.6,-20,-0.33,True
2026-10-01T15:43:41+10:00,2654469,2507_52,-33.868194580078125,151.18203735351562,108.0,55.4,152,2.53,True
2026-10-01T15:43:41+10:00,2644133,2507_120,-33.79611587524414,151.18125915527344,4.0,0.0,0,0.0,True
2026-10-01T15:43:41+10:00,2621579,2507_285,-33.806182861328125,151.15316772460938,131.0,0.0,0,0.0,True
2026-10-01T15:43:41+10:00,2643636,2507_501,-33.86212921142578,151.16690063476562,298.0,19.8,-124,-2.07,False
2026-10-01T15:43:41+10:00,2654573,2507_120,-33.795902252197266,151.18121337890625,353.0,0.0,0,0.0,True
2026-10-01T15:43:41+10:00,2672370,2507_115,-33.830989837646484,151.2032928466797,144.0,0.0,54,0.9,True
2026-10-01T15:43:41+10:00,2407978,2507_261,-33.83000564575195,151.20237731933594,329.0,36.0,-65,-1.08,False
2026-10-01T15:43:41+10:00,2682099,2507_202,-33.863861083984375,151.2093963623047,352.0,0.0,0,0.0,True
2026-10-01T15:43:41+10:00,2731392,2507_291,-33.836795806884766,151.20701599121094,100.0,0.0,6,0.1,True
2026-10-01T15:43:41+10:00,2682003,2507_202,-33.833560943603516,151.20794677734375,11.0,15.8,-75,-1.25,False
2026-10-01T15:43:41+10:00,2644033,2507_501,-33.86886215209961,151.17689514160156,72.0,34.9,-74,-1.23,False
2026-10-01T15:43:41+10:00,2643937,2507_501,-33.83334732055664,151.127197265625,163.0,10.4,-132,-2.2,False
2026-10-01T15:43:41+10:00,2621536,2507_516,-33.79689025878906,151.16905212402344,266.0,0.0,58,0.97,True
2026-10-01T15:43:41+10:00,2644487,2507_120,-33.86671829223633,151.205810546875,174.0,17.3,-397,-6.62,False
2026-10-01T15:43:41+10:00,2634560,2507_254,-33.84870529174805,151.20518493652344,289.0,20.5,548,9.13,False
2026-10-01T15:43:41+10:00,2738434,2507_533,-33.8035774230957,151.14878845214844,97.0,38.9,455,7.58,False
2026-10-01T15:43:41+10:00,2731192,2507_507,-33.861976623535156,151.1667938232422,289.0,23.4,-124,-2.07,False
2026-10-01T15:43:41+10:00,2407922,2507_252,-33.81227111816406,151.17398071289062,95.0,0.7,54,0.9,True
2026-10-01T15:43:41+10:00,2672339,2507_115,-33.81352615356445,151.19970703125,337.0,29.5,-218,-3.63,False
2026-10-01T15:43:41+10:00,2555421,2507_265,-33.838890075683594,151.19564819335938,344.0,15.8,33,0.55,True
2026-10-01T15:43:41+10:00,2225515,2507_254,-33.8132438659668,151.1703643798828,35.0,16.9,83,1.38,True
2026-10-01T15:43:41+10:00,2672479,2507_267,-33.81126022338867,151.210693359375,10.0,0.0,256,4.27,True
2026-10-01T15:43:41+10:00,2672303,2507_115,-33.80348587036133,151.19944763183594,107.0,10.8,276,4.6,True
2026-10-01T15:43:41+10:00,2230606,2507_288,-33.81379318237305,151.18910217285156,260.0,75.6,-40,-0.67,True
2026-10-01T15:43:41+10:00,2407689,2507_252,-33.82109451293945,151.13494873046875,30.0,43.9,-54,-0.9,True
2026-10-01T15:43:41+10:00,2643809,2507_120,-33.80825424194336,151.19943237304688,182.0,44.3,112,1.87,True
2026-10-01T15:43:41+10:00,2654520,2507_52,-33.873191833496094,151.20889282226562,97.0,11.5,70,1.17,True
2026-10-01T15:43:41+10:00,2643079,2507_501,-33.87765884399414,151.19850158691406,155.0,9.7,-302,-5.03,False
2026-10-01T15:43:41+10:00,2322329,2507_506,-33.87299728393555,151.2071075439453,281.0,32.0,82,1.37,True
2026-10-01T15:43:41+10:00,2682075,2507_202,-33.81148147583008,151.2159423828125,100.0,39.6,-33,-0.55,True
2026-10-01T15:43:41+10:00,2555515,2507_265,-33.81816482543945,151.17034912109375,259.0,4.3,-62,-1.03,False
2026-10-01T15:43:41+10:00,2654588,2507_52,-33.82386016845703,151.12413024902344,123.0,0.0,35,0.58,True
2026-10-01T15:43:41+10:00,2406998,2507_265,-33.79599380493164,151.18121337890625,359.0,0.7,0,0.0,True
2026-10-01T15:43:41+10:00,2441579,2507_207,-33.82926940917969,151.20901489257812,190.0,0.0,-23,-0.38,True
2026-10-01T15:43:41+10:00,2225430,2507_505,-33.86865234375,151.1760711669922,342.0,31.3,-84,-1.4,False
2026-10-01T15:43:41+10:00,2643088,2507_501,-33.87050247192383,151.19192504882812,242.0,4.0,-252,-4.2,False
2026-10-01T15:43:41+10:00,2441930,2507_207,-33.810829162597656,151.2107391357422,354.0,14.0,87,1.45,True
2026-10-01T15:43:41+10:00,2322313,2507_506,-33.81547546386719,151.1226043701172,310.0,18.4,84,1.4,True
2026-10-01T15:43:41+10:00,2538104,2507_506,-33.8209228515625,151.1326141357422,121.0,35.3,1070,17.83,False
2026-10-01T15:43:41+10:00,2229394,2507_292,-33.868656158447266,151.20359802246094,174.0,0.0,104,1.73,True
2026-10-01T15:43:41+10:00,2738435,2507_533,-33.80375289916992,151.1497802734375,279.0,0.0,-90,-1.5,False
2026-10-01T15:43:41+10:00,2654425,2507_52,-33.837257385253906,151.1315460205078,112.0,44.6,380,6.33,False
2026-10-01T15:43:41+10:00,2643095,2507_120,-33.79593276977539,151.18370056152344,258.0,5.4,-339,-5.65,False
2026-10-01T15:43:41+10:00,2672434,2507_267,-33.84177780151367,151.18104553222656,318.0,0.0,0,0.0,True
2026-10-01T15:43:41+10:00,2322350,2507_506,-33.831634521484375,151.14178466796875,323.0,40.7,-197,-3.28,False
2026-10-01T15:43:41+10:00,2555451,2507_291,-33.82527542114258,151.19839477539062,321.0,0.0,-97,-1.62,False
2026-10-01T15:43:41+10:00,2621647,2507_288,-33.823909759521484,151.20944213867188,103.0,62.6,-465,-7.75,False
2026-10-01T15:43:41+10:00,2644600,2507_120,-33.8709602355957,151.20628356933594,172.0,0.0,-35,-0.58,True
2026-10-01T15:43:41+10:00,2621463,2507_256,-33.79306411743164,151.1562042236328,176.0,22.3,82,1.37,True
2026-10-01T15:43:41+10:00,2643651,2507_120,-33.79568862915039,151.18504333496094,71.0,8.3,347,5.78,False
2026-10-01T15:43:41+10:00,2621499,2507_288,-33.86505126953125,151.2032470703125,165.0,14.4,-190,-3.17,False
2026-10-01T15:43:41+10:00,2654539,2507_52,-33.85443878173828,151.1577911376953,323.0,39.6,-6,-0.1,True
2026-10-01T15:43:41+10:00,2621430,2507_251,-33.86083221435547,151.2060546875,192.0,0.0,4,0.07,True
2026-10-01T15:43:41+10:00,2731391,2507_507,-33.82819747924805,151.11834716796875,120.0,13.7,42,0.7,True
2026-10-01T15:43:41+10:00,2360021,2507_205,-33.810157775878906,151.20791625976562,5.0,25.9,-184,-3.07,False
2026-10-01T15:43:41+10:00,2682023,2507_536,-33.83137512207031,151.12632751464844,165.0,11.2,0,0.0,True
2026-10-01T15:43:41+10:00,2672330,2507_115,-33.79594039916992,151.1808624267578,183.0,10.4,0,0.0,True
2026-10-01T15:43:41+10:00,2644005,2507_501,-33.87770080566406,151.19851684570312,156.0,0.7,365,6.08,False
2026-10-01T15:43:41+10:00,2672305,2507_115,-33.79509735107422,151.18707275390625,249.0,0.0,-689,-11.48,False
2026-10-01T15:43:41+10:00,2447787,2507_203,-33.827091217041016,151.209228515625,10.0,0.0,0,0.0,True
2026-10-01T15:43:41+10:00,2654367,2507_120,-33.796199798583984,151.18031311035156,30.0,16.6,0,0.0,True
2026-10-01T15:43:41+10:00,2643261,2507_120,-33.80328369140625,151.19863891601562,280.0,0.7,43,0.72,True
2026-10-01T15:43:41+10:00,2227949,2507_292,-33.854522705078125,151.2093505859375,208.0,61.9,278,4.63,True
2026-10-01T15:43:41+10:00,2644950,2507_501,-33.83663558959961,151.12954711914062,296.0,48.2,-247,-4.12,False
2026-10-01T15:43:41+10:00,2634592,2507_261,-33.83681106567383,151.2067413330078,101.0,3.6,-176,-2.93,False
2026-10-01T15:43:41+10:00,2621601,2507_536,-33.81248474121094,151.17176818847656,260.0,0.0,-114,-1.9,False
2026-10-01T15:43:41+10:00,2621478,2507_252,-33.84286880493164,151.20721435546875,100.0,0.0,0,0.0,True
2026-10-01T15:43:41+10:00,2644436,2507_501,-33.88426208496094,151.20065307617188,267.0,0.0,45,0.75,True
2026-10-01T15:43:41+10:00,2407281,2507_255,-33.79555130004883,151.18069458007812,270.0,0.0,0,0.0,True
2026-10-01T15:43:41+10:00,2644328,2507_501,-33.853233337402344,151.15667724609375,142.0,50.4,-33,-0.55,True
2026-10-01T15:43:41+10:00,2654497,2507_52,-33.83937454223633,151.13491821289062,311.0,51.8,188,3.13,True
2026-10-01T15:43:41+10:00,2634530,2507_254,-33.821876525878906,151.1713409423828,325.0,45.4,-333,-5.55,False
2026-10-01T15:43:41+10:00,2731213,2507_507,-33.87358856201172,151.2110137939453,279.0,0.4,0,0.0,True
2026-10-01T15:43:41+10:00,2672281,2507_115,-33.83584213256836,151.20535278320312,343.0,29.9,-94,-1.57,False
2026-10-01T15:43:41+10:00,2654460,2507_52,-33.8712272644043,151.21290588378906,187.0,0.7,0,0.0,True
2026-10-01T15:43:41+10:00,2681946,2507_267,-33.82175827026367,151.21051025390625,189.0,20.5,32,0.53,True
2026-10-01T15:43:41+10:00,2317585,7084_SW2,-33.90770721435547,151.16773986816406,223.0,39.2,-1525,-25.42,False
2026-10-01T15:43:41+10:00,2632092,2510_301,-33.924354553222656,151.20750427246094,282.0,29.2,394,6.57,False
2026-10-01T15:43:41+10:00,2438371,7084_SW2,-33.906253814697266,151.1271514892578,217.0,32.4,-171,-2.85,False
2026-10-01T15:43:41+10:00,2613532,7084_SW2,-33.912261962890625,151.118896484375,68.0,4.3,-167,-2.78,False
2026-10-01T15:43:41+10:00,2328620,7084_SW2,-33.910179138183594,151.17025756835938,227.0,0.4,-2008,-33.47,False
2026-10-01T15:43:41+10:00,2438265,7084_SW2,-33.91343688964844,151.1620330810547,307.0,36.0,99,1.65,True
2026-10-01T15:43:41+10:00,2330535,7084_SW2,-33.90672302246094,151.14605712890625,293.0,0.0,1053,17.55,False
2026-10-01T15:43:41+10:00,2613598,7084_SW2,-33.904937744140625,151.1283721923828,36.0,28.4,122,2.03,True
2026-10-01T15:43:41+10:00,2330564,7084_SW2,-33.912776947021484,151.1655731201172,37.0,22.7,-146,-2.43,False
2026-10-01T15:43:41+10:00,2276801,7084_SW2,-33.905174255371094,151.1331787109375,293.0,35.3,-393,-6.55,False
2026-10-01T15:43:41+10:00,2613597,7084_SW2,-33.903987884521484,151.15577697753906,141.0,32.4,164,2.73,True
