timestamp,trip_id,route_id,lat,lon,bearing,speed_kmh,delay_sec,delay_min,on_time
2026-09-12T03:27:42+10:00,2088320,2508_BN1,-33.87141036987305,151.2063751220703,173.0,0.0,0,0.0,True
2026-09-12T03:27:42+10:00,2675708,2503_N30,-33.870880126953125,151.2062225341797,117.0,19.8,0,0.0,True
2026-09-12T03:27:42+10:00,2682589,2503_N40,-33.906795501708984,151.16461181640625,214.0,0.0,62,1.03,True
2026-09-12T03:27:42+10:00,2685990,2459_423,-33.89347457885742,151.1835174560547,230.0,34.9,159,2.65,True
2026-09-12T03:27:42+10:00,2443100,2454_N70,-33.871055603027344,151.12025451660156,280.0,59.8,447,7.45,False
2026-09-12T03:27:42+10:00,2406787,2507_N90,-33.87303924560547,151.2074432373047,97.0,0.0,0,0.0,True
2026-09-12T03:27:42+10:00,2088127,2508_BN1,-33.816104888916016,151.24307250976562,354.0,56.9,58,0.97,True
2026-09-12T03:27:42+10:00,2284000,2459_442,-33.870933532714844,151.20538330078125,81.0,0.0,93,1.55,True
2026-09-12T03:27:42+10:00,2653906,2459_420,-33.936187744140625,151.1645050048828,232.0,0.0,188,3.13,True
2026-09-12T03:27:42+10:00,2655079,2503_N40,-33.88429641723633,151.19482421875,52.0,21.6,405,6.75,False
2026-09-12T03:27:42+10:00,2089876,2508_BN1,-33.866947174072266,151.2062530517578,44.0,18.0,-125,-2.08,False
2026-09-12T03:27:42+10:00,2643116,2507_N80,-33.888179779052734,151.16416931152344,83.0,0.0,-180,-3.0,False
2026-09-12T03:27:42+10:00,2643755,2507_N91,-33.82334518432617,151.1962432861328,292.0,45.0,164,2.73,True
2026-09-12T03:27:42+10:00,2537453,2507_N81,-33.87350845336914,151.21124267578125,100.0,38.9,177,2.95,True
2026-09-12T03:27:42+10:00,2290353,2459_433,-33.880821228027344,151.2064971923828,213.0,0.0,0,0.0,True
2026-09-12T03:27:42+10:00,2368374,2510_N10,-33.944923400878906,151.18606567382812,74.0,76.3,207,3.45,True
2026-09-12T03:27:42+10:00,2707794,2504_N60,-33.8719367980957,151.20562744140625,356.0,0.0,0,0.0,True
2026-09-12T03:27:42+10:00,2708119,2504_607X,-33.86965560913086,151.20614624023438,175.0,43.2,1,0.02,True
2026-09-12T03:27:42+10:00,2286568,2459_423,-33.919498443603516,151.1449737548828,32.0,30.6,-73,-1.22,False
2026-09-12T03:27:42+10:00,2709665,2504_N71,-33.87175750732422,151.2064208984375,176.0,11.2,0,0.0,True
2026-09-12T03:27:42+10:00,2707413,2504_N60,-33.88863754272461,151.12474060058594,131.0,34.6,101,1.68,True
2026-09-12T03:27:42+10:00,2657418,2510_N20,-33.93621063232422,151.16444396972656,236.0,18.0,121,2.02,True
2026-09-12T03:27:42+10:00,2453097,2510_N11,-33.92433166503906,151.16119384765625,45.0,55.8,224,3.73,True
2026-09-12T03:27:42+10:00,2704637,2504_N61,-33.88023376464844,151.11099243164062,135.0,38.9,21,0.35,True
2026-09-12T03:27:42+10:00,2704098,2504_N50,-33.889930725097656,151.1306610107422,247.0,46.1,4,0.07,True
2026-09-12T03:27:42+10:00,2706035,2504_N61,-33.871116638183594,151.20553588867188,357.0,0.0,0,0.0,True
2026-09-12T03:27:42+10:00,2644302,2507_52,-33.874107360839844,151.2144775390625,180.0,0.0,0,0.0,True
2026-09-12T03:27:42+10:00,2368379,2510_N10,-33.88938522338867,151.19029235839844,220.0,56.5,111,1.85,True
2026-09-12T03:27:42+10:00,2657422,2510_N20,-33.935970306396484,151.1649932861328,229.0,23.4,38,0.63,True
2026-09-12T03:27:42+10:00,2668461,2459_420,-33.86979675292969,151.10958862304688,0.0,0.0,0,0.0,True
2026-09-12T03:27:42+10:00,2705850,2504_610X,-33.85380172729492,151.20980834960938,27.0,37.1,220,3.67,True
2026-09-12T03:27:42+10:00,2643873,2507_52,-33.83998107910156,151.136474609375,100.0,42.1,-17,-0.28,True
2026-09-12T03:27:42+10:00,2572377,7084_SW2,-33.91034698486328,151.1700897216797,253.0,0.4,-3262,-54.37,False
2026-09-12T03:27:42+10:00,2705496,2504_N50,-33.87302780151367,151.2073211669922,97.0,0.0,32,0.53,True
2026-09-12T03:27:42+10:00,2434561,2509_390X,-33.94222640991211,151.2397918701172,168.0,0.0,-63,-1.05,False
2026-09-12T03:27:42+10:00,2534225,2509_324,-33.846858978271484,151.28555297851562,109.0,39.2,146,2.43,True
2026-09-12T03:27:42+10:00,2140399,2509_396,-33.86204147338867,151.2112274169922,7.0,0.0,0,0.0,True
2026-09-12T03:27:42+10:00,2532564,2509_333,-33.89022445678711,151.24220275878906,116.0,22.0,-19,-0.32,True
2026-09-12T03:27:42+10:00,2533625,2509_333,-33.88956832885742,151.28329467773438,214.0,0.0,0,0.0,True
2026-09-12T03:27:42+10:00,2531705,2509_333,-33.862144470214844,151.21121215820312,7.0,0.0,0,0.0,True
2026-09-12T03:27:42+10:00,2531189,2509_333,-33.88992691040039,151.2342071533203,299.0,40.3,-16,-0.27,True
2026-09-12T03:27:42+10:00,2628732,2509_304,-33.89116287231445,151.21282958984375,189.0,32.8,128,2.13,True
2026-09-12T03:27:42+10:00,2346399,2509_390X,-33.94133377075195,151.23899841308594,346.0,33.5,144,2.4,True
2026-09-12T03:27:42+10:00,2357705,2509_373,-33.8791389465332,151.21507263183594,133.0,27.4,-90,-1.5,False
2026-09-12T03:27:42+10:00,2140343,2509_392N,-33.93958282470703,151.22854614257812,21.0,53.3,41,0.68,True
2026-09-12T03:27:42+10:00,2532361,2509_324,-33.877647399902344,151.24305725097656,56.0,0.0,-57,-0.95,True
2026-09-12T03:27:42+10:00,2352456,2509_392N,-33.94596862792969,151.22654724121094,85.0,23.4,7,0.12,True
2026-09-12T03:27:42+10:00,2356510,2509_373,-33.91950988769531,151.2572021484375,188.0,0.0,0,0.0,True
2026-09-12T03:27:42+10:00,2548742,2509_350,-33.89115905761719,151.24899291992188,278.0,0.0,0,0.0,True
2026-09-12T05:59:02+10:00,2668267,2459_420,-33.93434143066406,151.18331909179688,279.0,54.0,-250,-4.17,False
2026-09-12T05:59:02+10:00,2285116,2459_389,-33.872840881347656,151.20663452148438,289.0,32.4,-146,-2.43,False
2026-09-12T05:59:02+10:00,1912565,2459_483,-33.886600494384766,151.1080780029297,91.0,48.2,-1,-0.02,True
2026-09-12T05:59:02+10:00,2284239,2459_303,-33.921104431152344,151.2379913330078,279.0,0.0,8,0.13,True
2026-09-12T05:59:02+10:00,2308681,2459_445,-33.904563903808594,151.13894653320312,68.0,35.6,-33,-0.55,True
2026-09-12T05:59:02+10:00,2281326,7083_SW3,-33.904998779296875,151.12835693359375,212.0,32.4,-88,-1.47,False
2026-09-12T05:59:02+10:00,2668380,2459_420,-33.93511962890625,151.165771484375,203.0,23.0,124,2.07,True
2026-09-12T05:59:02+10:00,2420854,2508_230,-33.827598571777344,151.24407958984375,358.0,39.2,58,0.97,True
2026-09-12T05:59:02+10:00,2375460,2508_100,-33.83037185668945,151.21307373046875,14.0,54.0,-97,-1.62,False
2026-09-12T05:59:02+10:00,2707377,2504_610X,-33.83169937133789,151.21258544921875,28.0,55.4,171,2.85,True
2026-09-12T05:59:02+10:00,2284717,2459_428,-33.896820068359375,151.14866638183594,269.0,34.2,121,2.02,True
2026-09-12T05:59:02+10:00,1960858,2459_412,-33.91390609741211,151.1422882080078,138.0,30.2,21,0.35,True
2026-09-12T05:59:02+10:00,2283551,2459_470,-33.86492919921875,151.2099151611328,224.0,13.3,18,0.3,True
2026-09-12T05:59:02+10:00,2374020,2508_144,-33.816200256347656,151.17861938476562,152.0,52.2,-2,-0.03,True
2026-09-12T05:59:02+10:00,2373707,2508_100,-33.831661224365234,151.22274780273438,268.0,3.2,106,1.77,True
2026-09-12T05:59:02+10:00,2643412,2507_120,-33.79648208618164,151.1812286376953,358.0,0.0,0,0.0,True
2026-09-12T05:59:02+10:00,2682797,7083_SW1,-33.91032028198242,151.13287353515625,236.0,24.1,115,1.92,True
2026-09-12T05:59:02+10:00,2388807,2508_173X,-33.83011245727539,151.2176513671875,278.0,28.1,157,2.62,True
2026-09-12T05:59:02+10:00,2686066,2459_423,-33.87306594848633,151.20993041992188,186.0,4.7,112,1.87,True
2026-09-12T05:59:02+10:00,2377699,2508_172X,-33.84736251831055,151.2125701904297,348.0,42.1,57,0.95,True
2026-09-12T05:59:02+10:00,2424313,2508_230,-33.84136962890625,151.20907592773438,316.0,43.2,59,0.98,True
2026-09-12T05:59:02+10:00,1904380,2459_461X,-33.8769416809082,151.10145568847656,94.0,0.0,0,0.0,True
2026-09-12T05:59:02+10:00,2283388,2459_428,-33.899898529052734,151.1578369140625,118.0,47.5,24,0.4,True
2026-09-12T05:59:02+10:00,2554096,2459_358,-33.91537857055664,151.16552734375,55.0,0.0,0,0.0,True
2026-09-12T05:59:02+10:00,2415600,2508_B1,-33.86412811279297,151.20468139648438,343.0,37.8,166,2.77,True
2026-09-12T05:59:02+10:00,2288414,2459_438X,-33.887855529785156,151.16830444335938,85.0,31.0,-61,-1.02,False
2026-09-12T05:59:02+10:00,2686170,2459_423,-33.91279602050781,151.1540069580078,221.0,40.3,8,0.13,True
2026-09-12T05:59:02+10:00,2415541,2508_B1,-33.86667251586914,151.205810546875,175.0,22.7,80,1.33,True
2026-09-12T05:59:02+10:00,2596491,2459_492,-33.87580108642578,151.123291015625,39.0,32.4,79,1.32,True
2026-09-12T05:59:02+10:00,2708668,2504_607X,-33.801082611083984,151.1444854736328,129.0,72.4,82,1.37,True
2026-09-12T05:59:02+10:00,2285357,2459_440,-33.87690734863281,151.21200561523438,278.0,30.2,-171,-2.85,False
2026-09-12T05:59:02+10:00,2037078,2459_440,-33.884281158447266,151.1965789794922,88.0,36.7,331,5.52,False
2026-09-12T05:59:02+10:00,1906397,2459_461X,-33.884220123291016,151.19923400878906,88.0,42.8,-27,-0.45,True
2026-09-12T05:59:02+10:00,2283181,2459_426,-33.89324951171875,151.18385314941406,54.0,29.9,9,0.15,True
2026-09-12T05:59:02+10:00,2290227,2459_433,-33.85640335083008,151.17782592773438,290.0,30.6,128,2.13,True
2026-09-12T05:59:02+10:00,2289828,2459_438X,-33.882694244384766,151.2084503173828,189.0,13.7,-126,-2.1,False
2026-09-12T05:59:02+10:00,2643583,2507_52,-33.82743453979492,151.12640380859375,353.0,51.8,42,0.7,True
2026-09-12T05:59:02+10:00,2554071,2459_358,-33.923423767089844,151.20999145507812,280.0,34.6,-179,-2.98,False
2026-09-12T05:59:02+10:00,2284103,2459_442,-33.86714553833008,151.1753387451172,326.0,0.0,175,2.92,True
2026-09-12T05:59:02+10:00,2377664,2508_100,-33.841793060302734,151.24349975585938,21.0,0.0,0,0.0,True
2026-09-12T05:59:02+10:00,2309920,7083_SW3,-33.91456985473633,151.16531372070312,39.0,1.1,2108,35.13,False
2026-09-12T05:59:02+10:00,2644759,2507_120,-33.79875946044922,151.19842529296875,161.0,7.9,9,0.15,True
2026-09-12T05:59:02+10:00,1905236,2459_461X,-33.883182525634766,151.203857421875,221.0,33.8,-4,-0.07,True
2026-09-12T05:59:02+10:00,2672497,2507_115,-33.79545593261719,151.19686889648438,339.0,52.2,-55,-0.92,True
2026-09-12T05:59:02+10:00,2702251,2507_501,-33.88075256347656,151.20669555664062,208.0,0.0,0,0.0,True
2026-09-12T05:59:02+10:00,2554002,2459_358,-33.92153549194336,151.18418884277344,81.0,0.0,302,5.03,False
2026-09-12T05:59:02+10:00,2289558,2459_418,-33.90657043457031,151.14564514160156,316.0,29.5,126,2.1,True
2026-09-12T05:59:02+10:00,2283367,2459_431,-33.88275146484375,151.19052124023438,129.0,41.0,-2,-0.03,True
2026-09-12T05:59:02+10:00,2088398,2508_B1,-33.80915832519531,151.24610900878906,216.0,49.7,-37,-0.62,True
2026-09-12T05:59:02+10:00,2285104,2459_438X,-33.867286682128906,151.2106475830078,5.0,0.0,0,0.0,True
2026-09-12T05:59:02+10:00,2596644,2459_492,-33.865135192871094,151.17161560058594,311.0,44.6,0,0.0,True
2026-09-12T05:59:02+10:00,2620498,2507_290,-33.86518096923828,151.20448303222656,264.0,0.0,185,3.08,True
2026-09-12T05:59:02+10:00,2285701,2459_470,-33.874053955078125,151.16465759277344,167.0,0.0,0,0.0,True
2026-09-12T05:59:02+10:00,2536181,2459_458,-33.86875915527344,151.104736328125,281.0,45.7,21,0.35,True
2026-09-12T05:59:02+10:00,2309960,7083_SW3,-33.9100227355957,151.12232971191406,51.0,47.2,-12,-0.2,True
2026-09-12T05:59:02+10:00,2377694,2508_173X,-33.794376373291016,151.26473999023438,100.0,8.6,-162,-2.7,False
2026-09-12T05:59:02+10:00,2643694,2507_120,-33.86647415161133,151.20578002929688,174.0,33.1,323,5.38,False
2026-09-12T05:59:02+10:00,2530456,7084_SW2,-33.91449737548828,151.16537475585938,213.0,0.0,0,0.0,True
2026-09-12T05:59:02+10:00,2290792,2459_422,-33.91257095336914,151.17913818359375,36.0,0.0,7,0.12,True
2026-09-12T05:59:02+10:00,2590841,2508_280,-33.795345306396484,151.18145751953125,222.0,24.5,-478,-7.97,False
2026-09-12T05:59:02+10:00,2668215,2459_420,-33.87624740600586,151.1038818359375,9.0,0.0,958,15.97,False
2026-09-12T05:59:02+10:00,2377377,2508_144,-33.8162727355957,151.2431640625,349.0,45.7,129,2.15,True
2026-09-12T05:59:02+10:00,2579106,7084_SW2,-33.902687072753906,151.14376831054688,65.0,42.8,-72,-1.2,False
2026-09-12T05:59:02+10:00,2714054,2508_144,-33.82862854003906,151.2292022705078,242.0,39.2,318,5.3,False
2026-09-12T05:59:02+10:00,2672492,2507_115,-33.826908111572266,151.20213317871094,139.0,13.3,167,2.78,True
2026-09-12T05:59:02+10:00,2288090,2459_470,-33.87441635131836,151.1605682373047,346.0,24.5,62,1.03,True
2026-09-12T05:59:02+10:00,2284807,2459_433,-33.88300323486328,151.2040252685547,51.0,14.4,92,1.53,True
2026-09-12T05:59:02+10:00,2719151,2514_283,-33.796112060546875,151.18067932128906,190.0,0.0,0,0.0,True
2026-09-12T05:59:02+10:00,2290695,2459_423,-33.87824249267578,151.20840454101562,100.0,0.0,-41,-0.68,True
2026-09-12T05:59:02+10:00,2706233,2504_610X,-33.862205505371094,151.20547485351562,200.0,53.3,7,0.12,True
2026-09-12T05:59:02+10:00,2643847,2507_52,-33.870948791503906,151.19174194335938,98.0,58.3,-33,-0.55,True
2026-09-12T05:59:02+10:00,2349497,2459_418,-33.907493591308594,151.12889099121094,132.0,35.6,52,0.87,True
2026-09-12T05:59:02+10:00,2283574,2459_442,-33.858219146728516,151.17759704589844,189.0,34.2,9,0.15,True
2026-09-12T05:59:02+10:00,2636571,2459_504,-33.86457443237305,151.17135620117188,131.0,46.1,-62,-1.03,False
2026-09-12T05:59:02+10:00,2558832,7083_SW1,-33.91645050048828,151.14959716796875,44.0,28.1,275,4.58,True
2026-09-12T05:59:02+10:00,2373947,2508_144,-33.79664993286133,151.18043518066406,178.0,0.0,0,0.0,True
2026-09-12T05:59:02+10:00,2702425,2507_501,-33.846981048583984,151.15194702148438,153.0,0.0,115,1.92,True
2026-09-12T05:59:02+10:00,2088548,2508_B1,-33.85009765625,151.21217346191406,207.0,53.6,-106,-1.77,False
2026-09-12T05:59:02+10:00,2628811,2509_304,-33.90553665161133,151.21197509765625,27.0,25.9,-70,-1.17,False
2026-09-12T05:59:02+10:00,2533382,2509_350,-33.911964416503906,151.25747680664062,280.0,46.8,-56,-0.93,True
2026-09-12T05:59:02+10:00,2534022,2509_324,-33.85590362548828,151.2068328857422,48.0,0.0,0,0.0,True
2026-09-12T05:59:02+10:00,2301001,2509_399,-33.92243957519531,151.2270965576172,170.0,39.2,14,0.23,True
2026-09-12T05:59:02+10:00,2335582,2509_309,-33.94289779663086,151.1954803466797,336.0,40.3,175,2.92,True
2026-09-12T05:59:02+10:00,2494870,2509_343,-33.923580169677734,151.21075439453125,282.0,3.6,124,2.07,True
2026-09-12T05:59:02+10:00,2675044,2509_309,-33.893226623535156,151.19900512695312,22.0,0.0,87,1.45,True
2026-09-12T05:59:02+10:00,2531431,2509_350,-33.932830810546875,151.17984008789062,99.0,0.0,0,0.0,True
2026-09-12T05:59:02+10:00,2136780,2509_396,-33.880062103271484,151.21620178222656,321.0,0.0,313,5.22,False
2026-09-12T05:59:02+10:00,2137549,2509_375,-33.95266342163086,151.2445526123047,269.0,32.4,-187,-3.12,False
2026-09-12T05:59:02+10:00,2679345,2509_370,-33.87193298339844,151.1800994873047,194.0,0.0,0,0.0,True
2026-09-12T05:59:02+10:00,2533031,2509_350,-33.912200927734375,151.25860595703125,94.0,11.9,29,0.48,True
2026-09-12T05:59:02+10:00,2564351,2509_379,-33.89097213745117,151.25360107421875,65.0,36.0,78,1.3,True
2026-09-12T05:59:02+10:00,2675118,2509_309,-33.94675064086914,151.1974334716797,190.0,1.1,81,1.35,True
2026-09-12T05:59:02+10:00,2140329,2509_306,-33.92971420288086,151.19509887695312,98.0,0.0,-53,-0.88,True
2026-09-12T05:59:02+10:00,2488376,2509_392,-33.92431640625,151.22821044921875,128.0,0.0,207,3.45,True
2026-09-12T05:59:02+10:00,2357470,2509_343,-33.88277053833008,151.20843505859375,189.0,0.0,72,1.2,True
2026-09-12T05:59:02+10:00,2494843,2509_374,-33.88629150390625,151.2066650390625,8.0,0.0,86,1.43,True
2026-09-12T05:59:02+10:00,2532378,2509_313,-33.889705657958984,151.26173400878906,187.0,41.4,6,0.1,True
2026-09-12T05:59:02+10:00,2146609,2509_396,-33.92460632324219,151.228515625,307.0,28.4,-80,-1.33,False
2026-09-12T05:59:02+10:00,2534411,2509_324,-33.87763595581055,151.24298095703125,55.0,0.0,14,0.23,True
2026-09-12T05:59:02+10:00,2531230,2509_350,-33.944969177246094,151.22622680664062,188.0,16.6,-5,-0.08,True
2026-09-12T05:59:02+10:00,2357193,2509_370,-33.919857025146484,151.25701904296875,8.0,16.6,0,0.0,True
2026-09-12T05:59:02+10:00,2532977,2509_333,-33.8887939453125,151.27716064453125,86.0,0.0,-104,-1.73,False
2026-09-12T05:59:02+10:00,2551942,2509_379,-33.88686752319336,151.27243041992188,220.0,23.8,19,0.32,True
2026-09-12T05:59:02+10:00,2140226,2509_306,-33.89277267456055,151.19915771484375,23.0,0.0,0,0.0,True
2026-09-12T05:59:02+10:00,2138098,2509_396,-33.94199752807617,151.24195861816406,101.0,38.9,5,0.08,True
2026-09-12T05:59:02+10:00,2136768,2509_396,-33.947731018066406,151.25509643554688,42.0,0.0,0,0.0,True
2026-09-12T05:59:02+10:00,2533331,2509_324,-33.877933502197266,151.24276733398438,228.0,21.6,133,2.22,True
2026-09-12T05:59:02+10:00,2355991,2509_373,-33.87786865234375,151.20933532714844,188.0,0.0,217,3.62,True
2026-09-12T05:59:02+10:00,2434533,2509_390X,-33.91660690307617,151.2258758544922,170.0,45.7,-54,-0.9,True
2026-09-12T05:59:02+10:00,2534006,2509_381,-33.89360046386719,151.26150512695312,277.0,37.4,-118,-1.97,False
2026-09-12T05:59:02+10:00,2552017,2509_379,-33.904903411865234,151.2676239013672,295.0,20.9,-57,-0.95,True
2026-09-12T05:59:02+10:00,2470855,2509_356,-33.91355895996094,151.2396697998047,341.0,23.0,60,1.0,True
2026-09-12T05:59:02+10:00,2494891,2509_343,-33.875003814697266,151.20970153808594,11.0,0.0,97,1.62,True
2026-09-12T05:59:02+10:00,2534252,2509_350,-33.94211959838867,151.21682739257812,138.0,0.0,-8,-0.13,True
2026-09-12T05:59:02+10:00,2679350,2509_370,-33.88447570800781,151.1935272216797,87.0,36.4,108,1.8,True
2026-09-12T05:59:02+10:00,2679363,2509_370,-33.91193771362305,151.21127319335938,130.0,19.1,-10,-0.17,True
2026-09-12T05:59:02+10:00,2139884,2509_396,-33.879024505615234,151.21536254882812,135.0,15.8,-11,-0.18,True
2026-09-12T05:59:02+10:00,2609606,2509_333,-33.8748664855957,151.209716796875,10.0,0.0,275,4.58,True
2026-09-12T05:59:02+10:00,2533003,2509_387,-33.8570442199707,151.28265380859375,176.0,10.4,0,0.0,True
2026-09-12T05:59:02+10:00,2352279,2509_307,-33.943355560302734,151.2013397216797,255.0,44.3,-56,-0.93,True
2026-09-12T05:59:02+10:00,2403020,2509_311,-33.90855407714844,151.24786376953125,295.0,15.5,0,0.0,True
2026-09-12T05:59:02+10:00,2628666,2509_304,-33.87654113769531,151.20950317382812,184.0,24.1,2,0.03,True
2026-09-12T05:59:02+10:00,2357374,2509_370,-33.90681076049805,151.18128967285156,347.0,28.4,-183,-3.05,False
2026-09-12T05:59:02+10:00,2488467,2509_392,-33.892635345458984,151.19931030273438,25.0,0.0,0,0.0,True
2026-09-12T05:59:02+10:00,2346427,2509_390X,-33.91621780395508,151.2346954345703,119.0,29.5,227,3.78,True
2026-09-12T05:59:02+10:00,2137175,2509_375,-33.947547912597656,151.2553253173828,40.0,0.0,129,2.15,True
2026-09-12T05:59:02+10:00,2355914,2509_370,-33.91839599609375,151.24359130859375,281.0,41.0,61,1.02,True
2026-09-12T05:59:02+10:00,2356547,2509_374,-33.917686462402344,151.25416564941406,100.0,37.4,-92,-1.53,False
2026-09-12T05:59:02+10:00,2356625,2509_339,-33.884002685546875,151.21763610839844,109.0,21.6,54,0.9,True
2026-09-12T05:59:02+10:00,2534641,2509_333,-33.87721633911133,151.21273803710938,132.0,38.9,91,1.52,True
2026-09-12T05:59:02+10:00,2357727,2509_373,-33.909542083740234,151.2395477294922,9.0,31.3,0,0.0,True
2026-09-12T08:28:22+10:00,2609002,2459_430,-33.88277816772461,151.20443725585938,245.0,0.0,-166,-2.77,False
2026-09-12T08:28:22+10:00,2285497,2459_428,-33.902706146240234,151.169189453125,24.0,38.2,138,2.3,True
2026-09-12T08:28:22+10:00,2620097,2459_530,-33.83359909057617,151.146240234375,185.0,48.6,-109,-1.82,False
2026-09-12T08:28:22+10:00,2643592,2507_120,-33.87240982055664,151.2056884765625,356.0,32.8,128,2.13,True
2026-09-12T08:28:22+10:00,2037123,2459_440,-33.885074615478516,151.1842498779297,77.0,0.0,-107,-1.78,False
2026-09-12T08:28:22+10:00,2289181,2459_433,-33.867183685302734,151.17538452148438,326.0,37.8,-155,-2.58,False
2026-09-12T08:28:22+10:00,2709186,2504_610X,-33.813201904296875,151.19886779785156,133.0,81.0,-347,-5.78,False
2026-09-12T08:28:22+10:00,2283686,2459_433,-33.85729217529297,151.18038940429688,307.0,23.0,10,0.17,True
2026-09-12T08:28:22+10:00,2644284,2507_120,-33.79618453979492,151.1812286376953,4.0,3.2,0,0.0,True
2026-09-12T08:28:22+10:00,2660264,2459_320,-33.894649505615234,151.20687866210938,5.0,0.0,-43,-0.72,True
2026-09-12T08:28:22+10:00,2643835,2507_207,-33.818172454833984,151.21255493164062,169.0,44.3,141,2.35,True
2026-09-12T08:28:22+10:00,2538028,2507_533,-33.83938980102539,151.2074432373047,143.0,0.0,0,0.0,True
2026-09-12T08:28:22+10:00,2609053,2459_430,-33.915435791015625,151.1654510498047,56.0,0.0,0,0.0,True
2026-09-12T08:28:22+10:00,2596652,2459_490,-33.87508773803711,151.10409545898438,194.0,27.0,114,1.9,True
2026-09-12T08:28:22+10:00,2515307,2459_410,-33.866092681884766,151.1059112548828,190.0,31.3,199,3.32,True
2026-09-12T08:28:22+10:00,2714050,2508_144,-33.813804626464844,151.17678833007812,309.0,52.2,231,3.85,True
2026-09-12T08:28:22+10:00,2289861,2459_502,-33.8503303527832,151.11314392089844,203.0,31.7,41,0.68,True
2026-09-12T08:28:22+10:00,2210330,2459_464,-33.888031005859375,151.1262664794922,114.0,0.0,0,0.0,True
2026-09-12T08:28:22+10:00,1906372,2459_461X,-33.88812255859375,151.16197204589844,284.0,0.0,144,2.4,True
2026-09-12T08:28:22+10:00,2374752,2508_100,-33.86531448364258,151.2048797607422,355.0,0.0,283,4.72,True
2026-09-12T08:28:22+10:00,2219847,2459_412,-33.86703109741211,151.21067810058594,182.0,0.0,10,0.17,True
2026-09-12T08:28:22+10:00,2672512,2507_115,-33.79594039916992,151.18133544921875,64.0,7.2,260,4.33,True
2026-09-12T08:28:22+10:00,2618800,2459_422,-33.880775451660156,151.20669555664062,205.0,0.0,1,0.02,True
2026-09-12T08:28:22+10:00,2581626,2507_538,-33.83427047729492,151.15037536621094,279.0,28.8,29,0.48,True
2026-09-12T08:28:22+10:00,2621097,2507_516,-33.795963287353516,151.17459106445312,248.0,49.0,149,2.48,True
2026-09-12T08:28:22+10:00,2289681,2459_440,-33.88118362426758,151.2049560546875,302.0,0.0,-41,-0.68,True
2026-09-12T08:28:22+10:00,1905976,2459_461X,-33.875118255615234,151.2096710205078,6.0,23.8,-178,-2.97,False
2026-09-12T08:28:22+10:00,2713968,2508_144,-33.7943229675293,151.25909423828125,251.0,37.4,199,3.32,True
2026-09-12T08:28:22+10:00,2537923,2507_506,-33.83174514770508,151.1419677734375,146.0,37.1,-9,-0.15,True
2026-09-12T08:28:22+10:00,2714012,2508_144,-33.831661224365234,151.2223663330078,278.0,18.7,-194,-3.23,False
2026-09-12T08:28:22+10:00,2289016,2459_348,-33.91645050048828,151.24111938476562,159.0,0.0,273,4.55,True
2026-09-12T08:28:22+10:00,2376464,2508_100,-33.84185791015625,151.24342346191406,353.0,0.0,1,0.02,True
2026-09-12T08:28:22+10:00,2475889,2459_530,-33.86430358886719,151.1304168701172,2.0,5.4,150,2.5,True
2026-09-12T08:28:22+10:00,2284818,2459_442,-33.87122344970703,151.2063446044922,178.0,33.1,-156,-2.6,False
2026-09-12T08:28:22+10:00,2579059,7084_SW2,-33.90536880493164,151.12796020507812,36.0,41.0,22,0.37,True
2026-09-12T08:28:22+10:00,2636731,2459_504,-33.85130310058594,151.1290740966797,286.0,6.1,95,1.58,True
2026-09-12T08:28:22+10:00,2287286,2459_433,-33.868682861328125,151.17630004882812,162.0,8.3,78,1.3,True
2026-09-12T08:28:22+10:00,2415910,2508_B1,-33.85869598388672,151.20669555664062,28.0,38.5,108,1.8,True
2026-09-12T08:28:22+10:00,2420918,2508_230,-33.83119201660156,151.24053955078125,59.0,0.0,28,0.47,True
2026-09-12T08:28:22+10:00,2285399,2459_438X,-33.88466262817383,151.1925811767578,264.0,41.4,77,1.28,True
2026-09-12T08:28:22+10:00,2308693,2459_445,-33.85727310180664,151.18057250976562,118.0,0.0,-202,-3.37,False
2026-09-12T08:28:22+10:00,2285322,2459_438X,-33.88434982299805,151.19606018066406,87.0,0.0,-217,-3.62,False
2026-09-12T08:28:22+10:00,2686079,2459_423,-33.88393783569336,151.20257568359375,252.0,36.0,118,1.97,True
2026-09-12T08:28:22+10:00,2211675,2459_413,-33.88092041015625,151.20657348632812,31.0,0.0,0,0.0,True
2026-09-12T08:28:22+10:00,2037090,2459_440,-33.89173889160156,151.2471923828125,106.0,0.0,-88,-1.47,False
2026-09-12T08:28:22+10:00,2375136,2508_144,-33.831565856933594,151.22276306152344,92.0,28.1,210,3.5,True
2026-09-12T08:28:22+10:00,2228338,2507_292,-33.86804962158203,151.2035369873047,174.0,32.4,-25,-0.42,True
2026-09-12T08:28:22+10:00,2287240,2459_426,-33.88410949707031,151.19989013671875,85.0,0.0,201,3.35,True
2026-09-12T08:28:22+10:00,2289268,2459_423,-33.88719177246094,151.1935272216797,31.0,23.4,-74,-1.23,False
2026-09-12T08:28:22+10:00,2596533,2459_490,-33.851383209228516,151.15420532226562,232.0,0.4,0,0.0,True
2026-09-12T08:28:22+10:00,2550559,2508_263,-33.858619689941406,151.20677185058594,28.0,38.5,411,6.85,False
2026-09-12T08:28:22+10:00,2286176,2459_440,-33.8905029296875,151.24302673339844,288.0,21.6,-58,-0.97,True
2026-09-12T08:28:22+10:00,2375518,2508_B1,-33.817405700683594,151.24366760253906,161.0,50.0,210,3.5,True
2026-09-12T08:28:22+10:00,2474840,2459_389,-33.875160217285156,151.21421813964844,184.0,0.0,28,0.47,True
2026-09-12T08:28:22+10:00,2642922,2507_52,-33.851009368896484,151.154541015625,144.0,10.1,85,1.42,True
2026-09-12T08:28:22+10:00,2702220,2507_501,-33.87067413330078,151.1916046142578,216.0,0.0,100,1.67,True
2026-09-12T08:28:22+10:00,2554418,2459_358,-33.91826248168945,151.24082946777344,12.0,0.0,-74,-1.23,False
2026-09-12T08:28:22+10:00,2285251,2459_389,-33.89146423339844,151.2494354248047,98.0,10.8,20,0.33,True
2026-09-12T08:28:22+10:00,2226276,2507_292,-33.863922119140625,151.20547485351562,188.0,8.6,8,0.13,True
2026-09-12T08:28:22+10:00,2288697,2459_431,-33.8647346496582,151.2101287841797,227.0,0.0,0,0.0,True
2026-09-12T08:28:22+10:00,2090319,2508_160X,-33.79021453857422,151.18287658691406,67.0,0.0,445,7.42,False
2026-09-12T08:28:22+10:00,2230858,2507_275,-33.7911491394043,151.2066192626953,334.0,28.1,-19,-0.32,True
2026-09-12T08:28:22+10:00,1964148,2459_445,-33.85603332519531,151.17579650878906,279.0,19.8,-29,-0.48,True
2026-09-12T08:28:22+10:00,2094319,2459_422,-33.91645812988281,151.1731414794922,232.0,49.0,19,0.32,True
2026-09-12T08:28:22+10:00,2718915,2514_283,-33.79251480102539,151.1953125,70.0,0.0,48,0.8,True
2026-09-12T08:28:22+10:00,2289778,2459_418,-33.90494918823242,151.1382293701172,241.0,0.0,201,3.35,True
2026-09-12T08:28:22+10:00,2668448,2459_420,-33.92448043823242,151.18826293945312,279.0,0.0,198,3.3,True
2026-09-12T08:28:22+10:00,2702387,2507_501,-33.88372039794922,151.20199584960938,155.0,22.7,-82,-1.37,False
2026-09-12T08:28:22+10:00,2474844,2459_389,-33.8702278137207,151.19422912597656,154.0,36.4,-96,-1.6,False
2026-09-12T08:28:22+10:00,2286293,2459_438X,-33.88410568237305,151.15196228027344,86.0,14.4,-83,-1.38,False
2026-09-12T08:28:22+10:00,2530248,7084_SW2,-33.91426086425781,151.16616821289062,230.0,0.0,-372,-6.2,False
2026-09-12T08:28:22+10:00,2709656,2504_610X,-33.85414505004883,151.20957946777344,27.0,57.6,195,3.25,True
2026-09-12T08:28:22+10:00,2536767,2459_458,-33.87514877319336,151.10577392578125,98.0,0.0,0,0.0,True
2026-09-12T08:28:22+10:00,2596607,2459_491,-33.885799407958984,151.12399291992188,301.0,15.8,-96,-1.6,False
2026-09-12T08:28:22+10:00,2713907,2508_144,-33.823482513427734,151.1945037841797,264.0,23.4,-132,-2.2,False
2026-09-12T08:28:22+10:00,2441707,2507_207,-33.81472396850586,151.21202087402344,347.0,51.5,129,2.15,True
2026-09-12T08:28:22+10:00,2373855,2508_100,-33.83014678955078,151.21795654296875,277.0,1.1,482,8.03,False
2026-09-12T08:28:22+10:00,2283434,2459_426,-33.884246826171875,151.20132446289062,260.0,27.0,-61,-1.02,False
2026-09-12T08:28:22+10:00,2289587,2459_433,-33.8806266784668,151.2067413330078,180.0,0.0,0,0.0,True
2026-09-12T08:28:22+10:00,2596580,2459_492,-33.899932861328125,151.10809326171875,186.0,37.4,309,5.15,False
2026-09-12T08:28:22+10:00,2672495,2507_115,-33.841182708740234,151.2080078125,277.0,0.0,-201,-3.35,False
2026-09-12T08:28:22+10:00,2284098,2459_426,-33.91151809692383,151.1187744140625,0.0,0.0,130,2.17,True
2026-09-12T08:28:22+10:00,2643252,2507_120,-33.85071563720703,151.21173095703125,207.0,68.8,41,0.68,True
2026-09-12T08:28:22+10:00,2280514,7083_SW3,-33.90484619140625,151.14393615722656,319.0,15.1,2420,40.33,False
2026-09-12T08:28:22+10:00,2682923,7083_SW1,-33.912662506103516,151.11843872070312,228.0,0.0,18,0.3,True
2026-09-12T08:28:22+10:00,2287261,2459_433,-33.88307189941406,151.19097900390625,125.0,0.0,-150,-2.5,False
2026-09-12T08:28:22+10:00,2037307,2459_440,-33.881587982177734,151.20596313476562,60.0,21.6,157,2.62,True
2026-09-12T08:28:22+10:00,2308934,2459_445,-33.8951301574707,151.1542205810547,2.0,23.8,53,0.88,True
2026-09-12T08:28:22+10:00,2718893,2514_270,-33.87040328979492,151.20545959472656,355.0,0.0,0,0.0,True
2026-09-12T08:28:22+10:00,2290108,2459_348,-33.92007064819336,151.1698455810547,211.0,0.4,-174,-2.9,False
2026-09-12T08:28:22+10:00,2484432,2459_483,-33.88804244995117,151.12342834472656,297.0,0.0,-81,-1.35,False
2026-09-12T08:28:22+10:00,2608978,2459_430,-33.90098571777344,151.1701202392578,24.0,47.9,98,1.63,True
2026-09-12T08:28:22+10:00,1904620,2459_461X,-33.88850021362305,151.15594482421875,77.0,24.5,-54,-0.9,True
2026-09-12T08:28:22+10:00,2681989,2507_533,-33.80768585205078,151.1720733642578,101.0,6.1,-90,-1.5,False
2026-09-12T08:28:22+10:00,2375232,2508_100,-33.828521728515625,151.2296905517578,239.0,0.7,244,4.07,True
2026-09-12T08:28:22+10:00,2389386,2508_173X,-33.830528259277344,151.219482421875,295.0,22.7,319,5.32,False
2026-09-12T08:28:22+10:00,2596601,2459_492,-33.88591766357422,151.10797119140625,6.0,0.0,386,6.43,False
2026-09-12T08:28:22+10:00,2702484,2507_501,-33.838340759277344,151.1334228515625,310.0,60.5,192,3.2,True
2026-09-12T08:28:22+10:00,2415877,2508_B1,-33.852779388427734,151.21043395996094,28.0,45.7,529,8.82,False
2026-09-12T08:28:22+10:00,2620462,2507_291,-33.824405670166016,151.18812561035156,125.0,50.8,-146,-2.43,False
2026-09-12T08:28:22+10:00,2374093,2508_B1,-33.796382904052734,151.25286865234375,194.0,61.6,49,0.82,True
2026-09-12T08:28:22+10:00,2309774,7083_SW3,-33.90861129760742,151.1603240966797,124.0,40.7,5,0.08,True
2026-09-12T08:28:22+10:00,2719362,2514_141,-33.789573669433594,151.24130249023438,160.0,48.2,147,2.45,True
2026-09-12T08:28:22+10:00,2284026,2459_438X,-33.8699836730957,151.13067626953125,130.0,0.0,-88,-1.47,False
2026-09-12T08:28:22+10:00,2285068,2459_469,-33.8857307434082,151.1494903564453,80.0,0.0,0,0.0,True
2026-09-12T08:28:22+10:00,2719218,2514_194,-33.78150177001953,151.19638061523438,158.0,0.0,164,2.73,True
2026-09-12T08:28:22+10:00,2210830,2459_413,-33.884300231933594,151.20115661621094,264.0,31.3,55,0.92,True
2026-09-12T08:28:22+10:00,2287414,2459_348,-33.90678405761719,151.18235778808594,80.0,0.0,139,2.32,True
2026-09-12T08:28:22+10:00,1906373,2459_461X,-33.8734016418457,151.21055603027344,282.0,7.9,-116,-1.93,False
2026-09-12T08:28:22+10:00,2210986,2459_473,-33.93602752685547,151.14309692382812,58.0,34.6,-212,-3.53,False
2026-09-12T08:28:22+10:00,2705472,2504_607X,-33.86273193359375,151.20526123046875,197.0,44.6,-341,-5.68,False
2026-09-12T08:28:22+10:00,2620981,2507_252,-33.83405685424805,151.20510864257812,348.0,45.4,71,1.18,True
2026-09-12T08:28:22+10:00,2515164,2459_410,-33.869873046875,151.10508728027344,14.0,14.8,446,7.43,False
2026-09-12T08:28:22+10:00,2285538,2459_389,-33.891441345214844,151.24923706054688,95.0,0.0,0,0.0,True
2026-09-12T08:28:22+10:00,2210916,2459_464,-33.8880615234375,151.12374877929688,120.0,5.0,-163,-2.72,False
2026-09-12T08:28:22+10:00,2349692,2459_418,-33.90922164916992,151.1536102294922,120.0,36.4,-115,-1.92,False
2026-09-12T08:28:22+10:00,2713961,2508_114,-33.831565856933594,151.22215270996094,294.0,29.5,218,3.63,True
2026-09-12T08:28:22+10:00,2683050,7083_SW1,-33.91379928588867,151.15310668945312,211.0,7.9,-40,-0.67,True
2026-09-12T08:28:22+10:00,2530356,7084_SW2,-33.91007614135742,151.15536499023438,299.0,13.7,188,3.13,True
2026-09-12T08:28:22+10:00,2718813,2514_194,-33.87168502807617,151.20559692382812,354.0,0.0,0,0.0,True
2026-09-12T08:28:22+10:00,2643298,2507_120,-33.85475540161133,151.2090301513672,27.0,51.1,459,7.65,False
2026-09-12T08:28:22+10:00,2589820,2508_280,-33.794864654541016,151.1825714111328,189.0,16.6,-459,-7.65,False
2026-09-12T08:28:22+10:00,2719173,2514_271,-33.85666275024414,151.20787048339844,28.0,47.9,457,7.62,False
2026-09-12T08:28:22+10:00,2285316,2459_422,-33.90472412109375,151.18057250976562,338.0,19.8,126,2.1,True
2026-09-12T08:28:22+10:00,2375461,2508_144,-33.82841873168945,151.20596313476562,101.0,0.0,11,0.18,True
2026-09-12T08:28:22+10:00,2620935,2507_288,-33.85802459716797,151.20716857910156,208.0,69.5,-194,-3.23,False
2026-09-12T08:28:22+10:00,2719077,2514_283,-33.795440673828125,151.18128967285156,212.0,0.0,-427,-7.12,False
2026-09-12T08:28:22+10:00,2285787,2459_438X,-33.86699676513672,151.12997436523438,11.0,39.6,-22,-0.37,True
2026-09-12T08:28:22+10:00,2286004,2459_389,-33.86659622192383,151.19505310058594,218.0,16.9,83,1.38,True
2026-09-12T08:28:22+10:00,2441988,2507_207,-33.86345291137695,151.2109832763672,264.0,5.8,0,0.0,True
2026-09-12T08:28:22+10:00,2702421,2507_501,-33.82298278808594,151.1223907470703,128.0,37.4,31,0.52,True
2026-09-12T08:28:22+10:00,2322548,2507_506,-33.82019805908203,151.13088989257812,301.0,34.6,-112,-1.87,False
2026-09-12T08:28:22+10:00,2407569,2507_252,-33.8299674987793,151.12718200683594,49.0,0.4,0,0.0,True
2026-09-12T08:28:22+10:00,2558699,7083_SW1,-33.91239929199219,151.14053344726562,144.0,20.5,-169,-2.82,False
2026-09-12T08:28:22+10:00,1960143,2459_413,-33.89548873901367,151.13864135742188,106.0,23.8,141,2.35,True
2026-09-12T08:28:22+10:00,2226808,2507_288,-33.854026794433594,151.20953369140625,28.0,53.3,592,9.87,False
2026-09-12T08:28:22+10:00,2636737,2459_504,-33.8727912902832,151.20643615722656,94.0,0.0,291,4.85,True
2026-09-12T08:28:22+10:00,2036723,2459_412,-33.92680358886719,151.12835693359375,100.0,11.9,162,2.7,True
2026-09-12T08:28:22+10:00,2668256,2459_420,-33.9304313659668,151.18673706054688,197.0,35.6,1095,18.25,False
2026-09-12T08:28:22+10:00,2668483,2459_420,-33.880653381347656,151.10301208496094,190.0,11.2,108,1.8,True
2026-09-12T08:28:22+10:00,2376903,2508_B1,-33.823184967041016,151.24314880371094,233.0,33.5,627,10.45,False
2026-09-12T08:28:22+10:00,2554351,2459_358,-33.92139434814453,151.18771362304688,11.0,54.7,-129,-2.15,False
2026-09-12T08:28:22+10:00,2038920,2459_412,-33.90142822265625,151.1533966064453,3.0,29.2,-8,-0.13,True
2026-09-12T08:28:22+10:00,2090492,2508_160X,-33.79476547241211,151.18251037597656,160.0,9.0,-206,-3.43,False
2026-09-12T08:28:22+10:00,2210754,2459_466,-33.87035369873047,151.1050567626953,190.0,29.5,40,0.67,True
2026-09-12T08:28:22+10:00,1961735,2459_412,-33.88520431518555,151.18359375,77.0,5.4,-95,-1.58,False
2026-09-12T08:28:22+10:00,1904621,2459_461X,-33.87715530395508,151.10279846191406,97.0,0.0,0,0.0,True
2026-09-12T08:28:22+10:00,2554426,2459_358,-33.921424865722656,151.195556640625,279.0,52.6,24,0.4,True
2026-09-12T08:28:22+10:00,2596552,2459_490,-33.854393005371094,151.14939880371094,53.0,40.0,-103,-1.72,False
2026-09-12T08:28:22+10:00,2309964,7083_SW3,-33.9129753112793,151.11782836914062,50.0,37.8,18,0.3,True
2026-09-12T08:28:22+10:00,2702316,2507_501,-33.85026168823242,151.1538543701172,150.0,21.2,437,7.28,False
2026-09-12T08:28:22+10:00,2719314,2514_270,-33.80489730834961,151.2054443359375,190.0,56.2,122,2.03,True
2026-09-12T08:28:22+10:00,2642810,2507_52,-33.87275314331055,151.20562744140625,85.0,0.0,-193,-3.22,False
2026-09-12T08:28:22+10:00,2392266,2508_114,-33.827579498291016,151.20066833496094,142.0,0.0,147,2.45,True
2026-09-12T08:28:22+10:00,2287892,2459_438X,-33.864959716796875,151.20986938476562,228.0,0.0,0,0.0,True
2026-09-12T08:28:22+10:00,2702511,2507_501,-33.880889892578125,151.2066650390625,211.0,0.0,79,1.32,True
2026-09-12T08:28:22+10:00,2377336,2508_173X,-33.85824203491211,151.20703125,29.0,28.1,404,6.73,False
2026-09-12T08:28:22+10:00,2718914,2514_277,-33.787017822265625,151.21694946289062,290.0,45.0,-49,-0.82,True
2026-09-12T08:28:22+10:00,2705037,2504_610X,-33.87137985229492,151.2063751220703,173.0,19.8,0,0.0,True
2026-09-12T08:28:22+10:00,2210535,2459_406,-33.879730224609375,151.13946533203125,211.0,34.6,247,4.12,True
2026-09-12T08:28:22+10:00,2634537,2507_254,-33.823150634765625,151.17205810546875,200.0,13.0,21,0.35,True
2026-09-12T08:28:22+10:00,2644536,2507_52,-33.87357711791992,151.2106170654297,279.0,0.0,0,0.0,True
2026-09-12T08:28:22+10:00,2374952,2508_144,-33.81037139892578,151.17709350585938,229.0,21.2,75,1.25,True
2026-09-12T08:28:22+10:00,2589805,2508_280,-33.79613494873047,151.18087768554688,187.0,0.0,0,0.0,True
2026-09-12T08:28:22+10:00,2407729,2507_252,-33.81450653076172,151.16786193847656,93.0,17.3,-199,-3.32,False
2026-09-12T08:28:22+10:00,2660322,2459_320,-33.886070251464844,151.2026824951172,20.0,5.4,0,0.0,True
2026-09-12T08:28:22+10:00,2375594,2508_172X,-33.81432342529297,151.2436065673828,189.0,40.3,214,3.57,True
2026-09-12T08:28:22+10:00,2287763,2459_442,-33.856964111328125,151.1798095703125,313.0,0.0,-5,-0.08,True
2026-09-12T08:28:22+10:00,2211494,2459_464,-33.861263275146484,151.10525512695312,119.0,47.5,-17,-0.28,True
2026-09-12T08:28:22+10:00,2284603,2459_440,-33.88810729980469,151.16583251953125,265.0,34.2,399,6.65,False
2026-09-12T08:28:22+10:00,2596572,2459_492,-33.866004943847656,151.13015747070312,185.0,35.3,97,1.62,True
2026-09-12T08:28:22+10:00,2643047,2507_52,-33.873748779296875,151.21229553222656,274.0,24.8,0,0.0,True
2026-09-12T08:28:22+10:00,2288377,2459_470,-33.884620666503906,151.1924591064453,264.0,37.8,-128,-2.13,False
2026-09-12T08:28:22+10:00,2424296,2508_230,-33.83620834350586,151.20712280273438,9.0,41.4,111,1.85,True
2026-09-12T08:28:22+10:00,2668294,2459_420,-33.93292236328125,151.17984008789062,88.0,0.0,-250,-4.17,False
2026-09-12T08:28:22+10:00,2708015,2504_610X,-33.86612319946289,151.2057342529297,174.0,4.7,-199,-3.32,False
2026-09-12T08:28:22+10:00,2290310,2459_428,-33.897254943847656,151.17919921875,214.0,28.8,308,5.13,False
2026-09-12T08:28:22+10:00,2643178,2507_52,-33.869075775146484,151.176513671875,264.0,14.0,152,2.53,True
2026-09-12T08:28:22+10:00,2620099,2459_530,-33.79603576660156,151.18048095703125,177.0,0.0,0,0.0,True
2026-09-12T08:28:22+10:00,2672421,2507_267,-33.83184814453125,151.18618774414062,28.0,26.3,31,0.52,True
2026-09-12T08:28:22+10:00,2340675,2459_308,-33.888938903808594,151.20802307128906,186.0,31.0,-157,-2.62,False
2026-09-12T08:28:22+10:00,2285198,2459_470,-33.884361267089844,151.19461059570312,86.0,0.0,25,0.42,True
2026-09-12T08:28:22+10:00,2211797,2459_464,-33.85716247558594,151.103271484375,350.0,0.0,9,0.15,True
2026-09-12T08:28:22+10:00,2286211,2459_437,-33.8742790222168,151.15602111816406,175.0,25.2,97,1.62,True
2026-09-12T08:28:22+10:00,2376755,2508_111,-33.83351135253906,151.2515411376953,102.0,45.4,22,0.37,True
2026-09-12T08:28:22+10:00,2284839,2459_442,-33.85822677612305,151.18455505371094,88.0,22.3,202,3.37,True
2026-09-12T08:28:22+10:00,2322602,2507_506,-33.87094497680664,151.2142791748047,316.0,0.0,1,0.02,True
2026-09-12T08:28:22+10:00,2643387,2507_52,-33.8320426940918,151.1267547607422,356.0,0.0,2,0.03,True
2026-09-12T08:28:22+10:00,2220063,2459_412,-33.89411544799805,151.1573486328125,222.0,17.6,-116,-1.93,False
2026-09-12T08:28:22+10:00,2672509,2507_115,-33.79649353027344,151.18118286132812,2.0,0.0,0,0.0,True
2026-09-12T08:28:22+10:00,1973712,2508_162,-33.797359466552734,151.26951599121094,101.0,39.2,-37,-0.62,True
2026-09-12T08:28:22+10:00,2706833,2504_610X,-33.82600402832031,151.21273803710938,328.0,0.0,647,10.78,False
2026-09-12T08:28:22+10:00,2424314,2508_230,-33.84060287475586,151.21490478515625,163.0,43.2,0,0.0,True
2026-09-12T08:28:22+10:00,2686083,2459_423,-33.91803741455078,151.1472625732422,236.0,30.2,142,2.37,True
2026-09-12T08:28:22+10:00,2285989,2459_303,-33.9492073059082,151.1649932861328,229.0,0.0,86,1.43,True
2026-09-12T08:28:22+10:00,2290286,2459_389,-33.87582015991211,151.21560668945312,282.0,32.4,-63,-1.05,False
2026-09-12T08:28:22+10:00,2643369,2507_120,-33.79338455200195,151.196044921875,158.0,16.2,135,2.25,True
2026-09-12T08:28:22+10:00,2578991,7084_SW2,-33.90216064453125,151.154052734375,142.0,40.7,75,1.25,True
2026-09-12T08:28:22+10:00,2289219,2459_440,-33.870914459228516,151.16119384765625,222.0,43.2,0,0.0,True
2026-09-12T08:28:22+10:00,2644744,2507_52,-33.83082962036133,151.12684631347656,177.0,24.1,-30,-0.5,True
2026-09-12T08:28:22+10:00,2090498,2508_160X,-33.79659652709961,151.1808624267578,186.0,0.0,0,0.0,True
2026-09-12T08:28:22+10:00,2686164,2459_423,-33.86679458618164,151.21070861816406,186.0,0.0,0,0.0,True
2026-09-12T08:28:22+10:00,2288452,2459_438X,-33.84490966796875,151.12847900390625,2.0,0.0,4,0.07,True
2026-09-12T08:28:22+10:00,2415971,2508_B1,-33.86643981933594,151.20632934570312,8.0,9.0,53,0.88,True
2026-09-12T08:28:22+10:00,2377522,2508_100,-33.8497314453125,151.2121124267578,27.0,58.7,696,11.6,False
2026-09-12T08:28:22+10:00,2230499,2507_507,-33.82807540893555,151.1180419921875,128.0,0.0,-34,-0.57,True
2026-09-12T08:28:22+10:00,2389391,2508_173X,-33.79425048828125,151.26312255859375,279.0,0.0,149,2.48,True
2026-09-12T08:28:22+10:00,2288080,2459_426,-33.90829086303711,151.16342163085938,34.0,38.5,-36,-0.6,True
2026-09-12T08:28:22+10:00,2289385,2459_438X,-33.87398910522461,151.20982360839844,6.0,33.1,-7,-0.12,True
2026-09-12T08:28:22+10:00,2352787,2509_356,-33.91292190551758,151.23947143554688,196.0,6.5,138,2.3,True
2026-09-12T08:28:22+10:00,2534232,2509_352,-33.886138916015625,151.2139434814453,9.0,18.4,17,0.28,True
2026-09-12T08:28:22+10:00,2355948,2509_373,-33.9099235534668,151.23944091796875,9.0,36.4,26,0.43,True
2026-09-12T08:28:22+10:00,2335820,2509_309,-33.92441177368164,151.19570922851562,12.0,46.4,-38,-0.63,True
2026-09-12T08:28:22+10:00,2551971,2509_379,-33.89103317260742,151.24830627441406,277.0,0.0,-218,-3.63,False
2026-09-12T08:28:22+10:00,2609560,2509_333,-33.89409255981445,151.26458740234375,280.0,31.7,5,0.08,True
2026-09-12T08:28:22+10:00,2610058,2509_333,-33.8664665222168,151.21067810058594,197.0,27.4,48,0.8,True
2026-09-12T08:28:22+10:00,2138372,2509_375,-33.91498947143555,151.24026489257812,340.0,2.5,637,10.62,False
2026-09-12T08:28:22+10:00,2357299,2509_373,-33.90027618408203,151.2228546142578,175.0,46.8,59,0.98,True
2026-09-12T08:28:22+10:00,2679335,2509_370,-33.871826171875,151.18017578125,237.0,0.0,0,0.0,True
2026-09-12T08:28:22+10:00,2534105,2509_350,-33.94013595581055,151.21485900878906,322.0,40.7,-41,-0.68,True
2026-09-12T08:28:22+10:00,2628614,2509_304,-33.89842224121094,151.21192932128906,217.0,31.0,15,0.25,True
2026-09-12T08:28:22+10:00,2531934,2509_380,-33.89137649536133,151.27401733398438,228.0,25.6,116,1.93,True
2026-09-12T08:28:22+10:00,2532494,2509_325,-33.87498092651367,151.2230987548828,274.0,0.0,216,3.6,True
2026-09-12T08:28:22+10:00,2335605,2509_309,-33.955684661865234,151.22964477539062,254.0,25.2,37,0.62,True
2026-09-12T08:28:22+10:00,2488404,2509_392,-33.945884704589844,151.22613525390625,178.0,0.0,138,2.3,True
2026-09-12T08:28:22+10:00,2357736,2509_311,-33.87110137939453,151.20553588867188,354.0,0.0,-24,-0.4,True
2026-09-12T08:28:22+10:00,2403257,2509_311,-33.87327575683594,151.20965576171875,96.0,9.0,9,0.15,True
2026-09-12T08:28:22+10:00,2533924,2509_386,-33.886173248291016,151.26560974121094,195.0,40.3,84,1.4,True
2026-09-12T08:28:22+10:00,2531513,2509_350,-33.93092727661133,151.25567626953125,333.0,36.7,-194,-3.23,False
2026-09-12T08:28:22+10:00,2534572,2509_352,-33.90856170654297,151.17196655273438,80.0,0.0,3,0.05,True
2026-09-12T08:28:22+10:00,2628586,2509_304,-33.888671875,151.2133331298828,9.0,37.1,97,1.62,True
2026-09-12T08:28:22+10:00,2531438,2509_325,-33.848350524902344,151.2801513671875,216.0,36.7,68,1.13,True
2026-09-12T08:28:22+10:00,2139220,2509_396,-33.942115783691406,151.25070190429688,212.0,42.8,139,2.32,True
2026-09-12T08:28:22+10:00,2139122,2509_375,-33.94596862792969,151.2571563720703,48.0,20.9,199,3.32,True
2026-09-12T08:28:22+10:00,2679257,2509_370,-33.88595199584961,151.19427490234375,200.0,44.3,112,1.87,True
2026-09-12T08:28:22+10:00,2300922,2509_399,-33.921321868896484,151.2265625,353.0,27.4,197,3.28,True
2026-09-12T08:28:22+10:00,2531446,2509_350,-33.94557189941406,151.2219696044922,125.0,38.9,301,5.02,False
2026-09-12T08:28:22+10:00,2398231,2509_392,-33.95608139038086,151.23033142089844,337.0,15.5,-34,-0.57,True
2026-09-12T08:28:22+10:00,2532022,2509_324,-33.84333038330078,151.2841033935547,345.0,0.0,0,0.0,True
2026-09-12T08:28:22+10:00,2679235,2509_370,-33.907344818115234,151.2029571533203,186.0,0.0,-100,-1.67,False
2026-09-12T08:28:22+10:00,2531617,2509_381,-33.897464752197266,151.27239990234375,100.0,36.7,-60,-1.0,True
2026-09-12T08:28:22+10:00,2679321,2509_370,-33.91670608520508,151.24118041992188,160.0,0.0,90,1.5,True
2026-09-12T08:28:22+10:00,2564476,2509_379,-33.90529251098633,151.257568359375,286.0,0.0,81,1.35,True
2026-09-12T08:28:22+10:00,2434881,2509_390X,-33.89115524291992,151.2489471435547,278.0,0.0,0,0.0,True
2026-09-12T08:28:22+10:00,2533567,2509_324,-33.866668701171875,151.20555114746094,84.0,0.0,77,1.28,True
2026-09-12T08:28:22+10:00,2609972,2509_333,-33.889774322509766,151.28070068359375,98.0,0.0,278,4.63,True
2026-09-12T08:28:22+10:00,2534362,2509_350,-33.891143798828125,151.24880981445312,273.0,0.0,0,0.0,True
2026-09-12T08:28:22+10:00,2679293,2509_370,-33.90276336669922,151.1793670654297,155.0,0.0,141,2.35,True
2026-09-12T08:28:22+10:00,2551966,2509_379,-33.90427780151367,151.25442504882812,219.0,0.0,-76,-1.27,False
2026-09-12T08:28:22+10:00,2356285,2509_373,-33.92038345336914,151.24398803710938,99.0,40.3,-98,-1.63,False
2026-09-12T08:28:22+10:00,2434604,2509_390X,-33.9426383972168,151.2397918701172,169.0,36.4,-147,-2.45,False
2026-09-12T08:28:22+10:00,2356260,2509_373,-33.87847137451172,151.2099151611328,103.0,30.6,121,2.02,True
2026-09-12T08:28:22+10:00,2352654,2509_392,-33.8931999206543,151.19903564453125,21.0,0.0,0,0.0,True
2026-09-12T08:28:22+10:00,2533756,2509_350,-33.93345260620117,151.18336486816406,65.0,29.2,76,1.27,True
2026-09-12T08:28:22+10:00,2675050,2509_309,-33.905372619628906,151.2028350830078,165.0,0.0,155,2.58,True
2026-09-12T08:28:22+10:00,2532086,2509_324,-33.869956970214844,151.26934814453125,228.0,0.0,325,5.42,False
2026-09-12T08:28:22+10:00,2138729,2509_396,-33.94791793823242,151.25497436523438,44.0,0.0,0,0.0,True
2026-09-12T08:28:22+10:00,2356032,2509_339,-33.91057586669922,151.25225830078125,339.0,33.1,134,2.23,True
2026-09-12T08:28:22+10:00,2534267,2509_325,-33.85669708251953,151.20315551757812,297.0,0.0,0,0.0,True
2026-09-12T08:28:22+10:00,2533470,2509_350,-33.901329040527344,151.25418090820312,156.0,24.5,143,2.38,True
2026-09-12T08:28:22+10:00,2357266,2509_373,-33.88931655883789,151.2205047607422,344.0,43.6,39,0.65,True
2026-09-12T08:28:22+10:00,2551981,2509_379,-33.88882827758789,151.2666473388672,308.0,20.5,-93,-1.55,False
2026-09-12T08:28:22+10:00,2679228,2509_370,-33.872013092041016,151.1800079345703,192.0,0.0,19,0.32,True
2026-09-12T08:28:22+10:00,2399361,2509_390X,-33.946319580078125,151.240234375,349.0,0.0,-41,-0.68,True
2026-09-12T08:28:22+10:00,2564362,2509_387,-33.86407470703125,151.2784881591797,0.0,3.2,209,3.48,True
2026-09-12T08:28:22+10:00,2357149,2509_370,-33.9111328125,151.22305297851562,357.0,43.9,206,3.43,True
2026-09-12T08:28:22+10:00,2531376,2509_350,-33.93255615234375,151.1941375732422,189.0,39.6,95,1.58,True
2026-09-12T08:28:22+10:00,2532136,2509_350,-33.92844009399414,151.25527954101562,187.0,0.0,99,1.65,True
2026-09-12T08:28:22+10:00,2352631,2509_307,-33.944305419921875,151.19627380371094,335.0,36.4,24,0.4,True
2026-09-12T08:28:22+10:00,2488451,2509_392,-33.89887619018555,151.211669921875,220.0,0.0,138,2.3,True
2026-09-12T08:28:22+10:00,2352513,2509_307,-33.94007110595703,151.22828674316406,104.0,15.8,-267,-4.45,False
2026-09-12T08:28:22+10:00,2494861,2509_374,-33.88557052612305,151.20713806152344,50.0,28.4,50,0.83,True
2026-09-12T08:28:22+10:00,2532677,2509_325,-33.87968826293945,151.2360382080078,306.0,9.0,-298,-4.97,False
2026-09-12T08:28:22+10:00,2357409,2509_343,-33.90657424926758,151.20716857910156,145.0,24.8,16,0.27,True
2026-09-12T08:28:22+10:00,2531142,2509_350,-33.93285369873047,151.1796875,100.0,0.0,0,0.0,True
2026-09-12T08:28:22+10:00,2494873,2509_343,-33.9139404296875,151.20526123046875,15.0,17.6,188,3.13,True
2026-09-12T08:28:22+10:00,2136783,2509_306,-33.92973709106445,151.19479370117188,280.0,0.0,-32,-0.53,True
2026-09-12T08:28:22+10:00,2146470,2509_396,-33.86356735229492,151.2118377685547,2.0,17.3,-191,-3.18,False
2026-09-12T08:28:22+10:00,2356793,2509_370,-33.89800262451172,151.1784210205078,27.0,3.6,-4,-0.07,True
2026-09-12T08:28:22+10:00,2533330,2509_380,-33.862464904785156,151.2781982421875,352.0,30.6,253,4.22,True
2026-09-12T08:28:22+10:00,2609694,2509_333,-33.89145278930664,151.25221252441406,55.0,23.4,414,6.9,False
2026-09-12T08:28:22+10:00,2533238,2509_350,-33.94770812988281,151.25169372558594,285.0,0.0,170,2.83,True
2026-09-12T08:28:22+10:00,2533426,2509_324,-33.872764587402344,151.247802734375,62.0,42.5,321,5.35,False
2026-09-12T08:28:22+10:00,2357689,2509_343,-33.862205505371094,151.21206665039062,9.0,0.0,11,0.18,True
2026-09-12T08:28:22+10:00,2137314,2509_306,-33.89262771606445,151.20050048828125,203.0,0.0,0,0.0,True
2026-09-12T08:28:22+10:00,2609859,2509_333,-33.8902587890625,151.24221801757812,291.0,0.0,18,0.3,True
2026-09-12T08:28:22+10:00,2532146,2509_313,-33.90439987182617,151.25274658203125,17.0,0.0,25,0.42,True
2026-09-12T08:28:22+10:00,2137806,2509_396,-33.886932373046875,151.21922302246094,153.0,31.3,348,5.8,False
2026-09-12T08:28:22+10:00,2533656,2509_352,-33.89091873168945,151.24874877929688,276.0,34.9,0,0.0,True
2026-09-12T08:28:22+10:00,2136963,2509_396,-33.91208267211914,151.22348022460938,319.0,0.0,-52,-0.87,True
2026-09-12T08:28:22+10:00,2434626,2509_390X,-33.90829086303711,151.24803161621094,245.0,0.0,23,0.38,True
2026-09-12T08:28:22+10:00,2355917,2509_374,-33.913089752197266,151.24122619628906,101.0,32.8,73,1.22,True
2026-09-12T08:28:22+10:00,2534472,2509_355,-33.90857696533203,151.1719207763672,265.0,0.0,0,0.0,True
2026-09-12T08:28:22+10:00,2398225,2509_392,-33.89693832397461,151.20477294921875,273.0,42.5,-81,-1.35,False
2026-09-12T08:28:22+10:00,2534360,2509_355,-33.8967399597168,151.22714233398438,220.0,0.0,27,0.45,True
2026-09-12T08:28:22+10:00,2533354,2509_313,-33.895389556884766,151.25062561035156,150.0,50.4,21,0.35,True
2026-09-12T08:28:22+10:00,2399653,2509_390X,-33.91292190551758,151.23948669433594,342.0,0.0,35,0.58,True
2026-09-12T08:28:22+10:00,2494835,2509_343,-33.86945343017578,151.2104034423828,7.0,38.9,-18,-0.3,True
2026-09-12T08:28:22+10:00,2352476,2509_392,-33.893836975097656,151.1986846923828,23.0,6.1,0,0.0,True
2026-09-12T08:28:22+10:00,2470846,2509_356,-33.906837463378906,151.24417114257812,359.0,37.8,-140,-2.33,False
2026-09-12T08:28:22+10:00,2531615,2509_350,-33.92826461791992,151.25506591796875,6.0,0.0,395,6.58,False
2026-09-12T08:28:22+10:00,2400463,2509_309,-33.906341552734375,151.2029571533203,6.0,10.1,177,2.95,True
2026-09-12T08:28:22+10:00,2399341,2509_390X,-33.89230728149414,151.24974060058594,11.0,25.6,-214,-3.57,False
2026-09-12T08:28:22+10:00,2609700,2509_333,-33.89048767089844,151.24298095703125,110.0,0.0,109,1.82,True
2026-09-12T08:28:22+10:00,2675035,2509_309,-33.955665588378906,151.22979736328125,86.0,0.0,-82,-1.37,False
2026-09-12T08:28:22+10:00,2534435,2509_352,-33.896018981933594,151.180908203125,230.0,36.0,-174,-2.9,False
2026-09-12T08:28:22+10:00,2357578,2509_370,-33.906883239746094,151.20281982421875,7.0,31.3,233,3.88,True
2026-09-12T08:28:22+10:00,2534066,2509_360,-33.91074752807617,151.26780700683594,279.0,22.0,21,0.35,True
2026-09-12T08:28:22+10:00,2137818,2509_396,-33.94496536254883,151.25852966308594,131.0,14.8,112,1.87,True
2026-09-12T08:28:22+10:00,2531291,2509_350,-33.93448257446289,151.19544982910156,259.0,47.5,259,4.32,True
2026-09-12T08:28:22+10:00,2609709,2509_333,-33.877784729003906,151.21337890625,138.0,28.8,230,3.83,True
2026-09-12T08:28:22+10:00,2531364,2509_387,-33.88520812988281,151.2677001953125,231.0,29.2,1091,18.18,False
2026-09-12T08:28:22+10:00,2399567,2509_390X,-33.92500305175781,151.2288055419922,308.0,0.4,2,0.03,True
2026-09-12T08:28:22+10:00,2679238,2509_370,-33.882347106933594,151.207275390625,300.0,0.0,0,0.0,True
2026-09-12T08:28:22+10:00,2357093,2509_370,-33.91444778442383,151.2252655029297,350.0,38.5,-296,-4.93,False
2026-09-12T08:28:22+10:00,2564411,2509_379,-33.891197204589844,151.24929809570312,274.0,5.4,81,1.35,True
2026-09-12T08:28:22+10:00,2137674,2509_396,-33.947757720947266,151.25503540039062,44.0,0.0,0,0.0,True
2026-09-12T08:28:22+10:00,2610047,2509_333,-33.868282318115234,151.2105255126953,3.0,39.2,-16,-0.27,True
2026-09-12T08:28:22+10:00,2356227,2509_339,-33.88353729248047,151.20846557617188,295.0,16.2,184,3.07,True
2026-09-12T08:28:22+10:00,2628765,2509_304,-33.90776824951172,151.20469665527344,186.0,20.9,71,1.18,True
2026-09-12T08:28:22+10:00,2140827,2509_396,-33.89299774169922,151.2211151123047,355.0,41.0,135,2.25,True
2026-09-12T08:28:22+10:00,2494869,2509_343,-33.92496871948242,151.21739196777344,281.0,45.4,-37,-0.62,True
2026-09-12T08:28:22+10:00,2552015,2509_379,-33.88937759399414,151.283203125,40.0,0.0,0,0.0,True
2026-09-12T08:28:22+10:00,2609956,2509_333,-33.87683868408203,151.2097930908203,271.0,0.4,-194,-3.23,False
2026-09-12T08:28:22+10:00,2494859,2509_374,-33.9134521484375,151.2454833984375,273.0,0.0,35,0.58,True
2026-09-12T08:28:22+10:00,2434594,2509_390X,-33.91522216796875,151.22784423828125,278.0,0.7,-8,-0.13,True
2026-09-12T08:28:22+10:00,2356068,2509_339,-33.91444778442383,151.26641845703125,132.0,0.0,19,0.32,True
2026-09-12T08:28:22+10:00,2400276,2509_309,-33.93724060058594,151.1944580078125,358.0,52.9,-328,-5.47,False
2026-09-12T08:28:22+10:00,2356487,2509_373,-33.919776916503906,151.2571563720703,190.0,0.0,0,0.0,True
2026-09-12T08:28:22+10:00,2679329,2509_370,-33.91276550292969,151.22451782226562,137.0,0.0,-59,-0.98,True
2026-09-12T08:28:22+10:00,2532217,2509_324,-33.87565612792969,151.22157287597656,307.0,33.5,0,0.0,True
2026-09-12T08:28:22+10:00,2398252,2509_392,-33.90360641479492,151.2113800048828,279.0,0.0,-132,-2.2,False
2026-09-12T08:28:22+10:00,2628663,2509_304,-33.873809814453125,151.2098388671875,187.0,35.6,136,2.27,True
2026-09-12T10:33:13+10:00,2415948,2508_B1,-33.866294860839844,151.20632934570312,8.0,0.0,0,0.0,True
2026-09-12T10:33:13+10:00,2286695,2459_428,-33.9117317199707,151.11895751953125,131.0,0.4,0,0.0,True
2026-09-12T10:33:13+10:00,2288695,2459_422,-33.88123321533203,151.20626831054688,38.0,32.8,19,0.32,True
2026-09-12T10:33:13+10:00,2579204,7084_SW2,-33.90431594848633,151.15611267089844,142.0,22.7,95,1.58,True
2026-09-12T10:33:13+10:00,2515352,2459_410,-33.861045837402344,151.10475158691406,297.0,0.0,379,6.32,False
2026-09-12T10:33:13+10:00,2288848,2459_440,-33.88481521606445,151.18707275390625,268.0,46.8,-179,-2.98,False
2026-09-12T10:33:13+10:00,2475909,2459_530,-33.79991912841797,151.17921447753906,340.0,28.1,199,3.32,True
2026-09-12T10:33:13+10:00,2288774,2459_442,-33.8696174621582,151.18756103515625,287.0,56.2,-72,-1.2,False
2026-09-12T10:33:13+10:00,2146914,2508_161,-33.817543029785156,151.29269409179688,294.0,41.0,304,5.07,False
2026-09-12T10:33:13+10:00,2376939,2508_B1,-33.82802200317383,151.23062133789062,238.0,0.0,-66,-1.1,False
2026-09-12T10:33:13+10:00,2286177,2459_433,-33.879642486572266,151.18687438964844,144.0,0.0,-106,-1.77,False
2026-09-12T10:33:13+10:00,2644374,2507_120,-33.79512405395508,151.1870574951172,249.0,13.7,-51,-0.85,True
2026-09-12T10:33:13+10:00,2287941,2459_438X,-33.8803825378418,151.20864868164062,103.0,0.0,-25,-0.42,True
2026-09-12T10:33:13+10:00,2284448,2459_438X,-33.88075256347656,151.20880126953125,192.0,36.7,156,2.6,True
2026-09-12T10:33:13+10:00,1870762,2459_412,-33.89398956298828,151.15724182128906,101.0,0.0,51,0.85,True
2026-09-12T10:33:13+10:00,2644046,2507_120,-33.8076171875,151.19943237304688,174.0,38.2,269,4.48,True
2026-09-12T10:33:13+10:00,2608949,2459_430,-33.892822265625,151.18527221679688,75.0,33.1,27,0.45,True
2026-09-12T10:33:13+10:00,1962529,2459_413,-33.893497467041016,151.1501922607422,33.0,30.6,256,4.27,True
2026-09-12T10:33:13+10:00,2349321,2459_418,-33.90639114379883,151.1274871826172,131.0,0.0,436,7.27,False
2026-09-12T10:33:13+10:00,2596492,2459_491,-33.87151336669922,151.12796020507812,229.0,37.8,137,2.28,True
2026-09-12T10:33:13+10:00,2309637,7083_SW3,-33.906822204589844,151.12657165527344,37.0,29.2,26,0.43,True
2026-09-12T10:33:13+10:00,2406916,2507_252,-33.83024978637695,151.12643432617188,55.0,0.0,0,0.0,True
2026-09-12T10:33:13+10:00,2718882,2514_194,-33.868812561035156,151.2052764892578,355.0,0.0,62,1.03,True
2026-09-12T10:33:13+10:00,2376451,2508_100,-33.841976165771484,151.2436065673828,353.0,0.0,0,0.0,True
2026-09-12T10:33:13+10:00,2644118,2507_52,-33.85499572753906,151.15826416015625,322.0,28.8,70,1.17,True
2026-09-12T10:33:13+10:00,2710177,2504_610X,-33.87001037597656,151.2061767578125,173.0,0.0,0,0.0,True
2026-09-12T10:33:13+10:00,1963811,2459_412,-33.88859558105469,151.1815948486328,136.0,0.0,41,0.68,True
2026-09-12T10:33:13+10:00,2284770,2459_437,-33.86614990234375,151.1410675048828,162.0,11.2,111,1.85,True
2026-09-12T10:33:13+10:00,2702568,2507_501,-33.825775146484375,151.12606811523438,349.0,46.4,-6,-0.1,True
2026-09-12T10:33:13+10:00,2228382,2507_275,-33.79096603393555,151.1983642578125,160.0,0.0,-26,-0.43,True
2026-09-12T10:33:13+10:00,2375757,2508_243,-33.822879791259766,151.24227905273438,315.0,32.4,189,3.15,True
2026-09-12T10:33:13+10:00,2211007,2459_473,-33.93436813354492,151.14637756347656,65.0,33.8,-27,-0.45,True
2026-09-12T10:33:13+10:00,2458255,2508_238,-33.823402404785156,151.2506866455078,157.0,20.2,74,1.23,True
2026-09-12T10:33:13+10:00,2340955,2459_308,-33.89118957519531,151.20762634277344,179.0,0.0,-237,-3.95,False
2026-09-12T10:33:13+10:00,2719430,2514_283,-33.79603958129883,151.18353271484375,256.0,7.2,-235,-3.92,False
2026-09-12T10:33:13+10:00,2375811,2508_144,-33.8243408203125,151.2395477294922,97.0,44.3,33,0.55,True
2026-09-12T10:33:13+10:00,2682142,2507_267,-33.796051025390625,151.1812286376953,29.0,7.2,10,0.17,True
2026-09-12T10:33:13+10:00,2374437,2508_111,-33.83342742919922,151.25985717773438,185.0,28.1,-80,-1.33,False
2026-09-12T10:33:13+10:00,2037177,2459_412,-33.89639663696289,151.1522674560547,153.0,0.0,60,1.0,True
2026-09-12T10:33:13+10:00,2407269,2507_252,-33.813026428222656,151.17022705078125,128.0,0.0,87,1.45,True
2026-09-12T10:33:13+10:00,2643414,2507_254,-33.823184967041016,151.16494750976562,203.0,42.5,198,3.3,True
2026-09-12T10:33:13+10:00,2718820,2514_271,-33.786460876464844,151.2013397216797,340.0,37.8,-44,-0.73,True
2026-09-12T10:33:13+10:00,1961372,2459_412,-33.88556671142578,151.18138122558594,80.0,12.2,-16,-0.27,True
2026-09-12T10:33:13+10:00,2290612,2459_389,-33.89155960083008,151.24655151367188,287.0,26.3,70,1.17,True
2026-09-12T10:33:13+10:00,2227749,2507_261,-33.83066940307617,151.2029266357422,324.0,0.0,118,1.97,True
2026-09-12T10:33:13+10:00,2210827,2459_464,-33.888633728027344,151.12481689453125,132.0,10.4,68,1.13,True
2026-09-12T10:33:13+10:00,2644897,2507_120,-33.7992057800293,151.1984405517578,338.0,0.0,14,0.23,True
2026-09-12T10:33:13+10:00,2090105,2508_160X,-33.7958984375,151.18121337890625,345.0,0.0,0,0.0,True
2026-09-12T10:33:13+10:00,2290045,2459_437,-33.87086868286133,151.20603942871094,83.0,0.0,0,0.0,True
2026-09-12T10:33:13+10:00,2710317,2504_607X,-33.86249542236328,151.2053680419922,197.0,47.2,-42,-0.7,True
2026-09-12T10:33:13+10:00,2374000,2508_B1,-33.795799255371094,151.2529754638672,191.0,3.2,-167,-2.78,False
2026-09-12T10:33:13+10:00,2682845,7083_SW1,-33.9062614440918,151.1272735595703,310.0,12.6,573,9.55,False
2026-09-12T10:33:13+10:00,2287782,2459_428,-33.89877700805664,151.1742706298828,262.0,5.8,294,4.9,True
2026-09-12T10:33:13+10:00,2284987,2459_433,-33.86301040649414,151.17050170898438,31.0,0.0,-248,-4.13,False
2026-09-12T10:33:13+10:00,2322575,2507_506,-33.87058639526367,151.21356201171875,296.0,0.0,70,1.17,True
2026-09-12T10:33:13+10:00,2530141,7084_SW2,-33.9085693359375,151.15208435058594,293.0,33.5,76,1.27,True
2026-09-12T10:33:13+10:00,2288598,2459_428,-33.884090423583984,151.2012176513672,87.0,0.0,88,1.47,True
2026-09-12T10:33:13+10:00,2596622,2459_492,-33.86970520019531,151.12937927246094,189.0,25.6,181,3.02,True
2026-09-12T10:33:13+10:00,2620760,2507_252,-33.83250045776367,151.20416259765625,338.0,47.9,320,5.33,False
2026-09-12T10:33:13+10:00,2287084,2459_469,-33.8839111328125,151.15367126464844,86.0,46.1,34,0.57,True
2026-09-12T10:33:13+10:00,1904763,2459_461X,-33.87461853027344,151.104248046875,9.0,2.2,-34,-0.57,True
2026-09-12T10:33:13+10:00,2211463,2459_413,-33.90055465698242,151.1144256591797,312.0,23.8,24,0.4,True
2026-09-12T10:33:13+10:00,2719353,2514_270,-33.84832000732422,151.2127685546875,182.0,56.5,49,0.82,True
2026-09-12T10:33:13+10:00,2037426,2459_440,-33.86802673339844,151.17918395996094,247.0,58.3,54,0.9,True
2026-09-12T10:33:13+10:00,2683042,7083_SW1,-33.91439437866211,151.16555786132812,0.0,0.0,2615,43.58,False
2026-09-12T10:33:13+10:00,2420703,2508_238,-33.84587478637695,151.24017333984375,256.0,0.0,250,4.17,True
2026-09-12T10:33:13+10:00,2668229,2459_420,-33.880191802978516,151.1031036376953,9.0,4.7,228,3.8,True
2026-09-12T10:33:13+10:00,2373872,2508_173X,-33.82866668701172,151.22874450683594,61.0,0.0,147,2.45,True
2026-09-12T10:33:13+10:00,2705892,2504_607X,-33.84062576293945,151.20999145507812,354.0,68.8,65,1.08,True
2026-09-12T10:33:13+10:00,2308989,2459_445,-33.887603759765625,151.1574249267578,352.0,0.0,-179,-2.98,False
2026-09-12T10:33:13+10:00,2668385,2459_420,-33.93600082397461,151.1558380126953,232.0,0.0,93,1.55,True
2026-09-12T10:33:13+10:00,2377580,2508_100,-33.86497116088867,151.204833984375,354.0,37.8,-27,-0.45,True
2026-09-12T10:33:13+10:00,2638196,2459_407,-33.874637603759766,151.1075897216797,8.0,19.1,70,1.17,True
2026-09-12T10:33:13+10:00,2644205,2507_52,-33.832767486572266,151.126953125,185.0,7.2,-8,-0.13,True
2026-09-12T10:33:13+10:00,1911979,2459_483,-33.88858413696289,151.1181640625,93.0,0.0,-120,-2.0,False
2026-09-12T10:33:13+10:00,2704934,2504_610X,-33.86996841430664,151.20541381835938,354.0,31.0,103,1.72,True
2026-09-12T10:33:13+10:00,2290777,2459_470,-33.88014221191406,151.2089385986328,195.0,1.4,89,1.48,True
2026-09-12T10:33:13+10:00,2287780,2459_426,-33.88914108276367,151.19056701660156,239.0,18.0,172,2.87,True
2026-09-12T10:33:13+10:00,2376288,2508_100,-33.83068084716797,151.21298217773438,21.0,54.4,51,0.85,True
2026-09-12T10:33:13+10:00,2284774,2459_433,-33.880062103271484,151.20848083496094,185.0,0.0,0,0.0,True
2026-09-12T10:33:13+10:00,2636648,2459_504,-33.85113525390625,151.15435791015625,246.0,16.9,-179,-2.98,False
2026-09-12T10:33:13+10:00,2515369,2459_410,-33.85793685913086,151.10360717773438,168.0,0.0,196,3.27,True
2026-09-12T10:33:13+10:00,2287605,2459_470,-33.865081787109375,151.209716796875,228.0,0.0,28,0.47,True
2026-09-12T10:33:13+10:00,2373819,2508_B1,-33.818485260009766,151.24395751953125,169.0,39.2,-25,-0.42,True
2026-09-12T10:33:13+10:00,1905358,2459_461X,-33.871665954589844,151.1238250732422,296.0,36.4,-31,-0.52,True
2026-09-12T10:33:13+10:00,2475894,2459_530,-33.875152587890625,151.10556030273438,100.0,0.0,1140,19.0,False
2026-09-12T10:33:13+10:00,2038598,2459_440,-33.883514404296875,151.20335388183594,46.0,0.0,303,5.05,False
2026-09-12T10:33:13+10:00,2558895,7083_SW1,-33.914546966552734,151.1428680419922,131.0,9.7,91,1.52,True
2026-09-12T10:33:13+10:00,2392814,2508_114,-33.82867431640625,151.24783325195312,39.0,38.2,79,1.32,True
2026-09-12T10:33:13+10:00,2038599,2459_440,-33.888057708740234,151.15866088867188,77.0,13.7,285,4.75,True
2026-09-12T10:33:13+10:00,2283060,2459_469,-33.885921478271484,151.14764404296875,120.0,16.9,-205,-3.42,False
2026-09-12T10:33:13+10:00,2644718,2507_52,-33.84699630737305,151.1519775390625,153.0,10.4,167,2.78,True
2026-09-12T10:33:13+10:00,2288898,2459_431,-33.88322448730469,151.20346069335938,44.0,0.0,139,2.32,True
2026-09-12T10:33:13+10:00,2393259,2508_114,-33.82938766479492,151.21217346191406,99.0,37.1,152,2.53,True
2026-09-12T10:33:13+10:00,2660512,2459_320,-33.90097427368164,151.20956420898438,43.0,15.8,-297,-4.95,False
2026-09-12T10:33:13+10:00,2702497,2507_501,-33.854679107666016,151.1580352783203,140.0,0.0,-4,-0.07,True
2026-09-12T10:33:13+10:00,1961787,2459_406,-33.87925720214844,151.13975524902344,31.0,29.2,153,2.55,True
2026-09-12T10:33:13+10:00,2686055,2459_423,-33.897239685058594,151.1791229248047,215.0,23.0,11,0.18,True
2026-09-12T10:33:13+10:00,2686133,2459_423,-33.8657112121582,151.21127319335938,22.0,29.2,63,1.05,True
2026-09-12T10:33:13+10:00,2228924,2507_288,-33.801368713378906,151.1444549560547,311.0,56.2,162,2.7,True
2026-09-12T10:33:13+10:00,2375847,2508_100,-33.84639358520508,151.21240234375,165.0,52.2,-150,-2.5,False
2026-09-12T10:33:13+10:00,2596537,2459_490,-33.87549591064453,151.1200408935547,99.0,35.3,625,10.42,False
2026-09-12T10:33:13+10:00,1904618,2459_461X,-33.884891510009766,151.1851348876953,78.0,18.4,-243,-4.05,False
2026-09-12T10:33:13+10:00,1960165,2459_480,-33.887840270996094,151.16152954101562,105.0,25.9,92,1.53,True
2026-09-12T10:33:13+10:00,2287394,2459_442,-33.857566833496094,151.1812744140625,103.0,6.5,-34,-0.57,True
2026-09-12T10:33:13+10:00,2554035,2459_358,-33.92185592651367,151.19927978515625,279.0,37.1,137,2.28,True
2026-09-12T10:33:13+10:00,2287070,2459_438X,-33.851741790771484,151.12918090820312,157.0,37.8,86,1.43,True
2026-09-12T10:33:13+10:00,2377257,2508_144,-33.82941818237305,151.2172088623047,107.0,30.6,151,2.52,True
2026-09-12T10:33:13+10:00,2636644,2459_504,-33.87346649169922,151.20303344726562,68.0,46.8,194,3.23,True
2026-09-12T10:33:13+10:00,2608952,2459_430,-33.91519546508789,151.166015625,72.0,2.5,70,1.17,True
2026-09-12T10:33:13+10:00,2420851,2508_238,-33.84568786621094,151.24057006835938,74.0,14.8,370,6.17,False
2026-09-12T10:33:13+10:00,2550354,2508_263,-33.86384582519531,151.21031188964844,6.0,0.0,23,0.38,True
2026-09-12T10:33:13+10:00,1962896,2459_445,-33.89413833618164,151.15707397460938,283.0,24.5,96,1.6,True
2026-09-12T10:33:13+10:00,2090393,2508_160X,-33.785728454589844,151.18463134765625,250.0,43.9,-297,-4.95,False
2026-09-12T10:33:13+10:00,2211197,2459_413,-33.879913330078125,151.20846557617188,187.0,29.2,0,0.0,True
2026-09-12T10:33:13+10:00,2714011,2508_144,-33.81138610839844,151.24412536621094,212.0,34.6,76,1.27,True
2026-09-12T10:33:13+10:00,2668305,2459_420,-33.927398681640625,151.16506958007812,16.0,34.2,409,6.82,False
2026-09-12T10:33:13+10:00,2283954,2459_438X,-33.886009216308594,151.1802978515625,249.0,13.0,65,1.08,True
2026-09-12T10:33:13+10:00,2284544,2459_470,-33.8849983215332,151.177001953125,253.0,29.9,-80,-1.33,False
2026-09-12T10:33:13+10:00,2644867,2507_120,-33.79250717163086,151.19517517089844,70.0,0.0,122,2.03,True
2026-09-12T10:33:13+10:00,2420705,2508_230,-33.836517333984375,151.20738220214844,189.0,0.0,245,4.08,True
2026-09-12T10:33:13+10:00,2286080,2459_437,-33.874874114990234,151.15615844726562,173.0,0.0,248,4.13,True
2026-09-12T10:33:13+10:00,2474835,2459_389,-33.87311935424805,151.19589233398438,141.0,0.0,-99,-1.65,False
2026-09-12T10:33:13+10:00,2377157,2508_144,-33.82545471191406,151.19891357421875,141.0,38.9,130,2.17,True
2026-09-12T10:33:13+10:00,2286575,2459_418,-33.920616149902344,151.1673126220703,63.0,0.0,-97,-1.62,False
2026-09-12T10:33:13+10:00,2643938,2507_202,-33.81045913696289,151.22567749023438,231.0,0.0,3,0.05,True
2026-09-12T10:33:13+10:00,2579236,7084_SW2,-33.90085983276367,151.14480590820312,10.0,0.0,-120,-2.0,False
2026-09-12T10:33:13+10:00,2705125,2504_610X,-33.861053466796875,151.20587158203125,193.0,70.6,-342,-5.7,False
2026-09-12T10:33:13+10:00,2226909,2507_292,-33.812225341796875,151.19497680664062,269.0,74.9,85,1.42,True
2026-09-12T10:33:13+10:00,2424286,2508_230,-33.83900451660156,151.20668029785156,9.0,0.0,107,1.78,True
2026-09-12T10:33:13+10:00,2719224,2514_277,-33.787071228027344,151.21693420410156,290.0,41.8,250,4.17,True
2026-09-12T10:33:13+10:00,1962900,2459_445,-33.85798645019531,151.18304443359375,115.0,13.3,0,0.0,True
2026-09-12T10:33:13+10:00,2374457,2508_100,-33.82452392578125,151.2354736328125,261.0,47.2,142,2.37,True
2026-09-12T10:33:13+10:00,2290255,2459_470,-33.88263702392578,151.1743927001953,112.0,27.4,47,0.78,True
2026-09-12T10:33:13+10:00,2285622,2459_440,-33.878700256347656,151.2145233154297,311.0,0.0,11,0.18,True
2026-09-12T10:33:13+10:00,2210102,2459_464,-33.869686126708984,151.10519409179688,8.0,30.6,11,0.18,True
2026-09-12T10:33:13+10:00,2515331,2459_410,-33.860862731933594,151.1043701171875,295.0,1.4,-50,-0.83,True
2026-09-12T10:33:13+10:00,2515331_2,2459_410,-33.877708435058594,151.10362243652344,10.0,0.0,555,9.25,False
2026-09-12T10:33:13+10:00,2644601,2507_120,-33.87089538574219,151.20626831054688,169.0,28.4,-176,-2.93,False
2026-09-12T10:33:13+10:00,2683115,7083_SW1,-33.90995788574219,151.13479614257812,240.0,13.3,117,1.95,True
2026-09-12T10:33:13+10:00,2581485,2507_538,-33.82655334472656,151.13763427734375,336.0,12.2,130,2.17,True
2026-09-12T10:33:13+10:00,2579209,7084_SW2,-33.909610748291016,151.17098999023438,30.0,0.4,-2566,-42.77,False
2026-09-12T10:33:13+10:00,2288456,2459_440,-33.89091110229492,151.24871826171875,97.0,0.0,0,0.0,True
2026-09-12T10:33:13+10:00,2719273,2514_284,-33.8715934753418,151.2055206298828,353.0,0.0,152,2.53,True
2026-09-12T10:33:13+10:00,2474905,2459_389,-33.88119888305664,151.22459411621094,115.0,29.2,-73,-1.22,False
2026-09-12T10:33:13+10:00,2290469,2459_438X,-33.88479995727539,151.18572998046875,82.0,32.4,-64,-1.07,False
2026-09-12T10:33:13+10:00,2286205,2459_348,-33.903564453125,151.21298217773438,99.0,34.9,-229,-3.82,False
2026-09-12T10:33:13+10:00,2554309,2459_358,-33.922149658203125,151.20175170898438,99.0,22.7,-110,-1.83,False
2026-09-12T10:33:13+10:00,2484387,2459_483,-33.889007568359375,151.13311767578125,242.0,0.0,214,3.57,True
2026-09-12T10:33:13+10:00,2644975,2507_52,-33.87277603149414,151.20542907714844,85.0,22.3,-413,-6.88,False
2026-09-12T10:33:13+10:00,2620628,2507_252,-33.82661819458008,151.1488800048828,250.0,49.0,801,13.35,False
2026-09-12T10:33:13+10:00,2672508,2507_115,-33.802406311035156,151.1984100341797,188.0,32.8,249,4.15,True
2026-09-12T10:33:13+10:00,2714021,2508_144,-33.82033920288086,151.184814453125,319.0,58.0,22,0.37,True
2026-09-12T10:33:13+10:00,2289898,2459_426,-33.884098052978516,151.20079040527344,88.0,32.0,307,5.12,False
2026-09-12T10:33:13+10:00,2377563,2508_144,-33.79767990112305,151.17843627929688,236.0,9.7,22,0.37,True
2026-09-12T10:33:13+10:00,2636610,2459_415,-33.87448501586914,151.10426330566406,189.0,0.0,73,1.22,True
2026-09-12T10:33:13+10:00,2415939,2508_B1,-33.86574172973633,151.20639038085938,3.0,1.1,0,0.0,True
2026-09-12T10:33:13+10:00,2713988,2508_144,-33.79452133178711,151.2654571533203,280.0,4.7,34,0.57,True
2026-09-12T10:33:13+10:00,2374279,2508_100,-33.84208297729492,151.24391174316406,177.0,0.0,0,0.0,True
2026-09-12T10:33:13+10:00,1904619,2459_461X,-33.87584686279297,151.12905883789062,147.0,22.7,124,2.07,True
2026-09-12T10:33:13+10:00,2286465,2459_433,-33.883888244628906,151.20254516601562,252.0,1.4,-36,-0.6,True
2026-09-12T10:33:13+10:00,2589850,2508_280,-33.79650115966797,151.18133544921875,13.0,0.0,0,0.0,True
2026-09-12T10:33:13+10:00,2702261,2507_501,-33.88134765625,151.2061309814453,222.0,13.3,191,3.18,True
2026-09-12T10:33:13+10:00,2287887,2459_423,-33.906307220458984,151.16485595703125,35.0,25.2,79,1.32,True
2026-09-12T10:33:13+10:00,2686156,2459_423,-33.915279388427734,151.15127563476562,239.0,37.4,14,0.23,True
2026-09-12T10:33:13+10:00,2424293,2508_230,-33.828887939453125,151.24411010742188,184.0,0.7,53,0.88,True
2026-09-12T10:33:13+10:00,2415946,2508_B1,-33.82429885864258,151.23760986328125,91.0,37.8,257,4.28,True
2026-09-12T10:33:13+10:00,1962895,2459_445,-33.90993881225586,151.12245178222656,231.0,53.6,244,4.07,True
2026-09-12T10:33:13+10:00,1904720,2459_461X,-33.87348175048828,151.21104431152344,108.0,7.9,-317,-5.28,False
2026-09-12T10:33:13+10:00,2620517,2507_288,-33.825721740722656,151.21327209472656,138.0,71.6,494,8.23,False
2026-09-12T10:33:13+10:00,2288997,2459_433,-33.88341522216797,151.20321655273438,45.0,0.0,-270,-4.5,False
2026-09-12T10:33:13+10:00,2037179,2459_412,-33.87153244018555,151.21011352539062,6.0,37.1,0,0.0,True
2026-09-12T10:33:13+10:00,2309710,7083_SW3,-33.905181884765625,151.15682983398438,143.0,28.1,62,1.03,True
2026-09-12T10:33:13+10:00,2226160,2507_292,-33.81238555908203,151.17518615722656,84.0,61.2,122,2.03,True
2026-09-12T10:33:13+10:00,2282992,2459_431,-33.884368896484375,151.1953887939453,269.0,3.2,139,2.32,True
2026-09-12T10:33:13+10:00,2713990,2508_144,-33.82770538330078,151.20120239257812,280.0,15.5,-89,-1.48,False
2026-09-12T10:33:13+10:00,2538588,2507_506,-33.82634353637695,151.1378173828125,204.0,0.0,490,8.17,False
2026-09-12T10:33:13+10:00,2287526,2459_422,-33.90891647338867,151.1811065673828,16.0,16.2,218,3.63,True
2026-09-12T10:33:13+10:00,2682073,2507_533,-33.80704879760742,151.1734161376953,42.0,30.2,12,0.2,True
2026-09-12T10:33:13+10:00,2285364,2459_442,-33.868038177490234,151.17616271972656,156.0,33.1,134,2.23,True
2026-09-12T10:33:13+10:00,2660143,2459_320,-33.882850646972656,151.2082061767578,121.0,0.0,-27,-0.45,True
2026-09-12T10:33:13+10:00,2719366,2514_194,-33.783546447753906,151.19882202148438,112.0,43.6,443,7.38,False
2026-09-12T10:33:13+10:00,2284991,2459_428,-33.88760757446289,151.19326782226562,221.0,0.0,-52,-0.87,True
2026-09-12T10:33:13+10:00,2719284,2514_283,-33.78582763671875,151.20074462890625,67.0,0.0,60,1.0,True
2026-09-12T10:33:13+10:00,2285884,2459_423,-33.9219970703125,151.14300537109375,31.0,0.0,82,1.37,True
2026-09-12T10:33:13+10:00,2677444,2503_M90,-33.874725341796875,151.10421752929688,190.0,0.0,671,11.18,False
2026-09-12T10:33:13+10:00,2289353,2459_348,-33.91728210449219,151.24017333984375,187.0,6.5,-1,-0.02,True
2026-09-12T10:33:13+10:00,2672525,2507_115,-33.79561233520508,151.18511962890625,250.0,22.0,-560,-9.33,False
2026-09-12T10:33:13+10:00,2553973,2459_358,-33.921058654785156,151.23834228515625,104.0,14.8,-80,-1.33,False
2026-09-12T10:33:13+10:00,2643600,2507_52,-33.849456787109375,151.15328979492188,333.0,46.1,569,9.48,False
2026-09-12T10:33:13+10:00,2287038,2459_426,-33.89890670776367,151.17198181152344,71.0,9.4,-23,-0.38,True
2026-09-12T10:33:13+10:00,2289000,2459_437,-33.87290954589844,151.16018676757812,161.0,0.0,9,0.15,True
2026-09-12T10:33:13+10:00,2287796,2459_423,-33.88422775268555,151.19593811035156,86.0,0.0,520,8.67,False
2026-09-12T10:33:13+10:00,2609030,2459_430,-33.9161376953125,151.16632080078125,169.0,0.0,0,0.0,True
2026-09-12T10:33:13+10:00,2530107,7084_SW2,-33.90578842163086,151.13597106933594,262.0,29.9,459,7.65,False
2026-09-12T10:33:13+10:00,2289975,2459_470,-33.88027572631836,151.2080535888672,105.0,10.4,-77,-1.28,False
2026-09-12T10:33:13+10:00,2636743,2459_415,-33.847835540771484,151.141357421875,42.0,0.0,8,0.13,True
2026-09-12T10:33:13+10:00,2672279,2507_267,-33.8231315612793,151.19586181640625,103.0,38.5,-124,-2.07,False
2026-09-12T10:33:13+10:00,2322580,2507_506,-33.81966781616211,151.1298065185547,305.0,33.5,76,1.27,True
2026-09-12T10:33:13+10:00,2288753,2459_428,-33.90602111816406,151.1273193359375,217.0,0.0,923,15.38,False
2026-09-12T10:33:13+10:00,2415928,2508_B1,-33.82984161376953,151.2183380126953,119.0,14.8,58,0.97,True
2026-09-12T10:33:13+10:00,2702415,2507_501,-33.86719512939453,151.17527770996094,326.0,9.4,67,1.12,True
2026-09-12T10:33:13+10:00,2290411,2459_426,-33.8675651550293,151.21058654785156,189.0,25.9,71,1.18,True
2026-09-12T10:33:13+10:00,2558771,7083_SW1,-33.9133186340332,151.11703491210938,80.0,10.1,280,4.67,True
2026-09-12T10:33:13+10:00,2376115,2508_100,-33.83133316040039,151.24432373046875,171.0,0.0,56,0.93,True
2026-09-12T10:33:13+10:00,2636654,2459_504,-33.87044906616211,151.2131805419922,275.0,0.0,65,1.08,True
2026-09-12T10:33:13+10:00,1905580,2459_461X,-33.88813781738281,151.16502380371094,264.0,0.0,-35,-0.58,True
2026-09-12T10:33:13+10:00,2286149,2459_502,-33.86265563964844,151.11558532714844,127.0,39.2,117,1.95,True
2026-09-12T10:33:13+10:00,2643080,2507_52,-33.87342834472656,151.2106475830078,268.0,0.0,0,0.0,True
2026-09-12T10:33:13+10:00,2702482,2507_501,-33.8733024597168,151.1959991455078,155.0,0.0,-137,-2.28,False
2026-09-12T10:33:13+10:00,1963810,2459_412,-33.91975021362305,151.1265411376953,190.0,28.4,-205,-3.42,False
2026-09-12T10:33:13+10:00,2375772,2508_B1,-33.82990264892578,151.21449279785156,253.0,25.6,-1,-0.02,True
2026-09-12T10:33:13+10:00,2290835,2459_433,-33.8723258972168,151.1745147705078,135.0,11.5,-54,-0.9,True
2026-09-12T10:33:13+10:00,2596632,2459_491,-33.890201568603516,151.12557983398438,25.0,17.3,-51,-0.85,True
2026-09-12T10:33:13+10:00,2211158,2459_464,-33.888092041015625,151.1237030029297,296.0,0.0,25,0.42,True
2026-09-12T10:33:13+10:00,2714035,2508_144,-33.827056884765625,151.2001190185547,323.0,0.0,1363,22.72,False
2026-09-12T10:33:13+10:00,2285744,2459_433,-33.85812759399414,151.18331909179688,296.0,0.0,0,0.0,True
2026-09-12T10:33:13+10:00,2557284,2507_291,-33.84868240356445,151.20408630371094,266.0,0.0,7,0.12,True
2026-09-12T10:33:13+10:00,2038597,2459_440,-33.8896598815918,151.2416534423828,87.0,16.2,-456,-7.6,False
2026-09-12T10:33:13+10:00,2286249,2459_440,-33.891334533691406,151.24583435058594,290.0,41.8,-27,-0.45,True
2026-09-12T10:33:13+10:00,2636626,2459_504,-33.85197448730469,151.1333465576172,279.0,37.4,16,0.27,True
2026-09-12T10:33:13+10:00,2280109,7083_SW3,-33.908935546875,151.15296936035156,299.0,35.6,84,1.4,True
2026-09-12T10:33:13+10:00,2389379,2508_173X,-33.81657409667969,151.24325561523438,160.0,25.9,122,2.03,True
2026-09-12T10:33:13+10:00,2608979,2459_430,-33.88448715209961,151.19534301757812,267.0,0.0,-105,-1.75,False
2026-09-12T10:33:13+10:00,2283569,2459_438X,-33.8660774230957,151.21083068847656,101.0,0.0,0,0.0,True
2026-09-12T10:33:13+10:00,2289594,2459_418,-33.88315963745117,151.10250854492188,8.0,31.0,-16,-0.27,True
2026-09-12T10:33:13+10:00,2230658,2507_288,-33.86216735839844,151.20481872558594,24.0,52.2,-119,-1.98,False
2026-09-12T10:33:13+10:00,2714064,2508_144,-33.817161560058594,151.17965698242188,297.0,40.3,443,7.38,False
2026-09-12T10:33:13+10:00,2672519,2507_115,-33.841102600097656,151.20790100097656,278.0,0.0,65,1.08,True
2026-09-12T10:33:13+10:00,2377663,2508_100,-33.870731353759766,151.20623779296875,186.0,0.0,-230,-3.83,False
2026-09-12T10:33:13+10:00,2283296,2459_438X,-33.844844818115234,151.1284637451172,2.0,0.0,0,0.0,True
2026-09-12T10:33:13+10:00,2285464,2459_433,-33.856563568115234,151.17828369140625,267.0,0.0,82,1.37,True
2026-09-12T10:33:13+10:00,2340927,2459_308,-33.90765380859375,151.17462158203125,158.0,10.4,283,4.72,True
2026-09-12T10:33:13+10:00,2711058,2504_610X,-33.81039810180664,151.16354370117188,284.0,73.4,44,0.73,True
2026-09-12T10:33:13+10:00,1962897,2459_445,-33.88363265991211,151.1499786376953,180.0,23.8,-54,-0.9,True
2026-09-12T10:33:13+10:00,2284610,2459_428,-33.90269088745117,151.14341735839844,64.0,30.2,269,4.48,True
2026-09-12T10:33:13+10:00,2288926,2459_433,-33.88361740112305,151.19180297851562,311.0,16.9,307,5.12,False
2026-09-12T10:33:13+10:00,2642804,2507_207,-33.794891357421875,151.2082061767578,347.0,0.0,-210,-3.5,False
2026-09-12T10:33:13+10:00,2284779,2459_348,-33.92874526977539,151.15374755859375,104.0,0.0,17,0.28,True
2026-09-12T10:33:13+10:00,2377696,2508_172X,-33.85169219970703,151.2111053466797,209.0,64.8,-377,-6.28,False
2026-09-12T10:33:13+10:00,2349378,2459_418,-33.88829803466797,151.11614990234375,119.0,12.6,145,2.42,True
2026-09-12T10:33:13+10:00,2288150,2459_438X,-33.8450927734375,151.1284637451172,1.0,0.0,0,0.0,True
2026-09-12T10:33:13+10:00,2558762,7083_SW1,-33.91545867919922,151.14259338378906,177.0,25.9,493,8.22,False
2026-09-12T10:33:13+10:00,2284193,2459_438X,-33.86833953857422,151.1296844482422,191.0,19.8,285,4.75,True
2026-09-12T10:33:13+10:00,2376574,2508_144,-33.808040618896484,151.17901611328125,218.0,40.7,247,4.12,True
2026-09-12T10:33:13+10:00,2288351,2459_441,-33.86351776123047,151.2211456298828,201.0,0.0,-257,-4.28,False
2026-09-12T10:33:13+10:00,2702287,2507_501,-33.88381576538086,151.2020263671875,155.0,0.0,259,4.32,True
2026-09-12T10:33:13+10:00,1905581,2459_461X,-33.88078689575195,151.20880126953125,190.0,34.6,132,2.2,True
2026-09-12T10:33:13+10:00,2287128,2459_438X,-33.88069152832031,151.13885498046875,325.0,8.6,203,3.38,True
2026-09-12T10:33:13+10:00,2287801,2459_348,-33.921142578125,151.16615295410156,254.0,3.6,-338,-5.63,False
2026-09-12T10:33:13+10:00,2284293,2459_418,-33.90943908691406,151.15396118164062,298.0,0.0,671,11.18,False
2026-09-12T10:33:13+10:00,2557199,2507_265,-33.84086608886719,151.20706176757812,102.0,0.0,0,0.0,True
2026-09-12T10:33:13+10:00,2283735,2459_428,-33.867088317871094,151.21080017089844,185.0,0.0,11,0.18,True
2026-09-12T10:33:13+10:00,2283128,2459_438X,-33.872398376464844,151.2100067138672,4.0,28.8,357,5.95,False
2026-09-12T10:33:13+10:00,2442232,2507_207,-33.863563537597656,151.20974731445312,264.0,0.0,4,0.07,True
2026-09-12T10:33:13+10:00,2475198,2459_389,-33.88314437866211,151.23239135742188,129.0,30.2,506,8.43,False
2026-09-12T10:33:13+10:00,2420873,2508_238,-33.84575653076172,151.23989868164062,274.0,0.0,311,5.18,False
2026-09-12T10:33:13+10:00,2208606,2459_466,-33.87062072753906,151.10507202148438,190.0,17.6,-9,-0.15,True
2026-09-12T10:33:13+10:00,2289196,2459_303,-33.93132019042969,151.19418334960938,11.0,0.0,42,0.7,True
2026-09-12T10:33:13+10:00,2340798,2459_308,-33.9043083190918,151.17474365234375,68.0,22.3,-39,-0.65,True
2026-09-12T10:33:13+10:00,2210359,2459_464,-33.869895935058594,151.10520935058594,10.0,0.0,0,0.0,True
2026-09-12T10:33:13+10:00,2660212,2459_320,-33.884033203125,151.2035675048828,209.0,0.0,0,0.0,True
2026-09-12T10:33:13+10:00,2714025,2508_114,-33.82494354248047,151.19796752929688,327.0,32.4,47,0.78,True
2026-09-12T10:33:13+10:00,2596512,2459_490,-33.85124969482422,151.154296875,231.0,0.0,0,0.0,True
2026-09-12T10:33:13+10:00,2284186,2459_438X,-33.885589599609375,151.15725708007812,352.0,0.0,73,1.22,True
2026-09-12T10:33:13+10:00,2596603,2459_492,-33.88335037231445,151.10755920410156,334.0,18.0,264,4.4,True
2026-09-12T10:33:13+10:00,2283568,2459_428,-33.89796447753906,151.1778106689453,62.0,34.2,-48,-0.8,True
2026-09-12T10:33:13+10:00,2618778,2459_422,-33.88467025756836,151.18821716308594,272.0,39.6,23,0.38,True
2026-09-12T10:33:13+10:00,2389368,2508_173X,-33.843238830566406,151.21142578125,164.0,54.7,301,5.02,False
2026-09-12T10:33:13+10:00,2620114,2459_530,-33.81619644165039,151.15171813964844,190.0,0.0,193,3.22,True
2026-09-12T10:33:13+10:00,2475926,2459_530,-33.85074234008789,151.15411376953125,326.0,0.0,8,0.13,True
2026-09-12T10:33:13+10:00,2643148,2507_207,-33.838531494140625,151.2070770263672,190.0,0.0,-103,-1.72,False
2026-09-12T10:33:13+10:00,2686151,2459_423,-33.87863540649414,151.20729064941406,191.0,38.5,71,1.18,True
2026-09-12T10:33:13+10:00,2620855,2507_288,-33.80695343017578,151.1542205810547,145.0,52.2,-39,-0.65,True
2026-09-12T10:33:13+10:00,2621076,2507_291,-33.82193374633789,151.18646240234375,148.0,38.9,261,4.35,True
2026-09-12T10:33:13+10:00,2420879,2508_230,-33.8369140625,151.2330322265625,359.0,41.8,491,8.18,False
2026-09-12T10:33:13+10:00,2714001,2508_144,-33.82490158081055,151.23422241210938,241.0,50.4,136,2.27,True
2026-09-12T10:33:13+10:00,2211419,2459_464,-33.87459945678711,151.10427856445312,188.0,0.0,-110,-1.83,False
2026-09-12T10:33:13+10:00,2644333,2507_120,-33.79656219482422,151.18112182617188,65.0,12.6,0,0.0,True
2026-09-12T10:33:13+10:00,2377022,2508_100,-33.82514572143555,151.2423858642578,119.0,3.6,-235,-3.92,False
2026-09-12T10:33:13+10:00,2620105,2459_530,-33.8741455078125,151.10433959960938,189.0,0.0,129,2.15,True
2026-09-12T10:33:13+10:00,2681967,2507_202,-33.84079360961914,151.20672607421875,280.0,5.8,68,1.13,True
2026-09-12T10:33:13+10:00,2288855,2459_423,-33.88500213623047,151.1945343017578,20.0,0.0,-263,-4.38,False
2026-09-12T10:33:13+10:00,2288031,2459_426,-33.90299987792969,151.14230346679688,107.0,0.0,71,1.18,True
2026-09-12T10:33:13+10:00,2281046,7083_SW3,-33.91435623168945,151.16563415527344,0.0,0.0,880,14.67,False
2026-09-12T10:33:13+10:00,2285628,2459_389,-33.874874114990234,151.1972198486328,250.0,5.0,218,3.63,True
2026-09-12T10:33:13+10:00,2596575,2459_490,-33.88043975830078,151.104736328125,100.0,36.0,76,1.27,True
2026-09-12T10:33:13+10:00,2210496,2459_464,-33.84809494018555,151.1072998046875,242.0,0.0,217,3.62,True
2026-09-12T10:33:13+10:00,2644249,2507_120,-33.852195739746094,151.21080017089844,27.0,37.4,97,1.62,True
2026-09-12T10:33:13+10:00,2211218,2459_413,-33.885929107666016,151.18026733398438,249.0,22.0,-120,-2.0,False
2026-09-12T10:33:13+10:00,2286297,2459_440,-33.88200378417969,151.1567840576172,354.0,24.8,14,0.23,True
2026-09-12T10:33:13+10:00,2308995,2459_445,-33.87161636352539,151.1590576171875,75.0,0.0,-226,-3.77,False
2026-09-12T10:33:13+10:00,2407880,2507_265,-33.82745361328125,151.20057678222656,141.0,0.0,4,0.07,True
2026-09-12T10:33:13+10:00,1961373,2459_412,-33.91322708129883,151.13795471191406,50.0,22.3,6,0.1,True
2026-09-12T10:33:13+10:00,2530450,7084_SW2,-33.91427230834961,151.16615295410156,233.0,0.0,-311,-5.18,False
2026-09-12T10:33:13+10:00,2037178,2459_412,-33.88102722167969,151.20648193359375,213.0,0.0,-50,-0.83,True
2026-09-12T10:33:13+10:00,2352254,2509_307,-33.94844055175781,151.20950317382812,177.0,0.0,124,2.07,True
2026-09-12T10:33:13+10:00,2470784,2509_356,-33.91943359375,151.24244689941406,353.0,7.6,317,5.28,False
2026-09-12T10:33:13+10:00,2357390,2509_370,-33.92075729370117,151.2568817138672,190.0,0.0,131,2.18,True
2026-09-12T10:33:13+10:00,2534131,2509_324,-33.857383728027344,151.28012084960938,45.0,44.3,-167,-2.78,False
2026-09-12T10:33:13+10:00,2532874,2509_386,-33.89024353027344,151.2547149658203,233.0,24.5,57,0.95,True
2026-09-12T10:33:13+10:00,2610002,2509_333,-33.88966751098633,151.2801055908203,118.0,27.4,85,1.42,True
2026-09-12T10:33:13+10:00,2136861,2509_396,-33.91001892089844,151.2230682373047,4.0,26.6,370,6.17,False
2026-09-12T10:33:13+10:00,2434774,2509_390X,-33.90703582763672,151.2519989013672,253.0,29.9,155,2.58,True
2026-09-12T10:33:13+10:00,2356692,2509_373,-33.91997528076172,151.2425079345703,347.0,15.1,596,9.93,False
2026-09-12T10:33:13+10:00,2494842,2509_343,-33.90849685668945,151.20701599121094,28.0,25.9,-20,-0.33,True
2026-09-12T10:33:13+10:00,2139129,2509_396,-33.94776916503906,151.2550048828125,43.0,0.0,118,1.97,True
2026-09-12T10:33:13+10:00,2679247,2509_370,-33.89881896972656,151.17788696289062,211.0,0.0,137,2.28,True
2026-09-12T10:33:13+10:00,2610095,2509_333,-33.88626480102539,151.2292938232422,134.0,8.6,180,3.0,True
2026-09-12T10:33:13+10:00,2531848,2509_350,-33.94512176513672,151.22142028808594,137.0,0.0,-63,-1.05,False
2026-09-12T10:33:13+10:00,2533093,2509_381,-33.89967727661133,151.2708740234375,250.0,24.8,141,2.35,True
2026-09-12T10:33:13+10:00,2139085,2509_306,-33.89401626586914,151.19857788085938,21.0,0.0,0,0.0,True
2026-09-12T10:33:13+10:00,2609638,2509_333,-33.8917121887207,151.2517547607422,56.0,0.0,-311,-5.18,False
2026-09-12T10:33:13+10:00,2352384,2509_392,-33.893455505371094,151.19882202148438,21.0,0.0,0,0.0,True
2026-09-12T10:33:13+10:00,2628645,2509_304,-33.87237548828125,151.2100067138672,2.0,29.2,67,1.12,True
2026-09-12T10:33:13+10:00,2533182,2509_313,-33.90571975708008,151.25244140625,191.0,42.1,278,4.63,True
2026-09-12T10:33:13+10:00,2533181,2509_380,-33.894569396972656,151.2682647705078,277.0,34.9,73,1.22,True
2026-09-12T10:33:13+10:00,2609610,2509_333,-33.88993835449219,151.28273010253906,234.0,26.3,11,0.18,True
2026-09-12T10:33:13+10:00,2346332,2509_390X,-33.94767379760742,151.24053955078125,349.0,35.6,-77,-1.28,False
2026-09-12T10:33:13+10:00,2434579,2509_390X,-33.890926361083984,151.24887084960938,280.0,0.0,0,0.0,True
2026-09-12T10:33:13+10:00,2137766,2509_396,-33.8675537109375,151.21063232421875,186.0,0.0,80,1.33,True
2026-09-12T10:33:13+10:00,2352780,2509_356,-33.91306686401367,151.24095153808594,280.0,0.0,340,5.67,False
2026-09-12T10:33:13+10:00,2494820,2509_343,-33.92556381225586,151.2281951904297,344.0,0.0,0,0.0,True
2026-09-12T10:33:13+10:00,2352609,2509_392,-33.95398712158203,151.23036193847656,195.0,52.2,301,5.02,False
2026-09-12T10:33:13+10:00,2679327,2509_370,-33.87394714355469,151.1824188232422,139.0,20.2,-64,-1.07,False
2026-09-12T10:33:13+10:00,2679341,2509_370,-33.87957000732422,151.1868438720703,155.0,0.0,311,5.18,False
2026-09-12T10:33:13+10:00,2398251,2509_392,-33.90958786010742,151.2188720703125,324.0,36.0,-15,-0.25,True
2026-09-12T10:33:13+10:00,2551748,2509_379,-33.90594482421875,151.26260375976562,101.0,0.0,-45,-0.75,True
2026-09-12T10:33:13+10:00,2628780,2509_304,-33.88420486450195,151.2142333984375,188.0,29.5,206,3.43,True
2026-09-12T10:33:13+10:00,2533389,2509_325,-33.8746452331543,151.21824645996094,281.0,16.9,125,2.08,True
2026-09-12T10:33:13+10:00,2138010,2509_396,-33.9085693359375,151.2235565185547,186.0,27.7,132,2.2,True
2026-09-12T10:33:13+10:00,2434833,2509_390X,-33.92524337768555,151.2296142578125,133.0,10.1,-7,-0.12,True
2026-09-12T10:33:13+10:00,2352695,2509_392,-33.92957305908203,151.22940063476562,169.0,50.0,-95,-1.58,False
2026-09-12T10:33:13+10:00,2551663,2509_379,-33.897403717041016,151.25184631347656,158.0,31.0,-170,-2.83,False
2026-09-12T10:33:13+10:00,2534530,2509_350,-33.894187927246094,151.24972534179688,327.0,0.0,-123,-2.05,False
2026-09-12T10:33:13+10:00,2674973,2509_309,-33.89347839355469,151.19993591308594,202.0,31.0,11,0.18,True
2026-09-12T10:33:13+10:00,2563867,2509_379,-33.8918342590332,151.25146484375,64.0,0.0,92,1.53,True
2026-09-12T10:33:13+10:00,2356551,2509_370,-33.91024398803711,151.20277404785156,279.0,0.0,-10,-0.17,True
2026-09-12T10:33:13+10:00,2551795,2509_379,-33.88806915283203,151.26332092285156,280.0,0.0,114,1.9,True
2026-09-12T10:33:13+10:00,2534144,2509_324,-33.87773513793945,151.24293518066406,241.0,0.0,27,0.45,True
2026-09-12T10:33:13+10:00,2531485,2509_350,-33.90000915527344,151.25341796875,142.0,2.9,235,3.92,True
2026-09-12T10:33:13+10:00,2434474,2509_390X,-33.94137191772461,151.239501953125,169.0,12.6,100,1.67,True
2026-09-12T10:33:13+10:00,2356842,2509_373,-33.9229736328125,151.25332641601562,130.0,31.0,-394,-6.57,False
2026-09-12T10:33:13+10:00,2533213,2509_355,-33.89016342163086,151.20849609375,295.0,0.0,155,2.58,True
2026-09-12T10:33:13+10:00,2609836,2509_333,-33.88962936401367,151.27572631835938,43.0,24.8,-22,-0.37,True
2026-09-12T10:33:13+10:00,2609790,2509_333,-33.891239166259766,151.25308227539062,77.0,0.0,264,4.4,True
2026-09-12T10:33:13+10:00,2352477,2509_356,-33.89098358154297,151.24935913085938,279.0,0.0,0,0.0,True
2026-09-12T10:33:13+10:00,2532336,2509_380,-33.85367202758789,151.28465270996094,194.0,51.8,67,1.12,True
2026-09-12T10:33:13+10:00,2532143,2509_350,-33.891082763671875,151.2486114501953,290.0,17.6,176,2.93,True
2026-09-12T10:33:13+10:00,2356578,2509_373,-33.91997146606445,151.25709533691406,190.0,0.0,1,0.02,True
2026-09-12T10:33:13+10:00,2346355,2509_390X,-33.91496658325195,151.22540283203125,349.0,0.7,170,2.83,True
2026-09-12T10:33:13+10:00,2139397,2509_396,-33.86302947998047,151.2107391357422,3.0,18.7,8,0.13,True
2026-09-12T10:33:13+10:00,2564005,2509_379,-33.90471267700195,151.26736450195312,147.0,5.4,11,0.18,True
2026-09-12T10:33:13+10:00,2403164,2509_311,-33.87082290649414,151.2189178466797,10.0,28.1,-47,-0.78,True
2026-09-12T10:33:13+10:00,2352637,2509_307,-33.94472885131836,151.22634887695312,192.0,0.0,0,0.0,True
2026-09-12T10:33:13+10:00,2139908,2509_396,-33.919857025146484,151.22645568847656,353.0,27.4,52,0.87,True
2026-09-12T10:33:13+10:00,2488484,2509_392,-33.95051956176758,151.2316436767578,176.0,29.2,-175,-2.92,False
2026-09-12T10:33:13+10:00,2470807,2509_356,-33.94219207763672,151.2256317138672,280.0,0.0,0,0.0,True
2026-09-12T10:33:13+10:00,2139125,2509_396,-33.885597229003906,151.21847534179688,159.0,38.5,22,0.37,True
2026-09-12T10:33:13+10:00,2610053,2509_333,-33.889503479003906,151.28334045410156,214.0,0.0,37,0.62,True
2026-09-12T10:33:13+10:00,2396547,2509_392,-33.93238067626953,151.22991943359375,346.0,0.0,22,0.37,True
2026-09-12T10:33:13+10:00,2609949,2509_333,-33.89324951171875,151.25875854492188,279.0,1.4,-70,-1.17,False
2026-09-12T10:33:13+10:00,2674977,2509_309,-33.9129638671875,151.20147705078125,195.0,0.0,188,3.13,True
2026-09-12T10:33:13+10:00,2488386,2509_392,-33.9034538269043,151.20883178710938,102.0,30.2,234,3.9,True
2026-09-12T10:33:13+10:00,2434684,2509_390X,-33.912498474121094,151.2393035888672,160.0,0.0,327,5.45,False
2026-09-12T10:33:13+10:00,2357086,2509_370,-33.91630935668945,151.23472595214844,298.0,28.1,196,3.27,True
2026-09-12T10:33:13+10:00,2402995,2509_311,-33.880340576171875,151.2089080810547,191.0,0.0,-88,-1.47,False
2026-09-12T10:33:13+10:00,2531832,2509_355,-33.908531188964844,151.1719970703125,83.0,0.0,0,0.0,True
2026-09-12T10:33:13+10:00,2679236,2509_370,-33.87176513671875,151.18014526367188,235.0,0.0,0,0.0,True
2026-09-12T10:33:13+10:00,2356797,2509_343,-33.8643913269043,151.2117156982422,7.0,37.4,0,0.0,True
2026-09-12T10:33:13+10:00,2357594,2509_374,-33.893802642822266,151.21957397460938,132.0,43.6,467,7.78,False
2026-09-12T10:33:13+10:00,2137392,2509_396,-33.86720657348633,151.21066284179688,5.0,0.0,-386,-6.43,False
2026-09-12T10:33:13+10:00,2494543,2509_374,-33.91255187988281,151.2392120361328,318.0,23.4,394,6.57,False
2026-09-12T10:33:13+10:00,2532195,2509_350,-33.92654037475586,151.25555419921875,190.0,31.7,213,3.55,True
2026-09-12T10:33:13+10:00,2679286,2509_370,-33.91612243652344,151.23435974121094,106.0,27.0,37,0.62,True
2026-09-12T10:33:13+10:00,2563886,2509_379,-33.888328552246094,151.26611328125,133.0,23.0,266,4.43,True
2026-09-12T10:33:13+10:00,2534175,2509_324,-33.843631744384766,151.28402709960938,6.0,0.0,0,0.0,True
2026-09-12T10:33:13+10:00,2356475,2509_311,-33.86248016357422,151.20294189453125,352.0,31.3,-17,-0.28,True
2026-09-12T10:33:13+10:00,2531580,2509_324,-33.87947463989258,151.23617553710938,13.0,0.0,0,0.0,True
2026-09-12T10:33:13+10:00,2140465,2509_306,-33.907249450683594,151.20298767089844,186.0,4.3,156,2.6,True
2026-09-12T10:33:13+10:00,2675057,2509_309,-33.893192291259766,151.198974609375,21.0,0.0,0,0.0,True
2026-09-12T10:33:13+10:00,2346392,2509_390X,-33.90692901611328,151.25205993652344,71.0,11.2,-279,-4.65,False
2026-09-12T10:33:13+10:00,2534149,2509_350,-33.940162658691406,151.21495056152344,325.0,40.0,365,6.08,False
2026-09-12T10:33:13+10:00,2494526,2509_343,-33.89317321777344,151.20709228515625,289.0,25.9,53,0.88,True
2026-09-12T10:33:13+10:00,2356174,2509_343,-33.9228515625,151.2069091796875,100.0,0.0,78,1.3,True
2026-09-12T10:33:13+10:00,2533636,2509_325,-33.87973403930664,151.2364044189453,283.0,19.8,8,0.13,True
2026-09-12T10:33:13+10:00,2609999,2509_333,-33.86172866821289,151.21121215820312,4.0,0.0,0,0.0,True
2026-09-12T10:33:13+10:00,2139005,2509_375,-33.94483184814453,151.22625732421875,192.0,0.0,0,0.0,True
2026-09-12T10:33:13+10:00,2563979,2509_386,-33.88990020751953,151.25692749023438,106.0,37.8,268,4.47,True
2026-09-12T10:33:13+10:00,2531254,2509_362,-33.88636016845703,151.27037048339844,309.0,35.3,-85,-1.42,False
2026-09-12T10:33:13+10:00,2563940,2509_379,-33.901832580566406,151.25442504882812,334.0,4.0,267,4.45,True
2026-09-12T10:33:13+10:00,2534286,2509_350,-33.9404411315918,151.22821044921875,21.0,8.3,324,5.4,False
2026-09-12T10:33:13+10:00,2628754,2509_304,-33.87287521362305,151.2099609375,185.0,0.0,-19,-0.32,True
2026-09-12T10:33:13+10:00,2675131,2509_309,-33.90920639038086,151.20263671875,195.0,16.2,904,15.07,False
2026-09-12T10:33:13+10:00,2610099,2509_333,-33.87491226196289,151.20970153808594,11.0,6.1,266,4.43,True
2026-09-12T10:33:13+10:00,2609832,2509_333,-33.89208221435547,151.2732696533203,190.0,7.9,152,2.53,True
2026-09-12T10:33:13+10:00,2628673,2509_304,-33.896759033203125,151.2120361328125,282.0,21.6,511,8.52,False
2026-09-12T10:33:13+10:00,2137257,2509_306,-33.92548751831055,151.1952667236328,295.0,18.7,-73,-1.22,False
2026-09-12T10:33:13+10:00,2533123,2509_355,-33.90172576904297,151.20004272460938,38.0,6.1,267,4.45,True
2026-09-12T10:33:13+10:00,2138255,2509_396,-33.93648147583008,151.23785400390625,349.0,53.6,-101,-1.68,False
2026-09-12T10:33:13+10:00,2609725,2509_333,-33.87512969970703,151.20968627929688,2.0,0.0,-280,-4.67,False
2026-09-12T10:33:13+10:00,2346299,2509_390X,-33.93149948120117,151.23672485351562,349.0,47.9,99,1.65,True
2026-09-12T10:33:13+10:00,2357661,2509_373,-33.92068099975586,151.24600219726562,280.0,34.2,59,0.98,True
2026-09-12T10:33:13+10:00,2533976,2509_350,-33.91177749633789,151.25645446777344,279.0,0.0,14,0.23,True
2026-09-12T10:33:13+10:00,2346346,2509_390X,-33.902164459228516,151.25465393066406,335.0,11.5,36,0.6,True
2026-09-12T10:33:13+10:00,2609506,2509_333,-33.8899040222168,151.23414611816406,296.0,53.6,-33,-0.55,True
2026-09-12T10:33:13+10:00,2356111,2509_343,-33.861995697021484,151.2121124267578,8.0,0.0,0,0.0,True
2026-09-12T10:33:13+10:00,2352638,2509_356,-33.94084930419922,151.2335968017578,280.0,48.2,18,0.3,True
2026-09-12T10:33:13+10:00,2356242,2509_373,-33.9196662902832,151.25704956054688,9.0,0.0,0,0.0,True
2026-09-12T10:33:13+10:00,2534244,2509_325,-33.85701370239258,151.2042236328125,269.0,1.4,-35,-0.58,True
2026-09-12T10:33:13+10:00,2357008,2509_311,-33.87342071533203,151.22418212890625,65.0,11.9,152,2.53,True
2026-09-12T10:33:13+10:00,2609706,2509_333,-33.8914680480957,151.2474822998047,186.0,0.7,-111,-1.85,False
2026-09-12T10:33:13+10:00,2534268,2509_326,-33.8795051574707,151.23809814453125,22.0,0.0,100,1.67,True
2026-09-12T10:33:13+10:00,2534533,2509_350,-33.933780670166016,151.18051147460938,280.0,19.4,-481,-8.02,False
2026-09-12T10:33:13+10:00,2357195,2509_373,-33.90709686279297,151.232666015625,123.0,42.5,-42,-0.7,True
2026-09-12T10:33:13+10:00,2357247,2509_339,-33.909751892089844,151.2493896484375,277.0,0.0,473,7.88,False
2026-09-12T10:33:13+10:00,2531653,2509_324,-33.873905181884766,151.2470703125,359.0,41.0,188,3.13,True
2026-09-12T10:33:13+10:00,2679355,2509_370,-33.90215301513672,151.19525146484375,140.0,9.7,54,0.9,True
2026-09-12T10:33:13+10:00,2357613,2509_343,-33.90742874145508,151.2076873779297,192.0,18.7,50,0.83,True
2026-09-12T10:33:13+10:00,2137433,2509_375,-33.92583084106445,151.25067138671875,105.0,0.0,454,7.57,False
2026-09-12T10:33:13+10:00,2679378,2509_370,-33.91184616088867,151.21044921875,98.0,0.0,16,0.27,True
2026-09-12T10:33:13+10:00,2609690,2509_333,-33.86996841430664,151.21034240722656,180.0,0.0,310,5.17,False
2026-09-12T10:33:13+10:00,2356155,2509_343,-33.883216857910156,151.20835876464844,189.0,34.6,141,2.35,True
2026-09-12T10:33:13+10:00,2533739,2509_352,-33.89032745361328,151.20872497558594,295.0,36.0,650,10.83,False
2026-09-12T10:33:13+10:00,2356489,2509_373,-33.87716293334961,151.21197509765625,23.0,3.2,244,4.07,True
2026-09-12T10:33:13+10:00,2531691,2509_350,-33.943050384521484,151.26214599609375,35.0,22.0,142,2.37,True
2026-09-12T10:33:13+10:00,2434437,2509_390X,-33.891700744628906,151.2498016357422,169.0,12.6,72,1.2,True
2026-09-12T10:33:13+10:00,2533727,2509_324,-33.855960845947266,151.20675659179688,44.0,0.0,0,0.0,True
2026-09-12T10:33:13+10:00,2534002,2509_352,-33.89040756225586,151.23951721191406,248.0,44.6,-35,-0.58,True
2026-09-12T10:33:13+10:00,2533097,2509_380,-33.89122009277344,151.2529754638672,74.0,0.4,136,2.27,True
2026-09-12T10:33:13+10:00,2628744,2509_304,-33.90291213989258,151.2126922607422,190.0,32.8,73,1.22,True
2026-09-12T10:33:13+10:00,2139381,2509_375,-33.90848159790039,151.23448181152344,278.0,0.0,-155,-2.58,False
2026-09-12T10:33:13+10:00,2494791,2509_343,-33.92333221435547,151.2091522216797,278.0,44.3,-112,-1.87,False
2026-09-12T10:33:13+10:00,2531275,2509_324,-33.87004852294922,151.2061767578125,175.0,20.2,454,7.57,False
2026-09-12T10:33:13+10:00,2609966,2509_333,-33.89115524291992,151.25357055664062,70.0,14.0,-50,-0.83,True
2026-09-12T10:33:13+10:00,2675117,2509_309,-33.892704010009766,151.19918823242188,23.0,0.0,0,0.0,True
2026-09-12T10:33:13+10:00,2551773,2509_379,-33.88228988647461,151.2783660888672,279.0,31.7,131,2.18,True
2026-09-12T10:33:13+10:00,2356394,2509_370,-33.89907455444336,151.17776489257812,352.0,0.0,88,1.47,True
2026-09-12T10:33:13+10:00,2357113,2509_343,-33.8658447265625,151.21119689941406,203.0,32.8,60,1.0,True
2026-09-12T10:33:13+10:00,2609721,2509_333,-33.8846549987793,151.22451782226562,113.0,0.0,13,0.22,True
2026-09-12T10:33:13+10:00,2300861,2509_399,-33.928314208984375,151.23304748535156,313.0,34.2,16,0.27,True
2026-09-12T10:33:13+10:00,2470769,2509_356,-33.94143295288086,151.23866271972656,94.0,0.0,135,2.25,True
2026-09-12T10:33:13+10:00,2531374,2509_350,-33.94775390625,151.25172424316406,284.0,0.0,98,1.63,True
2026-09-12T10:33:13+10:00,2357225,2509_373,-33.884788513183594,151.21798706054688,336.0,28.1,199,3.32,True
2026-09-12T10:33:13+10:00,2628740,2509_304,-33.86527633666992,151.21148681640625,23.0,34.2,390,6.5,False
2026-09-12T10:33:13+10:00,2609929,2509_333,-33.8624382019043,151.211181640625,6.0,0.4,0,0.0,True
2026-09-12T10:33:13+10:00,2628595,2509_304,-33.90730285644531,151.2052459716797,295.0,0.0,424,7.07,False
2026-09-12T10:33:13+10:00,2532172,2509_350,-33.92463302612305,151.18975830078125,100.0,0.0,101,1.68,True
2026-09-12T10:33:13+10:00,2533428,2509_350,-33.94236373901367,151.22738647460938,198.0,49.7,135,2.25,True
2026-09-12T10:33:13+10:00,2138938,2509_375,-33.95257568359375,151.2443389892578,78.0,35.6,309,5.15,False
2026-09-12T10:33:13+10:00,2400593,2509_309,-33.921669006347656,151.1962890625,14.0,16.6,-20,-0.33,True
2026-09-12T10:33:13+10:00,2609766,2509_333,-33.88999557495117,151.23451232910156,299.0,46.8,357,5.95,False
2026-09-12T10:33:13+10:00,2356910,2509_339,-33.914405822753906,151.2664794921875,132.0,0.0,0,0.0,True
2026-09-12T10:33:13+10:00,2679339,2509_370,-33.882659912109375,151.20785522460938,123.0,0.0,0,0.0,True
2026-09-12T10:33:13+10:00,2534550,2509_380,-33.890995025634766,151.2741241455078,39.0,19.4,664,11.07,False
2026-09-12T10:33:13+10:00,2488406,2509_392,-33.89278030395508,151.19911193847656,23.0,0.0,16,0.27,True
2026-09-12T10:33:13+10:00,2357451,2509_370,-33.89824295043945,151.17819213867188,25.0,0.0,665,11.08,False
2026-09-12T10:33:13+10:00,2357197,2509_339,-33.88401412963867,151.21702575683594,101.0,0.0,328,5.47,False
2026-09-12T10:33:13+10:00,2533878,2509_325,-33.85358428955078,151.27061462402344,289.0,31.0,138,2.3,True
2026-09-12T10:33:13+10:00,2138865,2509_306,-33.923675537109375,151.21115112304688,5.0,14.8,-29,-0.48,True
2026-09-12T10:33:13+10:00,2352628,2509_392,-33.89689254760742,151.2052001953125,92.0,39.2,-12,-0.2,True
2026-09-12T10:33:13+10:00,2534037,2509_352,-33.898048400878906,151.1783905029297,36.0,0.0,126,2.1,True
2026-09-12T10:33:13+10:00,2335609,2509_309,-33.951148986816406,151.19847106933594,309.0,37.8,118,1.97,True
2026-09-12T10:33:13+10:00,2534519,2509_352,-33.88302993774414,151.22067260742188,145.0,2.2,201,3.35,True
2026-09-12T10:33:13+10:00,2137728,2509_396,-33.940731048583984,151.23941040039062,167.0,0.0,9,0.15,True
2026-09-12T10:33:13+10:00,2356820,2509_370,-33.90422058105469,151.19012451171875,217.0,18.4,9,0.15,True
2026-09-12T10:33:13+10:00,2531332,2509_313,-33.91961669921875,151.24859619140625,279.0,13.3,75,1.25,True
2026-09-12T10:33:13+10:00,2352662,2509_307,-33.92782974243164,151.19515991210938,197.0,13.0,-50,-0.83,True
2026-09-12T10:33:13+10:00,2139774,2509_396,-33.94051742553711,151.23936462402344,168.0,0.0,668,11.13,False
2026-09-12T10:33:13+10:00,2152050,2509_333,-33.864959716796875,151.21156311035156,202.0,39.6,139,2.32,True
2026-09-12T10:33:13+10:00,2533855,2509_387,-33.87588119506836,151.2720489501953,204.0,0.0,70,1.17,True
2026-09-12T10:33:13+10:00,2533143,2509_360,-33.89765167236328,151.2626190185547,99.0,21.6,128,2.13,True
