timestamp,trip_id,route_id,lat,lon,bearing,speed_kmh,delay_sec,delay_min,on_time
2026-09-22T04:46:47+10:00,2376084,2508_144,-33.829933166503906,151.2184600830078,114.0,0.0,297,4.95,True
2026-09-22T04:46:47+10:00,2087725,2508_BN1,-33.835304260253906,151.211669921875,191.0,68.0,-204,-3.4,False
2026-09-22T04:46:47+10:00,2087950,2508_BN1,-33.86594009399414,151.20639038085938,19.0,6.5,101,1.68,True
2026-09-22T04:46:47+10:00,2037696,2459_440,-33.88467788696289,151.19107055664062,87.0,41.0,107,1.78,True
2026-09-22T04:46:47+10:00,2319991,7083_SW3,-33.90510559082031,151.12823486328125,46.0,0.7,-1,-0.02,True
2026-09-22T04:46:47+10:00,2349277,2459_418,-33.898292541503906,151.12557983398438,329.0,23.0,0,0.0,True
2026-09-22T04:46:47+10:00,2037695,2459_440,-33.8805046081543,151.21676635742188,129.0,0.0,580,9.67,False
2026-09-22T04:46:47+10:00,2644874,2507_52,-33.8385124206543,151.13360595703125,310.0,58.7,74,1.23,True
2026-09-22T04:46:47+10:00,2559047,7083_SW1,-33.908687591552734,151.1305694580078,130.0,29.2,-43,-0.72,True
2026-09-22T04:46:47+10:00,2231034,2507_290,-33.83652877807617,151.20584106445312,158.0,19.8,4,0.07,True
2026-09-22T04:46:47+10:00,2036667,2459_438N,-33.88787841796875,151.16830444335938,85.0,38.9,-6,-0.1,True
2026-09-22T04:46:47+10:00,2284473,2459_423,-33.90249252319336,151.16929626464844,19.0,30.2,78,1.3,True
2026-09-22T04:46:47+10:00,2683156,7083_SW1,-33.914093017578125,151.1663818359375,0.0,0.4,105,1.75,True
2026-09-22T04:46:47+10:00,2420803,2508_230,-33.84440612792969,151.21095275878906,158.0,23.4,115,1.92,True
2026-09-22T04:46:47+10:00,2555410,2507_290,-33.82527542114258,151.19842529296875,322.0,0.0,-214,-3.57,False
2026-09-22T04:46:47+10:00,2644613,2507_52,-33.823875427246094,151.12411499023438,122.0,11.2,153,2.55,True
2026-09-22T04:46:47+10:00,2286631,2459_428,-33.903297424316406,151.1422882080078,65.0,22.0,31,0.52,True
2026-09-22T04:46:47+10:00,2682717,7083_SW1,-33.91438293457031,151.16554260253906,0.0,0.4,434,7.23,False
2026-09-22T04:46:47+10:00,2349311,2459_418,-33.905662536621094,151.1359405517578,57.0,19.8,-241,-4.02,False
2026-09-22T04:46:47+10:00,2420888,2508_230,-33.83000564575195,151.24420166015625,183.0,19.8,0,0.0,True
2026-09-22T04:46:47+10:00,2714032,2508_144,-33.81789779663086,151.182373046875,318.0,45.7,111,1.85,True
2026-09-22T04:46:47+10:00,2685974,2459_423,-33.86738586425781,151.21063232421875,1.0,22.0,61,1.02,True
2026-09-22T04:46:47+10:00,2533626,2509_324,-33.87360382080078,151.21182250976562,101.0,33.1,110,1.83,True
2026-09-22T04:46:47+10:00,2533525,2509_350,-33.945587158203125,151.2405548095703,167.0,44.6,2,0.03,True
2026-09-22T04:46:47+10:00,2548560,2509_350,-33.9343376159668,151.19659423828125,259.0,40.3,-23,-0.38,True
2026-09-22T04:46:47+10:00,2138610,2509_392N,-33.87062072753906,151.21022033691406,3.0,28.4,-153,-2.55,False
2026-09-22T04:46:47+10:00,2675006,2509_309,-33.89274215698242,151.20013427734375,203.0,0.0,0,0.0,True
2026-09-22T04:46:47+10:00,2551693,2509_379,-33.8886833190918,151.26010131835938,215.0,29.9,53,0.88,True
2026-09-22T04:46:47+10:00,2494504,2509_343,-33.90108871459961,151.20591735839844,12.0,45.7,-14,-0.23,True
2026-09-22T04:46:47+10:00,2357836,2509_373,-33.886783599853516,151.2194061279297,308.0,0.0,-97,-1.62,False
2026-09-22T04:46:47+10:00,2548649,2509_350,-33.93254470825195,151.2571563720703,143.0,38.5,18,0.3,True
2026-09-22T04:46:47+10:00,2435037,2509_390X,-33.891143798828125,151.2489471435547,279.0,0.4,0,0.0,True
2026-09-22T04:46:47+10:00,2532320,2509_324,-33.871131896972656,151.20553588867188,355.0,0.4,-128,-2.13,False
2026-09-22T04:46:47+10:00,2628692,2509_304,-33.89154052734375,151.21266174316406,41.0,20.5,129,2.15,True
2026-09-22T04:46:47+10:00,2357412,2509_339,-33.905033111572266,151.23265075683594,263.0,32.0,167,2.78,True
2026-09-22T04:46:47+10:00,2531752,2509_333,-33.88936233520508,151.2315216064453,316.0,0.0,-88,-1.47,False
2026-09-22T04:46:47+10:00,2564795,2509_333,-33.88955307006836,151.28329467773438,213.0,0.0,0,0.0,True
2026-09-22T04:46:47+10:00,2675112,2509_309,-33.94628143310547,151.19747924804688,163.0,33.8,-62,-1.03,False
2026-09-22T04:46:47+10:00,2346347,2509_390X,-33.94804382324219,151.24063110351562,349.0,63.7,204,3.4,True
2026-09-22T04:46:47+10:00,2335404,2509_309,-33.905879974365234,151.202880859375,349.0,3.6,-55,-0.92,True
2026-09-22T04:46:47+10:00,2335880,2509_309,-33.955718994140625,151.230224609375,354.0,0.0,14,0.23,True
2026-09-22T04:46:47+10:00,2532752,2509_333,-33.89042282104492,151.24276733398438,110.0,0.0,-110,-1.83,False
2026-09-22T04:46:47+10:00,2705414,2504_N70,-33.874908447265625,151.20970153808594,6.0,0.0,-444,-7.4,False
2026-09-22T04:46:47+10:00,2704203,2504_610X,-33.806121826171875,151.1529541015625,124.0,64.4,-242,-4.03,False
2026-09-22T04:46:47+10:00,2704088,2504_N92,-33.8465690612793,151.2123565673828,345.0,67.0,-23,-0.38,True
2026-09-22T04:46:47+10:00,2710255,2504_N50,-33.88777160644531,151.17166137695312,353.0,0.0,46,0.77,True
2026-09-22T04:46:47+10:00,2704946,2504_N71,-33.88512420654297,151.1364288330078,299.0,55.4,34,0.57,True
2026-09-22T04:46:47+10:00,2704898,2504_607X,-33.870052337646484,151.2061767578125,176.0,0.0,0,0.0,True
2026-09-22T04:46:47+10:00,2657421,2510_N20,-33.889217376708984,151.20164489746094,355.0,0.0,61,1.02,True
2026-09-22T04:46:47+10:00,2530234,7084_SW2,-33.9148063659668,151.16493225097656,212.0,0.0,-1130,-18.83,False
2026-09-22T08:19:43+10:00,2682118,2507_267,-33.80390930175781,151.21080017089844,245.0,52.9,38,0.63,True
2026-09-22T08:19:43+10:00,2514721,2459_504,-33.8681755065918,151.17626953125,154.0,25.6,-209,-3.48,False
2026-09-22T08:19:43+10:00,2644030,2507_52,-33.87278747558594,151.21270751953125,187.0,0.0,0,0.0,True
2026-09-22T08:19:43+10:00,2378956,2508_B1,-33.817955017089844,151.243896484375,163.0,32.0,383,6.38,False
2026-09-22T08:19:43+10:00,2714606,2508_114,-33.8243522644043,151.25083923339844,352.0,0.0,0,0.0,True
2026-09-22T08:19:43+10:00,2284480,2459_480,-33.88987731933594,151.14637756347656,100.0,25.9,-105,-1.75,False
2026-09-22T08:19:43+10:00,2700012,2508_177X,-33.83015823364258,151.21693420410156,274.0,41.4,-233,-3.88,False
2026-09-22T08:19:43+10:00,2285932,2459_654s,-33.87254333496094,151.15548706054688,33.0,0.0,42,0.7,True
2026-09-22T08:19:43+10:00,2376159,2508_100,-33.842044830322266,151.2128143310547,103.0,7.6,0,0.0,True
2026-09-22T08:19:43+10:00,2308981,2459_445,-33.864566802978516,151.16896057128906,55.0,15.8,-452,-7.53,False
2026-09-22T08:19:43+10:00,2644502,2507_501,-33.8697624206543,151.19393920898438,290.0,10.1,427,7.12,False
2026-09-22T08:19:43+10:00,2415738,2508_B1,-33.80766296386719,151.2467498779297,11.0,9.4,249,4.15,True
2026-09-22T08:19:43+10:00,2289496,2459_438X,-33.84514236450195,151.12847900390625,3.0,0.0,0,0.0,True
2026-09-22T08:19:43+10:00,2290647,2459_348,-33.910030364990234,151.22305297851562,98.0,0.0,-51,-0.85,True
2026-09-22T08:19:43+10:00,2209288,2459_440,-33.89009094238281,151.24063110351562,251.0,34.6,63,1.05,True
2026-09-22T08:19:43+10:00,2580192,2508_100,-33.827720642089844,151.23114013671875,227.0,0.7,137,2.28,True
2026-09-22T08:19:43+10:00,2441755,2507_297,-33.84270095825195,151.21127319335938,167.0,60.1,-578,-9.63,False
2026-09-22T08:19:43+10:00,2289874,2459_437,-33.869163513183594,151.1300506591797,253.0,0.0,0,0.0,True
2026-09-22T08:19:43+10:00,2580129,2508_100,-33.87314987182617,151.20651245117188,178.0,6.1,-57,-0.95,True
2026-09-22T08:19:43+10:00,2555473,2507_291,-33.84529113769531,151.20419311523438,182.0,0.0,0,0.0,True
2026-09-22T08:19:43+10:00,2554201,2459_358,-33.92417526245117,151.1859588623047,101.0,23.0,60,1.0,True
2026-09-22T08:19:43+10:00,2441470,2507_207,-33.86347579956055,151.20819091796875,266.0,0.0,0,0.0,True
2026-09-22T08:19:43+10:00,2636170,2459_504,-33.87281799316406,151.20492553710938,84.0,0.0,-100,-1.67,False
2026-09-22T08:19:43+10:00,2515081,2459_502,-33.841583251953125,151.11639404296875,0.0,0.0,0,0.0,True
2026-09-22T08:19:43+10:00,2643805,2507_120,-33.79641342163086,151.18124389648438,359.0,7.6,0,0.0,True
2026-09-22T08:19:43+10:00,2580268,2508_100,-33.858707427978516,151.20669555664062,28.0,48.2,-168,-2.8,False
2026-09-22T08:19:43+10:00,2329070,7083_SW3,-33.91100311279297,151.1573486328125,300.0,28.8,4,0.07,True
2026-09-22T08:19:43+10:00,2626600,2507_536,-33.823707580566406,151.1331787109375,210.0,0.4,167,2.78,True
2026-09-22T08:19:43+10:00,2644640,2507_120,-33.7918701171875,151.19728088378906,249.0,0.0,0,0.0,True
2026-09-22T08:19:43+10:00,2289983,2459_423,-33.88600158691406,151.19435119628906,21.0,0.0,-205,-3.42,False
2026-09-22T08:19:43+10:00,2374587,2508_168X,-33.82987594604492,151.21356201171875,15.0,0.0,0,0.0,True
2026-09-22T08:19:43+10:00,2635980,2459_504,-33.85689163208008,151.1601104736328,141.0,52.6,-84,-1.4,False
2026-09-22T08:19:43+10:00,2643990,2507_52,-33.862674713134766,151.1682586669922,129.0,20.2,138,2.3,True
2026-09-22T08:19:43+10:00,2046293,2459_433,-33.859031677246094,151.17202758789062,138.0,9.7,337,5.62,False
2026-09-22T08:19:43+10:00,2374854,2508_173X,-33.86509704589844,151.20602416992188,270.0,0.0,0,0.0,True
2026-09-22T08:19:43+10:00,2209105,2459_440,-33.88717269897461,151.1573944091797,354.0,12.2,-184,-3.07,False
2026-09-22T08:19:43+10:00,2378960,2508_B1,-33.824424743652344,151.24041748046875,96.0,40.3,0,0.0,True
2026-09-22T08:19:43+10:00,2537681,2507_506,-33.830909729003906,151.1413116455078,140.0,0.0,147,2.45,True
2026-09-22T08:19:43+10:00,2322307,2507_506,-33.87146759033203,151.21469116210938,331.0,0.0,0,0.0,True
2026-09-22T08:19:43+10:00,2288425,2459_418,-33.90889358520508,151.1527557373047,295.0,0.0,175,2.92,True
2026-09-22T08:19:43+10:00,2289605,2459_426,-33.900787353515625,151.14117431640625,212.0,3.6,0,0.0,True
2026-09-22T08:19:43+10:00,2248882,2507_687w,-33.809478759765625,151.1781768798828,207.0,37.8,132,2.2,True
2026-09-22T08:19:43+10:00,2421310,2508_225,-33.833274841308594,151.22927856445312,3.0,0.0,764,12.73,False
2026-09-22T08:19:43+10:00,2550409,2508_144,-33.82318115234375,151.18704223632812,339.0,20.9,-1,-0.02,True
2026-09-22T08:19:43+10:00,2442059,2507_207,-33.84572982788086,151.21202087402344,342.0,52.6,-35,-0.58,True
2026-09-22T08:19:43+10:00,2286625,2459_389,-33.89131164550781,151.24798583984375,97.0,0.0,276,4.6,True
2026-09-22T08:19:43+10:00,2731214,2507_507,-33.84078598022461,151.14671325683594,144.0,55.8,20,0.33,True
2026-09-22T08:19:43+10:00,2441440,2507_209,-33.7908821105957,151.20716857910156,195.0,42.8,-52,-0.87,True
2026-09-22T08:19:43+10:00,2309750,7083_SW3,-33.90903091430664,151.16102600097656,130.0,5.8,170,2.83,True
2026-09-22T08:19:43+10:00,2643740,2507_52,-33.825382232666016,151.12603759765625,153.0,6.8,-13,-0.22,True
2026-09-22T08:19:43+10:00,2620050,2459_530,-33.81011199951172,151.177490234375,229.0,33.5,65,1.08,True
2026-09-22T08:19:43+10:00,2378201,2508_565n,-33.84035110473633,151.2175750732422,70.0,30.6,0,0.0,True
2026-09-22T08:19:43+10:00,2550462,2508_263,-33.831905364990234,151.22218322753906,353.0,3.6,1072,17.87,False
2026-09-22T08:19:43+10:00,2596410,2459_491,-33.87626647949219,151.1292724609375,328.0,42.8,180,3.0,True
2026-09-22T08:19:43+10:00,2287337,2459_431,-33.880531311035156,151.1874237060547,325.0,14.0,-86,-1.43,False
2026-09-22T08:19:43+10:00,2558958,7083_SW1,-33.91120147705078,151.13938903808594,146.0,24.5,196,3.27,True
2026-09-22T08:19:43+10:00,2555554,2507_265,-33.826255798339844,151.19943237304688,319.0,13.7,-17,-0.28,True
2026-09-22T08:19:43+10:00,2209091,2459_530,-33.86166000366211,151.13772583007812,68.0,12.2,165,2.75,True
2026-09-22T08:19:43+10:00,2230816,2507_204,-33.84629821777344,151.21224975585938,342.0,42.5,0,0.0,True
2026-09-22T08:19:43+10:00,2037452,2459_440,-33.887168884277344,151.1575164794922,174.0,19.1,-166,-2.77,False
2026-09-22T08:19:43+10:00,2407040,2507_252,-33.81486129760742,151.1650390625,120.0,11.5,318,5.3,False
2026-09-22T08:19:43+10:00,2340896,2459_308,-33.90866470336914,151.17201232910156,268.0,0.0,0,0.0,True
2026-09-22T08:19:43+10:00,2036567,2459_440,-33.876644134521484,151.2122039794922,189.0,0.0,0,0.0,True
2026-09-22T08:19:43+10:00,2442014,2507_202,-33.811065673828125,151.2108154296875,191.0,13.0,-147,-2.45,False
2026-09-22T08:19:43+10:00,2634543,2507_254,-33.81231689453125,151.17144775390625,80.0,0.0,156,2.6,True
2026-09-22T08:19:43+10:00,2373977,2508_100,-33.829925537109375,151.21485900878906,272.0,28.8,-72,-1.2,False
2026-09-22T08:19:43+10:00,2379214,2508_180X,-33.82325744628906,151.2430419921875,232.0,7.2,650,10.83,False
2026-09-22T08:19:43+10:00,2284013,2459_422,-33.88872146606445,151.18162536621094,149.0,0.0,-39,-0.65,True
2026-09-22T08:19:43+10:00,2283850,2459_412,-33.89394760131836,151.15623474121094,79.0,0.0,-397,-6.62,False
2026-09-22T08:19:43+10:00,2421408,2508_230,-33.865909576416016,151.2063751220703,7.0,0.0,0,0.0,True
2026-09-22T08:19:43+10:00,2392940,2508_114,-33.863746643066406,151.20437622070312,42.0,40.3,814,13.57,False
2026-09-22T08:19:43+10:00,2230884,2507_204,-33.822303771972656,151.21047973632812,189.0,0.0,0,0.0,True
2026-09-22T08:19:43+10:00,2621561,2507_288,-33.81083679199219,151.16421508789062,285.0,0.0,0,0.0,True
2026-09-22T08:19:43+10:00,2421345,2508_230,-33.829158782958984,151.2096405029297,281.0,13.3,209,3.48,True
2026-09-22T08:19:43+10:00,2621487,2507_288,-33.810585021972656,151.16351318359375,104.0,0.0,-68,-1.13,False
2026-09-22T08:19:43+10:00,2378930,2508_181X,-33.83072280883789,151.22000122070312,295.0,37.8,-41,-0.68,True
2026-09-22T08:19:43+10:00,2231310,2507_292,-33.81297302246094,151.19837951660156,124.0,78.5,-18,-0.3,True
2026-09-22T08:19:43+10:00,2714711,2508_114,-33.829742431640625,151.2277374267578,224.0,0.0,224,3.73,True
2026-09-22T08:19:43+10:00,2283379,2459_412,-33.8655891418457,151.2103271484375,228.0,0.0,0,0.0,True
2026-09-22T08:19:43+10:00,2225315,2507_594w,-33.83319854736328,151.126953125,346.0,31.7,409,6.82,False
2026-09-22T08:19:43+10:00,1962444,2459_412,-33.87188720703125,151.2100830078125,186.0,0.0,143,2.38,True
2026-09-22T08:19:43+10:00,2424359,2508_230,-33.84097671508789,151.2075958251953,278.0,0.0,347,5.78,False
2026-09-22T08:19:43+10:00,1917385,2459_760s,-33.85967254638672,151.10382080078125,173.0,43.9,173,2.88,True
2026-09-22T08:19:43+10:00,2581647,2507_505,-33.83839416503906,151.17613220214844,176.0,0.0,0,0.0,True
2026-09-22T08:19:43+10:00,2645000,2507_120,-33.796512603759766,151.1808319091797,128.0,2.5,3,0.05,True
2026-09-22T08:19:43+10:00,2290714,2459_433,-33.880638122558594,151.18768310546875,144.0,0.0,220,3.67,True
2026-09-22T08:19:43+10:00,2290400,2459_442,-33.87322998046875,151.20352172851562,249.0,37.8,-92,-1.53,False
2026-09-22T08:19:43+10:00,2643621,2507_52,-33.87276077270508,151.20555114746094,85.0,0.0,-459,-7.65,False
2026-09-22T08:19:43+10:00,2290214,2459_470,-33.87368392944336,151.2020263671875,248.0,51.8,0,0.0,True
2026-09-22T08:19:43+10:00,2289080,2459_480,-33.882972717285156,151.203857421875,46.0,0.0,-227,-3.78,False
2026-09-22T08:19:43+10:00,2261750,2508_180,-33.86431884765625,151.20553588867188,175.0,27.0,0,0.0,True
2026-09-22T08:19:43+10:00,2643448,2507_501,-33.87150192260742,151.193115234375,135.0,24.5,-207,-3.45,False
2026-09-22T08:19:43+10:00,1562260,2507_693w,-33.81447982788086,151.16754150390625,84.0,5.4,0,0.0,True
2026-09-22T08:19:43+10:00,2038528,2459_469,-33.87995529174805,151.1782684326172,290.0,31.3,154,2.57,True
2026-09-22T08:19:43+10:00,2644943,2507_52,-33.873287200927734,151.20973205566406,95.0,2.2,0,0.0,True
2026-09-22T08:19:43+10:00,2407642,2507_585w,-33.82302474975586,151.1285400390625,108.0,29.2,109,1.82,True
2026-09-22T08:19:43+10:00,2379179,2508_B1,-33.81757736206055,151.24368286132812,159.0,37.1,274,4.57,True
2026-09-22T08:19:43+10:00,2554283,2459_358,-33.92551803588867,151.2388458251953,97.0,0.0,272,4.53,True
2026-09-22T08:19:43+10:00,2288628,2459_348,-33.91249084472656,151.21319580078125,278.0,23.8,4,0.07,True
2026-09-22T08:19:43+10:00,2319707,7083_SW3,-33.909114837646484,151.12367248535156,50.0,43.2,172,2.87,True
2026-09-22T08:19:43+10:00,2621434,2507_288,-33.804298400878906,151.15383911132812,280.0,0.0,0,0.0,True
2026-09-22T08:19:43+10:00,2285092,2459_389,-33.87129211425781,151.20556640625,355.0,0.0,-182,-3.03,False
2026-09-22T08:19:43+10:00,2037591,2459_440,-33.87989044189453,151.2069549560547,12.0,18.4,0,0.0,True
2026-09-22T08:19:43+10:00,2731291,2507_577w,-33.82819366455078,151.12977600097656,43.0,10.1,164,2.73,True
2026-09-22T08:19:43+10:00,2283668,2459_438X,-33.87466812133789,151.13409423828125,326.0,37.4,-21,-0.35,True
2026-09-22T08:19:43+10:00,2340823,2459_308,-33.889801025390625,151.2061004638672,11.0,0.0,45,0.75,True
2026-09-22T08:19:43+10:00,2288870,2459_438X,-33.88596725463867,151.1802978515625,254.0,24.8,25,0.42,True
2026-09-22T08:19:43+10:00,1973482,2508_162,-33.8016242980957,151.2650604248047,281.0,30.6,-17,-0.28,True
2026-09-22T08:19:43+10:00,2644763,2507_52,-33.839908599853516,151.1377716064453,75.0,0.0,-64,-1.07,False
2026-09-22T08:19:43+10:00,2290213,2459_438X,-33.87358474731445,151.20986938476562,6.0,17.6,-182,-3.03,False
2026-09-22T08:19:43+10:00,2580145,2508_100,-33.83134460449219,151.22181701660156,114.0,0.4,7,0.12,True
2026-09-22T08:19:43+10:00,2036790,2459_440,-33.87913131713867,151.21505737304688,134.0,29.5,-384,-6.4,False
2026-09-22T08:19:43+10:00,2558921,7083_SW1,-33.91442108154297,151.1655731201172,0.0,0.0,18,0.3,True
2026-09-22T08:19:43+10:00,2643765,2507_501,-33.881343841552734,151.2061309814453,227.0,17.6,0,0.0,True
2026-09-22T08:19:43+10:00,2635816,2459_504,-33.85026931762695,151.13768005371094,233.0,29.9,-12,-0.2,True
2026-09-22T08:19:43+10:00,2329137,7083_SW3,-33.91172409057617,151.11984252929688,223.0,30.6,1127,18.78,False
2026-09-22T08:19:43+10:00,2285439,2459_461X,-33.871402740478516,151.216552734375,43.0,0.0,0,0.0,True
2026-09-22T08:19:43+10:00,2037786,2459_636s,-33.904441833496094,151.12799072265625,105.0,0.0,77,1.28,True
2026-09-22T08:19:43+10:00,2288591,2459_502,-33.856483459472656,151.14639282226562,232.0,36.0,-88,-1.47,False
2026-09-22T08:19:43+10:00,2589937,2508_174X,-33.82757568359375,151.23135375976562,223.0,0.0,545,9.08,False
2026-09-22T08:19:43+10:00,2285801,2459_438X,-33.86688232421875,151.210693359375,5.0,0.0,0,0.0,True
2026-09-22T08:19:43+10:00,2421482,2508_154X,-33.82448959350586,151.23760986328125,270.0,47.5,980,16.33,False
2026-09-22T08:19:43+10:00,2550176,2508_263,-33.86408996582031,151.20956420898438,180.0,14.8,0,0.0,True
2026-09-22T08:19:43+10:00,2621517,2507_288,-33.86566925048828,151.2032928466797,159.0,0.0,-619,-10.32,False
2026-09-22T08:19:43+10:00,2406966,2507_265,-33.831111907958984,151.19802856445312,166.0,14.4,119,1.98,True
2026-09-22T08:19:43+10:00,2225726,2507_253,-33.82757568359375,151.15765380859375,5.0,21.2,560,9.33,False
2026-09-22T08:19:43+10:00,2643581,2507_52,-33.86160659790039,151.16615295410156,118.0,20.2,-16,-0.27,True
2026-09-22T08:19:43+10:00,2514684,2459_410,-33.88179016113281,151.10287475585938,9.0,28.8,-151,-2.52,False
2026-09-22T08:19:43+10:00,2283727,2459_412,-33.89177322387695,151.17636108398438,70.0,24.5,-81,-1.35,False
2026-09-22T08:19:43+10:00,2046292,2459_433,-33.87763977050781,151.18531799316406,140.0,0.0,-60,-1.0,True
2026-09-22T08:19:43+10:00,2286059,2459_423,-33.92369842529297,151.135986328125,55.0,22.7,55,0.92,True
2026-09-22T08:19:43+10:00,2340938,2459_308,-33.89311599731445,151.20570373535156,280.0,29.5,-8,-0.13,True
2026-09-22T08:19:43+10:00,2554402,2459_358,-33.925262451171875,151.21932983398438,280.0,38.5,-84,-1.4,False
2026-09-22T08:19:43+10:00,2287799,2459_441,-33.8729362487793,151.20236206054688,42.0,20.9,-217,-3.62,False
2026-09-22T08:19:43+10:00,2392588,2508_114,-33.82445526123047,151.25088500976562,351.0,0.0,565,9.42,False
2026-09-22T08:19:43+10:00,2642873,2507_206,-33.792415618896484,151.207275390625,337.0,37.8,0,0.0,True
2026-09-22T08:19:43+10:00,2378927,2508_B1,-33.82472229003906,151.23477172851562,240.0,47.2,389,6.48,False
2026-09-22T08:19:43+10:00,2283481,2459_433,-33.88438034057617,151.19813537597656,268.0,18.0,-18,-0.3,True
2026-09-22T08:19:43+10:00,2407111,2507_252,-33.83662414550781,151.205810546875,149.0,0.0,410,6.83,False
2026-09-22T08:19:43+10:00,2644253,2507_52,-33.851287841796875,151.1546630859375,320.0,25.2,0,0.0,True
2026-09-22T08:19:43+10:00,2374170,2508_172X,-33.86669158935547,151.206298828125,6.0,0.0,94,1.57,True
2026-09-22T08:19:43+10:00,2289869,2459_700s,-33.92513656616211,151.1405487060547,94.0,37.1,-34,-0.57,True
2026-09-22T08:19:43+10:00,2011039,2459_305,-33.914398193359375,151.19189453125,218.0,32.0,171,2.85,True
2026-09-22T08:19:43+10:00,2378512,2508_162,-33.80411148071289,151.25668334960938,8.0,31.7,646,10.77,False
2026-09-22T08:19:43+10:00,2621530,2507_285,-33.85844421386719,151.2069091796875,208.0,57.2,-410,-6.83,False
2026-09-22T08:19:43+10:00,2620033,2459_530,-33.85093688964844,151.15292358398438,143.0,3.2,193,3.22,True
2026-09-22T08:19:43+10:00,2288490,2459_418,-33.91545867919922,151.1654815673828,57.0,0.0,0,0.0,True
2026-09-22T08:19:43+10:00,2379062,2508_165X,-33.82453155517578,151.2373504638672,270.0,43.9,108,1.8,True
2026-09-22T08:19:43+10:00,2285124,2459_389,-33.8676872253418,151.19595336914062,154.0,0.0,52,0.87,True
2026-09-22T08:19:43+10:00,2474059,2507_674w,-33.79246520996094,151.20721435546875,340.0,25.6,-257,-4.28,False
2026-09-22T08:19:43+10:00,2211985,2459_743s,-33.89576721191406,151.10614013671875,73.0,1.4,0,0.0,True
2026-09-22T08:19:43+10:00,2290348,2459_438X,-33.863216400146484,151.1303253173828,7.0,0.0,0,0.0,True
2026-09-22T08:19:43+10:00,2731380,2507_507,-33.864227294921875,151.17080688476562,130.0,0.0,224,3.73,True
2026-09-22T08:19:43+10:00,1866612,2507_636w,-33.85404968261719,151.2095184326172,27.0,52.6,0,0.0,True
2026-09-22T08:19:43+10:00,2289032,2459_426,-33.89774703979492,151.1782684326172,58.0,0.0,-199,-3.32,False
2026-09-22T08:19:43+10:00,2288438,2459_565w,-33.85809326171875,151.18360900878906,113.0,0.0,0,0.0,True
2026-09-22T08:19:43+10:00,2377461,2508_155,-33.84933853149414,151.2123565673828,18.0,50.4,220,3.67,True
2026-09-22T08:19:43+10:00,2580276,2508_100,-33.8316650390625,151.2442169189453,21.0,19.4,84,1.4,True
2026-09-22T08:19:43+10:00,2644456,2507_52,-33.872779846191406,151.205322265625,85.0,0.0,-338,-5.63,False
2026-09-22T08:19:43+10:00,2349683,2459_418,-33.87763595581055,151.10357666015625,190.0,0.0,235,3.92,True
2026-09-22T08:19:43+10:00,2209315,2459_464,-33.84013748168945,151.10678100585938,253.0,0.0,78,1.3,True
2026-09-22T08:19:43+10:00,2287416,2459_412,-33.91408157348633,151.14454650878906,78.0,13.7,45,0.75,True
2026-09-22T08:19:43+10:00,2421229,2508_230,-33.830848693847656,151.2085723876953,191.0,19.4,289,4.82,True
2026-09-22T08:19:43+10:00,2635891,2459_504,-33.85179901123047,151.1361083984375,331.0,16.9,0,0.0,True
2026-09-22T08:19:43+10:00,2227419,2507_285,-33.86444854736328,151.20555114746094,177.0,0.0,0,0.0,True
2026-09-22T08:19:43+10:00,2484474,2459_480,-33.88357925415039,151.2034149169922,221.0,0.0,54,0.9,True
2026-09-22T08:19:43+10:00,2453366,2459_614s,-33.88898468017578,151.14634704589844,282.0,37.8,-130,-2.17,False
2026-09-22T08:19:43+10:00,2621583,2507_252,-33.827938079833984,151.2008056640625,326.0,0.0,95,1.58,True
2026-09-22T08:19:43+10:00,2208294,2459_440,-33.8772087097168,151.2126922607422,314.0,8.6,-221,-3.68,False
2026-09-22T08:19:43+10:00,2248890,2507_687w,-33.81317901611328,151.17039489746094,222.0,20.5,-29,-0.48,True
2026-09-22T08:19:43+10:00,2379008,2508_B1,-33.866458892822266,151.20632934570312,10.0,0.0,0,0.0,True
2026-09-22T08:19:43+10:00,2636039,2459_504,-33.855289459228516,151.13941955566406,109.0,13.0,-69,-1.15,False
2026-09-22T08:19:43+10:00,2340743,2459_445,-33.8643684387207,151.1693115234375,54.0,22.0,-808,-13.47,False
2026-09-22T08:19:43+10:00,2231179,2507_292,-33.80619430541992,151.16624450683594,100.0,0.0,5,0.08,True
2026-09-22T08:19:43+10:00,2668041,2459_420,-33.93950653076172,151.15005493164062,277.0,1.4,-30,-0.5,True
2026-09-22T08:19:43+10:00,2621421,2507_288,-33.803749084472656,151.1497344970703,279.0,0.7,0,0.0,True
2026-09-22T08:19:43+10:00,2287436,2459_470,-33.896629333496094,151.14349365234375,50.0,5.4,0,0.0,True
2026-09-22T08:19:43+10:00,2660426,2459_320,-33.88982009887695,151.2078857421875,186.0,0.0,114,1.9,True
2026-09-22T08:19:43+10:00,2286797,2459_431,-33.8836784362793,151.20310974121094,50.0,18.7,-186,-3.1,False
2026-09-22T08:19:43+10:00,2286820,2459_441,-33.85318374633789,151.1812286376953,228.0,0.0,65,1.08,True
2026-09-22T08:19:43+10:00,2286449,2459_423,-33.876487731933594,151.2095184326172,7.0,23.0,39,0.65,True
2026-09-22T08:19:43+10:00,2421335,2508_230,-33.864322662353516,151.20553588867188,176.0,32.8,0,0.0,True
2026-09-22T08:19:43+10:00,2287789,2459_412,-33.89348602294922,151.16152954101562,105.0,37.4,-233,-3.88,False
2026-09-22T08:19:43+10:00,2287867,2459_442,-33.857093811035156,151.19554138183594,80.0,0.0,0,0.0,True
2026-09-22T08:19:43+10:00,1512077,2459_464,-33.88932418823242,151.11727905273438,3.0,0.0,11,0.18,True
2026-09-22T08:19:43+10:00,2285174,2459_442,-33.857208251953125,151.1957244873047,227.0,0.0,0,0.0,True
2026-09-22T08:19:43+10:00,2559068_2,7083_SW1,-33.91005325317383,151.13458251953125,80.0,13.0,176,2.93,True
2026-09-22T08:19:43+10:00,2407038,2507_285,-33.819297790527344,151.202880859375,326.0,64.1,-9,-0.15,True
2026-09-22T08:19:43+10:00,1973445,2508_162,-33.803104400634766,151.25686645507812,10.0,40.3,34,0.57,True
2026-09-22T08:19:43+10:00,2288084,2459_438X,-33.864959716796875,151.20986938476562,226.0,0.0,0,0.0,True
2026-09-22T08:19:43+10:00,1929341,2459_676s,-33.885074615478516,151.1197052001953,27.0,7.6,1437,23.95,False
2026-09-22T08:19:43+10:00,2289392,2459_428,-33.9019775390625,151.16262817382812,293.0,0.0,65,1.08,True
2026-09-22T08:19:43+10:00,2284918,2459_412,-33.86723327636719,151.21209716796875,11.0,0.0,0,0.0,True
2026-09-22T08:19:43+10:00,2581562,2507_753w,-33.80933380126953,151.21017456054688,11.0,31.7,39,0.65,True
2026-09-22T08:19:43+10:00,2580076,2508_100,-33.870540618896484,151.2062225341797,176.0,13.0,-273,-4.55,False
2026-09-22T08:19:43+10:00,2379202,2508_190X,-33.81269454956055,151.24476623535156,197.0,34.9,-96,-1.6,False
2026-09-22T08:19:43+10:00,2421167,2508_150X,-33.82985305786133,151.20875549316406,189.0,30.6,641,10.68,False
2026-09-22T08:19:43+10:00,2682089,2507_202,-33.86390686035156,151.21029663085938,4.0,0.0,0,0.0,True
2026-09-22T08:19:43+10:00,2441425,2507_209,-33.82516860961914,151.20986938476562,191.0,32.0,-77,-1.28,False
2026-09-22T08:19:43+10:00,2621587,2507_288,-33.81153869628906,151.16781616210938,106.0,11.2,25,0.42,True
2026-09-22T08:19:43+10:00,2378250,2508_758n,-33.790252685546875,151.25579833984375,39.0,68.0,0,0.0,True
2026-09-22T08:19:43+10:00,2287183,2459_418,-33.89142990112305,151.12789916992188,1.0,1.8,240,4.0,True
2026-09-22T08:19:43+10:00,2225477,2507_253,-33.820526123046875,151.156005859375,45.0,27.0,149,2.48,True
2026-09-22T08:19:43+10:00,2229051,2507_251,-33.85406494140625,151.20985412597656,207.0,74.9,53,0.88,True
2026-09-22T08:19:43+10:00,2037260,2459_440,-33.88490295410156,151.2259979248047,104.0,12.2,-43,-0.72,True
2026-09-22T08:19:43+10:00,2286638,2459_348,-33.928707122802734,151.15386962890625,103.0,0.0,0,0.0,True
2026-09-22T08:19:43+10:00,2700008,2508_177X,-33.80491256713867,151.246337890625,168.0,31.3,-127,-2.12,False
2026-09-22T08:19:43+10:00,2290563,2459_461X,-33.869083404541016,151.10638427734375,278.0,36.7,-249,-4.15,False
2026-09-22T08:19:43+10:00,2475295,2459_389,-33.87422180175781,151.19651794433594,156.0,36.0,-309,-5.15,False
2026-09-22T08:19:43+10:00,2554310,2459_358,-33.918582916259766,151.16871643066406,139.0,0.0,52,0.87,True
2026-09-22T08:19:43+10:00,2514986,2459_502,-33.85264587402344,151.15626525878906,141.0,0.0,64,1.07,True
2026-09-22T08:19:43+10:00,2226285,2507_251,-33.81195831298828,151.17550659179688,193.0,0.0,263,4.38,True
2026-09-22T08:19:43+10:00,2555438,2507_291,-33.827171325683594,151.2001495361328,321.0,0.0,48,0.8,True
2026-09-22T08:19:43+10:00,2682171,2507_536,-33.81329345703125,151.1689910888672,26.0,0.0,688,11.47,False
2026-09-22T08:19:43+10:00,2537952,2507_533,-33.8067741394043,151.16737365722656,303.0,13.0,346,5.77,False
2026-09-22T08:19:43+10:00,2635920,2459_504,-33.87116241455078,151.21449279785156,322.0,0.0,0,0.0,True
2026-09-22T08:19:43+10:00,2424436,2508_230,-33.86652755737305,151.20631408691406,5.0,0.0,209,3.48,True
2026-09-22T08:19:43+10:00,2554175,2459_358,-33.92347717285156,151.18722534179688,189.0,0.0,-263,-4.38,False
2026-09-22T08:19:43+10:00,2590189,2508_174X,-33.79593276977539,151.25306701660156,191.0,0.0,313,5.22,False
2026-09-22T08:19:43+10:00,2375463,2508_249,-33.827301025390625,151.2144775390625,355.0,11.2,0,0.0,True
2026-09-22T08:19:43+10:00,2644027,2507_501,-33.880741119384766,151.2067108154297,206.0,0.0,0,0.0,True
2026-09-22T08:19:43+10:00,2349347,2459_418,-33.90681076049805,151.12789916992188,133.0,35.3,176,2.93,True
2026-09-22T08:19:43+10:00,2284919,2459_461X,-33.87117004394531,151.12171936035156,95.0,0.0,-15,-0.25,True
2026-09-22T08:19:43+10:00,2537956,2507_533,-33.840145111083984,151.16888427734375,100.0,31.7,0,0.0,True
2026-09-22T08:19:43+10:00,1757856,2507_665w,-33.85175323486328,151.21107482910156,27.0,53.6,0,0.0,True
2026-09-22T08:19:43+10:00,2514926,2459_504,-33.872840881347656,151.20462036132812,71.0,0.0,-310,-5.17,False
2026-09-22T08:19:43+10:00,2374153,2508_100,-33.84520721435547,151.2117919921875,342.0,47.5,0,0.0,True
2026-09-22T08:19:43+10:00,2375228,2508_172X,-33.79119110107422,151.24122619628906,186.0,37.8,11,0.18,True
2026-09-22T08:19:43+10:00,2644286,2507_120,-33.86346435546875,151.20533752441406,165.0,34.6,-86,-1.43,False
2026-09-22T08:19:43+10:00,2636151,2459_504,-33.871002197265625,151.2143096923828,307.0,0.0,0,0.0,True
2026-09-22T08:19:43+10:00,2538011,2507_506,-33.861324310302734,151.1653594970703,116.0,31.3,462,7.7,False
2026-09-22T08:19:43+10:00,2672304,2507_115,-33.81697463989258,151.18702697753906,58.0,0.0,0,0.0,True
2026-09-22T08:19:43+10:00,2441422,2507_207,-33.81044387817383,151.2082061767578,281.0,20.9,271,4.52,True
2026-09-22T08:19:43+10:00,2392639,2508_114,-33.828041076660156,151.2020263671875,102.0,28.8,10,0.17,True
2026-09-22T08:19:43+10:00,2230698,2507_205,-33.79546356201172,151.20559692382812,69.0,0.0,249,4.15,True
2026-09-22T08:19:43+10:00,2377888,2508_172X,-33.78715515136719,151.24803161621094,120.0,45.0,204,3.4,True
2026-09-22T08:19:43+10:00,2580152,2508_100,-33.84190368652344,151.24354553222656,352.0,0.0,0,0.0,True
2026-09-22T08:19:43+10:00,2283869,2459_348,-33.904937744140625,151.20384216308594,56.0,45.7,-6,-0.1,True
2026-09-22T08:19:43+10:00,2415768,2508_B1,-33.86605453491211,151.20635986328125,4.0,0.0,0,0.0,True
2026-09-22T08:19:43+10:00,2287828,2459_428,-33.87165832519531,151.21011352539062,186.0,0.0,22,0.37,True
2026-09-22T08:19:43+10:00,2421402,2508_154X,-33.82746124267578,151.23147583007812,219.0,0.0,388,6.47,False
2026-09-22T08:19:43+10:00,2406850,2507_205,-33.821533203125,151.20445251464844,309.0,0.7,0,0.0,True
2026-09-22T08:19:43+10:00,2407635,2507_638w,-33.78740692138672,151.20187377929688,159.0,46.4,35,0.58,True
2026-09-22T08:19:43+10:00,2290523,2459_428,-33.89400863647461,151.18292236328125,43.0,4.0,-265,-4.42,False
2026-09-22T08:19:43+10:00,2285714,2459_303,-33.924556732177734,151.2066192626953,10.0,2.9,462,7.7,False
2026-09-22T08:19:43+10:00,2229141,2507_254,-33.828575134277344,151.2014923095703,149.0,0.0,145,2.42,True
2026-09-22T08:19:43+10:00,2682035,2507_536,-33.82979965209961,151.12733459472656,51.0,0.0,0,0.0,True
2026-09-22T08:19:43+10:00,2285443,2459_422,-33.91775894165039,151.171142578125,48.0,45.7,-15,-0.25,True
2026-09-22T08:19:43+10:00,2407219,2507_251,-33.815189361572266,151.15597534179688,280.0,0.0,0,0.0,True
2026-09-22T08:19:43+10:00,2580238,2508_100,-33.84994888305664,151.21218872070312,25.0,52.2,80,1.33,True
2026-09-22T08:19:43+10:00,2287201,2459_461X,-33.877071380615234,151.10238647460938,98.0,0.0,9,0.15,True
2026-09-22T08:19:43+10:00,2589953,2508_280,-33.79574966430664,151.18092346191406,271.0,0.0,0,0.0,True
2026-09-22T08:19:43+10:00,2714343,2508_176X,-33.806358337402344,151.2467041015625,162.0,9.7,150,2.5,True
2026-09-22T08:19:43+10:00,2289062,2459_423,-33.90560531616211,151.1671142578125,84.0,14.8,-101,-1.68,False
2026-09-22T08:19:43+10:00,2225849,2507_292,-33.81234359741211,151.1716766357422,95.0,0.0,-208,-3.47,False
2026-09-22T08:19:43+10:00,2285583,2459_437,-33.8717155456543,151.15982055664062,166.0,0.7,-492,-8.2,False
2026-09-22T08:19:43+10:00,2484416,2459_483,-33.88013458251953,151.2084503173828,186.0,0.0,0,0.0,True
2026-09-22T08:19:43+10:00,2596242,2459_492,-33.86842727661133,151.12962341308594,9.0,25.6,201,3.35,True
2026-09-22T08:19:43+10:00,2636086,2459_415,-33.8563232421875,151.13063049316406,168.0,26.3,46,0.77,True
2026-09-22T08:19:43+10:00,2407326,2507_204,-33.81808853149414,151.21267700195312,167.0,43.2,-140,-2.33,False
2026-09-22T08:19:43+10:00,2225843,2507_261,-33.82749938964844,151.17189025878906,214.0,36.4,-20,-0.33,True
2026-09-22T08:19:43+10:00,2285782,2459_426,-33.903568267822266,151.1426544189453,137.0,0.0,0,0.0,True
2026-09-22T08:19:43+10:00,2609075,2459_430,-33.8897819519043,151.1899871826172,215.0,36.0,-183,-3.05,False
2026-09-22T08:19:43+10:00,2289342,2459_470,-33.88465881347656,151.1920623779297,82.0,0.0,35,0.58,True
2026-09-22T08:19:43+10:00,2644941,2507_52,-33.85157012939453,151.1551055908203,141.0,41.4,-145,-2.42,False
2026-09-22T08:19:43+10:00,1562237,2507_696w,-33.80813217163086,151.17344665527344,182.0,0.0,0,0.0,True
2026-09-22T08:19:43+10:00,1961134,2459_412,-33.900360107421875,151.1415557861328,211.0,29.2,77,1.28,True
2026-09-22T08:19:43+10:00,2290872,2459_389,-33.87909698486328,151.21975708007812,285.0,26.3,283,4.72,True
2026-09-22T08:19:43+10:00,2209533,2459_464,-33.882835388183594,151.10272216796875,186.0,18.7,-143,-2.38,False
2026-09-22T08:19:43+10:00,2421363,2508_230,-33.82986831665039,151.21824645996094,112.0,24.1,0,0.0,True
2026-09-22T08:19:43+10:00,2286426,2459_348,-33.91072463989258,151.19485473632812,127.0,0.0,-111,-1.85,False
2026-09-22T08:19:43+10:00,2288784,2459_348,-33.90336227416992,151.20799255371094,282.0,2.9,-95,-1.58,False
2026-09-22T08:19:43+10:00,2248871,2507_687w,-33.81034851074219,151.1772003173828,230.0,40.0,227,3.78,True
2026-09-22T08:19:43+10:00,2286602,2459_428X,-33.9118766784668,151.1190643310547,141.0,0.0,100,1.67,True
2026-09-22T08:19:43+10:00,2209106,2459_530,-33.8150749206543,151.15615844726562,99.0,41.0,-21,-0.35,True
2026-09-22T08:19:43+10:00,2682634,7083_SW1,-33.912899017333984,151.14097595214844,317.0,22.3,655,10.92,False
2026-09-22T08:19:43+10:00,2376465,2508_100,-33.8685188293457,151.2060089111328,175.0,7.2,0,0.0,True
2026-09-22T08:19:43+10:00,2441795,2507_209,-33.810787200927734,151.21066284179688,100.0,0.0,-20,-0.33,True
2026-09-22T08:19:43+10:00,2672326,2507_115,-33.83080291748047,151.202880859375,323.0,0.0,189,3.15,True
2026-09-22T08:19:43+10:00,2406932,2507_253,-33.85148239135742,151.21145629882812,207.0,70.2,-290,-4.83,False
2026-09-22T08:19:43+10:00,2642996,2507_120,-33.79563522338867,151.1854248046875,71.0,28.8,160,2.67,True
2026-09-22T08:19:43+10:00,2537611,2507_506,-33.873077392578125,151.207763671875,97.0,0.0,-311,-5.18,False
2026-09-22T08:19:43+10:00,2441889,2507_293,-33.810829162597656,151.16555786132812,104.0,58.0,-283,-4.72,False
2026-09-22T08:19:43+10:00,2283732,2459_437,-33.88418197631836,151.14666748046875,91.0,32.4,-251,-4.18,False
2026-09-22T08:19:43+10:00,2477691,2459_655s,-33.8787727355957,151.14016723632812,209.0,0.0,0,0.0,True
2026-09-22T08:19:43+10:00,2559028,7083_SW1,-33.91450119018555,151.15257263183594,34.0,0.0,451,7.52,False
2026-09-22T08:19:43+10:00,2038075,2459_440,-33.89141845703125,151.24612426757812,109.0,31.3,-77,-1.28,False
2026-09-22T08:19:43+10:00,2644664,2507_52,-33.8708610534668,151.21043395996094,262.0,0.0,0,0.0,True
2026-09-22T08:19:43+10:00,2643439,2507_501,-33.8809928894043,151.20651245117188,28.0,0.0,0,0.0,True
2026-09-22T08:19:43+10:00,2424350,2508_230,-33.84095001220703,151.2072296142578,279.0,18.7,827,13.78,False
2026-09-22T08:19:43+10:00,2685976,2459_423,-33.88450622558594,151.20082092285156,254.0,30.6,-57,-0.95,True
2026-09-22T08:19:43+10:00,2644352,2507_501,-33.87086868286133,151.19097900390625,103.0,46.8,-487,-8.12,False
2026-09-22T08:19:43+10:00,2288035,2459_438X,-33.88819122314453,151.1578826904297,257.0,0.0,72,1.2,True
2026-09-22T08:19:43+10:00,2672376,2507_115,-33.80418014526367,151.19940185546875,9.0,28.8,134,2.23,True
2026-09-22T08:19:43+10:00,2283301,2459_303,-33.93031311035156,151.19981384277344,97.0,4.3,-130,-2.17,False
2026-09-22T08:19:43+10:00,2660127,2459_320,-33.88576126098633,151.2030487060547,165.0,0.0,0,0.0,True
2026-09-22T08:19:43+10:00,2379164,2508_165X,-33.86399841308594,151.2054901123047,174.0,20.2,-29,-0.48,True
2026-09-22T08:19:43+10:00,2484359,2459_483,-33.88719177246094,151.1370391845703,237.0,0.0,34,0.57,True
2026-09-22T08:19:43+10:00,2378989,2508_B1,-33.81793975830078,151.2438507080078,347.0,42.1,0,0.0,True
2026-09-22T08:19:43+10:00,2379116,2508_190X,-33.8314208984375,151.22369384765625,246.0,0.0,222,3.7,True
2026-09-22T08:19:43+10:00,2230104,2507_206,-33.79518508911133,151.2084503173828,158.0,0.0,-125,-2.08,False
2026-09-22T08:19:43+10:00,2618638,2459_422,-33.915367126464844,151.1752166748047,247.0,0.0,-86,-1.43,False
2026-09-22T08:19:43+10:00,2421174,2508_230,-33.829444885253906,151.2441864013672,353.0,0.0,275,4.58,True
2026-09-22T08:19:43+10:00,2287964,2459_303,-33.92430114746094,151.20700073242188,274.0,0.0,1,0.02,True
2026-09-22T08:19:43+10:00,1963071,2459_406,-33.8835563659668,151.1365966796875,30.0,39.2,-130,-2.17,False
2026-09-22T08:19:43+10:00,2731197,2507_649w,-33.83311080932617,151.20806884765625,2.0,0.0,587,9.78,False
2026-09-22T08:19:43+10:00,2258667,2507_516,-33.794986724853516,151.16685485839844,149.0,42.1,43,0.72,True
2026-09-22T08:19:43+10:00,2378645,2508_593n,-33.82448196411133,151.2400665283203,99.0,0.0,160,2.67,True
2026-09-22T08:19:43+10:00,2644765,2507_52,-33.83229446411133,151.1269989013672,177.0,32.0,47,0.78,True
2026-09-22T08:19:43+10:00,2642964,2507_120,-33.804447174072266,151.19947814941406,190.0,29.2,156,2.6,True
2026-09-22T08:19:43+10:00,2229109,2507_251,-33.81399154663086,151.16871643066406,356.0,0.0,642,10.7,False
2026-09-22T08:19:43+10:00,2376162,2508_100,-33.83833312988281,151.22274780273438,33.0,24.8,0,0.0,True
2026-09-22T08:19:43+10:00,2681973,2507_267,-33.79661560058594,151.180908203125,120.0,16.2,0,0.0,True
2026-09-22T08:19:43+10:00,1962002,2459_413,-33.8885383605957,151.15579223632812,77.0,11.5,-63,-1.05,False
2026-09-22T08:19:43+10:00,2319227,7083_SW3,-33.90577697753906,151.1344757080078,114.0,25.9,144,2.4,True
2026-09-22T08:19:43+10:00,2514840,2459_410,-33.87413787841797,151.10430908203125,9.0,21.2,233,3.88,True
2026-09-22T08:19:43+10:00,2089363,2508_160X,-33.78511428833008,151.18702697753906,250.0,45.7,159,2.65,True
2026-09-22T08:19:43+10:00,1562505,2507_757w,-33.80694580078125,151.18544006347656,97.0,0.0,0,0.0,True
2026-09-22T08:19:43+10:00,2644682,2507_120,-33.8505744934082,151.21194458007812,208.0,62.3,-153,-2.55,False
2026-09-22T08:19:43+10:00,2442140,2507_202,-33.85646057128906,151.2080078125,28.0,49.3,0,0.0,True
2026-09-22T08:19:43+10:00,2672389,2507_115,-33.79444885253906,151.1892852783203,68.0,0.0,111,1.85,True
2026-09-22T08:19:43+10:00,2209476,2459_413,-33.902164459228516,151.11927795410156,197.0,37.8,-84,-1.4,False
2026-09-22T08:19:43+10:00,2288668,2459_483,-33.885162353515625,151.18402099609375,77.0,31.0,-321,-5.35,False
2026-09-22T08:19:43+10:00,2668072,2459_420,-33.92448806762695,151.1881103515625,280.0,0.0,0,0.0,True
2026-09-22T08:19:43+10:00,2285205,2459_461X,-33.8844108581543,151.19842529296875,268.0,44.3,-7,-0.12,True
2026-09-22T08:19:43+10:00,2376620,2508_173X,-33.83776092529297,151.2113800048828,197.0,57.6,-25,-0.42,True
2026-09-22T08:19:43+10:00,2036594,2459_470,-33.881282806396484,151.20619201660156,230.0,26.3,-156,-2.6,False
2026-09-22T08:19:43+10:00,2682168,2507_533,-33.87355422973633,151.21273803710938,23.0,22.3,0,0.0,True
2026-09-22T08:19:43+10:00,2290231,2459_461X,-33.89004135131836,151.1465301513672,281.0,35.3,175,2.92,True
2026-09-22T08:19:43+10:00,2230629,2507_251,-33.81536102294922,151.1519317626953,34.0,35.6,326,5.43,False
2026-09-22T08:19:43+10:00,2230621,2507_205,-33.861656188964844,151.2120361328125,95.0,54.7,-45,-0.75,True
2026-09-22T08:19:43+10:00,2558906,7083_SW1,-33.91546630859375,151.1510772705078,64.0,7.6,652,10.87,False
2026-09-22T08:19:43+10:00,2329323,7083_SW3,-33.907508850097656,151.14857482910156,289.0,36.4,1220,20.33,False
2026-09-22T08:19:43+10:00,2283733,2459_433,-33.85637664794922,151.17337036132812,243.0,0.0,242,4.03,True
2026-09-22T08:19:43+10:00,2441759,2507_202,-33.88091278076172,151.20657348632812,27.0,1.1,0,0.0,True
2026-09-22T08:19:43+10:00,2660363,2459_320,-33.90740966796875,151.20513916015625,295.0,16.9,-317,-5.28,False
2026-09-22T08:19:43+10:00,2329290,7083_SW3,-33.91265106201172,151.118408203125,231.0,0.0,-76,-1.27,False
2026-09-22T08:19:43+10:00,2580221,2508_201,-33.827392578125,151.2129669189453,99.0,0.0,100,1.67,True
2026-09-22T08:19:43+10:00,1960843,2459_466,-33.86213302612305,151.10865783691406,222.0,0.0,52,0.87,True
2026-09-22T08:19:43+10:00,2415638,2508_B1,-33.865638732910156,151.2056884765625,174.0,0.0,0,0.0,True
2026-09-22T08:19:43+10:00,2415627,2508_B1,-33.830081939697266,151.2267608642578,64.0,14.4,552,9.2,False
2026-09-22T08:19:43+10:00,2284963,2459_426,-33.884830474853516,151.19456481933594,19.0,0.0,-74,-1.23,False
2026-09-22T08:19:43+10:00,2284822,2459_442,-33.859291076660156,151.17742919921875,186.0,0.0,52,0.87,True
2026-09-22T08:19:43+10:00,2379094,2508_165X,-33.824462890625,151.23553466796875,260.0,44.3,392,6.53,False
2026-09-22T08:19:43+10:00,2514757,2459_502,-33.87015151977539,151.13107299804688,82.0,13.7,208,3.47,True
2026-09-22T08:19:43+10:00,2288811,2459_437,-33.8704719543457,151.2037811279297,176.0,2.9,272,4.53,True
2026-09-22T08:19:43+10:00,2407479,2507_538,-33.8390007019043,151.14378356933594,290.0,54.7,0,0.0,True
2026-09-22T08:19:43+10:00,2643150,2507_52,-33.869667053222656,151.18760681152344,107.0,49.7,-270,-4.5,False
2026-09-22T08:19:43+10:00,2340643,2459_308,-33.897003173828125,151.19749450683594,71.0,12.6,-244,-4.07,False
2026-09-22T08:19:43+10:00,1757896,2507_570w,-33.81892395019531,151.1283721923828,91.0,16.2,-86,-1.43,False
2026-09-22T08:19:43+10:00,2537548,2507_506,-33.8286247253418,151.13905334472656,324.0,32.0,42,0.7,True
2026-09-22T08:19:43+10:00,2284117,2459_438X,-33.863922119140625,151.13160705566406,244.0,0.0,0,0.0,True
2026-09-22T08:19:43+10:00,2514820,2459_410,-33.877864837646484,151.10357666015625,189.0,0.0,587,9.78,False
2026-09-22T08:19:43+10:00,2643379,2507_501,-33.83641815185547,151.12881469726562,293.0,0.0,-136,-2.27,False
2026-09-22T08:19:43+10:00,2580127,2508_100,-33.84209060668945,151.243896484375,184.0,0.0,0,0.0,True
2026-09-22T08:19:43+10:00,2374831,2508_168X,-33.824005126953125,151.24180603027344,233.0,3.2,1128,18.8,False
2026-09-22T08:19:43+10:00,2340991,2459_590w,-33.836341857910156,151.1285858154297,301.0,0.0,-312,-5.2,False
2026-09-22T08:19:43+10:00,2407699,2507_588w,-33.829307556152344,151.1397247314453,142.0,0.0,-63,-1.05,False
2026-09-22T08:19:43+10:00,2287253,2459_389,-33.88246536254883,151.23165893554688,310.0,3.2,291,4.85,True
2026-09-22T08:19:43+10:00,2037451,2459_440,-33.88557434082031,151.18182373046875,77.0,31.7,-112,-1.87,False
2026-09-22T08:19:43+10:00,2038529,2459_469,-33.885467529296875,151.14991760253906,7.0,0.0,0,0.0,True
2026-09-22T08:19:43+10:00,2288134,2459_423,-33.88461685180664,151.19471740722656,18.0,0.0,32,0.53,True
2026-09-22T08:19:43+10:00,2289885,2459_647s,-33.88053894042969,151.18740844726562,325.0,15.1,88,1.47,True
2026-09-22T08:19:43+10:00,2634588,2507_261,-33.82723617553711,151.18930053710938,99.0,0.0,225,3.75,True
2026-09-22T08:19:43+10:00,2284436,2459_470,-33.86618423461914,151.20986938476562,114.0,0.0,0,0.0,True
2026-09-22T08:19:43+10:00,2621612,2507_287,-33.83298873901367,151.20449829101562,158.0,36.0,28,0.47,True
2026-09-22T08:19:43+10:00,2286727,2459_442,-33.85825729370117,151.18356323242188,295.0,20.2,38,0.63,True
2026-09-22T08:19:43+10:00,2608960,2459_430,-33.91551971435547,151.1656494140625,9.0,0.0,0,0.0,True
2026-09-22T08:19:43+10:00,2645075,2507_120,-33.82392120361328,151.2087860107422,107.0,55.1,-350,-5.83,False
2026-09-22T08:19:43+10:00,2285138,2459_303,-33.916866302490234,151.23892211914062,100.0,13.7,458,7.63,False
2026-09-22T08:19:43+10:00,2285436,2459_423,-33.88289260864258,151.20364379882812,43.0,0.0,-41,-0.68,True
2026-09-22T08:19:43+10:00,2284134,2459_438X,-33.88131332397461,151.2052001953125,302.0,0.0,-137,-2.28,False
2026-09-22T08:19:43+10:00,2287587,2459_438X,-33.88426971435547,151.19869995117188,87.0,34.2,-162,-2.7,False
2026-09-22T08:19:43+10:00,2672349,2507_115,-33.84098815917969,151.20672607421875,279.0,0.0,-119,-1.98,False
2026-09-22T08:19:43+10:00,2415774,2508_B1,-33.83326721191406,151.21163940429688,25.0,55.8,184,3.07,True
2026-09-22T08:19:43+10:00,1960756,2459_445,-33.89937210083008,151.1451873779297,203.0,40.3,-46,-0.77,True
2026-09-22T08:19:43+10:00,2643183,2507_120,-33.86568832397461,151.20492553710938,354.0,0.0,-119,-1.98,False
2026-09-22T08:19:43+10:00,2580244,2508_201,-33.82490921020508,151.212646484375,129.0,37.8,94,1.57,True
2026-09-22T08:19:43+10:00,2644844,2507_52,-33.86199188232422,151.16688537597656,118.0,0.7,32,0.53,True
2026-09-22T08:19:43+10:00,2660281,2459_320,-33.888587951660156,151.20620727539062,12.0,11.2,-61,-1.02,False
2026-09-22T08:19:43+10:00,2288008,2459_530,-33.79624938964844,151.1779327392578,8.0,0.0,39,0.65,True
2026-09-22T08:19:43+10:00,2329272,7083_SW3,-33.91358947753906,151.11573791503906,248.0,28.1,2996,49.93,False
2026-09-22T08:19:43+10:00,2037625,2459_440,-33.86397933959961,151.16986083984375,54.0,19.1,0,0.0,True
2026-09-22T08:19:43+10:00,2681972,2507_267,-33.841609954833984,151.18170166015625,194.0,19.4,-13,-0.22,True
2026-09-22T08:19:43+10:00,2643020,2507_52,-33.872398376464844,151.21275329589844,187.0,0.0,0,0.0,True
2026-09-22T08:19:43+10:00,1912782,2459_483,-33.88817596435547,151.10386657714844,60.0,35.3,395,6.58,False
2026-09-22T08:19:43+10:00,2309024,2459_445,-33.88390350341797,151.15707397460938,354.0,1.8,-106,-1.77,False
2026-09-22T08:19:43+10:00,2037756,2459_469,-33.87992477416992,151.17677307128906,20.0,27.7,-34,-0.57,True
2026-09-22T08:19:43+10:00,2668124,2459_420,-33.93319320678711,151.1820068359375,91.0,35.3,-209,-3.48,False
2026-09-22T08:19:43+10:00,2376328,2508_162,-33.79648971557617,151.26222229003906,191.0,21.6,52,0.87,True
2026-09-22T08:19:43+10:00,2208544,2459_464,-33.861854553222656,151.1064453125,119.0,37.4,-54,-0.9,True
2026-09-22T08:19:43+10:00,2283057,2459_431,-33.8768424987793,151.20945739746094,3.0,20.9,168,2.8,True
2026-09-22T08:19:43+10:00,2289391,2459_461X,-33.8737907409668,151.2129669189453,281.0,29.2,189,3.15,True
2026-09-22T08:19:43+10:00,2376501,2508_100,-33.82825469970703,151.2302703857422,337.0,0.0,41,0.68,True
2026-09-22T08:19:43+10:00,2209208,2459_440,-33.88577651977539,151.18118286132812,258.0,42.5,-208,-3.47,False
2026-09-22T08:19:43+10:00,2644623,2507_52,-33.846519470214844,151.1514129638672,333.0,47.9,-58,-0.97,True
2026-09-22T08:19:43+10:00,2514996,2459_410,-33.86566925048828,151.1061248779297,208.0,0.0,-66,-1.1,False
2026-09-22T08:19:43+10:00,2553986,2459_358,-33.924903869628906,151.21852111816406,100.0,21.6,280,4.67,True
2026-09-22T08:19:43+10:00,2037783,2459_445,-33.86060333251953,151.17185974121094,182.0,0.7,172,2.87,True
2026-09-22T08:19:43+10:00,2349567,2459_418,-33.89577865600586,151.1276397705078,185.0,17.6,-142,-2.37,False
2026-09-22T08:19:43+10:00,2290515,2459_418,-33.907920837402344,151.12933349609375,313.0,23.8,0,0.0,True
2026-09-22T08:19:43+10:00,2550168,2508_144,-33.795989990234375,151.25338745117188,253.0,27.0,48,0.8,True
2026-09-22T08:19:43+10:00,2289163,2459_461X,-33.88420867919922,151.13485717773438,134.0,0.0,182,3.03,True
2026-09-22T08:19:43+10:00,2286891,2459_438X,-33.88491439819336,151.18527221679688,78.0,0.0,-140,-2.33,False
2026-09-22T08:19:43+10:00,2286423,2459_426,-33.873722076416016,151.20985412597656,6.0,22.3,-243,-4.05,False
2026-09-22T08:19:43+10:00,2621433,2507_516,-33.79677963256836,151.177978515625,349.0,0.0,40,0.67,True
2026-09-22T08:19:43+10:00,2421176,2508_613n,-33.78672790527344,151.2503662109375,7.0,35.6,47,0.78,True
2026-09-22T08:19:43+10:00,2375884,2508_243,-33.830196380615234,151.21807861328125,278.0,0.0,-97,-1.62,False
2026-09-22T08:19:43+10:00,2374383,2508_100,-33.87549591064453,151.20672607421875,175.0,32.0,0,0.0,True
2026-09-22T08:19:43+10:00,2529116,2459_526,-33.86593246459961,151.10594177246094,9.0,0.0,-930,-15.5,False
2026-09-22T08:19:43+10:00,1959049,2459_445,-33.858036041259766,151.1834259033203,107.0,0.0,0,0.0,True
2026-09-22T08:19:43+10:00,2634587,2507_261,-33.819725036621094,151.17013549804688,181.0,34.6,56,0.93,True
2026-09-22T08:19:43+10:00,2289773,2459_470,-33.879241943359375,151.16403198242188,105.0,3.2,0,0.0,True
2026-09-22T08:19:43+10:00,2209551,2459_464,-33.889068603515625,151.11729431152344,3.0,0.0,-313,-5.22,False
2026-09-22T08:19:43+10:00,2550344,2508_144,-33.812049865722656,151.24473571777344,137.0,27.0,283,4.72,True
2026-09-22T08:19:43+10:00,2228679,2507_288,-33.865821838378906,151.2032928466797,172.0,0.0,0,0.0,True
2026-09-22T08:19:43+10:00,2407782,2507_252,-33.79625701904297,151.18016052246094,64.0,1.4,28,0.47,True
2026-09-22T08:19:43+10:00,2643471,2507_501,-33.84419631958008,151.14990234375,142.0,43.2,-188,-3.13,False
2026-09-22T08:19:43+10:00,2643076,2507_52,-33.821964263916016,151.12078857421875,312.0,47.9,-72,-1.2,False
2026-09-22T08:19:43+10:00,2373620,2508_172X,-33.824005126953125,151.24191284179688,232.0,11.9,216,3.6,True
2026-09-22T08:19:43+10:00,2283145,2459_423X,-33.892757415771484,151.18531799316406,74.0,33.8,-220,-3.67,False
2026-09-22T08:19:43+10:00,2208816,2459_406,-33.868282318115234,151.13540649414062,20.0,0.0,189,3.15,True
2026-09-22T08:19:43+10:00,2284479,2459_412,-33.884605407714844,151.18765258789062,88.0,0.0,-168,-2.8,False
2026-09-22T08:19:43+10:00,1758071,2507_631w,-33.83489990234375,151.15493774414062,280.0,41.4,0,0.0,True
2026-09-22T08:19:43+10:00,2672411,2507_267,-33.8106803894043,151.2097625732422,281.0,23.8,51,0.85,True
2026-09-22T08:19:43+10:00,2284787,2459_437,-33.87419509887695,151.1647491455078,167.0,3.6,190,3.17,True
2026-09-22T08:19:43+10:00,2536141,2459_598s,-33.86893081665039,151.1295928955078,215.0,8.6,662,11.03,False
2026-09-22T08:19:43+10:00,2415804,2508_B1,-33.828887939453125,151.22848510742188,55.0,17.6,154,2.57,True
2026-09-22T08:19:43+10:00,2322381,2507_506,-33.83347702026367,151.1436309814453,312.0,25.6,-43,-0.72,True
2026-09-22T08:19:43+10:00,2538205,2507_506,-33.873817443847656,151.213134765625,101.0,0.0,-205,-3.42,False
2026-09-22T08:19:43+10:00,2596367,2459_491,-33.894859313964844,151.12034606933594,87.0,0.0,43,0.72,True
2026-09-22T08:19:43+10:00,2375910,2508_249,-33.818729400634766,151.24411010742188,178.0,21.6,211,3.52,True
2026-09-22T08:19:43+10:00,2208518,2459_473,-33.9041862487793,151.1290740966797,217.0,0.0,0,0.0,True
2026-09-22T08:19:43+10:00,2683193,7083_SW1,-33.91543197631836,151.1425323486328,16.0,34.2,276,4.6,True
2026-09-22T08:19:43+10:00,2421405,2508_154X,-33.812435150146484,151.24485778808594,177.0,34.6,329,5.48,False
2026-09-22T08:19:43+10:00,2375844,2508_100,-33.83210372924805,151.22225952148438,9.0,0.0,0,0.0,True
2026-09-22T08:19:43+10:00,2421260,2508_150X,-33.83042526245117,151.22642517089844,242.0,31.7,403,6.72,False
2026-09-22T08:19:43+10:00,2634576,2507_254,-33.81243133544922,151.1713104248047,261.0,17.6,132,2.2,True
2026-09-22T08:19:43+10:00,2685972,2459_423,-33.866737365722656,151.21075439453125,185.0,28.1,281,4.68,True
2026-09-22T08:19:43+10:00,1959515,2459_445,-33.884010314941406,151.15003967285156,179.0,0.0,-196,-3.27,False
2026-09-22T08:19:43+10:00,2393112,2508_263,-33.838287353515625,151.2137451171875,143.0,0.0,-50,-0.83,True
2026-09-22T08:19:43+10:00,2211933,2459_595s,-33.87420654296875,151.14291381835938,18.0,24.5,97,1.62,True
2026-09-22T08:19:43+10:00,2558948,7083_SW1,-33.91791534423828,151.1475067138672,56.0,34.2,168,2.8,True
2026-09-22T08:19:43+10:00,2700018,2508_723n,-33.831153869628906,151.22412109375,65.0,0.0,0,0.0,True
2026-09-22T08:19:43+10:00,1962003,2459_413,-33.89542007446289,151.138427734375,94.0,0.0,123,2.05,True
2026-09-22T08:19:43+10:00,2285605,2459_428X,-33.88508987426758,151.1945343017578,20.0,0.0,103,1.72,True
2026-09-22T08:19:43+10:00,2284343,2459_422,-33.89582824707031,151.18092346191406,52.0,30.6,-78,-1.3,False
2026-09-22T08:19:43+10:00,2609012,2459_430,-33.88400650024414,151.20123291015625,86.0,0.0,-119,-1.98,False
2026-09-22T08:19:43+10:00,2287311,2459_441,-33.858699798583984,151.177490234375,13.0,22.3,-118,-1.97,False
2026-09-22T08:19:43+10:00,2290418,2459_428,-33.88433074951172,151.19732666015625,269.0,0.0,-125,-2.08,False
2026-09-22T08:19:43+10:00,2377871,2508_726n,-33.79721450805664,151.25119018554688,251.0,15.5,0,0.0,True
2026-09-22T08:19:43+10:00,2643442,2507_120,-33.792301177978516,151.19566345214844,250.0,0.0,281,4.68,True
2026-09-22T08:19:43+10:00,1851453,2507_786w,-33.87403869628906,151.2022705078125,239.0,54.0,0,0.0,True
2026-09-22T08:19:43+10:00,2580090,2508_100,-33.82474136352539,151.2412872314453,299.0,0.0,138,2.3,True
2026-09-22T08:19:43+10:00,1825965,2459_740s,-33.88040542602539,151.18748474121094,147.0,9.7,0,0.0,True
2026-09-22T08:19:43+10:00,2209171,2459_440,-33.891353607177734,151.2484130859375,93.0,0.0,0,0.0,True
2026-09-22T08:19:43+10:00,2643778,2507_52,-33.865543365478516,151.17205810546875,312.0,0.7,108,1.8,True
2026-09-22T08:19:43+10:00,2474860,2459_389,-33.87392807006836,151.21377563476562,104.0,29.2,56,0.93,True
2026-09-22T08:19:43+10:00,2285819,2459_428,-33.89681625366211,151.1519775390625,74.0,0.0,-155,-2.58,False
2026-09-22T08:19:43+10:00,2379166,2508_144,-33.796531677246094,151.180419921875,176.0,0.0,0,0.0,True
2026-09-22T08:19:43+10:00,2668048,2459_420,-33.93289566040039,151.16297912597656,20.0,36.0,-491,-8.18,False
2026-09-22T08:19:43+10:00,2229674,2507_204,-33.807106018066406,151.2303466796875,166.0,0.0,0,0.0,True
2026-09-22T08:19:43+10:00,2285369,2459_438X,-33.88411331176758,151.1517791748047,85.0,0.4,-162,-2.7,False
2026-09-22T08:19:43+10:00,2685968,2459_423,-33.865020751953125,151.2108612060547,222.0,0.0,0,0.0,True
2026-09-22T08:19:43+10:00,2284721,2459_442,-33.8697624206543,151.20289611816406,2.0,28.8,-78,-1.3,False
2026-09-22T08:19:43+10:00,2289850,2459_389,-33.89140319824219,151.24607849121094,108.0,39.2,0,0.0,True
2026-09-22T08:19:43+10:00,2660412,2459_320,-33.88387680053711,151.2036590576172,28.0,0.0,0,0.0,True
2026-09-22T08:19:43+10:00,2286519,2459_433,-33.867156982421875,151.17530822753906,325.0,43.2,109,1.82,True
2026-09-22T08:19:43+10:00,2376170,2508_172X,-33.8056526184082,151.2464141845703,169.0,2.9,39,0.65,True
2026-09-22T08:19:43+10:00,2442031,2507_209,-33.824119567871094,151.2101287841797,190.0,37.8,-22,-0.37,True
2026-09-22T08:19:43+10:00,2580231,2508_100,-33.82447052001953,151.24066162109375,96.0,0.0,96,1.6,True
2026-09-22T08:19:43+10:00,2286836,2459_461X,-33.88838195800781,151.1566619873047,77.0,16.9,165,2.75,True
2026-09-22T08:19:43+10:00,2644921,2507_653w,-33.84029769897461,151.20657348632812,7.0,5.4,0,0.0,True
2026-09-22T08:19:43+10:00,2287536,2459_428X,-33.911895751953125,151.11953735351562,232.0,0.0,0,0.0,True
2026-09-22T08:19:43+10:00,1973555,2508_162,-33.81021499633789,151.24478149414062,32.0,0.0,0,0.0,True
2026-09-22T08:19:43+10:00,2373835,2508_172X,-33.83688735961914,151.21148681640625,181.0,56.5,-194,-3.23,False
2026-09-22T08:19:43+10:00,2643357,2507_501,-33.83686828613281,151.1302032470703,113.0,0.0,-64,-1.07,False
2026-09-22T08:19:43+10:00,2379051,2508_B1,-33.80629348754883,151.2466583251953,164.0,16.6,199,3.32,True
2026-09-22T08:19:43+10:00,2554264,2459_358,-33.916378021240234,151.166259765625,260.0,6.8,3,0.05,True
2026-09-22T08:19:43+10:00,2290687,2459_412,-33.91685104370117,151.13128662109375,66.0,0.0,-269,-4.48,False
2026-09-22T08:19:43+10:00,2288486,2459_303,-33.92115020751953,151.23797607421875,279.0,0.0,0,0.0,True
2026-09-22T08:19:43+10:00,2682078,2507_202,-33.83749771118164,151.2069549560547,6.0,9.7,271,4.52,True
2026-09-22T08:19:43+10:00,2379066,2508_144,-33.79705810546875,151.1800994873047,247.0,0.0,63,1.05,True
2026-09-22T08:19:43+10:00,2289805,2459_530,-33.87711715698242,151.10223388671875,96.0,0.0,0,0.0,True
2026-09-22T08:19:43+10:00,2685988,2459_423,-33.92030334472656,151.1444091796875,211.0,30.2,279,4.65,True
2026-09-22T08:19:43+10:00,2287739,2459_426,-33.899314880371094,151.17137145996094,246.0,0.0,5,0.08,True
2026-09-22T08:19:43+10:00,2421370,2508_154X,-33.83828353881836,151.20713806152344,190.0,5.0,355,5.92,False
2026-09-22T08:19:43+10:00,2283483,2459_428,-33.9114990234375,151.1188507080078,140.0,0.0,0,0.0,True
2026-09-22T08:19:43+10:00,2308752,2459_445,-33.88411331176758,151.1521453857422,262.0,0.0,-832,-13.87,False
2026-09-22T08:19:43+10:00,2286583,2459_437,-33.86573791503906,151.13648986816406,18.0,32.4,64,1.07,True
2026-09-22T08:19:43+10:00,2581636,2507_750w,-33.79594039916992,151.1845245361328,74.0,6.1,203,3.38,True
2026-09-22T08:19:43+10:00,2038280,2459_440,-33.863731384277344,151.1697540283203,127.0,0.0,0,0.0,True
2026-09-22T08:19:43+10:00,2621604,2507_285,-33.812381744384766,151.17115783691406,86.0,18.4,-443,-7.38,False
2026-09-22T08:19:43+10:00,2374892,2508_100,-33.83057403564453,151.22975158691406,5.0,0.0,0,0.0,True
2026-09-22T08:19:43+10:00,2475266,2459_389,-33.86904525756836,151.19789123535156,357.0,25.6,41,0.68,True
2026-09-22T08:19:43+10:00,2287881,2459_428,-33.88554763793945,151.19424438476562,19.0,0.0,-72,-1.2,False
2026-09-22T08:19:43+10:00,2288101,2459_412,-33.887935638427734,151.18077087402344,139.0,16.2,162,2.7,True
2026-09-22T08:19:43+10:00,2442109,2507_209,-33.84983444213867,151.212890625,221.0,0.0,184,3.07,True
2026-09-22T08:19:43+10:00,2349675,2459_418,-33.874969482421875,151.10523986816406,100.0,0.0,22,0.37,True
2026-09-22T08:19:43+10:00,2383462,2508_170X,-33.81047439575195,151.24505615234375,218.0,15.1,205,3.42,True
2026-09-22T08:19:43+10:00,2283242,2459_442,-33.85725784301758,151.18055725097656,131.0,9.0,-127,-2.12,False
2026-09-22T08:19:43+10:00,2379196,2508_144,-33.82817077636719,151.20387268066406,101.0,44.6,282,4.7,True
2026-09-22T08:19:43+10:00,2287550,2459_442,-33.86896896362305,151.20335388183594,59.0,0.0,-382,-6.37,False
2026-09-22T08:19:43+10:00,2374144,2508_172X,-33.82443618774414,151.24130249023438,223.0,6.5,402,6.7,False
2026-09-22T08:19:43+10:00,2555499,2507_265,-33.817657470703125,151.17173767089844,245.0,31.3,241,4.02,True
2026-09-22T08:19:43+10:00,2643767,2507_52,-33.85236358642578,151.15579223632812,144.0,19.8,16,0.27,True
2026-09-22T08:19:43+10:00,2379220,2508_B1,-33.81784439086914,151.24391174316406,161.0,34.2,144,2.4,True
2026-09-22T08:19:43+10:00,2644548,2507_120,-33.871734619140625,151.2064208984375,176.0,0.4,-379,-6.32,False
2026-09-22T08:19:43+10:00,2290715,2459_389,-33.871158599853516,151.20555114746094,355.0,0.0,293,4.88,True
2026-09-22T08:19:43+10:00,2441706,2507_663w,-33.81074523925781,151.20956420898438,102.0,0.0,3,0.05,True
2026-09-22T08:19:43+10:00,2424413,2508_230,-33.82456588745117,151.24085998535156,93.0,0.0,269,4.48,True
2026-09-22T08:19:43+10:00,2290737,2459_423,-33.89915466308594,151.17149353027344,69.0,14.8,-104,-1.73,False
2026-09-22T08:19:43+10:00,2283967,2459_428,-33.90380859375,151.1686248779297,22.0,0.0,-72,-1.2,False
2026-09-22T08:19:43+10:00,2289208,2459_423,-33.91552734375,151.1508026123047,60.0,1.1,58,0.97,True
2026-09-22T08:19:43+10:00,2374548,2508_243,-33.842044830322266,151.21060180664062,341.0,59.4,0,0.0,True
2026-09-22T08:19:43+10:00,2643440,2507_501,-33.879661560058594,151.19964599609375,334.0,0.0,162,2.7,True
2026-09-22T08:19:43+10:00,2288528,2459_461X,-33.876487731933594,151.20950317382812,6.0,23.8,-282,-4.7,False
2026-09-22T08:19:43+10:00,2421383,2508_150X,-33.7957878112793,151.25425720214844,250.0,0.0,286,4.77,True
2026-09-22T08:19:43+10:00,2731410,2507_507,-33.828880310058594,151.12200927734375,222.0,21.6,185,3.08,True
2026-09-22T08:19:43+10:00,2636281,2459_415,-33.869903564453125,151.13229370117188,251.0,19.4,0,0.0,True
2026-09-22T08:19:43+10:00,2596443,2459_491,-33.89515686035156,151.12464904785156,273.0,35.3,293,4.88,True
2026-09-22T08:19:43+10:00,2227754,2507_205,-33.86351776123047,151.21023559570312,264.0,26.3,0,0.0,True
2026-09-22T08:19:43+10:00,2290579,2459_389,-33.89146041870117,151.24623107910156,289.0,24.5,217,3.62,True
2026-09-22T08:19:43+10:00,2475164,2459_389,-33.88140106201172,151.22506713867188,121.0,16.9,127,2.12,True
2026-09-22T08:19:43+10:00,2581555,2507_700w,-33.86388397216797,151.2046356201172,344.0,35.3,0,0.0,True
2026-09-22T08:19:43+10:00,2283272,2459_438X,-33.887733459472656,151.16983032226562,85.0,38.9,-182,-3.03,False
2026-09-22T08:19:43+10:00,1562255,2507_761w,-33.8171501159668,151.20147705078125,20.0,31.7,74,1.23,True
2026-09-22T08:19:43+10:00,2248903,2507_687w,-33.80317306518555,151.17955017089844,188.0,15.1,1167,19.45,False
2026-09-22T08:19:43+10:00,2285729,2459_422,-33.883544921875,151.20314025878906,49.0,16.9,-284,-4.73,False
2026-09-22T08:19:43+10:00,2642808,2507_788w,-33.8586311340332,151.1719512939453,2.0,0.0,0,0.0,True
2026-09-22T08:19:43+10:00,2284702,2459_438X,-33.84494400024414,151.1284942626953,2.0,0.0,425,7.08,False
2026-09-22T08:19:43+10:00,2621397,2507_288,-33.81275939941406,151.1824951171875,108.0,73.1,-161,-2.68,False
2026-09-22T08:19:43+10:00,2406848,2507_292,-33.81083679199219,151.16441345214844,286.0,0.0,-124,-2.07,False
2026-09-22T08:19:43+10:00,2621567,2507_516,-33.81367492675781,151.18389892578125,290.0,73.1,0,0.0,True
2026-09-22T08:19:43+10:00,2290931,2459_470,-33.88102722167969,151.16966247558594,113.0,0.0,-74,-1.23,False
2026-09-22T08:19:43+10:00,2643910,2507_501,-33.871131896972656,151.1947479248047,156.0,0.0,-183,-3.05,False
2026-09-22T08:19:43+10:00,2608981,2459_430,-33.909915924072266,151.1613006591797,214.0,34.2,369,6.15,False
2026-09-22T08:19:43+10:00,2626605,2507_536,-33.823482513427734,151.13975524902344,29.0,30.2,34,0.57,True
2026-09-22T08:19:43+10:00,2474883,2459_389,-33.88837432861328,151.23782348632812,78.0,33.8,38,0.63,True
2026-09-22T08:19:43+10:00,2621420,2507_288,-33.81401824951172,151.19969177246094,146.0,73.4,-270,-4.5,False
2026-09-22T08:19:43+10:00,2037389,2459_470,-33.8828239440918,151.20384216308594,46.0,0.0,124,2.07,True
2026-09-22T08:19:43+10:00,2682013,2507_533,-33.805389404296875,151.16123962402344,107.0,3.2,532,8.87,False
2026-09-22T08:19:43+10:00,2644054,2507_120,-33.79380798339844,151.19622802734375,159.0,0.4,41,0.68,True
2026-09-22T08:19:43+10:00,2287993,2459_438X,-33.887847900390625,151.15765380859375,174.0,0.0,-63,-1.05,False
2026-09-22T08:19:43+10:00,2392754,2508_114,-33.82996368408203,151.21839904785156,115.0,0.0,195,3.25,True
2026-09-22T08:19:43+10:00,2415735,2508_B1,-33.865779876708984,151.2061309814453,5.0,0.0,0,0.0,True
2026-09-22T08:19:43+10:00,1562281,2507_695w,-33.81859588623047,151.15150451660156,93.0,0.0,-24,-0.4,True
2026-09-22T08:19:43+10:00,2208097,2459_440,-33.8843879699707,151.2000274658203,267.0,37.1,-416,-6.93,False
2026-09-22T08:19:43+10:00,2290016,2459_470,-33.866600036621094,151.21072387695312,5.0,0.7,0,0.0,True
2026-09-22T08:19:43+10:00,1904166,2459_483,-33.88764190673828,151.12265014648438,108.0,25.6,125,2.08,True
2026-09-22T08:19:43+10:00,2714691,2508_114,-33.82331848144531,151.19515991210938,258.0,39.6,-211,-3.52,False
2026-09-22T08:19:43+10:00,2383529,2508_170X,-33.797767639160156,151.25244140625,194.0,23.0,99,1.65,True
2026-09-22T08:19:43+10:00,2421195,2508_230,-33.84345245361328,151.20980834960938,112.0,30.6,-256,-4.27,False
2026-09-22T08:19:43+10:00,2376370,2508_100,-33.848106384277344,151.212890625,178.0,57.6,-113,-1.88,False
2026-09-22T08:19:43+10:00,2231090,2507_292,-33.86594009399414,151.20330810546875,175.0,0.0,0,0.0,True
2026-09-22T08:19:43+10:00,2208603,2459_413,-33.88542938232422,151.18336486816406,257.0,42.1,182,3.03,True
2026-09-22T08:19:43+10:00,2285283,2459_426,-33.907806396484375,151.14984130859375,108.0,0.4,347,5.78,False
2026-09-22T08:19:43+10:00,2538707,2507_533,-33.79631805419922,151.18048095703125,179.0,0.0,77,1.28,True
2026-09-22T08:19:43+10:00,2225683,2507_285,-33.80712890625,151.15248107910156,240.0,44.3,-18,-0.3,True
2026-09-22T08:19:43+10:00,2407839,2507_252,-33.838226318359375,151.1761474609375,168.0,0.0,40,0.67,True
2026-09-22T08:19:43+10:00,2636020,2459_504,-33.856788635253906,151.1436309814453,298.0,50.0,0,0.0,True
2026-09-22T08:19:43+10:00,2428380,2508_238,-33.84513854980469,151.24468994140625,329.0,43.2,-63,-1.05,False
2026-09-22T08:19:43+10:00,1963945,2459_412,-33.911495208740234,151.14186096191406,278.0,0.0,-108,-1.8,False
2026-09-22T08:19:43+10:00,2283073,2459_431,-33.87385177612305,151.18234252929688,148.0,13.3,228,3.8,True
2026-09-22T08:19:43+10:00,2618601,2459_422,-33.88005065917969,151.20849609375,184.0,0.0,49,0.82,True
2026-09-22T08:19:43+10:00,2287212,2459_431,-33.881011962890625,151.20651245117188,203.0,0.0,-101,-1.68,False
2026-09-22T08:19:43+10:00,2227694,2507_775w,-33.841644287109375,151.2058868408203,213.0,41.8,94,1.57,True
2026-09-22T08:19:43+10:00,2407544,2507_258,-33.81072235107422,151.14683532714844,99.0,29.5,-88,-1.47,False
2026-09-22T08:19:43+10:00,2406788,2507_582w,-33.8228645324707,151.1276397705078,100.0,22.3,12,0.2,True
2026-09-22T08:19:43+10:00,2319694,7083_SW3,-33.90249252319336,151.14418029785156,64.0,38.9,162,2.7,True
2026-09-22T08:19:43+10:00,1962001,2459_413,-33.887550354003906,151.1721954345703,84.0,40.0,3,0.05,True
2026-09-22T08:19:43+10:00,2580280,2508_100,-33.831687927246094,151.2227325439453,267.0,6.1,148,2.47,True
2026-09-22T08:19:43+10:00,2229644,2507_292,-33.86491775512695,151.20558166503906,174.0,10.4,-277,-4.62,False
2026-09-22T08:19:43+10:00,2209520,2459_487,-33.911651611328125,151.11865234375,319.0,0.0,116,1.93,True
2026-09-22T08:19:43+10:00,2379045,2508_B1,-33.82451629638672,151.2411651611328,220.0,0.0,215,3.58,True
2026-09-22T08:19:43+10:00,2660167,2459_320,-33.90095138549805,151.20953369140625,43.0,0.0,-89,-1.48,False
2026-09-22T08:19:43+10:00,2283755,2459_423,-33.8935661315918,151.18328857421875,44.0,0.0,-251,-4.18,False
2026-09-22T08:19:43+10:00,2636009,2459_504,-33.85327911376953,151.15113830566406,58.0,27.4,98,1.63,True
2026-09-22T08:19:43+10:00,2289038,2459_426,-33.866085052490234,151.21006774902344,187.0,3.6,0,0.0,True
2026-09-22T08:19:43+10:00,2644540,2507_501,-33.86240768432617,151.16781616210938,127.0,29.5,-202,-3.37,False
2026-09-22T08:19:43+10:00,2621505,2507_285,-33.81119918823242,151.1501922607422,279.0,0.0,0,0.0,True
2026-09-22T08:19:43+10:00,2038004,2459_470,-33.88324737548828,151.20361328125,45.0,0.0,-117,-1.95,False
2026-09-22T08:19:43+10:00,1904424,2459_413,-33.89686965942383,151.1322784423828,0.0,0.0,6,0.1,True
2026-09-22T08:19:43+10:00,2378966,2508_B1,-33.820556640625,151.24398803710938,178.0,29.9,590,9.83,False
2026-09-22T08:19:43+10:00,2596298,2459_492,-33.88191223144531,151.10635375976562,137.0,15.1,209,3.48,True
2026-09-22T08:19:43+10:00,2283470,2459_428,-33.878028869628906,151.20765686035156,89.0,20.9,-130,-2.17,False
2026-09-22T08:19:43+10:00,2349408,2459_418,-33.90856170654297,151.15208435058594,110.0,6.8,-62,-1.03,False
2026-09-22T08:19:43+10:00,2580051,2508_201,-33.8634147644043,151.2069091796875,278.0,17.3,0,0.0,True
2026-09-22T08:19:43+10:00,2287652,2459_461X,-33.88826370239258,151.16278076171875,280.0,37.4,-52,-0.87,True
2026-09-22T08:19:43+10:00,2038749,2459_440,-33.868568420410156,151.16375732421875,223.0,31.7,-94,-1.57,False
2026-09-22T08:19:43+10:00,2635849,2459_504,-33.872825622558594,151.2066192626953,292.0,25.9,0,0.0,True
2026-09-22T08:19:43+10:00,2450072,2508_225,-33.86585235595703,151.20571899414062,174.0,0.0,0,0.0,True
2026-09-22T08:19:43+10:00,2685925,2459_423,-33.892696380615234,151.18601989746094,256.0,31.0,2,0.03,True
2026-09-22T08:19:43+10:00,2392952,2508_263,-33.82954788208008,151.21319580078125,78.0,11.9,0,0.0,True
2026-09-22T08:19:43+10:00,2287145,2459_470,-33.88500213623047,151.17613220214844,160.0,0.0,48,0.8,True
2026-09-22T08:19:43+10:00,2208375,2459_464,-33.88797378540039,151.12579345703125,64.0,15.8,0,0.0,True
2026-09-22T08:19:43+10:00,2596268,2459_490,-33.886444091796875,151.110595703125,267.0,25.6,86,1.43,True
2026-09-22T08:19:43+10:00,2374825,2508_100,-33.831607818603516,151.22276306152344,271.0,6.5,27,0.45,True
2026-09-22T08:19:43+10:00,2407921,2507_252,-33.84017562866211,151.13644409179688,276.0,12.6,0,0.0,True
2026-09-22T08:19:43+10:00,2554352,2459_358,-33.92329406738281,151.210693359375,97.0,0.0,-233,-3.88,False
2026-09-22T08:19:43+10:00,2383446,2508_170X,-33.83161163330078,151.2222900390625,285.0,24.8,211,3.52,True
2026-09-22T08:19:43+10:00,2558936,7083_SW1,-33.91339874267578,151.1163330078125,84.0,19.1,197,3.28,True
2026-09-22T08:19:43+10:00,2731364,2507_291,-33.82334899902344,151.1942138671875,72.0,35.6,-36,-0.6,True
2026-09-22T08:19:43+10:00,2226901,2507_292,-33.80461883544922,151.1565704345703,98.0,15.8,-188,-3.13,False
2026-09-22T08:19:43+10:00,2309882,7083_SW3,-33.9033088684082,151.1551055908203,140.0,27.7,488,8.13,False
2026-09-22T08:19:43+10:00,2287888,2459_418,-33.91550827026367,151.16624450683594,170.0,6.8,9,0.15,True
2026-09-22T08:19:43+10:00,2421221,2508_230,-33.84734344482422,151.2126007080078,82.0,0.0,159,2.65,True
2026-09-22T08:19:43+10:00,2596306,2459_490,-33.867164611816406,151.13792419433594,250.0,27.4,289,4.82,True
2026-09-22T08:19:43+10:00,2375197,2508_173X,-33.82352828979492,151.24240112304688,47.0,17.6,259,4.32,True
2026-09-22T08:19:43+10:00,2289919,2459_470,-33.87948989868164,151.1646728515625,282.0,0.0,-766,-12.77,False
2026-09-22T08:19:43+10:00,2286110,2459_442,-33.8626708984375,151.1763916015625,47.0,26.3,-190,-3.17,False
2026-09-22T08:19:43+10:00,2284043,2459_433,-33.88001251220703,151.18045043945312,52.0,44.3,-67,-1.12,False
2026-09-22T08:19:43+10:00,2376122,2508_243,-33.82118606567383,151.2322998046875,189.0,0.0,118,1.97,True
2026-09-22T08:19:43+10:00,2643760,2507_120,-33.795406341552734,151.18125915527344,214.0,0.4,-544,-9.07,False
2026-09-22T08:19:43+10:00,2421233,2508_154X,-33.79572677612305,151.2530517578125,192.0,0.0,158,2.63,True
2026-09-22T08:19:43+10:00,2288095,2459_470,-33.87397003173828,151.16148376464844,74.0,0.0,2,0.03,True
2026-09-22T08:19:43+10:00,2643239,2507_546,-33.8379020690918,151.17398071289062,68.0,43.9,0,0.0,True
2026-09-22T08:19:43+10:00,1904047,2459_413,-33.89671325683594,151.14517211914062,227.0,7.2,2,0.03,True
2026-09-22T08:19:43+10:00,2645029,2507_52,-33.87282943725586,151.20477294921875,77.0,1.8,-516,-8.6,False
2026-09-22T08:19:43+10:00,2379072,2508_B1,-33.83900451660156,151.2110595703125,186.0,51.5,-333,-5.55,False
2026-09-22T08:19:43+10:00,2580134,2508_100,-33.858882904052734,151.20664978027344,203.0,51.8,-113,-1.88,False
2026-09-22T08:19:43+10:00,2634488,2507_254,-33.84880065917969,151.2061004638672,194.0,0.0,0,0.0,True
2026-09-22T08:19:43+10:00,2681993,2507_533,-33.88062286376953,151.13162231445312,326.0,54.0,120,2.0,True
2026-09-22T08:19:43+10:00,2554236,2459_358,-33.925270080566406,151.2395782470703,198.0,2.5,-137,-2.28,False
2026-09-22T08:19:43+10:00,2672372,2507_115,-33.81367874145508,151.1997833251953,154.0,0.0,-51,-0.85,True
2026-09-22T08:19:43+10:00,2442018,2507_209,-33.83840560913086,151.20700073242188,189.0,0.0,-243,-4.05,False
2026-09-22T08:19:43+10:00,2636186,2459_504,-33.8399543762207,151.1685028076172,99.0,33.5,0,0.0,True
2026-09-22T08:19:43+10:00,2421373,2508_225,-33.842857360839844,151.2274169921875,360.0,41.0,483,8.05,False
2026-09-22T08:19:43+10:00,2376110,2508_100,-33.83015060424805,151.21351623535156,14.0,0.0,0,0.0,True
2026-09-22T08:19:43+10:00,2286146,2459_428X,-33.89875030517578,151.1692352294922,115.0,31.3,-374,-6.23,False
2026-09-22T08:19:43+10:00,2441687,2507_207,-33.8635139465332,151.2102813720703,264.0,22.0,0,0.0,True
2026-09-22T08:19:43+10:00,2227999,2507_292,-33.796630859375,151.1778564453125,354.0,15.1,130,2.17,True
2026-09-22T08:19:43+10:00,2700027,2508_177X,-33.824466705322266,151.2382354736328,270.0,49.3,66,1.1,True
2026-09-22T08:19:43+10:00,2284788,2459_437,-33.87446975708008,151.19554138183594,142.0,8.3,15,0.25,True
2026-09-22T08:19:43+10:00,2228076,2507_292,-33.80439758300781,151.1546630859375,100.0,8.6,52,0.87,True
2026-09-22T08:19:43+10:00,2289720,2459_428,-33.90210723876953,151.14004516601562,216.0,27.7,0,0.0,True
2026-09-22T08:19:43+10:00,2581592,2507_505,-33.848087310791016,151.1525421142578,154.0,13.3,1048,17.47,False
2026-09-22T08:19:43+10:00,2424444,2508_230,-33.82931900024414,151.2086944580078,9.0,0.0,657,10.95,False
2026-09-22T08:19:43+10:00,2036791,2459_440,-33.88435363769531,151.19891357421875,87.0,42.8,-17,-0.28,True
2026-09-22T08:19:43+10:00,2679152,2509_370,-33.90266418457031,151.19578552246094,139.0,0.0,-137,-2.28,False
2026-09-22T08:19:43+10:00,2384069,2509_612e,-33.891334533691406,151.24818420410156,100.0,0.0,0,0.0,True
2026-09-22T08:19:43+10:00,2400257,2509_397X,-33.95185089111328,151.2440948486328,348.0,34.6,-79,-1.32,False
2026-09-22T08:19:43+10:00,2678093,2509_634e,-33.940677642822266,151.23309326171875,101.0,49.7,44,0.73,True
2026-09-22T08:19:43+10:00,2628638,2509_304,-33.90654373168945,151.21109008789062,230.0,2.5,266,4.43,True
2026-09-22T08:19:43+10:00,2548665,2509_350,-33.94622802734375,151.24078369140625,283.0,0.0,289,4.82,True
2026-09-22T08:19:43+10:00,2358253,2509_743e,-33.92512130737305,151.22637939453125,77.0,0.7,-33,-0.55,True
2026-09-22T08:19:43+10:00,2357645,2509_339,-33.91445541381836,151.26649475097656,130.0,0.0,0,0.0,True
2026-09-22T08:19:43+10:00,2622907,2509_333,-33.890106201171875,151.24168395996094,289.0,14.4,217,3.62,True
2026-09-22T08:19:43+10:00,2357469,2509_304,-33.90530014038086,151.21224975585938,22.0,0.0,139,2.32,True
2026-09-22T08:19:43+10:00,2138522,2509_306,-33.927085876464844,151.2060089111328,2.0,22.3,-150,-2.5,False
2026-09-22T08:19:43+10:00,2139981,2509_306,-33.92464065551758,151.20904541015625,281.0,36.4,48,0.8,True
2026-09-22T08:19:43+10:00,2494684,2509_343,-33.92564392089844,151.22833251953125,345.0,12.2,0,0.0,True
2026-09-22T08:19:43+10:00,2352478,2509_356,-33.93619918823242,151.24908447265625,272.0,47.5,992,16.53,False
2026-09-22T08:19:43+10:00,2679170,2509_370,-33.916770935058594,151.23934936523438,100.0,5.8,-287,-4.78,False
2026-09-22T08:19:43+10:00,2358162,2509_373,-33.87748718261719,151.2093963623047,186.0,0.0,-266,-4.43,False
2026-09-22T08:19:43+10:00,2534464,2509_324,-33.87137985229492,151.266845703125,70.0,45.4,-35,-0.58,True
2026-09-22T08:19:43+10:00,2400430,2509_396X,-33.86572265625,151.21124267578125,204.0,7.6,-249,-4.15,False
2026-09-22T08:19:43+10:00,2532911,2509_350,-33.93288040161133,151.17959594726562,79.0,0.0,0,0.0,True
2026-09-22T08:19:43+10:00,2139640,2509_306,-33.92970657348633,151.1949462890625,280.0,0.0,195,3.25,True
2026-09-22T08:19:43+10:00,2623116,2509_333,-33.893985748291016,151.2638702392578,281.0,5.4,26,0.43,True
2026-09-22T08:19:43+10:00,2678089,2509_688e,-33.9160270690918,151.2396697998047,10.0,24.8,-89,-1.48,False
2026-09-22T08:19:43+10:00,2675053,2509_309,-33.94680404663086,151.1974334716797,184.0,0.0,12,0.2,True
2026-09-22T08:19:43+10:00,2494637,2509_343,-33.865169525146484,151.21153259277344,23.0,16.6,-134,-2.23,False
2026-09-22T08:19:43+10:00,2346358,2509_390X,-33.92499542236328,151.2288360595703,308.0,0.0,256,4.27,True
2026-09-22T08:19:43+10:00,2675108,2509_309,-33.896358489990234,151.1992645263672,162.0,11.2,-57,-0.95,True
2026-09-22T08:19:43+10:00,2400515,2509_396,-33.860904693603516,151.21063232421875,10.0,0.0,0,0.0,True
2026-09-22T08:19:43+10:00,2675103,2509_309,-33.95822525024414,151.20761108398438,135.0,32.8,349,5.82,False
2026-09-22T08:19:43+10:00,2355912,2509_374X,-33.9205436706543,151.2545623779297,280.0,0.0,-1,-0.02,True
2026-09-22T08:19:43+10:00,2358064,2509_339X,-33.9135856628418,151.26490783691406,281.0,27.4,-16,-0.27,True
2026-09-22T08:19:43+10:00,2494515,2509_374,-33.90164566040039,151.22299194335938,312.0,0.0,675,11.25,False
2026-09-22T08:19:43+10:00,2439592,2509_390X,-33.891422271728516,151.24905395507812,96.0,0.0,0,0.0,True
2026-09-22T08:19:43+10:00,2645877,2509_394X,-33.953243255615234,151.24179077148438,349.0,0.0,234,3.9,True
2026-09-22T08:19:43+10:00,2679199,2509_370,-33.910518646240234,151.20399475097656,102.0,23.8,231,3.85,True
2026-09-22T08:19:43+10:00,2358202,2509_343,-33.88615417480469,151.20811462402344,178.0,0.0,301,5.02,False
2026-09-22T08:19:43+10:00,2678120,2509_624e,-33.89350891113281,151.24954223632812,189.0,25.6,13,0.22,True
2026-09-22T08:19:43+10:00,2531394,2509_324,-33.84696578979492,151.28558349609375,108.0,37.1,31,0.52,True
2026-09-22T08:19:43+10:00,2533284,2509_325,-33.87507247924805,151.22242736816406,42.0,5.4,346,5.77,False
2026-09-22T08:19:43+10:00,2346411,2509_390X,-33.916385650634766,151.2395477294922,15.0,22.7,-35,-0.58,True
2026-09-22T08:19:43+10:00,2356113,2509_374X,-33.895511627197266,151.22195434570312,353.0,0.0,-20,-0.33,True
2026-09-22T08:19:43+10:00,2645886,2509_392X,-33.8658332824707,151.21270751953125,276.0,0.0,-317,-5.28,False
2026-09-22T08:19:43+10:00,2356893,2509_311,-33.866451263427734,151.22381591796875,206.0,32.8,450,7.5,False
2026-09-22T08:19:43+10:00,2534430,2509_325,-33.85580062866211,151.20681762695312,48.0,0.0,0,0.0,True
2026-09-22T08:19:43+10:00,2532265,2509_324,-33.8740348815918,151.21450805664062,281.0,37.1,-517,-8.62,False
2026-09-22T08:19:43+10:00,2356616,2509_373X,-33.87685012817383,151.2104949951172,91.0,0.0,0,0.0,True
2026-09-22T08:19:43+10:00,2645922,2509_392X,-33.954994201660156,151.23001098632812,4.0,44.3,110,1.83,True
2026-09-22T08:19:43+10:00,2564003,2509_379,-33.88896942138672,151.26759338378906,91.0,0.0,359,5.98,False
2026-09-22T08:19:43+10:00,2358028,2509_339X,-33.90460968017578,151.23614501953125,235.0,9.4,288,4.8,True
2026-09-22T08:19:43+10:00,2533462,2509_726e,-33.89268493652344,151.24725341796875,193.0,29.9,-20,-0.33,True
2026-09-22T08:19:43+10:00,2400577,2509_396,-33.94786834716797,151.25502014160156,43.0,0.0,20,0.33,True
2026-09-22T08:19:43+10:00,2564515,2509_712e,-33.89113998413086,151.24880981445312,279.0,0.0,0,0.0,True
2026-09-22T08:19:43+10:00,2622786,2509_333,-33.88935089111328,151.27618408203125,44.0,28.1,0,0.0,True
2026-09-22T08:19:43+10:00,2358145,2509_370,-33.9199104309082,151.25711059570312,190.0,0.0,0,0.0,True
2026-09-22T08:19:43+10:00,2531841,2509_324,-33.865684509277344,151.2042236328125,355.0,0.0,-327,-5.45,False
2026-09-22T08:19:43+10:00,2137983,2509_375,-33.94343185424805,151.26197814941406,216.0,34.9,227,3.78,True
2026-09-22T08:19:43+10:00,2533511,2509_313,-33.922035217285156,151.25106811523438,101.0,26.6,161,2.68,True
2026-09-22T08:19:43+10:00,2400629,2509_309,-33.945003509521484,151.19668579101562,335.0,0.0,192,3.2,True
2026-09-22T08:19:43+10:00,2357395,2509_373X,-33.92430877685547,151.25526428222656,273.0,0.0,8,0.13,True
2026-09-22T08:19:43+10:00,2139558,2509_306,-33.910457611083984,151.20428466796875,279.0,16.2,-389,-6.48,False
2026-09-22T08:19:43+10:00,2346418,2509_390X,-33.896297454833984,151.2512664794922,336.0,0.0,202,3.37,True
2026-09-22T08:19:43+10:00,2352296,2509_307,-33.93168258666992,151.19410705566406,9.0,36.4,152,2.53,True
2026-09-22T08:19:43+10:00,2628592,2509_304,-33.887672424316406,151.21343994140625,9.0,7.6,276,4.6,True
2026-09-22T08:19:43+10:00,2358093,2509_373,-33.905208587646484,151.228271484375,294.0,24.5,278,4.63,True
2026-09-22T08:19:43+10:00,2623245,2509_333,-33.88116455078125,151.21810913085938,119.0,31.7,604,10.07,False
2026-09-22T08:19:43+10:00,2667434,2509_326,-33.87875747680664,151.23960876464844,250.0,30.2,-24,-0.4,True
2026-09-22T08:19:43+10:00,2138112,2509_306,-33.90313720703125,151.20191955566406,338.0,32.4,-131,-2.18,False
2026-09-22T08:19:43+10:00,2358252,2509_339X,-33.865291595458984,151.21185302734375,309.0,0.0,-224,-3.73,False
2026-09-22T08:19:43+10:00,2403052,2509_311,-33.87260437011719,151.2064971923828,174.0,0.0,300,5.0,True
2026-09-22T08:19:43+10:00,2679145,2509_370,-33.88298416137695,151.19091796875,129.0,0.0,105,1.75,True
2026-09-22T08:19:43+10:00,2628617,2509_304,-33.87953186035156,151.21090698242188,179.0,9.0,821,13.68,False
2026-09-22T08:19:43+10:00,2622805,2509_379,-33.89167785644531,151.24977111816406,352.0,26.6,-206,-3.43,False
2026-09-22T08:19:43+10:00,2531786,2509_326,-33.87772750854492,151.259033203125,182.0,33.8,40,0.67,True
2026-09-22T08:19:43+10:00,2675094,2509_309,-33.95735168457031,151.20672607421875,140.0,41.8,95,1.58,True
2026-09-22T08:19:43+10:00,2356370,2509_311,-33.873680114746094,151.2236328125,40.0,6.8,258,4.3,True
2026-09-22T08:19:43+10:00,2357987,2509_343,-33.92166519165039,151.20042419433594,200.0,10.8,-135,-2.25,False
2026-09-22T08:19:43+10:00,2564020,2509_379,-33.90621566772461,151.26361083984375,287.0,16.2,59,0.98,True
2026-09-22T08:19:43+10:00,2358129,2509_373,-33.906307220458984,151.25979614257812,142.0,28.4,0,0.0,True
2026-09-22T08:19:43+10:00,2623146,2509_333,-33.88191604614258,151.21958923339844,306.0,2.2,-65,-1.08,False
2026-09-22T08:19:43+10:00,2356623,2509_339,-33.89504623413086,151.2218780517578,173.0,0.0,452,7.53,False
2026-09-22T08:19:43+10:00,2534206,2509_360,-33.89950942993164,151.2653350830078,189.0,32.4,-80,-1.33,False
2026-09-22T08:19:43+10:00,2623271,2509_333,-33.8697624206543,151.21034240722656,186.0,36.7,136,2.27,True
2026-09-22T08:19:43+10:00,2358193,2509_661e,-33.8943977355957,151.21658325195312,190.0,47.5,0,0.0,True
2026-09-22T08:19:43+10:00,2533300,2509_381,-33.894317626953125,151.26605224609375,279.0,0.0,-132,-2.2,False
2026-09-22T08:19:43+10:00,2534396,2509_717e,-33.90332794189453,151.2591552734375,51.0,15.5,-69,-1.15,False
2026-09-22T08:19:43+10:00,2548733,2509_328,-33.88602066040039,151.2394561767578,168.0,33.5,298,4.97,True
2026-09-22T08:19:43+10:00,2494612,2509_343,-33.88897705078125,151.21954345703125,163.0,48.6,0,0.0,True
2026-09-22T08:19:43+10:00,2687292,2509_377X,-33.92355728149414,151.24392700195312,13.0,0.7,-85,-1.42,False
2026-09-22T08:19:43+10:00,2533627,2509_325,-33.85337829589844,151.2694549560547,73.0,0.0,-142,-2.37,False
2026-09-22T08:19:43+10:00,2494609,2509_374,-33.88592529296875,151.21871948242188,157.0,0.0,18,0.3,True
2026-09-22T08:19:43+10:00,2532572,2509_324,-33.868934631347656,151.20606994628906,175.0,26.3,26,0.43,True
2026-09-22T08:19:43+10:00,2548639,2509_350,-33.9301643371582,151.19444274902344,11.0,36.4,67,1.12,True
2026-09-22T08:19:43+10:00,2356163,2509_304,-33.88742446899414,151.21347045898438,8.0,0.0,-78,-1.3,False
2026-09-22T08:19:43+10:00,2563991,2509_379,-33.904964447021484,151.2554168701172,275.0,0.0,553,9.22,False
2026-09-22T08:19:43+10:00,2645935,2509_394X,-33.917449951171875,151.22598266601562,348.0,45.7,-119,-1.98,False
2026-09-22T08:19:43+10:00,2139032,2509_375,-33.92573165893555,151.25010681152344,104.0,33.8,-541,-9.02,False
2026-09-22T08:19:43+10:00,2494512,2509_374,-33.91521453857422,151.24908447265625,9.0,38.2,-34,-0.57,True
2026-09-22T08:19:43+10:00,2410360,2509_392,-33.93873596191406,151.2289581298828,21.0,0.0,-132,-2.2,False
2026-09-22T08:19:43+10:00,2352521,2509_307,-33.94304656982422,151.19561767578125,160.0,18.4,-123,-2.05,False
2026-09-22T08:19:43+10:00,2403201,2509_311,-33.87352752685547,151.2240447998047,242.0,23.4,-131,-2.18,False
2026-09-22T08:19:43+10:00,2531672,2509_352,-33.88179397583008,151.21939086914062,306.0,0.0,660,11.0,False
2026-09-22T08:19:43+10:00,2357993,2509_373X,-33.923980712890625,151.23968505859375,9.0,0.0,0,0.0,True
2026-09-22T08:19:43+10:00,2356059,2509_339,-33.88363265991211,151.20877075195312,296.0,0.0,365,6.08,False
2026-09-22T08:19:43+10:00,2402976,2509_311,-33.8585205078125,151.2046356201172,0.0,0.0,10,0.17,True
2026-09-22T08:19:43+10:00,2356505,2509_374X,-33.919681549072266,151.25706481933594,10.0,0.0,0,0.0,True
2026-09-22T08:19:43+10:00,2357799,2509_374X,-33.887123107910156,151.2196502685547,336.0,0.0,278,4.63,True
2026-09-22T08:19:43+10:00,2439688,2509_719e,-33.91796875,151.2420654296875,136.0,26.6,513,8.55,False
2026-09-22T08:19:43+10:00,2488470,2509_392,-33.89311981201172,151.20021057128906,205.0,22.0,41,0.68,True
2026-09-22T08:19:43+10:00,2622962,2509_333,-33.889461517333984,151.23329162597656,112.0,36.0,678,11.3,False
2026-09-22T08:19:43+10:00,2622861,2509_333,-33.87520217895508,151.2096710205078,5.0,0.0,-342,-5.7,False
2026-09-22T08:19:43+10:00,2400353,2509_396X,-33.94114685058594,151.25221252441406,273.0,19.4,-11,-0.18,True
2026-09-22T08:19:43+10:00,2679168,2509_370,-33.892696380615234,151.2073516845703,189.0,15.5,13,0.22,True
2026-09-22T08:19:43+10:00,2675092,2509_309,-33.924739837646484,151.1957244873047,185.0,36.0,-5,-0.08,True
2026-09-22T08:19:43+10:00,2400400,2509_396,-33.92933654785156,151.23492431640625,303.0,53.3,221,3.68,True
2026-09-22T08:19:43+10:00,2358110,2509_373,-33.92259216308594,151.25254821777344,310.0,40.7,34,0.57,True
2026-09-22T08:19:43+10:00,2400425,2509_397X,-33.9292106628418,151.23468017578125,301.0,41.0,157,2.62,True
2026-09-22T08:19:43+10:00,2531706,2509_380,-33.89118194580078,151.24920654296875,277.0,0.0,0,0.0,True
2026-09-22T08:19:43+10:00,2623020,2509_333,-33.88719177246094,151.2303009033203,310.0,32.8,168,2.8,True
2026-09-22T08:19:43+10:00,2533686,2509_360,-33.90558624267578,151.25900268554688,285.0,4.3,162,2.7,True
2026-09-22T08:19:43+10:00,2494663,2509_374,-33.891571044921875,151.21241760253906,279.0,32.0,646,10.77,False
2026-09-22T08:19:43+10:00,2533723,2509_324,-33.85589599609375,151.20709228515625,226.0,0.0,0,0.0,True
2026-09-22T08:19:43+10:00,2645936,2509_392X,-33.88101577758789,151.2171630859375,174.0,22.3,244,4.07,True
2026-09-22T08:19:43+10:00,2470813,2509_356,-33.93206024169922,151.25372314453125,7.0,20.2,277,4.62,True
2026-09-22T08:19:43+10:00,2358030,2509_373,-33.90931701660156,151.23956298828125,9.0,17.3,-26,-0.43,True
2026-09-22T08:19:43+10:00,2358217,2509_370,-33.91030502319336,151.20298767089844,281.0,26.3,-127,-2.12,False
2026-09-22T08:19:43+10:00,2396563,2509_392,-33.896968841552734,151.20639038085938,233.0,10.4,-447,-7.45,False
2026-09-22T08:19:43+10:00,2548740,2509_350,-33.946842193603516,151.25633239746094,229.0,22.7,35,0.58,True
2026-09-22T08:19:43+10:00,2622868,2509_333,-33.89197540283203,151.25054931640625,260.0,31.3,-102,-1.7,False
2026-09-22T08:19:43+10:00,2628601,2509_304,-33.89337158203125,151.21217346191406,8.0,21.6,-76,-1.27,False
2026-09-22T08:19:43+10:00,2548529,2509_350,-33.891090393066406,151.248779296875,290.0,4.3,0,0.0,True
2026-09-22T08:19:43+10:00,2551976,2509_379,-33.90483474731445,151.2553253173828,101.0,16.6,-57,-0.95,True
2026-09-22T08:19:43+10:00,2352453,2509_307,-33.94502258300781,151.22657775878906,29.0,11.9,221,3.68,True
2026-09-22T08:19:43+10:00,2358083,2509_373,-33.90464782714844,151.22711181640625,118.0,21.6,72,1.2,True
2026-09-22T08:19:43+10:00,2645898,2509_392X,-33.87385559082031,151.2098388671875,187.0,28.8,-1,-0.02,True
2026-09-22T08:19:43+10:00,2356078,2509_373X,-33.9090576171875,151.2387237548828,279.0,16.2,-52,-0.87,True
2026-09-22T08:19:43+10:00,2358007,2509_343,-33.87286376953125,151.2099609375,187.0,15.5,134,2.23,True
2026-09-22T08:19:43+10:00,2533312,2509_324,-33.878963470458984,151.23617553710938,279.0,0.0,-120,-2.0,False
2026-09-22T08:19:43+10:00,2410312,2509_392,-33.92521286010742,151.2280731201172,320.0,0.0,128,2.13,True
2026-09-22T08:19:43+10:00,2358260,2509_343,-33.86202621459961,151.21209716796875,9.0,0.0,0,0.0,True
2026-09-22T08:19:43+10:00,2622823,2509_379,-33.888668060302734,151.2664794921875,302.0,13.3,-180,-3.0,False
2026-09-22T08:19:43+10:00,2533015,2509_355,-33.902069091796875,151.19522094726562,137.0,30.2,-173,-2.88,False
2026-09-22T08:19:43+10:00,2675138,2509_309,-33.8939094543457,151.1986541748047,21.0,0.0,0,0.0,True
2026-09-22T08:19:43+10:00,2470811,2509_356,-33.895530700683594,151.247314453125,281.0,0.0,-489,-8.15,False
2026-09-22T08:19:43+10:00,2532377,2509_352,-33.893741607666016,151.18319702148438,42.0,0.0,-18,-0.3,True
2026-09-22T08:19:43+10:00,2552038,2509_379,-33.88935089111328,151.283203125,41.0,0.0,0,0.0,True
2026-09-22T08:19:43+10:00,2675095,2509_309,-33.875457763671875,151.2096405029297,186.0,0.4,0,0.0,True
2026-09-22T08:19:43+10:00,2645901,2509_394X,-33.86613464355469,151.2109375,221.0,4.0,-13,-0.22,True
2026-09-22T08:19:43+10:00,2400648,2509_397X,-33.89755630493164,151.2219696044922,352.0,16.2,625,10.42,False
2026-09-22T08:19:43+10:00,2400681,2509_396,-33.90303039550781,151.223388671875,337.0,1.1,-5,-0.08,True
2026-09-22T08:19:43+10:00,2494568,2509_343,-33.92238998413086,151.20245361328125,278.0,16.6,28,0.47,True
2026-09-22T08:19:43+10:00,2548534,2509_350,-33.916481018066406,151.2577667236328,190.0,26.3,208,3.47,True
2026-09-22T08:19:43+10:00,2470790,2509_356,-33.915767669677734,151.24053955078125,340.0,0.0,59,0.98,True
2026-09-22T08:19:43+10:00,2358113,2509_373X,-33.91978073120117,151.24261474609375,349.0,0.0,14,0.23,True
2026-09-22T08:19:43+10:00,2534340,2509_355,-33.901397705078125,151.194091796875,306.0,0.0,446,7.43,False
2026-09-22T08:19:43+10:00,2531570,2509_324,-33.870399475097656,151.25180053710938,219.0,7.2,-142,-2.37,False
2026-09-22T08:19:43+10:00,2622812,2509_333,-33.86165237426758,151.21189880371094,96.0,0.0,0,0.0,True
2026-09-22T08:19:43+10:00,2678067,2509_642e,-33.88249206542969,151.20755004882812,123.0,2.5,161,2.68,True
2026-09-22T08:19:43+10:00,2400402,2509_396,-33.94179916381836,151.24012756347656,278.0,0.0,82,1.37,True
2026-09-22T08:19:43+10:00,2357449,2509_374X,-33.87104415893555,151.21018981933594,186.0,18.7,73,1.22,True
2026-09-22T08:19:43+10:00,2532967,2509_324,-33.867164611816406,151.27198791503906,185.0,33.5,90,1.5,True
2026-09-22T08:19:43+10:00,2356971,2509_373X,-33.88682174682617,151.219482421875,315.0,0.0,29,0.48,True
2026-09-22T08:19:43+10:00,2439545,2509_390X,-33.91506576538086,151.24038696289062,161.0,12.2,11,0.18,True
2026-09-22T08:19:43+10:00,2358037,2509_370,-33.88328170776367,151.1912384033203,321.0,0.0,-373,-6.22,False
2026-09-22T08:19:43+10:00,2564032,2509_601e,-33.857635498046875,151.2818145751953,227.0,22.0,-255,-4.25,False
2026-09-22T08:19:43+10:00,2532397,2509_352,-33.90272903442383,151.17933654785156,155.0,8.6,298,4.97,True
2026-09-22T08:19:43+10:00,2352362,2509_356,-33.89100646972656,151.2482147216797,270.0,0.0,221,3.68,True
2026-09-22T08:19:43+10:00,2548619,2509_328,-33.89130401611328,151.2478790283203,98.0,0.0,0,0.0,True
2026-09-22T08:19:43+10:00,2400589,2509_392,-33.896114349365234,151.1990966796875,156.0,3.6,316,5.27,False
2026-09-22T08:19:43+10:00,2136974,2509_375,-33.9540901184082,151.23699951171875,58.0,0.0,223,3.72,True
2026-09-22T08:19:43+10:00,2551927,2509_379,-33.885032653808594,151.27020263671875,94.0,0.0,0,0.0,True
2026-09-22T08:19:43+10:00,2622903,2509_333,-33.89434814453125,151.27320861816406,167.0,0.0,-126,-2.1,False
2026-09-22T08:19:43+10:00,2358135,2509_370,-33.87686538696289,151.21127319335938,91.0,0.0,0,0.0,True
2026-09-22T08:19:43+10:00,2300935,2509_399,-33.93351364135742,151.23773193359375,171.0,35.6,66,1.1,True
2026-09-22T08:19:43+10:00,2645876,2509_394X,-33.907127380371094,151.22377014160156,189.0,5.8,-107,-1.78,False
2026-09-22T08:19:43+10:00,2534303,2509_387,-33.88779830932617,151.25863647460938,222.0,0.0,-328,-5.47,False
2026-09-22T08:19:43+10:00,2400311,2509_396X,-33.91348648071289,151.2226104736328,94.0,33.1,309,5.15,False
2026-09-22T08:19:43+10:00,2623149,2509_333,-33.87015151977539,151.21124267578125,39.0,7.9,-87,-1.45,False
2026-09-22T08:19:43+10:00,2357621,2509_339,-33.90945816040039,151.24911499023438,145.0,11.5,768,12.8,False
2026-09-22T08:19:43+10:00,2563910,2509_387,-33.88634490966797,151.26193237304688,117.0,11.2,43,0.72,True
2026-09-22T08:19:43+10:00,2533072,2509_350,-33.928775787353516,151.2555389404297,313.0,9.0,-85,-1.42,False
2026-09-22T08:19:43+10:00,2300969,2509_399,-33.890159606933594,151.22055053710938,165.0,47.5,0,0.0,True
2026-09-22T08:19:43+10:00,2675154,2509_309,-33.931636810302734,151.19424438476562,185.0,25.2,92,1.53,True
2026-09-22T08:19:43+10:00,2494532,2509_343,-33.885772705078125,151.20687866210938,24.0,0.0,96,1.6,True
2026-09-22T08:19:43+10:00,2623308,2509_333,-33.87654113769531,151.20948791503906,185.0,22.3,372,6.2,False
2026-09-22T08:19:43+10:00,2533321,2509_387,-33.86076354980469,151.27862548828125,215.0,0.0,49,0.82,True
2026-09-22T08:19:43+10:00,1948639,2509_708e,-33.91706466674805,151.2252197265625,319.0,0.0,27,0.45,True
2026-09-22T08:19:43+10:00,2400297,2509_396,-33.91609191894531,151.22584533691406,168.0,32.4,227,3.78,True
2026-09-22T08:19:43+10:00,2300949,2509_399,-33.93936538696289,151.23855590820312,349.0,17.3,-58,-0.97,True
2026-09-22T08:19:43+10:00,2645900,2509_394X,-33.87380599975586,151.2098388671875,187.0,27.0,236,3.93,True
2026-09-22T08:19:43+10:00,2533829,2509_350,-33.91380310058594,151.25823974609375,11.0,26.3,89,1.48,True
2026-09-22T08:19:43+10:00,2622772,2509_333,-33.889854431152344,151.28118896484375,260.0,16.6,-21,-0.35,True
2026-09-22T08:19:43+10:00,2534726,2509_352,-33.89109420776367,151.24754333496094,191.0,0.0,0,0.0,True
2026-09-22T08:19:43+10:00,2532095,2509_350,-33.9459228515625,151.2437286376953,78.0,0.0,52,0.87,True
2026-09-22T08:19:43+10:00,2531248,2509_325,-33.84364318847656,151.28404235839844,6.0,0.0,0,0.0,True
2026-09-22T08:19:43+10:00,2533955,2509_350,-33.93201446533203,151.19427490234375,189.0,0.0,97,1.62,True
2026-09-22T08:19:43+10:00,2356815,2509_339,-33.90392303466797,151.24334716796875,306.0,14.4,207,3.45,True
2026-09-22T08:19:43+10:00,2400380,2509_396,-33.8886604309082,151.22006225585938,162.0,44.3,288,4.8,True
2026-09-22T08:19:43+10:00,2532544,2509_325,-33.87917709350586,151.23892211914062,243.0,34.9,-465,-7.75,False
2026-09-22T08:19:43+10:00,2358100,2509_370,-33.872196197509766,151.18096923828125,326.0,47.2,-269,-4.48,False
2026-09-22T08:19:43+10:00,2494601,2509_343,-33.90196990966797,151.20567321777344,13.0,34.6,153,2.55,True
2026-09-22T08:19:43+10:00,2439694,2509_390X,-33.90675735473633,151.2526397705078,228.0,0.0,-41,-0.68,True
2026-09-22T08:19:43+10:00,2357634,2509_304,-33.90670394897461,151.2080841064453,255.0,9.7,0,0.0,True
2026-09-22T08:19:43+10:00,2623342,2509_333,-33.89133071899414,151.2475128173828,185.0,2.5,-3,-0.05,True
2026-09-22T08:19:43+10:00,2623139,2509_333,-33.89277267456055,151.25537109375,271.0,18.7,-52,-0.87,True
2026-09-22T08:19:43+10:00,2358098,2509_373,-33.91950988769531,151.257080078125,11.0,0.0,0,0.0,True
2026-09-22T08:19:43+10:00,2589710,2509_355,-33.896812438964844,151.22677612304688,279.0,27.0,225,3.75,True
2026-09-22T08:19:43+10:00,2548743,2509_328,-33.87982940673828,151.2371368408203,99.0,24.1,-991,-16.52,False
2026-09-22T08:19:43+10:00,2532413,2509_313,-33.92194747924805,151.25033569335938,280.0,0.0,315,5.25,False
2026-09-22T08:19:43+10:00,2552043,2509_379,-33.890411376953125,151.25453186035156,233.0,24.1,-433,-7.22,False
2026-09-22T08:19:43+10:00,2548624,2509_350,-33.895938873291016,151.25106811523438,159.0,0.0,111,1.85,True
2026-09-22T08:19:43+10:00,2533344,2509_323,-33.889549255371094,151.28311157226562,59.0,0.0,0,0.0,True
2026-09-22T08:19:43+10:00,2139493,2509_306,-33.92499542236328,151.19117736816406,102.0,38.9,-23,-0.38,True
2026-09-22T08:19:43+10:00,2628642,2509_304,-33.87760925292969,151.20936584472656,186.0,25.9,287,4.78,True
2026-09-22T08:19:43+10:00,2534079,2509_350,-33.93284225463867,151.17971801757812,95.0,0.0,0,0.0,True
2026-09-22T08:19:43+10:00,2358132,2509_370,-33.907188415527344,151.18170166015625,249.0,0.0,109,1.82,True
2026-09-22T08:19:43+10:00,2532524,2509_360,-33.89667510986328,151.25537109375,277.0,0.0,-246,-4.1,False
2026-09-22T08:19:43+10:00,2494657,2509_343,-33.9242057800293,151.2279815673828,140.0,0.0,221,3.68,True
2026-09-22T08:19:43+10:00,2678061,2509_715e,-33.891204833984375,151.24942016601562,277.0,0.0,-138,-2.3,False
2026-09-22T08:19:43+10:00,2358250,2509_339X,-33.86587142944336,151.21115112304688,208.0,1.1,60,1.0,True
2026-09-22T08:19:43+10:00,2645911,2509_392X,-33.897117614746094,151.2218475341797,352.0,16.6,-276,-4.6,False
2026-09-22T08:19:43+10:00,2563989,2509_605e,-33.87810516357422,151.2703399658203,356.0,42.5,-74,-1.23,False
2026-09-22T08:19:43+10:00,2356067,2509_373X,-33.91741943359375,151.25315856933594,100.0,0.0,0,0.0,True
2026-09-22T08:19:43+10:00,2357995,2509_370,-33.91499328613281,151.22674560546875,278.0,38.2,7,0.12,True
2026-09-22T08:19:43+10:00,2552009,2509_379,-33.889259338378906,151.25961303710938,221.0,19.8,-141,-2.35,False
2026-09-22T08:19:43+10:00,2533948,2509_380,-33.88252639770508,151.28257751464844,182.0,29.5,100,1.67,True
2026-09-22T08:19:43+10:00,2675137,2509_309,-33.892616271972656,151.1992950439453,25.0,0.0,0,0.0,True
2026-09-22T08:19:43+10:00,2358124,2509_370,-33.901695251464844,151.19451904296875,308.0,2.9,-30,-0.5,True
2026-09-22T08:19:43+10:00,2494627,2509_343,-33.90596389770508,151.20664978027344,327.0,23.4,61,1.02,True
2026-09-22T08:19:43+10:00,2678097,2509_625e,-33.89441680908203,151.26686096191406,281.0,31.7,32,0.53,True
2026-09-22T08:19:43+10:00,2532693,2509_325,-33.87305450439453,151.2075653076172,278.0,0.0,-283,-4.72,False
2026-09-22T08:19:43+10:00,2400499,2509_309,-33.921653747558594,151.19622802734375,11.0,0.0,-100,-1.67,False
2026-09-22T08:19:43+10:00,2494548,2509_310,-33.94488525390625,151.20477294921875,354.0,6.8,50,0.83,True
2026-09-22T08:19:43+10:00,2488436,2509_392,-33.92430114746094,151.22808837890625,133.0,0.0,796,13.27,False
2026-09-22T08:19:43+10:00,2494702,2509_374,-33.910831451416016,151.2393035888672,6.0,31.7,273,4.55,True
2026-09-22T08:19:43+10:00,2402994,2509_311,-33.879547119140625,151.20913696289062,186.0,27.0,-412,-6.87,False
2026-09-22T08:19:43+10:00,2494724,2509_343,-33.918880462646484,151.2035675048828,13.0,0.0,168,2.8,True
2026-09-22T08:19:43+10:00,2531244,2509_324,-33.87941360473633,151.23606872558594,16.0,0.0,0,0.0,True
2026-09-22T08:19:43+10:00,2358070,2509_343,-33.86262130737305,151.21200561523438,7.0,0.7,0,0.0,True
2026-09-22T08:19:43+10:00,2563845,2509_379,-33.90452575683594,151.26693725585938,115.0,0.0,0,0.0,True
2026-09-22T08:19:43+10:00,2675060,2509_309,-33.89664840698242,151.19932556152344,163.0,20.9,240,4.0,True
2026-09-22T08:19:43+10:00,2623126,2509_333,-33.88945007324219,151.23304748535156,299.0,31.3,-89,-1.48,False
2026-09-22T08:19:43+10:00,2139683,2509_375,-33.915611267089844,151.2405242919922,339.0,0.0,-49,-0.82,True
2026-09-22T08:19:43+10:00,2439589,2509_390X,-33.92521667480469,151.2294464111328,129.0,0.0,132,2.2,True
2026-09-22T08:19:43+10:00,2400643,2509_396,-33.86247253417969,151.211181640625,5.0,0.0,0,0.0,True
2026-09-22T08:19:43+10:00,2564021,2509_386,-33.8697624206543,151.26988220214844,318.0,0.0,158,2.63,True
2026-09-22T08:19:43+10:00,2623100,2509_333,-33.862125396728516,151.21121215820312,4.0,0.0,0,0.0,True
2026-09-22T08:19:43+10:00,2400678,2509_397X,-33.913421630859375,151.22479248046875,139.0,33.5,0,0.0,True
2026-09-22T08:19:43+10:00,2532526,2509_380,-33.86661148071289,151.2800750732422,7.0,13.3,-73,-1.22,False
2026-09-22T08:19:43+10:00,2358077,2509_373,-33.92204666137695,151.2513885498047,97.0,20.5,-213,-3.55,False
2026-09-22T08:19:43+10:00,2628598,2509_304,-33.868961334228516,151.21043395996094,191.0,28.1,-81,-1.35,False
2026-09-22T08:19:43+10:00,2645914,2509_392X,-33.93314743041992,151.23019409179688,347.0,38.5,-79,-1.32,False
2026-09-22T08:19:43+10:00,2623329,2509_333,-33.88320541381836,151.22073364257812,322.0,27.7,177,2.95,True
2026-09-22T08:19:43+10:00,2346300,2509_390X,-33.90423583984375,151.2542724609375,41.0,15.8,149,2.48,True
2026-09-22T08:19:43+10:00,2551980,2509_379,-33.88384246826172,151.27626037597656,189.0,4.0,43,0.72,True
2026-09-22T08:19:43+10:00,2494618,2509_374,-33.919677734375,151.2571563720703,188.0,0.0,0,0.0,True
2026-09-22T08:19:43+10:00,2494571,2509_310,-33.89737319946289,151.19964599609375,345.0,0.0,-52,-0.87,True
2026-09-22T08:19:43+10:00,2494674,2509_310,-33.878997802734375,151.2148895263672,134.0,26.6,220,3.67,True
2026-09-22T08:19:43+10:00,2678068,2509_649e,-33.947879791259766,151.2513885498047,17.0,0.0,-67,-1.12,False
2026-09-22T08:19:43+10:00,2356610,2509_374X,-33.90578079223633,151.22958374023438,295.0,35.3,-310,-5.17,False
2026-09-22T08:19:43+10:00,2532972,2509_360,-33.9038200378418,151.2567596435547,239.0,2.9,367,6.12,False
2026-09-22T08:19:43+10:00,2622896,2509_333,-33.89110565185547,151.2456817626953,297.0,29.2,101,1.68,True
2026-09-22T08:19:43+10:00,2400440,2509_396,-33.883399963378906,151.2173614501953,351.0,36.4,463,7.72,False
2026-09-22T08:19:43+10:00,2563850,2509_379,-33.89118194580078,151.2530059814453,73.0,0.0,87,1.45,True
2026-09-22T08:19:43+10:00,2356492,2509_304,-33.876808166503906,151.20945739746094,3.0,24.8,-139,-2.32,False
2026-09-22T08:19:43+10:00,2533945,2509_355,-33.8916130065918,151.2135009765625,100.0,19.8,143,2.38,True
2026-09-22T08:19:43+10:00,2577564,2509_615e,-33.924285888671875,151.2292022705078,103.0,29.9,-61,-1.02,False
2026-09-22T08:19:43+10:00,2623263,2509_333,-33.89406967163086,151.2642059326172,279.0,0.0,-152,-2.53,False
2026-09-22T08:19:43+10:00,2494602,2509_343,-33.878936767578125,151.20921325683594,5.0,2.2,171,2.85,True
2026-09-22T08:19:43+10:00,2678054,2509_370,-33.9073486328125,151.2029266357422,187.0,0.0,0,0.0,True
2026-09-22T08:19:43+10:00,2139505,2509_375,-33.93107223510742,151.25584411621094,327.0,4.7,209,3.48,True
2026-09-22T08:19:43+10:00,2357782,2509_304,-33.87331008911133,151.2177276611328,187.0,73.4,0,0.0,True
2026-09-22T08:19:43+10:00,2552036,2509_379,-33.88848114013672,151.2661895751953,314.0,10.4,-73,-1.22,False
2026-09-22T08:19:43+10:00,2357223,2509_373X,-33.88733673095703,151.2198486328125,339.0,0.0,-261,-4.35,False
2026-09-22T08:19:43+10:00,2645899,2509_394X,-33.89781188964844,151.2219696044922,352.0,19.8,31,0.52,True
2026-09-22T08:19:43+10:00,2548739,2509_350,-33.94517135620117,151.2218017578125,203.0,0.0,178,2.97,True
2026-09-22T08:19:43+10:00,2357985,2509_339X,-33.875125885009766,151.20968627929688,185.0,0.0,91,1.52,True
2026-09-22T08:19:43+10:00,2138583,2509_375,-33.944862365722656,151.22630310058594,193.0,0.0,0,0.0,True
2026-09-22T08:19:43+10:00,2532010,2509_386,-33.886085510253906,151.26560974121094,193.0,34.6,-259,-4.32,False
2026-09-22T08:19:43+10:00,2396537,2509_392,-33.90398406982422,151.21449279785156,282.0,9.0,-114,-1.9,False
2026-09-22T08:19:43+10:00,2667429,2509_326,-33.88462829589844,151.2634735107422,324.0,20.2,239,3.98,True
2026-09-22T08:19:43+10:00,2352524,2509_307,-33.94440460205078,151.2266082763672,215.0,21.2,-265,-4.42,False
2026-09-22T08:19:43+10:00,2494599,2509_374,-33.91999053955078,151.2570037841797,6.0,0.0,81,1.35,True
2026-09-22T08:19:43+10:00,2357765,2509_339,-33.883338928222656,151.217529296875,171.0,5.0,7,0.12,True
2026-09-22T08:19:43+10:00,2356858,2509_339,-33.91266632080078,151.26260375976562,277.0,23.8,91,1.52,True
2026-09-22T08:19:43+10:00,2531144,2509_350,-33.94071578979492,151.22816467285156,21.0,16.6,-119,-1.98,False
2026-09-22T08:19:43+10:00,2551936,2509_379,-33.89109420776367,151.24838256835938,276.0,0.0,-121,-2.02,False
2026-09-22T08:19:43+10:00,2356907,2509_374X,-33.917667388916016,151.25460815429688,283.0,5.4,341,5.68,False
2026-09-22T08:19:43+10:00,2678056,2509_644e,-33.89164733886719,151.21348571777344,100.0,17.3,-549,-9.15,False
2026-09-22T08:19:43+10:00,2358144,2509_339X,-33.90977096557617,151.24986267089844,280.0,32.8,344,5.73,False
2026-09-22T08:19:43+10:00,2352297,2509_392,-33.893768310546875,151.19869995117188,19.0,0.0,0,0.0,True
2026-09-22T08:19:43+10:00,2357380,2509_339,-33.88694763183594,151.2195587158203,330.0,0.0,-142,-2.37,False
2026-09-22T08:19:43+10:00,2494622,2509_310,-33.918453216552734,151.19940185546875,30.0,35.6,-16,-0.27,True
2026-09-22T08:19:43+10:00,2675136,2509_309,-33.95704650878906,151.224853515625,48.0,28.1,168,2.8,True
2026-09-22T08:19:43+10:00,2534715,2509_350,-33.925010681152344,151.18731689453125,357.0,17.3,-61,-1.02,False
2026-09-22T08:19:43+10:00,2356870,2509_373X,-33.90855026245117,151.23435974121094,276.0,0.0,-186,-3.1,False
2026-09-22T08:19:43+10:00,2488445,2509_392,-33.89512252807617,151.1988067626953,201.0,37.8,0,0.0,True
2026-09-22T08:19:43+10:00,2679207,2509_370,-33.89635467529297,151.18048095703125,237.0,0.0,245,4.08,True
2026-09-22T08:19:43+10:00,2645906,2509_392X,-33.89460372924805,151.22154235839844,172.0,0.0,696,11.6,False
2026-09-22T08:19:43+10:00,2494706,2509_374,-33.89552688598633,151.221435546875,347.0,0.0,1380,23.0,False
2026-09-22T08:19:43+10:00,2357355,2509_373X,-33.918113708496094,151.2411346435547,267.0,0.0,61,1.02,True
2026-09-22T08:19:43+10:00,2679138,2509_370,-33.907108306884766,151.20298767089844,188.0,0.0,-75,-1.25,False
2026-09-22T08:19:43+10:00,2623129,2509_333,-33.89549255371094,151.27291870117188,69.0,40.3,100,1.67,True
2026-09-22T08:19:43+10:00,2494502,2509_374,-33.9029541015625,151.2244415283203,315.0,0.0,281,4.68,True
2026-09-22T08:19:43+10:00,2346371,2509_390X,-33.932228088378906,151.23690795898438,349.0,45.0,8,0.13,True
2026-09-22T08:19:43+10:00,2358101,2509_373,-33.877262115478516,151.2127685546875,136.0,23.8,208,3.47,True
2026-09-22T08:19:43+10:00,2138074,2509_603e,-33.858089447021484,151.2812957763672,218.0,37.1,-200,-3.33,False
2026-09-22T08:19:43+10:00,2687298,2509_377X,-33.887245178222656,151.21969604492188,338.0,0.0,-209,-3.48,False
2026-09-22T08:19:43+10:00,2400399,2509_396,-33.87480926513672,151.20980834960938,192.0,32.0,228,3.8,True
2026-09-22T08:19:43+10:00,2356289,2509_374X,-33.919837951660156,151.25698852539062,9.0,0.0,0,0.0,True
2026-09-22T08:19:43+10:00,2678032,2509_370,-33.89186477661133,151.20762634277344,188.0,0.0,0,0.0,True
2026-09-22T08:19:43+10:00,2622965,2509_333,-33.872406005859375,151.21002197265625,6.0,34.6,-87,-1.45,False
2026-09-22T08:19:43+10:00,2300957,2509_399,-33.91782760620117,151.225830078125,275.0,9.7,-142,-2.37,False
2026-09-22T08:19:43+10:00,2356452,2509_311,-33.88264083862305,151.20782470703125,124.0,0.0,83,1.38,True
2026-09-22T08:19:43+10:00,2531373,2509_380,-33.891231536865234,151.25341796875,318.0,0.0,-319,-5.32,False
2026-09-22T08:19:43+10:00,2675008,2509_309,-33.91188049316406,151.201904296875,196.0,0.0,164,2.73,True
2026-09-22T08:19:43+10:00,2533968,2509_380,-33.893043518066406,151.2576904296875,99.0,29.9,24,0.4,True
2026-09-22T08:19:43+10:00,2552014,2509_379,-33.885440826416016,151.27554321289062,93.0,0.0,0,0.0,True
2026-09-22T08:19:43+10:00,2358251,2509_339X,-33.908538818359375,151.2479248046875,295.0,0.0,-67,-1.12,False
2026-09-22T08:19:43+10:00,2687293,2509_377X,-33.914241790771484,151.2418670654297,190.0,37.1,0,0.0,True
2026-09-22T08:19:43+10:00,2645902,2509_394X,-33.93942642211914,151.2386016845703,349.0,29.5,357,5.95,False
2026-09-22T08:19:43+10:00,2400693,2509_396,-33.94511413574219,151.25851440429688,228.0,13.3,-242,-4.03,False
2026-09-22T08:19:43+10:00,2679146,2509_370,-33.871829986572266,151.18020629882812,230.0,16.9,412,6.87,False
2026-09-22T08:19:43+10:00,2533822,2509_313,-33.891334533691406,151.2482452392578,98.0,0.0,0,0.0,True
2026-09-22T08:19:43+10:00,2533964,2509_350,-33.90371322631836,151.25479125976562,30.0,18.4,-11,-0.18,True
2026-09-22T08:19:43+10:00,2494709,2509_343,-33.90071487426758,151.20591735839844,12.0,0.0,409,6.82,False
2026-09-22T08:19:43+10:00,2551983,2509_379,-33.89175796508789,151.24978637695312,358.0,25.2,-441,-7.35,False
2026-09-22T08:19:43+10:00,2356742,2509_374,-33.904300689697266,151.226318359375,124.0,0.0,312,5.2,False
2026-09-22T08:19:43+10:00,2400493,2509_392,-33.90385055541992,151.21343994140625,105.0,10.4,831,13.85,False
2026-09-22T08:19:43+10:00,2439541,2509_390X,-33.91650390625,151.23526000976562,280.0,0.0,346,5.77,False
2026-09-22T08:19:43+10:00,2533315,2509_352,-33.89059066772461,151.2130584716797,10.0,0.0,228,3.8,True
2026-09-22T08:19:43+10:00,2358122,2509_370,-33.91962814331055,151.24838256835938,280.0,0.0,107,1.78,True
2026-09-22T08:19:43+10:00,2400684,2509_396X,-33.91857147216797,151.22621154785156,352.0,45.0,-47,-0.78,True
2026-09-22T08:19:43+10:00,2687289,2509_377X,-33.9051399230957,151.22805786132812,297.0,36.4,-515,-8.58,False
2026-09-22T08:19:43+10:00,2335419,2509_309,-33.924373626708984,151.1957244873047,10.0,31.0,477,7.95,False
2026-09-22T08:19:43+10:00,2400676,2509_390X,-33.94111633300781,151.2394561767578,170.0,34.2,0,0.0,True
2026-09-22T08:19:43+10:00,2534363,2509_386,-33.85712814331055,151.28253173828125,297.0,14.4,0,0.0,True
2026-09-22T08:19:43+10:00,2622824,2509_333,-33.863582611083984,151.2118377685547,2.0,7.2,-151,-2.52,False
2026-09-22T08:19:43+10:00,2400591,2509_396X,-33.94296646118164,151.24806213378906,281.0,33.1,453,7.55,False
2026-09-22T08:19:43+10:00,2358155,2509_339X,-33.9002571105957,151.22276306152344,354.0,35.3,12,0.2,True
2026-09-22T08:19:43+10:00,2531470,2509_327,-33.88956069946289,151.2559814453125,237.0,0.0,-10,-0.17,True
2026-09-22T08:19:43+10:00,2439659,2509_390X,-33.94477844238281,151.24034118652344,174.0,22.3,169,2.82,True
2026-09-22T08:19:43+10:00,2352320,2509_356,-33.91524887084961,151.24044799804688,161.0,0.4,286,4.77,True
2026-09-22T08:19:43+10:00,2356917,2509_373X,-33.8659553527832,151.21107482910156,221.0,0.0,-74,-1.23,False
2026-09-22T08:19:43+10:00,2357581,2509_311,-33.86509704589844,151.20391845703125,295.0,29.5,-86,-1.43,False
2026-09-22T08:19:43+10:00,2138369,2509_390X,-33.89360046386719,151.24949645996094,358.0,24.5,-221,-3.68,False
2026-09-22T08:19:43+10:00,2488443,2509_392,-33.90395736694336,151.21409606933594,100.0,27.4,167,2.78,True
2026-09-22T08:19:43+10:00,2720167,2514_8049,-33.789268493652344,151.17623901367188,282.0,24.5,150,2.5,True
2026-09-22T08:19:43+10:00,2706714,2504_607X,-33.87189865112305,151.20529174804688,354.0,0.0,0,0.0,True
2026-09-22T08:19:43+10:00,2710796,2504_607X,-33.824073791503906,151.20944213867188,286.0,69.1,319,5.32,False
2026-09-22T08:19:43+10:00,2720380,2514_274,-33.827144622802734,151.214111328125,145.0,25.6,116,1.93,True
2026-09-22T08:19:43+10:00,2706006,2504_610X,-33.82904052734375,151.21469116210938,183.0,57.2,-417,-6.95,False
2026-09-22T08:19:43+10:00,2710172,2504_622,-33.81055450439453,151.16334533691406,102.0,0.0,459,7.65,False
2026-09-22T08:19:43+10:00,2711099,2504_607X,-33.86590576171875,151.2049560546875,175.0,0.0,-705,-11.75,False
2026-09-22T08:19:43+10:00,2704440,2504_610X,-33.805824279785156,151.15220642089844,121.0,32.0,-318,-5.3,False
2026-09-22T08:19:43+10:00,2720318,2514_194,-33.810428619384766,151.2086639404297,281.0,28.8,276,4.6,True
2026-09-22T08:19:43+10:00,2710183,2504_613X,-33.81083679199219,151.1631622314453,105.0,63.0,-35,-0.58,True
2026-09-22T08:19:43+10:00,2720217,2514_270,-33.788238525390625,151.20542907714844,307.0,44.6,23,0.38,True
2026-09-22T08:19:43+10:00,2719767,2514_270,-33.78813552856445,151.205322265625,109.0,48.6,-96,-1.6,False
2026-09-22T08:19:43+10:00,2708458,2504_610X,-33.8644905090332,151.20555114746094,175.0,29.9,-329,-5.48,False
2026-09-22T08:19:43+10:00,2704419,2504_612X,-33.80622482299805,151.1528778076172,125.0,35.6,-271,-4.52,False
2026-09-22T08:19:43+10:00,2719611,2514_277,-33.78864288330078,151.21759033203125,68.0,42.8,225,3.75,True
2026-09-22T08:19:43+10:00,2720710,2514_260,-33.82832336425781,151.20912170410156,190.0,0.0,575,9.58,False
2026-09-22T08:19:43+10:00,2707049,2504_616X,-33.86613845825195,151.20574951171875,174.0,0.0,-231,-3.85,False
2026-09-22T08:19:43+10:00,2719744,2514_270,-33.811283111572266,151.20433044433594,169.0,58.3,558,9.3,False
2026-09-22T08:19:43+10:00,2705682,2504_616X,-33.81278991699219,151.17025756835938,106.0,54.7,-367,-6.12,False
2026-09-22T08:19:43+10:00,2720394,2514_278,-33.79117965698242,151.1812286376953,360.0,30.6,115,1.92,True
2026-09-22T08:19:43+10:00,2709098,2504_612X,-33.838687896728516,151.20672607421875,150.0,27.0,0,0.0,True
2026-09-22T08:19:43+10:00,2719816,2514_270,-33.872718811035156,151.20579528808594,323.0,19.4,282,4.7,True
2026-09-22T08:19:43+10:00,2710959,2504_642X,-33.86907958984375,151.20462036132812,354.0,23.4,-247,-4.12,False
2026-09-22T08:19:43+10:00,2719591,2514_141,-33.79576110839844,151.25405883789062,71.0,1.8,708,11.8,False
2026-09-22T08:19:43+10:00,2708283,2504_616X,-33.801151275634766,151.14442443847656,128.0,39.2,105,1.75,True
2026-09-22T08:19:43+10:00,2706075,2504_620X,-33.859859466552734,151.20584106445312,27.0,43.2,0,0.0,True
2026-09-22T08:19:43+10:00,2721269,2514_194X,-33.85621643066406,151.2082977294922,208.0,60.8,54,0.9,True
2026-09-22T08:19:43+10:00,2706225,2504_612X,-33.82365417480469,151.1971893310547,130.0,27.4,-165,-2.75,False
2026-09-22T08:19:43+10:00,2720247,2514_194X,-33.781917572021484,151.19656372070312,160.0,31.0,696,11.6,False
2026-09-22T08:19:43+10:00,2710322,2504_616X,-33.812984466552734,151.17462158203125,78.0,33.1,197,3.28,True
2026-09-22T08:19:43+10:00,2719513,2514_279,-33.78471755981445,151.18832397460938,250.0,7.6,450,7.5,False
2026-09-22T08:19:43+10:00,2707000,2504_612X,-33.8156623840332,151.17843627929688,160.0,0.0,-183,-3.05,False
2026-09-22T08:19:43+10:00,2719795,2514_141,-33.795955657958984,151.2533416748047,254.0,0.0,209,3.48,True
2026-09-22T08:19:43+10:00,2720861,2514_271,-33.85707092285156,151.207763671875,208.0,63.7,285,4.75,True
2026-09-22T08:19:43+10:00,2710416,2504_610X,-33.870304107666016,151.20591735839844,181.0,5.4,0,0.0,True
2026-09-22T08:19:43+10:00,2721293,2514_270,-33.795101165771484,151.20855712890625,160.0,41.0,58,0.97,True
2026-09-22T08:19:43+10:00,2708667,2504_610X,-33.84814453125,151.21275329589844,360.0,44.3,165,2.75,True
2026-09-22T08:19:43+10:00,2719708,2514_194,-33.872169494628906,151.20565795898438,355.0,0.0,0,0.0,True
2026-09-22T08:19:43+10:00,2720639,2514_271,-33.84760665893555,151.21267700195312,352.0,33.1,0,0.0,True
2026-09-22T08:19:43+10:00,2720322,2514_270,-33.80257797241211,151.20602416992188,238.0,13.7,173,2.88,True
2026-09-22T08:19:43+10:00,2707770,2504_610X,-33.87166976928711,151.20640563964844,177.0,0.0,0,0.0,True
2026-09-22T08:19:43+10:00,2710612,2504_652X,-33.80528259277344,151.15106201171875,116.0,58.0,-263,-4.38,False
2026-09-22T08:19:43+10:00,2708092,2504_614X,-33.79959487915039,151.14157104492188,115.0,33.1,-110,-1.83,False
2026-09-22T08:19:43+10:00,2706661,2504_615X,-33.86537551879883,151.20565795898438,175.0,0.0,-764,-12.73,False
2026-09-22T08:19:43+10:00,2707547,2504_615X,-33.816043853759766,151.20089721679688,152.0,72.4,-642,-10.7,False
2026-09-22T08:19:43+10:00,2721144,2514_283,-33.79605484008789,151.1807861328125,199.0,0.0,0,0.0,True
2026-09-22T08:19:43+10:00,2707508,2504_607X,-33.8050537109375,151.15037536621094,117.0,55.8,-391,-6.52,False
2026-09-22T08:19:43+10:00,2705332,2504_620X,-33.79977035522461,151.1417999267578,117.0,35.3,-187,-3.12,False
2026-09-22T08:19:43+10:00,2530113,7084_SW2,-33.9149169921875,151.16525268554688,227.0,0.0,0,0.0,True
2026-09-22T08:19:43+10:00,2579032,7084_SW2,-33.92137145996094,151.16526794433594,250.0,54.7,0,0.0,True
2026-09-22T08:19:43+10:00,2530368_2,7084_SW2,-33.9057502746582,151.13621520996094,246.0,36.4,122,2.03,True
2026-09-22T08:19:43+10:00,2529985,7084_SW2,-33.91463851928711,151.16525268554688,46.0,0.0,-759,-12.65,False
2026-09-22T08:19:43+10:00,2579220,7084_SW2,-33.90241622924805,151.1542510986328,140.0,24.8,-571,-9.52,False
2026-09-22T08:19:43+10:00,2579161,7084_SW2,-33.90580368041992,151.13525390625,88.0,32.0,-390,-6.5,False
2026-09-22T08:19:43+10:00,2579073,7084_SW2,-33.911014556884766,151.1208038330078,51.0,45.7,-122,-2.03,False
2026-09-22T08:19:43+10:00,2579218,7084_SW2,-33.903072357177734,151.14280700683594,62.0,24.8,-409,-6.82,False
2026-09-22T08:19:43+10:00,2579091,7084_SW2,-33.90128707885742,151.1531524658203,103.0,4.3,-357,-5.95,False
2026-09-22T10:57:02+10:00,2285403,2459_418,-33.91533660888672,151.1656036376953,51.0,5.0,0,0.0,True
2026-09-22T10:57:02+10:00,2039017,2459_470,-33.88147735595703,151.1710205078125,112.0,0.0,69,1.15,True
2026-09-22T10:57:02+10:00,2553940,2459_358,-33.91562271118164,151.2406005859375,339.0,0.7,369,6.15,False
2026-09-22T10:57:02+10:00,2668097,2459_420,-33.87637710571289,151.1038360595703,187.0,39.6,19,0.32,True
2026-09-22T10:57:02+10:00,2284120,2459_423,-33.905517578125,151.1671600341797,77.0,8.6,-153,-2.55,False
2026-09-22T10:57:02+10:00,2289853,2459_461X,-33.87291717529297,151.1257781982422,308.0,0.0,93,1.55,True
2026-09-22T10:57:02+10:00,2290713,2459_438X,-33.884212493896484,151.1572265625,173.0,0.0,404,6.73,False
2026-09-22T10:57:02+10:00,2415681,2508_B1,-33.83628463745117,151.21080017089844,8.0,61.9,-66,-1.1,False
2026-09-22T10:57:02+10:00,1963812,2459_412,-33.8844108581543,151.1973419189453,269.0,23.4,235,3.92,True
2026-09-22T10:57:02+10:00,2685995,2459_423,-33.87812805175781,151.2093048095703,185.0,0.0,340,5.67,False
2026-09-22T10:57:02+10:00,2037361,2459_469,-33.885711669921875,151.1494598388672,82.0,0.0,19,0.32,True
2026-09-22T10:57:02+10:00,2208394,2459_440,-33.86906051635742,151.1631622314453,44.0,46.8,14,0.23,True
2026-09-22T10:57:02+10:00,2514764,2459_410,-33.87910461425781,151.103271484375,8.0,0.0,-60,-1.0,True
2026-09-22T10:57:02+10:00,2309824,7083_SW3,-33.906497955322266,151.12686157226562,37.0,33.5,-116,-1.93,False
2026-09-22T10:57:02+10:00,2621529,2507_288,-33.865177154541016,151.20449829101562,263.0,0.0,389,6.48,False
2026-09-22T10:57:02+10:00,2283586,2459_433,-33.88435745239258,151.19253540039062,308.0,16.9,-2,-0.03,True
2026-09-22T10:57:02+10:00,1940343,2459_412,-33.866302490234375,151.2104949951172,103.0,0.0,235,3.92,True
2026-09-22T10:57:02+10:00,2287540,2459_428,-33.883636474609375,151.12063598632812,209.0,0.0,0,0.0,True
2026-09-22T10:57:02+10:00,2288865,2459_441,-33.87298583984375,151.2071990966797,99.0,18.7,56,0.93,True
2026-09-22T10:57:02+10:00,2668056,2459_420,-33.933712005615234,151.17991638183594,281.0,6.8,-409,-6.82,False
2026-09-22T10:57:02+10:00,2284942,2459_406,-33.886634826660156,151.12445068359375,30.0,34.6,248,4.13,True
2026-09-22T10:57:02+10:00,2290631,2459_433,-33.87711715698242,151.15969848632812,75.0,0.0,0,0.0,True
2026-09-22T10:57:02+10:00,2208986,2459_464,-33.88822555541992,151.12416076660156,120.0,20.5,-312,-5.2,False
2026-09-22T10:57:02+10:00,2596185,2459_491,-33.91268539428711,151.11810302734375,48.0,19.4,175,2.92,True
2026-09-22T10:57:02+10:00,2287173,2459_422,-33.88001251220703,151.20849609375,183.0,0.0,0,0.0,True
2026-09-22T10:57:02+10:00,2714614,2508_144,-33.79440689086914,151.17886352539062,33.0,51.8,342,5.7,False
2026-09-22T10:57:02+10:00,2378434,2508_144,-33.79709243774414,151.25099182128906,65.0,32.0,525,8.75,False
2026-09-22T10:57:02+10:00,1932427,2459_412,-33.87885284423828,151.2072296142578,14.0,0.4,-301,-5.02,False
2026-09-22T10:57:02+10:00,2209620,2459_464,-33.844058990478516,151.10829162597656,10.0,0.0,57,0.95,True
2026-09-22T10:57:02+10:00,2285307,2459_418,-33.906368255615234,151.12728881835938,312.0,0.0,-112,-1.87,False
2026-09-22T10:57:02+10:00,2322371,2507_506,-33.8252067565918,151.13844299316406,30.0,39.2,-129,-2.15,False
2026-09-22T10:57:02+10:00,2428354,2508_238,-33.845855712890625,151.23992919921875,276.0,0.0,0,0.0,True
2026-09-22T10:57:02+10:00,2441814,2507_207,-33.84093475341797,151.20712280273438,278.0,0.0,-39,-0.65,True
2026-09-22T10:57:02+10:00,2474859,2459_389,-33.88794708251953,151.239990234375,132.0,18.4,-7,-0.12,True
2026-09-22T10:57:02+10:00,2289731,2459_438X,-33.873138427734375,151.20993041992188,184.0,21.6,-50,-0.83,True
2026-09-22T10:57:02+10:00,2329250,7083_SW3,-33.914432525634766,151.16543579101562,0.0,0.4,3365,56.08,False
2026-09-22T10:57:02+10:00,2644398,2507_52,-33.82307815551758,151.1226043701172,128.0,45.7,250,4.17,True
2026-09-22T10:57:02+10:00,2289827,2459_348,-33.920902252197266,151.2369384765625,96.0,0.0,6,0.1,True
2026-09-22T10:57:02+10:00,2643159,2507_52,-33.872798919677734,151.2051544189453,85.0,22.0,-174,-2.9,False
2026-09-22T10:57:02+10:00,2421224,2508_230,-33.832210540771484,151.23748779296875,50.0,2.5,-48,-0.8,True
2026-09-22T10:57:02+10:00,2208325,2459_464,-33.869686126708984,151.1053009033203,189.0,0.0,23,0.38,True
2026-09-22T10:57:02+10:00,2284253,2459_433,-33.8839225769043,151.20249938964844,73.0,34.2,92,1.53,True
2026-09-22T10:57:02+10:00,2580272,2508_100,-33.87020492553711,151.20619201660156,174.0,0.0,-188,-3.13,False
2026-09-22T10:57:02+10:00,2421355,2508_225,-33.83211135864258,151.22225952148438,194.0,26.6,19,0.32,True
2026-09-22T10:57:02+10:00,2209314,2459_413,-33.8951530456543,151.13487243652344,273.0,19.8,307,5.12,False
2026-09-22T10:57:02+10:00,2284698,2459_426,-33.906532287597656,151.1647491455078,35.0,46.8,225,3.75,True
2026-09-22T10:57:02+10:00,2580202,2508_100,-33.82506561279297,151.2420654296875,299.0,28.4,86,1.43,True
2026-09-22T10:57:02+10:00,2288220,2459_438X,-33.88441467285156,151.1968231201172,268.0,18.0,-78,-1.3,False
2026-09-22T10:57:02+10:00,1963811,2459_412,-33.911922454833984,151.14219665527344,47.0,24.8,-117,-1.95,False
2026-09-22T10:57:02+10:00,2668099,2459_420,-33.932899475097656,151.17987060546875,101.0,0.0,-74,-1.23,False
2026-09-22T10:57:02+10:00,2377925,2508_144,-33.79671859741211,151.18038940429688,179.0,0.0,0,0.0,True
2026-09-22T10:57:02+10:00,2286973,2459_428,-33.894004821777344,151.182861328125,42.0,5.0,-130,-2.17,False
2026-09-22T10:57:02+10:00,2685991,2459_423,-33.923831939697266,151.14060974121094,280.0,45.0,-235,-3.92,False
2026-09-22T10:57:02+10:00,2682665,7083_SW1,-33.90666580200195,151.1277618408203,310.0,25.6,133,2.22,True
2026-09-22T10:57:02+10:00,2287248,2459_437,-33.871910095214844,151.1432342529297,139.0,40.0,-10,-0.17,True
2026-09-22T10:57:02+10:00,2514688,2459_410,-33.86482620239258,151.10667419433594,209.0,28.1,54,0.9,True
2026-09-22T10:57:02+10:00,2514688_2,2459_410,-33.86886215209961,151.10789489746094,210.0,25.2,,,
2026-09-22T10:57:02+10:00,2474927,2459_389,-33.87299346923828,151.20721435546875,99.0,27.7,-69,-1.15,False
2026-09-22T10:57:02+10:00,2580251,2508_100,-33.82429122924805,151.23658752441406,91.0,30.6,414,6.9,False
2026-09-22T10:57:02+10:00,2514751,2459_410,-33.85883331298828,151.10362243652344,353.0,43.9,6,0.1,True
2026-09-22T10:57:02+10:00,2287176,2459_389,-33.8816032409668,151.22486877441406,15.0,0.0,234,3.9,True
2026-09-22T10:57:02+10:00,2428390,2508_238,-33.83603286743164,151.2464599609375,176.0,38.9,167,2.78,True
2026-09-22T10:57:02+10:00,2635992,2459_504,-33.853763580322266,151.15695190429688,322.0,27.4,-192,-3.2,False
2026-09-22T10:57:02+10:00,2284144,2459_428,-33.86852264404297,151.21051025390625,4.0,15.8,174,2.9,True
2026-09-22T10:57:02+10:00,2289225,2459_348,-33.91142272949219,151.1975860595703,128.0,16.2,33,0.55,True
2026-09-22T10:57:02+10:00,2645065,2507_52,-33.873085021972656,151.20785522460938,279.0,23.8,0,0.0,True
2026-09-22T10:57:02+10:00,2421470,2508_230,-33.83009338378906,151.21762084960938,266.0,35.3,26,0.43,True
2026-09-22T10:57:02+10:00,2285928,2459_438X,-33.879981994628906,151.13844299316406,327.0,32.8,483,8.05,False
2026-09-22T10:57:02+10:00,2644829,2507_501,-33.88032150268555,151.20681762695312,13.0,17.6,0,0.0,True
2026-09-22T10:57:02+10:00,2037360,2459_469,-33.879825592041016,151.16641235351562,286.0,44.6,70,1.17,True
2026-09-22T10:57:02+10:00,2036754,2459_440,-33.891090393066406,151.24501037597656,110.0,30.2,119,1.98,True
2026-09-22T10:57:02+10:00,2146986,2508_161,-33.815120697021484,151.29295349121094,202.0,37.1,281,4.68,True
2026-09-22T10:57:02+10:00,2230117,2507_288,-33.866336822509766,151.2050018310547,354.0,30.6,107,1.78,True
2026-09-22T10:57:02+10:00,2634577,2507_254,-33.81726837158203,151.1804656982422,103.0,31.7,-142,-2.37,False
2026-09-22T10:57:02+10:00,2039016,2459_470,-33.88188171386719,151.20555114746094,44.0,7.6,-293,-4.88,False
2026-09-22T10:57:02+10:00,2288349,2459_433,-33.87052536010742,151.17410278320312,234.0,49.7,-92,-1.53,False
2026-09-22T10:57:02+10:00,2209676,2459_440,-33.881282806396484,151.20513916015625,305.0,4.7,,,
2026-09-22T10:57:02+10:00,1959661,2459_445,-33.88412857055664,151.1516571044922,85.0,20.2,84,1.4,True
2026-09-22T10:57:02+10:00,2287564,2459_433,-33.87604904174805,151.17535400390625,322.0,35.3,1,0.02,True
2026-09-22T10:57:02+10:00,2376829,2508_111,-33.83570861816406,151.23779296875,47.0,34.9,45,0.75,True
2026-09-22T10:57:02+10:00,2288376,2459_423,-33.884246826171875,151.1954803466797,84.0,22.0,-288,-4.8,False
2026-09-22T10:57:02+10:00,2378309,2508_144,-33.81739807128906,151.18093872070312,102.0,0.0,158,2.63,True
2026-09-22T10:57:02+10:00,2596453,2459_492,-33.869720458984375,151.12940979003906,18.0,15.5,123,2.05,True
2026-09-22T10:57:02+10:00,2290174,2459_442,-33.8568115234375,151.17784118652344,190.0,0.0,28,0.47,True
2026-09-22T10:57:02+10:00,2287047,2459_418,-33.88650131225586,151.11012268066406,263.0,3.6,302,5.03,False
2026-09-22T10:57:02+10:00,2643218,2507_120,-33.803409576416016,151.19851684570312,107.0,21.6,83,1.38,True
2026-09-22T10:57:02+10:00,2608997,2459_430,-33.91557312011719,151.16542053222656,10.0,0.0,0,0.0,True
2026-09-22T10:57:02+10:00,2290465,2459_422,-33.89311218261719,151.18341064453125,160.0,24.5,-82,-1.37,False
2026-09-22T10:57:02+10:00,2609058,2459_430,-33.915409088134766,151.16555786132812,54.0,0.0,341,5.68,False
2026-09-22T10:57:02+10:00,2378189,2508_144,-33.797142028808594,151.25096130371094,67.0,32.8,-65,-1.08,False
2026-09-22T10:57:02+10:00,2036756,2459_440,-33.885047912597656,151.1846160888672,79.0,30.2,238,3.97,True
2026-09-22T10:57:02+10:00,2208324,2459_464,-33.85576248168945,151.10325622558594,159.0,0.0,83,1.38,True
2026-09-22T10:57:02+10:00,2538241,2507_506,-33.8652229309082,151.1720733642578,132.0,4.7,120,2.0,True
2026-09-22T10:57:02+10:00,2580271,2508_100,-33.85576248168945,151.2089385986328,27.0,62.6,145,2.42,True
2026-09-22T10:57:02+10:00,2283059,2459_461X,-33.88195037841797,151.20654296875,301.0,33.8,-41,-0.68,True
2026-09-22T10:57:02+10:00,2287141,2459_461X,-33.86928176879883,151.10922241210938,98.0,0.0,63,1.05,True
2026-09-22T10:57:02+10:00,2208788,2459_464,-33.87440490722656,151.10421752929688,10.0,0.0,126,2.1,True
2026-09-22T10:57:02+10:00,2286708,2459_426,-33.86553955078125,151.21038818359375,216.0,0.0,0,0.0,True
2026-09-22T10:57:02+10:00,2672279,2507_267,-33.798362731933594,151.1907196044922,277.0,40.0,-189,-3.15,False
2026-09-22T10:57:02+10:00,2286232,2459_428,-33.89747619628906,151.15371704101562,165.0,33.8,-17,-0.28,True
2026-09-22T10:57:02+10:00,2288627,2459_437,-33.873756408691406,151.14295959472656,8.0,0.0,-246,-4.1,False
2026-09-22T10:57:02+10:00,2407195,2507_252,-33.82677459716797,151.19992065429688,141.0,41.4,125,2.08,True
2026-09-22T10:57:02+10:00,2285958,2459_423,-33.88034439086914,151.2068328857422,13.0,14.4,122,2.03,True
2026-09-22T10:57:02+10:00,2288161,2459_438X,-33.84489440917969,151.12850952148438,3.0,0.0,22,0.37,True
2026-09-22T10:57:02+10:00,2415655,2508_B1,-33.865081787109375,151.2061004638672,271.0,14.8,619,10.32,False
2026-09-22T10:57:02+10:00,2608961,2459_430,-33.911460876464844,151.1607666015625,214.0,25.9,28,0.47,True
2026-09-22T10:57:02+10:00,2621525,2507_252,-33.827178955078125,151.20008850097656,321.0,0.0,8,0.13,True
2026-09-22T10:57:02+10:00,2209108,2459_530,-33.85960388183594,151.14227294921875,47.0,30.2,-123,-2.05,False
2026-09-22T10:57:02+10:00,2643061,2507_501,-33.83375549316406,151.1271514892578,338.0,0.0,-224,-3.73,False
2026-09-22T10:57:02+10:00,2286237,2459_470,-33.86867904663086,151.2104949951172,6.0,23.8,0,0.0,True
2026-09-22T10:57:02+10:00,2558998,7083_SW1,-33.91403579711914,151.16439819335938,38.0,24.1,137,2.28,True
2026-09-22T10:57:02+10:00,2285534,2459_442,-33.8712272644043,151.20632934570312,170.0,14.0,365,6.08,False
2026-09-22T10:57:02+10:00,2288764,2459_433,-33.857688903808594,151.1817169189453,104.0,22.3,412,6.87,False
2026-09-22T10:57:02+10:00,2668074,2459_420,-33.874942779541016,151.10455322265625,96.0,4.3,73,1.22,True
2026-09-22T10:57:02+10:00,2475225,2459_389,-33.88232421875,151.22557067871094,105.0,20.2,-74,-1.23,False
2026-09-22T10:57:02+10:00,2644779,2507_120,-33.79627227783203,151.18084716796875,189.0,0.0,0,0.0,True
2026-09-22T10:57:02+10:00,2660143,2459_320,-33.896156311035156,151.2080841064453,281.0,29.2,-355,-5.92,False
2026-09-22T10:57:02+10:00,2596468,2459_490,-33.87503433227539,151.10406494140625,191.0,30.6,-92,-1.53,False
2026-09-22T10:57:02+10:00,2668047,2459_420,-33.88308334350586,151.10252380371094,4.0,13.3,-228,-3.8,False
2026-09-22T10:57:02+10:00,2374910,2508_173X,-33.866519927978516,151.20631408691406,5.0,0.0,0,0.0,True
2026-09-22T10:57:02+10:00,2558908,7083_SW1,-33.909706115722656,151.1318817138672,132.0,29.2,10,0.17,True
2026-09-22T10:57:02+10:00,2642945,2507_52,-33.87506103515625,151.1973876953125,252.0,60.5,231,3.85,True
2026-09-22T10:57:02+10:00,2319414,7083_SW3,-33.91436767578125,151.16603088378906,0.0,0.0,-209,-3.48,False
2026-09-22T10:57:02+10:00,2288380,2459_433,-33.880950927734375,151.20655822753906,216.0,0.0,0,0.0,True
2026-09-22T10:57:02+10:00,2681940,2507_267,-33.80278778076172,151.20594787597656,8.0,25.6,418,6.97,False
2026-09-22T10:57:02+10:00,2596302,2459_491,-33.907466888427734,151.11866760253906,174.0,34.6,170,2.83,True
2026-09-22T10:57:02+10:00,2589929,2508_280,-33.794395446777344,151.182373046875,158.0,0.0,-497,-8.28,False
2026-09-22T10:57:02+10:00,2089333,2508_160X,-33.7826042175293,151.19482421875,51.0,54.4,104,1.73,True
2026-09-22T10:57:02+10:00,2407883,2507_252,-33.83376693725586,151.1448211669922,98.0,0.0,-152,-2.53,False
2026-09-22T10:57:02+10:00,2286310,2459_389,-33.89132308959961,151.2481231689453,100.0,0.0,0,0.0,True
2026-09-22T10:57:02+10:00,2621045,2507_256,-33.79414367675781,151.16017150878906,35.0,7.6,-51,-0.85,True
2026-09-22T10:57:02+10:00,2636037,2459_504,-33.85483932495117,151.13633728027344,100.0,36.0,6,0.1,True
2026-09-22T10:57:02+10:00,2428350,2508_238,-33.84226989746094,151.24375915527344,175.0,11.2,0,0.0,True
2026-09-22T10:57:02+10:00,1973450,2508_162,-33.80309295654297,151.25689697265625,9.0,39.6,-157,-2.62,False
2026-09-22T10:57:02+10:00,2714613,2508_144,-33.83101272583008,151.2248077392578,246.0,42.8,310,5.17,False
2026-09-22T10:57:02+10:00,2644483,2507_207,-33.86387252807617,151.21029663085938,5.0,0.0,1,0.02,True
2026-09-22T10:57:02+10:00,2714729,2508_144,-33.823421478271484,151.19407653808594,257.0,3.2,207,3.45,True
2026-09-22T10:57:02+10:00,2288613,2459_437,-33.872840881347656,151.2047576904297,258.0,32.4,-145,-2.42,False
2026-09-22T10:57:02+10:00,2349568,2459_418,-33.90444564819336,151.13934326171875,65.0,28.4,-76,-1.27,False
2026-09-22T10:57:02+10:00,2340783,2459_308,-33.88041687011719,151.20887756347656,335.0,11.5,-9,-0.15,True
2026-09-22T10:57:02+10:00,2285878,2459_461X,-33.87403106689453,151.20982360839844,8.0,37.1,-269,-4.48,False
2026-09-22T10:57:02+10:00,2290015,2459_438X,-33.866214752197266,151.13018798828125,186.0,11.9,8,0.13,True
2026-09-22T10:57:02+10:00,2580172,2508_100,-33.8419189453125,151.2435760498047,353.0,0.0,0,0.0,True
2026-09-22T10:57:02+10:00,2329192,7083_SW3,-33.91402816772461,151.16648864746094,239.0,14.8,821,13.68,False
2026-09-22T10:57:02+10:00,2349570,2459_418,-33.88819885253906,151.10386657714844,60.0,38.9,-11,-0.18,True
2026-09-22T10:57:02+10:00,2672426,2507_115,-33.82625198364258,151.20094299316406,181.0,26.6,-117,-1.95,False
2026-09-22T10:57:02+10:00,2685979,2459_423,-33.86460494995117,151.2102813720703,225.0,0.7,115,1.92,True
2026-09-22T10:57:02+10:00,2378240,2508_B1,-33.82412338256836,151.24166870117188,232.0,0.0,69,1.15,True
2026-09-22T10:57:02+10:00,2643097,2507_52,-33.84751510620117,151.15200805664062,333.0,15.8,112,1.87,True
2026-09-22T10:57:02+10:00,2378041,2508_144,-33.8283805847168,151.2057647705078,101.0,29.2,174,2.9,True
2026-09-22T10:57:02+10:00,2289823,2459_389,-33.868709564208984,151.19752502441406,92.0,10.4,-165,-2.75,False
2026-09-22T10:57:02+10:00,2284086,2459_348,-33.92119216918945,151.23867797851562,199.0,8.6,49,0.82,True
2026-09-22T10:57:02+10:00,2287798,2459_428,-33.88405990600586,151.20120239257812,84.0,0.0,159,2.65,True
2026-09-22T10:57:02+10:00,2322302,2507_506,-33.870906829833984,151.21420288085938,309.0,0.0,0,0.0,True
2026-09-22T10:57:02+10:00,2424398,2508_230,-33.83148956298828,151.20860290527344,10.0,42.1,227,3.78,True
2026-09-22T10:57:02+10:00,1940342,2459_412,-33.89332962036133,151.16488647460938,240.0,40.7,181,3.02,True
2026-09-22T10:57:02+10:00,2635881,2459_504,-33.87423324584961,151.20053100585938,74.0,54.0,-50,-0.83,True
2026-09-22T10:57:02+10:00,2375964,2508_173X,-33.823394775390625,151.2426300048828,50.0,0.0,198,3.3,True
2026-09-22T10:57:02+10:00,2554328,2459_358,-33.921058654785156,151.19332885742188,280.0,33.1,306,5.1,False
2026-09-22T10:57:02+10:00,2284302,2459_441,-33.85022735595703,151.18319702148438,47.0,0.0,0,0.0,True
2026-09-22T10:57:02+10:00,2209713,2459_413,-33.881263732910156,151.2062225341797,228.0,1.8,55,0.92,True
2026-09-22T10:57:02+10:00,2308831,2459_445,-33.88416290283203,151.15707397460938,353.0,0.0,-156,-2.6,False
2026-09-22T10:57:02+10:00,2644361,2507_501,-33.83656692504883,151.12945556640625,115.0,53.3,71,1.18,True
2026-09-22T10:57:02+10:00,2283882,2459_348,-33.914306640625,151.17752075195312,229.0,30.2,-491,-8.18,False
2026-09-22T10:57:02+10:00,2208662,2459_440,-33.88606643676758,151.1802978515625,251.0,20.9,-64,-1.07,False
2026-09-22T10:57:02+10:00,2284389,2459_389,-33.87114715576172,151.20553588867188,355.0,0.0,-101,-1.68,False
2026-09-22T10:57:02+10:00,2209247,2459_440,-33.89032745361328,151.24246215820312,291.0,15.1,27,0.45,True
2026-09-22T10:57:02+10:00,2682059,2507_202,-33.808380126953125,151.20468139648438,11.0,58.3,-89,-1.48,False
2026-09-22T10:57:02+10:00,2714667,2508_114,-33.82722854614258,151.24398803710938,356.0,38.5,288,4.8,True
2026-09-22T10:57:02+10:00,2392827,2508_114,-33.82938003540039,151.212158203125,100.0,30.2,362,6.03,False
2026-09-22T10:57:02+10:00,2580265,2508_100,-33.83013153076172,151.2172088623047,270.0,32.8,-67,-1.12,False
2026-09-22T10:57:02+10:00,2644042,2507_120,-33.83359909057617,151.21229553222656,200.0,57.6,208,3.47,True
2026-09-22T10:57:02+10:00,2039015,2459_470,-33.881385803222656,151.20614624023438,44.0,36.7,295,4.92,True
2026-09-22T10:57:02+10:00,2454799,2508_225,-33.84172439575195,151.22706604003906,161.0,47.5,61,1.02,True
2026-09-22T10:57:02+10:00,2285051,2459_438X,-33.8724365234375,151.20999145507812,1.0,29.5,-556,-9.27,False
2026-09-22T10:57:02+10:00,2475014,2459_389,-33.87226867675781,151.1983642578125,189.0,14.8,0,0.0,True
2026-09-22T10:57:02+10:00,2415662,2508_B1,-33.86602783203125,151.20635986328125,5.0,0.0,0,0.0,True
2026-09-22T10:57:02+10:00,2618599,2459_422,-33.913291931152344,151.17872619628906,217.0,2.5,124,2.07,True
2026-09-22T10:57:02+10:00,2618147,2508_263,-33.831634521484375,151.22286987304688,269.0,28.1,235,3.92,True
2026-09-22T10:57:02+10:00,2682790,7083_SW1,-33.918701171875,151.14614868164062,235.0,33.1,23,0.38,True
2026-09-22T10:57:02+10:00,2596223,2459_490,-33.850364685058594,151.1550750732422,76.0,0.0,0,0.0,True
2026-09-22T10:57:02+10:00,2553993,2459_358,-33.923126220703125,151.2086944580078,99.0,0.0,-70,-1.17,False
2026-09-22T10:57:02+10:00,2645053,2507_501,-33.86967849731445,151.1938018798828,263.0,8.6,17,0.28,True
2026-09-22T10:57:02+10:00,2286659,2459_426,-33.90308380126953,151.14207458496094,326.0,0.0,0,0.0,True
2026-09-22T10:57:02+10:00,2287009,2459_348,-33.91527557373047,151.2283935546875,101.0,19.4,690,11.5,False
2026-09-22T10:57:02+10:00,2290454,2459_423,-33.91864776611328,151.1460723876953,53.0,0.0,-114,-1.9,False
2026-09-22T10:57:02+10:00,2283656,2459_431,-33.875797271728516,151.2095947265625,5.0,31.0,-64,-1.07,False
2026-09-22T10:57:02+10:00,2672340,2507_115,-33.796024322509766,151.18373107910156,258.0,0.0,-334,-5.57,False
2026-09-22T10:57:02+10:00,2714707,2508_144,-33.79458999633789,151.25827026367188,249.0,0.0,24,0.4,True
2026-09-22T10:57:02+10:00,2642838,2507_120,-33.812294006347656,151.19935607910156,359.0,48.6,8,0.13,True
2026-09-22T10:57:02+10:00,2226069,2507_288,-33.866050720214844,151.2033233642578,175.0,0.0,0,0.0,True
2026-09-22T10:57:02+10:00,2668116,2459_420,-33.92448425292969,151.18836975097656,275.0,0.0,0,0.0,True
2026-09-22T10:57:02+10:00,2672385,2507_115,-33.841094970703125,151.20875549316406,180.0,23.8,409,6.82,False
2026-09-22T10:57:02+10:00,2285773,2459_422,-33.88485336303711,151.18519592285156,78.0,0.0,7,0.12,True
2026-09-22T10:57:02+10:00,1961374,2459_412,-33.923152923583984,151.1302490234375,31.0,35.3,-2,-0.03,True
2026-09-22T10:57:02+10:00,2290942,2459_426,-33.89875411987305,151.1749267578125,263.0,0.0,-82,-1.37,False
2026-09-22T10:57:02+10:00,1963814,2459_412,-33.84982681274414,151.13827514648438,233.0,45.7,0,0.0,True
2026-09-22T10:57:02+10:00,2415656,2508_B1,-33.80861282348633,151.24635314941406,33.0,37.8,89,1.48,True
2026-09-22T10:57:02+10:00,2620006,2459_530,-33.87323760986328,151.10446166992188,189.0,0.0,-275,-4.58,False
2026-09-22T10:57:02+10:00,2685937,2459_423,-33.90790557861328,151.16368103027344,214.0,27.0,-125,-2.08,False
2026-09-22T10:57:02+10:00,1912298,2459_483,-33.8858757019043,151.18067932128906,76.0,45.7,-184,-3.07,False
2026-09-22T10:57:02+10:00,2285364,2459_442,-33.85701370239258,151.1951141357422,76.0,27.4,-136,-2.27,False
2026-09-22T10:57:02+10:00,2609067,2459_430,-33.88907241821289,151.19061279296875,50.0,0.0,-87,-1.45,False
2026-09-22T10:57:02+10:00,2288240,2459_470,-33.865291595458984,151.20947265625,225.0,0.0,0,0.0,True
2026-09-22T10:57:02+10:00,2349579,2459_418,-33.91902542114258,151.16909790039062,147.0,17.3,186,3.1,True
2026-09-22T10:57:02+10:00,2208144,2459_530,-33.80657958984375,151.1796875,356.0,15.8,-49,-0.82,True
2026-09-22T10:57:02+10:00,2644886,2507_202,-33.82575225830078,151.20968627929688,190.0,37.1,112,1.87,True
2026-09-22T10:57:02+10:00,2596394,2459_490,-33.882137298583984,151.106689453125,279.0,0.0,252,4.2,True
2026-09-22T10:57:02+10:00,2036755,2459_440,-33.878929138183594,151.2102813720703,48.0,0.0,199,3.32,True
2026-09-22T10:57:02+10:00,2290445,2459_461X,-33.87139892578125,151.216552734375,41.0,0.0,102,1.7,True
2026-09-22T10:57:02+10:00,2685935,2459_423,-33.86506652832031,151.2108154296875,222.0,0.0,0,0.0,True
2026-09-22T10:57:02+10:00,2329215,7083_SW3,-33.91488265991211,151.16522216796875,0.0,0.0,2925,48.75,False
2026-09-22T10:57:02+10:00,2283556,2459_442,-33.870941162109375,151.20518493652344,82.0,10.8,-182,-3.03,False
2026-09-22T10:57:02+10:00,2287976,2459_470,-33.88472366333008,151.1780242919922,238.0,43.2,112,1.87,True
2026-09-22T10:57:02+10:00,2554332,2459_358,-33.92534255981445,151.22581481933594,255.0,42.1,233,3.88,True
2026-09-22T10:57:02+10:00,2634536,2507_261,-33.83137512207031,151.1668701171875,33.0,0.0,-50,-0.83,True
2026-09-22T10:57:02+10:00,2609048,2459_430,-33.89212417602539,151.18771362304688,225.0,33.1,-364,-6.07,False
2026-09-22T10:57:02+10:00,2289252,2459_470,-33.88009262084961,151.20838928222656,189.0,0.0,-128,-2.13,False
2026-09-22T10:57:02+10:00,2550354,2508_263,-33.8305778503418,151.22543334960938,65.0,32.8,179,2.98,True
2026-09-22T10:57:02+10:00,2286411,2459_426,-33.87327194213867,151.20993041992188,180.0,25.2,213,3.55,True
2026-09-22T10:57:02+10:00,1961373,2459_412,-33.890987396240234,151.17906188964844,67.0,0.4,-37,-0.62,True
2026-09-22T10:57:02+10:00,2285042,2459_431,-33.8688850402832,151.21046447753906,187.0,20.9,17,0.28,True
2026-09-22T10:57:02+10:00,2714697,2508_144,-33.79875564575195,151.17868041992188,340.0,21.6,-193,-3.22,False
2026-09-22T10:57:02+10:00,2660221,2459_320,-33.8856201171875,151.20814514160156,181.0,0.0,112,1.87,True
2026-09-22T10:57:02+10:00,2643580,2507_52,-33.820648193359375,151.11907958984375,313.0,44.6,148,2.47,True
2026-09-22T10:57:02+10:00,2636153,2459_504,-33.848228454589844,151.14088439941406,54.0,27.7,-4,-0.07,True
2026-09-22T10:57:02+10:00,2285127,2459_461X,-33.88846969604492,151.15643310546875,257.0,35.3,-123,-2.05,False
2026-09-22T10:57:02+10:00,2284119,2459_437,-33.869197845458984,151.13002014160156,254.0,0.0,0,0.0,True
2026-09-22T10:57:02+10:00,1959660,2459_445,-33.897552490234375,151.1472625732422,220.0,12.6,243,4.05,True
2026-09-22T10:57:02+10:00,2285114,2459_423,-33.903419494628906,151.1687469482422,25.0,0.0,358,5.97,False
2026-09-22T10:57:02+10:00,2289891,2459_433,-33.85600662231445,151.1761932373047,100.0,22.3,-48,-0.8,True
2026-09-22T10:57:02+10:00,2619974,2459_530,-33.81317138671875,151.17005920410156,299.0,19.4,184,3.07,True
2026-09-22T10:57:02+10:00,2642829,2507_120,-33.79585266113281,151.18209838867188,71.0,37.8,116,1.93,True
2026-09-22T10:57:02+10:00,2283410,2459_433,-33.85807418823242,151.18307495117188,294.0,11.5,0,0.0,True
2026-09-22T10:57:02+10:00,2289648,2459_428,-33.89817428588867,151.17758178710938,246.0,2.9,-230,-3.83,False
2026-09-22T10:57:02+10:00,1959662,2459_445,-33.871482849121094,151.15980529785156,255.0,0.0,-179,-2.98,False
2026-09-22T10:57:02+10:00,2208966,2459_440,-33.88312911987305,151.1569061279297,354.0,28.1,-112,-1.87,False
2026-09-22T10:57:02+10:00,2329338,7083_SW3,-33.90380096435547,151.1411895751953,244.0,41.4,7,0.12,True
2026-09-22T10:57:02+10:00,2621450,2507_252,-33.828460693359375,151.12957763671875,224.0,12.6,-77,-1.28,False
2026-09-22T10:57:02+10:00,2378731,2508_B1,-33.80110549926758,151.24642944335938,202.0,54.4,60,1.0,True
2026-09-22T10:57:02+10:00,2621480,2507_288,-33.81196594238281,151.1786346435547,89.0,68.0,-70,-1.17,False
2026-09-22T10:57:02+10:00,2308853,2459_445,-33.864654541015625,151.16876220703125,53.0,0.0,-67,-1.12,False
2026-09-22T10:57:02+10:00,2286265,2459_428,-33.900543212890625,151.158935546875,294.0,0.0,248,4.13,True
2026-09-22T10:57:02+10:00,2378083,2508_B1,-33.8311882019043,151.21401977539062,217.0,48.2,-95,-1.58,False
2026-09-22T10:57:02+10:00,2231214,2507_292,-33.810733795166016,151.1639862060547,285.0,14.0,-21,-0.35,True
2026-09-22T10:57:02+10:00,2287541,2459_470,-33.88460922241211,151.19430541992188,263.0,34.6,-63,-1.05,False
2026-09-22T10:57:02+10:00,2484453,2459_483,-33.88023376464844,151.20684814453125,191.0,0.4,0,0.0,True
2026-09-22T10:57:02+10:00,2618559,2459_422,-33.88062286376953,151.2067413330078,198.0,0.0,0,0.0,True
2026-09-22T10:57:02+10:00,2686025,2459_423,-33.885013580322266,151.19451904296875,199.0,0.7,287,4.78,True
2026-09-22T10:57:02+10:00,2287971,2459_438X,-33.88078308105469,151.13894653320312,322.0,0.0,-118,-1.97,False
2026-09-22T10:57:02+10:00,2644868,2507_207,-33.788230895996094,151.20260620117188,116.0,43.2,122,2.03,True
2026-09-22T10:57:02+10:00,2377637,2508_172X,-33.829124450683594,151.21385192871094,102.0,0.0,79,1.32,True
2026-09-22T10:57:02+10:00,2484431,2459_483,-33.88817596435547,151.164306640625,264.0,62.3,60,1.0,True
2026-09-22T10:57:02+10:00,2643102,2507_501,-33.87953186035156,151.20806884765625,103.0,0.0,3,0.05,True
2026-09-22T10:57:02+10:00,2036757,2459_440,-33.88557434082031,151.15736389160156,173.0,10.8,37,0.62,True
2026-09-22T10:57:02+10:00,2388961,2508_243,-33.81863784790039,151.23472595214844,99.0,32.8,56,0.93,True
2026-09-22T10:57:02+10:00,2308994,2459_445,-33.90331268310547,151.14231872558594,63.0,24.5,55,0.92,True
2026-09-22T10:57:02+10:00,2289426,2459_348,-33.909847259521484,151.2225341796875,101.0,11.5,56,0.93,True
2026-09-22T10:57:02+10:00,2642859,2507_501,-33.869808197021484,151.19374084472656,64.0,0.0,-353,-5.88,False
2026-09-22T10:57:02+10:00,2406973,2507_261,-33.82373809814453,151.17221069335938,16.0,23.4,-216,-3.6,False
2026-09-22T10:57:02+10:00,2644808,2507_120,-33.7960319519043,151.18077087402344,182.0,0.0,0,0.0,True
2026-09-22T10:57:02+10:00,2421371,2508_230,-33.84199905395508,151.20623779296875,189.0,21.2,254,4.23,True
2026-09-22T10:57:02+10:00,1932428,2459_412,-33.90885925292969,151.1521759033203,36.0,0.0,80,1.33,True
2026-09-22T10:57:02+10:00,2644892,2507_120,-33.872650146484375,151.20574951171875,341.0,21.2,59,0.98,True
2026-09-22T10:57:02+10:00,2289945,2459_433,-33.8796272277832,151.1868896484375,145.0,5.0,-62,-1.03,False
2026-09-22T10:57:02+10:00,2285810,2459_438X,-33.86664962768555,151.21072387695312,186.0,0.0,1,0.02,True
2026-09-22T10:57:02+10:00,2581543,2507_269,-33.85072326660156,151.2184295654297,196.0,25.2,16,0.27,True
2026-09-22T10:57:02+10:00,2555485,2507_538,-33.819515228271484,151.1361541748047,96.0,15.1,54,0.9,True
2026-09-22T10:57:02+10:00,2644218,2507_52,-33.86613845825195,151.17433166503906,115.0,45.7,-149,-2.48,False
2026-09-22T10:57:02+10:00,2288590,2459_422,-33.93890380859375,151.1514892578125,9.0,43.9,210,3.5,True
2026-09-22T10:57:02+10:00,2555435,2507_291,-33.81182098388672,151.16856384277344,289.0,35.3,176,2.93,True
2026-09-22T10:57:02+10:00,2285799,2459_422,-33.903812408447266,151.1800994873047,338.0,21.6,27,0.45,True
2026-09-22T10:57:02+10:00,2289832,2459_426,-33.88127899169922,151.20623779296875,43.0,34.9,-121,-2.02,False
2026-09-22T10:57:02+10:00,2636286,2459_504,-33.86372375488281,151.16998291015625,127.0,0.0,-57,-0.95,True
2026-09-22T10:57:02+10:00,2537756,2507_533,-33.8073616027832,151.173095703125,222.0,48.2,5,0.08,True
2026-09-22T10:57:02+10:00,2682657,7083_SW1,-33.91486740112305,151.16482543945312,0.0,0.4,2763,46.05,False
2026-09-22T10:57:02+10:00,1959663,2459_445,-33.8581657409668,151.1834716796875,288.0,0.0,0,0.0,True
2026-09-22T10:57:02+10:00,2208582,2459_466,-33.85786819458008,151.12046813964844,253.0,20.2,-2,-0.03,True
2026-09-22T10:57:02+10:00,2290643,2459_438X,-33.888187408447266,151.1578369140625,257.0,0.0,-169,-2.82,False
2026-09-22T10:57:02+10:00,2636283,2459_415,-33.872474670410156,151.1046600341797,188.0,0.7,97,1.62,True
2026-09-22T10:57:02+10:00,2283903,2459_461X,-33.88790512084961,151.16732788085938,84.0,0.7,-83,-1.38,False
2026-09-22T10:57:02+10:00,2227439,2507_292,-33.806060791015625,151.1653594970703,100.0,40.7,-74,-1.23,False
2026-09-22T10:57:02+10:00,2285098,2459_438X,-33.883636474609375,151.14144897460938,146.0,38.2,109,1.82,True
2026-09-22T10:57:02+10:00,2580057,2508_100,-33.86613464355469,151.20497131347656,356.0,30.6,851,14.18,False
2026-09-22T10:57:02+10:00,2208898,2459_464,-33.889434814453125,151.1261749267578,205.0,0.0,47,0.78,True
2026-09-22T10:57:02+10:00,2424365,2508_230,-33.83021545410156,151.24391174316406,243.0,0.0,-11,-0.18,True
2026-09-22T10:57:02+10:00,2283895,2459_389,-33.888187408447266,151.23989868164062,347.0,0.0,91,1.52,True
2026-09-22T10:57:02+10:00,2208495,2459_440,-33.881614685058594,151.21913146972656,296.0,27.4,53,0.88,True
2026-09-22T10:57:02+10:00,2623219,2509_333,-33.893924713134766,151.26368713378906,281.0,20.5,-88,-1.47,False
2026-09-22T10:57:02+10:00,2679143,2509_370,-33.916561126708984,151.24110412597656,162.0,0.0,-169,-2.82,False
2026-09-22T10:57:02+10:00,2622850,2509_333,-33.89150619506836,151.24969482421875,122.0,12.2,276,4.6,True
2026-09-22T10:57:02+10:00,2533176,2509_324,-33.84370040893555,151.28404235839844,5.0,0.0,0,0.0,True
2026-09-22T10:57:02+10:00,2628725,2509_304,-33.87859344482422,151.20924377441406,5.0,0.0,433,7.22,False
2026-09-22T10:57:02+10:00,2357113,2509_343,-33.914058685302734,151.2052459716797,198.0,24.8,8,0.13,True
2026-09-22T10:57:02+10:00,2623368,2509_333,-33.89162826538086,151.24684143066406,106.0,34.9,179,2.98,True
2026-09-22T10:57:02+10:00,2346328,2509_390X,-33.94132995605469,151.239013671875,344.0,33.5,272,4.53,True
2026-09-22T10:57:02+10:00,2139237,2509_396,-33.87685012817383,151.2104949951172,91.0,0.0,-25,-0.42,True
2026-09-22T10:57:02+10:00,2356077,2509_370,-33.91510009765625,151.22775268554688,288.0,5.8,231,3.85,True
2026-09-22T10:57:02+10:00,2531359,2509_324,-33.86672592163086,151.2047576904297,85.0,0.0,257,4.28,True
2026-09-22T10:57:02+10:00,2494576,2509_343,-33.8736572265625,151.20985412597656,5.0,23.8,133,2.22,True
2026-09-22T10:57:02+10:00,2138938,2509_375,-33.910457611083984,151.2392578125,4.0,0.0,248,4.13,True
2026-09-22T10:57:02+10:00,2551854,2509_379,-33.89201736450195,151.24969482421875,329.0,17.3,-187,-3.12,False
2026-09-22T10:57:02+10:00,2532547,2509_313,-33.920684814453125,151.250244140625,185.0,29.5,2,0.03,True
2026-09-22T10:57:02+10:00,2623152,2509_333,-33.88984680175781,151.2819061279297,286.0,29.2,-58,-0.97,True
2026-09-22T10:57:02+10:00,2357126,2509_311,-33.877952575683594,151.21359252929688,134.0,24.1,202,3.37,True
2026-09-22T10:57:02+10:00,2548791,2509_350,-33.941715240478516,151.2390899658203,349.0,6.1,81,1.35,True
2026-09-22T10:57:02+10:00,2548756,2509_350,-33.940528869628906,151.2593994140625,126.0,40.7,53,0.88,True
2026-09-22T10:57:02+10:00,2434610,2509_390X,-33.893043518066406,151.2496337890625,188.0,0.7,35,0.58,True
2026-09-22T10:57:02+10:00,2534111,2509_355,-33.89527130126953,151.2222137451172,275.0,0.0,42,0.7,True
2026-09-22T10:57:02+10:00,2138255,2509_396,-33.88541793823242,151.21829223632812,337.0,4.0,124,2.07,True
2026-09-22T10:57:02+10:00,2494598,2509_343,-33.90509796142578,151.2059783935547,327.0,12.6,49,0.82,True
2026-09-22T10:57:02+10:00,2494517,2509_343,-33.92288589477539,151.2064971923828,281.0,7.2,5,0.08,True
2026-09-22T10:57:02+10:00,2628621,2509_304,-33.89229965209961,151.21237182617188,7.0,0.0,-45,-0.75,True
2026-09-22T10:57:02+10:00,2534719,2509_352,-33.888877868652344,151.20034790039062,279.0,29.9,57,0.95,True
2026-09-22T10:57:02+10:00,2679202,2509_370,-33.903648376464844,151.20233154296875,158.0,32.4,78,1.3,True
2026-09-22T10:57:02+10:00,2531816,2509_355,-33.90262985229492,151.1957550048828,138.0,0.0,151,2.52,True
2026-09-22T10:57:02+10:00,2356482,2509_373,-33.919761657714844,151.25718688964844,182.0,0.0,0,0.0,True
2026-09-22T10:57:02+10:00,2532786,2509_386,-33.88969421386719,151.25558471679688,236.0,40.0,-239,-3.98,False
2026-09-22T10:57:02+10:00,2139005,2509_375,-33.92788314819336,151.25509643554688,8.0,31.3,-237,-3.95,False
2026-09-22T10:57:02+10:00,2532336,2509_380,-33.89318084716797,151.2586212158203,283.0,20.5,-109,-1.82,False
2026-09-22T10:57:02+10:00,2623287,2509_333,-33.87327194213867,151.2099151611328,185.0,24.5,69,1.15,True
2026-09-22T10:57:02+10:00,2531807,2509_387,-33.8610954284668,151.27828979492188,212.0,30.6,-1,-0.02,True
2026-09-22T10:57:02+10:00,2623200,2509_333,-33.88117218017578,151.21815490722656,123.0,25.6,130,2.17,True
2026-09-22T10:57:02+10:00,2356910,2509_339,-33.89552688598633,151.22195434570312,352.0,0.0,-172,-2.87,False
2026-09-22T10:57:02+10:00,2675117,2509_309,-33.90531921386719,151.2028045654297,165.0,0.0,16,0.27,True
2026-09-22T10:57:02+10:00,2679118,2509_370,-33.88945770263672,151.19027709960938,220.0,19.1,79,1.32,True
2026-09-22T10:57:02+10:00,2563862,2509_379,-33.90586853027344,151.2607879638672,257.0,27.4,61,1.02,True
2026-09-22T10:57:02+10:00,2533931,2509_324,-33.87712097167969,151.24473571777344,74.0,20.5,248,4.13,True
2026-09-22T10:57:02+10:00,2139129,2509_396,-33.89998245239258,151.2223358154297,352.0,41.0,-192,-3.2,False
2026-09-22T10:57:02+10:00,2139381,2509_375,-33.952693939208984,151.2445831298828,272.0,37.8,-119,-1.98,False
2026-09-22T10:57:02+10:00,2679188,2509_370,-33.87200164794922,151.18003845214844,199.0,0.0,0,0.0,True
2026-09-22T10:57:02+10:00,2623194,2509_333,-33.88937759399414,151.2834930419922,211.0,0.0,0,0.0,True
2026-09-22T10:57:02+10:00,2622929,2509_333,-33.88950729370117,151.2833709716797,213.0,0.0,0,0.0,True
2026-09-22T10:57:02+10:00,2400661,2509_392,-33.921287536621094,151.2268524169922,174.0,16.9,196,3.27,True
2026-09-22T10:57:02+10:00,2628755,2509_304,-33.9078483581543,151.20736694335938,49.0,22.0,-40,-0.67,True
2026-09-22T10:57:02+10:00,2628741,2509_304,-33.8802490234375,151.21014404296875,278.0,30.6,-73,-1.22,False
2026-09-22T10:57:02+10:00,2357338,2509_370,-33.90983581542969,151.202392578125,17.0,23.4,94,1.57,True
2026-09-22T10:57:02+10:00,2674973,2509_309,-33.95734786987305,151.20664978027344,140.0,43.9,-70,-1.17,False
2026-09-22T10:57:02+10:00,2352384,2509_392,-33.8969841003418,151.21302795410156,110.0,0.0,96,1.6,True
2026-09-22T10:57:02+10:00,2622900,2509_333,-33.86252212524414,151.21176147460938,12.0,0.0,0,0.0,True
2026-09-22T10:57:02+10:00,2533467,2509_325,-33.87638473510742,151.224365234375,329.0,24.1,42,0.7,True
2026-09-22T10:57:02+10:00,2494639,2509_374,-33.89622497558594,151.2215576171875,351.0,8.3,51,0.85,True
2026-09-22T10:57:02+10:00,2622769,2509_333,-33.86729049682617,151.2106475830078,185.0,32.8,-53,-0.88,True
2026-09-22T10:57:02+10:00,2356996,2509_370,-33.88943862915039,151.1901092529297,35.0,39.2,-268,-4.47,False
2026-09-22T10:57:02+10:00,2531227,2509_325,-33.855411529541016,151.2062225341797,9.0,0.0,0,0.0,True
2026-09-22T10:57:02+10:00,2470807,2509_356,-33.935699462890625,151.2452392578125,98.0,41.4,63,1.05,True
2026-09-22T10:57:02+10:00,2534649,2509_350,-33.93320083618164,151.18113708496094,102.0,30.2,56,0.93,True
2026-09-22T10:57:02+10:00,2352477,2509_356,-33.930423736572266,151.2534637451172,117.0,0.0,-189,-3.15,False
2026-09-22T10:57:02+10:00,2675147,2509_309,-33.89265441894531,151.19923400878906,25.0,0.0,0,0.0,True
2026-09-22T10:57:02+10:00,2140465,2509_306,-33.92439270019531,151.18788146972656,99.0,0.0,-232,-3.87,False
2026-09-22T10:57:02+10:00,2564033,2509_379,-33.89321517944336,151.24960327148438,16.0,15.1,80,1.33,True
2026-09-22T10:57:02+10:00,2346332,2509_390X,-33.916709899902344,151.22584533691406,357.0,16.2,728,12.13,False
2026-09-22T10:57:02+10:00,2136843,2509_396,-33.94463348388672,151.25811767578125,303.0,30.6,8,0.13,True
2026-09-22T10:57:02+10:00,2531895,2509_325,-33.84963607788086,151.27938842773438,200.0,36.7,116,1.93,True
2026-09-22T10:57:02+10:00,2137257,2509_306,-33.917301177978516,151.2078857421875,17.0,38.2,-135,-2.25,False
2026-09-22T10:57:02+10:00,2628742,2509_304,-33.89871597290039,151.2118377685547,214.0,22.3,3,0.05,True
2026-09-22T10:57:02+10:00,2488406,2509_392,-33.90953826904297,151.21963500976562,98.0,32.8,174,2.9,True
2026-09-22T10:57:02+10:00,2534249,2509_355,-33.90856170654297,151.17184448242188,76.0,0.0,0,0.0,True
2026-09-22T10:57:02+10:00,2533928,2509_350,-33.925376892089844,151.19496154785156,100.0,13.7,158,2.63,True
2026-09-22T10:57:02+10:00,2139908,2509_396,-33.86874771118164,151.2104949951172,6.0,11.2,-55,-0.92,True
2026-09-22T10:57:02+10:00,2534175,2509_324,-33.871803283691406,151.25645446777344,293.0,42.1,115,1.92,True
2026-09-22T10:57:02+10:00,2356692,2509_373,-33.89509582519531,151.22195434570312,173.0,0.0,-193,-3.22,False
2026-09-22T10:57:02+10:00,2136980,2509_396,-33.862545013427734,151.21116638183594,6.0,0.0,0,0.0,True
2026-09-22T10:57:02+10:00,2676648,2509_370,-33.91311264038086,151.22483825683594,138.0,43.9,110,1.83,True
2026-09-22T10:57:02+10:00,2139397,2509_396,-33.89414978027344,151.22145080566406,172.0,19.8,75,1.25,True
2026-09-22T10:57:02+10:00,2434774,2509_390X,-33.934627532958984,151.23797607421875,169.0,0.0,184,3.07,True
2026-09-22T10:57:02+10:00,2396608,2509_392,-33.922874450683594,151.22702026367188,337.0,14.8,18,0.3,True
2026-09-22T10:57:02+10:00,2139312,2509_396,-33.94097137451172,151.23886108398438,348.0,0.0,211,3.52,True
2026-09-22T10:57:02+10:00,2532272,2509_324,-33.86567306518555,151.2042236328125,354.0,0.0,-325,-5.42,False
2026-09-22T10:57:02+10:00,2563940,2509_379,-33.88792419433594,151.2714080810547,38.0,31.7,355,5.92,False
2026-09-22T10:57:02+10:00,2533011,2509_360,-33.905277252197266,151.25765991210938,117.0,25.9,-64,-1.07,False
2026-09-22T10:57:02+10:00,2623067,2509_333,-33.88614273071289,151.2286834716797,312.0,0.0,165,2.75,True
2026-09-22T10:57:02+10:00,2564005,2509_379,-33.888763427734375,151.27061462402344,35.0,3.2,-240,-4.0,False
2026-09-22T10:57:02+10:00,2534371,2509_325,-33.87928771972656,151.2376708984375,172.0,24.1,-368,-6.13,False
2026-09-22T10:57:02+10:00,2551660,2509_379,-33.88603973388672,151.2732391357422,224.0,20.2,189,3.15,True
2026-09-22T10:57:02+10:00,2533097,2509_380,-33.86112594604492,151.27816772460938,21.0,47.5,-6,-0.1,True
2026-09-22T10:57:02+10:00,2679177,2509_370,-33.912261962890625,151.2239990234375,137.0,34.6,-127,-2.12,False
2026-09-22T10:57:02+10:00,2548712,2509_350,-33.89106369018555,151.24819946289062,275.0,0.0,0,0.0,True
2026-09-22T10:57:02+10:00,2335511,2509_309,-33.9422492980957,151.19517517089844,346.0,0.0,90,1.5,True
2026-09-22T10:57:02+10:00,2352254,2509_307,-33.940025329589844,151.1949462890625,174.0,33.8,-75,-1.25,False
2026-09-22T10:57:02+10:00,2494668,2509_343,-33.88392639160156,151.2082977294922,10.0,0.0,-140,-2.33,False
2026-09-22T10:57:02+10:00,2138797,2509_396,-33.92610549926758,151.2312469482422,131.0,2.9,-101,-1.68,False
2026-09-22T10:57:02+10:00,2563954,2509_387,-33.86569595336914,151.27810668945312,23.0,6.5,-30,-0.5,True
2026-09-22T10:57:02+10:00,2396573,2509_392,-33.948341369628906,151.23033142089844,329.0,43.9,169,2.82,True
2026-09-22T10:57:02+10:00,2548802,2509_350,-33.92441177368164,151.18748474121094,279.0,0.0,-291,-4.85,False
2026-09-22T10:57:02+10:00,2356007,2509_373,-33.92064666748047,151.25694274902344,190.0,0.0,56,0.93,True
2026-09-22T10:57:02+10:00,2357311,2509_370,-33.91966247558594,151.25721740722656,190.0,0.0,0,0.0,True
2026-09-22T10:57:02+10:00,2357247,2509_339,-33.90373611450195,151.22579956054688,135.0,44.6,168,2.8,True
2026-09-22T10:57:02+10:00,2531703,2509_352,-33.891292572021484,151.24972534179688,356.0,11.5,0,0.0,True
2026-09-22T10:57:02+10:00,2470769,2509_356,-33.899810791015625,151.24205017089844,12.0,43.6,-232,-3.87,False
2026-09-22T10:57:02+10:00,2139592,2509_306,-33.91410827636719,151.20770263671875,16.0,32.0,970,16.17,False
2026-09-22T10:57:02+10:00,2356074,2509_311,-33.87076187133789,151.20481872558594,348.0,24.1,-67,-1.12,False
2026-09-22T10:57:02+10:00,2356242,2509_373,-33.88524627685547,151.2181854248047,336.0,27.4,-241,-4.02,False
2026-09-22T10:57:02+10:00,2551773,2509_379,-33.90341567993164,151.2550048828125,179.0,28.4,-180,-3.0,False
2026-09-22T10:57:02+10:00,2400356,2509_309,-33.90229034423828,151.20155334472656,338.0,15.5,-369,-6.15,False
2026-09-22T10:57:02+10:00,2356522,2509_343,-33.92506790161133,151.2265625,78.0,1.4,-97,-1.62,False
2026-09-22T10:57:02+10:00,2356111,2509_343,-33.889827728271484,151.20785522460938,186.0,15.8,124,2.07,True
2026-09-22T10:57:02+10:00,2533954,2509_355,-33.889652252197266,151.24114990234375,78.0,0.0,17,0.28,True
2026-09-22T10:57:02+10:00,2357170,2509_370,-33.91859817504883,151.2445831298828,290.0,48.2,124,2.07,True
2026-09-22T10:57:02+10:00,2533481,2509_380,-33.8944091796875,151.2668914794922,100.0,0.0,-22,-0.37,True
2026-09-22T10:57:02+10:00,2470810,2509_397,-33.95051574707031,151.2437744140625,345.0,0.0,-103,-1.72,False
2026-09-22T10:57:02+10:00,2357123,2509_370,-33.901363372802734,151.19273376464844,217.0,36.0,240,4.0,True
2026-09-22T10:57:02+10:00,2396547,2509_392,-33.90147018432617,151.20884704589844,43.0,37.8,407,6.78,False
2026-09-22T10:57:02+10:00,2679126,2509_370,-33.903438568115234,151.17984008789062,152.0,36.0,240,4.0,True
2026-09-22T10:57:02+10:00,2623212,2509_333,-33.8944091796875,151.26715087890625,95.0,0.0,36,0.6,True
2026-09-22T10:57:02+10:00,2434679,2509_390X,-33.89113998413086,151.2488250732422,277.0,0.0,0,0.0,True
2026-09-22T10:57:02+10:00,2335609,2509_309,-33.901580810546875,151.20123291015625,343.0,22.3,133,2.22,True
2026-09-22T10:57:02+10:00,2434579,2509_390X,-33.91604232788086,151.2338104248047,278.0,3.6,-84,-1.4,False
2026-09-22T10:57:02+10:00,2357044,2509_373,-33.92250061035156,151.2565155029297,11.0,24.1,-476,-7.93,False
2026-09-22T10:57:02+10:00,2532649,2509_350,-33.908748626708984,151.2547607421875,10.0,40.0,174,2.9,True
2026-09-22T10:57:02+10:00,2352323,2509_307,-33.94495391845703,151.22628784179688,191.0,0.0,0,0.0,True
2026-09-22T10:57:02+10:00,2679133,2509_370,-33.87910461425781,151.1865234375,147.0,27.0,-75,-1.25,False
2026-09-22T10:57:02+10:00,2548751,2509_328,-33.8843879699707,151.23904418945312,348.0,0.0,-58,-0.97,True
2026-09-22T10:57:02+10:00,2534186,2509_327,-33.879127502441406,151.23619079589844,9.0,0.0,0,0.0,True
2026-09-22T10:57:02+10:00,2470785,2509_356,-33.94453048706055,151.22640991210938,193.0,0.0,0,0.0,True
2026-09-22T10:57:02+10:00,2356578,2509_373,-33.9108772277832,151.23922729492188,7.0,24.5,-11,-0.18,True
2026-09-22T10:57:02+10:00,2403063,2509_311,-33.87295913696289,151.20700073242188,109.0,27.0,-106,-1.77,False
2026-09-22T10:57:02+10:00,2533668,2509_350,-33.944236755371094,151.2611083984375,36.0,33.1,379,6.32,False
2026-09-22T10:57:02+10:00,2532017,2509_325,-33.843318939208984,151.28411865234375,343.0,9.7,0,0.0,True
2026-09-22T10:57:02+10:00,2534428,2509_350,-33.94246292114258,151.2626190185547,33.0,22.0,-183,-3.05,False
2026-09-22T10:57:02+10:00,2622973,2509_333,-33.865718841552734,151.21128845214844,27.0,29.9,-108,-1.8,False
2026-09-22T10:57:02+10:00,2548810,2509_350,-33.891334533691406,151.24822998046875,95.0,0.0,0,0.0,True
2026-09-22T10:57:02+10:00,2548734,2509_350,-33.94016647338867,151.2148895263672,323.0,51.1,61,1.02,True
2026-09-22T10:57:02+10:00,2434937,2509_390X,-33.90947341918945,151.24288940429688,254.0,26.6,-65,-1.08,False
2026-09-22T10:57:02+10:00,2357416,2509_370,-33.88001251220703,151.18714904785156,330.0,9.7,-230,-3.83,False
2026-09-22T10:57:02+10:00,2623157,2509_333,-33.89080047607422,151.2477569580078,279.0,0.0,257,4.28,True
2026-09-22T10:57:02+10:00,2352637,2509_307,-33.94295120239258,151.20452880859375,348.0,15.5,175,2.92,True
2026-09-22T10:57:02+10:00,2534434,2509_350,-33.94462966918945,151.226806640625,11.0,33.8,-10,-0.17,True
2026-09-22T10:57:02+10:00,2548510,2509_350,-33.93136978149414,151.18634033203125,196.0,14.4,-108,-1.8,False
2026-09-22T10:57:02+10:00,2139085,2509_306,-33.91596221923828,151.20761108398438,107.0,20.5,75,1.25,True
2026-09-22T10:57:02+10:00,2357661,2509_373,-33.87685012817383,151.21043395996094,271.0,0.0,-99,-1.65,False
2026-09-22T10:57:02+10:00,2346299,2509_390X,-33.89406204223633,151.24964904785156,325.0,28.1,-299,-4.98,False
2026-09-22T10:57:02+10:00,2623036,2509_333,-33.87950897216797,151.21551513671875,314.0,0.0,221,3.68,True
2026-09-22T10:57:02+10:00,2622997,2509_333,-33.89362335205078,151.26133728027344,273.0,0.0,288,4.8,True
2026-09-22T10:57:02+10:00,2533182,2509_313,-33.90717315673828,151.25204467773438,189.0,0.0,1389,23.15,False
2026-09-22T10:57:02+10:00,2628695,2509_304,-33.88114929199219,151.2148895263672,186.0,7.6,10,0.17,True
2026-09-22T10:57:02+10:00,2434437,2509_390X,-33.915042877197266,151.22740173339844,281.0,0.7,319,5.32,False
2026-09-22T10:57:02+10:00,2346361,2509_390X,-33.946197509765625,151.2401885986328,349.0,19.1,-128,-2.13,False
2026-09-22T10:57:02+10:00,2400472,2509_392,-33.94525909423828,151.22607421875,187.0,0.0,592,9.87,False
2026-09-22T10:57:02+10:00,2532292,2509_360,-33.910255432128906,151.2646484375,277.0,31.0,45,0.75,True
2026-09-22T10:57:02+10:00,2488362,2509_392,-33.93264389038086,151.2301025390625,167.0,47.5,421,7.02,False
2026-09-22T10:57:02+10:00,2357545,2509_374,-33.909114837646484,151.23939514160156,98.0,29.2,16,0.27,True
2026-09-22T10:57:02+10:00,2563900,2509_386,-33.89188766479492,151.25132751464844,75.0,0.0,75,1.25,True
2026-09-22T10:57:02+10:00,2396607,2509_392,-33.91671371459961,151.2257080078125,349.0,6.5,474,7.9,False
2026-09-22T10:57:02+10:00,2356797,2509_343,-33.877071380615234,151.20945739746094,187.0,7.2,-62,-1.03,False
2026-09-22T10:57:02+10:00,2533228,2509_352,-33.908451080322266,151.17359924316406,87.0,25.6,-30,-0.5,True
2026-09-22T10:57:02+10:00,2675057,2509_309,-33.9254150390625,151.19558715820312,189.0,0.0,70,1.17,True
2026-09-22T10:57:02+10:00,2356587,2509_373,-33.913780212402344,151.2399139404297,162.0,28.4,-234,-3.9,False
2026-09-22T10:57:02+10:00,2403229,2509_311,-33.87530517578125,151.2221221923828,203.0,0.0,309,5.15,False
2026-09-22T10:57:02+10:00,2533861,2509_352,-33.880218505859375,151.21507263183594,10.0,5.8,-105,-1.75,False
2026-09-22T10:57:02+10:00,2352662,2509_307,-33.94227981567383,151.21267700195312,56.0,17.3,493,8.22,False
2026-09-22T10:57:02+10:00,2534366,2509_380,-33.86311721801758,151.27996826171875,101.0,36.0,72,1.2,True
2026-09-22T10:57:02+10:00,2720034,2514_271,-33.81196594238281,151.20468139648438,333.0,52.2,-154,-2.57,False
2026-09-22T10:57:02+10:00,2720083,2514_270,-33.797611236572266,151.2095947265625,159.0,33.1,108,1.8,True
2026-09-22T10:57:02+10:00,2719735,2514_281,-33.79591751098633,151.18434143066406,250.0,9.0,-479,-7.98,False
2026-09-22T10:57:02+10:00,2720237,2514_194,-33.871124267578125,151.206298828125,176.0,25.9,6,0.1,True
2026-09-22T10:57:02+10:00,2704956,2504_607X,-33.813270568847656,151.18344116210938,286.0,78.8,58,0.97,True
2026-09-22T10:57:02+10:00,2709136,2504_610X,-33.80744552612305,151.1548614501953,129.0,63.0,-215,-3.58,False
2026-09-22T10:57:02+10:00,2720611,2514_194,-33.78398132324219,151.19964599609375,306.0,54.0,353,5.88,False
2026-09-22T10:57:02+10:00,2705021,2504_607X,-33.81651306152344,151.2012176513672,152.0,72.4,0,0.0,True
2026-09-22T10:57:02+10:00,2708629,2504_610X,-33.8717155456543,151.2064208984375,176.0,0.0,0,0.0,True
2026-09-22T10:57:02+10:00,2704051,2504_610X,-33.868839263916016,151.20606994628906,173.0,8.3,0,0.0,True
2026-09-22T10:57:02+10:00,2705689,2504_610X,-33.86848831176758,151.205078125,351.0,26.6,199,3.32,True
2026-09-22T10:57:02+10:00,2710694,2504_610X,-33.86906051635742,151.20606994628906,177.0,1.4,0,0.0,True
2026-09-22T10:57:02+10:00,2721329,2514_270,-33.86960220336914,151.2061309814453,175.0,11.5,50,0.83,True
2026-09-22T10:57:02+10:00,2719720,2514_565,-33.79667663574219,151.18026733398438,353.0,0.0,0,0.0,True
2026-09-22T10:57:02+10:00,2720693,2514_281,-33.796226501464844,151.1812744140625,358.0,16.9,116,1.93,True
2026-09-22T10:57:02+10:00,2579088,7084_SW2,-33.905479431152344,151.13674926757812,64.0,41.0,1556,25.93,False
2026-09-22T10:57:02+10:00,2530223,7084_SW2,-33.912960052490234,151.16650390625,134.0,33.1,-508,-8.47,False
2026-09-22T10:57:02+10:00,2632227,2510_301,-33.94244384765625,151.21717834472656,130.0,56.2,-122,-2.03,False
2026-09-22T10:57:02+10:00,2579244,7084_SW2,-33.90107345581055,151.14947509765625,94.0,47.2,-66,-1.1,False
2026-09-22T10:57:02+10:00,2632136,2510_301,-33.931419372558594,151.2105712890625,38.0,24.8,175,2.92,True
2026-09-22T16:00:16+10:00,2514794,2459_410,-33.874473571777344,151.1041259765625,9.0,0.0,1653,27.55,False
2026-09-22T16:00:16+10:00,2283974,2459_348,-33.92082595825195,151.2370147705078,97.0,0.0,22,0.37,True
2026-09-22T16:00:16+10:00,2537978,2507_533,-33.80437469482422,151.1539764404297,278.0,0.0,116,1.93,True
2026-09-22T16:00:16+10:00,2621504,2507_536,-33.80522918701172,151.1793670654297,175.0,0.0,16,0.27,True
2026-09-22T16:00:16+10:00,2550309,2508_263,-33.840179443359375,151.20819091796875,148.0,0.0,259,4.32,True
2026-09-22T16:00:16+10:00,2208415,2459_473,-33.935333251953125,151.1474609375,93.0,9.0,8,0.13,True
2026-09-22T16:00:16+10:00,2208681,2459_464,-33.854068756103516,151.10403442382812,69.0,0.0,-3,-0.05,True
2026-09-22T16:00:16+10:00,2415704,2508_665n,-33.82297897338867,151.24163818359375,51.0,0.0,-87,-1.45,False
2026-09-22T16:00:16+10:00,2660534,2459_320,-33.88599395751953,151.20291137695312,161.0,0.0,0,0.0,True
2026-09-22T16:00:16+10:00,2644962,2507_52,-33.86419677734375,151.17068481445312,131.0,0.0,207,3.45,True
2026-09-22T16:00:16+10:00,2644133,2507_120,-33.811641693115234,151.19949340820312,180.0,52.9,78,1.3,True
2026-09-22T16:00:16+10:00,2286756,2459_470,-33.88487243652344,151.17591857910156,345.0,31.3,511,8.52,False
2026-09-22T16:00:16+10:00,2285856,2459_461X,-33.881195068359375,151.20635986328125,45.0,29.2,195,3.25,True
2026-09-22T16:00:16+10:00,2288302,2459_428,-33.89706802368164,151.14984130859375,286.0,0.0,102,1.7,True
2026-09-22T16:00:16+10:00,2289694,2459_389,-33.8744010925293,151.1994171142578,261.0,58.3,-384,-6.4,False
2026-09-22T16:00:16+10:00,2618593,2459_422,-33.918582916259766,151.17022705078125,229.0,0.0,56,0.93,True
2026-09-22T16:00:16+10:00,2319949,7083_SW3,-33.91437911987305,151.1659698486328,-81.0,0.0,-9,-0.15,True
2026-09-22T16:00:16+10:00,2643558,2507_52,-33.86195755004883,151.16616821289062,286.0,38.9,-154,-2.57,False
2026-09-22T16:00:16+10:00,2644858,2507_501,-33.88182067871094,151.20562744140625,44.0,4.7,0,0.0,True
2026-09-22T16:00:16+10:00,2288242,2459_423,-33.91106033325195,151.15777587890625,119.0,0.0,-4,-0.07,True
2026-09-22T16:00:16+10:00,2668032,2459_420,-33.93705368041992,151.1540069580078,233.0,16.9,-126,-2.1,False
2026-09-22T16:00:16+10:00,2672272,2507_115,-33.804805755615234,151.1994171142578,188.0,0.0,624,10.4,False
2026-09-22T16:00:16+10:00,2378488,2508_764n,-33.82875442504883,151.2287139892578,59.0,25.6,476,7.93,False
2026-09-22T16:00:16+10:00,2222009,2508_762n,-33.804847717285156,151.26138305664062,100.0,25.2,83,1.38,True
2026-09-22T16:00:16+10:00,2378687,2508_583n,-33.8281364440918,151.2440185546875,2.0,0.0,1530,25.5,False
2026-09-22T16:00:16+10:00,2685955,2459_423,-33.92669677734375,151.1273193359375,280.0,1.8,-57,-0.95,True
2026-09-22T16:00:16+10:00,2424401,2508_154X,-33.841217041015625,151.2088165283203,312.0,29.2,-35,-0.58,True
2026-09-22T16:00:16+10:00,2618645,2459_422,-33.884517669677734,151.19810485839844,266.0,0.0,16,0.27,True
2026-09-22T16:00:16+10:00,1961710,2459_412,-33.885009765625,151.184814453125,259.0,13.7,49,0.82,True
2026-09-22T16:00:16+10:00,2424407,2508_230,-33.83015060424805,151.22666931152344,63.0,10.4,497,8.28,False
2026-09-22T16:00:16+10:00,2415791,2508_B1,-33.78913116455078,151.2572784423828,59.0,77.4,170,2.83,True
2026-09-22T16:00:16+10:00,2580189,2508_100,-33.82996368408203,151.24423217773438,0.0,0.0,225,3.75,True
2026-09-22T16:00:16+10:00,2225515,2507_254,-33.82733154296875,151.2005615234375,142.0,0.0,75,1.25,True
2026-09-22T16:00:16+10:00,2289517,2459_426,-33.86569595336914,151.21023559570312,226.0,0.0,0,0.0,True
2026-09-22T16:00:16+10:00,2283086,2459_442,-33.856807708740234,151.17791748046875,12.0,8.3,140,2.33,True
2026-09-22T16:00:16+10:00,2286859,2459_438X,-33.87936782836914,151.13790893554688,326.0,33.5,-84,-1.4,False
2026-09-22T16:00:16+10:00,2406977,2507_690w,-33.820125579833984,151.16636657714844,114.0,32.8,167,2.78,True
2026-09-22T16:00:16+10:00,2221897,2508_723n,-33.78902816772461,151.2410888671875,160.0,0.7,195,3.25,True
2026-09-22T16:00:16+10:00,2340956,2459_308,-33.8836669921875,151.20826721191406,190.0,20.2,183,3.05,True
2026-09-22T16:00:16+10:00,2374472,2508_172X,-33.86682891845703,151.20628356933594,6.0,0.0,0,0.0,True
2026-09-22T16:00:16+10:00,2288534,2459_433,-33.87957763671875,151.20811462402344,103.0,0.0,0,0.0,True
2026-09-22T16:00:16+10:00,2514995,2459_410,-33.87685775756836,151.1038055419922,189.0,22.3,313,5.22,False
2026-09-22T16:00:16+10:00,2635932,2459_504,-33.8934326171875,151.14572143554688,24.0,0.0,29,0.48,True
2026-09-22T16:00:16+10:00,1949068,2459_566s,-33.91193389892578,151.11961364746094,232.0,0.0,378,6.3,False
2026-09-22T16:00:16+10:00,2580226,2508_201,-33.830745697021484,151.2254180908203,245.0,0.0,0,0.0,True
2026-09-22T16:00:16+10:00,1973732,2508_162,-33.80947494506836,151.25563049316406,322.0,5.4,137,2.28,True
2026-09-22T16:00:16+10:00,2714638,2508_144,-33.83148956298828,151.22335815429688,244.0,23.4,201,3.35,True
2026-09-22T16:00:16+10:00,2447695,2507_209,-33.78354263305664,151.19866943359375,291.0,37.4,31,0.52,True
2026-09-22T16:00:16+10:00,2618139,2508_263,-33.8266716003418,151.20118713378906,101.0,0.0,0,0.0,True
2026-09-22T16:00:16+10:00,2308724,2459_445,-33.857421875,151.18089294433594,124.0,19.1,-90,-1.5,False
2026-09-22T16:00:16+10:00,2596225,2459_490,-33.895362854003906,151.10848999023438,2.0,0.0,444,7.4,False
2026-09-22T16:00:16+10:00,2283771,2459_483,-33.88762664794922,151.12115478515625,64.0,0.0,-107,-1.78,False
2026-09-22T16:00:16+10:00,2284386,2459_433,-33.863059997558594,151.170654296875,201.0,12.2,8,0.13,True
2026-09-22T16:00:16+10:00,2580132,2508_100,-33.867984771728516,151.2052001953125,355.0,29.9,448,7.47,False
2026-09-22T16:00:16+10:00,2484473,2459_483,-33.885337829589844,151.1842803955078,257.0,29.2,160,2.67,True
2026-09-22T16:00:16+10:00,2528940,2459_458,-33.879276275634766,151.10321044921875,192.0,16.6,0,0.0,True
2026-09-22T16:00:16+10:00,2290088,2459_389,-33.89129638671875,151.247802734375,96.0,9.4,0,0.0,True
2026-09-22T16:00:16+10:00,2440935,2508_150X,-33.79396438598633,151.26231384277344,100.0,0.4,265,4.42,True
2026-09-22T16:00:16+10:00,2643554,2507_120,-33.79555130004883,151.18556213378906,249.0,0.0,-393,-6.55,False
2026-09-22T16:00:16+10:00,2284009,2459_389,-33.89082336425781,151.2479705810547,279.0,0.0,10,0.17,True
2026-09-22T16:00:16+10:00,2596295,2459_492,-33.8766975402832,151.10372924804688,10.0,15.1,591,9.85,False
2026-09-22T16:00:16+10:00,2290816,2459_433,-33.877323150634766,151.18502807617188,308.0,8.6,325,5.42,False
2026-09-22T16:00:16+10:00,2230729,2507_288,-33.865909576416016,151.20330810546875,175.0,0.0,0,0.0,True
2026-09-22T16:00:16+10:00,2643063,2507_52,-33.848812103271484,151.15301513671875,152.0,40.7,34,0.57,True
2026-09-22T16:00:16+10:00,2209703,2459_530,-33.856231689453125,151.14659118652344,52.0,43.2,425,7.08,False
2026-09-22T16:00:16+10:00,2282986,2459_438X,-33.85076904296875,151.1285858154297,336.0,0.0,54,0.9,True
2026-09-22T16:00:16+10:00,2378132,2508_707n,-33.8203010559082,151.2437744140625,354.0,37.1,707,11.78,False
2026-09-22T16:00:16+10:00,2424426,2508_230,-33.83461380004883,151.20774841308594,190.0,9.7,0,0.0,True
2026-09-22T16:00:16+10:00,2685946,2459_423,-33.868316650390625,151.2105255126953,4.0,24.5,0,0.0,True
2026-09-22T16:00:16+10:00,2284744,2459_406,-33.88063049316406,151.13868713378906,27.0,0.0,361,6.02,False
2026-09-22T16:00:16+10:00,2660393,2459_320,-33.89860916137695,151.21194458007812,216.0,0.0,-33,-0.55,True
2026-09-22T16:00:16+10:00,2360302,2507_205,-33.8638801574707,151.21031188964844,6.0,0.0,69,1.15,True
2026-09-22T16:00:16+10:00,2283628,2459_438X,-33.85128402709961,151.1288604736328,332.0,28.1,479,7.98,False
2026-09-22T16:00:16+10:00,2209266,2459_413,-33.885154724121094,151.1843719482422,257.0,28.4,531,8.85,False
2026-09-22T16:00:16+10:00,1960491,2459_412,-33.90848159790039,151.15252685546875,192.0,0.0,214,3.57,True
2026-09-22T16:00:16+10:00,2286294,2459_428,-33.866737365722656,151.21070861816406,187.0,0.0,0,0.0,True
2026-09-22T16:00:16+10:00,2672280,2507_115,-33.7974853515625,151.1978759765625,158.0,0.0,234,3.9,True
2026-09-22T16:00:16+10:00,2283046,2459_442,-33.87278366088867,151.20530700683594,264.0,0.0,188,3.13,True
2026-09-22T16:00:16+10:00,2441685,2507_207,-33.82318115234375,151.21011352539062,12.0,0.0,67,1.12,True
2026-09-22T16:00:16+10:00,2554305,2459_358,-33.917152404785156,151.24118041992188,7.0,23.8,23,0.38,True
2026-09-22T16:00:16+10:00,2627053,2459_407,-33.87584686279297,151.1040496826172,11.0,18.4,151,2.52,True
2026-09-22T16:00:16+10:00,2668114,2459_420,-33.93058776855469,151.18653869628906,56.0,28.1,250,4.17,True
2026-09-22T16:00:16+10:00,2288441,2459_428,-33.88389587402344,151.2018280029297,73.0,37.1,-151,-2.52,False
2026-09-22T16:00:16+10:00,2634492,2507_651w,-33.82206726074219,151.1647186279297,280.0,36.7,297,4.95,True
2026-09-22T16:00:16+10:00,2554327,2459_358,-33.920570373535156,151.19078063964844,101.0,28.4,-48,-0.8,True
2026-09-22T16:00:16+10:00,2454765,2508_225,-33.833221435546875,151.22923278808594,190.0,15.1,425,7.08,False
2026-09-22T16:00:16+10:00,2580112,2508_100,-33.82550811767578,151.2433624267578,335.0,0.0,1503,25.05,False
2026-09-22T16:00:16+10:00,2329285,7083_SW3,-33.91035842895508,151.12193298339844,231.0,12.6,70,1.17,True
2026-09-22T16:00:16+10:00,2378634,2508_144,-33.83042907714844,151.21963500976562,115.0,30.2,932,15.53,False
2026-09-22T16:00:16+10:00,2322380,2507_506,-33.873111724853516,151.21266174316406,187.0,22.7,341,5.68,False
2026-09-22T16:00:16+10:00,2644487,2507_120,-33.854801177978516,151.20916748046875,27.0,53.6,-63,-1.05,False
2026-09-22T16:00:16+10:00,2634502,2507_778w,-33.813629150390625,151.16998291015625,206.0,25.6,202,3.37,True
2026-09-22T16:00:16+10:00,2289093,2459_412,-33.92683029174805,151.1288299560547,100.0,23.0,225,3.75,True
2026-09-22T16:00:16+10:00,2378997,2508_B1,-33.83015441894531,151.22691345214844,242.0,6.1,86,1.43,True
2026-09-22T16:00:16+10:00,2340752,2459_308,-33.89376449584961,151.1986846923828,20.0,0.0,0,0.0,True
2026-09-22T16:00:16+10:00,2686018,2459_645s,-33.9107666015625,151.1567840576172,306.0,7.2,-135,-2.25,False
2026-09-22T16:00:16+10:00,2626595,2507_536,-33.83033752441406,151.1461639404297,182.0,63.0,748,12.47,False
2026-09-22T16:00:16+10:00,2621496,2507_256,-33.79653549194336,151.1676483154297,129.0,27.7,-329,-5.48,False
2026-09-22T16:00:16+10:00,2286593,2459_437,-33.88410568237305,151.15216064453125,268.0,6.8,-37,-0.62,True
2026-09-22T16:00:16+10:00,2288638,2459_433,-33.88375473022461,151.19204711914062,130.0,33.5,-91,-1.52,False
2026-09-22T16:00:16+10:00,2287685,2459_348,-33.91001510620117,151.22315979003906,343.0,9.7,8,0.13,True
2026-09-22T16:00:16+10:00,2454750,2508_580n,-33.82851028442383,151.22955322265625,241.0,0.0,1079,17.98,False
2026-09-22T16:00:16+10:00,2037959,2459_440,-33.87451171875,151.12802124023438,147.0,36.0,0,0.0,True
2026-09-22T16:00:16+10:00,2283171,2459_438X,-33.88170623779297,151.13990783691406,153.0,27.7,68,1.13,True
2026-09-22T16:00:16+10:00,2289959,2459_348,-33.9190673828125,151.22654724121094,171.0,0.0,88,1.47,True
2026-09-22T16:00:16+10:00,2400101,2508_656n,-33.795814514160156,151.25306701660156,60.0,41.8,495,8.25,False
2026-09-22T16:00:16+10:00,2287764,2459_423,-33.90606689453125,151.16514587402344,37.0,33.1,735,12.25,False
2026-09-22T16:00:16+10:00,2550355,2508_144,-33.812435150146484,151.24493408203125,178.0,32.4,428,7.13,False
2026-09-22T16:00:16+10:00,2227235,2507_292,-33.8841667175293,151.20184326171875,73.0,19.1,0,0.0,True
2026-09-22T16:00:16+10:00,2644436,2507_501,-33.87188720703125,151.19326782226562,181.0,11.9,123,2.05,True
2026-09-22T16:00:16+10:00,1963105,2459_412,-33.9251708984375,151.1295928955078,190.0,31.7,-125,-2.08,False
2026-09-22T16:00:16+10:00,2037952,2459_440,-33.881103515625,151.21798706054688,119.0,0.0,-321,-5.35,False
2026-09-22T16:00:16+10:00,2283004,2459_442,-33.8656120300293,151.17694091796875,172.0,0.0,-36,-0.6,True
2026-09-22T16:00:16+10:00,2378502,2508_592n,-33.82760238647461,151.2017822265625,8.0,20.2,-35,-0.58,True
2026-09-22T16:00:16+10:00,2288872,2459_442,-33.85696792602539,151.19558715820312,78.0,0.4,0,0.0,True
2026-09-22T16:00:16+10:00,2258549,2507_516,-33.792625427246094,151.15975952148438,103.0,38.2,-108,-1.8,False
2026-09-22T16:00:16+10:00,2553959,2459_358,-33.92475128173828,151.23252868652344,279.0,15.5,239,3.98,True
2026-09-22T16:00:16+10:00,2555421,2507_265,-33.82620620727539,151.1993865966797,322.0,24.8,135,2.25,True
2026-09-22T16:00:16+10:00,2378774,2508_144,-33.8296012878418,151.2137451171875,101.0,0.0,-110,-1.83,False
2026-09-22T16:00:16+10:00,2421430,2508_230,-33.826629638671875,151.2438507080078,343.0,0.0,1087,18.12,False
2026-09-22T16:00:16+10:00,2286728,2459_461X,-33.8737678527832,151.20985412597656,5.0,0.0,63,1.05,True
2026-09-22T16:00:16+10:00,2287229,2459_431,-33.878543853759766,151.20826721191406,226.0,38.5,-102,-1.7,False
2026-09-22T16:00:16+10:00,2290138,2459_412,-33.89143371582031,151.1774444580078,74.0,30.2,117,1.95,True
2026-09-22T16:00:16+10:00,2283327,2459_426,-33.89802932739258,151.17471313476562,267.0,29.2,355,5.92,False
2026-09-22T16:00:16+10:00,2668119,2459_420,-33.92507553100586,151.16632080078125,31.0,54.7,-242,-4.03,False
2026-09-22T16:00:16+10:00,2608934,2459_430,-33.9099006652832,151.16192626953125,30.0,0.0,109,1.82,True
2026-09-22T16:00:16+10:00,2672303,2507_115,-33.8409309387207,151.2066192626953,288.0,0.0,-162,-2.7,False
2026-09-22T16:00:16+10:00,2421222,2508_230,-33.824195861816406,151.2384796142578,271.0,0.0,1387,23.12,False
2026-09-22T16:00:16+10:00,2288131,2459_470,-33.86946487426758,151.2103729248047,186.0,28.8,444,7.4,False
2026-09-22T16:00:16+10:00,2561653,2507_287,-33.815364837646484,151.16995239257812,354.0,0.0,0,0.0,True
2026-09-22T16:00:16+10:00,2208106,2459_413,-33.88132858276367,151.20614624023438,228.0,11.9,311,5.18,False
2026-09-22T16:00:16+10:00,2211999,2459_464,-33.87040710449219,151.10491943359375,7.0,28.1,-49,-0.82,True
2026-09-22T16:00:16+10:00,2377210,2508_173X,-33.849727630615234,151.21243286132812,204.0,59.0,0,0.0,True
2026-09-22T16:00:16+10:00,2538236,2507_533,-33.79570007324219,151.1763916015625,94.0,6.8,96,1.6,True
2026-09-22T16:00:16+10:00,2308916,2459_445,-33.87564468383789,151.1561279296875,356.0,0.0,30,0.5,True
2026-09-22T16:00:16+10:00,2428526,2508_238,-33.845916748046875,151.2431182861328,290.0,37.4,-40,-0.67,True
2026-09-22T16:00:16+10:00,2221705,2508_655n,-33.79523849487305,151.26901245117188,10.0,15.8,496,8.27,False
2026-09-22T16:00:16+10:00,2700033,2508_710n,-33.796993255615234,151.25148010253906,231.0,7.9,147,2.45,True
2026-09-22T16:00:16+10:00,2088933,2508_160X,-33.793731689453125,151.18203735351562,338.0,35.6,19,0.32,True
2026-09-22T16:00:16+10:00,1962296,2459_445,-33.85812759399414,151.18345642089844,293.0,0.0,11,0.18,True
2026-09-22T16:00:16+10:00,2580104,2508_100,-33.82996368408203,151.24427795410156,355.0,1.4,,,
2026-09-22T16:00:16+10:00,1964158,2459_412,-33.87109375,151.21017456054688,188.0,36.4,-60,-1.0,True
2026-09-22T16:00:16+10:00,2590041,2508_280,-33.78907775878906,151.1824493408203,339.0,37.8,-42,-0.7,True
2026-09-22T16:00:16+10:00,2289767,2459_438X,-33.863948822021484,151.1304168701172,176.0,0.0,13,0.22,True
2026-09-22T16:00:16+10:00,2289561,2459_428,-33.88435745239258,151.19784545898438,268.0,0.0,171,2.85,True
2026-09-22T16:00:16+10:00,2284731,2459_426,-33.9030647277832,151.14205932617188,328.0,0.0,0,0.0,True
2026-09-22T16:00:16+10:00,2714725,2508_114,-33.83015441894531,151.2440948486328,356.0,0.0,619,10.32,False
2026-09-22T16:00:16+10:00,2379142,2508_B1,-33.798927307128906,151.2515411376953,236.0,27.4,-63,-1.05,False
2026-09-22T16:00:16+10:00,2322303,2507_506,-33.873538970947266,151.2155303955078,11.0,0.0,0,0.0,True
2026-09-22T16:00:16+10:00,2229320,2507_288,-33.822505950927734,151.22000122070312,224.0,35.3,43,0.72,True
2026-09-22T16:00:16+10:00,2580240,2508_100,-33.85623550415039,151.20828247070312,27.0,52.9,-126,-2.1,False
2026-09-22T16:00:16+10:00,2378247,2508_584n,-33.827518463134766,151.24404907226562,357.0,0.0,932,15.53,False
2026-09-22T16:00:16+10:00,2415651,2508_B1,-33.86602783203125,151.20635986328125,5.0,0.0,0,0.0,True
2026-09-22T16:00:16+10:00,2287184,2459_412,-33.89406967163086,151.1573028564453,88.0,9.7,88,1.47,True
2026-09-22T16:00:16+10:00,2290766,2459_433,-33.8826789855957,151.1903533935547,309.0,34.2,9,0.15,True
2026-09-22T16:00:16+10:00,2644956,2507_501,-33.821834564208984,151.1209259033203,132.0,11.9,57,0.95,True
2026-09-22T16:00:16+10:00,2377636,2508_172X,-33.803619384765625,151.20565795898438,191.0,25.2,0,0.0,True
2026-09-22T16:00:16+10:00,2714663,2508_114,-33.8260498046875,151.24356079101562,341.0,6.8,1380,23.0,False
2026-09-22T16:00:16+10:00,2421390,2508_793n,-33.80595779418945,151.25827026367188,189.0,40.0,-74,-1.23,False
2026-09-22T16:00:16+10:00,2477779,2459_615s,-33.86436080932617,151.1302947998047,9.0,3.6,82,1.37,True
2026-09-22T16:00:16+10:00,2644935,2507_501,-33.83456802368164,151.1453094482422,15.0,0.0,24,0.4,True
2026-09-22T16:00:16+10:00,2642868,2507_120,-33.79259490966797,151.19479370117188,74.0,0.0,187,3.12,True
2026-09-22T16:00:16+10:00,2634546,2507_778w,-33.81505584716797,151.15634155273438,269.0,49.0,134,2.23,True
2026-09-22T16:00:16+10:00,2289096,2459_428,-33.90809631347656,151.1252899169922,231.0,0.0,322,5.37,False
2026-09-22T16:00:16+10:00,2225430,2507_505,-33.83417510986328,151.1455078125,15.0,0.0,201,3.35,True
2026-09-22T16:00:16+10:00,2682173,2507_767w,-33.80316925048828,151.1974639892578,99.0,19.8,-170,-2.83,False
2026-09-22T16:00:16+10:00,2672479,2507_267,-33.795753479003906,151.18116760253906,224.0,15.1,-222,-3.7,False
2026-09-22T16:00:16+10:00,2700026,2508_722n,-33.789947509765625,151.25894165039062,278.0,33.8,508,8.47,False
2026-09-22T16:00:16+10:00,2284118,2459_415,-33.86793899536133,151.1298065185547,19.0,11.5,-197,-3.28,False
2026-09-22T16:00:16+10:00,2219311,2459_445,-33.86342239379883,151.17041015625,204.0,0.0,-164,-2.73,False
2026-09-22T16:00:16+10:00,2286157,2459_461X,-33.88888931274414,151.154296875,262.0,27.4,248,4.13,True
2026-09-22T16:00:16+10:00,2634560,2507_254,-33.81882095336914,151.1832275390625,321.0,28.8,190,3.17,True
2026-09-22T16:00:16+10:00,2683175,7083_SW1,-33.91452407836914,151.1653594970703,213.0,0.0,-882,-14.7,False
2026-09-22T16:00:16+10:00,2580054,2508_177X,-33.80986785888672,151.24549865722656,213.0,26.6,0,0.0,True
2026-09-22T16:00:16+10:00,2643636,2507_501,-33.8317985534668,151.12680053710938,7.0,0.0,62,1.03,True
2026-09-22T16:00:16+10:00,2634512,2507_253,-33.86672592163086,151.2047576904297,86.0,0.0,165,2.75,True
2026-09-22T16:00:16+10:00,2686009,2459_423,-33.88503646850586,151.20437622070312,242.0,20.5,911,15.18,False
2026-09-22T16:00:16+10:00,2290069,2459_438X,-33.87580490112305,151.2095947265625,5.0,32.8,100,1.67,True
2026-09-22T16:00:16+10:00,2514983,2459_410,-33.861480712890625,151.10580444335938,300.0,24.8,14,0.23,True
2026-09-22T16:00:16+10:00,2621501,2507_516,-33.79746627807617,151.17803955078125,305.0,17.6,-13,-0.22,True
2026-09-22T16:00:16+10:00,2290268,2459_418,-33.88090896606445,151.10299682617188,10.0,1.8,363,6.05,False
2026-09-22T16:00:16+10:00,2225805,2507_261,-33.82395935058594,151.21011352539062,105.0,70.2,0,0.0,True
2026-09-22T16:00:16+10:00,2596446,2459_490,-33.87315368652344,151.12599182128906,41.0,1.1,624,10.4,False
2026-09-22T16:00:16+10:00,2287588,2459_438X,-33.88081359863281,151.20664978027344,21.0,27.4,-105,-1.75,False
2026-09-22T16:00:16+10:00,2283937,2459_461X,-33.88810348510742,151.1642608642578,84.0,48.2,85,1.42,True
2026-09-22T16:00:16+10:00,2209238,2459_406,-33.88452911376953,151.13583374023438,216.0,0.0,194,3.23,True
2026-09-22T16:00:16+10:00,2284041,2459_470,-33.87495422363281,151.20970153808594,7.0,0.0,751,12.52,False
2026-09-22T16:00:16+10:00,2424437,2508_589n,-33.82610321044922,151.2312774658203,37.0,18.4,200,3.33,True
2026-09-22T16:00:16+10:00,2209305,2459_440,-33.884544372558594,151.19764709472656,268.0,4.7,257,4.28,True
2026-09-22T16:00:16+10:00,1960163,2459_736s,-33.89837646484375,151.1082000732422,5.0,2.9,961,16.02,False
2026-09-22T16:00:16+10:00,2580188,2508_100,-33.84189224243164,151.24388122558594,169.0,0.0,0,0.0,True
2026-09-22T16:00:16+10:00,2580182,2508_100,-33.842010498046875,151.2438507080078,176.0,26.3,-168,-2.8,False
2026-09-22T16:00:16+10:00,2685941,2459_423,-33.89242935180664,151.1871337890625,245.0,0.0,245,4.08,True
2026-09-22T16:00:16+10:00,2580250,2508_180X,-33.79435729980469,151.20816040039062,159.0,32.4,0,0.0,True
2026-09-22T16:00:16+10:00,2400097,2508_653n,-33.80068588256836,151.2574462890625,223.0,5.8,623,10.38,False
2026-09-22T16:00:16+10:00,1622835,2507_694w,-33.81344223022461,151.17010498046875,30.0,0.0,542,9.03,False
2026-09-22T16:00:16+10:00,2248879,2507_687w,-33.80533981323242,151.17926025390625,356.0,30.6,-522,-8.7,False
2026-09-22T16:00:16+10:00,2580075,2508_100,-33.84197998046875,151.24362182617188,353.0,0.0,21,0.35,True
2026-09-22T16:00:16+10:00,2620003,2459_530,-33.82041549682617,151.15003967285156,23.0,6.1,6,0.1,True
2026-09-22T16:00:16+10:00,2620060,2459_530,-33.796634674072266,151.18043518066406,175.0,0.7,0,0.0,True
2026-09-22T16:00:16+10:00,2672330,2507_115,-33.79608154296875,151.18429565429688,74.0,0.0,60,1.0,True
2026-09-22T16:00:16+10:00,1905228,2459_589s,-33.88664245605469,151.1069793701172,79.0,36.7,126,2.1,True
2026-09-22T16:00:16+10:00,2636196,2459_504,-33.85187911987305,151.13409423828125,90.0,18.7,2,0.03,True
2026-09-22T16:00:16+10:00,2388975,2508_173X,-33.793941497802734,151.26065063476562,262.0,35.6,189,3.15,True
2026-09-22T16:00:16+10:00,2596139,2459_490,-33.875789642333984,151.12200927734375,280.0,38.2,147,2.45,True
2026-09-22T16:00:16+10:00,2283876,2459_461X,-33.87116622924805,151.1209716796875,279.0,0.0,-66,-1.1,False
2026-09-22T16:00:16+10:00,2283460,2459_461X,-33.888675689697266,151.15509033203125,80.0,11.5,-56,-0.93,True
2026-09-22T16:00:16+10:00,2287455,2459_530,-33.87149429321289,151.1047821044922,8.0,27.0,378,6.3,False
2026-09-22T16:00:16+10:00,2620014,2459_530,-33.86759948730469,151.12989807128906,188.0,0.0,207,3.45,True
2026-09-22T16:00:16+10:00,2672370,2507_115,-33.827945709228516,151.2018585205078,7.0,0.0,25,0.42,True
2026-09-22T16:00:16+10:00,2286215,2459_437,-33.86663055419922,151.17514038085938,134.0,24.1,0,0.0,True
2026-09-22T16:00:16+10:00,2415629,2508_B1,-33.865657806396484,151.2056884765625,174.0,0.0,0,0.0,True
2026-09-22T16:00:16+10:00,2373838,2508_173X,-33.866092681884766,151.2057342529297,171.0,0.4,5,0.08,True
2026-09-22T16:00:16+10:00,2349358,2459_418,-33.876869201660156,151.10374450683594,187.0,26.3,81,1.35,True
2026-09-22T16:00:16+10:00,2644378,2507_501,-33.83829879760742,151.13356018066406,130.0,46.1,190,3.17,True
2026-09-22T16:00:16+10:00,2209200,2459_413,-33.895538330078125,151.13230895996094,179.0,28.4,-58,-0.97,True
2026-09-22T16:00:16+10:00,2407922,2507_252,-33.827186584472656,151.20040893554688,140.0,0.0,331,5.52,False
2026-09-22T16:00:16+10:00,2248892,2507_578w,-33.8207893371582,151.16458129882812,15.0,0.0,-125,-2.08,False
2026-09-22T16:00:16+10:00,2580256,2508_100,-33.82627868652344,151.24371337890625,344.0,3.6,1072,17.87,False
2026-09-22T16:00:16+10:00,2286069,2459_433,-33.87721252441406,151.1765899658203,163.0,0.0,18,0.3,True
2026-09-22T16:00:16+10:00,2290205,2459_441,-33.870811462402344,151.2066650390625,267.0,0.0,-484,-8.07,False
2026-09-22T16:00:16+10:00,2621601,2507_536,-33.816993713378906,151.151611328125,189.0,31.0,200,3.33,True
2026-09-22T16:00:16+10:00,2037958,2459_440,-33.84925079345703,151.14974975585938,324.0,18.7,0,0.0,True
2026-09-22T16:00:16+10:00,2283803,2459_442,-33.86042785644531,151.17030334472656,46.0,14.4,0,0.0,True
2026-09-22T16:00:16+10:00,2407689,2507_252,-33.81428909301758,151.16357421875,118.0,32.8,-3,-0.05,True
2026-09-22T16:00:16+10:00,2441803,2507_202,-33.83315658569336,151.2081298828125,191.0,36.0,-176,-2.93,False
2026-09-22T16:00:16+10:00,2643809,2507_120,-33.868682861328125,151.2060546875,168.0,10.8,88,1.47,True
2026-09-22T16:00:16+10:00,2635880,2459_415,-33.85162353515625,151.1355438232422,232.0,31.0,191,3.18,True
2026-09-22T16:00:16+10:00,2290439,2459_422,-33.88032531738281,151.20681762695312,188.0,0.0,0,0.0,True
2026-09-22T16:00:16+10:00,1879184,2507_686w,-33.799659729003906,151.17918395996094,338.0,0.0,347,5.78,False
2026-09-22T16:00:16+10:00,2310028,7083_SW3,-33.9058952331543,151.15753173828125,141.0,30.6,-254,-4.23,False
2026-09-22T16:00:16+10:00,2553939,2459_358,-33.920902252197266,151.1923065185547,280.0,0.0,-257,-4.28,False
2026-09-22T16:00:16+10:00,2561652,2507_286,-33.849647521972656,151.21316528320312,244.0,0.0,1,0.02,True
2026-09-22T16:00:16+10:00,2440920,2508_150X,-33.830806732177734,151.22494506835938,68.0,22.7,171,2.85,True
2026-09-22T16:00:16+10:00,2554059,2459_358,-33.91683578491211,151.2384490966797,281.0,9.0,407,6.78,False
2026-09-22T16:00:16+10:00,2289989,2459_348,-33.910770416259766,151.20213317871094,199.0,38.2,94,1.57,True
2026-09-22T16:00:16+10:00,2208778,2459_464,-33.861209869384766,151.10519409179688,116.0,32.8,7,0.12,True
2026-09-22T16:00:16+10:00,2621647,2507_288,-33.86427688598633,151.20326232910156,275.0,8.6,-32,-0.53,True
2026-09-22T16:00:16+10:00,2555525,2507_291,-33.84034729003906,151.20855712890625,142.0,0.0,1,0.02,True
2026-09-22T16:00:16+10:00,2415708,2508_B1,-33.86659240722656,151.206298828125,4.0,0.0,0,0.0,True
2026-09-22T16:00:16+10:00,1961839,2459_412,-33.865596771240234,151.2103271484375,220.0,0.0,0,0.0,True
2026-09-22T16:00:16+10:00,2626606,2507_681w,-33.8271484375,151.1867218017578,269.0,3.2,857,14.28,False
2026-09-22T16:00:16+10:00,2643937,2507_501,-33.87040328979492,151.18983459472656,118.0,59.0,-397,-6.62,False
2026-09-22T16:00:16+10:00,2475084,2459_389,-33.87785720825195,151.21746826171875,188.0,29.5,-43,-0.72,True
2026-09-22T16:00:16+10:00,2378567,2508_582n,-33.82838821411133,151.24407958984375,356.0,0.0,1168,19.47,False
2026-09-22T16:00:16+10:00,2554164,2459_358,-33.918861389160156,151.16909790039062,141.0,12.2,171,2.85,True
2026-09-22T16:00:16+10:00,2037954,2459_440,-33.88759231567383,151.17095947265625,85.0,0.0,55,0.92,True
2026-09-22T16:00:16+10:00,1961827,2459_445,-33.888729095458984,151.15667724609375,161.0,0.0,-270,-4.5,False
2026-09-22T16:00:16+10:00,2407477,2507_265,-33.831153869628906,151.201416015625,240.0,20.9,326,5.43,False
2026-09-22T16:00:16+10:00,2421290,2508_225,-33.83995819091797,151.21957397460938,284.0,30.2,-146,-2.43,False
2026-09-22T16:00:16+10:00,2643839,2507_52,-33.873348236083984,151.21026611328125,283.0,11.5,0,0.0,True
2026-09-22T16:00:16+10:00,2672339,2507_115,-33.81016540527344,151.19949340820312,359.0,0.0,645,10.75,False
2026-09-22T16:00:16+10:00,2349279,2459_418,-33.90946578979492,151.15423583984375,120.0,0.0,-40,-0.67,True
2026-09-22T16:00:16+10:00,2283914,2459_431,-33.880126953125,151.18716430664062,321.0,0.0,204,3.4,True
2026-09-22T16:00:16+10:00,2378173,2508_608n,-33.824371337890625,151.24359130859375,353.0,0.0,1856,30.93,False
2026-09-22T16:00:16+10:00,2484405,2459_480,-33.88003158569336,151.20848083496094,184.0,0.0,0,0.0,True
2026-09-22T16:00:16+10:00,2280414,7083_SW3,-33.91115188598633,151.1576690673828,-62.0,0.0,154,2.57,True
2026-09-22T16:00:16+10:00,2230347,2507_285,-33.799522399902344,151.2191925048828,263.0,36.0,0,0.0,True
2026-09-22T16:00:16+10:00,1963154,2459_480,-33.88465118408203,151.18775939941406,88.0,0.0,281,4.68,True
2026-09-22T16:00:16+10:00,2644328,2507_501,-33.86979675292969,151.19378662109375,66.0,0.0,29,0.48,True
2026-09-22T16:00:16+10:00,2290599,2459_428,-33.87823486328125,151.20840454101562,102.0,6.8,239,3.98,True
2026-09-22T16:00:16+10:00,2415675,2508_B1,-33.83092498779297,151.2247772216797,67.0,19.1,138,2.3,True
2026-09-22T16:00:16+10:00,2340947,2459_423,-33.884124755859375,151.2013702392578,84.0,16.2,-394,-6.57,False
2026-09-22T16:00:16+10:00,2378602,2508_595n,-33.78150177001953,151.18838500976562,248.0,29.5,-48,-0.8,True
2026-09-22T16:00:16+10:00,2424386,2508_154X,-33.82979965209961,151.21841430664062,113.0,0.0,-25,-0.42,True
2026-09-22T16:00:16+10:00,2286234,2459_438X,-33.887786865234375,151.1600341796875,270.0,25.6,126,2.1,True
2026-09-22T16:00:16+10:00,2290807,2459_441,-33.87317657470703,151.2086944580078,97.0,5.8,-151,-2.52,False
2026-09-22T16:00:16+10:00,2580190,2508_100,-33.82681655883789,151.23193359375,40.0,43.2,68,1.13,True
2026-09-22T16:00:16+10:00,2626607,2507_681w,-33.81513977050781,151.1524658203125,246.0,0.0,-510,-8.5,False
2026-09-22T16:00:16+10:00,2378780,2508_609n,-33.82516098022461,151.2422637939453,294.0,6.1,939,15.65,False
2026-09-22T16:00:16+10:00,2209401,2459_440,-33.88100051879883,151.21768188476562,299.0,0.0,70,1.17,True
2026-09-22T16:00:16+10:00,2424412,2508_154X,-33.804141998291016,151.24607849121094,359.0,52.9,1036,17.27,False
2026-09-22T16:00:16+10:00,2580140,2508_165X,-33.86687088012695,151.20626831054688,4.0,0.0,0,0.0,True
2026-09-22T16:00:16+10:00,2672281,2507_115,-33.81780242919922,151.2011260986328,12.0,2.9,220,3.67,True
2026-09-22T16:00:16+10:00,2621579,2507_285,-33.80997085571289,151.15928649902344,100.0,36.0,83,1.38,True
2026-09-22T16:00:16+10:00,2288176,2459_461X,-33.877227783203125,151.10350036621094,98.0,0.0,131,2.18,True
2026-09-22T16:00:16+10:00,2379201,2508_B1,-33.824363708496094,151.2412567138672,227.0,0.0,152,2.53,True
2026-09-22T16:00:16+10:00,1961826,2459_445,-33.89210510253906,151.15814208984375,196.0,0.0,461,7.68,False
2026-09-22T16:00:16+10:00,2554370,2459_358,-33.91974639892578,151.178466796875,306.0,8.3,-232,-3.87,False
2026-09-22T16:00:16+10:00,2580261,2508_100,-33.83808898925781,151.23561096191406,32.0,41.8,1,0.02,True
2026-09-22T16:00:16+10:00,2322342,2507_584w,-33.81022262573242,151.13890075683594,324.0,56.2,64,1.07,True
2026-09-22T16:00:16+10:00,2609051,2459_430,-33.88203430175781,151.20669555664062,117.0,4.3,-440,-7.33,False
2026-09-22T16:00:16+10:00,2714709,2508_578n,-33.830039978027344,151.24412536621094,355.0,2.5,941,15.68,False
2026-09-22T16:00:16+10:00,2424352,2508_230,-33.83029556274414,151.22573852539062,62.0,21.2,27,0.45,True
2026-09-22T16:00:16+10:00,2230340,2507_505,-33.82742691040039,151.18849182128906,342.0,15.1,3,0.05,True
2026-09-22T16:00:16+10:00,2406998,2507_265,-33.81787109375,151.175537109375,103.0,24.1,-45,-0.75,True
2026-09-22T16:00:16+10:00,2424441,2508_230,-33.83308792114258,151.2364044189453,213.0,32.0,66,1.1,True
2026-09-22T16:00:16+10:00,2421186,2508_574n,-33.83136749267578,151.22393798828125,246.0,28.8,-164,-2.73,False
2026-09-22T16:00:16+10:00,2037957,2459_440,-33.88349151611328,151.17543029785156,339.0,22.3,0,0.0,True
2026-09-22T16:00:16+10:00,2378313,2508_144,-33.79829788208008,151.24459838867188,76.0,0.0,356,5.93,False
2026-09-22T16:00:16+10:00,2329108,7083_SW3,-33.912628173828125,151.11842346191406,230.0,0.0,255,4.25,True
2026-09-22T16:00:16+10:00,2392836,2508_114,-33.824710845947266,151.24143981933594,117.0,0.0,-3,-0.05,True
2026-09-22T16:00:16+10:00,2037955,2459_440,-33.88429260253906,151.1571807861328,173.0,0.0,-27,-0.45,True
2026-09-22T16:00:16+10:00,2283129,2459_348,-33.90953063964844,151.20249938964844,15.0,27.7,252,4.2,True
2026-09-22T16:00:16+10:00,2288391,2459_423,-33.905487060546875,151.16744995117188,77.0,23.8,165,2.75,True
2026-09-22T16:00:16+10:00,2731226,2507_507,-33.87240982055664,151.21275329589844,186.0,0.0,0,0.0,True
2026-09-22T16:00:16+10:00,2484409,2459_480,-33.88773727416992,151.13600158691406,239.0,35.6,51,0.85,True
2026-09-22T16:00:16+10:00,2340754,2459_466,-33.850582122802734,151.11309814453125,185.0,14.8,34,0.57,True
2026-09-22T16:00:16+10:00,2283823,2459_426,-33.88368225097656,151.1979522705078,86.0,1.1,-323,-5.38,False
2026-09-22T16:00:16+10:00,2088970,2508_160X,-33.787078857421875,151.1815185546875,339.0,0.0,460,7.67,False
2026-09-22T16:00:16+10:00,2475159,2459_389,-33.869876861572266,151.19786071777344,189.0,0.0,61,1.02,True
2026-09-22T16:00:16+10:00,2286036,2459_431,-33.8830451965332,151.2038116455078,51.0,0.0,-35,-0.58,True
2026-09-22T16:00:16+10:00,2589995,2508_280,-33.7963752746582,151.25245666503906,52.0,0.0,0,0.0,True
2026-09-22T16:00:16+10:00,2284536,2459_426,-33.91213607788086,151.1600341796875,116.0,14.4,148,2.47,True
2026-09-22T16:00:16+10:00,2714648,2508_591n,-33.82442092895508,151.24111938476562,298.0,0.0,1504,25.07,False
2026-09-22T16:00:16+10:00,1508351,2459_464,-33.888092041015625,151.12353515625,298.0,0.0,148,2.47,True
2026-09-22T16:00:16+10:00,2285080,2459_461X,-33.88468551635742,151.1937255859375,264.0,11.9,265,4.42,True
2026-09-22T16:00:16+10:00,2440932,2508_150X,-33.84946823120117,151.2118377685547,360.0,26.6,11,0.18,True
2026-09-22T16:00:16+10:00,2681908,2507_267,-33.79518508911133,151.18699645996094,146.0,16.2,266,4.43,True
2026-09-22T16:00:16+10:00,2378070,2508_662n,-33.8300895690918,151.2439422607422,69.0,0.0,1443,24.05,False
2026-09-22T16:00:16+10:00,2289279,2459_461X,-33.8831901550293,151.20384216308594,216.0,29.9,-15,-0.25,True
2026-09-22T16:00:16+10:00,2288121,2459_442,-33.87126922607422,151.2063446044922,172.0,0.0,-267,-4.45,False
2026-09-22T16:00:16+10:00,2424371,2508_230,-33.79716110229492,151.25094604492188,65.0,23.0,107,1.78,True
2026-09-22T16:00:16+10:00,2211972,2459_466,-33.85798263549805,151.11312866210938,346.0,33.1,70,1.17,True
2026-09-22T16:00:16+10:00,2290242,2459_428,-33.8928337097168,151.1855926513672,252.0,27.4,277,4.62,True
2026-09-22T16:00:16+10:00,2636229,2459_504,-33.855506896972656,151.1477508544922,231.0,0.0,-62,-1.03,False
2026-09-22T16:00:16+10:00,2635986,2459_504,-33.86429214477539,151.1704864501953,311.0,1.8,-26,-0.43,True
2026-09-22T16:00:16+10:00,2066226,2507_564s,-33.86201095581055,151.16639709472656,282.0,35.3,-23,-0.38,True
2026-09-22T16:00:16+10:00,2038759,2459_469,-33.88425827026367,151.14964294433594,268.0,0.0,188,3.13,True
2026-09-22T16:00:16+10:00,2208549,2459_440,-33.89094161987305,151.2490234375,97.0,24.5,11,0.18,True
2026-09-22T16:00:16+10:00,1866657,2507_684w,-33.79948806762695,151.14051818847656,296.0,43.6,461,7.68,False
2026-09-22T16:00:16+10:00,2340820,2459_308,-33.90373992919922,151.19052124023438,218.0,38.2,-35,-0.58,True
2026-09-22T16:00:16+10:00,2644676,2507_52,-33.823829650878906,151.12384033203125,303.0,42.1,158,2.63,True
2026-09-22T16:00:16+10:00,2714720,2508_144,-33.82461166381836,151.19058227539062,253.0,0.0,400,6.67,False
2026-09-22T16:00:16+10:00,2228326,2507_292,-33.83751678466797,151.21142578125,193.0,64.1,-463,-7.72,False
2026-09-22T16:00:16+10:00,2037934,2459_470,-33.86846923828125,151.16384887695312,222.0,43.6,0,0.0,True
2026-09-22T16:00:16+10:00,2288321,2459_428,-33.90379333496094,151.16859436035156,21.0,0.0,199,3.32,True
2026-09-22T16:00:16+10:00,2329219,7083_SW3,-33.90465545654297,151.1437530517578,-40.0,5.4,157,2.62,True
2026-09-22T16:00:16+10:00,2643068,2507_501,-33.87501525878906,151.19703674316406,335.0,0.0,2,0.03,True
2026-09-22T16:00:16+10:00,2284274,2459_433,-33.85799026489258,151.1829376220703,291.0,0.0,29,0.48,True
2026-09-22T16:00:16+10:00,2248877,2507_691w,-33.82949447631836,151.2134246826172,101.0,10.4,-220,-3.67,False
2026-09-22T16:00:16+10:00,2284819,2459_438X,-33.88420867919922,151.20494079589844,223.0,28.1,171,2.85,True
2026-09-22T16:00:16+10:00,2418293,2459_585s,-33.85731506347656,151.11277770996094,74.0,0.0,-321,-5.35,False
2026-09-22T16:00:16+10:00,2349302,2459_418,-33.91436767578125,151.16342163085938,132.0,32.8,373,6.22,False
2026-09-22T16:00:16+10:00,2037827,2459_469,-33.87968063354492,151.17758178710938,97.0,24.5,89,1.48,True
2026-09-22T16:00:16+10:00,1963057,2459_413,-33.89495849609375,151.1327667236328,90.0,0.0,402,6.7,False
2026-09-22T16:00:16+10:00,2660416,2459_320,-33.88372039794922,151.2037811279297,40.0,13.7,11,0.18,True
2026-09-22T16:00:16+10:00,2283622,2459_502,-33.867733001708984,151.1237030029297,279.0,33.1,280,4.67,True
2026-09-22T16:00:16+10:00,2685978,2459_423,-33.92335510253906,151.1425018310547,199.0,25.6,-230,-3.83,False
2026-09-22T16:00:16+10:00,2447855,2507_209,-33.8023567199707,151.2114715576172,345.0,25.2,322,5.37,False
2026-09-22T16:00:16+10:00,2378754,2508_761n,-33.806053161621094,151.2632598876953,102.0,39.2,-331,-5.52,False
2026-09-22T16:00:16+10:00,2635890,2459_504,-33.84796142578125,151.14137268066406,231.0,5.0,0,0.0,True
2026-09-22T16:00:16+10:00,2286764,2459_418,-33.90839767456055,151.1302032470703,313.0,27.7,3,0.05,True
2026-09-22T16:00:16+10:00,2287981,2459_431,-33.88203048706055,151.18963623046875,133.0,10.1,-112,-1.87,False
2026-09-22T16:00:16+10:00,2580163,2508_181X,-33.79447937011719,151.208251953125,159.0,37.1,168,2.8,True
2026-09-22T16:00:16+10:00,2285267,2459_470,-33.88444137573242,151.1938934326172,89.0,34.9,165,2.75,True
2026-09-22T16:00:16+10:00,2290425,2459_431,-33.88432312011719,151.19737243652344,272.0,31.7,3,0.05,True
2026-09-22T16:00:16+10:00,1872287,2507_698w,-33.80717086791992,151.19937133789062,173.0,38.9,93,1.55,True
2026-09-22T16:00:16+10:00,2421267,2508_617n,-33.82440948486328,151.24032592773438,96.0,8.6,144,2.4,True
2026-09-22T16:00:16+10:00,2559054,7083_SW1,-33.911197662353516,151.15782165527344,117.0,16.2,-141,-2.35,False
2026-09-22T16:00:16+10:00,2555451,2507_291,-33.81399154663086,151.1771697998047,311.0,10.4,420,7.0,False
2026-09-22T16:00:16+10:00,2686031,2459_423,-33.87508010864258,151.20968627929688,187.0,25.9,-24,-0.4,True
2026-09-22T16:00:16+10:00,2285922,2459_437,-33.88416290283203,151.14544677734375,91.0,39.6,17,0.28,True
2026-09-22T16:00:16+10:00,2289545,2459_442,-33.85809326171875,151.18411254882812,69.0,10.4,512,8.53,False
2026-09-22T16:00:16+10:00,2374579,2508_172X,-33.800140380859375,151.24806213378906,250.0,15.1,473,7.88,False
2026-09-22T16:00:16+10:00,2682772,7083_SW1,-33.91337966918945,151.1166534423828,269.0,0.0,155,2.58,True
2026-09-22T16:00:16+10:00,2457065,2508_769n,-33.82444763183594,151.24093627929688,71.0,14.8,545,9.08,False
2026-09-22T16:00:16+10:00,2284800,2459_502,-33.87279510498047,151.20448303222656,244.0,0.0,-63,-1.05,False
2026-09-22T16:00:16+10:00,2038612,2459_571s,-33.87052917480469,151.1221466064453,6.0,0.0,2411,40.18,False
2026-09-22T16:00:16+10:00,2660136,2459_320,-33.903968811035156,151.2095184326172,24.0,0.0,25,0.42,True
2026-09-22T16:00:16+10:00,2340613,2459_308,-33.90850830078125,151.17181396484375,77.0,0.0,0,0.0,True
2026-09-22T16:00:16+10:00,2283323,2459_423,-33.92683410644531,151.12889099121094,100.0,2.2,160,2.67,True
2026-09-22T16:00:16+10:00,2286002,2459_389,-33.866512298583984,151.1952362060547,134.0,24.5,-163,-2.72,False
2026-09-22T16:00:16+10:00,2596192,2459_491,-33.88616943359375,151.12464904785156,122.0,0.0,149,2.48,True
2026-09-22T16:00:16+10:00,2636076,2459_504,-33.872955322265625,151.20700073242188,110.0,17.3,-133,-2.22,False
2026-09-22T16:00:16+10:00,2378333,2508_144,-33.797298431396484,151.1796112060547,249.0,0.0,0,0.0,True
2026-09-22T16:00:16+10:00,2285734,2459_423,-33.891563415527344,151.18814086914062,41.0,3.2,518,8.63,False
2026-09-22T16:00:16+10:00,2580052,2508_100,-33.83161926269531,151.22242736816406,281.0,20.2,1139,18.98,False
2026-09-22T16:00:16+10:00,2643917,2507_120,-33.795738220214844,151.18258666992188,71.0,0.0,136,2.27,True
2026-09-22T16:00:16+10:00,2289441,2459_418,-33.91139221191406,151.15817260742188,302.0,5.4,318,5.3,False
2026-09-22T16:00:16+10:00,2374521,2508_111,-33.8335075378418,151.25146484375,103.0,41.0,258,4.3,True
2026-09-22T16:00:16+10:00,2475309,2459_389,-33.86914825439453,151.20306396484375,39.0,0.0,22,0.37,True
2026-09-22T16:00:16+10:00,2596437,2459_491,-33.88793182373047,151.12599182128906,295.0,28.1,0,0.0,True
2026-09-22T16:00:16+10:00,2374454,2508_172X,-33.797237396240234,151.25076293945312,259.0,23.4,329,5.48,False
2026-09-22T16:00:16+10:00,2685986,2459_423,-33.89942932128906,151.1710662841797,236.0,7.6,331,5.52,False
2026-09-22T16:00:16+10:00,2580068,2508_708n,-33.82481002807617,151.24166870117188,119.0,23.4,-55,-0.92,True
2026-09-22T16:00:16+10:00,2378304,2508_607n,-33.824798583984375,151.2417755126953,300.0,0.0,1208,20.13,False
2026-09-22T16:00:16+10:00,2378984,2508_B1,-33.81868362426758,151.2440643310547,174.0,33.8,98,1.63,True
2026-09-22T16:00:16+10:00,2415716,2508_B1,-33.830726623535156,151.2206268310547,114.0,33.8,24,0.4,True
2026-09-22T16:00:16+10:00,2643651,2507_120,-33.84907150268555,151.21267700195312,193.0,63.4,65,1.08,True
2026-09-22T16:00:16+10:00,2683172,7083_SW1,-33.91122817993164,151.15780639648438,-61.0,0.0,639,10.65,False
2026-09-22T16:00:16+10:00,2209557,2459_440,-33.88993453979492,151.23403930664062,294.0,37.1,32,0.53,True
2026-09-22T16:00:16+10:00,2580153,2508_100,-33.84173583984375,151.24354553222656,12.0,0.0,0,0.0,True
2026-09-22T16:00:16+10:00,2284206,2459_433,-33.862667083740234,151.17079162597656,24.0,11.5,95,1.58,True
2026-09-22T16:00:16+10:00,2609026,2459_430,-33.89300537109375,151.18521118164062,253.0,0.0,-332,-5.53,False
2026-09-22T16:00:16+10:00,2360123,2507_205,-33.82421112060547,151.20980834960938,8.0,30.6,-45,-0.75,True
2026-09-22T16:00:16+10:00,2285553,2459_423,-33.891448974609375,151.1774444580078,73.0,29.5,12,0.2,True
2026-09-22T16:00:16+10:00,2626835,2508_711n,-33.80128479003906,151.24285888671875,40.0,32.0,-352,-5.87,False
2026-09-22T16:00:16+10:00,2374773,2508_173X,-33.81464767456055,151.2435302734375,31.0,34.2,136,2.27,True
2026-09-22T16:00:16+10:00,2731419,2507_507,-33.87169647216797,151.2128448486328,181.0,11.9,0,0.0,True
2026-09-22T16:00:16+10:00,2349522,2459_418,-33.89010238647461,151.12765502929688,119.0,24.5,599,9.98,False
2026-09-22T16:00:16+10:00,2290360,2459_428,-33.903194427490234,151.14230346679688,62.0,20.5,62,1.03,True
2026-09-22T16:00:16+10:00,2682101,2507_770w,-33.81038284301758,151.22569274902344,51.0,0.7,538,8.97,False
2026-09-22T16:00:16+10:00,2668092,2459_420,-33.92763137817383,151.18739318847656,203.0,15.5,83,1.38,True
2026-09-22T16:00:16+10:00,2308818,2459_445,-33.89379119873047,151.15757751464844,15.0,34.6,-78,-1.3,False
2026-09-22T16:00:16+10:00,2290815,2459_303,-33.91948699951172,151.22686767578125,281.0,0.0,363,6.05,False
2026-09-22T16:00:16+10:00,2349482,2459_418,-33.887596130371094,151.1148223876953,121.0,45.7,191,3.18,True
2026-09-22T16:00:16+10:00,2283488,2459_470,-33.87690353393555,151.1294708251953,62.0,0.0,0,0.0,True
2026-09-22T16:00:16+10:00,2407281,2507_255,-33.8012809753418,151.17135620117188,155.0,29.5,187,3.12,True
2026-09-22T16:00:16+10:00,1932579,2459_412,-33.88069534301758,151.2068634033203,18.0,24.8,-172,-2.87,False
2026-09-22T16:00:16+10:00,2208691,2459_440,-33.89086151123047,151.248291015625,98.0,0.0,0,0.0,True
2026-09-22T16:00:16+10:00,2290809,2459_422,-33.895263671875,151.18162536621094,40.0,0.0,-60,-1.0,True
2026-09-22T16:00:16+10:00,2644175,2507_52,-33.87141418457031,151.21653747558594,43.0,0.0,0,0.0,True
2026-09-22T16:00:16+10:00,2621478,2507_252,-33.825775146484375,151.19883728027344,322.0,36.7,197,3.28,True
2026-09-22T16:00:16+10:00,2248872,2507_688w,-33.82511520385742,151.17984008789062,119.0,52.9,341,5.68,False
2026-09-22T16:00:16+10:00,2682128,2507_536,-33.79672622680664,151.1787872314453,67.0,29.2,-525,-8.75,False
2026-09-22T16:00:16+10:00,2731390,2507_507,-33.864112854003906,151.12905883789062,87.0,0.0,0,0.0,True
2026-09-22T16:00:16+10:00,2672434,2507_267,-33.826019287109375,151.20236206054688,11.0,0.0,26,0.43,True
2026-09-22T16:00:16+10:00,2537752,2507_506,-33.81892776489258,151.1283721923828,93.0,23.0,301,5.02,False
2026-09-22T16:00:16+10:00,2037453,2459_608s,-33.92672348022461,151.12709045410156,278.0,0.0,-29,-0.48,True
2026-09-22T16:00:16+10:00,2290451,2459_470,-33.882728576660156,151.1814422607422,57.0,31.7,-26,-0.43,True
2026-09-22T16:00:16+10:00,2441930,2507_207,-33.779945373535156,151.19544982910156,339.0,11.5,205,3.42,True
2026-09-22T16:00:16+10:00,2634530,2507_254,-33.81216812133789,151.1752166748047,81.0,17.6,270,4.5,True
2026-09-22T16:00:16+10:00,2377985,2508_144,-33.81565475463867,151.178466796875,159.0,1.4,212,3.53,True
2026-09-22T16:00:16+10:00,2229394,2507_292,-33.8124885559082,151.17173767089844,260.0,0.0,128,2.13,True
2026-09-22T16:00:16+10:00,2287382,2459_437,-33.8723258972168,151.19390869140625,148.0,55.8,-88,-1.47,False
2026-09-22T16:00:16+10:00,2289807,2459_461X,-33.8735237121582,151.21133422851562,101.0,18.7,-306,-5.1,False
2026-09-22T16:00:16+10:00,2407521,2507_772w,-33.83121109008789,151.1688690185547,213.0,34.9,187,3.12,True
2026-09-22T16:00:16+10:00,2636226,2459_504,-33.8573112487793,151.14501953125,119.0,1.1,5,0.08,True
2026-09-22T16:00:16+10:00,2424428,2508_230,-33.84309005737305,151.2108612060547,341.0,37.1,-10,-0.17,True
2026-09-22T16:00:16+10:00,2377002,2508_172X,-33.788780212402344,151.2547607421875,358.0,16.2,134,2.23,True
2026-09-22T16:00:16+10:00,2634571,2507_254,-33.848876953125,151.20619201660156,208.0,0.0,71,1.18,True
2026-09-22T16:00:16+10:00,2731192,2507_507,-33.8275260925293,151.12388610839844,281.0,25.6,77,1.28,True
2026-09-22T16:00:16+10:00,2714655,2508_114,-33.82465362548828,151.24127197265625,299.0,0.0,3009,50.15,False
2026-09-22T16:00:16+10:00,2288471,2459_442,-33.858341217041016,151.18519592285156,268.0,36.0,-20,-0.33,True
2026-09-22T16:00:16+10:00,2248875,2507_688w,-33.829532623291016,151.21310424804688,102.0,14.8,389,6.48,False
2026-09-22T16:00:16+10:00,2283935,2459_502,-33.850616455078125,151.113037109375,191.0,14.4,144,2.4,True
2026-09-22T16:00:16+10:00,2209081,2459_464,-33.84288787841797,151.10789489746094,343.0,0.0,455,7.58,False
2026-09-22T16:00:16+10:00,2554203,2459_358,-33.9163818359375,151.1663818359375,323.0,13.7,-147,-2.45,False
2026-09-22T16:00:16+10:00,2290850,2459_470,-33.883140563964844,151.18345642089844,233.0,6.8,307,5.12,False
2026-09-22T16:00:16+10:00,2285185,2459_470,-33.884483337402344,151.19435119628906,264.0,25.9,6,0.1,True
2026-09-22T16:00:16+10:00,2441418,2507_641w,-33.7882080078125,151.20236206054688,305.0,18.7,-48,-0.8,True
2026-09-22T16:00:16+10:00,2415743,2508_B1,-33.82293701171875,151.24317932128906,53.0,37.4,66,1.1,True
2026-09-22T16:00:16+10:00,2596392,2459_491,-33.8733024597168,151.12718200683594,9.0,31.3,446,7.43,False
2026-09-22T16:00:16+10:00,2580191,2508_170X,-33.8664436340332,151.20578002929688,175.0,0.0,0,0.0,True
2026-09-22T16:00:16+10:00,2329181,7083_SW3,-33.90485763549805,151.12841796875,34.0,0.0,-149,-2.48,False
2026-09-22T16:00:16+10:00,2596196,2459_492,-33.89212417602539,151.1127166748047,186.0,33.8,-98,-1.63,False
2026-09-22T16:00:16+10:00,2580150,2508_100,-33.8291015625,151.2440643310547,359.0,0.0,737,12.28,False
2026-09-22T16:00:16+10:00,2440921,2508_794n,-33.795654296875,151.25401306152344,71.0,16.6,-118,-1.97,False
2026-09-22T16:00:16+10:00,2284992,2459_412,-33.89336013793945,151.1167755126953,77.0,0.0,0,0.0,True
2026-09-22T16:00:16+10:00,1973484,2508_162,-33.80596160888672,151.2563934326172,192.0,34.2,544,9.07,False
2026-09-22T16:00:16+10:00,2284116,2459_438X,-33.88499450683594,151.1851806640625,257.0,3.6,167,2.78,True
2026-09-22T16:00:16+10:00,2288138,2459_679s,-33.91206741333008,151.1193389892578,219.0,20.9,26,0.43,True
2026-09-22T16:00:16+10:00,2289119,2459_461X,-33.87809371948242,151.21018981933594,184.0,23.0,-291,-4.85,False
2026-09-22T16:00:16+10:00,2379036,2508_B1,-33.82998275756836,151.2156219482422,278.0,38.5,-342,-5.7,False
2026-09-22T16:00:16+10:00,2287276,2459_561s,-33.855865478515625,151.1751251220703,88.0,0.0,-342,-5.7,False
2026-09-22T16:00:16+10:00,2644168,2507_52,-33.87306213378906,151.20765686035156,97.0,19.1,-127,-2.12,False
2026-09-22T16:00:16+10:00,2596440,2459_492,-33.86096954345703,151.14022827148438,249.0,37.4,67,1.12,True
2026-09-22T16:00:16+10:00,2340997,2459_308,-33.894840240478516,151.1983184814453,14.0,19.4,-164,-2.73,False
2026-09-22T16:00:16+10:00,2287866,2459_422,-33.89086151123047,151.1825408935547,164.0,1.1,208,3.47,True
2026-09-22T16:00:16+10:00,2415664,2508_B1,-33.82956314086914,151.2276611328125,45.0,14.4,572,9.53,False
2026-09-22T16:00:16+10:00,2682003,2507_202,-33.81079864501953,151.22128295898438,45.0,0.0,187,3.12,True
2026-09-22T16:00:16+10:00,2424368,2508_154X,-33.789398193359375,151.25682067871094,51.0,73.4,317,5.28,False
2026-09-22T16:00:16+10:00,2424427,2508_765n,-33.79642105102539,151.25283813476562,11.0,0.0,-355,-5.92,False
2026-09-22T16:00:16+10:00,2287528,2459_418,-33.915157318115234,151.16600036621094,247.0,0.7,11,0.18,True
2026-09-22T16:00:16+10:00,2287126,2459_433,-33.88081741333008,151.20657348632812,219.0,14.0,11,0.18,True
2026-09-22T16:00:16+10:00,2644190,2507_120,-33.79632568359375,151.18138122558594,15.0,0.0,0,0.0,True
2026-09-22T16:00:16+10:00,2515002,2459_410,-33.865264892578125,151.1064910888672,208.0,0.0,175,2.92,True
2026-09-22T16:00:16+10:00,2378819,2508_581n,-33.82444381713867,151.2387237548828,270.0,0.0,1380,23.0,False
2026-09-22T16:00:16+10:00,2672276,2507_115,-33.796207427978516,151.18118286132812,5.0,0.0,0,0.0,True
2026-09-22T16:00:16+10:00,2378713,2508_569n,-33.83322525024414,151.2470245361328,88.0,47.9,-156,-2.6,False
2026-09-22T16:00:16+10:00,2731213,2507_507,-33.86470413208008,151.1710205078125,311.0,30.6,-230,-3.83,False
2026-09-22T16:00:16+10:00,2714345,2508_763n,-33.798988342285156,151.2510986328125,66.0,50.4,313,5.22,False
2026-09-22T16:00:16+10:00,2284687,2459_441,-33.856956481933594,151.17788696289062,12.0,10.8,-116,-1.93,False
2026-09-22T16:00:16+10:00,2681946,2507_267,-33.82831954956055,151.20101928710938,327.0,0.0,374,6.23,False
2026-09-22T16:00:16+10:00,2668120,2459_420,-33.880577087402344,151.1030731201172,189.0,12.6,165,2.75,True
2026-09-22T16:00:16+10:00,2378974,2508_B1,-33.86415481567383,151.2055206298828,173.0,13.3,-144,-2.4,False
2026-09-22T16:00:16+10:00,2714730,2508_114,-33.830989837646484,151.22494506835938,246.0,27.7,1060,17.67,False
2026-09-22T16:00:16+10:00,1963531,2459_445,-33.87484359741211,151.15614318847656,175.0,0.0,-105,-1.75,False
2026-09-22T16:00:16+10:00,2714702,2508_144,-33.79655075073242,151.25279235839844,195.0,30.6,162,2.7,True
2026-09-22T16:00:16+10:00,2621577,2507_252,-33.834083557128906,151.14614868164062,195.0,5.8,689,11.48,False
2026-09-22T16:00:16+10:00,2554379,2459_358,-33.923397064208984,151.21092224121094,99.0,0.0,157,2.62,True
2026-09-22T16:00:16+10:00,2588581,2507_637w,-33.82963943481445,151.21347045898438,100.0,0.0,-93,-1.55,False
2026-09-22T16:00:16+10:00,2284878,2459_428,-33.878143310546875,151.207763671875,281.0,3.2,-57,-0.95,True
2026-09-22T16:00:16+10:00,2645049,2507_52,-33.85831832885742,151.1610107421875,326.0,22.3,403,6.72,False
2026-09-22T16:00:16+10:00,2378013,2508_760n,-33.80023193359375,151.23867797851562,145.0,25.2,0,0.0,True
2026-09-22T16:00:16+10:00,2322388,2507_506,-33.87192916870117,151.21572875976562,71.0,23.8,0,0.0,True
2026-09-22T16:00:16+10:00,2284675,2459_461X,-33.87413787841797,151.21517944335938,71.0,0.0,553,9.22,False
2026-09-22T16:00:16+10:00,2580064,2508_100,-33.830204010009766,151.21803283691406,277.0,0.0,-519,-8.65,False
2026-09-22T16:00:16+10:00,2407978,2507_261,-33.82583236694336,151.17494201660156,131.0,9.4,598,9.97,False
2026-09-22T16:00:16+10:00,2475008,2459_389,-33.8909912109375,151.24928283691406,276.0,16.6,695,11.58,False
2026-09-22T16:00:16+10:00,2209358,2459_440,-33.88814926147461,151.16439819335938,265.0,32.8,254,4.23,True
2026-09-22T16:00:16+10:00,2286775,2459_412,-33.91266632080078,151.14736938476562,40.0,4.0,46,0.77,True
2026-09-22T16:00:16+10:00,2685948,2459_423,-33.86663818359375,151.21072387695312,6.0,0.0,0,0.0,True
2026-09-22T16:00:16+10:00,2284802,2459_437,-33.880584716796875,151.15670776367188,174.0,31.0,-464,-7.73,False
2026-09-22T16:00:16+10:00,2209363,2459_464,-33.864837646484375,151.1066436767578,212.0,41.4,488,8.13,False
2026-09-22T16:00:16+10:00,2228757,2507_292,-33.86432647705078,151.20338439941406,337.0,11.5,12,0.2,True
2026-09-22T16:00:16+10:00,2211970,2459_619s,-33.91883850097656,151.12625122070312,183.0,25.6,247,4.12,True
2026-09-22T16:00:16+10:00,2561651,2507_286,-33.8123664855957,151.1733856201172,277.0,10.8,759,12.65,False
2026-09-22T16:00:16+10:00,2283120,2459_470,-33.87575149536133,151.2095947265625,4.0,41.4,66,1.1,True
2026-09-22T16:00:16+10:00,2643776,2507_501,-33.880149841308594,151.2073974609375,282.0,0.0,12,0.2,True
2026-09-22T16:00:16+10:00,2287800,2459_461X,-33.86923599243164,151.1078643798828,283.0,37.1,115,1.92,True
2026-09-22T16:00:16+10:00,2634506,2507_778w,-33.81237030029297,151.1737823486328,279.0,9.0,279,4.65,True
2026-09-22T16:00:16+10:00,2322329,2507_506,-33.855342864990234,151.15855407714844,321.0,0.0,357,5.95,False
2026-09-22T16:00:16+10:00,2209036,2459_440,-33.877845764160156,151.21347045898438,307.0,28.8,490,8.17,False
2026-09-22T16:00:16+10:00,2642977,2507_52,-33.87789535522461,151.2115020751953,33.0,0.0,0,0.0,True
2026-09-22T16:00:16+10:00,2579621,2459_583s,-33.86969757080078,151.11241149902344,98.0,39.6,372,6.2,False
2026-09-22T16:00:16+10:00,2286974,2459_437,-33.868995666503906,151.18521118164062,287.0,57.2,-428,-7.13,False
2026-09-22T16:00:16+10:00,2421239,2508_230,-33.8304328918457,151.24343872070312,75.0,0.4,154,2.57,True
2026-09-22T16:00:16+10:00,2289101,2459_438X,-33.88777160644531,151.16098022460938,103.0,0.0,179,2.98,True
2026-09-22T16:00:16+10:00,2211977,2459_649s,-33.880775451660156,151.13902282714844,325.0,0.0,25,0.42,True
2026-09-22T16:00:16+10:00,2580270,2508_100,-33.87053680419922,151.2062225341797,176.0,0.0,-233,-3.88,False
2026-09-22T16:00:16+10:00,2037953,2459_440,-33.88418960571289,151.20187377929688,74.0,0.0,-155,-2.58,False
2026-09-22T16:00:16+10:00,1960374,2459_412,-33.89155578613281,151.18106079101562,286.0,37.8,630,10.5,False
2026-09-22T16:00:16+10:00,2672420,2507_760w,-33.81233215332031,151.1703643798828,110.0,0.0,377,6.28,False
2026-09-22T16:00:16+10:00,2619969,2459_530,-33.813377380371094,151.16883850097656,198.0,18.0,280,4.67,True
2026-09-22T16:00:16+10:00,2643088,2507_501,-33.8507080078125,151.15406799316406,324.0,0.0,-49,-0.82,True
2026-09-22T16:00:16+10:00,2644600,2507_120,-33.823020935058594,151.2063751220703,305.0,67.3,201,3.35,True
2026-09-22T16:00:16+10:00,2289856,2459_422,-33.88457489013672,151.18719482421875,85.0,28.8,-51,-0.85,True
2026-09-22T16:00:16+10:00,2289005,2459_437,-33.87086486816406,151.20611572265625,84.0,0.0,0,0.0,True
2026-09-22T16:00:16+10:00,2248893,2507_687w,-33.79983901977539,151.1791534423828,337.0,0.0,161,2.68,True
2026-09-22T16:00:16+10:00,2590014,2508_174X,-33.816932678222656,151.243408203125,162.0,40.7,87,1.45,True
2026-09-22T16:00:16+10:00,2636177,2459_504,-33.87248611450195,151.21273803710938,186.0,27.4,118,1.97,True
2026-09-22T16:00:16+10:00,2421251,2508_230,-33.84604263305664,151.21145629882812,171.0,15.1,834,13.9,False
2026-09-22T16:00:16+10:00,2580242,2508_100,-33.82927322387695,151.22813415527344,44.0,20.2,-174,-2.9,False
2026-09-22T16:00:16+10:00,2441578,2507_207,-33.8427848815918,151.2108154296875,335.0,42.8,-64,-1.07,False
2026-09-22T16:00:16+10:00,2415702,2508_B1,-33.85215759277344,151.2108154296875,28.0,52.6,109,1.82,True
2026-09-22T16:00:16+10:00,2228480,2507_288,-33.86558151245117,151.2049102783203,355.0,0.0,49,0.82,True
2026-09-22T16:00:16+10:00,2322310,2507_506,-33.85520935058594,151.138916015625,97.0,36.0,0,0.0,True
2026-09-22T16:00:16+10:00,2407679,2507_690w,-33.8270263671875,151.18667602539062,91.0,30.6,131,2.18,True
2026-09-22T16:00:16+10:00,2415687,2508_B1,-33.86642074584961,151.20632934570312,7.0,0.0,0,0.0,True
2026-09-22T16:00:16+10:00,2442219,2507_673w,-33.79290771484375,151.19398498535156,250.0,25.9,273,4.55,True
2026-09-22T16:00:16+10:00,2475234,2459_389,-33.89176940917969,151.24729919433594,108.0,0.0,-696,-11.6,False
2026-09-22T16:00:16+10:00,2283677,2459_426,-33.871551513671875,151.21011352539062,186.0,0.0,104,1.73,True
2026-09-22T16:00:16+10:00,2634490,2507_261,-33.82194137573242,151.17138671875,147.0,37.1,373,6.22,False
2026-09-22T16:00:16+10:00,2410336,2509_392,-33.904014587402344,151.21444702148438,280.0,0.0,-171,-2.85,False
2026-09-22T16:00:16+10:00,2645908,2509_394X,-33.90338134765625,151.22364807128906,337.0,35.6,142,2.37,True
2026-09-22T16:00:16+10:00,2628609,2509_304,-33.87770462036133,151.20936584472656,6.0,35.3,27,0.45,True
2026-09-22T16:00:16+10:00,2533775,2509_360,-33.9002571105957,151.2652130126953,188.0,23.8,-168,-2.8,False
2026-09-22T16:00:16+10:00,2488439,2509_392,-33.89424514770508,151.19956970214844,203.0,33.8,-40,-0.67,True
2026-09-22T16:00:16+10:00,2533582,2509_325,-33.87884521484375,151.23634338378906,103.0,10.4,-332,-5.53,False
2026-09-22T16:00:16+10:00,2531138,2509_355,-33.90406799316406,151.16842651367188,206.0,28.8,78,1.3,True
2026-09-22T16:00:16+10:00,2533007,2509_350,-33.933265686035156,151.18350219726562,42.0,31.7,109,1.82,True
2026-09-22T16:00:16+10:00,2439630,2509_390X,-33.92780685424805,151.23306274414062,139.0,21.2,196,3.27,True
2026-09-22T16:00:16+10:00,2531563,2509_695e,-33.91790771484375,151.24191284179688,144.0,0.0,469,7.82,False
2026-09-22T16:00:16+10:00,2466487,2509_374X,-33.874900817871094,151.21725463867188,6.0,63.0,3,0.05,True
2026-09-22T16:00:16+10:00,2531325,2509_352,-33.889923095703125,151.21319580078125,9.0,28.1,-110,-1.83,False
2026-09-22T16:00:16+10:00,2623127,2509_333,-33.89166259765625,151.24696350097656,103.0,0.0,0,0.0,True
2026-09-22T16:00:16+10:00,2531713,2509_326,-33.8919677734375,151.25062561035156,260.0,7.9,-536,-8.93,False
2026-09-22T16:00:16+10:00,2137518,2509_375,-33.94454574584961,151.2262420654297,193.0,0.0,0,0.0,True
2026-09-22T16:00:16+10:00,2548695,2509_350,-33.89084243774414,151.24813842773438,278.0,0.0,2,0.03,True
2026-09-22T16:00:16+10:00,2358181,2509_370,-33.91603469848633,151.23956298828125,191.0,0.0,-130,-2.17,False
2026-09-22T16:00:16+10:00,2645884,2509_392X,-33.91796875,151.226318359375,170.0,0.0,132,2.2,True
2026-09-22T16:00:16+10:00,2358149,2509_370,-33.92083740234375,151.25686645507812,220.0,10.4,132,2.2,True
2026-09-22T16:00:16+10:00,2403145,2509_311,-33.87321090698242,151.2090301513672,99.0,3.6,26,0.43,True
2026-09-22T16:00:16+10:00,2563873,2509_379,-33.885921478271484,151.27328491210938,31.0,0.0,-266,-4.43,False
2026-09-22T16:00:16+10:00,2645897,2509_392X,-33.87251281738281,151.2100067138672,186.0,27.7,62,1.03,True
2026-09-22T16:00:16+10:00,2678092,2509_688e,-33.94097137451172,151.2340850830078,280.0,49.3,-5,-0.08,True
2026-09-22T16:00:16+10:00,1598536,2509_686e,-33.94654083251953,151.2407989501953,170.0,6.8,323,5.38,False
2026-09-22T16:00:16+10:00,2403094,2509_311,-33.858524322509766,151.20468139648438,280.0,0.0,0,0.0,True
2026-09-22T16:00:16+10:00,2400213,2509_309,-33.91896438598633,151.1988525390625,40.0,0.0,-162,-2.7,False
2026-09-22T16:00:16+10:00,2494666,2509_343,-33.9169807434082,151.20428466796875,13.0,31.0,31,0.52,True
2026-09-22T16:00:16+10:00,2415406,2509_738e,-33.86704635620117,151.2777099609375,14.0,37.1,-226,-3.77,False
2026-09-22T16:00:16+10:00,2533148,2509_380,-33.89216232299805,151.27313232421875,19.0,31.0,92,1.53,True
2026-09-22T16:00:16+10:00,2563823,2509_379,-33.9045295715332,151.2670135498047,114.0,0.0,0,0.0,True
2026-09-22T16:00:16+10:00,2352207,2509_657e,-33.94429397583008,151.20960998535156,236.0,30.2,383,6.38,False
2026-09-22T16:00:16+10:00,2623085,2509_333,-33.892906188964844,151.25645446777344,280.0,19.8,-299,-4.98,False
2026-09-22T16:00:16+10:00,2533612,2509_324,-33.87508010864258,151.22203063964844,205.0,0.0,-381,-6.35,False
2026-09-22T16:00:16+10:00,2679180,2509_370,-33.909950256347656,151.22311401367188,98.0,21.2,53,0.88,True
2026-09-22T16:00:16+10:00,2356604,2509_339,-33.89448547363281,151.22178649902344,353.0,50.0,43,0.72,True
2026-09-22T16:00:16+10:00,2357693,2509_374,-33.88860321044922,151.2080535888672,184.0,32.0,386,6.43,False
2026-09-22T16:00:16+10:00,2356885,2509_339,-33.88380432128906,151.21588134765625,102.0,37.4,93,1.55,True
2026-09-22T16:00:16+10:00,2400697,2509_759e,-33.921382904052734,151.23977661132812,281.0,0.0,448,7.47,False
2026-09-22T16:00:16+10:00,2534250,2509_355,-33.896583557128906,151.1990509033203,74.0,0.0,-11,-0.18,True
2026-09-22T16:00:16+10:00,2410263,2509_392,-33.929447174072266,151.22938537597656,346.0,33.8,9,0.15,True
2026-09-22T16:00:16+10:00,2358009,2509_373,-33.863189697265625,151.28079223632812,283.0,29.5,59,0.98,True
2026-09-22T16:00:16+10:00,2532358,2509_350,-33.93488311767578,151.20147705078125,123.0,54.7,-159,-2.65,False
2026-09-22T16:00:16+10:00,2645920,2509_394X,-33.944644927978516,151.22622680664062,194.0,0.0,0,0.0,True
2026-09-22T16:00:16+10:00,2534284,2509_687e,-33.88828659057617,151.26072692871094,253.0,31.3,-323,-5.38,False
2026-09-22T16:00:16+10:00,2548535,2509_350,-33.93195343017578,151.18609619140625,195.0,0.0,-548,-9.13,False
2026-09-22T16:00:16+10:00,2403203,2509_311,-33.8720817565918,151.2285919189453,97.0,0.0,292,4.87,True
2026-09-22T16:00:16+10:00,2533587,2509_705e,-33.877010345458984,151.2799835205078,9.0,37.8,-169,-2.82,False
2026-09-22T16:00:16+10:00,2439558,2509_390X,-33.91700744628906,151.2386932373047,280.0,11.2,344,5.73,False
2026-09-22T16:00:16+10:00,2577578,2509_682e,-33.88942337036133,151.25071716308594,266.0,0.0,119,1.98,True
2026-09-22T16:00:16+10:00,2531891,2509_352,-33.89051055908203,151.2430419921875,288.0,18.7,-13,-0.22,True
2026-09-22T16:00:16+10:00,2531655,2509_693e,-33.92421340942383,151.22906494140625,273.0,0.0,-49,-0.82,True
2026-09-22T16:00:16+10:00,2065801,2509_703e,-33.892581939697266,151.24725341796875,10.0,0.0,264,4.4,True
2026-09-22T16:00:16+10:00,2532837,2509_313,-33.891605377197266,151.24964904785156,162.0,8.3,43,0.72,True
2026-09-22T16:00:16+10:00,2400238,2509_396,-33.947967529296875,151.2548370361328,41.0,0.0,0,0.0,True
2026-09-22T16:00:16+10:00,2358020,2509_370,-33.89263916015625,151.1858367919922,71.0,0.0,-32,-0.53,True
2026-09-22T16:00:16+10:00,2466479,2509_339X,-33.85776138305664,151.28147888183594,39.0,38.2,0,0.0,True
2026-09-22T16:00:16+10:00,2552022,2509_379,-33.90196990966797,151.2545623779297,156.0,19.1,12,0.2,True
2026-09-22T16:00:16+10:00,2531699,2509_694e,-33.9226188659668,151.2296905517578,17.0,13.3,494,8.23,False
2026-09-22T16:00:16+10:00,2352529,2509_307,-33.94459533691406,151.2264862060547,191.0,0.0,0,0.0,True
2026-09-22T16:00:16+10:00,2358158,2509_370,-33.873451232910156,151.27354431152344,209.0,22.7,209,3.48,True
2026-09-22T16:00:16+10:00,2645887,2509_394X,-33.87566375732422,151.20938110351562,181.0,29.9,374,6.23,False
2026-09-22T16:00:16+10:00,2356694,2509_374,-33.881690979003906,151.20616149902344,121.0,2.9,0,0.0,True
2026-09-22T16:00:16+10:00,2139591,2509_375,-33.947181701660156,151.2559051513672,224.0,30.6,64,1.07,True
2026-09-22T16:00:16+10:00,2346360,2509_390X,-33.89787292480469,151.2519989013672,350.0,33.1,393,6.55,False
2026-09-22T16:00:16+10:00,2400421,2509_309,-33.899532318115234,151.2002716064453,344.0,19.1,-339,-5.65,False
2026-09-22T16:00:16+10:00,2479402,2509_706e,-33.899654388427734,151.24490356445312,29.0,0.0,372,6.2,False
2026-09-22T16:00:16+10:00,2358174,2509_370,-33.87900924682617,151.18637084960938,327.0,36.4,-176,-2.93,False
2026-09-22T16:00:16+10:00,2139263,2509_390X,-33.92763137817383,151.2327880859375,126.0,0.0,-42,-0.7,True
2026-09-22T16:00:16+10:00,1787850,2509_672e,-33.893123626708984,151.24961853027344,188.0,16.9,-192,-3.2,False
2026-09-22T16:00:16+10:00,2400598,2509_396,-33.939727783203125,151.23916625976562,169.0,9.4,502,8.37,False
2026-09-22T16:00:16+10:00,2352568,2509_392,-33.924224853515625,151.22787475585938,144.0,9.7,300,5.0,True
2026-09-22T16:00:16+10:00,2548516,2509_350,-33.92583084106445,151.19544982910156,10.0,31.7,-298,-4.97,False
2026-09-22T16:00:16+10:00,2548686,2509_328,-33.88777160644531,151.24038696289062,258.0,0.0,412,6.87,False
2026-09-22T16:00:16+10:00,2563897,2509_379,-33.891204833984375,151.2494354248047,277.0,0.0,71,1.18,True
2026-09-22T16:00:16+10:00,2356061,2509_374,-33.905513763427734,151.22926330566406,116.0,18.4,219,3.65,True
2026-09-22T16:00:16+10:00,2352605,2509_356,-33.9128532409668,151.2423553466797,212.0,0.0,737,12.28,False
2026-09-22T16:00:16+10:00,2533524,2509_324,-33.86677932739258,151.20407104492188,86.0,0.0,-2,-0.03,True
2026-09-22T16:00:16+10:00,2479404,2509_702e,-33.896358489990234,151.2534637451172,93.0,10.4,163,2.72,True
2026-09-22T16:00:16+10:00,2531353,2509_324,-33.87324142456055,151.20928955078125,103.0,5.4,146,2.43,True
2026-09-22T16:00:16+10:00,2623132,2509_333,-33.86697769165039,151.210693359375,7.0,2.5,-31,-0.52,True
2026-09-22T16:00:16+10:00,2352616,2509_356,-33.94050216674805,151.23094177246094,279.0,48.6,-101,-1.68,False
2026-09-22T16:00:16+10:00,2531946,2509_313,-33.91901779174805,151.24838256835938,185.0,26.6,7,0.12,True
2026-09-22T16:00:16+10:00,2548597,2509_350,-33.912025451660156,151.25782775878906,99.0,31.0,106,1.77,True
2026-09-22T16:00:16+10:00,2628622,2509_304,-33.8875732421875,151.2135009765625,9.0,22.7,8,0.13,True
2026-09-22T16:00:16+10:00,2356222,2509_311,-33.87417221069336,151.22323608398438,35.0,0.0,221,3.68,True
2026-09-22T16:00:16+10:00,2151890,2509_333,-33.89189529418945,151.25108337402344,68.0,13.0,125,2.08,True
2026-09-22T16:00:16+10:00,2140554,2509_306,-33.924835205078125,151.19032287597656,278.0,0.0,-76,-1.27,False
2026-09-22T16:00:16+10:00,2140588,2509_375,-33.908599853515625,151.23533630371094,277.0,0.0,355,5.92,False
2026-09-22T16:00:16+10:00,2151447,2509_390X,-33.95286178588867,151.2421875,169.0,3.2,189,3.15,True
2026-09-22T16:00:16+10:00,2400331,2509_309,-33.95051574707031,151.19737243652344,322.0,17.3,87,1.45,True
2026-09-22T16:00:16+10:00,2138911,2509_306,-33.93093490600586,151.20347595214844,279.0,28.4,75,1.25,True
2026-09-22T16:00:16+10:00,2533652,2509_352,-33.884071350097656,151.22293090820312,297.0,38.2,741,12.35,False
2026-09-22T16:00:16+10:00,2531486,2509_324,-33.84366989135742,151.2840576171875,6.0,0.0,0,0.0,True
2026-09-22T16:00:16+10:00,2552033,2509_379,-33.89134216308594,151.24880981445312,99.0,18.7,-114,-1.9,False
2026-09-22T16:00:16+10:00,2352644,2509_392,-33.89870071411133,151.2118377685547,217.0,7.6,149,2.48,True
2026-09-22T16:00:16+10:00,2609590,2509_333,-33.868534088134766,151.21051025390625,184.0,0.0,172,2.87,True
2026-09-22T16:00:16+10:00,2358049,2509_373,-33.91957092285156,151.2423858642578,345.0,12.2,-100,-1.67,False
2026-09-22T16:00:16+10:00,2488462,2509_392,-33.9438591003418,151.22695922851562,191.0,39.2,326,5.43,False
2026-09-22T16:00:16+10:00,2358087,2509_343,-33.863922119140625,151.2117919921875,187.0,3.6,532,8.87,False
2026-09-22T16:00:16+10:00,2645927,2509_394X,-33.925254821777344,151.22938537597656,130.0,0.0,412,6.87,False
2026-09-22T16:00:16+10:00,2424256,2509_600e,-33.87535095214844,151.28041076660156,190.0,0.0,1053,17.55,False
2026-09-22T16:00:16+10:00,2494564,2509_374,-33.91322326660156,151.24237060546875,276.0,0.0,22,0.37,True
2026-09-22T16:00:16+10:00,2357771,2509_311,-33.88175964355469,151.20619201660156,126.0,0.0,0,0.0,True
2026-09-22T16:00:16+10:00,2532791,2509_325,-33.85187530517578,151.2741241455078,10.0,35.3,-287,-4.78,False
2026-09-22T16:00:16+10:00,2400279,2509_396,-33.894222259521484,151.2215118408203,171.0,0.0,167,2.78,True
2026-09-22T16:00:16+10:00,2466495,2509_373X,-33.87821960449219,151.20863342285156,182.0,10.1,-11,-0.18,True
2026-09-22T16:00:16+10:00,2400235,2509_396,-33.94334411621094,151.25604248046875,316.0,38.2,-60,-1.0,True
2026-09-22T16:00:16+10:00,2470791,2509_356,-33.913169860839844,151.2395477294922,346.0,9.4,-47,-0.78,True
2026-09-22T16:00:16+10:00,2335755,2509_307,-33.9451904296875,151.2264404296875,329.0,0.0,132,2.2,True
2026-09-22T16:00:16+10:00,2358031,2509_373,-33.89577865600586,151.2220916748047,172.0,43.9,450,7.5,False
2026-09-22T16:00:16+10:00,2358067,2509_370,-33.90578079223633,151.2027587890625,349.0,0.0,103,1.72,True
2026-09-22T16:00:16+10:00,2410358,2509_392,-33.89669418334961,151.2003936767578,274.0,31.7,-683,-11.38,False
2026-09-22T16:00:16+10:00,2141083,2509_310,-33.92837142944336,151.1873321533203,194.0,0.0,15,0.25,True
2026-09-22T16:00:16+10:00,2532257,2509_352,-33.89436721801758,151.1826629638672,217.0,32.4,336,5.6,False
2026-09-22T16:00:16+10:00,2534308,2509_313,-33.90652084350586,151.25233459472656,11.0,29.5,213,3.55,True
2026-09-22T16:00:16+10:00,2675068,2509_309,-33.906944274902344,151.2030792236328,186.0,0.0,119,1.98,True
2026-09-22T16:00:16+10:00,2532493,2509_352,-33.908470153808594,151.1739044189453,78.0,0.0,154,2.57,True
2026-09-22T16:00:16+10:00,2494678,2509_343,-33.92532730102539,151.2207794189453,280.0,47.9,-111,-1.85,False
2026-09-22T16:00:16+10:00,2152044,2509_333,-33.884952545166016,151.22650146484375,99.0,28.8,-10,-0.17,True
2026-09-22T16:00:16+10:00,2466439,2509_396X,-33.8662109375,151.2098846435547,283.0,6.8,0,0.0,True
2026-09-22T16:00:16+10:00,2609549,2509_333,-33.875057220458984,151.20965576171875,189.0,32.8,257,4.28,True
2026-09-22T16:00:16+10:00,2358071,2509_373,-33.92150115966797,151.25665283203125,8.0,28.8,-480,-8.0,False
2026-09-22T16:00:16+10:00,2679195,2509_370,-33.87331771850586,151.18199157714844,145.0,32.8,7,0.12,True
2026-09-22T16:00:16+10:00,2533587,2509_705e,-33.89105224609375,151.2742156982422,43.0,30.6,-169,-2.82,False
2026-09-22T16:00:16+10:00,2628607,2509_304,-33.92692947387695,151.21511840820312,8.0,67.0,0,0.0,True
2026-09-22T16:00:16+10:00,2551939,2509_379,-33.889339447021484,151.25949096679688,234.0,29.2,-247,-4.12,False
2026-09-22T16:00:16+10:00,2548824,2509_350,-33.94580078125,151.22605895996094,183.0,0.0,-26,-0.43,True
2026-09-22T16:00:16+10:00,2358023,2509_343,-33.92204284667969,151.2003173828125,184.0,4.3,-223,-3.72,False
2026-09-22T16:00:16+10:00,2534532,2509_325,-33.87330627441406,151.2099609375,279.0,14.4,-482,-8.03,False
2026-09-22T16:00:16+10:00,2466433,2509_373X,-33.904319763183594,151.22682189941406,144.0,0.0,-50,-0.83,True
2026-09-22T16:00:16+10:00,2479399,2509_700e,-33.903907775878906,151.25245666503906,99.0,0.0,145,2.42,True
2026-09-22T16:00:16+10:00,2563847,2509_697e,-33.89164352416992,151.24745178222656,7.0,18.7,377,6.28,False
2026-09-22T16:00:16+10:00,2563816,2509_379,-33.89467239379883,151.26898193359375,279.0,37.4,0,0.0,True
2026-09-22T16:00:16+10:00,2439637,2509_390X,-33.890907287597656,151.24867248535156,277.0,0.0,72,1.2,True
2026-09-22T16:00:16+10:00,2479397,2509_705e,-33.86826705932617,151.28140258789062,280.0,29.5,429,7.15,False
2026-09-22T16:00:16+10:00,2352597,2509_307,-33.92447280883789,151.18804931640625,103.0,14.0,-28,-0.47,True
2026-09-22T16:00:16+10:00,2466446,2509_373X,-33.92988586425781,151.19540405273438,278.0,0.7,410,6.83,False
2026-09-22T16:00:16+10:00,2400298,2509_396,-33.88954162597656,151.20155334472656,17.0,13.7,0,0.0,True
2026-09-22T16:00:16+10:00,2628606,2509_304,-33.88334655761719,151.21441650390625,189.0,0.0,167,2.78,True
2026-09-22T16:00:16+10:00,2609877,2509_333,-33.88985824584961,151.28282165527344,51.0,19.1,182,3.03,True
2026-09-22T16:00:16+10:00,2356020,2509_311,-33.88225173950195,151.20709228515625,120.0,0.0,12,0.2,True
2026-09-22T16:00:16+10:00,2531318,2509_324,-33.87804412841797,151.24266052246094,220.0,10.1,-694,-11.57,False
2026-09-22T16:00:16+10:00,2415407,2509_608e,-33.88199234008789,151.2762908935547,281.0,34.9,-123,-2.05,False
2026-09-22T16:00:16+10:00,2352332,2509_634e,-33.93948745727539,151.23904418945312,169.0,0.0,156,2.6,True
2026-09-22T16:00:16+10:00,2335414,2509_309,-33.95281219482422,151.200927734375,305.0,41.4,-95,-1.58,False
2026-09-22T16:00:16+10:00,2532953,2509_360,-33.891475677490234,151.24954223632812,101.0,6.1,2,0.03,True
2026-09-22T16:00:16+10:00,2534457,2509_381,-33.89850616455078,151.27117919921875,10.0,14.4,97,1.62,True
2026-09-22T16:00:16+10:00,2384132,2509_676e,-33.88862228393555,151.25778198242188,232.0,0.0,-46,-0.77,True
2026-09-22T16:00:16+10:00,2623205,2509_333,-33.885311126708984,151.22779846191406,301.0,38.9,-235,-3.92,False
2026-09-22T16:00:16+10:00,2667436,2509_392,-33.89667510986328,151.19970703125,273.0,0.0,-98,-1.63,False
2026-09-22T16:00:16+10:00,2679153,2509_370,-33.901649475097656,151.1924591064453,35.0,25.6,6,0.1,True
2026-09-22T16:00:16+10:00,2137936,2509_310,-33.89579772949219,151.198974609375,169.0,32.8,61,1.02,True
2026-09-22T16:00:16+10:00,2439723,2509_390X,-33.90675735473633,151.25262451171875,230.0,0.0,-69,-1.15,False
2026-09-22T16:00:16+10:00,2358178,2509_343,-33.86228561401367,151.21206665039062,8.0,0.0,0,0.0,True
2026-09-22T16:00:16+10:00,2533308,2509_324,-33.87940979003906,151.23812866210938,22.0,0.0,43,0.72,True
2026-09-22T16:00:16+10:00,2357362,2509_311,-33.9149169921875,151.20074462890625,16.0,0.0,0,0.0,True
2026-09-22T16:00:16+10:00,2679155,2509_370,-33.891693115234375,151.18841552734375,221.0,0.0,384,6.4,False
2026-09-22T16:00:16+10:00,2623023,2509_333,-33.89441680908203,151.2732391357422,165.0,0.0,-93,-1.55,False
2026-09-22T16:00:16+10:00,2400569,2509_396,-33.86277389526367,151.2111358642578,5.0,0.0,-881,-14.68,False
2026-09-22T16:00:16+10:00,2674989,2509_309,-33.954124450683594,151.203369140625,155.0,42.5,9,0.15,True
2026-09-22T16:00:16+10:00,2358063,2509_343,-33.922176361083984,151.20138549804688,100.0,41.8,367,6.12,False
2026-09-22T16:00:16+10:00,2139742,2509_306,-33.907535552978516,151.2028350830078,183.0,0.4,577,9.62,False
2026-09-22T16:00:16+10:00,2563812,2509_379,-33.88942337036133,151.25906372070312,85.0,25.6,36,0.6,True
2026-09-22T16:00:16+10:00,2531515,2509_360,-33.91093826293945,151.26966857910156,124.0,16.9,-353,-5.88,False
2026-09-22T16:00:16+10:00,2645943,2509_392X,-33.91501998901367,151.2254638671875,350.0,0.0,-281,-4.68,False
2026-09-22T16:00:16+10:00,1948656,2509_701e,-33.88920974731445,151.2596893310547,51.0,29.9,139,2.32,True
2026-09-22T16:00:16+10:00,2335635,2509_309,-33.935401916503906,151.19403076171875,342.0,5.4,136,2.27,True
2026-09-22T16:00:16+10:00,2358232,2509_370,-33.89860916137695,151.1778106689453,33.0,19.4,-348,-5.8,False
2026-09-22T16:00:16+10:00,2151460,2509_333,-33.88970947265625,151.24130249023438,77.0,15.8,275,4.58,True
2026-09-22T16:00:16+10:00,2400538,2509_396,-33.92240524291992,151.2270050048828,172.0,37.1,-74,-1.23,False
2026-09-22T16:00:16+10:00,2623234,2509_333,-33.88951873779297,151.28335571289062,214.0,0.0,0,0.0,True
2026-09-22T16:00:16+10:00,2531685,2509_325,-33.863243103027344,151.2717742919922,133.0,0.0,-111,-1.85,False
2026-09-22T16:00:16+10:00,2532618,2509_387,-33.87912368774414,151.2704315185547,176.0,44.3,-43,-0.72,True
2026-09-22T16:00:16+10:00,2356331,2509_374,-33.88367462158203,151.20826721191406,189.0,17.3,-50,-0.83,True
2026-09-22T16:00:16+10:00,2548694,2509_350,-33.94599533081055,151.24356079101562,257.0,33.1,-167,-2.78,False
2026-09-22T16:00:16+10:00,2479403,2509_702e,-33.89617919921875,151.25225830078125,99.0,29.9,50,0.83,True
2026-09-22T16:00:16+10:00,2356562,2509_374,-33.88983917236328,151.2061004638672,10.0,0.0,108,1.8,True
2026-09-22T16:00:16+10:00,2563829,2509_379,-33.90483474731445,151.25473022460938,280.0,32.0,102,1.7,True
2026-09-22T16:00:16+10:00,2494558,2509_343,-33.886207580566406,151.20692443847656,17.0,15.1,117,1.95,True
2026-09-22T16:00:16+10:00,2358152,2509_370,-33.91567611694336,151.23194885253906,280.0,36.4,-11,-0.18,True
2026-09-22T16:00:16+10:00,2534604,2509_360,-33.91226577758789,151.2634735107422,190.0,43.6,191,3.18,True
2026-09-22T16:00:16+10:00,1759999,2509_704e,-33.930267333984375,151.2530059814453,111.0,40.3,306,5.1,False
2026-09-22T16:00:16+10:00,2494680,2509_374,-33.91964340209961,151.25718688964844,190.0,0.0,0,0.0,True
2026-09-22T16:00:16+10:00,2346312,2509_390X,-33.89784622192383,151.2519989013672,348.0,31.7,-90,-1.5,False
2026-09-22T16:00:16+10:00,2577505,2509_681e,-33.90655517578125,151.2527618408203,231.0,0.0,-32,-0.53,True
2026-09-22T16:00:16+10:00,2352440,2509_356,-33.89125061035156,151.2494659423828,286.0,0.0,4,0.07,True
2026-09-22T16:00:16+10:00,2494563,2509_374,-33.91480255126953,151.24029541015625,160.0,0.0,0,0.0,True
2026-09-22T16:00:16+10:00,2532423,2509_324,-33.86936950683594,151.27011108398438,38.0,0.0,-339,-5.65,False
2026-09-22T16:00:16+10:00,2537000,2509_377X,-33.881996154785156,151.2066650390625,123.0,32.0,13,0.22,True
2026-09-22T16:00:16+10:00,2400386,2509_396,-33.88040542602539,151.2165985107422,314.0,22.7,-171,-2.85,False
2026-09-22T16:00:16+10:00,2356514,2509_339,-33.90444564819336,151.24436950683594,132.0,0.0,985,16.42,False
2026-09-22T16:00:16+10:00,2551969,2509_379,-33.88249969482422,151.27996826171875,280.0,27.0,-22,-0.37,True
2026-09-22T16:00:16+10:00,2533289,2509_380,-33.86063003540039,151.2786102294922,44.0,0.0,295,4.92,True
2026-09-22T16:00:16+10:00,2358271,2509_373,-33.88676834106445,151.2194366455078,309.0,0.0,-9,-0.15,True
2026-09-22T16:00:16+10:00,2140508,2509_306,-33.91032409667969,151.20326232910156,279.0,12.2,-139,-2.32,False
2026-09-22T16:00:16+10:00,2479401,2509_706e,-33.8852424621582,151.26638793945312,123.0,36.7,-238,-3.97,False
2026-09-22T16:00:16+10:00,2151813,2509_333,-33.894840240478516,151.2703399658203,98.0,38.2,138,2.3,True
2026-09-22T16:00:16+10:00,2645903,2509_394X,-33.87024688720703,151.21031188964844,178.0,0.0,-29,-0.48,True
2026-09-22T16:00:16+10:00,2400394,2509_396,-33.86176300048828,151.2121124267578,151.0,15.5,612,10.2,False
2026-09-22T16:00:16+10:00,2346302,2509_390X,-33.91661834716797,151.23731994628906,100.0,34.9,73,1.22,True
2026-09-22T16:00:16+10:00,2675002,2509_309,-33.92137145996094,151.19659423828125,221.0,0.0,259,4.32,True
2026-09-22T16:00:16+10:00,2152051,2509_333,-33.888946533203125,151.23245239257812,140.0,14.4,128,2.13,True
2026-09-22T16:00:16+10:00,2439607,2509_390X,-33.914127349853516,151.239990234375,161.0,24.5,960,16.0,False
2026-09-22T16:00:16+10:00,2439645,2509_390X,-33.954376220703125,151.24200439453125,217.0,0.4,1208,20.13,False
2026-09-22T16:00:16+10:00,2400409,2509_396,-33.924015045166016,151.22781372070312,152.0,3.2,474,7.9,False
2026-09-22T16:00:16+10:00,2300915,2509_399,-33.923492431640625,151.22763061523438,157.0,17.6,-54,-0.9,True
2026-09-22T16:00:16+10:00,2532227,2509_324,-33.87763214111328,151.24319458007812,242.0,1.1,-214,-3.57,False
2026-09-22T16:00:16+10:00,2623276,2509_333,-33.891685485839844,151.249755859375,353.0,15.8,51,0.85,True
2026-09-22T16:00:16+10:00,2358182,2509_370,-33.91246795654297,151.21334838867188,260.0,27.0,17,0.28,True
2026-09-22T16:00:16+10:00,2645910,2509_394X,-33.92649459838867,151.2310028076172,316.0,33.5,-58,-0.97,True
2026-09-22T16:00:16+10:00,2400286,2509_396,-33.86830520629883,151.2105255126953,4.0,18.0,-293,-4.88,False
2026-09-22T16:00:16+10:00,2622811,2509_333,-33.881385803222656,151.21871948242188,297.0,0.0,37,0.62,True
2026-09-22T16:00:16+10:00,2533109,2509_380,-33.8913688659668,151.25221252441406,239.0,13.0,-557,-9.28,False
2026-09-22T16:00:16+10:00,2679127,2509_370,-33.91570281982422,151.23973083496094,10.0,0.0,8,0.13,True
2026-09-22T16:00:16+10:00,2352234,2509_307,-33.93711471557617,151.19461059570312,176.0,38.2,390,6.5,False
2026-09-22T16:00:16+10:00,2400613,2509_396,-33.9353141784668,151.23760986328125,349.0,37.4,11,0.18,True
2026-09-22T16:00:16+10:00,2400365,2509_309,-33.956478118896484,151.2303924560547,348.0,34.2,275,4.58,True
2026-09-22T16:00:16+10:00,2679160,2509_370,-33.90727996826172,151.20297241210938,187.0,6.5,37,0.62,True
2026-09-22T16:00:16+10:00,2356247,2509_373,-33.94607162475586,151.2402801513672,42.0,0.0,0,0.0,True
2026-09-22T16:00:16+10:00,2628597,2509_304,-33.869266510009766,151.2103729248047,190.0,27.0,166,2.77,True
2026-09-22T16:00:16+10:00,2628623,2509_304,-33.90657043457031,151.2110137939453,233.0,0.0,-225,-3.75,False
2026-09-22T16:00:16+10:00,2479422,2509_704e,-33.909690856933594,151.24386596679688,192.0,32.8,449,7.48,False
2026-09-22T16:00:16+10:00,2563891,2509_379,-33.8917350769043,151.251708984375,57.0,0.0,40,0.67,True
2026-09-22T16:00:16+10:00,2536999,2509_377X,-33.87437438964844,151.20909118652344,186.0,0.0,737,12.28,False
2026-09-22T16:00:16+10:00,2548710,2509_350,-33.94270706176758,151.21742248535156,303.0,0.0,59,0.98,True
2026-09-22T16:00:16+10:00,2139937,2509_375,-33.92581558227539,151.25057983398438,287.0,29.2,-216,-3.6,False
2026-09-22T16:00:16+10:00,2678106,2509_647e,-33.8897819519043,151.28128051757812,84.0,50.8,-155,-2.58,False
2026-09-22T16:00:16+10:00,2532041,2509_327,-33.8785514831543,151.24171447753906,90.0,15.1,17,0.28,True
2026-09-22T16:00:16+10:00,2352560,2509_356,-33.93015670776367,151.2530517578125,109.0,39.6,422,7.03,False
2026-09-22T16:00:16+10:00,2639429,2509_757e,-33.862789154052734,151.2789306640625,101.0,9.7,0,0.0,True
2026-09-22T16:00:16+10:00,2352598,2509_392,-33.90522766113281,151.2027587890625,351.0,38.2,0,0.0,True
2026-09-22T16:00:16+10:00,2548564,2509_350,-33.936927795410156,151.25775146484375,183.0,36.0,72,1.2,True
2026-09-22T16:00:16+10:00,2628602,2509_304,-33.90803146362305,151.20684814453125,296.0,18.0,277,4.62,True
2026-09-22T16:00:16+10:00,2531413,2509_380,-33.86823272705078,151.28028869628906,100.0,6.8,260,4.33,True
2026-09-22T16:00:16+10:00,2466482,2509_373X,-33.870723724365234,151.27096557617188,140.0,31.7,0,0.0,True
2026-09-22T16:00:16+10:00,2352343,2509_307,-33.944122314453125,151.2098388671875,236.0,21.6,322,5.37,False
2026-09-22T16:00:16+10:00,2439696,2509_390X,-33.94722366333008,151.2407989501953,162.0,13.3,261,4.35,True
2026-09-22T16:00:16+10:00,2335620,2509_307,-33.931304931640625,151.19415283203125,10.0,0.0,117,1.95,True
2026-09-22T16:00:16+10:00,2139738,2509_306,-33.901546478271484,151.2013397216797,158.0,32.4,-29,-0.48,True
2026-09-22T16:00:16+10:00,2532008,2509_350,-33.94515609741211,151.2266387939453,358.0,0.0,77,1.28,True
2026-09-22T16:00:16+10:00,2531265,2509_355,-33.89358901977539,151.2190704345703,312.0,31.0,257,4.28,True
2026-09-22T16:00:16+10:00,2548606,2509_350,-33.901126861572266,151.25411987304688,156.0,18.0,87,1.45,True
2026-09-22T16:00:16+10:00,2531881,2509_350,-33.94640350341797,151.2474365234375,126.0,45.0,75,1.25,True
2026-09-22T16:00:16+10:00,2151749,2509_333,-33.891944885253906,151.24981689453125,168.0,0.0,462,7.7,False
2026-09-22T16:00:16+10:00,2533280,2509_324,-33.873443603515625,151.2108612060547,286.0,6.5,117,1.95,True
2026-09-22T16:00:16+10:00,2532029,2509_327,-33.89157485961914,151.2512664794922,71.0,0.0,40,0.67,True
2026-09-22T16:00:16+10:00,2563909,2509_697e,-33.89597702026367,151.2495574951172,7.0,0.0,203,3.38,True
2026-09-22T16:00:16+10:00,2358053,2509_373,-33.92343521118164,151.25621032714844,10.0,32.8,190,3.17,True
2026-09-22T16:00:16+10:00,2563855,2509_386,-33.86982727050781,151.26991271972656,320.0,0.0,312,5.2,False
2026-09-22T16:00:16+10:00,2623369,2509_333,-33.892024993896484,151.2503204345703,261.0,7.6,-250,-4.17,False
2026-09-22T16:00:16+10:00,2358106,2509_343,-33.889678955078125,151.2079315185547,187.0,0.0,267,4.45,True
2026-09-22T16:00:16+10:00,2610119,2509_333,-33.86135482788086,151.21226501464844,182.0,7.2,12,0.2,True
2026-09-22T16:00:16+10:00,2623080,2509_333,-33.87920379638672,151.2364044189453,14.0,0.0,0,0.0,True
2026-09-22T16:00:16+10:00,2439567,2509_390X,-33.91492462158203,151.24034118652344,161.0,12.6,-22,-0.37,True
2026-09-22T16:00:16+10:00,2488430,2509_392,-33.8988151550293,151.2117156982422,217.0,5.8,747,12.45,False
2026-09-22T16:00:16+10:00,2532168,2509_326,-33.87924575805664,151.23619079589844,14.0,0.0,0,0.0,True
2026-09-22T16:00:16+10:00,2494667,2509_343,-33.89350509643555,151.20729064941406,10.0,6.5,-50,-0.83,True
2026-09-22T16:00:16+10:00,2533084,2509_386,-33.89194869995117,151.25076293945312,266.0,0.0,-641,-10.68,False
2026-09-22T16:00:16+10:00,2357168,2509_339,-33.91141891479492,151.25393676757812,94.0,0.0,68,1.13,True
2026-09-22T16:00:16+10:00,2622923,2509_333,-33.877437591552734,151.21298217773438,314.0,0.0,57,0.95,True
2026-09-22T16:00:16+10:00,2358201,2509_698e,-33.925472259521484,151.2212677001953,280.0,51.5,-104,-1.73,False
2026-09-22T16:00:16+10:00,2400300,2509_396,-33.913360595703125,151.22488403320312,320.0,1.1,-108,-1.8,False
2026-09-22T16:00:16+10:00,2346309,2509_390X,-33.915706634521484,151.22564697265625,350.0,27.7,6,0.1,True
2026-09-22T16:00:16+10:00,2466493,2509_373X,-33.86335754394531,151.21202087402344,85.0,0.0,0,0.0,True
2026-09-22T16:00:16+10:00,2563811,2509_386,-33.89167022705078,151.25184631347656,53.0,0.0,221,3.68,True
2026-09-22T16:00:16+10:00,2479408,2509_706e,-33.891197204589844,151.25357055664062,318.0,0.0,64,1.07,True
2026-09-22T16:00:16+10:00,2622893,2509_333,-33.89035415649414,151.24253845214844,290.0,0.4,56,0.93,True
2026-09-22T16:00:16+10:00,2335789,2509_309,-33.90224838256836,151.2015838623047,338.0,28.1,244,4.07,True
2026-09-22T16:00:16+10:00,2356862,2509_311,-33.874027252197266,151.21640014648438,190.0,2.9,256,4.27,True
2026-09-22T16:00:16+10:00,2357781,2509_311,-33.85909652709961,151.27537536621094,274.0,41.8,0,0.0,True
2026-09-22T16:00:16+10:00,2532501,2509_350,-33.91121292114258,151.254150390625,3.0,0.0,131,2.18,True
2026-09-22T16:00:16+10:00,2494539,2509_747e,-33.8861083984375,151.20669555664062,11.0,15.1,-320,-5.33,False
2026-09-22T16:00:16+10:00,2358279,2509_373,-33.9192008972168,151.25721740722656,184.0,0.0,0,0.0,True
2026-09-22T16:00:16+10:00,2466470,2509_373X,-33.9164924621582,151.24102783203125,160.0,0.0,-110,-1.83,False
2026-09-22T16:00:16+10:00,2548779,2509_350,-33.94401550292969,151.23959350585938,344.0,0.0,66,1.1,True
2026-09-22T16:00:16+10:00,2346311,2509_390X,-33.90925979614258,151.2436981201172,78.0,0.4,128,2.13,True
2026-09-22T16:00:16+10:00,2139040,2509_306,-33.925655364990234,151.19558715820312,150.0,21.2,46,0.77,True
2026-09-22T16:00:16+10:00,2400401,2509_309,-33.89909744262695,151.2001953125,343.0,11.2,434,7.23,False
2026-09-22T16:00:16+10:00,2532485,2509_324,-33.865806579589844,151.20423889160156,355.0,0.0,4,0.07,True
2026-09-22T16:00:16+10:00,2679112,2509_370,-33.880245208740234,151.18739318847656,147.0,24.8,366,6.1,False
2026-09-22T16:00:16+10:00,2137772,2509_306,-33.92845153808594,151.21104431152344,278.0,38.9,240,4.0,True
2026-09-22T16:00:16+10:00,2335436,2509_309,-33.90591049194336,151.20285034179688,348.0,1.8,-306,-5.1,False
2026-09-22T16:00:16+10:00,2358001,2509_373,-33.903663635253906,151.22581481933594,135.0,34.6,-290,-4.83,False
2026-09-22T16:00:16+10:00,2357005,2509_339,-33.9032096862793,151.23858642578125,54.0,34.9,-2,-0.03,True
2026-09-22T16:00:16+10:00,2563895,2509_379,-33.88547897338867,151.27359008789062,344.0,18.7,44,0.73,True
2026-09-22T16:00:16+10:00,2667421,2509_326,-33.891822814941406,151.25157165527344,87.0,0.0,343,5.72,False
2026-09-22T16:00:16+10:00,2622991,2509_333,-33.867340087890625,151.2106170654297,5.0,19.4,-182,-3.03,False
2026-09-22T16:00:16+10:00,2358180,2509_373,-33.87718200683594,151.21197509765625,23.0,0.0,-54,-0.9,True
2026-09-22T16:00:16+10:00,2139499,2509_375,-33.9555778503418,151.2305908203125,258.0,0.0,-131,-2.18,False
2026-09-22T16:00:16+10:00,2384119,2509_664e,-33.95094299316406,151.2316436767578,176.0,5.8,385,6.42,False
2026-09-22T16:00:16+10:00,2563947,2509_387,-33.87020492553711,151.27610778808594,34.0,38.5,-341,-5.68,False
2026-09-22T16:00:16+10:00,2533608,2509_350,-33.932838439941406,151.1797332763672,96.0,0.0,0,0.0,True
2026-09-22T16:00:16+10:00,2400646,2509_396,-33.87494659423828,151.20970153808594,5.0,0.0,529,8.82,False
2026-09-22T16:00:16+10:00,2479411,2509_704e,-33.908931732177734,151.2440643310547,189.0,20.9,-27,-0.45,True
2026-09-22T16:00:16+10:00,2532529,2509_352,-33.8822021484375,151.22000122070312,143.0,0.0,506,8.43,False
2026-09-22T16:00:16+10:00,2679134,2509_370,-33.91973876953125,151.24948120117188,99.0,0.0,105,1.75,True
2026-09-22T16:00:16+10:00,2357457,2509_339,-33.91463851928711,151.26669311523438,158.0,8.3,12,0.2,True
2026-09-22T16:00:16+10:00,2470803,2509_356,-33.94144821166992,151.23873901367188,95.0,0.0,251,4.18,True
2026-09-22T16:00:16+10:00,2494565,2509_343,-33.87148666381836,151.2101593017578,10.0,41.8,223,3.72,True
2026-09-22T16:00:16+10:00,2531342,2509_705e,-33.8945426940918,151.26785278320312,102.0,25.9,-438,-7.3,False
2026-09-22T16:00:16+10:00,2534729,2509_350,-33.92856216430664,151.25503540039062,317.0,8.6,-37,-0.62,True
2026-09-22T16:00:16+10:00,2358241,2509_373,-33.90850067138672,151.234619140625,279.0,0.0,-7,-0.12,True
2026-09-22T16:00:16+10:00,2563843,2509_683e,-33.89207077026367,151.2473602294922,11.0,0.0,390,6.5,False
2026-09-22T16:00:16+10:00,2356322,2509_374,-33.916683197021484,151.2489013671875,191.0,15.8,-89,-1.48,False
2026-09-22T16:00:16+10:00,2532893,2509_355,-33.889739990234375,151.2324676513672,78.0,16.9,-65,-1.08,False
2026-09-22T16:00:16+10:00,2706635,2504_620X,-33.852455139160156,151.21063232421875,208.0,54.4,0,0.0,True
2026-09-22T16:00:16+10:00,2704830,2504_616X,-33.81364440917969,151.1895294189453,258.0,70.6,134,2.23,True
2026-09-22T16:00:16+10:00,2710770,2504_3646,-33.80732727050781,151.15480041503906,130.0,71.3,,,
2026-09-22T16:00:16+10:00,2711056,2504_607X,-33.86985778808594,151.20616149902344,175.0,0.0,0,0.0,True
2026-09-22T16:00:16+10:00,2710068,2504_612X,-33.846336364746094,151.21234130859375,167.0,0.0,1212,20.2,False
2026-09-22T16:00:16+10:00,2704711,2504_607X,-33.813865661621094,151.19924926757812,323.0,77.0,252,4.2,True
2026-09-22T16:00:16+10:00,2709287,2504_610X,-33.826438903808594,151.21450805664062,152.0,0.0,0,0.0,True
2026-09-22T16:00:16+10:00,2719823,2514_9118,-33.79609680175781,151.1780548095703,213.0,16.6,686,11.43,False
2026-09-22T16:00:16+10:00,2709991,2504_652X,-33.86568832397461,151.2042236328125,355.0,0.0,-235,-3.92,False
2026-09-22T16:00:16+10:00,2719596,2514_283,-33.780120849609375,151.1957550048828,161.0,0.0,3,0.05,True
2026-09-22T16:00:16+10:00,2720582,2514_277,-33.78062057495117,151.2012939453125,125.0,18.0,131,2.18,True
2026-09-22T16:00:16+10:00,2706883,2504_612X,-33.84006881713867,151.2078399658203,324.0,0.0,0,0.0,True
2026-09-22T16:00:16+10:00,2721388,2514_194,-33.77989196777344,151.1957244873047,160.0,0.0,383,6.38,False
2026-09-22T16:00:16+10:00,2721308,2514_270,-33.87181854248047,151.2056121826172,350.0,6.5,0,0.0,True
2026-09-22T16:00:16+10:00,2720984,2514_260,-33.78843688964844,151.2057647705078,310.0,47.5,83,1.38,True
2026-09-22T16:00:16+10:00,2721039,2514_141,-33.79585647583008,151.25352478027344,251.0,12.6,108,1.8,True
2026-09-22T16:00:16+10:00,2710630,2504_614X,-33.8630485534668,151.20526123046875,174.0,0.0,0,0.0,True
2026-09-22T16:00:16+10:00,2720017,2514_194,-33.7852897644043,151.2008056640625,339.0,0.0,360,6.0,False
2026-09-22T16:00:16+10:00,2720538,2514_278,-33.796485900878906,151.18087768554688,179.0,0.0,12,0.2,True
2026-09-22T16:00:16+10:00,2703987,2504_616X,-33.87055969238281,151.20547485351562,352.0,0.0,0,0.0,True
2026-09-22T16:00:16+10:00,2720071,2514_565,-33.79545974731445,151.17832946777344,202.0,0.0,244,4.07,True
2026-09-22T16:00:16+10:00,2707144,2504_610X,-33.868499755859375,151.20602416992188,172.0,13.3,0,0.0,True
2026-09-22T16:00:16+10:00,2710549,2504_642X,-33.870758056640625,151.20480346679688,350.0,28.4,-54,-0.9,True
2026-09-22T16:00:16+10:00,2706316,2504_610X,-33.872520446777344,151.20570373535156,354.0,23.8,78,1.3,True
2026-09-22T16:00:16+10:00,2709235,2504_615X,-33.827842712402344,151.21485900878906,179.0,41.0,0,0.0,True
2026-09-22T16:00:16+10:00,2710878,2504_613X,-33.82668685913086,151.2145538330078,158.0,0.0,0,0.0,True
2026-09-22T16:00:16+10:00,2705768,2504_622,-33.816917419433594,151.1793975830078,311.0,6.8,307,5.12,False
2026-09-22T16:00:16+10:00,2720104,2514_194,-33.87042999267578,151.20545959472656,353.0,1.1,12,0.2,True
2026-09-22T16:00:16+10:00,2720475,2514_271,-33.87278747558594,151.2063751220703,264.0,0.0,0,0.0,True
2026-09-22T16:00:16+10:00,2708007,2504_615X,-33.81332778930664,151.18338012695312,287.0,78.5,36,0.6,True
2026-09-22T16:00:16+10:00,2710709,2504_613X,-33.85148620605469,151.21124267578125,28.0,53.6,94,1.57,True
2026-09-22T16:00:16+10:00,2719524,2514_277,-33.79473114013672,151.18246459960938,160.0,4.3,-338,-5.63,False
2026-09-22T16:00:16+10:00,2708273,2504_620X,-33.81266784667969,151.18072509765625,285.0,70.6,-6,-0.1,True
2026-09-22T16:00:16+10:00,2719522,2514_279,-33.796180725097656,151.1808319091797,195.0,0.0,0,0.0,True
2026-09-22T16:00:16+10:00,2710404,2504_610X,-33.8195686340332,151.2031707763672,325.0,72.0,-78,-1.3,False
2026-09-22T16:00:16+10:00,2707602,2504_616X,-33.82678985595703,151.21458435058594,162.0,0.0,0,0.0,True
2026-09-22T16:00:16+10:00,2720306,2514_558,-33.786964416503906,151.18099975585938,71.0,0.0,81,1.35,True
2026-09-22T16:00:16+10:00,2720868,2514_271,-33.80231857299805,151.2108917236328,89.0,22.7,-161,-2.68,False
2026-09-22T16:00:16+10:00,2706683,2504_612X,-33.819679260253906,151.18405151367188,320.0,43.9,21,0.35,True
2026-09-22T16:00:16+10:00,2705298,2504_607X,-33.86635971069336,151.2050018310547,355.0,33.1,38,0.63,True
2026-09-22T16:00:16+10:00,2720743,2514_283,-33.78573989868164,151.2008514404297,65.0,16.2,197,3.28,True
2026-09-22T16:00:16+10:00,2709002,2504_610X,-33.81201171875,151.17601013183594,81.0,71.6,-89,-1.48,False
2026-09-22T16:00:16+10:00,2529887,7084_SW2,-33.90732192993164,151.1588592529297,321.0,36.0,165,2.75,True
2026-09-22T16:00:16+10:00,2579251,7084_SW2,-33.90388488769531,151.14080810546875,65.0,0.7,-176,-2.93,False
2026-09-22T16:00:16+10:00,2530082,7084_SW2,-33.9050407409668,151.13157653808594,274.0,36.4,248,4.13,True
2026-09-22T16:00:16+10:00,2530389,7084_SW2,-33.90778350830078,151.14947509765625,293.0,38.2,44,0.73,True
2026-09-22T16:00:16+10:00,2579135,7084_SW2,-33.90108108520508,151.1502227783203,93.0,43.6,22,0.37,True
2026-09-22T16:00:16+10:00,2530124,7084_SW2,-33.91150665283203,151.1201171875,230.0,0.0,-222,-3.7,False
2026-09-22T16:00:16+10:00,2529831,7084_SW2,-33.903724670410156,151.14283752441406,315.0,23.0,59,0.98,True
2026-09-22T16:00:16+10:00,2632024,2510_301,-33.94472122192383,151.2264404296875,195.0,0.0,0,0.0,True
