timestamp,trip_id,route_id,lat,lon,bearing,speed_kmh,delay_sec,delay_min,on_time
2026-09-15T00:05:56+10:00,2308929,2459_445,-33.90858840942383,151.1244354248047,51.0,43.2,112,1.87,True
2026-09-15T00:05:56+10:00,2627382,2459_320,-33.89646530151367,151.2088623046875,98.0,36.7,-134,-2.23,False
2026-09-15T00:05:56+10:00,2286089,2459_426,-33.894287109375,151.1825714111328,220.0,28.1,80,1.33,True
2026-09-15T00:05:56+10:00,2289838,2459_461N,-33.88473892211914,151.18701171875,264.0,55.8,419,6.98,False
2026-09-15T00:05:56+10:00,2286709,2459_470,-33.866905212402344,151.210693359375,186.0,0.0,0,0.0,True
2026-09-15T00:05:56+10:00,2283987,2459_470,-33.88446044921875,151.1952362060547,268.0,0.0,125,2.08,True
2026-09-15T00:05:56+10:00,2288932,2459_389,-33.8870964050293,151.2366943359375,348.0,20.9,100,1.67,True
2026-09-15T00:05:56+10:00,2286932,2459_422,-33.8836784362793,151.2030792236328,52.0,0.0,-343,-5.72,False
2026-09-15T00:05:56+10:00,2220600,2459_445,-33.90170669555664,151.14463806152344,189.0,38.5,-48,-0.8,True
2026-09-15T00:05:56+10:00,2475221,2459_389,-33.89088821411133,151.2443084716797,111.0,46.1,-245,-4.08,False
2026-09-15T00:05:56+10:00,2374422,2508_100,-33.86759948730469,151.20590209960938,174.0,0.0,-147,-2.45,False
2026-09-15T00:05:56+10:00,2289611,2459_428,-33.88843536376953,151.19174194335938,59.0,45.0,6,0.1,True
2026-09-15T00:05:56+10:00,2208860,2459_440,-33.887813568115234,151.1605987548828,281.0,54.4,-85,-1.42,False
2026-09-15T00:05:56+10:00,2290855,2459_389,-33.86445236206055,151.19351196289062,156.0,27.0,-23,-0.38,True
2026-09-15T00:05:56+10:00,2349350,2459_418,-33.88037872314453,151.10305786132812,190.0,28.4,69,1.15,True
2026-09-15T00:05:56+10:00,2375291,2508_144,-33.79668426513672,151.18038940429688,179.0,0.0,0,0.0,True
2026-09-15T00:05:56+10:00,2475166,2459_389,-33.86356735229492,151.1927947998047,284.0,20.9,94,1.57,True
2026-09-15T00:05:56+10:00,2088439,2508_B1,-33.79914093017578,151.25103759765625,246.0,28.4,-106,-1.77,False
2026-09-15T00:05:56+10:00,2038917,2459_440,-33.884151458740234,151.200927734375,87.0,40.3,-251,-4.18,False
2026-09-15T00:05:56+10:00,2685911,2459_423,-33.8811149597168,151.20639038085938,213.0,0.0,132,2.2,True
2026-09-15T00:05:56+10:00,2208884,2459_440,-33.890926361083984,151.24887084960938,96.0,0.0,0,0.0,True
2026-09-15T00:05:56+10:00,2087868,2508_B1,-33.83164596557617,151.22286987304688,268.0,12.2,11,0.18,True
2026-09-15T00:05:56+10:00,2285467,2459_428,-33.90507507324219,151.13221740722656,276.0,43.6,-172,-2.87,False
2026-09-15T00:05:56+10:00,2290368,2459_433,-33.8640022277832,151.17013549804688,311.0,0.0,-130,-2.17,False
2026-09-15T00:05:56+10:00,2285786,2459_437,-33.86524963378906,151.1365966796875,198.0,41.8,-70,-1.17,False
2026-09-15T00:05:56+10:00,2721347,2514_271,-33.78569793701172,151.20103454589844,339.0,32.8,226,3.77,True
2026-09-15T00:05:56+10:00,2209451,2459_438N,-33.884517669677734,151.1950225830078,265.0,3.6,295,4.92,True
2026-09-15T00:05:56+10:00,2285377,2459_418,-33.89613723754883,151.1275634765625,2.0,35.6,-13,-0.22,True
2026-09-15T00:05:56+10:00,2289378,2459_422,-33.88905334472656,151.18191528320312,150.0,26.3,97,1.62,True
2026-09-15T00:05:56+10:00,2415481,2508_B1,-33.810367584228516,151.24473571777344,38.0,31.3,-135,-2.25,False
2026-09-15T00:05:56+10:00,2685949,2459_423,-33.865604400634766,151.21031188964844,220.0,14.8,83,1.38,True
2026-09-15T00:05:56+10:00,2208744,2459_438N,-33.866180419921875,151.2100830078125,151.0,5.4,268,4.47,True
2026-09-15T00:05:56+10:00,2290509,2459_442,-33.86585235595703,151.17698669433594,211.0,25.9,-124,-2.07,False
2026-09-15T00:05:56+10:00,2208218,2459_413,-33.89535140991211,151.13644409179688,277.0,28.4,52,0.87,True
2026-09-15T00:05:56+10:00,2289035,2459_423,-33.89961624145508,151.1708526611328,23.0,3.2,109,1.82,True
2026-09-15T00:05:56+10:00,2286450,2459_433,-33.88075637817383,151.20669555664062,204.0,0.0,0,0.0,True
2026-09-15T00:05:56+10:00,1973402,2508_162,-33.798179626464844,151.2575225830078,276.0,0.0,-181,-3.02,False
2026-09-15T00:05:56+10:00,2514735,2459_410,-33.8624153137207,151.10801696777344,119.0,0.0,-199,-3.32,False
2026-09-15T00:05:56+10:00,2375108,2508_144,-33.79484176635742,151.25697326660156,71.0,59.4,50,0.83,True
2026-09-15T00:05:56+10:00,2415492,2508_B1,-33.86685562133789,151.20628356933594,9.0,0.0,0,0.0,True
2026-09-15T00:05:56+10:00,2376261,2508_100,-33.82429885864258,151.23875427246094,91.0,51.8,-114,-1.9,False
2026-09-15T00:05:56+10:00,2287172,2459_461N,-33.87713623046875,151.20944213867188,10.0,28.1,224,3.73,True
2026-09-15T00:05:56+10:00,2283583,2459_428,-33.86759948730469,151.2106170654297,186.0,34.2,50,0.83,True
2026-09-15T00:05:56+10:00,2554197,2459_358,-33.9155158996582,151.16571044921875,12.0,0.0,188,3.13,True
2026-09-15T00:05:56+10:00,2635895,2459_504,-33.87445831298828,151.20774841308594,97.0,0.0,70,1.17,True
2026-09-15T00:05:56+10:00,2554437,2459_358,-33.922855377197266,151.20606994628906,279.0,37.8,101,1.68,True
2026-09-15T00:05:56+10:00,2037308,2459_438N,-33.87863540649414,151.20924377441406,5.0,0.0,-300,-5.0,False
2026-09-15T00:05:56+10:00,2376836,2508_172X,-33.82440185546875,151.24095153808594,65.0,34.6,-17,-0.28,True
2026-09-15T00:05:56+10:00,2289396,2459_433,-33.88022994995117,151.17938232421875,106.0,0.0,-105,-1.75,False
2026-09-15T00:05:56+10:00,1964175,2459_412,-33.9039192199707,151.15321350097656,183.0,31.3,-16,-0.27,True
2026-09-15T00:05:56+10:00,2720547,2514_271,-33.871639251708984,151.20559692382812,356.0,0.0,0,0.0,True
2026-09-15T00:05:56+10:00,2424326,2508_230,-33.82896041870117,151.21006774902344,99.0,0.0,118,1.97,True
2026-09-15T00:05:56+10:00,2088152,2508_160X,-33.784366607666016,151.1894073486328,250.0,59.0,-167,-2.78,False
2026-09-15T00:05:56+10:00,2721283,2514_194,-33.86893844604492,151.20529174804688,354.0,0.0,1124,18.73,False
2026-09-15T00:05:56+10:00,2550360,2508_144,-33.83161544799805,151.2227325439453,270.0,38.5,25,0.42,True
2026-09-15T00:05:56+10:00,2685933,2459_423,-33.91141891479492,151.1553955078125,219.0,19.8,-47,-0.78,True
2026-09-15T00:05:56+10:00,2376078,2508_173X,-33.8667106628418,151.206298828125,6.0,0.0,68,1.13,True
2026-09-15T00:05:56+10:00,2289076,2459_418,-33.915435791015625,151.16551208496094,52.0,0.0,0,0.0,True
2026-09-15T00:05:56+10:00,1962580,2459_412,-33.898651123046875,151.1688232421875,114.0,45.7,0,0.0,True
2026-09-15T00:05:56+10:00,2038991,2459_470,-33.88401412963867,151.19082641601562,118.0,19.1,-24,-0.4,True
2026-09-15T00:05:56+10:00,2420815,2508_230,-33.83122634887695,151.20840454101562,190.0,52.6,-129,-2.15,False
2026-09-15T00:05:56+10:00,2283203,2459_442,-33.85774230957031,151.19082641601562,79.0,45.4,-308,-5.13,False
2026-09-15T00:05:56+10:00,2554439,2459_358,-33.92451858520508,151.23065185546875,100.0,34.9,41,0.68,True
2026-09-15T00:05:56+10:00,2530372,7084_SW2,-33.91482162475586,151.16494750976562,42.0,0.0,-682,-11.37,False
2026-09-15T00:05:56+10:00,2693168,7066_19T8,-33.9144401550293,151.16555786132812,10.0,0.0,0,0.0,True
2026-09-15T00:05:56+10:00,2693158,7066_19T8,-33.918827056884766,151.16893005371094,326.0,32.8,-151,-2.52,False
2026-09-15T00:05:56+10:00,2693071,7066_19T8,-33.928829193115234,151.1540985107422,101.0,26.6,-844,-14.07,False
2026-09-15T00:05:56+10:00,2579025,7084_SW2,-33.90334701538086,151.15516662597656,141.0,45.4,-238,-3.97,False
2026-09-15T00:05:56+10:00,2693074,7066_19T8,-33.92988967895508,151.1522674560547,34.0,20.9,-114,-1.9,False
2026-09-15T00:05:56+10:00,2533215,2509_350,-33.891117095947266,151.2486114501953,276.0,0.0,0,0.0,True
2026-09-15T00:05:56+10:00,2714361,7054_60T8,-33.920143127441406,151.18817138671875,85.0,24.8,207,3.45,True
2026-09-15T00:05:56+10:00,2577973,2509_333,-33.8709716796875,151.210205078125,186.0,37.8,425,7.08,False
2026-09-15T00:05:56+10:00,2434915,2509_390X,-33.89113998413086,151.2488250732422,278.0,0.0,0,0.0,True
2026-09-15T00:05:56+10:00,2531923,2509_352,-33.89088821411133,151.21054077148438,114.0,0.7,-69,-1.15,False
2026-09-15T00:05:56+10:00,2356070,2509_343,-33.87761688232422,151.20938110351562,187.0,31.7,-17,-0.28,True
2026-09-15T00:05:56+10:00,2714379,7054_60T8,-33.92020797729492,151.18881225585938,100.0,20.2,-278,-4.63,False
2026-09-15T00:05:56+10:00,2357763,2509_370,-33.91981506347656,151.25714111328125,190.0,0.0,0,0.0,True
2026-09-15T00:05:56+10:00,2714383,7054_60T8,-33.936283111572266,151.16290283203125,358.0,54.4,146,2.43,True
2026-09-15T00:05:56+10:00,2628593,2509_304,-33.88533020019531,151.21395874023438,9.0,0.0,-14,-0.23,True
2026-09-15T00:05:56+10:00,2578149,2509_333,-33.874916076660156,151.20970153808594,6.0,0.0,-258,-4.3,False
2026-09-15T00:05:56+10:00,2434637,2509_390X,-33.89139938354492,151.2488555908203,98.0,21.2,50,0.83,True
2026-09-15T00:05:56+10:00,2494561,7054_60T8,-33.88041305541992,151.20680236816406,194.0,0.0,0,0.0,True
2026-09-15T00:05:56+10:00,2628762,2509_304,-33.88294219970703,151.21450805664062,189.0,37.4,192,3.2,True
2026-09-15T00:05:56+10:00,2577978,2509_333,-33.8623161315918,151.21119689941406,7.0,0.4,0,0.0,True
2026-09-15T00:05:56+10:00,2357337,2509_370,-33.90591049194336,151.1809539794922,338.0,39.2,-59,-0.98,True
2026-09-15T00:05:56+10:00,2494729,7054_62T8,-33.883296966552734,151.20834350585938,187.0,5.4,73,1.22,True
2026-09-15T00:05:56+10:00,2674982,2509_309,-33.90534973144531,151.2028350830078,165.0,0.0,-3,-0.05,True
2026-09-15T00:05:56+10:00,2548680,2509_350,-33.934104919433594,151.19781494140625,260.0,47.5,-60,-1.0,True
2026-09-15T00:05:56+10:00,2356905,2509_373,-33.90671920776367,151.23199462890625,123.0,0.0,-123,-2.05,False
2026-09-15T00:05:56+10:00,2494534,7054_60T8,-33.93386459350586,151.16575622558594,149.0,28.8,294,4.9,True
2026-09-15T00:05:56+10:00,2534717,2509_325,-33.8791389465332,151.23597717285156,12.0,0.0,-13,-0.22,True
2026-09-15T00:05:56+10:00,2434575,2509_390X,-33.94269561767578,151.23983764648438,169.0,51.5,-135,-2.25,False
2026-09-15T00:05:56+10:00,2356229,2509_343,-33.924598693847656,151.21588134765625,99.0,2.9,-243,-4.05,False
2026-09-15T00:05:56+10:00,2548703,2509_350,-33.93275451660156,151.17909240722656,99.0,0.0,32,0.53,True
2026-09-15T00:05:56+10:00,2136813,2509_306,-33.924095153808594,151.21109008789062,8.0,28.8,-14,-0.23,True
2026-09-15T00:05:56+10:00,2488480,2509_392,-33.89280319213867,151.19915771484375,22.0,0.0,0,0.0,True
2026-09-15T00:05:56+10:00,2396557,2509_392,-33.902854919433594,151.2073211669922,27.0,20.5,51,0.85,True
2026-09-15T00:05:56+10:00,2139946,2509_375,-33.92451095581055,151.24386596679688,279.0,15.1,-58,-0.97,True
2026-09-15T00:05:56+10:00,2694629,700015_23T8,-33.92886734008789,151.15383911132812,97.0,0.0,-313,-5.22,False
2026-09-15T00:05:56+10:00,2356186,2509_339,-33.89004898071289,151.23492431640625,114.0,46.1,0,0.0,True
2026-09-15T00:05:56+10:00,2494683,7054_60T8,-33.92646026611328,151.18170166015625,284.0,66.6,55,0.92,True
2026-09-15T00:05:56+10:00,2548517,2509_350,-33.92801284790039,151.2552490234375,190.0,38.2,50,0.83,True
2026-09-15T00:05:56+10:00,2577639,2509_333,-33.89122772216797,151.24612426757812,113.0,43.9,235,3.92,True
2026-09-15T00:05:56+10:00,2300991,2509_399,-33.946014404296875,151.24057006835938,169.0,0.0,-15,-0.25,True
2026-09-15T00:05:56+10:00,2679115,2509_370,-33.905235290527344,151.20277404785156,169.0,1.4,-119,-1.98,False
2026-09-15T00:05:56+10:00,2533373,2509_324,-33.856021881103516,151.20668029785156,49.0,0.0,0,0.0,True
2026-09-15T00:05:56+10:00,2141073,2509_396,-33.89938735961914,151.2223358154297,168.0,45.7,36,0.6,True
2026-09-15T00:05:56+10:00,2357148,2509_373,-33.88637161254883,151.21881103515625,335.0,37.4,-161,-2.68,False
2026-09-15T00:05:56+10:00,2357671,2509_370,-33.91603469848633,151.24073791503906,341.0,36.4,109,1.82,True
2026-09-15T00:05:56+10:00,2714371,7054_60T8,-33.9156379699707,151.16546630859375,6.0,0.0,208,3.47,True
2026-09-15T00:05:56+10:00,2563917,2509_379,-33.88362503051758,151.27630615234375,9.0,31.0,1,0.02,True
2026-09-15T00:05:56+10:00,2494691,2509_343,-33.88126754760742,151.20872497558594,10.0,31.3,111,1.85,True
2026-09-15T00:05:56+10:00,2494658,7054_62T8,-33.918907165527344,151.1990966796875,221.0,45.4,-135,-2.25,False
2026-09-15T00:05:56+10:00,2488368,2509_392,-33.89838790893555,151.2119903564453,216.0,40.3,2,0.03,True
2026-09-15T00:05:56+10:00,2532682,2509_333,-33.890506744384766,151.2430419921875,288.0,28.8,-72,-1.2,False
2026-09-15T00:05:56+10:00,2494552,7054_60T8,-33.91605758666992,151.1658172607422,309.0,23.4,953,15.88,False
2026-09-15T00:05:56+10:00,2139573,2509_396,-33.897159576416016,151.2218475341797,352.0,37.4,-185,-3.08,False
2026-09-15T00:05:56+10:00,2551787,2509_379,-33.89202117919922,151.25030517578125,259.0,38.5,-256,-4.27,False
2026-09-15T00:05:56+10:00,2534297,2509_380,-33.8919563293457,151.2734832763672,221.0,25.6,67,1.12,True
2026-09-15T00:05:56+10:00,2494503,7054_60T8,-33.9190673828125,151.1989288330078,221.0,41.8,165,2.75,True
2026-09-15T00:05:56+10:00,2533224,2509_380,-33.882869720458984,151.28250122070312,15.0,13.3,-128,-2.13,False
2026-09-15T00:05:56+10:00,2357021,2509_339,-33.90892791748047,151.24871826171875,145.0,37.1,-314,-5.23,False
2026-09-15T00:05:56+10:00,2532997,2509_352,-33.88972854614258,151.23361206054688,293.0,23.0,19,0.32,True
2026-09-15T00:05:56+10:00,2494665,7054_60T8,-33.91384506225586,151.2010955810547,195.0,37.4,-257,-4.28,False
2026-09-15T00:05:56+10:00,2346380,2509_390X,-33.94134521484375,151.23895263671875,346.0,39.2,23,0.38,True
2026-09-15T00:05:56+10:00,2694636,700015_23T8,-33.92995834350586,151.15585327148438,37.0,55.8,-583,-9.72,False
2026-09-15T00:05:56+10:00,2533151,2509_350,-33.94589614868164,151.24366760253906,76.0,0.0,-56,-0.93,True
2026-09-15T00:05:56+10:00,2137709,2509_306,-33.904937744140625,151.20277404785156,170.0,16.2,130,2.17,True
2026-09-15T00:05:56+10:00,2708286,2504_610X,-33.85546875,151.20875549316406,207.0,38.9,466,7.77,False
2026-09-15T00:05:56+10:00,2706344,2504_610X,-33.80144500732422,151.14486694335938,130.0,68.4,-33,-0.55,True
2026-09-15T00:05:56+10:00,2706841,2504_607X,-33.87263107299805,151.2064971923828,175.0,0.0,50,0.83,True
2026-09-15T00:05:56+10:00,2705133,2504_607X,-33.823795318603516,151.1930694580078,66.0,55.8,85,1.42,True
2026-09-15T00:05:56+10:00,2708674,2504_N50,-33.873687744140625,151.21234130859375,100.0,0.0,51,0.85,True
2026-09-15T00:05:56+10:00,2702319,2507_501,-33.88286590576172,151.19979858398438,63.0,25.2,152,2.53,True
2026-09-15T00:05:56+10:00,2225614,2507_292,-33.82400131225586,151.20889282226562,288.0,56.2,43,0.72,True
2026-09-15T00:05:56+10:00,2672413,2507_115,-33.83589172363281,151.2054443359375,344.0,36.0,-15,-0.25,True
2026-09-15T00:05:56+10:00,2621626,2507_252,-33.84085464477539,151.2069549560547,280.0,0.0,1,0.02,True
2026-09-15T00:05:56+10:00,2555596,2507_291,-33.83255386352539,151.2043914794922,339.0,49.7,159,2.65,True
2026-09-15T00:05:56+10:00,2644242,2507_52,-33.87278747558594,151.2052459716797,265.0,0.0,229,3.82,True
2026-09-15T00:05:56+10:00,2683161,7083_SW1,-33.91498565673828,151.16502380371094,0.0,0.4,2604,43.4,False
2026-09-15T00:05:56+10:00,2644451,2507_52,-33.8709602355957,151.21429443359375,313.0,0.0,0,0.0,True
2026-09-15T00:05:56+10:00,2702472,2507_501,-33.86829376220703,151.18260192871094,106.0,57.2,8,0.13,True
2026-09-15T00:05:56+10:00,2309786,7083_SW3,-33.91234588623047,151.11866760253906,58.0,17.3,31,0.52,True
2026-09-15T00:05:56+10:00,2645066,2507_120,-33.81632614135742,151.2012481689453,156.0,38.9,339,5.65,False
2026-09-15T00:05:56+10:00,2681915,2507_208,-33.863563537597656,151.2097625732422,264.0,0.0,0,0.0,True
2026-09-15T00:05:56+10:00,2644791,2507_52,-33.824039459228516,151.12428283691406,128.0,24.1,40,0.67,True
2026-09-15T00:05:56+10:00,2644845,2507_120,-33.826019287109375,151.2128143310547,326.0,69.5,140,2.33,True
2026-09-15T05:19:58+10:00,2088359,2508_BN1,-33.83988571166992,151.2102508544922,2.0,72.7,30,0.5,True
2026-09-15T05:19:58+10:00,2037711,2459_470,-33.87385177612305,151.1618194580078,72.0,0.0,0,0.0,True
2026-09-15T05:19:58+10:00,2389320,2508_173X,-33.81922149658203,151.24404907226562,189.0,0.0,196,3.27,True
2026-09-15T05:19:58+10:00,2289393,2459_442,-33.85686492919922,151.17787170410156,188.0,0.0,199,3.32,True
2026-09-15T05:19:58+10:00,2374357,2508_100,-33.8419075012207,151.2434844970703,355.0,0.0,0,0.0,True
2026-09-15T05:19:58+10:00,2474864,2459_389,-33.87308883666992,151.20787048339844,98.0,0.0,-44,-0.73,True
2026-09-15T05:19:58+10:00,2349277,2459_418,-33.90747833251953,151.12887573242188,131.0,35.6,-131,-2.18,False
2026-09-15T05:19:58+10:00,2415586,2508_B1,-33.86637496948242,151.20632934570312,6.0,0.0,0,0.0,True
2026-09-15T05:19:58+10:00,2377010,2508_144,-33.82174301147461,151.2438201904297,7.0,44.6,129,2.15,True
2026-09-15T05:19:58+10:00,2220035,2459_445,-33.9094352722168,151.1232452392578,231.0,38.2,-325,-5.42,False
2026-09-15T05:19:58+10:00,2286455,2459_412,-33.91293716430664,151.1471405029297,39.0,30.2,-52,-0.87,True
2026-09-15T05:19:58+10:00,2283270,2459_418,-33.91021728515625,151.13304138183594,242.0,26.3,-118,-1.97,False
2026-09-15T05:19:58+10:00,2287988,2459_426,-33.898719787597656,151.17391967773438,82.0,34.2,-100,-1.67,False
2026-09-15T05:19:58+10:00,2374461,2508_100,-33.83024215698242,151.218017578125,276.0,0.0,-41,-0.68,True
2026-09-15T05:19:58+10:00,2285754,2459_431,-33.882225036621094,151.20516967773438,46.0,38.5,3,0.05,True
2026-09-15T05:19:58+10:00,2550457,2508_144,-33.82477951049805,151.18992614746094,267.0,33.1,358,5.97,False
2026-09-15T05:19:58+10:00,2289851,2459_433,-33.88058090209961,151.20675659179688,195.0,0.0,0,0.0,True
2026-09-15T05:19:58+10:00,2209029,2459_464,-33.895259857177734,151.10833740234375,74.0,37.4,-130,-2.17,False
2026-09-15T05:19:58+10:00,2037027,2459_440,-33.88226318359375,151.2200469970703,144.0,0.0,-18,-0.3,True
2026-09-15T05:19:58+10:00,1962993,2459_410,-33.877479553222656,151.10372924804688,191.0,23.4,-114,-1.9,False
2026-09-15T05:19:58+10:00,2037710,2459_470,-33.88038635253906,151.2086639404297,103.0,5.8,-139,-2.32,False
2026-09-15T05:19:58+10:00,2208823,2459_530,-33.85081481933594,151.1542205810547,318.0,0.0,53,0.88,True
2026-09-15T05:19:58+10:00,2349576,2459_418,-33.87459182739258,151.10763549804688,8.0,0.0,0,0.0,True
2026-09-15T05:19:58+10:00,1960248,2459_415,-33.86997985839844,151.1085662841797,181.0,23.4,0,0.0,True
2026-09-15T05:19:58+10:00,2373735,2508_100,-33.83661651611328,151.21080017089844,9.0,66.2,22,0.37,True
2026-09-15T05:19:58+10:00,2374804,2508_144,-33.81047058105469,151.1770477294922,228.0,0.0,235,3.92,True
2026-09-15T05:19:58+10:00,2037028,2459_440,-33.88792419433594,151.16119384765625,105.0,0.0,69,1.15,True
2026-09-15T05:19:58+10:00,2038624,2459_445,-33.9064826965332,151.12693786621094,37.0,52.6,0,0.0,True
2026-09-15T05:19:58+10:00,2208101,2459_440,-33.8905029296875,151.24302673339844,289.0,42.8,87,1.45,True
2026-09-15T05:19:58+10:00,2290206,2459_423,-33.88221740722656,151.20516967773438,45.0,41.8,127,2.12,True
2026-09-15T05:19:58+10:00,2421001,2508_230,-33.83808517456055,151.2330322265625,33.0,0.0,0,0.0,True
2026-09-15T05:19:58+10:00,2514940,2459_410,-33.87804412841797,151.10345458984375,6.0,28.1,295,4.92,True
2026-09-15T05:19:58+10:00,2285676,2459_428,-33.89887237548828,151.17236328125,80.0,38.5,180,3.0,True
2026-09-15T05:19:58+10:00,2088143,2508_B1,-33.80064392089844,151.24685668945312,226.0,50.4,101,1.68,True
2026-09-15T05:19:58+10:00,2685974,2459_423,-33.9112548828125,151.15554809570312,220.0,19.8,85,1.42,True
2026-09-15T05:19:58+10:00,1863012,2459_438N,-33.886207580566406,151.17877197265625,71.0,0.4,63,1.05,True
2026-09-15T05:19:58+10:00,2088156,2508_B1,-33.86237335205078,151.20541381835938,200.0,42.8,-207,-3.45,False
2026-09-15T05:19:58+10:00,2208832,2459_438N,-33.881351470947266,151.20870971679688,188.0,19.4,-39,-0.65,True
2026-09-15T05:19:58+10:00,2088357,2508_160X,-33.79597854614258,151.18121337890625,350.0,0.0,0,0.0,True
2026-09-15T05:19:58+10:00,2686019,2459_423,-33.87588882446289,151.20957946777344,189.0,20.5,109,1.82,True
2026-09-15T05:19:58+10:00,2554040,2459_358,-33.91651916503906,151.1665802001953,318.0,34.9,0,0.0,True
2026-09-15T05:19:58+10:00,2668122,2459_420,-33.93587112426758,151.16282653808594,352.0,45.7,-208,-3.47,False
2026-09-15T05:19:58+10:00,2340916,2459_308,-33.91218185424805,151.179443359375,36.0,35.3,0,0.0,True
2026-09-15T05:19:58+10:00,2285982,2459_423,-33.91200256347656,151.15969848632812,117.0,0.0,70,1.17,True
2026-09-15T05:19:58+10:00,2208159,2459_440,-33.88789749145508,151.15927124023438,255.0,0.0,-220,-3.67,False
2026-09-15T05:19:58+10:00,2308884,2459_445,-33.9030647277832,151.14280700683594,57.0,0.0,131,2.18,True
2026-09-15T05:19:58+10:00,2284023,2459_461N,-33.870906829833984,151.21421813964844,311.0,0.0,0,0.0,True
2026-09-15T05:19:58+10:00,2287875,2459_389,-33.87444305419922,151.19664001464844,335.0,38.5,11,0.18,True
2026-09-15T05:19:58+10:00,2554188,2459_358,-33.920719146728516,151.19195556640625,100.0,25.9,121,2.02,True
2026-09-15T05:19:58+10:00,2374088,2508_172X,-33.786598205566406,151.24676513671875,299.0,40.3,110,1.83,True
2026-09-15T05:19:58+10:00,2288355,2459_433,-33.877445220947266,151.17665100097656,164.0,43.9,6,0.1,True
2026-09-15T05:19:58+10:00,2579086,7084_SW2,-33.920989990234375,151.16659545898438,246.0,57.2,-1743,-29.05,False
2026-09-15T05:19:58+10:00,2529969,7084_SW2,-33.91423416137695,151.1661834716797,230.0,0.4,0,0.0,True
2026-09-15T05:19:58+10:00,2579240,7084_SW2,-33.914249420166016,151.1642303466797,39.0,40.7,1794,29.9,False
2026-09-15T05:19:58+10:00,2357135,2509_339,-33.88977813720703,151.22071838378906,344.0,59.0,-143,-2.38,False
2026-09-15T05:19:58+10:00,2675150,2509_309,-33.89316940307617,151.19898986816406,22.0,0.0,0,0.0,True
2026-09-15T05:19:58+10:00,2551940,2509_379,-33.882102966308594,151.2769012451172,276.0,0.0,182,3.03,True
2026-09-15T05:19:58+10:00,2532046,2509_333,-33.889854431152344,151.28228759765625,126.0,22.0,-183,-3.05,False
2026-09-15T05:19:58+10:00,2494549,2509_343,-33.91392517089844,151.2052459716797,15.0,21.6,-54,-0.9,True
2026-09-15T05:19:58+10:00,2563817,2509_379,-33.891441345214844,151.24899291992188,104.0,22.3,246,4.1,True
2026-09-15T05:19:58+10:00,2356969,2509_373,-33.88442611694336,151.2179412841797,156.0,29.5,-72,-1.2,False
2026-09-15T05:19:58+10:00,2488379,2509_392,-33.892547607421875,151.20037841796875,204.0,0.0,0,0.0,True
2026-09-15T05:19:58+10:00,2548708,2509_350,-33.937618255615234,151.211181640625,304.0,58.3,-64,-1.07,False
2026-09-15T05:19:58+10:00,2494634,2509_374,-33.898399353027344,151.221923828125,352.0,54.7,0,0.0,True
2026-09-15T05:19:58+10:00,2628756,2509_304,-33.876686096191406,151.20948791503906,183.0,0.0,7,0.12,True
2026-09-15T05:19:58+10:00,2531444,2509_350,-33.9398078918457,151.21478271484375,144.0,0.0,102,1.7,True
2026-09-15T05:19:58+10:00,2533175,2509_324,-33.875370025634766,151.22189331054688,115.0,0.0,80,1.33,True
2026-09-15T05:19:58+10:00,2141065,2509_396,-33.92465591430664,151.2285614013672,306.0,1.4,-29,-0.48,True
2026-09-15T05:19:58+10:00,2679135,2509_370,-33.884437561035156,151.19454956054688,85.0,0.0,125,2.08,True
2026-09-15T05:19:58+10:00,2137549,2509_375,-33.94549560546875,151.22616577148438,192.0,20.5,0,0.0,True
2026-09-15T05:19:58+10:00,2494625,2509_343,-33.86931610107422,151.21041870117188,6.0,0.0,12,0.2,True
2026-09-15T05:19:58+10:00,2610077,2509_333,-33.89440155029297,151.26654052734375,280.0,39.2,6,0.1,True
2026-09-15T05:19:58+10:00,2138098,2509_396,-33.862274169921875,151.21119689941406,5.0,7.2,0,0.0,True
2026-09-15T05:19:58+10:00,2357515,2509_343,-33.88728713989258,151.20811462402344,184.0,47.2,1,0.02,True
2026-09-15T05:19:58+10:00,2352581,2509_392N,-33.91796875,151.22642517089844,170.0,0.0,23,0.38,True
2026-09-15T05:19:58+10:00,2564795,2509_333,-33.88384246826172,151.22210693359375,288.0,33.5,23,0.38,True
2026-09-15T05:19:58+10:00,2531897,2509_333,-33.881195068359375,151.21820068359375,120.0,40.0,-62,-1.03,False
2026-09-15T05:19:58+10:00,2628753,2509_304,-33.90413284301758,151.2125244140625,10.0,20.2,31,0.52,True
2026-09-15T05:19:58+10:00,2357400,2509_370,-33.90706253051758,151.18324279785156,278.0,39.2,332,5.53,False
2026-09-15T05:19:58+10:00,2356638,2509_373,-33.9088134765625,151.237060546875,280.0,33.5,6,0.1,True
2026-09-15T05:19:58+10:00,2346343,2509_390X,-33.91538619995117,151.24029541015625,71.0,10.1,154,2.57,True
2026-09-15T05:19:58+10:00,2435037,2509_390X,-33.91486358642578,151.2257080078125,280.0,0.0,115,1.92,True
2026-09-15T05:19:58+10:00,2675016,2509_309,-33.91386413574219,151.20118713378906,191.0,42.5,108,1.8,True
2026-09-15T05:19:58+10:00,2352309,2509_307,-33.92041015625,151.19754028320312,221.0,51.8,0,0.0,True
2026-09-15T05:19:58+10:00,2548808,2509_350,-33.930912017822266,151.2557830810547,157.0,13.3,1,0.02,True
2026-09-15T05:19:58+10:00,2300857,2509_399,-33.95096969604492,151.24131774902344,349.0,48.2,232,3.87,True
2026-09-15T05:19:58+10:00,2355905,2509_370,-33.919769287109375,151.25711059570312,190.0,0.0,0,0.0,True
2026-09-15T05:19:58+10:00,2563864,2509_387,-33.873104095458984,151.2737274169922,30.0,43.6,9,0.15,True
2026-09-15T05:19:58+10:00,2434445,2509_390X,-33.891143798828125,151.24884033203125,278.0,0.0,0,0.0,True
2026-09-15T05:19:58+10:00,2532051,2509_324,-33.868988037109375,151.20462036132812,355.0,0.0,-88,-1.47,False
2026-09-15T05:19:58+10:00,2335526,2509_309,-33.92902755737305,151.1947021484375,10.0,45.0,1,0.02,True
2026-09-15T05:19:58+10:00,2534294,2509_350,-33.93287658691406,151.17965698242188,100.0,0.0,0,0.0,True
2026-09-15T05:19:58+10:00,2355923,2509_339,-33.91452407836914,151.26644897460938,130.0,0.0,0,0.0,True
2026-09-15T05:19:58+10:00,2709119,2504_610X,-33.87063980102539,151.20623779296875,181.0,0.0,0,0.0,True
2026-09-15T05:19:58+10:00,2705403,2504_610X,-33.813785552978516,151.18702697753906,269.0,81.7,66,1.1,True
2026-09-15T05:19:58+10:00,2710660,2504_607X,-33.87186813354492,151.20643615722656,177.0,0.0,0,0.0,True
2026-09-15T05:19:58+10:00,2707231,2504_607X,-33.80942916870117,151.15838623046875,115.0,70.9,-45,-0.75,True
2026-09-15T05:19:58+10:00,2638708,2503_N40,-33.89537048339844,151.18161010742188,41.0,34.9,134,2.23,True
2026-09-15T05:19:58+10:00,2319560,7083_SW3,-33.91438674926758,151.1659698486328,0.0,0.0,-23,-0.38,True
2026-09-15T05:19:58+10:00,2319335,7083_SW3,-33.90936279296875,151.16160583496094,124.0,46.8,29,0.48,True
2026-09-15T05:19:58+10:00,2558984,7083_SW1,-33.913631439208984,151.162353515625,129.0,52.2,146,2.43,True
2026-09-15T05:19:58+10:00,2329212,7083_SW3,-33.904964447021484,151.13111877441406,29.0,59.0,103,1.72,True
2026-09-15T05:19:58+10:00,2672415,2507_115,-33.838592529296875,151.20709228515625,191.0,6.1,-109,-1.82,False
2026-09-15T05:19:58+10:00,2682033,2507_208,-33.83985900878906,151.2098846435547,11.0,40.3,150,2.5,True
2026-09-15T05:19:58+10:00,2643237,2507_120,-33.799800872802734,151.19891357421875,160.0,40.0,1,0.02,True
2026-09-15T05:19:58+10:00,2643947,2507_52,-33.87355041503906,151.21080017089844,279.0,0.0,0,0.0,True
2026-09-15T05:19:58+10:00,2702189,2507_501,-33.84752655029297,151.15191650390625,332.0,14.0,106,1.77,True
2026-09-15T05:19:58+10:00,2643865,2507_120,-33.87267303466797,151.2064971923828,173.0,1.8,256,4.27,True
2026-09-15T05:19:58+10:00,2702206,2507_501,-33.88037109375,151.20680236816406,189.0,0.0,0,0.0,True
2026-09-15T05:19:58+10:00,2555475,2507_290,-33.866127014160156,151.20346069335938,172.0,0.0,0,0.0,True
2026-09-15T05:19:58+10:00,2643127,2507_52,-33.83638000488281,151.1287384033203,295.0,45.7,234,3.9,True
2026-09-15T05:19:58+10:00,2227268,2507_292,-33.80532455444336,151.16082763671875,100.0,0.0,-66,-1.1,False
2026-09-15T05:19:58+10:00,2644656,2507_52,-33.84236526489258,151.1482391357422,142.0,47.9,33,0.55,True
2026-09-15T05:19:58+10:00,2644994,2507_52,-33.868690490722656,151.1840057373047,107.0,61.6,85,1.42,True
2026-09-15T05:19:58+10:00,2702413,2507_501,-33.82191467285156,151.1210174560547,132.0,52.6,130,2.17,True
2026-09-15T05:19:58+10:00,2621415,2507_288,-33.80234146118164,151.1459503173828,162.0,41.0,137,2.28,True
2026-09-15T05:19:58+10:00,2555544,2507_290,-33.823341369628906,151.19482421875,259.0,32.8,-75,-1.25,False
2026-09-15T05:19:58+10:00,2731292,2507_290,-33.81911849975586,151.18374633789062,140.0,34.6,3,0.05,True
2026-09-15T08:36:47+10:00,,_172X,-33.829925537109375,151.21572875976562,280.0,8.3,0,0.0,True
2026-09-15T08:36:47+10:00,2375844,2508_100,-33.82909393310547,151.22836303710938,227.0,16.2,492,8.2,False
2026-09-15T08:36:47+10:00,2685976,2459_423,-33.901947021484375,151.16954040527344,202.0,30.6,-22,-0.37,True
2026-09-15T08:36:47+10:00,2550462,2508_263,-33.82255935668945,151.21034240722656,189.0,0.0,1019,16.98,False
2026-09-15T08:36:47+10:00,2285714,2459_303,-33.912227630615234,151.22059631347656,186.0,0.0,684,11.4,False
2026-09-15T08:36:47+10:00,2721293,2514_270,-33.86368179321289,151.20535278320312,167.0,10.8,275,4.58,True
2026-09-15T08:36:47+10:00,2660363,2459_320,-33.88979721069336,151.2059783935547,8.0,0.0,-195,-3.25,False
2026-09-15T08:36:47+10:00,2636151,2459_504,-33.87046813964844,151.21322631835938,277.0,0.0,77,1.28,True
2026-09-15T08:36:47+10:00,2089192,2508_160X,-33.7965087890625,151.1807861328125,188.0,0.0,366,6.1,False
2026-09-15T08:36:47+10:00,2720988,2514_260,-33.78330612182617,151.1981201171875,110.0,13.3,636,10.6,False
2026-09-15T08:36:47+10:00,2720096,2514_274,-33.79328536987305,151.20767211914062,160.0,33.8,305,5.08,False
2026-09-15T08:36:47+10:00,2514780,2459_410,-33.86091232299805,151.10423278808594,139.0,29.2,-131,-2.18,False
2026-09-15T08:36:47+10:00,2719611,2514_277,-33.79020309448242,151.18312072753906,249.0,0.0,103,1.72,True
2026-09-15T08:36:47+10:00,2421352,2508_154X,-33.799869537353516,151.2496795654297,247.0,49.0,407,6.78,False
2026-09-15T08:36:47+10:00,2376465,2508_100,-33.85759353637695,151.2074432373047,28.0,45.0,26,0.43,True
2026-09-15T08:36:47+10:00,2340823,2459_308,-33.893009185791016,151.20726013183594,189.0,16.6,-203,-3.38,False
2026-09-15T08:36:47+10:00,2283581,2459_426,-33.8682975769043,151.2104034423828,4.0,25.6,0,0.0,True
2026-09-15T08:36:47+10:00,2514721,2459_504,-33.87276077270508,151.2059783935547,92.0,24.1,166,2.77,True
2026-09-15T08:36:47+10:00,1973482,2508_162,-33.79914855957031,151.27569580078125,128.0,15.5,410,6.83,False
2026-09-15T08:36:47+10:00,2208603,2459_413,-33.89554214477539,151.1323699951172,181.0,25.9,-34,-0.57,True
2026-09-15T08:36:47+10:00,2720318,2514_194,-33.78115463256836,151.196044921875,325.0,0.0,560,9.33,False
2026-09-15T08:36:47+10:00,2720322,2514_270,-33.865726470947266,151.20570373535156,173.0,0.0,328,5.47,False
2026-09-15T08:36:47+10:00,2685963,2459_423,-33.88031005859375,151.2068328857422,181.0,0.0,0,0.0,True
2026-09-15T08:36:47+10:00,2089026,2508_160X,-33.79539489746094,151.18136596679688,215.0,0.0,287,4.78,True
2026-09-15T08:36:47+10:00,2596197,2459_492,-33.86372756958008,151.13221740722656,247.0,35.6,-19,-0.32,True
2026-09-15T08:36:47+10:00,2550186,2508_144,-33.79481506347656,151.2674102783203,280.0,41.4,175,2.92,True
2026-09-15T08:36:47+10:00,2608981,2459_430,-33.884822845458984,151.19454956054688,19.0,0.0,86,1.43,True
2026-09-15T08:36:47+10:00,1904424,2459_413,-33.89013671875,151.14903259277344,9.0,0.0,-101,-1.68,False
2026-09-15T08:36:47+10:00,2284930,2459_653s,-33.86080551147461,151.16769409179688,47.0,17.3,105,1.75,True
2026-09-15T08:36:47+10:00,2700008,2508_177X,-33.824459075927734,151.237060546875,271.0,16.2,420,7.0,False
2026-09-15T08:36:47+10:00,2285283,2459_426,-33.89397430419922,151.1829833984375,42.0,26.6,-74,-1.23,False
2026-09-15T08:36:47+10:00,2287164,2459_437,-33.883644104003906,151.15711975097656,174.0,0.0,235,3.92,True
2026-09-15T08:36:47+10:00,2378436,2508_684n,-33.79450607299805,151.2651824951172,280.0,12.2,-118,-1.97,False
2026-09-15T08:36:47+10:00,2580276,2508_100,-33.831634521484375,151.22288513183594,267.0,0.0,276,4.6,True
2026-09-15T08:36:47+10:00,2553986,2459_358,-33.92129898071289,151.2397003173828,101.0,0.0,-124,-2.07,False
2026-09-15T08:36:47+10:00,1962002,2459_413,-33.884559631347656,151.1926727294922,81.0,17.6,-81,-1.35,False
2026-09-15T08:36:47+10:00,2289720,2459_428,-33.91184997558594,151.1190948486328,142.0,0.0,100,1.67,True
2026-09-15T08:36:47+10:00,2288250,2459_433,-33.86201095581055,151.17108154296875,24.0,11.5,222,3.7,True
2026-09-15T08:36:47+10:00,2580051,2508_201,-33.828758239746094,151.2194366455078,113.0,1.8,7,0.12,True
2026-09-15T08:36:47+10:00,2720899,2514_281,-33.788612365722656,151.19728088378906,160.0,33.5,228,3.8,True
2026-09-15T08:36:47+10:00,2379179,2508_B1,-33.82992935180664,151.2146453857422,265.0,21.6,84,1.4,True
2026-09-15T08:36:47+10:00,2379066,2508_144,-33.81650161743164,151.17897033691406,138.0,34.6,233,3.88,True
2026-09-15T08:36:47+10:00,2421223,2508_225,-33.8428955078125,151.22735595703125,350.0,0.0,224,3.73,True
2026-09-15T08:36:47+10:00,2660412,2459_320,-33.89912414550781,151.21144104003906,216.0,25.9,167,2.78,True
2026-09-15T08:36:47+10:00,2037756,2459_469,-33.88295364379883,151.1754608154297,232.0,15.5,122,2.03,True
2026-09-15T08:36:47+10:00,2286602,2459_428X,-33.89617919921875,151.15460205078125,77.0,35.6,-133,-2.22,False
2026-09-15T08:36:47+10:00,1959049,2459_445,-33.85700607299805,151.1798553466797,303.0,1.4,-86,-1.43,False
2026-09-15T08:36:47+10:00,2340896,2459_308,-33.90301513671875,151.17897033691406,68.0,13.0,65,1.08,True
2026-09-15T08:36:47+10:00,2286625,2459_389,-33.88246154785156,151.22633361816406,293.0,25.9,92,1.53,True
2026-09-15T08:36:47+10:00,2636086,2459_415,-33.86944580078125,151.1087646484375,278.0,0.0,87,1.45,True
2026-09-15T08:36:47+10:00,2373977,2508_100,-33.866390228271484,151.20578002929688,172.0,7.2,269,4.48,True
2026-09-15T08:36:47+10:00,2288425,2459_418,-33.90034866333008,151.12710571289062,356.0,10.4,222,3.7,True
2026-09-15T08:36:47+10:00,2209530,2459_413,-33.88142395019531,151.20608520507812,226.0,0.0,100,1.67,True
2026-09-15T08:36:47+10:00,2596355,2459_492,-33.86024856567383,151.17041015625,201.0,0.0,0,0.0,True
2026-09-15T08:36:47+10:00,2284436,2459_470,-33.88459777832031,151.19322204589844,266.0,37.4,-65,-1.08,False
2026-09-15T08:36:47+10:00,2290515,2459_418,-33.886497497558594,151.11058044433594,268.0,34.9,37,0.62,True
2026-09-15T08:36:47+10:00,2554201,2459_358,-33.92245101928711,151.20359802246094,98.0,0.4,420,7.0,False
2026-09-15T08:36:47+10:00,1962291,2459_413,-33.890899658203125,151.14895629882812,338.0,0.0,-255,-4.25,False
2026-09-15T08:36:47+10:00,1825965,2459_740s,-33.86902618408203,151.19354248046875,335.0,27.4,-75,-1.25,False
2026-09-15T08:36:47+10:00,2286196,2459_422,-33.920509338378906,151.16746520996094,65.0,0.0,227,3.78,True
2026-09-15T08:36:47+10:00,2450072,2508_225,-33.8663330078125,151.2063446044922,9.0,0.0,143,2.38,True
2026-09-15T08:36:47+10:00,1962444,2459_412,-33.88520050048828,151.18479919433594,258.0,0.0,5,0.08,True
2026-09-15T08:36:47+10:00,2290523,2459_428,-33.88399124145508,151.20120239257812,85.0,0.0,-56,-0.93,True
2026-09-15T08:36:47+10:00,2383462,2508_170X,-33.83109664916992,151.22103881835938,295.0,10.1,499,8.32,False
2026-09-15T08:36:47+10:00,2284134,2459_438X,-33.887969970703125,151.1612091064453,288.0,29.5,18,0.3,True
2026-09-15T08:36:47+10:00,2714343,2508_176X,-33.83071517944336,151.21743774414062,293.0,19.1,368,6.13,False
2026-09-15T08:36:47+10:00,2037572,2459_440,-33.86524963378906,151.21148681640625,25.0,8.6,0,0.0,True
2026-09-15T08:36:47+10:00,2287201,2459_461X,-33.87804412841797,151.130615234375,151.0,41.4,153,2.55,True
2026-09-15T08:36:47+10:00,1959338,2459_406,-33.90633773803711,151.12733459472656,311.0,0.0,-27,-0.45,True
2026-09-15T08:36:47+10:00,2590708,2508_174X,-33.82526779174805,151.23373413085938,234.0,24.8,251,4.18,True
2026-09-15T08:36:47+10:00,2284013,2459_422,-33.916229248046875,151.17367553710938,228.0,9.4,-16,-0.27,True
2026-09-15T08:36:47+10:00,2374170,2508_172X,-33.80857849121094,151.2462921142578,33.0,5.0,1,0.02,True
2026-09-15T08:36:47+10:00,2392793,2508_114,-33.8297004699707,151.21778869628906,114.0,36.4,5,0.08,True
2026-09-15T08:36:47+10:00,2554402,2459_358,-33.92009735107422,151.17922973632812,298.0,39.6,-376,-6.27,False
2026-09-15T08:36:47+10:00,2288438,2459_565w,-33.84880065917969,151.15277099609375,333.0,2.9,109,1.82,True
2026-09-15T08:36:47+10:00,2374892,2508_100,-33.846778869628906,151.21261596679688,165.0,49.7,86,1.43,True
2026-09-15T08:36:47+10:00,2289062,2459_423,-33.897369384765625,151.17898559570312,43.0,8.3,143,2.38,True
2026-09-15T08:36:47+10:00,2383529,2508_170X,-33.83152770996094,151.22349548339844,246.0,20.9,155,2.58,True
2026-09-15T08:36:47+10:00,2283379,2459_412,-33.881378173828125,151.2061004638672,224.0,33.1,-83,-1.38,False
2026-09-15T08:36:47+10:00,2383452,2508_170X,-33.795040130615234,151.27078247070312,267.0,33.8,-449,-7.48,False
2026-09-15T08:36:47+10:00,2424444,2508_230,-33.8243522644043,151.2393035888672,93.0,39.6,938,15.63,False
2026-09-15T08:36:47+10:00,2283301,2459_303,-33.91768264770508,151.22027587890625,9.0,41.0,-4,-0.07,True
2026-09-15T08:36:47+10:00,2285443,2459_422,-33.893524169921875,151.18331909179688,44.0,0.0,-64,-1.07,False
2026-09-15T08:36:47+10:00,2421335,2508_230,-33.86494827270508,151.204833984375,356.0,15.8,9,0.15,True
2026-09-15T08:36:47+10:00,2209535,2459_440,-33.89030456542969,151.24237060546875,296.0,0.0,-93,-1.55,False
2026-09-15T08:36:47+10:00,2288784,2459_348,-33.91184616088867,151.17979431152344,202.0,0.0,-117,-1.95,False
2026-09-15T08:36:47+10:00,2421174,2508_230,-33.82442855834961,151.2382354736328,270.0,20.5,1001,16.68,False
2026-09-15T08:36:47+10:00,2289773,2459_470,-33.883636474609375,151.18002319335938,56.0,29.9,283,4.72,True
2026-09-15T08:36:47+10:00,2285205,2459_461X,-33.88624572753906,151.13934326171875,293.0,0.0,-65,-1.08,False
2026-09-15T08:36:47+10:00,2288916,2459_428,-33.89870834350586,151.15362548828125,185.0,26.3,291,4.85,True
2026-09-15T08:36:47+10:00,2660414,2459_320,-33.88593292236328,151.20294189453125,161.0,0.0,0,0.0,True
2026-09-15T08:36:47+10:00,2289391,2459_461X,-33.886138916015625,151.1798553466797,255.0,17.6,58,0.97,True
2026-09-15T08:36:47+10:00,1964130,2459_413,-33.90031814575195,151.11422729492188,126.0,27.7,217,3.62,True
2026-09-15T08:36:47+10:00,2421295,2508_225,-33.83451461791992,151.22178649902344,190.0,29.5,341,5.68,False
2026-09-15T08:36:47+10:00,2720864,2514_273,-33.80227279663086,151.21142578125,89.0,2.5,,,
2026-09-15T08:36:47+10:00,2287739,2459_426,-33.906768798828125,151.14599609375,290.0,9.7,240,4.0,True
2026-09-15T08:36:47+10:00,2635816,2459_504,-33.85175704956055,151.15538024902344,142.0,0.4,129,2.15,True
2026-09-15T08:36:47+10:00,2284918,2459_412,-33.86701583862305,151.21067810058594,188.0,14.4,0,0.0,True
2026-09-15T08:36:47+10:00,2290872,2459_389,-33.87307357788086,151.20774841308594,278.0,0.0,350,5.83,False
2026-09-15T08:36:47+10:00,2285040,2459_470,-33.87093734741211,151.20529174804688,81.0,0.0,5,0.08,True
2026-09-15T08:36:47+10:00,2376475,2508_173X,-33.819236755371094,151.2440948486328,188.0,0.0,905,15.08,False
2026-09-15T08:36:47+10:00,2283923,2459_442,-33.8570671081543,151.1953582763672,77.0,0.0,0,0.0,True
2026-09-15T08:36:47+10:00,2550177,2508_114,-33.8290901184082,151.20916748046875,279.0,0.0,712,11.87,False
2026-09-15T08:36:47+10:00,2686007,2459_423,-33.86761474609375,151.2105712890625,186.0,26.6,100,1.67,True
2026-09-15T08:36:47+10:00,2379220,2508_B1,-33.83155059814453,151.2222137451172,288.0,28.8,18,0.3,True
2026-09-15T08:36:47+10:00,1973447,2508_162,-33.7965087890625,151.25259399414062,320.0,10.8,437,7.28,False
2026-09-15T08:36:47+10:00,2286583,2459_437,-33.88130187988281,151.15672302246094,359.0,13.7,-199,-3.32,False
2026-09-15T08:36:47+10:00,2580127,2508_100,-33.8249397277832,151.24154663085938,298.0,0.4,28,0.47,True
2026-09-15T08:36:47+10:00,2284039,2459_433,-33.86857604980469,151.21047973632812,1.0,21.2,0,0.0,True
2026-09-15T08:36:47+10:00,2379024,2508_B1,-33.789398193359375,151.25723266601562,239.0,54.7,241,4.02,True
2026-09-15T08:36:47+10:00,2208731,2459_415,-33.876953125,151.103759765625,9.0,10.4,285,4.75,True
2026-09-15T08:36:47+10:00,2283997,2459_442,-33.8582763671875,151.18582153320312,261.0,0.0,-52,-0.87,True
2026-09-15T08:36:47+10:00,2287102,2459_470,-33.88039016723633,151.20864868164062,103.0,13.3,23,0.38,True
2026-09-15T08:36:47+10:00,2596268,2459_490,-33.87093734741211,151.1288604736328,44.0,29.2,-355,-5.92,False
2026-09-15T08:36:47+10:00,2686013,2459_423,-33.87008285522461,151.2103271484375,7.0,31.7,0,0.0,True
2026-09-15T08:36:47+10:00,2550344,2508_144,-33.8315544128418,151.22344970703125,244.0,0.0,457,7.62,False
2026-09-15T08:36:47+10:00,2379093,2508_180X,-33.82997512817383,151.22731018066406,235.0,5.8,163,2.72,True
2026-09-15T08:36:47+10:00,2286363,2459_433,-33.86366653442383,151.17037963867188,205.0,0.0,-131,-2.18,False
2026-09-15T08:36:47+10:00,2379202,2508_190X,-33.82979202270508,151.2276611328125,225.0,5.4,404,6.73,False
2026-09-15T08:36:47+10:00,2378961,2508_181X,-33.824462890625,151.237548828125,270.0,14.0,116,1.93,True
2026-09-15T08:36:47+10:00,2720247,2514_194X,-33.7804069519043,151.19204711914062,92.0,8.6,1973,32.88,False
2026-09-15T08:36:47+10:00,2288806,2459_438X,-33.879276275634766,151.20916748046875,185.0,0.0,-60,-1.0,True
2026-09-15T08:36:47+10:00,2285369,2459_438X,-33.88764190673828,151.17208862304688,83.0,23.8,228,3.8,True
2026-09-15T08:36:47+10:00,2596429,2459_490,-33.83457946777344,151.14691162109375,280.0,24.1,0,0.0,True
2026-09-15T08:36:47+10:00,2580076,2508_100,-33.830169677734375,151.2134246826172,14.0,16.6,-221,-3.68,False
2026-09-15T08:36:47+10:00,2720291,2514_271,-33.864925384521484,151.20559692382812,174.0,0.0,-455,-7.58,False
2026-09-15T08:36:47+10:00,2554283,2459_358,-33.9213752746582,151.2401123046875,99.0,0.0,454,7.57,False
2026-09-15T08:36:47+10:00,2514852,2459_410,-33.878326416015625,151.10348510742188,188.0,0.0,-209,-3.48,False
2026-09-15T08:36:47+10:00,2290455,2459_423,-33.914363861083984,151.1526641845703,31.0,1.8,61,1.02,True
2026-09-15T08:36:47+10:00,2421221,2508_230,-33.83171081542969,151.2443084716797,12.0,23.8,880,14.67,False
2026-09-15T08:36:47+10:00,2474860,2459_389,-33.88814926147461,151.2372589111328,163.0,0.0,36,0.6,True
2026-09-15T08:36:47+10:00,2349675,2459_418,-33.888099670410156,151.11557006835938,122.0,0.0,119,1.98,True
2026-09-15T08:36:47+10:00,2620050,2459_530,-33.84132385253906,151.1470947265625,142.0,9.4,-23,-0.38,True
2026-09-15T08:36:47+10:00,2290348,2459_438X,-33.863643646240234,151.13031005859375,180.0,0.0,40,0.67,True
2026-09-15T08:36:47+10:00,1904166,2459_483,-33.886844635009766,151.17616271972656,74.0,0.0,-480,-8.0,False
2026-09-15T08:36:47+10:00,2720687,2514_150,-33.79588317871094,151.18435668945312,250.0,21.6,0,0.0,True
2026-09-15T08:36:47+10:00,2415768,2508_B1,-33.82872772216797,151.22885131835938,61.0,0.0,134,2.23,True
2026-09-15T08:36:47+10:00,2209347,2459_487,-33.870201110839844,151.20957946777344,186.0,11.9,0,0.0,True
2026-09-15T08:36:47+10:00,2375310,2508_172X,-33.82991027832031,151.2149658203125,273.0,20.9,10,0.17,True
2026-09-15T08:36:47+10:00,1962003,2459_413,-33.88459014892578,151.19264221191406,83.0,14.8,-619,-10.32,False
2026-09-15T08:36:47+10:00,2377947,2508_570n,-33.865257263183594,151.2056427001953,174.0,0.0,106,1.77,True
2026-09-15T08:36:47+10:00,2284810,2459_412,-33.915916442871094,151.13328552246094,58.0,8.6,-184,-3.07,False
2026-09-15T08:36:47+10:00,2685972,2459_423,-33.891109466552734,151.18740844726562,222.0,3.6,-176,-2.93,False
2026-09-15T08:36:47+10:00,2475295,2459_389,-33.87394332885742,151.2138671875,104.0,34.9,133,2.22,True
2026-09-15T08:36:47+10:00,2554264,2459_358,-33.91907501220703,151.17807006835938,141.0,0.0,-3,-0.05,True
2026-09-15T08:36:47+10:00,2209528,2459_464,-33.84950637817383,151.10684204101562,164.0,28.4,104,1.73,True
2026-09-15T08:36:47+10:00,2289496,2459_438X,-33.84917068481445,151.12818908691406,184.0,51.1,51,0.85,True
2026-09-15T08:36:47+10:00,2287183,2459_418,-33.87501907348633,151.10409545898438,44.0,8.3,274,4.57,True
2026-09-15T08:36:47+10:00,2719708,2514_194,-33.85541534423828,151.20880126953125,28.0,47.9,100,1.67,True
2026-09-15T08:36:47+10:00,2686011,2459_423,-33.885250091552734,151.19444274902344,204.0,23.0,-30,-0.5,True
2026-09-15T08:36:47+10:00,2379187,2508_165X,-33.79216384887695,151.25428771972656,214.0,76.3,254,4.23,True
2026-09-15T08:36:47+10:00,2283481,2459_433,-33.87472915649414,151.1749725341797,358.0,41.4,162,2.7,True
2026-09-15T08:36:47+10:00,2668044,2459_420,-33.87470626831055,151.1075897216797,7.0,0.0,0,0.0,True
2026-09-15T08:36:47+10:00,2668087,2459_420,-33.939598083496094,151.1514129638672,203.0,18.7,113,1.88,True
2026-09-15T08:36:47+10:00,2580280,2508_100,-33.87208938598633,151.2064208984375,176.0,25.2,-70,-1.17,False
2026-09-15T08:36:47+10:00,2284343,2459_422,-33.88182830810547,151.2056121826172,45.0,13.3,-191,-3.18,False
2026-09-15T08:36:47+10:00,2290113,2459_693s,-33.88272476196289,151.20448303222656,248.0,0.0,0,0.0,True
2026-09-15T08:36:47+10:00,2283272,2459_438X,-33.881710052490234,151.20574951171875,45.0,25.9,94,1.57,True
2026-09-15T08:36:47+10:00,2284588,2459_442,-33.87123489379883,151.20632934570312,172.0,29.5,191,3.18,True
2026-09-15T08:36:47+10:00,2378152,2508_684n,-33.79450607299805,151.2648468017578,280.0,17.3,-10,-0.17,True
2026-09-15T08:36:47+10:00,2720201,2514_277,-33.78379821777344,151.19166564941406,340.0,0.0,429,7.15,False
2026-09-15T08:36:47+10:00,2289208,2459_423,-33.89866638183594,151.17440795898438,81.0,0.0,-20,-0.33,True
2026-09-15T08:36:47+10:00,2284117,2459_438X,-33.88412857055664,151.14434814453125,93.0,26.3,179,2.98,True
2026-09-15T08:36:47+10:00,2700024,2508_723n,-33.79251480102539,151.2425079345703,279.0,55.1,300,5.0,True
2026-09-15T08:36:47+10:00,2554310,2459_358,-33.92028045654297,151.1879119873047,20.0,22.3,308,5.13,False
2026-09-15T08:36:47+10:00,2550431,2508_114,-33.82437515258789,151.25144958496094,353.0,0.0,0,0.0,True
2026-09-15T08:36:47+10:00,2714348,2508_176X,-33.811988830566406,151.2445831298828,119.0,16.6,347,5.78,False
2026-09-15T08:36:47+10:00,2660426,2459_320,-33.90775680541992,151.20738220214844,37.0,20.9,13,0.22,True
2026-09-15T08:36:47+10:00,2289850,2459_389,-33.891536712646484,151.24888610839844,99.0,0.0,0,0.0,True
2026-09-15T08:36:47+10:00,2596306,2459_490,-33.875736236572266,151.1105499267578,250.0,15.8,449,7.48,False
2026-09-15T08:36:47+10:00,2719504,2514_278,-33.789791107177734,151.18270874023438,159.0,37.4,176,2.93,True
2026-09-15T08:36:47+10:00,2284702,2459_438X,-33.87620162963867,151.1354522705078,146.0,42.5,330,5.5,False
2026-09-15T08:36:47+10:00,2580114,2508_100,-33.826698303222656,151.23216247558594,220.0,20.9,184,3.07,True
2026-09-15T08:36:47+10:00,2719816,2514_270,-33.80227279663086,151.21142578125,89.0,2.5,0,0.0,True
2026-09-15T08:36:47+10:00,2375463,2508_249,-33.81125259399414,151.2384490966797,10.0,40.3,40,0.67,True
2026-09-15T08:36:47+10:00,2590189,2508_174X,-33.83032989501953,151.2188720703125,293.0,3.6,338,5.63,False
2026-09-15T08:36:47+10:00,2308867,2459_445,-33.91015625,151.1220703125,51.0,47.5,156,2.6,True
2026-09-15T08:36:47+10:00,2037783,2459_445,-33.883750915527344,151.15692138671875,84.0,0.0,-11,-0.18,True
2026-09-15T08:36:47+10:00,2379158,2508_181X,-33.831581115722656,151.22251892089844,275.0,20.9,59,0.98,True
2026-09-15T08:36:47+10:00,2720006,2514_270,-33.78838348388672,151.20285034179688,104.0,52.2,95,1.58,True
2026-09-15T08:36:47+10:00,2288101,2459_412,-33.895362854003906,151.151611328125,155.0,0.0,282,4.7,True
2026-09-15T08:36:47+10:00,2596337,2459_490,-33.851295471191406,151.15431213378906,230.0,0.0,0,0.0,True
2026-09-15T08:36:47+10:00,2379133,2508_B1,-33.824615478515625,151.24005126953125,277.0,26.6,316,5.27,False
2026-09-15T08:36:47+10:00,2286638,2459_348,-33.92518615722656,151.16018676757812,44.0,36.0,93,1.55,True
2026-09-15T08:36:47+10:00,2288591,2459_502,-33.86270523071289,151.1082305908203,299.0,0.0,-8,-0.13,True
2026-09-15T08:36:47+10:00,2286820,2459_441,-33.87251281738281,151.20262145996094,24.0,15.8,-159,-2.65,False
2026-09-15T08:36:47+10:00,2379194,2508_B1,-33.828182220458984,151.23052978515625,239.0,0.0,401,6.68,False
2026-09-15T08:36:47+10:00,2378879,2508_563n,-33.820064544677734,151.243896484375,175.0,35.6,63,1.05,True
2026-09-15T08:36:47+10:00,2379216,2508_165X,-33.8316650390625,151.2229461669922,265.0,0.0,362,6.03,False
2026-09-15T08:36:47+10:00,2290687,2459_412,-33.91298294067383,151.1470489501953,39.0,22.3,158,2.63,True
2026-09-15T08:36:47+10:00,2376170,2508_172X,-33.827911376953125,151.23097229003906,231.0,0.0,380,6.33,False
2026-09-15T08:36:47+10:00,2379188,2508_180X,-33.78939437866211,151.2572479248047,241.0,56.2,546,9.1,False
2026-09-15T08:36:47+10:00,2283967,2459_428,-33.89146041870117,151.18824768066406,41.0,20.2,7,0.12,True
2026-09-15T08:36:47+10:00,2700027,2508_177X,-33.84518051147461,151.2119903564453,166.0,50.0,-15,-0.25,True
2026-09-15T08:36:47+10:00,2283755,2459_423,-33.88417434692383,151.20098876953125,87.0,0.0,-9,-0.15,True
2026-09-15T08:36:47+10:00,2378980,2508_180X,-33.8316650390625,151.22311401367188,266.0,0.0,525,8.75,False
2026-09-15T08:36:47+10:00,2580221,2508_201,-33.822635650634766,151.21035766601562,190.0,0.0,-29,-0.48,True
2026-09-15T08:36:47+10:00,2288084,2459_438X,-33.88410568237305,151.202392578125,251.0,14.8,201,3.35,True
2026-09-15T08:36:47+10:00,2379033,2508_B1,-33.81150817871094,151.24403381347656,187.0,0.0,139,2.32,True
2026-09-15T08:36:47+10:00,2038280,2459_440,-33.8765869140625,151.1561737060547,176.0,37.4,-3,-0.05,True
2026-09-15T08:36:47+10:00,2421405,2508_154X,-33.83051681518555,151.21949768066406,294.0,14.8,697,11.62,False
2026-09-15T08:36:47+10:00,2421405_2,2508_154X,-33.83010482788086,151.21803283691406,276.0,1.8,694,11.57,False
2026-09-15T08:36:47+10:00,2685932,2459_423,-33.86558151245117,151.21034240722656,218.0,0.0,0,0.0,True
2026-09-15T08:36:47+10:00,2415770,2508_B1,-33.86494827270508,151.2056121826172,175.0,0.0,0,0.0,True
2026-09-15T08:36:47+10:00,2378912,2508_181X,-33.8001823425293,151.24810791015625,250.0,35.6,-6,-0.1,True
2026-09-15T08:36:47+10:00,2554175,2459_358,-33.91756820678711,151.16748046875,319.0,0.0,-87,-1.45,False
2026-09-15T08:36:47+10:00,2375620,2508_172X,-33.7869987487793,151.24061584472656,278.0,31.0,408,6.8,False
2026-09-15T08:36:47+10:00,2285583,2459_437,-33.8731689453125,151.20205688476562,53.0,11.9,-314,-5.23,False
2026-09-15T08:36:47+10:00,2290125,2459_422,-33.92063903808594,151.15985107421875,125.0,0.0,138,2.3,True
2026-09-15T08:36:47+10:00,2285092,2459_389,-33.86774444580078,151.1959991455078,153.0,0.0,13,0.22,True
2026-09-15T08:36:47+10:00,2376159,2508_100,-33.833274841308594,151.22926330566406,9.0,0.0,0,0.0,True
2026-09-15T08:36:47+10:00,2283483,2459_428,-33.897029876708984,151.15020751953125,109.0,23.8,-155,-2.58,False
2026-09-15T08:36:47+10:00,2620033,2459_530,-33.864131927490234,151.13107299804688,247.0,33.5,750,12.5,False
2026-09-15T08:36:47+10:00,2660167,2459_320,-33.88230895996094,151.20718383789062,301.0,14.0,42,0.7,True
2026-09-15T08:36:47+10:00,2415735,2508_B1,-33.831207275390625,151.22178649902344,114.0,0.0,-50,-0.83,True
2026-09-15T08:36:47+10:00,2590075,2508_174X,-33.81163024902344,151.2440948486328,161.0,0.0,239,3.98,True
2026-09-15T08:36:47+10:00,2379154,2508_B1,-33.812950134277344,151.24447631835938,235.0,0.0,339,5.65,False
2026-09-15T08:36:47+10:00,2379154_2,2508_B1,-33.82465362548828,151.2405242919922,277.0,28.8,143,2.38,True
2026-09-15T08:36:47+10:00,2283732,2459_437,-33.8729248046875,151.16021728515625,161.0,0.0,-129,-2.15,False
2026-09-15T08:36:47+10:00,2392566,2508_114,-33.82548904418945,151.19882202148438,139.0,0.0,29,0.48,True
2026-09-15T08:36:47+10:00,1963809,2459_412,-33.86731719970703,151.2106475830078,6.0,24.8,46,0.77,True
2026-09-15T08:36:47+10:00,2377607,2508_172X,-33.82141876220703,151.24388122558594,10.0,9.4,550,9.17,False
2026-09-15T08:36:47+10:00,2037591,2459_440,-33.8851432800293,151.18470764160156,258.0,0.0,-52,-0.87,True
2026-09-15T08:36:47+10:00,2287253,2459_389,-33.87335205078125,151.21026611328125,282.0,0.0,375,6.25,False
2026-09-15T08:36:47+10:00,2208467,2459_440,-33.89090347290039,151.24867248535156,96.0,0.0,0,0.0,True
2026-09-15T08:36:47+10:00,2283439,2459_423,-33.92658615112305,151.1274871826172,98.0,0.0,195,3.25,True
2026-09-15T08:36:47+10:00,2283213,2459_412,-33.86830139160156,151.2105255126953,6.0,18.0,0,0.0,True
2026-09-15T08:36:47+10:00,2290309,2459_461X,-33.87739562988281,151.10238647460938,86.0,0.0,93,1.55,True
2026-09-15T08:36:47+10:00,2383468,2508_170X,-33.85689163208008,151.20787048339844,208.0,56.2,-15,-0.25,True
2026-09-15T08:36:47+10:00,2580090,2508_100,-33.83525085449219,151.21170043945312,191.0,66.6,71,1.18,True
2026-09-15T08:36:47+10:00,2288357,2459_470,-33.864601135253906,151.2102813720703,225.0,0.0,0,0.0,True
2026-09-15T08:36:47+10:00,2374854,2508_173X,-33.83002853393555,151.21881103515625,116.0,21.6,514,8.57,False
2026-09-15T08:36:47+10:00,2290931,2459_470,-33.88227081298828,151.1732635498047,108.0,0.0,810,13.5,False
2026-09-15T08:36:47+10:00,2378956,2508_B1,-33.84189224243164,151.21109008789062,170.0,49.3,106,1.77,True
2026-09-15T08:36:47+10:00,2379051,2508_B1,-33.83144760131836,151.22364807128906,246.0,0.0,416,6.93,False
2026-09-15T08:36:47+10:00,2286426,2459_348,-33.90378952026367,151.21324157714844,99.0,0.0,54,0.9,True
2026-09-15T08:36:47+10:00,2037626,2459_440,-33.86366271972656,151.16847229003906,222.0,33.8,0,0.0,True
2026-09-15T08:36:47+10:00,2290488,2459_431,-33.871490478515625,151.21011352539062,3.0,35.6,0,0.0,True
2026-09-15T08:36:47+10:00,2208097,2459_440,-33.88809585571289,151.1616668701172,287.0,35.3,-211,-3.52,False
2026-09-15T08:36:47+10:00,2285681,2459_348,-33.91658020019531,151.2393798828125,191.0,5.8,24,0.4,True
2026-09-15T08:36:47+10:00,2424359,2508_230,-33.829444885253906,151.2278594970703,47.0,3.6,274,4.57,True
2026-09-15T08:36:47+10:00,2720657,2514_283,-33.783267974853516,151.19776916503906,113.0,7.6,528,8.8,False
2026-09-15T08:36:47+10:00,2283145,2459_423X,-33.88420867919922,151.19558715820312,88.0,10.8,139,2.32,True
2026-09-15T08:36:47+10:00,2285722,2459_470,-33.8737907409668,151.16456604003906,165.0,0.0,96,1.6,True
2026-09-15T08:36:47+10:00,2288490,2459_418,-33.90812301635742,151.13604736328125,172.0,0.0,70,1.17,True
2026-09-15T08:36:47+10:00,2421396,2508_230,-33.824432373046875,151.23826599121094,271.0,19.4,92,1.53,True
2026-09-15T08:36:47+10:00,2287993,2459_438X,-33.88479232788086,151.1863250732422,83.0,36.7,287,4.78,True
2026-09-15T08:36:47+10:00,2589953,2508_280,-33.79228973388672,151.18142700195312,339.0,32.0,572,9.53,False
2026-09-15T08:36:47+10:00,2038529,2459_469,-33.88102340698242,151.18728637695312,58.0,0.0,-233,-3.88,False
2026-09-15T08:36:47+10:00,2288965,2459_428,-33.86547088623047,151.21044921875,220.0,0.0,0,0.0,True
2026-09-15T08:36:47+10:00,2686029,2459_423,-33.879554748535156,151.20799255371094,104.0,0.0,0,0.0,True
2026-09-15T08:36:47+10:00,2421260,2508_150X,-33.84019470214844,151.20664978027344,189.0,0.0,421,7.02,False
2026-09-15T08:36:47+10:00,2481310,2508_560n,-33.83330154418945,151.22669982910156,177.0,0.0,400,6.67,False
2026-09-15T08:36:47+10:00,2636039,2459_504,-33.85492706298828,151.1582794189453,142.0,0.0,361,6.02,False
2026-09-15T08:36:47+10:00,2208589,2459_464,-33.86486053466797,151.10667419433594,209.0,29.2,273,4.55,True
2026-09-15T08:36:47+10:00,2289983,2459_423,-33.87949752807617,151.2072296142578,13.0,0.0,116,1.93,True
2026-09-15T08:36:47+10:00,2283869,2459_348,-33.91573715209961,151.23193359375,100.0,36.4,-97,-1.62,False
2026-09-15T08:36:47+10:00,2283727,2459_412,-33.878173828125,151.20741271972656,17.0,13.0,-474,-7.9,False
2026-09-15T08:36:47+10:00,2284479,2459_412,-33.877288818359375,151.20941162109375,7.0,15.8,-9,-0.15,True
2026-09-15T08:36:47+10:00,2375884,2508_243,-33.85973358154297,151.2062530517578,199.0,59.4,605,10.08,False
2026-09-15T08:36:47+10:00,2635920,2459_504,-33.86471939086914,151.17103576660156,311.0,40.7,38,0.63,True
2026-09-15T08:36:47+10:00,2374825,2508_100,-33.830162048339844,151.21835327148438,277.0,28.4,997,16.62,False
2026-09-15T08:36:47+10:00,2721144,2514_283,-33.78533172607422,151.2007598876953,338.0,0.0,-17,-0.28,True
2026-09-15T08:36:47+10:00,2209743,2459_464,-33.86949920654297,151.10519409179688,10.0,23.0,285,4.75,True
2026-09-15T08:36:47+10:00,2580192,2508_100,-33.863948822021484,151.20550537109375,175.0,0.0,127,2.12,True
2026-09-15T08:36:47+10:00,2636281,2459_415,-33.85190963745117,151.13526916503906,225.0,0.0,-63,-1.05,False
2026-09-15T08:36:47+10:00,2286409,2459_389,-33.89064407348633,151.24351501464844,291.0,19.4,97,1.62,True
2026-09-15T08:36:47+10:00,2036567,2459_440,-33.881996154785156,151.20663452148438,308.0,0.0,0,0.0,True
2026-09-15T08:36:47+10:00,2037451,2459_440,-33.882591247558594,151.20773315429688,123.0,18.4,-83,-1.38,False
2026-09-15T08:36:47+10:00,2554352,2459_358,-33.91642761230469,151.24099731445312,342.0,15.1,-196,-3.27,False
2026-09-15T08:36:47+10:00,2515081,2459_502,-33.8636360168457,151.11715698242188,125.0,0.0,-142,-2.37,False
2026-09-15T08:36:47+10:00,2208294,2459_440,-33.88482666015625,151.18780517578125,269.0,1.1,-309,-5.15,False
2026-09-15T08:36:47+10:00,2287964,2459_303,-33.93877029418945,151.1927947998047,181.0,59.8,536,8.93,False
2026-09-15T08:36:47+10:00,2289038,2459_426,-33.88365936279297,151.20318603515625,216.0,0.0,89,1.48,True
2026-09-15T08:36:47+10:00,2209106,2459_530,-33.81283950805664,151.1708221435547,26.0,0.0,525,8.75,False
2026-09-15T08:36:47+10:00,2011040,2459_305,-33.89272689819336,151.20021057128906,203.0,0.0,0,0.0,True
2026-09-15T08:36:47+10:00,2484416,2459_483,-33.88015365600586,151.2084197998047,187.0,0.0,0,0.0,True
2026-09-15T08:36:47+10:00,2514757,2459_502,-33.85325622558594,151.1511688232422,52.0,35.6,455,7.58,False
2026-09-15T08:36:47+10:00,2288486,2459_303,-33.92095184326172,151.2371063232422,281.0,0.0,28,0.47,True
2026-09-15T08:36:47+10:00,2340643,2459_308,-33.88075637817383,151.20883178710938,10.0,0.0,-329,-5.48,False
2026-09-15T08:36:47+10:00,2209208,2459_440,-33.88024139404297,151.1565704345703,351.0,0.0,-122,-2.03,False
2026-09-15T08:36:47+10:00,2700018,2508_723n,-33.792808532714844,151.24449157714844,280.0,58.0,399,6.65,False
2026-09-15T08:36:47+10:00,2261750,2508_180,-33.82981491088867,151.21316528320312,4.0,0.0,0,0.0,True
2026-09-15T08:36:47+10:00,2415804,2508_B1,-33.808895111083984,151.24607849121094,36.0,10.4,629,10.48,False
2026-09-15T08:36:47+10:00,2379196,2508_144,-33.82136154174805,151.243896484375,7.0,0.0,257,4.28,True
2026-09-15T08:36:47+10:00,2208480,2459_415,-33.86780548095703,151.12986755371094,11.0,21.6,-28,-0.47,True
2026-09-15T08:36:47+10:00,1863026,2459_445,-33.88905715942383,151.15863037109375,19.0,21.6,-201,-3.35,False
2026-09-15T08:36:47+10:00,2685957,2459_423,-33.899166107177734,151.17189025878906,252.0,31.7,-258,-4.3,False
2026-09-15T08:36:47+10:00,2554236,2459_358,-33.92513656616211,151.21820068359375,279.0,45.7,286,4.77,True
2026-09-15T08:36:47+10:00,2287996,2459_348,-33.92144775390625,151.23988342285156,280.0,20.9,0,0.0,True
2026-09-15T08:36:47+10:00,2285225,2459_431,-33.884544372558594,151.1934356689453,262.0,0.0,-55,-0.92,True
2026-09-15T08:36:47+10:00,2287888,2459_418,-33.91075897216797,151.15679931640625,297.0,0.0,146,2.43,True
2026-09-15T08:36:47+10:00,2421345,2508_230,-33.84883499145508,151.2133026123047,171.0,14.0,55,0.92,True
2026-09-15T08:36:47+10:00,2284480,2459_480,-33.887901306152344,151.16671752929688,84.0,34.9,362,6.03,False
2026-09-15T08:36:47+10:00,2037625,2459_440,-33.86429977416992,151.16958618164062,236.0,0.0,0,0.0,True
2026-09-15T08:36:47+10:00,2285439,2459_461X,-33.8751106262207,151.2096710205078,187.0,26.3,168,2.8,True
2026-09-15T08:36:47+10:00,2374383,2508_100,-33.83352279663086,151.22674560546875,178.0,0.0,0,0.0,True
2026-09-15T08:36:47+10:00,2378960,2508_B1,-33.81684875488281,151.2433319091797,340.0,0.0,49,0.82,True
2026-09-15T08:36:47+10:00,2528880,2459_458,-33.87527847290039,151.1075897216797,81.0,6.1,9,0.15,True
2026-09-15T08:36:47+10:00,2290418,2459_428,-33.901676177978516,151.16969299316406,204.0,37.1,-13,-0.22,True
2026-09-15T08:36:47+10:00,2287389,2459_303,-33.93335723876953,151.1919403076172,147.0,27.0,34,0.57,True
2026-09-15T08:36:47+10:00,2286515,2459_441,-33.851924896240234,151.18113708496094,229.0,27.7,52,0.87,True
2026-09-15T08:36:47+10:00,2550405,2508_114,-33.824668884277344,151.24119567871094,299.0,0.0,461,7.68,False
2026-09-15T08:36:47+10:00,2088796,2508_160X,-33.83333969116211,151.22857666015625,73.0,9.4,0,0.0,True
2026-09-15T08:36:47+10:00,2477790,2459_659s,-33.86452865600586,151.12490844726562,264.0,24.1,62,1.03,True
2026-09-15T08:36:47+10:00,2289805,2459_530,-33.87033462524414,151.1222381591797,8.0,0.0,230,3.83,True
2026-09-15T08:36:47+10:00,2286236,2459_438X,-33.86496353149414,151.20986938476562,227.0,0.0,12,0.2,True
2026-09-15T08:36:47+10:00,2580167,2508_100,-33.84207534790039,151.24388122558594,184.0,0.0,0,0.0,True
2026-09-15T08:36:47+10:00,2700032,2508_680n,-33.795989990234375,151.25872802734375,266.0,16.9,-350,-5.83,False
2026-09-15T08:36:47+10:00,2285690,2459_438X,-33.8638801574707,151.13035583496094,180.0,4.3,341,5.68,False
2026-09-15T08:36:47+10:00,2349567,2459_418,-33.90388488769531,151.14085388183594,66.0,16.9,69,1.15,True
2026-09-15T08:36:47+10:00,2036568,2459_440,-33.8801383972168,151.2073211669922,282.0,0.0,0,0.0,True
2026-09-15T08:36:47+10:00,2596334,2459_491,-33.88744354248047,151.12460327148438,295.0,0.0,96,1.6,True
2026-09-15T08:36:47+10:00,2618601,2459_422,-33.885135650634766,151.18495178222656,256.0,0.0,149,2.48,True
2026-09-15T08:36:47+10:00,1959515,2459_445,-33.89604949951172,151.1541290283203,181.0,0.0,-77,-1.28,False
2026-09-15T08:36:47+10:00,2286836,2459_461X,-33.88026428222656,151.2068328857422,11.0,0.0,-51,-0.85,True
2026-09-15T08:36:47+10:00,2428521,2508_238,-33.84618377685547,151.2445068359375,291.0,40.0,-67,-1.12,False
2026-09-15T08:36:47+10:00,1960857,2459_412,-33.89497756958008,151.12042236328125,273.0,31.7,18,0.3,True
2026-09-15T08:36:47+10:00,2209171,2459_440,-33.881683349609375,151.2191162109375,294.0,15.5,-147,-2.45,False
2026-09-15T08:36:47+10:00,2284007,2459_431,-33.88172912597656,151.18905639648438,132.0,18.7,278,4.63,True
2026-09-15T08:36:47+10:00,2378661,2508_111,-33.83027648925781,151.2584991455078,9.0,37.1,258,4.3,True
2026-09-15T08:36:47+10:00,2309024,2459_445,-33.86858367919922,151.1637725830078,43.0,25.9,66,1.1,True
2026-09-15T08:36:47+10:00,2378979,2508_181X,-33.829715728759766,151.22776794433594,223.0,0.0,168,2.8,True
2026-09-15T08:36:47+10:00,2284601,2459_433,-33.86854934692383,151.1761932373047,163.0,0.0,260,4.33,True
2026-09-15T08:36:47+10:00,2668030,2459_420,-33.933963775634766,151.16050720214844,78.0,54.4,244,4.07,True
2026-09-15T08:36:47+10:00,2379144,2508_144,-33.82682418823242,151.23196411132812,40.0,31.7,-26,-0.43,True
2026-09-15T08:36:47+10:00,2550176,2508_263,-33.839290618896484,151.20664978027344,8.0,0.0,492,8.2,False
2026-09-15T08:36:47+10:00,2415740,2508_B1,-33.8240966796875,151.24143981933594,52.0,0.0,366,6.1,False
2026-09-15T08:36:47+10:00,2036791,2459_440,-33.888343811035156,151.23178100585938,137.0,19.8,-439,-7.32,False
2026-09-15T08:36:47+10:00,2287828,2459_428,-33.88786697387695,151.19297790527344,227.0,33.5,51,0.85,True
2026-09-15T08:36:47+10:00,2289605,2459_426,-33.90362548828125,151.14283752441406,137.0,0.0,100,1.67,True
2026-09-15T08:36:47+10:00,2635980,2459_504,-33.873252868652344,151.2094268798828,96.0,0.0,-293,-4.88,False
2026-09-15T08:36:47+10:00,2287428,2459_442,-33.8573112487793,151.19381713867188,81.0,28.8,0,0.0,True
2026-09-15T08:36:47+10:00,2290579,2459_389,-33.88240432739258,151.22630310058594,298.0,27.4,519,8.65,False
2026-09-15T08:36:47+10:00,2286342,2459_428,-33.878173828125,151.20794677734375,280.0,0.0,-86,-1.43,False
2026-09-15T08:36:47+10:00,2378918,2508_190X,-33.823822021484375,151.2421112060547,225.0,32.0,-135,-2.25,False
2026-09-15T08:36:47+10:00,2287536,2459_428X,-33.91148376464844,151.11868286132812,141.0,0.0,18,0.3,True
2026-09-15T08:36:47+10:00,2289874,2459_437,-33.87532043457031,151.14230346679688,202.0,27.4,-4,-0.07,True
2026-09-15T08:36:47+10:00,2379062,2508_165X,-33.857330322265625,151.2075958251953,208.0,56.5,-80,-1.33,False
2026-09-15T08:36:47+10:00,2376126,2508_168X,-33.824546813964844,151.23904418945312,271.0,19.1,442,7.37,False
2026-09-15T08:36:47+10:00,2685968,2459_423,-33.88136291503906,151.2061309814453,226.0,13.0,-101,-1.68,False
2026-09-15T08:36:47+10:00,2289163,2459_461X,-33.8846549987793,151.18832397460938,91.0,42.5,-162,-2.7,False
2026-09-15T08:36:47+10:00,2286173,2459_433,-33.85820770263672,151.18344116210938,295.0,0.0,0,0.0,True
2026-09-15T08:36:47+10:00,1961200,2459_445,-33.85809326171875,151.1831512451172,289.0,0.0,0,0.0,True
2026-09-15T08:36:47+10:00,2286146,2459_428X,-33.889034271240234,151.19056701660156,50.0,0.0,87,1.45,True
2026-09-15T08:36:47+10:00,2550460,2508_144,-33.82667922973633,151.23223876953125,220.0,6.1,0,0.0,True
2026-09-15T08:36:47+10:00,2550460_2,2508_144,-33.827110290527344,151.1999053955078,329.0,14.4,178,2.97,True
2026-09-15T08:36:47+10:00,2349426,2459_418,-33.8740234375,151.10427856445312,191.0,23.8,40,0.67,True
2026-09-15T08:36:47+10:00,2421383,2508_150X,-33.82529067993164,151.2337646484375,233.0,13.0,446,7.43,False
2026-09-15T08:36:47+10:00,2285782,2459_426,-33.90624237060547,151.1649627685547,35.0,25.9,113,1.88,True
2026-09-15T08:36:47+10:00,2635849,2459_504,-33.84782791137695,151.14132690429688,36.0,0.0,0,0.0,True
2026-09-15T08:36:47+10:00,2208544,2459_464,-33.878875732421875,151.1033935546875,189.0,24.1,340,5.67,False
2026-09-15T08:36:47+10:00,2379099,2508_144,-33.79586410522461,151.25296020507812,60.0,32.4,495,8.25,False
2026-09-15T08:36:47+10:00,2668048,2459_420,-33.92799377441406,151.18728637695312,14.0,38.2,-173,-2.88,False
2026-09-15T08:36:47+10:00,2284983,2459_422,-33.880130767822266,151.20729064941406,283.0,15.8,0,0.0,True
2026-09-15T08:36:47+10:00,2290737,2459_423,-33.885440826416016,151.1943817138672,19.0,0.0,89,1.48,True
2026-09-15T08:36:47+10:00,2036790,2459_440,-33.89101028442383,151.24754333496094,8.0,0.0,-328,-5.47,False
2026-09-15T08:36:47+10:00,2374153,2508_100,-33.830387115478516,151.22613525390625,62.0,0.0,32,0.53,True
2026-09-15T08:36:47+10:00,2389266,2508_263,-33.84264373779297,151.21389770507812,230.0,15.5,309,5.15,False
2026-09-15T08:36:47+10:00,1912782,2459_483,-33.886192321777344,151.13865661621094,51.0,0.0,326,5.43,False
2026-09-15T08:36:47+10:00,2424350,2508_230,-33.825950622558594,151.2327880859375,41.0,36.4,623,10.38,False
2026-09-15T08:36:47+10:00,2720624,2514_284,-33.786380767822266,151.1828155517578,249.0,1.1,998,16.63,False
2026-09-15T08:36:47+10:00,2375228,2508_172X,-33.82798767089844,151.2308807373047,228.0,16.9,-140,-2.33,False
2026-09-15T08:36:47+10:00,2375228_2,2508_172X,-33.82460403442383,151.2400360107422,277.0,28.4,113,1.88,True
2026-09-15T08:36:47+10:00,2415627,2508_B1,-33.79969024658203,151.24896240234375,70.0,45.0,748,12.47,False
2026-09-15T08:36:47+10:00,2089204,2508_160X,-33.79630661010742,151.1809844970703,182.0,0.0,0,0.0,True
2026-09-15T08:36:47+10:00,2340938,2459_308,-33.90378952026367,151.1768798828125,242.0,0.0,-209,-3.48,False
2026-09-15T08:36:47+10:00,2719496,2514_558,-33.797908782958984,151.1782989501953,250.0,0.0,0,0.0,True
2026-09-15T08:36:47+10:00,2626897,2508_166,-33.86661148071289,151.206298828125,6.0,0.0,3,0.05,True
2026-09-15T08:36:47+10:00,2283850,2459_412,-33.891456604003906,151.17747497558594,73.0,21.6,-142,-2.37,False
2026-09-15T08:36:47+10:00,2378161,2508_564n,-33.8321647644043,151.24899291992188,248.0,24.5,155,2.58,True
2026-09-15T08:36:47+10:00,2209288,2459_440,-33.87946319580078,151.20913696289062,185.0,0.0,-41,-0.68,True
2026-09-15T08:36:47+10:00,2514906,2459_410,-33.87502670288086,151.10403442382812,8.0,22.7,-120,-2.0,False
2026-09-15T08:36:47+10:00,2609012,2459_430,-33.88394546508789,151.20252990722656,252.0,35.6,97,1.62,True
2026-09-15T08:36:47+10:00,2392952,2508_263,-33.86479568481445,151.20558166503906,176.0,0.0,1126,18.77,False
2026-09-15T08:36:47+10:00,2208816,2459_406,-33.88644027709961,151.12503051757812,300.0,0.0,305,5.08,False
2026-09-15T08:36:47+10:00,2285174,2459_442,-33.86833953857422,151.18276977539062,107.0,27.4,-353,-5.88,False
2026-09-15T08:36:47+10:00,2288330,2459_461X,-33.87145233154297,151.2165069580078,40.0,0.0,32,0.53,True
2026-09-15T08:36:47+10:00,2287436,2459_470,-33.874019622802734,151.16159057617188,72.0,0.0,0,0.0,True
2026-09-15T08:36:47+10:00,2288157,2459_418,-33.915672302246094,151.16537475585938,337.0,21.6,-209,-3.48,False
2026-09-15T08:36:47+10:00,2580185,2508_100,-33.842105865478516,151.24362182617188,352.0,0.0,0,0.0,True
2026-09-15T08:36:47+10:00,2288853,2459_480,-33.88837432861328,151.11630249023438,111.0,0.0,390,6.5,False
2026-09-15T08:36:47+10:00,2341002,2459_308,-33.89707565307617,151.19699096679688,68.0,5.4,-110,-1.83,False
2026-09-15T08:36:47+10:00,2289885,2459_647s,-33.87828063964844,151.19224548339844,57.0,2.5,988,16.47,False
2026-09-15T08:36:47+10:00,2287550,2459_442,-33.87224578857422,151.19363403320312,329.0,55.4,232,3.87,True
2026-09-15T08:36:47+10:00,2308752,2459_445,-33.872154235839844,151.15670776367188,74.0,33.5,-334,-5.57,False
2026-09-15T08:36:47+10:00,2393097,2508_263,-33.84258270263672,151.20509338378906,0.0,15.5,17,0.28,True
2026-09-15T08:36:47+10:00,2289919,2459_470,-33.879493713378906,151.16468811035156,281.0,0.0,236,3.93,True
2026-09-15T08:36:47+10:00,2284919,2459_461X,-33.8878173828125,151.160888671875,100.0,0.0,-169,-2.82,False
2026-09-15T08:36:47+10:00,2209496,2459_473,-33.932315826416016,151.1352081298828,96.0,26.3,275,4.58,True
2026-09-15T08:36:47+10:00,2283584,2459_433,-33.8823127746582,151.18984985351562,305.0,0.0,52,0.87,True
2026-09-15T08:36:47+10:00,2290016,2459_470,-33.87937545776367,151.2091522216797,186.0,0.0,-76,-1.27,False
2026-09-15T08:36:47+10:00,2285819,2459_428,-33.897464752197266,151.17892456054688,51.0,1.4,-331,-5.52,False
2026-09-15T08:36:47+10:00,2720639,2514_271,-33.78419494628906,151.20005798339844,308.0,4.3,4,0.07,True
2026-09-15T08:36:47+10:00,2209091,2459_530,-33.825653076171875,151.14990234375,20.0,33.1,-158,-2.63,False
2026-09-15T08:36:47+10:00,2285090,2459_437,-33.87094497680664,151.2061004638672,129.0,19.1,100,1.67,True
2026-09-15T08:36:47+10:00,1912221,2459_483,-33.886714935302734,151.10696411132812,79.0,36.0,-31,-0.52,True
2026-09-15T08:36:47+10:00,2287789,2459_412,-33.88430404663086,151.1963348388672,90.0,0.0,-642,-10.7,False
2026-09-15T08:36:47+10:00,2036978,2459_445,-33.86787796020508,151.16448974609375,222.0,36.4,-12,-0.2,True
2026-09-15T08:36:47+10:00,2286646,2459_437,-33.869239807128906,151.13011169433594,255.0,0.0,2,0.03,True
2026-09-15T08:36:47+10:00,2660127,2459_320,-33.88252258300781,151.20762634277344,118.0,20.9,167,2.78,True
2026-09-15T08:36:47+10:00,2283178,2459_431,-33.8703498840332,151.2103271484375,184.0,20.9,120,2.0,True
2026-09-15T08:36:47+10:00,2475161,2459_389,-33.887779235839844,151.23704528808594,166.0,14.8,-389,-6.48,False
2026-09-15T08:36:47+10:00,2036594,2459_470,-33.87954330444336,151.1652374267578,286.0,19.1,-357,-5.95,False
2026-09-15T08:36:47+10:00,2580238,2508_100,-33.829689025878906,151.24417114257812,177.0,29.2,-99,-1.65,False
2026-09-15T08:36:47+10:00,2421435,2508_150X,-33.81241226196289,151.24485778808594,179.0,0.4,93,1.55,True
2026-09-15T08:36:47+10:00,2286961,2459_431,-33.876766204833984,151.18455505371094,326.0,37.8,50,0.83,True
2026-09-15T08:36:47+10:00,2284822,2459_442,-33.87095642089844,151.20510864257812,83.0,0.0,-19,-0.32,True
2026-09-15T08:36:47+10:00,2288254,2459_438X,-33.88751983642578,151.1721954345703,83.0,33.5,-80,-1.33,False
2026-09-15T08:36:47+10:00,2283926,2459_461X,-33.86892318725586,151.10687255859375,98.0,44.3,72,1.2,True
2026-09-15T08:36:47+10:00,2475218,2459_389,-33.869476318359375,151.19789123535156,358.0,0.0,0,0.0,True
2026-09-15T08:36:47+10:00,2477691,2459_655s,-33.86479568481445,151.1302490234375,13.0,5.8,255,4.25,True
2026-09-15T08:36:47+10:00,2209323,2459_464,-33.88803482055664,151.1262969970703,114.0,0.0,23,0.38,True
2026-09-15T08:36:47+10:00,2392940,2508_114,-33.82590103149414,151.19903564453125,141.0,0.0,886,14.77,False
2026-09-15T08:36:47+10:00,2283733,2459_433,-33.87948226928711,151.18679809570312,147.0,0.0,44,0.73,True
2026-09-15T08:36:47+10:00,2376122,2508_243,-33.823516845703125,151.2318115234375,190.0,22.3,1114,18.57,False
2026-09-15T08:36:47+10:00,2721356,2514_270,-33.86614990234375,151.20571899414062,175.0,10.4,0,0.0,True
2026-09-15T08:36:47+10:00,2349683,2459_418,-33.902400970458984,151.1271209716797,185.0,31.0,157,2.62,True
2026-09-15T08:36:47+10:00,2415638,2508_B1,-33.8651123046875,151.20518493652344,265.0,13.3,40,0.67,True
2026-09-15T08:36:47+10:00,2668072,2459_420,-33.932525634765625,151.18359375,12.0,45.4,-124,-2.07,False
2026-09-15T08:36:47+10:00,2289032,2459_426,-33.88020324707031,151.2068634033203,14.0,0.0,-328,-5.47,False
2026-09-15T08:36:47+10:00,2211985,2459_743s,-33.8865966796875,151.10890197753906,263.0,38.5,175,2.92,True
2026-09-15T08:36:47+10:00,2287145,2459_470,-33.88438034057617,151.19581604003906,89.0,0.0,189,3.15,True
2026-09-15T08:36:47+10:00,1958614,2459_466,-33.85837173461914,151.1179962158203,76.0,42.8,22,0.37,True
2026-09-15T08:36:47+10:00,2608960,2459_430,-33.90971374511719,151.16207885742188,38.0,22.3,201,3.35,True
2026-09-15T08:36:47+10:00,2392639,2508_114,-33.825645446777344,151.24349975585938,125.0,28.8,-62,-1.03,False
2026-09-15T08:36:47+10:00,2514996,2459_410,-33.87907028198242,151.10337829589844,190.0,30.2,499,8.32,False
2026-09-15T08:36:47+10:00,2376328,2508_162,-33.80642318725586,151.26010131835938,190.0,40.3,706,11.77,False
2026-09-15T08:36:47+10:00,2286727,2459_442,-33.87419128417969,151.1993865966797,73.0,40.7,-183,-3.05,False
2026-09-15T08:36:47+10:00,2550168,2508_144,-33.82667922973633,151.23223876953125,220.0,6.1,175,2.92,True
2026-09-15T08:36:47+10:00,2284131,2459_431,-33.87406921386719,151.18258666992188,137.0,0.0,48,0.8,True
2026-09-15T08:36:47+10:00,2580152,2508_100,-33.84192657470703,151.24356079101562,352.0,0.0,0,0.0,True
2026-09-15T08:36:47+10:00,2609075,2459_430,-33.90968704223633,151.16226196289062,213.0,39.6,39,0.65,True
2026-09-15T08:36:47+10:00,2284043,2459_433,-33.88423538208008,151.20066833496094,89.0,16.9,89,1.48,True
2026-09-15T08:36:47+10:00,2475298,2459_389,-33.87310791015625,151.19589233398438,154.0,17.3,-331,-5.52,False
2026-09-15T08:36:47+10:00,2475298_2,2459_389,-33.87374496459961,151.19625854492188,154.0,31.7,-336,-5.6,False
2026-09-15T08:36:47+10:00,2376815,2508_172X,-33.821739196777344,151.24391174316406,188.0,0.0,-56,-0.93,True
2026-09-15T08:36:47+10:00,2376815_2,2508_172X,-33.82130813598633,151.2439422607422,185.0,15.8,-56,-0.93,True
2026-09-15T08:36:47+10:00,2287416,2459_412,-33.89402389526367,151.1571807861328,103.0,0.0,205,3.42,True
2026-09-15T08:36:47+10:00,2376826,2508_173X,-33.79451370239258,151.2644500732422,280.0,25.9,527,8.78,False
2026-09-15T08:36:47+10:00,2484474,2459_480,-33.88874053955078,151.14312744140625,313.0,39.6,-70,-1.17,False
2026-09-15T08:36:47+10:00,2288095,2459_470,-33.884132385253906,151.1792449951172,58.0,22.7,-11,-0.18,True
2026-09-15T08:36:47+10:00,2287230,2459_438X,-33.84515380859375,151.1284637451172,2.0,0.0,0,0.0,True
2026-09-15T08:36:47+10:00,2636082,2459_504,-33.85212326049805,151.1349639892578,245.0,20.9,0,0.0,True
2026-09-15T08:36:47+10:00,2208318,2459_466,-33.871456146240234,151.10479736328125,10.0,28.8,-129,-2.15,False
2026-09-15T08:36:47+10:00,2550218,2508_144,-33.825172424316406,151.19833374023438,327.0,10.4,615,10.25,False
2026-09-15T08:36:47+10:00,2286059,2459_423,-33.9107780456543,151.1562042236328,43.0,0.0,421,7.02,False
2026-09-15T08:36:47+10:00,2288199,2459_303,-33.930747985839844,151.2029571533203,100.0,17.6,-71,-1.18,False
2026-09-15T08:36:47+10:00,2378201,2508_565n,-33.84722900390625,151.23046875,317.0,0.0,63,1.05,True
2026-09-15T08:36:47+10:00,2038749,2459_440,-33.886985778808594,151.1757049560547,75.0,18.7,-149,-2.48,False
2026-09-15T08:36:47+10:00,2038749_2,2459_440,-33.8863525390625,151.1781768798828,75.0,29.5,-207,-3.45,False
2026-09-15T08:36:47+10:00,2618638,2459_422,-33.94411849975586,151.15049743652344,192.0,34.2,0,0.0,True
2026-09-15T08:36:47+10:00,1973473,2508_162,-33.80674743652344,151.26004028320312,188.0,34.2,98,1.63,True
2026-09-15T08:36:47+10:00,2284491,2459_423X,-33.92523956298828,151.1343536376953,63.0,30.2,537,8.95,False
2026-09-15T08:36:47+10:00,2580268,2508_100,-33.8306884765625,151.22523498535156,64.0,5.0,260,4.33,True
2026-09-15T08:36:47+10:00,2375789,2508_100,-33.829410552978516,151.22804260253906,224.0,1.4,261,4.35,True
2026-09-15T08:36:47+10:00,2636186,2459_504,-33.8419075012207,151.14768981933594,142.0,0.0,0,0.0,True
2026-09-15T08:36:47+10:00,2636009,2459_504,-33.86623001098633,151.1744842529297,116.0,0.0,215,3.58,True
2026-09-15T08:36:47+10:00,2685925,2459_423,-33.90434646606445,151.16822814941406,208.0,32.8,456,7.6,False
2026-09-15T08:36:47+10:00,2374587,2508_168X,-33.80852127075195,151.24636840820312,31.0,0.0,63,1.05,True
2026-09-15T08:36:47+10:00,2554012,2459_358,-33.91550827026367,151.16571044921875,9.0,0.0,0,0.0,True
2026-09-15T08:36:47+10:00,2379166,2508_144,-33.79671859741211,151.1793975830078,259.0,0.0,101,1.68,True
2026-09-15T08:36:47+10:00,2284299,2459_442,-33.857025146484375,151.19558715820312,79.0,0.0,35,0.58,True
2026-09-15T08:36:47+10:00,2529950,7084_SW2,-33.914039611816406,151.1665496826172,230.0,6.5,0,0.0,True
2026-09-15T08:36:47+10:00,2579008,7084_SW2,-33.90528106689453,151.15696716308594,142.0,30.6,-318,-5.3,False
2026-09-15T08:36:47+10:00,2530174,7084_SW2,-33.91447067260742,151.1654815673828,0.0,0.0,-359,-5.98,False
2026-09-15T08:36:47+10:00,2579214,7084_SW2,-33.91426086425781,151.1661376953125,207.0,0.0,-3020,-50.33,False
2026-09-15T08:36:47+10:00,2579078,7084_SW2,-33.90500259399414,151.1283416748047,37.0,37.1,-218,-3.63,False
2026-09-15T08:36:47+10:00,2579067,7084_SW2,-33.936195373535156,151.15240478515625,197.0,28.4,0,0.0,True
2026-09-15T08:36:47+10:00,2530113,7084_SW2,-33.9079704284668,151.12548828125,231.0,49.0,426,7.1,False
2026-09-15T08:36:47+10:00,2579116,7084_SW2,-33.905147552490234,151.1331787109375,103.0,40.0,162,2.7,True
2026-09-15T08:36:47+10:00,2579208,7084_SW2,-33.912593841552734,151.11831665039062,51.0,23.0,290,4.83,True
2026-09-15T08:36:47+10:00,2400296,2509_396,-33.86204147338867,151.2112274169922,4.0,0.0,0,0.0,True
2026-09-15T08:36:47+10:00,2533917,2509_323,-33.8779411315918,151.2427520751953,225.0,4.7,1216,20.27,False
2026-09-15T08:36:47+10:00,2400689,2509_309,-33.95460891723633,151.2046661376953,319.0,20.9,-292,-4.87,False
2026-09-15T08:36:47+10:00,2534272,2509_355,-33.908592224121094,151.17201232910156,85.0,0.0,170,2.83,True
2026-09-15T08:36:47+10:00,2678067,2509_642e,-33.916934967041016,151.22598266601562,170.0,0.0,101,1.68,True
2026-09-15T08:36:47+10:00,2533321,2509_387,-33.88365173339844,151.2689666748047,206.0,0.0,514,8.57,False
2026-09-15T08:36:47+10:00,2400483,2509_396,-33.86256408691406,151.21116638183594,6.0,0.0,0,0.0,True
2026-09-15T08:36:47+10:00,2396525,2509_392,-33.94467544555664,151.2262420654297,199.0,0.0,0,0.0,True
2026-09-15T08:36:47+10:00,2494709,2509_343,-33.86831283569336,151.2105255126953,6.0,27.0,-5,-0.08,True
2026-09-15T08:36:47+10:00,2494601,2509_343,-33.880558013916016,151.2088623046875,11.0,0.0,366,6.1,False
2026-09-15T08:36:47+10:00,2532151,2509_350,-33.932861328125,151.17967224121094,99.0,0.0,0,0.0,True
2026-09-15T08:36:47+10:00,2534473,2509_327,-33.884033203125,151.24900817871094,19.0,8.6,104,1.73,True
2026-09-15T08:36:47+10:00,2645901,2509_394X,-33.886573791503906,151.218994140625,155.0,32.4,299,4.98,True
2026-09-15T08:36:47+10:00,2675031,2509_309,-33.8939323425293,151.1986083984375,21.0,0.0,16,0.27,True
2026-09-15T08:36:47+10:00,2358155,2509_339X,-33.87297821044922,151.20994567871094,187.0,18.7,83,1.38,True
2026-09-15T08:36:47+10:00,2534396,2509_717e,-33.883033752441406,151.28123474121094,10.0,27.0,-62,-1.03,False
2026-09-15T08:36:47+10:00,2400648,2509_397X,-33.872798919677734,151.2099609375,186.0,15.1,744,12.4,False
2026-09-15T08:36:47+10:00,2531995,2509_324,-33.857093811035156,151.28192138671875,271.0,0.0,6,0.1,True
2026-09-15T08:36:47+10:00,2358110,2509_373,-33.90935134887695,151.2395782470703,10.0,2.5,400,6.67,False
2026-09-15T08:36:47+10:00,2358193,2509_661e,-33.93370056152344,151.19363403320312,9.0,0.0,0,0.0,True
2026-09-15T08:36:47+10:00,2136974,2509_375,-33.92720031738281,151.2552947998047,10.0,31.3,343,5.72,False
2026-09-15T08:36:47+10:00,2645899,2509_394X,-33.88249588012695,151.21742248535156,172.0,0.0,-39,-0.65,True
2026-09-15T08:36:47+10:00,2358122,2509_370,-33.90955352783203,151.21942138671875,280.0,22.7,169,2.82,True
2026-09-15T08:36:47+10:00,2533818,2509_313,-33.921241760253906,151.25006103515625,359.0,15.8,312,5.2,False
2026-09-15T08:36:47+10:00,2675137,2509_309,-33.89620590209961,151.1992950439453,161.0,0.0,126,2.1,True
2026-09-15T08:36:47+10:00,2358217,2509_370,-33.90302658081055,151.19122314453125,218.0,19.1,240,4.0,True
2026-09-15T08:36:47+10:00,2358045,2509_707e,-33.91881561279297,151.19924926757812,221.0,21.2,3,0.05,True
2026-09-15T08:36:47+10:00,2357782,2509_304,-33.904422760009766,151.20925903320312,205.0,0.0,0,0.0,True
2026-09-15T08:36:47+10:00,2533948,2509_380,-33.8912353515625,151.25332641601562,317.0,15.8,-502,-8.37,False
2026-09-15T08:36:47+10:00,2532911,2509_350,-33.93161392211914,151.18402099609375,25.0,0.0,-25,-0.42,True
2026-09-15T08:36:47+10:00,2356067,2509_373X,-33.921600341796875,151.24742126464844,296.0,5.0,-78,-1.3,False
2026-09-15T08:36:47+10:00,2687292,2509_377X,-33.904396057128906,151.2265167236328,335.0,17.3,-92,-1.53,False
2026-09-15T08:36:47+10:00,2679138,2509_370,-33.91518020629883,151.2274169921875,100.0,35.6,136,2.27,True
2026-09-15T08:36:47+10:00,2410360,2509_392,-33.91032028198242,151.22341918945312,7.0,16.9,152,2.53,True
2026-09-15T08:36:47+10:00,2494622,2509_310,-33.89017868041992,151.20594787597656,9.0,0.0,-375,-6.25,False
2026-09-15T08:36:47+10:00,2533955,2509_350,-33.94588088989258,151.22613525390625,87.0,39.6,461,7.68,False
2026-09-15T08:36:47+10:00,2628638,2509_304,-33.88230514526367,151.21463012695312,10.0,24.5,-191,-3.18,False
2026-09-15T08:36:47+10:00,2533822,2509_313,-33.92416000366211,151.2550811767578,97.0,0.0,-184,-3.07,False
2026-09-15T08:36:47+10:00,2138600,2509_306,-33.89375686645508,151.19873046875,21.0,0.0,0,0.0,True
2026-09-15T08:36:47+10:00,2358162,2509_373,-33.898773193359375,151.22247314453125,175.0,44.6,-23,-0.38,True
2026-09-15T08:36:47+10:00,2679168,2509_370,-33.90951919555664,151.2202911376953,91.0,4.0,96,1.6,True
2026-09-15T08:36:47+10:00,2679163,2509_370,-33.879669189453125,151.18695068359375,149.0,0.0,45,0.75,True
2026-09-15T08:36:47+10:00,2645922,2509_392X,-33.91222381591797,151.22369384765625,318.0,28.1,-311,-5.18,False
2026-09-15T08:36:47+10:00,2623342,2509_333,-33.87785339355469,151.21348571777344,313.0,38.9,-148,-2.47,False
2026-09-15T08:36:47+10:00,2532160,2509_352,-33.891082763671875,151.24783325195312,235.0,12.6,0,0.0,True
2026-09-15T08:36:47+10:00,2532572,2509_324,-33.875938415527344,151.224365234375,179.0,7.9,244,4.07,True
2026-09-15T08:36:47+10:00,2532413,2509_313,-33.896671295166016,151.25152587890625,339.0,0.0,174,2.9,True
2026-09-15T08:36:47+10:00,2675008,2509_309,-33.95084762573242,151.19810485839844,129.0,38.5,156,2.6,True
2026-09-15T08:36:47+10:00,2400380,2509_396,-33.93291091918945,151.23756408691406,172.0,0.0,73,1.22,True
2026-09-15T08:36:47+10:00,2357678,2509_374,-33.89164733886719,151.2127227783203,100.0,23.4,643,10.72,False
2026-09-15T08:36:47+10:00,2534726,2509_352,-33.88139343261719,151.21859741210938,299.0,11.5,398,6.63,False
2026-09-15T08:36:47+10:00,2548540,2509_350,-33.891357421875,151.24830627441406,100.0,24.1,0,0.0,True
2026-09-15T08:36:47+10:00,2552009,2509_379,-33.90097427368164,151.25396728515625,155.0,14.4,-118,-1.97,False
2026-09-15T08:36:47+10:00,2358070,2509_343,-33.86537170410156,151.21144104003906,205.0,30.2,293,4.88,True
2026-09-15T08:36:47+10:00,2358047,2509_370,-33.91313552856445,151.24180603027344,100.0,0.0,0,0.0,True
2026-09-15T08:36:47+10:00,2357993,2509_373X,-33.9190788269043,151.24241638183594,350.0,29.2,41,0.68,True
2026-09-15T08:36:47+10:00,2687293,2509_377X,-33.94775390625,151.255126953125,43.0,0.0,0,0.0,True
2026-09-15T08:36:47+10:00,2552007,2509_379,-33.885414123535156,151.28073120117188,9.0,14.8,108,1.8,True
2026-09-15T08:36:47+10:00,2139032,2509_375,-33.925174713134766,151.2471923828125,104.0,41.8,586,9.77,False
2026-09-15T08:36:47+10:00,2623263,2509_333,-33.89116287231445,151.2497100830078,342.0,1.8,364,6.07,False
2026-09-15T08:36:47+10:00,2533686,2509_360,-33.89360809326172,151.24940490722656,354.0,19.8,-143,-2.38,False
2026-09-15T08:36:47+10:00,2356623,2509_339,-33.912288665771484,151.25933837890625,102.0,31.7,340,5.67,False
2026-09-15T08:36:47+10:00,2470813,2509_356,-33.914695739746094,151.2401580810547,340.0,37.8,376,6.27,False
2026-09-15T08:36:47+10:00,2623020,2509_333,-33.870758056640625,151.210205078125,2.0,28.4,-22,-0.37,True
2026-09-15T08:36:47+10:00,2400589,2509_392,-33.91925811767578,151.22650146484375,172.0,0.0,60,1.0,True
2026-09-15T08:36:47+10:00,2622896,2509_333,-33.88248825073242,151.22015380859375,325.0,6.1,330,5.5,False
2026-09-15T08:36:47+10:00,2678056,2509_644e,-33.92498779296875,151.23446655273438,176.0,7.6,-446,-7.43,False
2026-09-15T08:36:47+10:00,2679146,2509_370,-33.884178161621094,151.19276428222656,128.0,0.0,508,8.47,False
2026-09-15T08:36:47+10:00,2645930,2509_394X,-33.94011688232422,151.21499633789062,145.0,23.4,0,0.0,True
2026-09-15T08:36:47+10:00,2352521,2509_307,-33.94752883911133,151.20632934570312,101.0,0.4,476,7.93,False
2026-09-15T08:36:47+10:00,2622800,2509_333,-33.86298370361328,151.21194458007812,186.0,0.4,57,0.95,True
2026-09-15T08:36:47+10:00,2628642,2509_304,-33.90732192993164,151.20510864257812,296.0,7.2,-207,-3.45,False
2026-09-15T08:36:47+10:00,2533344,2509_323,-33.8682861328125,151.28143310546875,281.0,29.9,100,1.67,True
2026-09-15T08:36:47+10:00,2358260,2509_343,-33.88579177856445,151.2080841064453,176.0,9.7,119,1.98,True
2026-09-15T08:36:47+10:00,2356893,2509_311,-33.85819625854492,151.202880859375,129.0,29.2,-356,-5.93,False
2026-09-15T08:36:47+10:00,2531394,2509_324,-33.87065505981445,151.25363159179688,299.0,41.8,-22,-0.37,True
2026-09-15T08:36:47+10:00,2628598,2509_304,-33.89130401611328,151.2128143310547,189.0,0.0,189,3.15,True
2026-09-15T08:36:47+10:00,2346333,2509_390X,-33.915775299072266,151.23312377929688,99.0,2.9,-144,-2.4,False
2026-09-15T08:36:47+10:00,2356815,2509_339,-33.88307571411133,151.20835876464844,5.0,0.7,135,2.25,True
2026-09-15T08:36:47+10:00,2531786,2509_326,-33.892005920410156,151.2504425048828,257.0,0.0,-259,-4.32,False
2026-09-15T08:36:47+10:00,2358144,2509_339X,-33.86552429199219,151.21205139160156,310.0,1.1,-205,-3.42,False
2026-09-15T08:36:47+10:00,2564020,2509_379,-33.893287658691406,151.24957275390625,9.0,0.0,326,5.43,False
2026-09-15T08:36:47+10:00,2623245,2509_333,-33.89237976074219,151.2522430419922,84.0,2.5,636,10.6,False
2026-09-15T08:36:47+10:00,2622861,2509_333,-33.86349868774414,151.21185302734375,2.0,0.0,73,1.22,True
2026-09-15T08:36:47+10:00,2548743,2509_328,-33.87969207763672,151.23623657226562,346.0,7.6,96,1.6,True
2026-09-15T08:36:47+10:00,2400591,2509_396X,-33.88764572143555,151.2194366455078,339.0,0.0,-76,-1.27,False
2026-09-15T08:36:47+10:00,2136907,2509_375,-33.94446563720703,151.22662353515625,10.0,19.8,13,0.22,True
2026-09-15T08:36:47+10:00,2356616,2509_373X,-33.90610885620117,151.23062133789062,115.0,0.0,52,0.87,True
2026-09-15T08:36:47+10:00,2439545,2509_390X,-33.915260314941406,151.228515625,278.0,28.8,698,11.63,False
2026-09-15T08:36:47+10:00,2622812,2509_333,-33.883819580078125,151.22215270996094,124.0,6.8,196,3.27,True
2026-09-15T08:36:47+10:00,2622947,2509_333,-33.889495849609375,151.27606201171875,225.0,31.0,68,1.13,True
2026-09-15T08:36:47+10:00,2357800,2509_311,-33.882755279541016,151.20802307128906,124.0,19.4,98,1.63,True
2026-09-15T08:36:47+10:00,2533897,2509_386,-33.85752868652344,151.2819061279297,238.0,2.9,0,0.0,True
2026-09-15T08:36:47+10:00,2356059,2509_339,-33.91163635253906,151.25511169433594,99.0,30.2,-190,-3.17,False
2026-09-15T08:36:47+10:00,2623008,2509_333,-33.89287567138672,151.2556915283203,279.0,0.0,-131,-2.18,False
2026-09-15T08:36:47+10:00,2352320,2509_356,-33.938114166259766,151.24610900878906,114.0,40.7,347,5.78,False
2026-09-15T08:36:47+10:00,2533968,2509_380,-33.8794059753418,151.2805633544922,279.0,26.3,84,1.4,True
2026-09-15T08:36:47+10:00,2623271,2509_333,-33.8903694152832,151.2393035888672,69.0,1.4,224,3.73,True
2026-09-15T08:36:47+10:00,2400400,2509_396,-33.902259826660156,151.2230682373047,337.0,0.0,384,6.4,False
2026-09-15T08:36:47+10:00,2494609,2509_374,-33.9180793762207,151.2572784423828,96.0,0.0,44,0.73,True
2026-09-15T08:36:47+10:00,2439541,2509_390X,-33.918540954589844,151.2262725830078,172.0,13.3,977,16.28,False
2026-09-15T08:36:47+10:00,2356289,2509_374X,-33.9205207824707,151.2545166015625,281.0,1.8,412,6.87,False
2026-09-15T08:36:47+10:00,2358030,2509_373,-33.88275146484375,151.21725463867188,352.0,0.0,35,0.58,True
2026-09-15T08:36:47+10:00,2356370,2509_311,-33.87409973144531,151.2163848876953,191.0,8.3,6,0.1,True
2026-09-15T08:36:47+10:00,2532729,2509_381,-33.89965057373047,151.27044677734375,101.0,31.0,45,0.75,True
2026-09-15T08:36:47+10:00,2563989,2509_605e,-33.883121490478516,151.28115844726562,11.0,19.8,-55,-0.92,True
2026-09-15T08:36:47+10:00,2687289,2509_377X,-33.8895149230957,151.2205810546875,344.0,42.8,268,4.47,True
2026-09-15T08:36:47+10:00,2488443,2509_392,-33.94552230834961,151.22605895996094,194.0,0.0,-100,-1.67,False
2026-09-15T08:36:47+10:00,2494612,2509_343,-33.925575256347656,151.2282257080078,344.0,0.7,0,0.0,True
2026-09-15T08:36:47+10:00,2139505,2509_375,-33.91306686401367,151.2394256591797,348.0,11.2,303,5.05,False
2026-09-15T08:36:47+10:00,2358129,2509_373,-33.922203063964844,151.2565460205078,190.0,16.2,-18,-0.3,True
2026-09-15T08:36:47+10:00,2494657,2509_343,-33.9028434753418,151.20541381835938,14.0,7.9,44,0.73,True
2026-09-15T08:36:47+10:00,2494512,2509_374,-33.903465270996094,151.22506713867188,315.0,0.0,249,4.15,True
2026-09-15T08:36:47+10:00,2488470,2509_392,-33.90394592285156,151.2139892578125,100.0,0.0,293,4.88,True
2026-09-15T08:36:47+10:00,2675138,2509_309,-33.90950393676758,151.20262145996094,196.0,27.4,359,5.98,False
2026-09-15T08:36:47+10:00,2335419,2509_309,-33.902137756347656,151.20143127441406,338.0,0.0,478,7.97,False
2026-09-15T08:36:47+10:00,2531692,2509_387,-33.857364654541016,151.281982421875,54.0,0.0,0,0.0,True
2026-09-15T08:36:47+10:00,2623100,2509_333,-33.876808166503906,151.20947265625,187.0,22.0,120,2.0,True
2026-09-15T08:36:47+10:00,2532010,2509_386,-33.88703536987305,151.26393127441406,276.0,20.2,651,10.85,False
2026-09-15T08:36:47+10:00,2400353,2509_396X,-33.927772521972656,151.2324981689453,317.0,34.6,228,3.8,True
2026-09-15T08:36:47+10:00,2533965,2509_360,-33.90022277832031,151.2652130126953,189.0,31.3,170,2.83,True
2026-09-15T08:36:47+10:00,2548624,2509_350,-33.933162689208984,151.25778198242188,143.0,37.8,215,3.58,True
2026-09-15T08:36:47+10:00,2548529,2509_350,-33.90622329711914,151.25390625,156.0,0.0,145,2.42,True
2026-09-15T08:36:47+10:00,2645874,2509_394X,-33.921669006347656,151.24009704589844,11.0,0.0,0,0.0,True
2026-09-15T08:36:47+10:00,2356452,2509_311,-33.876529693603516,151.2213134765625,13.0,2.2,465,7.75,False
2026-09-15T08:36:47+10:00,2352453,2509_307,-33.9405632019043,151.21575927734375,235.0,0.0,1021,17.02,False
2026-09-15T08:36:47+10:00,2678120,2509_624e,-33.91598892211914,151.24075317382812,161.0,0.0,280,4.67,True
2026-09-15T08:36:47+10:00,2358282,2509_370,-33.91982650756836,151.25709533691406,190.0,0.0,0,0.0,True
2026-09-15T08:36:47+10:00,2352461,2509_356,-33.8917350769043,151.24745178222656,186.0,12.2,20,0.33,True
2026-09-15T08:36:47+10:00,2439588,2509_390X,-33.891178131103516,151.24932861328125,273.0,0.0,0,0.0,True
2026-09-15T08:36:47+10:00,2400425,2509_397X,-33.86868667602539,151.2104949951172,185.0,14.8,-343,-5.72,False
2026-09-15T08:36:47+10:00,2678097,2509_625e,-33.908447265625,151.24742126464844,259.0,25.2,147,2.45,True
2026-09-15T08:36:47+10:00,2346371,2509_390X,-33.91664505004883,151.2394256591797,355.0,0.4,66,1.1,True
2026-09-15T08:36:47+10:00,2139683,2509_375,-33.91606521606445,151.2408905029297,161.0,0.0,278,4.63,True
2026-09-15T08:36:47+10:00,2494545,2509_343,-33.89283752441406,151.22117614746094,171.0,44.6,3,0.05,True
2026-09-15T08:36:47+10:00,2410267,2509_392,-33.93619155883789,151.22998046875,20.0,45.7,221,3.68,True
2026-09-15T08:36:47+10:00,2400410,2509_309,-33.91707229614258,151.19996643066406,16.0,34.6,-254,-4.23,False
2026-09-15T08:36:47+10:00,2563991,2509_379,-33.889434814453125,151.25918579101562,81.0,0.0,297,4.95,True
2026-09-15T08:36:47+10:00,2675095,2509_309,-33.88423156738281,151.2034454345703,202.0,0.0,40,0.67,True
2026-09-15T08:36:47+10:00,2622907,2509_333,-33.87786865234375,151.21351623535156,314.0,32.8,408,6.8,False
2026-09-15T08:36:47+10:00,2400684,2509_396X,-33.87109375,151.21017456054688,187.0,35.6,-217,-3.62,False
2026-09-15T08:36:47+10:00,2675134,2509_309,-33.893211364746094,151.1991729736328,27.0,16.2,0,0.0,True
2026-09-15T08:36:47+10:00,2358239,2509_373X,-33.91360855102539,151.23968505859375,337.0,15.8,121,2.02,True
2026-09-15T08:36:47+10:00,2403052,2509_311,-33.87230682373047,151.2291259765625,264.0,0.0,140,2.33,True
2026-09-15T08:36:47+10:00,2533312,2509_324,-33.873863220214844,151.21343994140625,281.0,5.4,-20,-0.33,True
2026-09-15T08:36:47+10:00,2645895,2509_394X,-33.940128326416016,151.23876953125,348.0,0.0,153,2.55,True
2026-09-15T08:36:47+10:00,2679207,2509_370,-33.90113830566406,151.19302368164062,37.0,0.0,308,5.13,False
2026-09-15T08:36:47+10:00,2494578,2509_343,-33.90668487548828,151.2071990966797,320.0,12.2,-28,-0.47,True
2026-09-15T08:36:47+10:00,2358113,2509_373X,-33.908538818359375,151.2347869873047,278.0,8.3,94,1.57,True
2026-09-15T08:36:47+10:00,2678068,2509_649e,-33.92571258544922,151.23971557617188,278.0,15.5,-205,-3.42,False
2026-09-15T08:36:47+10:00,2439694,2509_390X,-33.91645812988281,151.23532104492188,280.0,0.0,408,6.8,False
2026-09-15T08:36:47+10:00,2357795,2509_373X,-33.91925048828125,151.2572479248047,190.0,0.0,0,0.0,True
2026-09-15T08:36:47+10:00,2623308,2509_333,-33.891475677490234,151.2495574951172,101.0,4.0,204,3.4,True
2026-09-15T08:36:47+10:00,2678061,2509_715e,-33.887760162353516,151.2833709716797,31.0,34.6,-81,-1.35,False
2026-09-15T08:36:47+10:00,2439530,2509_390X,-33.89094161987305,151.24900817871094,279.0,0.0,353,5.88,False
2026-09-15T08:36:47+10:00,2402976,2509_311,-33.87319564819336,151.2088623046875,100.0,2.9,306,5.1,False
2026-09-15T08:36:47+10:00,2400257,2509_397X,-33.94099044799805,151.23886108398438,348.0,0.0,341,5.68,False
2026-09-15T08:36:47+10:00,2357383,2509_374,-33.88962936401367,151.20791625976562,186.0,0.0,183,3.05,True
2026-09-15T08:36:47+10:00,2645894,2509_392X,-33.94660949707031,151.22789001464844,311.0,31.0,314,5.23,False
2026-09-15T08:36:47+10:00,2675070,2509_309,-33.90949630737305,151.20257568359375,196.0,25.9,123,2.05,True
2026-09-15T08:36:47+10:00,2400244,2509_309,-33.94731903076172,151.1972198486328,360.0,0.4,158,2.63,True
2026-09-15T08:36:47+10:00,2356113,2509_374X,-33.86963653564453,151.2103729248047,185.0,25.2,269,4.48,True
2026-09-15T08:36:47+10:00,2139493,2509_306,-33.924678802490234,151.20660400390625,11.0,1.8,169,2.82,True
2026-09-15T08:36:47+10:00,2564032,2509_601e,-33.88339614868164,151.2811279296875,10.0,24.5,10,0.17,True
2026-09-15T08:36:47+10:00,2400502,2509_392,-33.89649200439453,151.20986938476562,110.0,20.5,-33,-0.55,True
2026-09-15T08:36:47+10:00,2355965,2509_339X,-33.9052619934082,151.24522399902344,308.0,15.8,159,2.65,True
2026-09-15T08:36:47+10:00,2532295,2509_327,-33.88576126098633,151.25645446777344,306.0,0.0,224,3.73,True
2026-09-15T08:36:47+10:00,2533546,2509_380,-33.867218017578125,151.2801055908203,187.0,0.0,183,3.05,True
2026-09-15T08:36:47+10:00,2622827,2509_333,-33.89167404174805,151.25184631347656,53.0,0.0,0,0.0,True
2026-09-15T08:36:47+10:00,2678089,2509_688e,-33.90932846069336,151.24380493164062,72.0,0.0,572,9.53,False
2026-09-15T08:36:47+10:00,2494553,2509_343,-33.91998291015625,151.20130920410156,104.0,29.2,114,1.9,True
2026-09-15T08:36:47+10:00,2534715,2509_350,-33.92439651489258,151.18728637695312,55.0,13.7,927,15.45,False
2026-09-15T08:36:47+10:00,2400577,2509_396,-33.935340881347656,151.23764038085938,349.0,36.4,105,1.75,True
2026-09-15T08:36:47+10:00,2534620,2509_324,-33.843170166015625,151.2839813232422,321.0,0.0,0,0.0,True
2026-09-15T08:36:47+10:00,2564516,2509_712e,-33.88557052612305,151.27359008789062,8.0,10.8,-59,-0.98,True
2026-09-15T08:36:47+10:00,2675060,2509_309,-33.95021057128906,151.1973419189453,163.0,37.1,-74,-1.23,False
2026-09-15T08:36:47+10:00,2352296,2509_307,-33.92543411254883,151.1952362060547,99.0,0.0,119,1.98,True
2026-09-15T08:36:47+10:00,2533015,2509_355,-33.90045928955078,151.19956970214844,328.0,0.0,551,9.18,False
2026-09-15T08:36:47+10:00,2532377,2509_352,-33.89125061035156,151.21139526367188,116.0,0.0,103,1.72,True
2026-09-15T08:36:47+10:00,2687297,2509_377X,-33.931087493896484,151.2558135986328,331.0,4.7,154,2.57,True
2026-09-15T08:36:47+10:00,2563845,2509_379,-33.897422790527344,151.25172424316406,339.0,13.7,51,0.85,True
2026-09-15T08:36:47+10:00,2645934,2509_394X,-33.92856216430664,151.23326110839844,312.0,0.7,102,1.7,True
2026-09-15T08:36:47+10:00,2623146,2509_333,-33.87400817871094,151.20982360839844,6.0,37.1,365,6.08,False
2026-09-15T08:36:47+10:00,2532544,2509_325,-33.878787994384766,151.2355499267578,283.0,30.6,478,7.97,False
2026-09-15T08:36:47+10:00,2533723,2509_324,-33.8671875,151.2058563232422,173.0,0.0,-198,-3.3,False
2026-09-15T08:36:47+10:00,2678054,2509_370,-33.90645980834961,151.20303344726562,188.0,11.5,0,0.0,True
2026-09-15T08:36:47+10:00,2400399,2509_396,-33.9188117980957,151.22642517089844,172.0,0.0,-55,-0.92,True
2026-09-15T08:36:47+10:00,2358098,2509_373,-33.915428161621094,151.2404327392578,344.0,28.1,-45,-0.75,True
2026-09-15T08:36:47+10:00,2401311,2509_390X,-33.94227600097656,151.23924255371094,349.0,0.0,430,7.17,False
2026-09-15T08:36:47+10:00,2358028,2509_339X,-33.87339401245117,151.2099151611328,176.0,24.5,-277,-4.62,False
2026-09-15T08:36:47+10:00,2531248,2509_325,-33.86709213256836,151.27203369140625,174.0,36.4,-84,-1.4,False
2026-09-15T08:36:47+10:00,2645886,2509_392X,-33.88594436645508,151.21861267089844,157.0,0.0,91,1.52,True
2026-09-15T08:36:47+10:00,2352478,2509_356,-33.937835693359375,151.2443389892578,95.0,30.2,1838,30.63,False
2026-09-15T08:36:47+10:00,2494684,2509_343,-33.924686431884766,151.21559143066406,281.0,16.2,26,0.43,True
2026-09-15T08:36:47+10:00,2563850,2509_379,-33.882835388183594,151.28138732910156,170.0,0.0,106,1.77,True
2026-09-15T08:36:47+10:00,2623116,2509_333,-33.8874626159668,151.23081970214844,320.0,19.1,-122,-2.03,False
2026-09-15T08:36:47+10:00,2678025,2509_370,-33.89934158325195,151.20640563964844,185.0,0.0,0,0.0,True
2026-09-15T08:36:47+10:00,2531706,2509_380,-33.8935432434082,151.26144409179688,100.0,0.0,101,1.68,True
2026-09-15T08:36:47+10:00,2623187,2509_333,-33.86223220825195,151.21121215820312,6.0,0.0,0,0.0,True
2026-09-15T08:36:47+10:00,2548739,2509_350,-33.92445755004883,151.1879425048828,272.0,0.0,-110,-1.83,False
2026-09-15T08:36:47+10:00,2357395,2509_373X,-33.90961837768555,151.23951721191406,10.0,16.9,348,5.8,False
2026-09-15T08:36:47+10:00,2356870,2509_373X,-33.88778305053711,151.21990966796875,340.0,45.7,484,8.07,False
2026-09-15T08:36:47+10:00,2532693,2509_325,-33.87114715576172,151.20553588867188,355.0,0.0,605,10.08,False
2026-09-15T08:36:47+10:00,2548740,2509_350,-33.94590759277344,151.22608947753906,173.0,4.3,258,4.3,True
2026-09-15T08:36:47+10:00,2675108,2509_309,-33.93452453613281,151.1939239501953,166.0,0.0,-58,-0.97,True
2026-09-15T08:36:47+10:00,2400688,2509_396X,-33.944976806640625,151.2263641357422,191.0,0.0,324,5.4,False
2026-09-15T08:36:47+10:00,2352362,2509_356,-33.913108825683594,151.24208068847656,208.0,0.0,303,5.05,False
2026-09-15T08:36:47+10:00,2358202,2509_343,-33.92547607421875,151.2235870361328,96.0,24.1,-388,-6.47,False
2026-09-15T08:36:47+10:00,2439592,2509_390X,-33.91060256958008,151.23939514160156,188.0,3.6,223,3.72,True
2026-09-15T08:36:47+10:00,2534460,2509_360,-33.90907287597656,151.25921630859375,18.0,6.5,80,1.33,True
2026-09-15T08:36:47+10:00,2623049,2509_333,-33.89330291748047,151.2591552734375,281.0,29.2,-129,-2.15,False
2026-09-15T08:36:47+10:00,2494620,2509_374,-33.90589904785156,151.2301788330078,115.0,25.2,0,0.0,True
2026-09-15T08:36:47+10:00,2400676,2509_390X,-33.93832778930664,151.23806762695312,349.0,10.4,8,0.13,True
2026-09-15T08:36:47+10:00,2400678,2509_397X,-33.89942932128906,151.21556091308594,187.0,3.2,156,2.6,True
2026-09-15T08:36:47+10:00,2645900,2509_394X,-33.92610549926758,151.23101806640625,130.0,0.0,0,0.0,True
2026-09-15T08:36:47+10:00,2494724,2509_343,-33.89003372192383,151.20599365234375,14.0,0.0,105,1.75,True
2026-09-15T08:36:47+10:00,2494599,2509_374,-33.91048049926758,151.23931884765625,5.0,0.0,65,1.08,True
2026-09-15T08:36:47+10:00,2352297,2509_392,-33.89678192138672,151.2119140625,97.0,0.0,283,4.72,True
2026-09-15T08:36:47+10:00,2357469,2509_304,-33.88062286376953,151.2135467529297,283.0,0.0,-39,-0.65,True
2026-09-15T08:36:47+10:00,2679199,2509_370,-33.91664505004883,151.23948669433594,7.0,0.0,159,2.65,True
2026-09-15T08:36:47+10:00,2548665,2509_350,-33.94567108154297,151.22613525390625,189.0,0.0,874,14.57,False
2026-09-15T08:36:47+10:00,2346400,2509_390X,-33.893226623535156,151.198974609375,20.0,0.0,0,0.0,True
2026-09-15T08:36:47+10:00,2645914,2509_392X,-33.919681549072266,151.22642517089844,350.0,0.0,566,9.43,False
2026-09-15T08:36:47+10:00,2358132,2509_370,-33.892642974853516,151.18568420410156,71.0,0.0,547,9.12,False
2026-09-15T08:36:47+10:00,2589710,2509_355,-33.8979606628418,151.20384216308594,347.0,27.7,371,6.18,False
2026-09-15T08:36:47+10:00,2645937,2509_392X,-33.86751174926758,151.2172393798828,317.0,44.6,-123,-2.05,False
2026-09-15T08:36:47+10:00,2532967,2509_324,-33.87815475463867,151.24249267578125,217.0,20.9,-107,-1.78,False
2026-09-15T08:36:47+10:00,2138074,2509_603e,-33.88339614868164,151.28257751464844,174.0,42.8,332,5.53,False
2026-09-15T08:36:47+10:00,2532691,2509_352,-33.900753021240234,151.17840576171875,338.0,29.5,30,0.5,True
2026-09-15T08:36:47+10:00,2533284,2509_325,-33.872779846191406,151.2480010986328,71.0,12.6,209,3.48,True
2026-09-15T08:36:47+10:00,2138583,2509_375,-33.94590759277344,151.2572784423828,44.0,28.1,221,3.68,True
2026-09-15T08:36:47+10:00,2355998,2509_339,-33.908653259277344,151.2460479736328,76.0,32.4,4,0.07,True
2026-09-15T08:36:47+10:00,2552038,2509_379,-33.88880920410156,151.26663208007812,306.0,23.8,-4,-0.07,True
2026-09-15T08:36:47+10:00,2667447,2509_326,-33.891048431396484,151.24798583984375,279.0,0.0,0,0.0,True
2026-09-15T08:36:47+10:00,2358101,2509_373,-33.91619873046875,151.24082946777344,162.0,0.0,-136,-2.27,False
2026-09-15T08:36:47+10:00,2628668,2509_304,-33.86265182495117,151.21200561523438,7.0,0.0,0,0.0,True
2026-09-15T08:36:47+10:00,2139558,2509_306,-33.897274017333984,151.1993865966797,355.0,4.3,-105,-1.75,False
2026-09-15T08:36:47+10:00,2356078,2509_373X,-33.86448669433594,151.2140350341797,315.0,0.0,-325,-5.42,False
2026-09-15T08:36:47+10:00,2494702,2509_374,-33.88975143432617,151.20652770996094,280.0,0.0,11,0.18,True
2026-09-15T08:36:47+10:00,2358135,2509_370,-33.91957473754883,151.25718688964844,184.0,0.0,0,0.0,True
2026-09-15T08:36:47+10:00,2678032,2509_370,-33.91006851196289,151.20236206054688,171.0,13.0,-1,-0.02,True
2026-09-15T08:36:47+10:00,2355946,2509_339X,-33.91194534301758,151.2568817138672,280.0,43.6,40,0.67,True
2026-09-15T08:36:47+10:00,2563960,2509_379,-33.90632247924805,151.26429748535156,281.0,23.0,39,0.65,True
2026-09-15T08:36:47+10:00,2533153,2509_360,-33.89763641357422,151.26220703125,278.0,0.0,-135,-2.25,False
2026-09-15T08:36:47+10:00,2531570,2509_324,-33.877952575683594,151.23440551757812,321.0,25.9,40,0.67,True
2026-09-15T08:36:47+10:00,2139640,2509_306,-33.925392150878906,151.1950225830078,99.0,0.0,242,4.03,True
2026-09-15T08:36:47+10:00,2675029,2509_309,-33.883914947509766,151.20362854003906,208.0,0.0,0,0.0,True
2026-09-15T08:36:47+10:00,2357995,2509_370,-33.90192794799805,151.20143127441406,337.0,0.0,-14,-0.23,True
2026-09-15T08:36:47+10:00,2532265,2509_324,-33.865970611572266,151.20425415039062,355.0,26.3,-344,-5.73,False
2026-09-15T08:36:47+10:00,2622925,2509_333,-33.86300277709961,151.21112060546875,5.0,0.0,0,0.0,True
2026-09-15T08:36:47+10:00,2356907,2509_374X,-33.9034423828125,151.2254180908203,315.0,49.7,184,3.07,True
2026-09-15T08:36:47+10:00,2402979,2509_311,-33.857933044433594,151.2026824951172,198.0,31.0,-12,-0.2,True
2026-09-15T08:36:47+10:00,2533072,2509_350,-33.89923858642578,151.25250244140625,327.0,13.7,-261,-4.35,False
2026-09-15T08:36:47+10:00,2552014,2509_379,-33.887752532958984,151.2716522216797,219.0,29.9,-54,-0.9,True
2026-09-15T08:36:47+10:00,2533462,2509_726e,-33.88398742675781,151.2810821533203,9.0,26.6,-269,-4.48,False
2026-09-15T08:36:47+10:00,2534026,2509_387,-33.857208251953125,151.2823944091797,236.0,16.2,161,2.68,True
2026-09-15T08:36:47+10:00,2645876,2509_394X,-33.928428649902344,151.23382568359375,132.0,31.7,344,5.73,False
2026-09-15T08:36:47+10:00,2357645,2509_339,-33.905338287353516,151.24525451660156,308.0,15.1,-64,-1.07,False
2026-09-15T08:36:47+10:00,2384069,2509_612e,-33.88710021972656,151.22262573242188,281.0,7.2,-45,-0.75,True
2026-09-15T08:36:47+10:00,2622903,2509_333,-33.89083480834961,151.248046875,280.0,0.0,16,0.27,True
2026-09-15T08:36:47+10:00,2400499,2509_309,-33.897098541259766,151.1993865966797,343.0,0.0,-215,-3.58,False
2026-09-15T08:36:47+10:00,2346411,2509_390X,-33.90705108642578,151.25181579589844,85.0,7.6,454,7.57,False
2026-09-15T08:36:47+10:00,2532470,2509_326,-33.875335693359375,151.24642944335938,31.0,0.0,113,1.88,True
2026-09-15T08:36:47+10:00,2548534,2509_350,-33.945030212402344,151.23985290527344,350.0,15.1,70,1.17,True
2026-09-15T08:36:47+10:00,2400681,2509_396,-33.873600006103516,151.20985412597656,4.0,26.6,-108,-1.8,False
2026-09-15T08:36:47+10:00,2356163,2509_304,-33.91122817993164,151.2084503173828,121.0,39.2,1901,31.68,False
2026-09-15T08:36:47+10:00,2563837,2509_379,-33.90462112426758,151.2671356201172,114.0,0.0,0,0.0,True
2026-09-15T08:36:47+10:00,2357380,2509_339,-33.88400650024414,151.21766662597656,122.0,15.5,464,7.73,False
2026-09-15T08:36:47+10:00,2358083,2509_373,-33.91677474975586,151.24105834960938,162.0,0.0,524,8.73,False
2026-09-15T08:36:47+10:00,2410321,2509_392,-33.95077133178711,151.23147583007812,356.0,0.0,124,2.07,True
2026-09-15T08:36:47+10:00,2534363,2509_386,-33.874629974365234,151.2728729248047,207.0,26.3,350,5.83,False
2026-09-15T08:36:47+10:00,2645902,2509_394X,-33.890201568603516,151.22047424316406,345.0,42.8,156,2.6,True
2026-09-15T08:36:47+10:00,2667428,2509_750e,-33.897029876708984,151.2066192626953,186.0,39.2,285,4.75,True
2026-09-15T08:36:47+10:00,2531144,2509_350,-33.942527770996094,151.2626190185547,31.0,25.2,108,1.8,True
2026-09-15T08:36:47+10:00,2494498,2509_343,-33.92593002319336,151.2281494140625,68.0,0.0,5,0.08,True
2026-09-15T08:36:47+10:00,2532095,2509_350,-33.93951416015625,151.2578125,306.0,37.4,580,9.67,False
2026-09-15T08:36:47+10:00,2551980,2509_379,-33.89208984375,151.2499237060547,259.0,0.0,-200,-3.33,False
2026-09-15T08:36:47+10:00,2400565,2509_396,-33.94512176513672,151.25799560546875,43.0,0.0,149,2.48,True
2026-09-15T08:36:47+10:00,2622980,2509_379,-33.885093688964844,151.27023315429688,93.0,0.7,0,0.0,True
2026-09-15T08:36:47+10:00,2675092,2509_309,-33.955322265625,151.2053985595703,156.0,5.4,301,5.02,False
2026-09-15T08:36:47+10:00,2139981,2509_306,-33.925079345703125,151.19232177734375,280.0,11.2,178,2.97,True
2026-09-15T08:36:47+10:00,2645898,2509_392X,-33.916465759277344,151.22598266601562,168.0,20.2,176,2.93,True
2026-09-15T08:36:47+10:00,2400643,2509_396,-33.87083053588867,151.21022033691406,189.0,17.6,181,3.02,True
2026-09-15T08:36:47+10:00,2358093,2509_373,-33.88138961791992,151.21726989746094,168.0,0.0,-271,-4.52,False
2026-09-15T08:36:47+10:00,2410312,2509_392,-33.90239334106445,151.2079315185547,42.0,0.0,160,2.67,True
2026-09-15T08:36:47+10:00,2300954,2509_399,-33.94027328491211,151.23883056640625,349.0,0.0,272,4.53,True
2026-09-15T08:36:47+10:00,2400629,2509_309,-33.90243911743164,151.20162963867188,339.0,0.0,-385,-6.42,False
2026-09-15T08:36:47+10:00,2439536,2509_390X,-33.906410217285156,151.25311279296875,232.0,30.2,159,2.65,True
2026-09-15T08:36:47+10:00,2679145,2509_370,-33.90604782104492,151.18858337402344,38.0,4.7,-70,-1.17,False
2026-09-15T08:36:47+10:00,2622772,2509_333,-33.8916130065918,151.25381469726562,318.0,4.0,28,0.47,True
2026-09-15T08:36:47+10:00,2357634,2509_304,-33.906429290771484,151.2111053466797,50.0,27.7,41,0.68,True
2026-09-15T08:36:47+10:00,1758732,2509_604e,-33.87367248535156,151.2805938720703,189.0,47.2,-140,-2.33,False
2026-09-15T08:36:47+10:00,2403201,2509_311,-33.88025665283203,151.20892333984375,193.0,5.8,-413,-6.88,False
2026-09-15T08:36:47+10:00,2358007,2509_343,-33.9070930480957,151.20748901367188,158.0,7.2,72,1.2,True
2026-09-15T08:36:47+10:00,2494548,2509_310,-33.92256546020508,151.19606018066406,9.0,18.0,228,3.8,True
2026-09-15T08:36:47+10:00,2678093,2509_634e,-33.92257308959961,151.23995971679688,10.0,0.0,478,7.97,False
2026-09-15T08:36:47+10:00,2628617,2509_304,-33.899192810058594,151.2118377685547,291.0,16.9,-50,-0.83,True
2026-09-15T08:36:47+10:00,2300949,2509_399,-33.9273567199707,151.2318572998047,317.0,36.0,521,8.68,False
2026-09-15T08:36:47+10:00,2532520,2509_324,-33.865211486816406,151.27313232421875,46.0,28.4,292,4.87,True
2026-09-15T08:36:47+10:00,2531244,2509_324,-33.870723724365234,151.26806640625,57.0,1.1,87,1.45,True
2026-09-15T08:36:47+10:00,2628635,2509_304,-33.8687858581543,151.21047973632812,185.0,0.0,274,4.57,True
2026-09-15T08:36:47+10:00,2356979,2509_304,-33.903541564941406,151.2142791748047,194.0,0.0,0,0.0,True
2026-09-15T08:36:47+10:00,2400311,2509_396X,-33.94255065917969,151.244873046875,290.0,12.2,50,0.83,True
2026-09-15T08:36:47+10:00,2356858,2509_339,-33.8950309753418,151.2218780517578,354.0,35.6,-157,-2.62,False
2026-09-15T08:36:47+10:00,2622786,2509_333,-33.88985061645508,151.28070068359375,84.0,0.0,23,0.38,True
2026-09-15T08:36:47+10:00,2679170,2509_370,-33.916419982910156,151.24102783203125,162.0,0.0,536,8.93,False
2026-09-15T08:36:47+10:00,2488445,2509_392,-33.884056091308594,151.20355224609375,209.0,0.0,257,4.28,True
2026-09-15T08:36:47+10:00,2645935,2509_394X,-33.87009811401367,151.2086944580078,185.0,23.0,-27,-0.45,True
2026-09-15T08:36:47+10:00,2548619,2509_328,-33.88797378540039,151.24014282226562,258.0,0.0,216,3.6,True
2026-09-15T08:36:47+10:00,2622877,2509_333,-33.88957977294922,151.2833709716797,214.0,0.0,0,0.0,True
2026-09-15T08:36:47+10:00,2346358,2509_390X,-33.90810775756836,151.24822998046875,67.0,34.9,13,0.22,True
2026-09-15T08:36:47+10:00,2534430,2509_325,-33.87372589111328,151.212646484375,98.0,23.4,102,1.7,True
2026-09-15T08:36:47+10:00,2531672,2509_352,-33.89151382446289,151.18826293945312,222.0,0.0,467,7.78,False
2026-09-15T08:36:47+10:00,2400297,2509_396,-33.94575119018555,151.25765991210938,221.0,40.7,-6,-0.1,True
2026-09-15T08:36:47+10:00,2494502,2509_374,-33.889678955078125,151.20631408691406,279.0,0.0,475,7.92,False
2026-09-15T08:36:47+10:00,2139060,2509_375,-33.9061393737793,151.2030487060547,173.0,31.3,0,0.0,True
2026-09-15T08:36:47+10:00,2355912,2509_374X,-33.90415954589844,151.22645568847656,322.0,22.7,-278,-4.63,False
2026-09-15T08:36:47+10:00,2358145,2509_370,-33.916831970214844,151.2381134033203,280.0,33.1,124,2.07,True
2026-09-15T08:36:47+10:00,2140626,2509_306,-33.92235565185547,151.20718383789062,152.0,8.6,180,3.0,True
2026-09-15T08:36:47+10:00,2303998,2509_736e,-33.94585418701172,151.23558044433594,82.0,34.6,94,1.57,True
2026-09-15T08:36:47+10:00,2358253,2509_743e,-33.92498016357422,151.22743225097656,90.0,0.0,987,16.45,False
2026-09-15T08:36:47+10:00,2357355,2509_373X,-33.875675201416016,151.21754455566406,6.0,81.4,-312,-5.2,False
2026-09-15T08:36:47+10:00,2400402,2509_396,-33.919979095458984,151.2263946533203,352.0,11.5,221,3.68,True
2026-09-15T08:36:47+10:00,2622868,2509_333,-33.884971618652344,151.22579956054688,277.0,30.6,83,1.38,True
2026-09-15T08:36:47+10:00,2533829,2509_350,-33.891719818115234,151.24978637695312,351.0,8.6,-87,-1.45,False
2026-09-15T08:36:47+10:00,2356505,2509_374X,-33.919715881347656,151.25704956054688,9.0,0.0,0,0.0,True
2026-09-15T08:36:47+10:00,2470758,2509_739e,-33.94042205810547,151.2282257080078,21.0,0.0,171,2.85,True
2026-09-15T08:36:47+10:00,2138522,2509_306,-33.92304611206055,151.2076873779297,280.0,5.4,616,10.27,False
2026-09-15T08:36:47+10:00,2534201,2509_355,-33.89107131958008,151.2482147216797,260.0,0.0,0,0.0,True
2026-09-15T08:36:47+10:00,2679184,2509_370,-33.87211227416992,151.1800079345703,195.0,0.0,0,0.0,True
2026-09-15T08:36:47+10:00,2563944,2509_386,-33.88542938232422,151.26702880859375,107.0,4.0,218,3.63,True
2026-09-15T08:36:47+10:00,2494568,2509_343,-33.89595413208008,151.2067413330078,12.0,29.2,55,0.92,True
2026-09-15T08:36:47+10:00,2400515,2509_396,-33.881526947021484,151.2172393798828,170.0,0.0,286,4.77,True
2026-09-15T08:36:47+10:00,2679152,2509_370,-33.90970993041992,151.21868896484375,53.0,20.5,-238,-3.97,False
2026-09-15T08:36:47+10:00,2400374,2509_396,-33.873477935791016,151.21104431152344,101.0,2.9,52,0.87,True
2026-09-15T08:36:47+10:00,2628601,2509_304,-33.871402740478516,151.21014404296875,5.0,0.7,-315,-5.25,False
2026-09-15T08:36:47+10:00,2645911,2509_392X,-33.86528778076172,151.21185302734375,312.0,0.4,246,4.1,True
2026-09-15T08:36:47+10:00,2531982,2509_324,-33.88229751586914,151.23843383789062,349.0,0.0,0,0.0,True
2026-09-15T08:36:47+10:00,2705332,2504_620X,-33.871429443359375,151.2049102783203,356.0,0.0,-246,-4.1,False
2026-09-15T08:36:47+10:00,2706714,2504_607X,-33.822200775146484,151.20533752441406,318.0,78.1,122,2.03,True
2026-09-15T08:36:47+10:00,2709098,2504_612X,-33.80109405517578,151.1451873779297,315.0,77.4,1,0.02,True
2026-09-15T08:36:47+10:00,2704346,2504_615X,-33.86597442626953,151.20574951171875,164.0,9.7,-637,-10.62,False
2026-09-15T08:36:47+10:00,2706547,2504_642X,-33.871646881103516,151.20492553710938,353.0,10.4,367,6.12,False
2026-09-15T08:36:47+10:00,2704739,2504_642X,-33.80075454711914,151.14395141601562,129.0,33.1,-255,-4.25,False
2026-09-15T08:36:47+10:00,2710172,2504_622,-33.836334228515625,151.2056427001953,162.0,0.0,-17,-0.28,True
2026-09-15T08:36:47+10:00,2706527,2504_652X,-33.812931060791016,151.1734161376953,102.0,38.9,-506,-8.43,False
2026-09-15T08:36:47+10:00,2708351,2504_610X,-33.819942474365234,151.20379638671875,143.0,41.8,-278,-4.63,False
2026-09-15T08:36:47+10:00,2707215,2504_616X,-33.81063461303711,151.1620330810547,106.0,69.1,163,2.72,True
2026-09-15T08:36:47+10:00,2705286,2504_610X,-33.815574645996094,151.20062255859375,154.0,53.6,-534,-8.9,False
2026-09-15T08:36:47+10:00,2705763,2504_612X,-33.8217658996582,151.18630981445312,139.0,0.0,178,2.97,True
2026-09-15T08:36:47+10:00,2707191,2504_614X,-33.81229782104492,151.17916870117188,97.0,73.1,46,0.77,True
2026-09-15T08:36:47+10:00,2710322,2504_616X,-33.85848617553711,151.20687866210938,208.0,55.8,683,11.38,False
2026-09-15T08:36:47+10:00,2706676,2504_642X,-33.83554458618164,151.2115936279297,190.0,63.4,-336,-5.6,False
2026-09-15T08:36:47+10:00,2707770,2504_610X,-33.843177795410156,151.2111053466797,343.0,55.1,-31,-0.52,True
2026-09-15T08:36:47+10:00,2705682,2504_616X,-33.81313705444336,151.17262268066406,97.0,48.6,692,11.53,False
2026-09-15T08:36:47+10:00,2708283,2504_616X,-33.82097244262695,151.20460510253906,144.0,40.3,732,12.2,False
2026-09-15T08:36:47+10:00,2707102,2504_615X,-33.80983352661133,151.15878295898438,114.0,67.0,-118,-1.97,False
2026-09-15T08:36:47+10:00,2707937,2504_613X,-33.81215286254883,151.19546508789062,88.0,57.6,-366,-6.1,False
2026-09-15T08:36:47+10:00,2707010,2504_610X,-33.80408477783203,151.14852905273438,125.0,60.8,442,7.37,False
2026-09-15T08:36:47+10:00,2706451,2504_607X,-33.86955261230469,151.20611572265625,177.0,0.0,1,0.02,True
2026-09-15T08:36:47+10:00,2707780,2504_612X,-33.81198501586914,151.17564392089844,189.0,0.0,-58,-0.97,True
2026-09-15T08:36:47+10:00,2708092,2504_614X,-33.866153717041016,151.20574951171875,173.0,0.0,-96,-1.6,False
2026-09-15T08:36:47+10:00,2708384,2504_610X,-33.87056350708008,151.20623779296875,175.0,0.0,0,0.0,True
2026-09-15T08:36:47+10:00,2707307,2504_622,-33.81240463256836,151.17153930664062,81.0,0.0,60,1.0,True
2026-09-15T08:36:47+10:00,2707396,2504_620X,-33.80947494506836,151.15821838378906,116.0,59.4,225,3.75,True
2026-09-15T08:36:47+10:00,2707996,2504_607X,-33.87055206298828,151.2062225341797,175.0,0.0,0,0.0,True
2026-09-15T08:36:47+10:00,2710612,2504_652X,-33.87416076660156,151.2046661376953,98.0,14.8,-129,-2.15,False
2026-09-15T08:36:47+10:00,2709139,2504_642X,-33.83795166015625,151.2113037109375,198.0,72.4,244,4.07,True
2026-09-15T08:36:47+10:00,2705232,2504_607X,-33.81218719482422,151.1949005126953,81.0,56.9,-363,-6.05,False
2026-09-15T08:36:47+10:00,2710227,2504_607X,-33.86308670043945,151.20523071289062,175.0,0.0,-498,-8.3,False
2026-09-15T08:36:47+10:00,2559044,7083_SW1,-33.91889572143555,151.145751953125,290.0,13.3,3153,52.55,False
2026-09-15T08:36:47+10:00,2682737,7083_SW1,-33.91084289550781,151.156982421875,300.0,16.2,205,3.42,True
2026-09-15T08:36:47+10:00,2320176,7083_SW3,-33.91339111328125,151.11619567871094,0.0,0.0,2916,48.6,False
2026-09-15T08:36:47+10:00,2558958,7083_SW1,-33.91246032714844,151.154296875,43.0,0.0,888,14.8,False
2026-09-15T08:36:47+10:00,2558905,7083_SW1,-33.90980911254883,151.13597106933594,86.0,27.4,328,5.47,False
2026-09-15T08:36:47+10:00,2683195,7083_SW1,-33.90959167480469,151.13169860839844,313.0,22.7,-15,-0.25,True
2026-09-15T08:36:47+10:00,2683223,7083_SW1,-33.91411209106445,151.1663818359375,0.0,0.0,3233,53.88,False
2026-09-15T08:36:47+10:00,2558919,7083_SW1,-33.91539764404297,151.14260864257812,189.0,28.8,342,5.7,False
2026-09-15T08:36:47+10:00,2309940,7083_SW3,-33.91460037231445,151.16525268554688,0.0,0.4,167,2.78,True
2026-09-15T08:36:47+10:00,2683193,7083_SW1,-33.91236114501953,151.11883544921875,232.0,23.0,530,8.83,False
2026-09-15T08:36:47+10:00,2558921,7083_SW1,-33.91442108154297,151.16551208496094,0.0,0.4,8,0.13,True
2026-09-15T08:36:47+10:00,2329292,7083_SW3,-33.90500259399414,151.13136291503906,95.0,44.6,-109,-1.82,False
2026-09-15T08:36:47+10:00,2559059,7083_SW1,-33.91249084472656,151.11834716796875,49.0,24.5,579,9.65,False
2026-09-15T08:36:47+10:00,2559023,7083_SW1,-33.90711975097656,151.1285400390625,126.0,17.6,1109,18.48,False
2026-09-15T08:36:47+10:00,2559023_2,7083_SW1,-33.91878128051758,151.14572143554688,158.0,0.0,616,10.27,False
2026-09-15T08:36:47+10:00,2319432,7083_SW3,-33.90410614013672,151.14044189453125,245.0,33.1,315,5.25,False
2026-09-15T08:36:47+10:00,2643020,2507_52,-33.870391845703125,151.18997192382812,299.0,58.0,154,2.57,True
2026-09-15T08:36:47+10:00,2644128,2507_52,-33.87416076660156,151.2152557373047,101.0,0.0,0,0.0,True
2026-09-15T08:36:47+10:00,2442059,2507_207,-33.82505416870117,151.20977783203125,7.0,34.6,327,5.45,False
2026-09-15T08:36:47+10:00,2702557,2507_501,-33.874114990234375,151.1964569091797,155.0,27.7,140,2.33,True
2026-09-15T08:36:47+10:00,2626605,2507_536,-33.83293533325195,151.1270294189453,171.0,38.5,547,9.12,False
2026-09-15T08:36:47+10:00,2644921,2507_653w,-33.82937240600586,151.20884704589844,8.0,4.3,37,0.62,True
2026-09-15T08:36:47+10:00,2621561,2507_288,-33.80649185180664,151.16615295410156,21.0,0.0,0,0.0,True
2026-09-15T08:36:47+10:00,2621505,2507_285,-33.828033447265625,151.21463012695312,165.0,65.9,-284,-4.73,False
2026-09-15T08:36:47+10:00,2644763,2507_52,-33.86591720581055,151.17303466796875,122.0,3.6,158,2.63,True
2026-09-15T08:36:47+10:00,1757835,2507_570w,-33.83544921875,151.1451416015625,5.0,11.9,-8,-0.13,True
2026-09-15T08:36:47+10:00,2731299,2507_507,-33.831207275390625,151.12652587890625,258.0,3.2,42,0.7,True
2026-09-15T08:36:47+10:00,2644403,2507_120,-33.792320251464844,151.19581604003906,250.0,0.0,0,0.0,True
2026-09-15T08:36:47+10:00,2226285,2507_251,-33.8149528503418,151.15704345703125,65.0,37.4,32,0.53,True
2026-09-15T08:36:47+10:00,1562281,2507_695w,-33.822509765625,151.171875,328.0,0.0,-86,-1.43,False
2026-09-15T08:36:47+10:00,2672376,2507_115,-33.79543685913086,151.18275451660156,343.0,15.1,186,3.1,True
2026-09-15T08:36:47+10:00,2441613,2507_293,-33.82152557373047,151.20501708984375,145.0,45.4,-682,-11.37,False
2026-09-15T08:36:47+10:00,2225598,2507_285,-33.80654525756836,151.1531524658203,222.0,28.8,-45,-0.75,True
2026-09-15T08:36:47+10:00,2407839,2507_252,-33.83030700683594,151.12672424316406,356.0,0.0,0,0.0,True
2026-09-15T08:36:47+10:00,2225655,2507_669w,-33.802406311035156,151.21243286132812,90.0,0.0,0,0.0,True
2026-09-15T08:36:47+10:00,2231040,2507_261,-33.83940505981445,151.20748901367188,142.0,0.0,0,0.0,True
2026-09-15T08:36:47+10:00,2634587,2507_261,-33.82404708862305,151.172119140625,350.0,0.0,336,5.6,False
2026-09-15T08:36:47+10:00,2644682,2507_120,-33.873287200927734,151.20599365234375,270.0,0.4,0,0.0,True
2026-09-15T08:36:47+10:00,2702201,2507_501,-33.848201751708984,151.15245056152344,333.0,0.0,0,0.0,True
2026-09-15T08:36:47+10:00,2441687,2507_207,-33.86428451538086,151.20538330078125,255.0,27.4,-160,-2.67,False
2026-09-15T08:36:47+10:00,2621498,2507_536,-33.81513977050781,151.15676879882812,248.0,38.5,-12,-0.2,True
2026-09-15T08:36:47+10:00,2672389,2507_115,-33.81808853149414,151.2011260986328,193.0,4.7,212,3.53,True
2026-09-15T08:36:47+10:00,2621535,2507_252,-33.83932876586914,151.20664978027344,10.0,0.0,657,10.95,False
2026-09-15T08:36:47+10:00,2230698,2507_205,-33.862342834472656,151.21395874023438,176.0,41.8,-171,-2.85,False
2026-09-15T08:36:47+10:00,2441425,2507_209,-33.843467712402344,151.20977783203125,111.0,25.2,104,1.73,True
2026-09-15T08:36:47+10:00,2230629,2507_251,-33.812721252441406,151.1927947998047,67.0,51.5,-6,-0.1,True
2026-09-15T08:36:47+10:00,1758071,2507_631w,-33.83468246459961,151.14755249023438,279.0,32.0,465,7.75,False
2026-09-15T08:36:47+10:00,2643183,2507_120,-33.79256057739258,151.19512939453125,248.0,4.7,-297,-4.95,False
2026-09-15T08:36:47+10:00,2682118,2507_267,-33.826168060302734,151.2008056640625,182.0,29.9,148,2.47,True
2026-09-15T08:36:47+10:00,2441569,2507_293,-33.85594940185547,151.20846557617188,207.0,59.4,-423,-7.05,False
2026-09-15T08:36:47+10:00,2643726,2507_291,-33.849586486816406,151.2132110595703,248.0,0.0,11,0.18,True
2026-09-15T08:36:47+10:00,2228076,2507_292,-33.81874465942383,151.20265197753906,146.0,52.6,-56,-0.93,True
2026-09-15T08:36:47+10:00,2643990,2507_52,-33.87311553955078,151.2076873779297,99.0,0.0,-129,-2.15,False
2026-09-15T08:36:47+10:00,2643946,2507_120,-33.796173095703125,151.1835479736328,257.0,1.4,-156,-2.6,False
2026-09-15T08:36:47+10:00,2442018,2507_209,-33.84748077392578,151.21258544921875,83.0,0.0,359,5.98,False
2026-09-15T08:36:47+10:00,2644664,2507_52,-33.813655853271484,151.18948364257812,260.0,71.6,0,0.0,True
2026-09-15T08:36:47+10:00,2406848,2507_292,-33.801429748535156,151.1455841064453,209.0,0.4,423,7.05,False
2026-09-15T08:36:47+10:00,2682013,2507_533,-33.796844482421875,151.17791748046875,349.0,0.0,653,10.88,False
2026-09-15T08:36:47+10:00,2442033,2507_297,-33.81218719482422,151.1959228515625,95.0,55.1,-36,-0.6,True
2026-09-15T08:36:47+10:00,2227656,2507_292,-33.86510467529297,151.20321655273438,174.0,0.0,0,0.0,True
2026-09-15T08:36:47+10:00,2581562,2507_753w,-33.8039665222168,151.20201110839844,278.0,36.4,118,1.97,True
2026-09-15T08:36:47+10:00,1757896,2507_570w,-33.83504867553711,151.14529418945312,15.0,0.0,116,1.93,True
2026-09-15T08:36:47+10:00,2538147,2507_506,-33.854251861572266,151.15760803222656,141.0,21.6,1060,17.67,False
2026-09-15T08:36:47+10:00,2621420,2507_288,-33.86574935913086,151.20330810546875,171.0,0.0,-272,-4.53,False
2026-09-15T08:36:47+10:00,2702235,2507_501,-33.8392448425293,151.14471435546875,309.0,60.5,226,3.77,True
2026-09-15T08:36:47+10:00,2681973,2507_267,-33.797080993652344,151.18618774414062,250.0,0.0,93,1.55,True
2026-09-15T08:36:47+10:00,2643703,2507_120,-33.796180725097656,151.18112182617188,4.0,0.0,0,0.0,True
2026-09-15T08:36:47+10:00,2581636,2507_750w,-33.79897689819336,151.2245635986328,262.0,49.7,48,0.8,True
2026-09-15T08:36:47+10:00,2537956,2507_533,-33.82612228393555,151.14947509765625,46.0,24.5,12,0.2,True
2026-09-15T08:36:47+10:00,2231090,2507_292,-33.838462829589844,151.21044921875,8.0,60.8,125,2.08,True
2026-09-15T08:36:47+10:00,1757856,2507_665w,-33.84171676635742,151.20254516601562,292.0,27.7,-11,-0.18,True
2026-09-15T08:36:47+10:00,2407479,2507_538,-33.83849334716797,151.1759490966797,298.0,13.7,1181,19.68,False
2026-09-15T08:36:47+10:00,2644054,2507_120,-33.824066162109375,151.2102813720703,105.0,35.3,85,1.42,True
2026-09-15T08:36:47+10:00,2702241,2507_501,-33.8701057434082,151.1929473876953,65.0,31.3,-244,-4.07,False
2026-09-15T08:36:47+10:00,1562256,2507_659w,-33.8405647277832,151.2082977294922,145.0,8.3,102,1.7,True
2026-09-15T08:36:47+10:00,1866612,2507_636w,-33.799522399902344,151.2189178466797,69.0,25.2,27,0.45,True
2026-09-15T08:36:47+10:00,2227754,2507_205,-33.83113098144531,151.21295166015625,22.0,61.2,4,0.07,True
2026-09-15T08:36:47+10:00,2229674,2507_204,-33.81150436401367,151.21434020996094,281.0,28.4,38,0.63,True
2026-09-15T08:36:47+10:00,2231293,2507_253,-33.814510345458984,151.16990661621094,354.0,0.0,1120,18.67,False
2026-09-15T08:36:47+10:00,2230183,2507_113,-33.79695510864258,151.17799377441406,346.0,5.4,0,0.0,True
2026-09-15T08:36:47+10:00,2621403,2507_252,-33.87666702270508,151.20335388183594,8.0,28.4,0,0.0,True
2026-09-15T08:36:47+10:00,2672349,2507_115,-33.81005859375,151.19964599609375,4.0,16.6,10,0.17,True
2026-09-15T08:36:47+10:00,2731236,2507_291,-33.8256721496582,151.19886779785156,141.0,0.0,-89,-1.48,False
2026-09-15T08:36:47+10:00,2621494,2507_252,-33.860801696777344,151.20570373535156,22.0,51.1,0,0.0,True
2026-09-15T08:36:47+10:00,2672274,2507_115,-33.839534759521484,151.20654296875,8.0,0.0,169,2.82,True
2026-09-15T08:36:47+10:00,2258450,2507_516,-33.795623779296875,151.1671905517578,165.0,41.4,-141,-2.35,False
2026-09-15T08:36:47+10:00,2407921,2507_252,-33.83110427856445,151.14129638671875,143.0,20.2,263,4.38,True
2026-09-15T08:36:47+10:00,2621555,2507_286,-33.82585144042969,151.19891357421875,142.0,0.0,157,2.62,True
2026-09-15T08:36:47+10:00,2228679,2507_288,-33.865604400634766,151.2049102783203,355.0,0.0,29,0.48,True
2026-09-15T08:36:47+10:00,2322307,2507_506,-33.871620178222656,151.19309997558594,325.0,54.0,57,0.95,True
2026-09-15T08:36:47+10:00,2634543,2507_254,-33.833438873291016,151.2047576904297,158.0,40.3,-210,-3.5,False
2026-09-15T08:36:47+10:00,2407183,2507_265,-33.81787872314453,151.1713409423828,64.0,28.8,261,4.35,True
2026-09-15T08:36:47+10:00,2644405,2507_120,-33.87278366088867,151.20623779296875,274.0,11.9,0,0.0,True
2026-09-15T08:36:47+10:00,2672411,2507_267,-33.79513931274414,151.18247985839844,339.0,7.9,-212,-3.53,False
2026-09-15T08:36:47+10:00,2672304,2507_115,-33.79655838012695,151.1810760498047,126.0,0.0,42,0.7,True
2026-09-15T08:36:47+10:00,2643740,2507_52,-33.861839294433594,151.16676330566406,115.0,0.7,-90,-1.5,False
2026-09-15T08:36:47+10:00,2621409,2507_285,-33.8107795715332,151.14784240722656,100.0,4.0,130,2.17,True
2026-09-15T08:36:47+10:00,2441440,2507_209,-33.82706832885742,151.20933532714844,193.0,32.8,135,2.25,True
2026-09-15T08:36:47+10:00,1562237,2507_696w,-33.812599182128906,151.17066955566406,104.0,0.0,330,5.5,False
2026-09-15T08:36:47+10:00,2227999,2507_292,-33.806297302246094,151.16641235351562,127.0,18.0,-18,-0.3,True
2026-09-15T08:36:47+10:00,2225726,2507_253,-33.81834030151367,151.1700897216797,360.0,33.1,-12,-0.2,True
2026-09-15T08:36:47+10:00,1562255,2507_761w,-33.80446243286133,151.18727111816406,282.0,32.8,232,3.87,True
2026-09-15T08:36:47+10:00,2555438,2507_291,-33.812339782714844,151.1734161376953,278.0,37.8,532,8.87,False
2026-09-15T08:36:47+10:00,2407219,2507_251,-33.812259674072266,151.17274475097656,88.0,37.8,-651,-10.85,False
2026-09-15T08:36:47+10:00,2644030,2507_52,-33.85264587402344,151.15594482421875,322.0,8.6,-43,-0.72,True
2026-09-15T08:36:47+10:00,2226901,2507_292,-33.81209945678711,151.18006896972656,105.0,63.4,14,0.23,True
2026-09-15T08:36:47+10:00,2407040,2507_252,-33.83342742919922,151.2046356201172,158.0,0.0,-214,-3.57,False
2026-09-15T08:36:47+10:00,2621612,2507_287,-33.8474006652832,151.21160888671875,161.0,11.2,207,3.45,True
2026-09-15T08:36:47+10:00,2407001,2507_683w,-33.79883575439453,151.17604064941406,271.0,19.1,230,3.83,True
2026-09-15T08:36:47+10:00,2681910,2507_267,-33.866268157958984,151.20574951171875,174.0,0.0,0,0.0,True
2026-09-15T08:36:47+10:00,2621656,2507_285,-33.80957794189453,151.1573028564453,101.0,34.9,50,0.83,True
2026-09-15T08:36:47+10:00,2230520,2507_292,-33.811946868896484,151.17897033691406,90.0,65.9,-279,-4.65,False
2026-09-15T08:36:47+10:00,2225962,2507_253,-33.825050354003906,151.1639862060547,190.0,32.8,28,0.47,True
2026-09-15T08:36:47+10:00,1562260,2507_693w,-33.821044921875,151.1707305908203,326.0,22.3,-127,-2.12,False
2026-09-15T08:36:47+10:00,2621587,2507_288,-33.84839630126953,151.21286010742188,183.0,55.4,-9,-0.15,True
2026-09-15T08:36:47+10:00,2672326,2507_115,-33.79511260986328,151.18707275390625,249.0,5.4,-202,-3.37,False
2026-09-15T08:36:47+10:00,2225849,2507_292,-33.865169525146484,151.20457458496094,263.0,0.4,-321,-5.35,False
2026-09-15T08:36:47+10:00,2682049,2507_533,-33.8013916015625,151.14564514160156,38.0,29.2,742,12.37,False
2026-09-15T08:36:47+10:00,2621485,2507_288,-33.810482025146484,151.1626739501953,102.0,31.0,222,3.7,True
2026-09-15T08:36:47+10:00,2643581,2507_52,-33.87321090698242,151.20901489257812,97.0,3.2,-311,-5.18,False
2026-09-15T08:36:47+10:00,2407635,2507_638w,-33.81180953979492,151.21627807617188,283.0,10.8,-206,-3.43,False
2026-09-15T08:36:47+10:00,2228643,2507_204,-33.862728118896484,151.21376037597656,199.0,41.8,-234,-3.9,False
2026-09-15T08:36:47+10:00,2555519,2507_265,-33.831172943115234,151.20130920410156,58.0,0.0,147,2.45,True
2026-09-15T08:36:47+10:00,2231179,2507_292,-33.863651275634766,151.20541381835938,163.0,0.0,-751,-12.52,False
2026-09-15T08:36:47+10:00,2581557,2507_538,-33.83836364746094,151.17274475097656,67.0,0.0,0,0.0,True
2026-09-15T08:36:47+10:00,2441470,2507_207,-33.839744567871094,151.2069854736328,13.0,4.7,323,5.38,False
2026-09-15T08:36:47+10:00,2228760,2507_292,-33.80643081665039,151.1664276123047,198.0,20.2,-117,-1.95,False
2026-09-15T08:36:47+10:00,2643471,2507_501,-33.8677978515625,151.17991638183594,78.0,19.8,-177,-2.95,False
2026-09-15T08:36:47+10:00,2642964,2507_120,-33.86518859863281,151.20562744140625,176.0,0.4,-4,-0.07,True
2026-09-15T08:36:47+10:00,1562505,2507_757w,-33.80364227294922,151.19961547851562,8.0,0.0,-106,-1.77,False
2026-09-15T08:36:47+10:00,2634488,2507_254,-33.83316421508789,151.20455932617188,343.0,27.4,257,4.28,True
2026-09-15T08:36:47+10:00,2643000,2507_120,-33.809146881103516,151.19952392578125,177.0,40.0,162,2.7,True
2026-09-15T08:36:47+10:00,2442031,2507_209,-33.8428840637207,151.20655822753906,102.0,31.3,252,4.2,True
2026-09-15T08:36:47+10:00,1562037,2507_782w,-33.820831298828125,151.11953735351562,128.0,0.0,216,3.6,True
2026-09-15T08:36:47+10:00,2682035,2507_536,-33.830875396728516,151.1412353515625,141.0,0.0,372,6.2,False
2026-09-15T08:36:47+10:00,2731214,2507_507,-33.87287902832031,151.20452880859375,66.0,0.0,-319,-5.32,False
2026-09-15T08:36:47+10:00,2225477,2507_253,-33.81385040283203,151.16998291015625,21.0,0.0,517,8.62,False
2026-09-15T08:36:47+10:00,2644640,2507_120,-33.80565643310547,151.19920349121094,190.0,20.5,41,0.68,True
2026-09-15T08:36:47+10:00,2225441,2507_251,-33.814884185791016,151.15476989746094,283.0,49.7,0,0.0,True
2026-09-15T08:36:47+10:00,2581635,2507_538,-33.83499526977539,151.15570068359375,281.0,33.5,286,4.77,True
2026-09-15T08:36:47+10:00,2441706,2507_663w,-33.83849334716797,151.2069549560547,190.0,0.0,189,3.15,True
2026-09-15T08:36:47+10:00,2230104,2507_206,-33.85780334472656,151.20730590820312,208.0,58.0,-255,-4.25,False
2026-09-15T08:36:47+10:00,2643633,2507_52,-33.84739303588867,151.1521453857422,155.0,26.3,217,3.62,True
2026-09-15T08:36:47+10:00,2731334,2507_507,-33.83751678466797,151.1324005126953,114.0,51.8,282,4.7,True
2026-09-15T08:36:47+10:00,2702503,2507_501,-33.88060760498047,151.2067413330078,199.0,0.0,0,0.0,True
2026-09-15T08:36:47+10:00,2672295,2507_115,-33.800086975097656,151.19895935058594,170.0,1.1,216,3.6,True
2026-09-15T08:36:47+10:00,2581647,2507_505,-33.841495513916016,151.1472930908203,140.0,45.4,86,1.43,True
2026-09-15T08:36:47+10:00,2406966,2507_265,-33.83540725708008,151.20315551757812,81.0,11.9,871,14.52,False
2026-09-15T08:36:47+10:00,2643805,2507_120,-33.792503356933594,151.19529724121094,69.0,0.0,272,4.53,True
2026-09-15T08:36:47+10:00,2555554,2507_265,-33.83546447753906,151.18511962890625,158.0,37.1,449,7.48,False
2026-09-15T08:36:47+10:00,2441962,2507_207,-33.837650299072266,151.20687866210938,6.0,21.2,481,8.02,False
2026-09-15T08:36:47+10:00,2626593,2507_561w,-33.813350677490234,151.1702117919922,31.0,0.0,691,11.52,False
2026-09-15T08:36:47+10:00,2702561,2507_501,-33.83976364135742,151.1383514404297,76.0,23.4,256,4.27,True
2026-09-15T08:36:47+10:00,2621487,2507_288,-33.82544708251953,151.2135009765625,126.0,0.0,83,1.38,True
2026-09-15T08:36:47+10:00,1851453,2507_786w,-33.8555793762207,151.13047790527344,144.0,4.3,-7,-0.12,True
2026-09-15T08:36:47+10:00,2626599,2507_563w,-33.82331848144531,151.12442016601562,223.0,30.6,184,3.07,True
2026-09-15T08:36:47+10:00,2644548,2507_120,-33.81795883178711,151.20175170898438,331.0,44.6,-109,-1.82,False
2026-09-15T08:36:47+10:00,2642873,2507_206,-33.78708267211914,151.20169067382812,160.0,41.0,42,0.7,True
2026-09-15T08:36:47+10:00,2642996,2507_120,-33.806270599365234,151.19921875,172.0,30.6,422,7.03,False
2026-09-15T08:36:47+10:00,2672350,2507_267,-33.82841491699219,151.18853759765625,23.0,32.0,438,7.3,False
2026-09-15T08:36:47+10:00,2621398,2507_287,-33.8189582824707,151.1835479736328,140.0,42.5,-106,-1.77,False
2026-09-15T08:36:47+10:00,2442196,2507_203,-33.809749603271484,151.2080078125,190.0,19.8,-67,-1.12,False
2026-09-15T08:36:47+10:00,2538163,2507_533,-33.869144439697266,151.21810913085938,350.0,2.2,0,0.0,True
2026-09-15T08:36:47+10:00,2537681,2507_506,-33.85091781616211,151.1544952392578,142.0,0.0,723,12.05,False
2026-09-15T08:36:47+10:00,2702219,2507_501,-33.85383605957031,151.1572265625,142.0,20.2,285,4.75,True
2026-09-15T08:36:47+10:00,2682078,2507_202,-33.81058883666992,151.22512817382812,100.0,42.5,338,5.63,False
2026-09-15T08:36:47+10:00,2672372,2507_115,-33.83686828613281,151.2063751220703,102.0,0.0,43,0.72,True
2026-09-15T08:36:47+10:00,2538126,2507_506,-33.85277557373047,151.15625,143.0,7.6,302,5.03,False
2026-09-15T08:36:47+10:00,2642808,2507_788w,-33.851192474365234,151.15457153320312,319.0,0.0,41,0.68,True
2026-09-15T08:36:47+10:00,2634548,2507_254,-33.84866714477539,151.2061309814453,134.0,0.0,0,0.0,True
2026-09-15T08:36:47+10:00,1850745,2507_628w,-33.850284576416016,151.2119903564453,28.0,54.4,0,0.0,True
2026-09-15T08:36:47+10:00,2644765,2507_52,-33.86186218261719,151.1669464111328,116.0,0.7,90,1.5,True
2026-09-15T08:36:47+10:00,2621583,2507_252,-33.81498718261719,151.16539001464844,260.0,37.1,236,3.93,True
2026-09-15T08:36:47+10:00,2230477,2507_205,-33.801326751708984,151.2112274169922,160.0,11.9,-14,-0.23,True
2026-09-15T08:36:47+10:00,2555473,2507_291,-33.84865188598633,151.20401000976562,98.0,21.6,164,2.73,True
2026-09-15T08:36:47+10:00,2441795,2507_209,-33.83979034423828,151.20675659179688,182.0,11.9,-66,-1.1,False
2026-09-15T08:36:47+10:00,2406850,2507_205,-33.81071853637695,151.2095489501953,101.0,0.0,255,4.25,True
2026-09-15T08:36:47+10:00,2643778,2507_52,-33.83153533935547,151.1267547607422,357.0,18.4,81,1.35,True
2026-09-15T08:36:47+10:00,2228248,2507_288,-33.8655891418457,151.2032928466797,166.0,16.9,0,0.0,True
2026-09-15T08:36:47+10:00,2225739,2507_253,-33.827613830566406,151.1466522216797,36.0,54.7,0,0.0,True
2026-09-15T08:36:47+10:00,2643767,2507_52,-33.87202835083008,151.19366455078125,147.0,55.1,50,0.83,True
2026-09-15T08:36:47+10:00,2644540,2507_501,-33.87773513793945,151.19854736328125,154.0,6.8,-456,-7.6,False
2026-09-15T08:36:47+10:00,2229044,2507_254,-33.822139739990234,151.1656036376953,278.0,0.0,0,0.0,True
2026-09-15T08:36:47+10:00,2702280,2507_501,-33.882320404052734,151.20094299316406,44.0,13.3,78,1.3,True
2026-09-15T08:36:47+10:00,2702442,2507_501,-33.85078048706055,151.154052734375,325.0,0.0,-142,-2.37,False
2026-09-15T08:36:47+10:00,2702506,2507_501,-33.87174987792969,151.19322204589844,146.0,0.0,79,1.32,True
2026-09-15T08:36:47+10:00,2227419,2507_285,-33.825870513916016,151.2126922607422,322.0,70.6,-32,-0.53,True
