timestamp,trip_id,route_id,lat,lon,bearing,speed_kmh,delay_sec,delay_min,on_time
2026-10-04T03:47:14+11:00,2531209,2509_324,-33.873321533203125,151.21009826660156,282.0,0.0,53,0.88,True
2026-10-04T03:47:14+11:00,2089889,2508_BN1,-33.809349060058594,151.24571228027344,35.0,29.2,223,3.72,True
2026-10-04T03:47:14+11:00,2534223,2509_333,-33.889549255371094,151.28334045410156,213.0,0.0,16,0.27,True
2026-10-04T03:47:14+11:00,2356510,2509_373,-33.899444580078125,151.22256469726562,343.0,48.6,152,2.53,True
2026-10-04T03:47:14+11:00,2708405,2504_N61,-33.88135528564453,151.20619201660156,46.0,41.8,78,1.3,True
2026-10-04T03:47:14+11:00,2705496,2504_N50,-33.88434600830078,151.19662475585938,267.0,0.0,271,4.52,True
2026-10-04T03:47:14+11:00,2534397,2509_350,-33.93324279785156,151.19398498535156,190.0,52.6,104,1.73,True
2026-10-04T03:47:14+11:00,2710028,2504_N71,-33.88825607299805,151.16273498535156,279.0,38.9,213,3.55,True
2026-10-04T03:47:14+11:00,2628732,2509_304,-33.885414123535156,151.2139892578125,10.0,27.0,36,0.6,True
2026-10-04T03:47:14+11:00,2140582,2509_392N,-33.879241943359375,151.21519470214844,314.0,0.0,191,3.18,True
2026-10-04T03:47:14+11:00,2531463,2509_350,-33.93628692626953,151.25779724121094,186.0,41.4,10,0.17,True
2026-10-04T03:47:14+11:00,2682716,2503_N40,-33.88032531738281,151.2089080810547,194.0,3.6,250,4.17,True
2026-10-04T03:47:14+11:00,2534546,2509_324,-33.87247848510742,151.20652770996094,175.0,0.0,208,3.47,True
2026-10-04T03:47:14+11:00,2375191,2508_144,-33.83095932006836,151.22076416015625,114.0,47.2,307,5.12,False
2026-10-04T03:47:14+11:00,2638708,2503_N40,-33.869407653808594,151.18695068359375,107.0,58.7,296,4.93,True
2026-10-04T03:47:14+11:00,2532597,2509_333,-33.885963439941406,151.22886657714844,132.0,43.2,187,3.12,True
2026-10-04T03:47:14+11:00,2708880,2504_N60,-33.880279541015625,151.20892333984375,192.0,0.0,165,2.75,True
2026-10-04T03:47:14+11:00,2087729,2508_BN1,-33.830013275146484,151.21475219726562,268.0,11.9,-119,-1.98,False
2026-10-04T03:47:14+11:00,2675716,2503_N30,-33.88386917114258,151.20248413085938,74.0,27.4,60,1.0,True
2026-10-04T03:47:14+11:00,2534222,2509_324,-33.84365463256836,151.28402709960938,6.0,0.0,0,0.0,True
2026-10-04T03:47:14+11:00,2705604,2504_N50,-33.88780212402344,151.17164611816406,355.0,0.0,78,1.3,True
2026-10-04T03:47:14+11:00,2532263,2509_333,-33.89006805419922,151.240478515625,250.0,52.2,8,0.13,True
2026-10-04T03:47:14+11:00,2087725,2508_BN1,-33.87116241455078,151.20632934570312,174.0,0.0,0,0.0,True
2026-10-04T03:47:14+11:00,2710868,2504_N60,-33.88018035888672,151.208984375,12.0,26.3,292,4.87,True
2026-10-04T03:47:14+11:00,2707889,2504_N92,-33.8653450012207,151.20489501953125,358.0,8.3,86,1.43,True
2026-10-04T03:47:14+11:00,2711098,2504_N61,-33.88789367675781,151.15972900390625,268.0,38.2,136,2.27,True
2026-10-04T03:47:14+11:00,2138816,2509_396,-33.886043548583984,151.2186737060547,160.0,49.0,340,5.67,False
2026-10-04T03:47:14+11:00,2534327,2509_333,-33.86210250854492,151.2112274169922,5.0,0.0,44,0.73,True
2026-10-04T03:47:14+11:00,2713976,2508_144,-33.796878814697266,151.178466796875,74.0,26.3,-281,-4.68,False
2026-10-04T03:47:14+11:00,2407250,2507_N90,-33.834571838378906,151.205078125,169.0,41.0,-1,-0.02,True
2026-10-04T03:47:14+11:00,2737555,2507_N80,-33.865596771240234,151.2049102783203,353.0,0.0,69,1.15,True
2026-10-04T03:47:14+11:00,2406956,2507_N90,-33.8679084777832,151.20518493652344,355.0,3.2,160,2.67,True
2026-10-04T03:47:14+11:00,2426897,2507_N81,-33.8732795715332,151.12637329101562,309.0,43.2,189,3.15,True
2026-10-04T03:47:14+11:00,2657417,2510_N20,-33.876976013183594,151.20773315429688,12.0,22.7,-199,-3.32,False
2026-10-04T03:47:14+11:00,2197838,2510_N10,-33.87149429321289,151.20639038085938,181.0,0.0,80,1.33,True
2026-10-04T03:47:14+11:00,2644771,2507_52,-33.873470306396484,151.21099853515625,280.0,4.0,0,0.0,True
2026-10-04T03:47:14+11:00,2644302,2507_52,-33.8390007019043,151.1412811279297,255.0,63.0,152,2.53,True
2026-10-04T03:47:14+11:00,2706550,2504_607X,-33.812965393066406,151.1923065185547,67.0,68.0,-43,-0.72,True
2026-10-04T03:47:14+11:00,2705999,2504_607X,-33.8112907409668,151.16726684570312,288.0,80.6,67,1.12,True
2026-10-04T03:47:14+11:00,2284050,2459_438N,-33.88461685180664,151.19378662109375,263.0,0.0,157,2.62,True
2026-10-04T03:47:14+11:00,2286568,2459_423,-33.883731842041016,151.20252990722656,72.0,30.2,-166,-2.77,False
2026-10-04T03:47:14+11:00,2282988,2459_423,-33.89863967895508,151.175048828125,83.0,33.8,383,6.38,False
2026-10-04T03:47:14+11:00,2685959,2459_423,-33.91946029663086,151.14503479003906,219.0,36.4,488,8.13,False
2026-10-04T03:47:14+11:00,2290804,2459_438N,-33.84486389160156,151.1285400390625,3.0,0.0,0,0.0,True
2026-10-04T06:32:19+11:00,2088359,2508_BN1,-33.80775833129883,151.2466583251953,12.0,28.8,,,
2026-10-04T06:32:19+11:00,2377828,2508_100,-33.86960983276367,151.20538330078125,356.0,30.6,-60,-1.0,True
2026-10-04T06:32:19+11:00,2377706,2508_172X,-33.80283737182617,151.24607849121094,187.0,54.7,177,2.95,True
2026-10-04T06:32:19+11:00,2424280,2508_230,-33.83448028564453,151.2078094482422,11.0,39.6,75,1.25,True
2026-10-04T06:32:19+11:00,2088593,2508_160X,-33.79086685180664,151.18115234375,359.0,7.9,69,1.15,True
2026-10-04T06:32:19+11:00,2558805,7083_SW1,-33.91437911987305,151.16412353515625,36.0,35.6,-133,-2.22,False
2026-10-04T06:32:19+11:00,2373813,2508_144,-33.79671096801758,151.1803741455078,181.0,0.0,0,0.0,True
2026-10-04T06:32:19+11:00,2377746,2508_100,-33.827632904052734,151.24398803710938,178.0,31.7,135,2.25,True
2026-10-04T06:32:19+11:00,2281349,7083_SW3,-33.914581298828125,151.1653289794922,0.0,0.0,668,11.13,False
2026-10-04T06:32:19+11:00,2376098,2508_144,-33.82445526123047,151.24044799804688,96.0,31.7,213,3.55,True
2026-10-04T06:32:19+11:00,2415571,2508_B1,-33.866451263427734,151.20631408691406,7.0,0.0,0,0.0,True
2026-10-04T06:32:19+11:00,2388856,2508_173X,-33.82908248901367,151.228515625,237.0,15.5,619,10.32,False
2026-10-04T06:32:19+11:00,2415578,2508_B1,-33.866050720214844,151.20635986328125,6.0,0.0,0,0.0,True
2026-10-04T06:32:19+11:00,2714264,2508_144,-33.828697204589844,151.2292022705078,242.0,31.0,-76,-1.27,False
2026-10-04T06:32:19+11:00,2415520,2508_B1,-33.831214904785156,151.2217254638672,114.0,0.0,-57,-0.95,True
2026-10-04T06:32:19+11:00,2415558,2508_B1,-33.79347229003906,151.25343322753906,14.0,69.5,46,0.77,True
2026-10-04T06:32:19+11:00,2558732,7083_SW1,-33.91343688964844,151.1161346435547,77.0,49.3,-10,-0.17,True
2026-10-04T06:32:19+11:00,2392383,2508_114,-33.822303771972656,151.19154357910156,149.0,0.0,0,0.0,True
2026-10-04T06:32:19+11:00,2420846,2508_230,-33.82618713378906,151.23280334472656,217.0,0.0,39,0.65,True
2026-10-04T06:32:19+11:00,2375561,2508_144,-33.8220100402832,151.18643188476562,149.0,45.4,68,1.13,True
2026-10-04T06:32:19+11:00,2377718,2508_100,-33.83877182006836,151.24508666992188,20.0,30.2,149,2.48,True
2026-10-04T06:32:19+11:00,2682959,7083_SW1,-33.91871643066406,151.14610290527344,234.0,31.7,125,2.08,True
2026-10-04T06:32:19+11:00,2589887,2508_280,-33.79598617553711,151.1808319091797,188.0,0.0,0,0.0,True
2026-10-04T06:32:19+11:00,2682928,7083_SW1,-33.91404342651367,151.16647338867188,232.0,10.4,663,11.05,False
2026-10-04T06:32:19+11:00,2088588,2508_B1,-33.824127197265625,151.2416534423828,232.0,0.0,-45,-0.75,True
2026-10-04T06:32:19+11:00,2377013,2508_144,-33.796329498291016,151.1808319091797,187.0,0.0,0,0.0,True
2026-10-04T06:32:19+11:00,2572418,7084_SW2,-33.9131965637207,151.16680908203125,137.0,43.6,-208,-3.47,False
2026-10-04T06:32:19+11:00,2529798,7084_SW2,-33.90744400024414,151.1696014404297,-47.0,0.0,-238,-3.97,False
2026-10-04T06:32:19+11:00,2529596,7084_SW2,-33.909912109375,151.17068481445312,227.0,4.7,-957,-15.95,False
2026-10-04T06:32:19+11:00,2529769,7084_SW2,-33.90496826171875,151.1303253173828,272.0,45.7,104,1.73,True
2026-10-04T06:32:19+11:00,2643335,2507_52,-33.8505973815918,151.1540069580078,330.0,25.2,31,0.52,True
2026-10-04T06:32:19+11:00,2672392,2507_115,-33.79879379272461,151.19842529296875,159.0,0.0,138,2.3,True
2026-10-04T06:32:19+11:00,2643412,2507_120,-33.8704948425293,151.2062225341797,175.0,0.0,-169,-2.82,False
2026-10-04T06:32:19+11:00,2643267,2507_52,-33.85076904296875,151.15435791015625,142.0,4.7,17,0.28,True
2026-10-04T06:32:19+11:00,2644759,2507_120,-33.79515838623047,151.18133544921875,245.0,27.4,-338,-5.63,False
2026-10-04T06:32:19+11:00,2732035,2507_290,-33.80570602416992,151.15261840820312,121.0,47.5,13,0.22,True
2026-10-04T06:32:19+11:00,2737479,2507_501,-33.88355255126953,151.2032012939453,225.0,0.0,63,1.05,True
2026-10-04T06:32:19+11:00,2672439,2507_115,-33.819496154785156,151.20066833496094,1.0,51.8,-98,-1.63,False
2026-10-04T06:32:19+11:00,2644589,2507_52,-33.87336730957031,151.21035766601562,102.0,0.0,0,0.0,True
2026-10-04T06:32:19+11:00,2719151,2514_283,-33.78652572631836,151.19834899902344,68.0,0.4,62,1.03,True
2026-10-04T06:32:19+11:00,2705925,2504_607X,-33.8070068359375,151.15464782714844,311.0,74.2,11,0.18,True
2026-10-04T06:32:19+11:00,2719044,2514_194,-33.80390930175781,151.2107391357422,246.0,47.2,-88,-1.47,False
2026-10-04T06:32:19+11:00,2718808,2514_271,-33.78709030151367,151.20175170898438,160.0,53.3,-326,-5.43,False
2026-10-04T06:32:19+11:00,2710616,2504_607X,-33.870609283447266,151.20623779296875,175.0,1.8,0,0.0,True
2026-10-04T06:32:19+11:00,2710001,2504_610X,-33.83554458618164,151.21157836914062,190.0,59.4,-249,-4.15,False
2026-10-04T06:32:19+11:00,2719415,2514_141,-33.794395446777344,151.2586212158203,71.0,41.8,-102,-1.7,False
2026-10-04T06:32:19+11:00,2719062,2514_281,-33.79567337036133,151.1809844970703,277.0,0.0,0,0.0,True
2026-10-04T06:32:19+11:00,2710542,2504_610X,-33.86939239501953,151.20533752441406,354.0,27.4,-46,-0.77,True
2026-10-04T06:32:19+11:00,2283333,2459_470,-33.87353515625,151.16310119628906,72.0,0.0,0,0.0,True
2026-10-04T06:32:19+11:00,2564366,2509_379,-33.8968391418457,151.25146484375,339.0,45.4,-34,-0.57,True
2026-10-04T06:32:19+11:00,2686050,2459_423,-33.90105056762695,151.1700439453125,205.0,43.2,-39,-0.65,True
2026-10-04T06:32:19+11:00,2288524,2459_438X,-33.88460159301758,151.19342041015625,264.0,21.2,60,1.0,True
2026-10-04T06:32:19+11:00,2494787,2509_374,-33.88042449951172,151.2087860107422,292.0,16.2,107,1.78,True
2026-10-04T06:32:19+11:00,2531205,2509_350,-33.891456604003906,151.2493438720703,97.0,15.5,-25,-0.42,True
2026-10-04T06:32:19+11:00,2739951,2509_370,-33.87228775024414,151.17987060546875,196.0,0.0,0,0.0,True
2026-10-04T06:32:19+11:00,2283558,2459_438X,-33.8748779296875,151.209716796875,9.0,0.0,-64,-1.07,False
2026-10-04T06:32:19+11:00,2136760,2509_306,-33.931697845458984,151.20986938476562,99.0,36.0,13,0.22,True
2026-10-04T06:32:19+11:00,2356618,2509_370,-33.919918060302734,151.2571258544922,0.0,0.0,0,0.0,True
2026-10-04T06:32:19+11:00,2551637,2509_379,-33.89493179321289,151.250244140625,151.0,45.4,-42,-0.7,True
2026-10-04T06:32:19+11:00,2357512,2509_343,-33.92015838623047,151.2009735107422,201.0,24.5,-31,-0.52,True
2026-10-04T06:32:19+11:00,2628810,2509_304,-33.86161422729492,151.21151733398438,276.0,16.9,15,0.25,True
2026-10-04T06:32:19+11:00,2140901,2509_375,-33.93876647949219,151.25701904296875,23.0,30.2,74,1.23,True
2026-10-04T06:32:19+11:00,2475050,2459_389,-33.87071228027344,151.2038116455078,177.0,25.6,-100,-1.67,False
2026-10-04T06:32:19+11:00,2285315,2459_438X,-33.87702941894531,151.13609313964844,147.0,23.0,185,3.08,True
2026-10-04T06:32:19+11:00,2554023,2459_358,-33.924198150634766,151.1862030029297,97.0,32.0,-18,-0.3,True
2026-10-04T06:32:19+11:00,2534153,2509_326,-33.87991714477539,151.23716735839844,101.0,22.3,76,1.27,True
2026-10-04T06:32:19+11:00,2357623,2509_373,-33.91755676269531,151.2415771484375,142.0,38.9,-80,-1.33,False
2026-10-04T06:32:19+11:00,2356695,2509_339,-33.90171432495117,151.2235565185547,139.0,43.6,-29,-0.48,True
2026-10-04T06:32:19+11:00,2534005,2509_324,-33.879150390625,151.23907470703125,241.0,44.3,-90,-1.5,False
2026-10-04T06:32:19+11:00,2531659,2509_333,-33.89076614379883,151.24839782714844,279.0,11.9,21,0.35,True
2026-10-04T06:32:19+11:00,2136768,2509_396,-33.880863189697266,151.21693420410156,350.0,0.0,24,0.4,True
2026-10-04T06:32:19+11:00,2675038,2509_309,-33.940948486328125,151.19503784179688,181.0,28.8,-234,-3.9,False
2026-10-04T06:32:19+11:00,2356431,2509_370,-33.906089782714844,151.2028350830078,353.0,24.8,-74,-1.23,False
2026-10-04T06:32:19+11:00,2532036,2509_333,-33.89120864868164,151.2743377685547,223.0,0.7,47,0.78,True
2026-10-04T06:32:19+11:00,2533360,2509_333,-33.87024688720703,151.2103271484375,179.0,21.2,45,0.75,True
2026-10-04T06:32:19+11:00,2739981,2509_370,-33.92045211791992,151.25430297851562,100.0,5.0,-150,-2.5,False
2026-10-04T06:32:19+11:00,2287656,2459_442,-33.85719299316406,151.19577026367188,226.0,0.0,0,0.0,True
2026-10-04T06:32:19+11:00,2284965,2459_423,-33.92390060424805,151.1356201171875,57.0,30.2,6,0.1,True
2026-10-04T06:32:19+11:00,2287746,2459_433,-33.8806037902832,151.18768310546875,145.0,0.0,1,0.02,True
2026-10-04T06:32:19+11:00,2398232,2509_392,-33.94120788574219,151.2276153564453,21.0,0.0,77,1.28,True
2026-10-04T06:32:19+11:00,2283251,2459_423,-33.88313293457031,151.20352172851562,43.0,0.0,-262,-4.37,False
2026-10-04T06:32:19+11:00,2736770,2459_428,-33.879173278808594,151.20713806152344,193.0,34.9,114,1.9,True
2026-10-04T06:32:19+11:00,2138422,2509_396,-33.9243278503418,151.2280731201172,130.0,0.0,-21,-0.35,True
2026-10-04T06:32:19+11:00,2283661,2459_418,-33.90896224975586,151.13504028320312,260.0,12.2,-40,-0.67,True
2026-10-04T06:32:19+11:00,2488441,2509_392,-33.89372253417969,151.19871520996094,22.0,0.0,0,0.0,True
2026-10-04T06:32:19+11:00,2356253,2509_370,-33.8804817199707,151.1875,327.0,36.0,-170,-2.83,False
2026-10-04T06:32:19+11:00,2399742,2509_390X,-33.914772033691406,151.22561645507812,75.0,15.1,8,0.13,True
2026-10-04T06:32:19+11:00,2494844,2509_343,-33.88759231567383,151.20645141601562,9.0,37.4,28,0.47,True
2026-10-04T06:32:19+11:00,2628587,2509_304,-33.90065002441406,151.21327209472656,187.0,25.2,143,2.38,True
2026-10-04T06:32:19+11:00,2488501,2509_392,-33.9038200378418,151.21359252929688,102.0,9.4,204,3.4,True
2026-10-04T06:32:19+11:00,2534496,2509_380,-33.857486724853516,151.28187561035156,236.0,0.0,0,0.0,True
2026-10-04T06:32:19+11:00,2668351,2459_420,-33.936187744140625,151.16452026367188,232.0,0.0,169,2.82,True
2026-10-04T06:32:19+11:00,2356709,2509_373,-33.92168426513672,151.24856567382812,279.0,32.4,9,0.15,True
2026-10-04T06:32:19+11:00,2554183,2459_358,-33.91585159301758,151.17478942871094,323.0,0.0,-27,-0.45,True
2026-10-04T06:32:19+11:00,2628666,2509_304,-33.880985260009766,151.2149200439453,3.0,0.7,154,2.57,True
2026-10-04T06:32:19+11:00,2288955,2459_433,-33.857688903808594,151.18226623535156,100.0,0.0,-103,-1.72,False
2026-10-04T06:32:19+11:00,2356434,2509_343,-33.866661071777344,151.21070861816406,185.0,34.2,45,0.75,True
2026-10-04T06:32:19+11:00,2554074,2459_358,-33.91658020019531,151.23675537109375,280.0,0.0,,,
2026-10-04T06:32:19+11:00,2533454,2509_350,-33.924964904785156,151.19216918945312,95.0,0.0,16,0.27,True
2026-10-04T06:32:19+11:00,2534077,2509_381,-33.899192810058594,151.26951599121094,323.0,28.1,81,1.35,True
2026-10-04T06:32:19+11:00,2531667,2509_324,-33.854652404785156,151.28428649902344,26.0,47.2,-102,-1.7,False
2026-10-04T06:32:19+11:00,2532033,2509_350,-33.94800567626953,151.25489807128906,225.0,32.4,102,1.7,True
2026-10-04T06:32:19+11:00,2668429,2459_420,-33.93376922607422,151.18028259277344,280.0,27.4,23,0.38,True
2026-10-04T06:32:19+11:00,2300988,2509_399,-33.93862533569336,151.2388916015625,168.0,47.2,-163,-2.72,False
2026-10-04T06:32:19+11:00,2666506,2459_461X,-33.87034225463867,151.11573791503906,104.0,41.0,95,1.58,True
2026-10-04T06:32:19+11:00,2357709,2509_373,-33.87685775756836,151.21084594726562,272.0,24.1,-110,-1.83,False
2026-10-04T06:32:19+11:00,2434753,2509_390X,-33.891143798828125,151.24884033203125,278.0,0.0,0,0.0,True
2026-10-04T06:32:19+11:00,2289721,2459_303,-33.94593048095703,151.17396545410156,90.0,61.6,-37,-0.62,True
2026-10-04T06:32:19+11:00,2532009,2509_350,-33.94085693359375,151.26011657714844,305.0,55.1,18,0.3,True
2026-10-04T06:32:19+11:00,2287439,2459_389,-33.8709602355957,151.2041473388672,269.0,36.4,-240,-4.0,False
2026-10-04T06:32:19+11:00,2532159,2509_350,-33.92451858520508,151.18838500976562,275.0,29.9,-95,-1.58,False
2026-10-04T06:32:19+11:00,2534626,2509_333,-33.87767791748047,151.21327209472656,313.0,0.0,-1,-0.02,True
2026-10-04T06:32:19+11:00,2287450,2459_433,-33.88141632080078,151.20606994628906,224.0,14.0,135,2.25,True
2026-10-04T06:32:19+11:00,2288751,2459_470,-33.87504577636719,151.20968627929688,9.0,0.0,474,7.9,False
2026-10-04T06:32:19+11:00,2308829,2459_445,-33.90473937988281,151.1290740966797,100.0,36.0,-47,-0.78,True
2026-10-04T06:32:19+11:00,2284482,2459_470,-33.8716926574707,151.21009826660156,186.0,0.0,56,0.93,True
2026-10-04T06:32:19+11:00,2284397,2459_440,-33.88237380981445,151.2073211669922,125.0,11.9,309,5.15,False
2026-10-04T06:32:19+11:00,2289055,2459_440,-33.879051208496094,151.21495056152344,314.0,27.4,-55,-0.92,True
2026-10-04T06:32:19+11:00,2494796,2509_343,-33.88465881347656,151.2177734375,162.0,69.8,0,0.0,True
2026-10-04T06:32:19+11:00,2357759,2509_339,-33.91241455078125,151.26084899902344,96.0,21.2,0,0.0,True
2026-10-04T06:32:19+11:00,2286100,2459_433,-33.858177185058594,151.18348693847656,295.0,0.0,0,0.0,True
2026-10-04T06:32:19+11:00,2534364,2509_333,-33.86256790161133,151.21116638183594,7.0,0.0,0,0.0,True
2026-10-04T06:32:19+11:00,2289142,2459_442,-33.87094497680664,151.20523071289062,81.0,0.0,197,3.28,True
2026-10-04T06:32:19+11:00,2554027,2459_358,-33.915550231933594,151.16566467285156,9.0,0.0,0,0.0,True
2026-10-04T06:32:19+11:00,2357178,2509_311,-33.856689453125,151.20326232910156,301.0,0.7,-172,-2.87,False
2026-10-04T06:32:19+11:00,2335524,2509_309,-33.895477294921875,151.1980743408203,10.0,31.7,-104,-1.73,False
2026-10-04T06:32:19+11:00,2136950,2509_396,-33.94210433959961,151.24258422851562,279.0,49.3,16,0.27,True
2026-10-04T06:32:19+11:00,2531197,2509_333,-33.89456558227539,151.26788330078125,102.0,38.5,-73,-1.22,False
2026-10-04T09:24:27+11:00,2377687,2508_100,-33.84330749511719,151.2114715576172,165.0,48.6,-8,-0.13,True
2026-10-04T09:24:27+11:00,2377742,2508_172X,-33.81937789916992,151.24395751953125,196.0,26.3,-13,-0.22,True
2026-10-04T09:24:27+11:00,2682848,7083_SW1,-33.91413879394531,151.1663818359375,232.0,0.0,-99,-1.65,False
2026-10-04T09:24:27+11:00,2377645,2508_144,-33.797325134277344,151.2501983642578,83.0,22.7,-202,-3.37,False
2026-10-04T09:24:27+11:00,2375960,2508_100,-33.82481002807617,151.2509307861328,170.0,31.3,0,0.0,True
2026-10-04T09:24:27+11:00,2589831,2508_280,-33.783660888671875,151.1917724609375,248.0,0.0,-273,-4.55,False
2026-10-04T09:24:27+11:00,2415566,2508_B1,-33.79917526245117,151.2504425048828,66.0,48.2,70,1.17,True
2026-10-04T09:24:27+11:00,2375754,2508_144,-33.79655838012695,151.18043518066406,180.0,0.0,8,0.13,True
2026-10-04T09:24:27+11:00,2377797,2508_173X,-33.85997009277344,151.20574951171875,23.0,62.6,224,3.73,True
2026-10-04T09:24:27+11:00,2415537,2508_B1,-33.848724365234375,151.21258544921875,10.0,64.4,-56,-0.93,True
2026-10-04T09:24:27+11:00,2374972,2508_100,-33.834564208984375,151.24562072753906,331.0,50.8,-71,-1.18,False
2026-10-04T09:24:27+11:00,2310500,7083_SW3,-33.90510940551758,151.13304138183594,94.0,19.4,122,2.03,True
2026-10-04T09:24:27+11:00,2281183,7083_SW3,-33.913047790527344,151.16146850585938,309.0,47.5,52,0.87,True
2026-10-04T09:24:27+11:00,2377058,2508_144,-33.828617095947266,151.2066192626953,281.0,5.8,214,3.57,True
2026-10-04T09:24:27+11:00,2374293,2508_100,-33.83069610595703,151.2252960205078,66.0,30.6,34,0.57,True
2026-10-04T09:24:27+11:00,2377410,2508_144,-33.82941436767578,151.21221923828125,99.0,43.2,-39,-0.65,True
2026-10-04T09:24:27+11:00,2558833,7083_SW1,-33.91256332397461,151.1183319091797,50.0,32.8,-282,-4.7,False
2026-10-04T09:24:27+11:00,2375102,2508_263,-33.82999801635742,151.22637939453125,338.0,20.2,10,0.17,True
2026-10-04T09:24:27+11:00,2714101,2508_144,-33.794795989990234,151.26730346679688,280.0,37.8,95,1.58,True
2026-10-04T09:24:27+11:00,2375743,2508_243,-33.83138656616211,151.22171020507812,294.0,0.0,0,0.0,True
2026-10-04T09:24:27+11:00,2377139,2508_100,-33.87146759033203,151.20639038085938,172.0,0.0,-65,-1.08,False
2026-10-04T09:24:27+11:00,2377652,2508_B1,-33.825523376464844,151.23342895507812,228.0,45.4,20,0.33,True
2026-10-04T09:24:27+11:00,2714227,2508_114,-33.82582092285156,151.2331085205078,217.0,41.8,79,1.32,True
2026-10-04T09:24:27+11:00,2377803,2508_173X,-33.79431915283203,151.26443481445312,97.0,0.0,45,0.75,True
2026-10-04T09:24:27+11:00,2714299,2508_144,-33.829776763916016,151.2134552001953,280.0,31.0,109,1.82,True
2026-10-04T09:24:27+11:00,1973296,2508_162,-33.8019905090332,151.26637268066406,10.0,16.6,2,0.03,True
2026-10-04T09:24:27+11:00,2388793,2508_173X,-33.85513687133789,151.20896911621094,207.0,69.8,-320,-5.33,False
2026-10-04T09:24:27+11:00,2415606,2508_B1,-33.866302490234375,151.20632934570312,6.0,0.0,0,0.0,True
2026-10-04T09:24:27+11:00,2558881,7083_SW1,-33.91803741455078,151.14732360839844,62.0,49.3,156,2.6,True
2026-10-04T09:24:27+11:00,2377825,2508_263,-33.831886291503906,151.22235107421875,194.0,0.0,-11,-0.18,True
2026-10-04T09:24:27+11:00,2682868,7083_SW1,-33.910621643066406,151.13888549804688,323.0,27.7,113,1.88,True
2026-10-04T09:24:27+11:00,2310436,7083_SW3,-33.90682601928711,151.14634704589844,289.0,38.9,711,11.85,False
2026-10-04T09:24:27+11:00,2454961,2508_225,-33.840824127197266,151.2266387939453,160.0,46.4,259,4.32,True
2026-10-04T09:24:27+11:00,2420944,2508_230,-33.83812713623047,151.23297119140625,22.0,0.0,0,0.0,True
2026-10-04T09:24:27+11:00,2458270,2508_238,-33.845706939697266,151.24502563476562,142.0,46.1,29,0.48,True
2026-10-04T09:24:27+11:00,2374602,2508_111,-33.83655548095703,151.23663330078125,30.0,46.4,29,0.48,True
2026-10-04T09:24:27+11:00,2415482,2508_B1,-33.829898834228516,151.22714233398438,59.0,47.9,-4,-0.07,True
2026-10-04T09:24:27+11:00,2375605,2508_144,-33.80085754394531,151.17959594726562,175.0,55.1,24,0.4,True
2026-10-04T09:24:27+11:00,2377530,2508_100,-33.8419075012207,151.24354553222656,350.0,0.0,0,0.0,True
2026-10-04T09:24:27+11:00,2377068,2508_144,-33.831153869628906,151.22174072265625,114.0,0.0,149,2.48,True
2026-10-04T09:24:27+11:00,2377182,2508_100,-33.84446716308594,151.2116241455078,345.0,59.8,-88,-1.47,False
2026-10-04T09:24:27+11:00,2280771,7083_SW3,-33.91263961791992,151.11837768554688,237.0,1.4,20,0.33,True
2026-10-04T09:24:27+11:00,2424337,2508_230,-33.82939910888672,151.21324157714844,99.0,49.3,195,3.25,True
2026-10-04T09:24:27+11:00,2454951,2508_225,-33.83098220825195,151.22970581054688,9.0,22.3,315,5.25,False
2026-10-04T09:24:27+11:00,2558743,7083_SW1,-33.90914535522461,151.13113403320312,131.0,24.8,18,0.3,True
2026-10-04T09:24:27+11:00,2377485,2508_144,-33.8121452331543,151.17552185058594,186.0,0.0,227,3.78,True
2026-10-04T09:24:27+11:00,2088535,2508_160X,-33.78416442871094,151.18951416015625,67.0,24.8,68,1.13,True
2026-10-04T09:24:27+11:00,2375275,2508_100,-33.82666778564453,151.2321319580078,221.0,37.8,53,0.88,True
2026-10-04T09:24:27+11:00,2572379,7084_SW2,-33.90474319458008,151.138671875,65.0,41.8,-171,-2.85,False
2026-10-04T09:24:27+11:00,2529618,7084_SW2,-33.915000915527344,151.16505432128906,229.0,0.4,0,0.0,True
2026-10-04T09:24:27+11:00,2529820,7084_SW2,-33.909637451171875,151.162109375,124.0,0.0,0,0.0,True
2026-10-04T09:24:27+11:00,2529794,7084_SW2,-33.913509368896484,151.1667022705078,37.0,15.8,-14,-0.23,True
2026-10-04T09:24:27+11:00,2557217,2507_291,-33.84864807128906,151.20619201660156,126.0,0.0,0,0.0,True
2026-10-04T09:24:27+11:00,2737608,2507_501,-33.848384857177734,151.1526336669922,333.0,31.3,71,1.18,True
2026-10-04T09:24:27+11:00,2672277,2507_115,-33.8340950012207,151.2048797607422,168.0,0.0,-36,-0.6,True
2026-10-04T09:24:27+11:00,2642807,2507_120,-33.87156677246094,151.2063446044922,176.0,27.7,-65,-1.08,False
2026-10-04T09:24:27+11:00,2537763,2507_506,-33.82192611694336,151.13479614257812,119.0,13.7,-91,-1.52,False
2026-10-04T09:24:27+11:00,2643027,2507_120,-33.81836700439453,151.20205688476562,330.0,60.8,-63,-1.05,False
2026-10-04T09:24:27+11:00,2407012,2507_288,-33.865535736083984,151.2049102783203,354.0,0.0,-27,-0.45,True
2026-10-04T09:24:27+11:00,2672465,2507_115,-33.792510986328125,151.19515991210938,247.0,12.2,-388,-6.47,False
2026-10-04T09:24:27+11:00,2643156,2507_52,-33.856056213378906,151.15936279296875,142.0,43.9,-150,-2.5,False
2026-10-04T09:24:27+11:00,2642882,2507_501,-33.852699279785156,151.15618896484375,141.0,0.0,29,0.48,True
2026-10-04T09:24:27+11:00,2634523,2507_254,-33.821624755859375,151.16871643066406,310.0,39.2,30,0.5,True
2026-10-04T09:24:27+11:00,2642799,2507_52,-33.82359313964844,151.12355041503906,124.0,39.2,-37,-0.62,True
2026-10-04T09:24:27+11:00,2644652,2507_52,-33.87244415283203,151.21275329589844,187.0,0.0,0,0.0,True
2026-10-04T09:24:27+11:00,2644989,2507_52,-33.874061584472656,151.2008819580078,252.0,44.3,95,1.58,True
2026-10-04T09:24:27+11:00,2538036,2507_506,-33.87328338623047,151.20970153808594,96.0,0.0,223,3.72,True
2026-10-04T09:24:27+11:00,2620446,2507_288,-33.8131103515625,151.18394470214844,107.0,67.3,289,4.82,True
2026-10-04T09:24:27+11:00,2643915,2507_52,-33.84791946411133,151.15220642089844,324.0,1.4,22,0.37,True
2026-10-04T09:24:27+11:00,2441820,2507_202,-33.82927703857422,151.20901489257812,189.0,0.0,-37,-0.62,True
2026-10-04T09:24:27+11:00,2672291,2507_267,-33.84021759033203,151.18199157714844,99.0,29.5,-19,-0.32,True
2026-10-04T09:24:27+11:00,2644786,2507_52,-33.82310485839844,151.12246704101562,308.0,20.5,132,2.2,True
2026-10-04T09:24:27+11:00,2581702,2507_538,-33.839656829833984,151.16629028320312,282.0,33.8,77,1.28,True
2026-10-04T09:24:27+11:00,2225618,2507_292,-33.86601257324219,151.2033233642578,174.0,0.0,29,0.48,True
2026-10-04T09:24:27+11:00,2407703,2507_252,-33.83377456665039,151.1440887451172,98.0,33.8,-125,-2.08,False
2026-10-04T09:24:27+11:00,2228866,2507_261,-33.84316635131836,151.21095275878906,344.0,36.7,0,0.0,True
2026-10-04T09:24:27+11:00,2621188,2507_252,-33.84096145629883,151.20701599121094,277.0,0.0,0,0.0,True
2026-10-04T09:24:27+11:00,2644102,2507_120,-33.79535675048828,151.18125915527344,214.0,0.0,-443,-7.38,False
2026-10-04T09:24:27+11:00,2229486,2507_292,-33.80609893798828,151.16598510742188,278.0,0.0,-144,-2.4,False
2026-10-04T09:24:27+11:00,2642875,2507_120,-33.79599380493164,151.18408203125,70.0,16.2,243,4.05,True
2026-10-04T09:24:27+11:00,2322712,2507_506,-33.844810485839844,151.15020751953125,328.0,47.5,-17,-0.28,True
2026-10-04T09:24:27+11:00,2230496,2507_292,-33.806209564208984,151.16644287109375,105.0,3.6,108,1.8,True
2026-10-04T09:24:27+11:00,2672337,2507_115,-33.79608917236328,151.18115234375,351.0,0.0,20,0.33,True
2026-10-04T09:24:27+11:00,2643040,2507_120,-33.81045150756836,151.1995391845703,180.0,0.0,269,4.48,True
2026-10-04T09:24:27+11:00,2737478,2507_501,-33.880897521972656,151.19985961914062,66.0,24.5,328,5.47,False
2026-10-04T09:24:27+11:00,2682066,2507_202,-33.847835540771484,151.21261596679688,357.0,63.0,-104,-1.73,False
2026-10-04T09:24:27+11:00,2643818,2507_501,-33.87472915649414,151.19686889648438,154.0,0.0,20,0.33,True
2026-10-04T09:24:27+11:00,2643945,2507_52,-33.873355865478516,151.2102813720703,101.0,0.0,0,0.0,True
2026-10-04T09:24:27+11:00,2705051,2504_610X,-33.805519104003906,151.15182495117188,301.0,75.2,119,1.98,True
2026-10-04T09:24:27+11:00,2704523,2504_607X,-33.86888122558594,151.22767639160156,129.0,6.8,0,0.0,True
2026-10-04T09:24:27+11:00,2718950,2514_194,-33.78409194946289,151.19970703125,306.0,37.8,140,2.33,True
2026-10-04T09:24:27+11:00,2706403,2504_607X,-33.808624267578125,151.1570281982422,119.0,72.4,-93,-1.55,False
2026-10-04T09:24:27+11:00,2718927,2514_194,-33.87226104736328,151.20567321777344,354.0,0.0,0,0.0,True
2026-10-04T09:24:27+11:00,2719232,2514_270,-33.870452880859375,151.2062225341797,173.0,0.0,0,0.0,True
2026-10-04T09:24:27+11:00,2709328,2504_610X,-33.85608673095703,151.208251953125,28.0,58.7,-28,-0.47,True
2026-10-04T09:24:27+11:00,2718915,2514_283,-33.79469680786133,151.1883087158203,250.0,28.4,-634,-10.57,False
2026-10-04T09:24:27+11:00,2719430,2514_283,-33.79594802856445,151.1844024658203,67.0,1.4,301,5.02,False
2026-10-04T09:24:27+11:00,2705064,2504_610X,-33.867530822753906,151.20590209960938,174.0,4.7,0,0.0,True
2026-10-04T09:24:27+11:00,2718989,2514_271,-33.830265045166016,151.2131805419922,14.0,58.3,-41,-0.68,True
2026-10-04T09:24:27+11:00,2719009,2514_270,-33.79003143310547,151.20742797851562,173.0,56.5,59,0.98,True
2026-10-04T09:24:27+11:00,2609009,2459_430,-33.88397979736328,151.2018585205078,73.0,0.0,-147,-2.45,False
2026-10-04T09:24:27+11:00,2036474,2459_440,-33.8848762512207,151.18519592285156,76.0,0.0,26,0.43,True
2026-10-04T09:24:27+11:00,2564403,2509_387,-33.86845397949219,151.27737426757812,16.0,39.6,-43,-0.72,True
2026-10-04T09:24:27+11:00,2357235,2509_373,-33.87683868408203,151.20968627929688,271.0,0.0,-76,-1.27,False
2026-10-04T09:24:27+11:00,2357150,2509_370,-33.920188903808594,151.2519989013672,270.0,17.3,88,1.47,True
2026-10-04T09:24:27+11:00,2285974,2459_433,-33.8840446472168,151.2019805908203,74.0,0.0,-149,-2.48,False
2026-10-04T09:24:27+11:00,2532698,2509_350,-33.946136474609375,151.24046325683594,274.0,19.8,202,3.37,True
2026-10-04T09:24:27+11:00,2403132,2509_311,-33.8704719543457,151.2062225341797,175.0,12.2,-83,-1.38,False
2026-10-04T09:24:27+11:00,2287886,2459_469,-33.883914947509766,151.15635681152344,265.0,41.8,-194,-3.23,False
2026-10-04T09:24:27+11:00,2494884,2509_343,-33.91835403442383,151.20388793945312,13.0,28.1,33,0.55,True
2026-10-04T09:24:27+11:00,2146445,2509_396,-33.86338424682617,151.21151733398438,267.0,28.8,-439,-7.32,False
2026-10-04T09:24:27+11:00,2668224,2459_420,-33.87483596801758,151.1042022705078,187.0,0.0,500,8.33,False
2026-10-04T09:24:27+11:00,2140428,2509_396,-33.866180419921875,151.21092224121094,220.0,24.5,171,2.85,True
2026-10-04T09:24:27+11:00,2534449,2509_333,-33.885658264160156,151.2281494140625,312.0,38.2,88,1.47,True
2026-10-04T09:24:27+11:00,2739999,2509_370,-33.90153503417969,151.2010040283203,72.0,0.0,-177,-2.95,False
2026-10-04T09:24:27+11:00,2533086,2509_333,-33.88915252685547,151.27626037597656,43.0,0.0,84,1.4,True
2026-10-04T09:24:27+11:00,2356494,2509_339,-33.88356018066406,151.20852661132812,295.0,10.4,-22,-0.37,True
2026-10-04T09:24:27+11:00,2284658,2459_440,-33.87348175048828,151.1553192138672,289.0,0.0,-87,-1.45,False
2026-10-04T09:24:27+11:00,1959117,2459_413,-33.883060455322266,151.20372009277344,49.0,20.2,231,3.85,True
2026-10-04T09:24:27+11:00,2356252,2509_343,-33.92211151123047,151.20115661621094,97.0,36.7,-40,-0.67,True
2026-10-04T09:24:27+11:00,2434810,2509_390X,-33.92776870727539,151.23313903808594,133.0,0.0,-308,-5.13,False
2026-10-04T09:24:27+11:00,2620082,2459_530,-33.83420944213867,151.1461181640625,199.0,0.0,-204,-3.4,False
2026-10-04T09:24:27+11:00,2628729,2509_304,-33.90475082397461,151.21234130859375,191.0,34.9,126,2.1,True
2026-10-04T09:24:27+11:00,2675049,2509_309,-33.8931770324707,151.19894409179688,22.0,0.0,0,0.0,True
2026-10-04T09:24:27+11:00,2288058,2459_438X,-33.88597869873047,151.1573486328125,175.0,20.5,307,5.12,False
2026-10-04T09:24:27+11:00,2618687,2459_422,-33.88051986694336,151.20677185058594,190.0,0.0,0,0.0,True
2026-10-04T09:24:27+11:00,2488484,2509_392,-33.949703216552734,151.22340393066406,359.0,26.3,0,0.0,True
2026-10-04T09:24:27+11:00,2290884,2459_433,-33.88032913208008,151.20681762695312,187.0,0.0,0,0.0,True
2026-10-04T09:24:27+11:00,2285593,2459_470,-33.88389205932617,151.20265197753906,250.0,12.2,-31,-0.52,True
2026-10-04T09:24:27+11:00,2288492,2459_418,-33.90873336791992,151.1525421142578,304.0,0.0,161,2.68,True
2026-10-04T09:24:27+11:00,2470844,2509_356,-33.947975158691406,151.25497436523438,225.0,28.4,0,0.0,True
2026-10-04T09:24:27+11:00,2443746,2459_491,-33.90653991699219,151.11859130859375,357.0,37.1,85,1.42,True
2026-10-04T09:24:27+11:00,2357458,2509_343,-33.87007522583008,151.2103271484375,179.0,0.4,75,1.25,True
2026-10-04T09:24:27+11:00,2532188,2509_325,-33.87528610229492,151.22447204589844,13.0,11.2,-27,-0.45,True
2026-10-04T09:24:27+11:00,2356819,2509_373,-33.915523529052734,151.24041748046875,343.0,4.3,-24,-0.4,True
2026-10-04T09:24:27+11:00,1962178,2459_412,-33.88715362548828,151.17996215820312,318.0,22.0,23,0.38,True
2026-10-04T09:24:27+11:00,2284599,2459_469,-33.885780334472656,151.14920043945312,80.0,0.0,72,1.2,True
2026-10-04T09:24:27+11:00,2532817,2509_352,-33.888641357421875,151.21334838867188,188.0,0.0,37,0.62,True
2026-10-04T09:24:27+11:00,2357652,2509_374,-33.90391540527344,151.22586059570312,134.0,39.6,142,2.37,True
2026-10-04T09:24:27+11:00,2554078,2459_358,-33.91792678833008,151.16815185546875,140.0,48.2,129,2.15,True
2026-10-04T09:24:27+11:00,2736675,2459_428,-33.88084030151367,151.2066650390625,202.0,29.5,-38,-0.63,True
2026-10-04T09:24:27+11:00,2531813,2509_350,-33.92664337158203,151.18777465820312,142.0,0.0,14,0.23,True
2026-10-04T09:24:27+11:00,2488427,2509_392,-33.89609146118164,151.2069091796875,95.0,24.8,19,0.32,True
2026-10-04T09:24:27+11:00,2551817,2509_379,-33.89034652709961,151.2544708251953,233.0,34.9,-194,-3.23,False
2026-10-04T09:24:27+11:00,1961716,2459_412,-33.8913688659668,151.17022705078125,267.0,28.1,164,2.73,True
2026-10-04T09:24:27+11:00,2308730,2459_445,-33.8970832824707,151.1504669189453,105.0,40.7,435,7.25,False
2026-10-04T09:24:27+11:00,2551661,2509_379,-33.888370513916016,151.27342224121094,128.0,33.5,0,0.0,True
2026-10-04T09:24:27+11:00,2137527,2509_396,-33.94099807739258,151.2388458251953,348.0,0.4,-84,-1.4,False
2026-10-04T09:24:27+11:00,2470827,2509_356,-33.913307189941406,151.2395477294922,339.0,23.8,15,0.25,True
2026-10-04T09:24:27+11:00,2551715,2509_379,-33.89920425415039,151.25242614746094,150.0,34.6,-93,-1.55,False
2026-10-04T09:24:27+11:00,2494821,2509_343,-33.92601776123047,151.2279510498047,83.0,0.0,0,0.0,True
2026-10-04T09:24:27+11:00,2288338,2459_428,-33.90257263183594,151.1436767578125,62.0,11.9,215,3.58,True
2026-10-04T09:24:27+11:00,2666414,2459_461X,-33.87150955200195,151.1048126220703,9.0,33.5,149,2.48,True
2026-10-04T09:24:27+11:00,2739985,2509_370,-33.87786102294922,151.18553161621094,151.0,20.9,90,1.5,True
2026-10-04T09:24:27+11:00,2666568,2459_461X,-33.884544372558594,151.19244384765625,82.0,42.5,106,1.77,True
2026-10-04T09:24:27+11:00,2533261,2509_352,-33.880672454833984,151.21705627441406,121.0,30.6,46,0.77,True
2026-10-04T09:24:27+11:00,2398247,2509_392,-33.9525032043457,151.23138427734375,30.0,31.7,-91,-1.52,False
2026-10-04T09:24:27+11:00,2534114,2509_333,-33.88365936279297,151.2221221923828,113.0,0.0,100,1.67,True
2026-10-04T09:24:27+11:00,2286438,2459_303,-33.919742584228516,151.2289581298828,98.0,42.8,282,4.7,True
2026-10-04T09:24:27+11:00,2400609,2509_309,-33.94350814819336,151.1958465576172,334.0,0.0,-42,-0.7,True
2026-10-04T09:24:27+11:00,2532194,2509_333,-33.893924713134766,151.26393127441406,100.0,33.8,-91,-1.52,False
2026-10-04T09:24:27+11:00,2686103,2459_423,-33.91209411621094,151.16024780273438,213.0,0.0,51,0.85,True
2026-10-04T09:24:27+11:00,2636682,2459_415,-33.84777069091797,151.14134216308594,31.0,0.0,0,0.0,True
2026-10-04T09:24:27+11:00,2289411,2459_438X,-33.88236618041992,151.20733642578125,307.0,28.1,59,0.98,True
2026-10-04T09:24:27+11:00,2736811,2459_428,-33.864994049072266,151.21087646484375,220.0,0.0,0,0.0,True
2026-10-04T09:24:27+11:00,2140505,2509_396,-33.94776153564453,151.25509643554688,45.0,0.0,0,0.0,True
2026-10-04T09:24:27+11:00,2596149,2459_492,-33.86752700805664,151.1299285888672,15.0,34.9,-135,-2.25,False
2026-10-04T09:24:27+11:00,2434477,2509_390X,-33.91328430175781,151.23965454101562,154.0,21.6,6,0.1,True
2026-10-04T09:24:27+11:00,2739964,2509_370,-33.87190246582031,151.1800994873047,194.0,0.0,0,0.0,True
2026-10-04T09:24:27+11:00,2533130,2509_333,-33.872886657714844,151.2099609375,186.0,0.0,-89,-1.48,False
2026-10-04T09:24:27+11:00,2356088,2509_373,-33.92163848876953,151.248291015625,100.0,38.9,-394,-6.57,False
2026-10-04T09:24:27+11:00,2283405,2459_423,-33.884063720703125,151.20118713378906,86.0,0.0,-53,-0.88,True
2026-10-04T09:24:27+11:00,2285295,2459_442,-33.87491989135742,151.19696044921875,82.0,49.3,-199,-3.32,False
2026-10-04T09:24:27+11:00,2285682,2459_440,-33.876705169677734,151.1596221923828,84.0,0.0,0,0.0,True
2026-10-04T09:24:27+11:00,2675019,2509_309,-33.89619445800781,151.19915771484375,157.0,2.5,-25,-0.42,True
2026-10-04T09:24:27+11:00,2475055,2459_389,-33.869407653808594,151.19789123535156,359.0,0.0,0,0.0,True
2026-10-04T09:24:27+11:00,2628650,2509_304,-33.88850021362305,151.21339416503906,189.0,2.5,105,1.75,True
2026-10-04T09:24:27+11:00,2340981,2459_426,-33.90495681762695,151.1678466796875,204.0,29.2,21,0.35,True
2026-10-04T09:24:27+11:00,2736717,2459_445,-33.85819625854492,151.1835174560547,286.0,0.0,0,0.0,True
2026-10-04T09:24:27+11:00,2533874,2509_350,-33.938167572021484,151.2123260498047,122.0,50.8,278,4.63,True
2026-10-04T09:24:27+11:00,2736760,2459_308,-33.881107330322266,151.20640563964844,217.0,0.0,-151,-2.52,False
2026-10-04T09:24:27+11:00,2209992,2459_464,-33.89341354370117,151.1165313720703,76.0,22.7,-165,-2.75,False
2026-10-04T09:24:27+11:00,2137119,2509_306,-33.892704010009766,151.19927978515625,25.0,0.0,0,0.0,True
2026-10-04T09:24:27+11:00,2531321,2509_350,-33.932830810546875,151.1797637939453,99.0,0.0,0,0.0,True
2026-10-04T09:24:27+11:00,2283373,2459_438X,-33.88801956176758,151.16680908203125,265.0,9.4,169,2.82,True
2026-10-04T09:24:27+11:00,2532669,2509_381,-33.891151428222656,151.2533416748047,322.0,0.0,-67,-1.12,False
2026-10-04T09:24:27+11:00,2636694,2459_504,-33.85166931152344,151.13270568847656,100.0,38.2,-271,-4.52,False
2026-10-04T09:24:27+11:00,2534069,2509_333,-33.88994598388672,151.2418670654297,184.0,21.6,0,0.0,True
2026-10-04T09:24:27+11:00,1912443,2459_483,-33.8881950378418,151.10391235351562,60.0,37.8,-47,-0.78,True
2026-10-04T09:24:27+11:00,2356158,2509_373,-33.895503997802734,151.22195434570312,351.0,0.0,-62,-1.03,False
2026-10-04T09:24:27+11:00,2283982,2459_433,-33.88017654418945,151.17938232421875,107.0,0.0,-128,-2.13,False
2026-10-04T09:24:27+11:00,2288555,2459_442,-33.85770797729492,151.19082641601562,80.0,40.7,-159,-2.65,False
2026-10-04T09:24:27+11:00,2285066,2459_348,-33.907012939453125,151.18292236328125,267.0,36.4,-48,-0.8,True
2026-10-04T09:24:27+11:00,2289931,2459_441,-33.850284576416016,151.1831512451172,47.0,0.0,0,0.0,True
2026-10-04T09:24:27+11:00,2533501,2509_350,-33.898345947265625,151.25213623046875,172.0,46.4,-30,-0.5,True
2026-10-04T09:24:27+11:00,2357034,2509_370,-33.91583251953125,151.23960876464844,184.0,24.5,409,6.82,False
2026-10-04T09:24:27+11:00,2138189,2509_375,-33.946842193603516,151.2561798095703,43.0,32.0,93,1.55,True
2026-10-04T09:24:27+11:00,2335456,2509_309,-33.91850662231445,151.19944763183594,30.0,37.8,-87,-1.45,False
2026-10-04T09:24:27+11:00,2287267,2459_470,-33.8693962097168,151.2104034423828,6.0,0.0,63,1.05,True
2026-10-04T09:24:27+11:00,2534560,2509_352,-33.890953063964844,151.2490997314453,279.0,0.0,0,0.0,True
2026-10-04T09:24:27+11:00,2288126,2459_438X,-33.88117218017578,151.1393585205078,146.0,36.0,88,1.47,True
2026-10-04T09:24:27+11:00,1962179,2459_412,-33.92677688598633,151.12832641601562,101.0,6.1,-78,-1.3,False
2026-10-04T09:24:27+11:00,2739986,2509_370,-33.916683197021484,151.2411346435547,161.0,13.0,-146,-2.43,False
2026-10-04T09:24:27+11:00,2287795,2459_470,-33.876834869384766,151.20945739746094,4.0,29.2,330,5.5,False
2026-10-04T09:24:27+11:00,2289924,2459_437,-33.8729362487793,151.1600799560547,341.0,43.2,-92,-1.53,False
2026-10-04T09:24:27+11:00,2434785,2509_390X,-33.891075134277344,151.24932861328125,284.0,6.5,0,0.0,True
2026-10-04T09:24:27+11:00,2356606,2509_370,-33.89860916137695,151.17794799804688,30.0,32.8,16,0.27,True
2026-10-04T09:24:27+11:00,2533674,2509_333,-33.8762092590332,151.21002197265625,186.0,7.2,155,2.58,True
2026-10-04T09:24:27+11:00,2564472,2509_379,-33.89120864868164,151.24850463867188,100.0,0.0,-116,-1.93,False
2026-10-04T09:24:27+11:00,2739948,2509_370,-33.88908386230469,151.19081115722656,237.0,0.0,291,4.85,True
2026-10-04T09:24:27+11:00,2533574,2509_362,-33.901432037353516,151.27005004882812,356.0,26.6,35,0.58,True
2026-10-04T09:24:27+11:00,2531637,2509_325,-33.854164123535156,151.2720947265625,84.0,36.0,248,4.13,True
2026-10-04T09:24:27+11:00,2494865,2509_343,-33.874908447265625,151.20970153808594,14.0,0.0,-131,-2.18,False
2026-10-04T09:24:27+11:00,2146669,2509_396,-33.89016342163086,151.22048950195312,345.0,56.2,-136,-2.27,False
2026-10-04T09:24:27+11:00,2286603,2459_428,-33.9113883972168,151.11862182617188,139.0,0.0,2,0.03,True
2026-10-04T09:24:27+11:00,2668310,2459_420,-33.925392150878906,151.17457580566406,129.0,60.5,-61,-1.02,False
2026-10-04T09:24:27+11:00,2288061,2459_431,-33.872100830078125,151.18093872070312,326.0,37.8,147,2.45,True
2026-10-04T09:24:27+11:00,2357629,2509_373,-33.91971206665039,151.25709533691406,184.0,8.6,0,0.0,True
2026-10-04T09:24:27+11:00,2300852,2509_399,-33.92105484008789,151.22662353515625,353.0,30.2,-45,-0.75,True
2026-10-04T09:24:27+11:00,2398237,2509_392,-33.89628219604492,151.19805908203125,352.0,34.6,-445,-7.42,False
2026-10-04T09:24:27+11:00,2284748,2459_502,-33.84157943725586,151.116455078125,50.0,0.0,0,0.0,True
2026-10-04T09:24:27+11:00,2628767,2509_304,-33.87963104248047,151.20913696289062,352.0,20.5,-4,-0.07,True
2026-10-04T09:24:27+11:00,2346483,2509_390X,-33.921112060546875,151.22659301757812,352.0,27.0,15,0.25,True
2026-10-04T09:24:27+11:00,2357793,2509_370,-33.87995529174805,151.1870574951172,327.0,0.0,-154,-2.57,False
2026-10-04T09:24:27+11:00,2551659,2509_379,-33.88212585449219,151.27734375,280.0,34.6,141,2.35,True
2026-10-04T09:24:27+11:00,2554385,2459_358,-33.92422866821289,151.2290802001953,95.0,33.5,49,0.82,True
2026-10-04T09:24:27+11:00,2139383,2509_396,-33.92633819580078,151.2307586669922,313.0,0.0,162,2.7,True
2026-10-04T09:24:27+11:00,2286496,2459_418,-33.91544723510742,151.16543579101562,52.0,0.0,0,0.0,True
2026-10-04T09:24:27+11:00,2494832,2509_343,-33.90024948120117,151.20611572265625,11.0,30.6,85,1.42,True
2026-10-04T09:24:27+11:00,2666367,2459_461X,-33.888336181640625,151.1567840576172,76.0,33.1,69,1.15,True
2026-10-04T09:24:27+11:00,2564423,2509_379,-33.88523864746094,151.27386474609375,95.0,21.2,-90,-1.5,False
2026-10-04T09:24:27+11:00,2666333,2459_461X,-33.88462448120117,151.1927490234375,264.0,34.9,68,1.13,True
2026-10-04T09:24:27+11:00,2349309,2459_418,-33.913875579833984,151.1627960205078,128.0,0.0,49,0.82,True
2026-10-04T09:24:27+11:00,2531868,2509_333,-33.87152862548828,151.2101287841797,7.0,31.0,-77,-1.28,False
2026-10-04T09:24:27+11:00,2533794,2509_326,-33.8792839050293,151.23614501953125,13.0,0.0,0,0.0,True
2026-10-04T09:24:27+11:00,2488487,2509_392,-33.945926666259766,151.22650146484375,85.0,24.5,-421,-7.02,False
2026-10-04T09:24:27+11:00,2533738,2509_333,-33.86228942871094,151.21119689941406,4.0,0.0,37,0.62,True
2026-10-04T09:24:27+11:00,2531618,2509_325,-33.87491226196289,151.21990966796875,100.0,0.0,137,2.28,True
2026-10-04T09:24:27+11:00,2288065,2459_440,-33.88266372680664,151.20846557617188,190.0,0.0,35,0.58,True
2026-10-04T09:24:27+11:00,2470788,2509_397,-33.941505432128906,151.23854064941406,96.0,0.0,-213,-3.55,False
2026-10-04T09:24:27+11:00,2356632,2509_343,-33.892845153808594,151.20738220214844,193.0,11.5,94,1.57,True
2026-10-04T09:24:27+11:00,2210230,2459_413,-33.888057708740234,151.16709899902344,263.0,0.4,-152,-2.53,False
2026-10-04T09:24:27+11:00,2286985,2459_426,-33.905582427978516,151.16700744628906,82.0,33.5,104,1.73,True
2026-10-04T09:24:27+11:00,2286985_2,2459_426,-33.90958786010742,151.162353515625,35.0,29.5,217,3.62,True
2026-10-04T09:24:27+11:00,2352229,2509_392,-33.90995788574219,151.22303771972656,99.0,0.0,-24,-0.4,True
2026-10-04T09:24:27+11:00,2474888,2459_389,-33.88814926147461,151.23719787597656,164.0,0.0,-116,-1.93,False
2026-10-04T09:24:27+11:00,2532629,2509_355,-33.890846252441406,151.2476043701172,215.0,18.4,21,0.35,True
2026-10-04T09:24:27+11:00,2532113,2509_355,-33.899105072021484,151.17184448242188,252.0,34.9,-140,-2.33,False
2026-10-04T09:24:27+11:00,2290559,2459_433,-33.88446807861328,151.19515991210938,265.0,42.1,-53,-0.88,True
2026-10-04T09:24:27+11:00,2346443,2509_390X,-33.91086196899414,151.23928833007812,8.0,32.4,-101,-1.68,False
2026-10-04T09:24:27+11:00,2668399,2459_420,-33.939308166503906,151.14805603027344,266.0,27.4,192,3.2,True
2026-10-04T09:24:27+11:00,2288133,2459_348,-33.90744400024414,151.1814727783203,9.0,19.8,-83,-1.38,False
2026-10-04T09:24:27+11:00,2286982,2459_438X,-33.880401611328125,151.13870239257812,326.0,31.3,151,2.52,True
2026-10-04T09:24:27+11:00,2289871,2459_389,-33.88248062133789,151.2316131591797,307.0,14.4,68,1.13,True
2026-10-04T09:24:27+11:00,2532448,2509_324,-33.87321853637695,151.20913696289062,278.0,25.2,336,5.6,False
2026-10-04T09:24:27+11:00,2286871,2459_423,-33.90412139892578,151.16831970214844,22.0,33.8,-37,-0.62,True
2026-10-04T09:24:27+11:00,2357302,2509_370,-33.90787124633789,151.2026824951172,0.0,34.2,206,3.43,True
2026-10-04T09:24:27+11:00,2352363,2509_356,-33.89943313598633,151.24755859375,278.0,51.1,326,5.43,False
2026-10-04T09:24:27+11:00,2534001,2509_350,-33.9471549987793,151.25582885742188,224.0,28.8,20,0.33,True
2026-10-04T09:24:27+11:00,2666391,2459_461X,-33.87811279296875,151.106689453125,291.0,25.9,0,0.0,True
2026-10-04T09:24:27+11:00,2290212,2459_437,-33.874027252197266,151.1605682373047,167.0,29.2,-43,-0.72,True
2026-10-04T09:24:27+11:00,2534217,2509_350,-33.925445556640625,151.19534301757812,99.0,0.0,114,1.9,True
2026-10-04T09:24:27+11:00,2554369,2459_358,-33.92510223388672,151.21875,278.0,0.0,3,0.05,True
2026-10-04T09:24:27+11:00,2340802,2459_530,-33.79630661010742,151.17794799804688,4.0,9.0,-71,-1.18,False
2026-10-04T09:24:27+11:00,2138524,2509_396,-33.897098541259766,151.2220001220703,174.0,37.1,-99,-1.65,False
2026-10-04T09:24:27+11:00,2288109,2459_470,-33.88315963745117,151.1836700439453,56.0,29.5,86,1.43,True
2026-10-04T09:24:27+11:00,2596209,2459_492,-33.86430740356445,151.13059997558594,245.0,24.1,86,1.43,True
2026-10-04T09:24:27+11:00,2494818,2509_374,-33.880332946777344,151.20840454101562,281.0,27.7,-343,-5.72,False
2026-10-04T09:24:27+11:00,2036473,2459_440,-33.8835563659668,151.22146606445312,113.0,24.8,-36,-0.6,True
2026-10-04T09:24:27+11:00,2434494,2509_390X,-33.89949417114258,151.25265502929688,142.0,34.6,21,0.35,True
2026-10-04T09:24:27+11:00,2137473,2509_396,-33.93172836303711,151.2373046875,169.0,47.5,-280,-4.67,False
2026-10-04T09:24:27+11:00,1961717,2459_412,-33.86564254760742,151.2102813720703,217.0,0.0,78,1.3,True
2026-10-04T09:24:27+11:00,2532117,2509_333,-33.88948440551758,151.28338623046875,213.0,14.8,0,0.0,True
2026-10-04T09:24:27+11:00,2287720,2459_438X,-33.857933044433594,151.13101196289062,171.0,36.4,-22,-0.37,True
2026-10-04T09:24:27+11:00,2532121,2509_350,-33.94354248046875,151.2227783203125,273.0,0.0,361,6.02,False
2026-10-04T09:24:27+11:00,2674978,2509_309,-33.95637512207031,151.2060089111328,151.0,0.0,-96,-1.6,False
2026-10-04T09:24:27+11:00,2288110,2459_433,-33.862831115722656,151.17063903808594,23.0,27.4,-622,-10.37,False
2026-10-04T09:24:27+11:00,2288110_2,2459_433,-33.87875747680664,151.1769256591797,345.0,48.2,-32,-0.53,True
2026-10-04T09:24:27+11:00,2140459,2509_306,-33.923404693603516,151.21017456054688,99.0,48.2,128,2.13,True
2026-10-04T09:24:27+11:00,2534072,2509_355,-33.901363372802734,151.19996643066406,337.0,32.4,93,1.55,True
2026-10-04T09:24:27+11:00,2660323,2459_320,-33.88434982299805,151.20338439941406,30.0,0.0,0,0.0,True
2026-10-04T09:24:27+11:00,2285233,2459_303,-33.931663513183594,151.1942138671875,184.0,18.4,253,4.22,True
2026-10-04T09:24:27+11:00,2398223,2509_392,-33.90964889526367,151.2205352783203,280.0,31.0,18,0.3,True
2026-10-04T09:24:27+11:00,2140387,2509_306,-33.92292404174805,151.20706176757812,279.0,1.1,69,1.15,True
2026-10-04T09:24:27+11:00,2666373,2459_530,-33.87036895751953,151.12225341796875,8.0,35.3,77,1.28,True
2026-10-04T09:24:27+11:00,2356872,2509_339,-33.91436767578125,151.2664337158203,130.0,0.0,0,0.0,True
2026-10-04T09:24:27+11:00,2532421,2509_325,-33.843360900878906,151.28419494628906,170.0,0.0,0,0.0,True
2026-10-04T09:24:27+11:00,2287943,2459_442,-33.86981201171875,151.18826293945312,290.0,58.3,-15,-0.25,True
2026-10-04T09:24:27+11:00,2357041,2509_311,-33.8802604675293,151.20892333984375,13.0,1.1,-22,-0.37,True
2026-10-04T09:24:27+11:00,2533606,2509_386,-33.88656234741211,151.26206970214844,291.0,0.0,-252,-4.2,False
2026-10-04T09:24:27+11:00,2356685,2509_339,-33.91168975830078,151.25506591796875,277.0,27.0,14,0.23,True
2026-10-04T09:24:27+11:00,2398224,2509_392,-33.93357467651367,151.23031616210938,349.0,45.0,72,1.2,True
2026-10-04T09:24:27+11:00,2138909,2509_375,-33.93568420410156,151.25787353515625,186.0,46.4,-335,-5.58,False
2026-10-04T09:24:27+11:00,2283294,2459_438X,-33.86498260498047,151.2098388671875,228.0,0.0,0,0.0,True
2026-10-04T09:24:27+11:00,2289332,2459_428,-33.879859924316406,151.2069549560547,16.0,24.8,163,2.72,True
2026-10-04T09:24:27+11:00,2533488,2509_324,-33.87269592285156,151.26370239257812,234.0,46.4,24,0.4,True
2026-10-04T09:24:27+11:00,2534139,2509_333,-33.89165115356445,151.24688720703125,288.0,1.4,-78,-1.3,False
2026-10-04T09:24:27+11:00,2475128,2459_389,-33.87263488769531,151.2064971923828,172.0,0.0,-12,-0.2,True
2026-10-04T09:24:27+11:00,2534577,2509_333,-33.89459228515625,151.26785278320312,278.0,0.0,-18,-0.3,True
2026-10-04T09:24:27+11:00,2534598,2509_350,-33.941673278808594,151.26141357421875,306.0,49.3,-213,-3.55,False
2026-10-04T09:24:27+11:00,2488372,2509_392,-33.89281463623047,151.19912719726562,22.0,0.0,0,0.0,True
2026-10-04T09:24:27+11:00,2346452,2509_390X,-33.942962646484375,151.23941040039062,352.0,26.6,51,0.85,True
2026-10-04T09:24:27+11:00,2534487,2509_350,-33.91128921508789,151.25421142578125,4.0,0.0,378,6.3,False
2026-10-04T09:24:27+11:00,2533071,2509_350,-33.919281005859375,151.2570037841797,9.0,1.8,-54,-0.9,True
2026-10-04T09:24:27+11:00,2531857,2509_313,-33.89551544189453,151.250732421875,149.0,44.6,-43,-0.72,True
2026-10-04T09:24:27+11:00,2283692,2459_442,-33.85804748535156,151.18295288085938,292.0,0.0,-19,-0.32,True
2026-10-04T09:24:27+11:00,2534582,2509_333,-33.88877487182617,151.23233032226562,137.0,0.0,76,1.27,True
2026-10-04T09:24:27+11:00,2636660,2459_504,-33.855125427246094,151.13351440429688,75.0,0.0,216,3.6,True
2026-10-04T09:24:27+11:00,2739938,2509_370,-33.91206741333008,151.21192932128906,96.0,25.6,-50,-0.83,True
2026-10-04T09:24:27+11:00,2283331,2459_433,-33.86185073852539,151.17127990722656,205.0,22.7,-95,-1.58,False
2026-10-04T09:24:27+11:00,2532959,2509_350,-33.91205978393555,151.25775146484375,99.0,47.2,285,4.75,True
2026-10-04T09:24:27+11:00,2609081,2459_430,-33.915687561035156,151.16552734375,7.0,0.0,0,0.0,True
2026-10-04T09:24:27+11:00,2357752,2509_311,-33.87313461303711,151.20834350585938,278.0,8.3,-85,-1.42,False
2026-10-04T09:24:27+11:00,2532742,2509_324,-33.87118148803711,151.251220703125,39.0,0.0,21,0.35,True
2026-10-04T09:24:27+11:00,2674974,2509_309,-33.92732238769531,151.19512939453125,190.0,41.8,-39,-0.65,True
2026-10-04T09:24:27+11:00,2286637,2459_438X,-33.88467788696289,151.191162109375,87.0,44.3,351,5.85,False
2026-10-04T09:24:27+11:00,2352569,2509_307,-33.94186019897461,151.2135009765625,234.0,27.4,316,5.27,False
2026-10-04T09:24:27+11:00,2287816,2459_422,-33.90779113769531,151.18136596679688,9.0,11.5,101,1.68,True
2026-10-04T09:24:27+11:00,2036146,2459_440,-33.87180709838867,151.1583709716797,254.0,30.6,-49,-0.82,True
2026-10-04T09:24:27+11:00,2609078,2459_430,-33.888885498046875,151.19090270996094,241.0,0.0,55,0.92,True
2026-10-04T09:24:27+11:00,2403082,2509_311,-33.87749481201172,151.21304321289062,314.0,0.0,-174,-2.9,False
2026-10-04T09:24:27+11:00,2628707,2509_304,-33.89724349975586,151.2130126953125,41.0,5.0,132,2.2,True
2026-10-04T09:24:27+11:00,2531378,2509_360,-33.90546798706055,151.25833129882812,281.0,0.0,157,2.62,True
2026-10-04T09:24:27+11:00,2564368,2509_379,-33.9062614440918,151.2637939453125,277.0,0.0,29,0.48,True
2026-10-04T09:24:27+11:00,2532479,2509_333,-33.891151428222656,151.25303649902344,72.0,0.0,-172,-2.87,False
2026-10-04T09:24:27+11:00,2494886,2509_374,-33.9146614074707,151.24920654296875,19.0,0.0,27,0.45,True
2026-10-04T09:24:27+11:00,2211234,2459_464,-33.85162353515625,151.10751342773438,167.0,18.0,13,0.22,True
2026-10-04T09:24:27+11:00,2628807,2509_304,-33.86897659301758,151.21044921875,193.0,0.0,98,1.63,True
2026-10-04T09:24:27+11:00,2531998,2509_380,-33.89005661010742,151.2823028564453,289.0,28.4,33,0.55,True
2026-10-04T09:24:27+11:00,2289088,2459_428,-33.89872360229492,151.17388916015625,81.0,27.7,319,5.32,False
2026-10-04T09:24:27+11:00,2532863,2509_380,-33.889892578125,151.28285217285156,52.0,22.0,-41,-0.68,True
2026-10-04T09:24:27+11:00,2532250,2509_324,-33.863285064697266,151.20301818847656,177.0,38.2,-53,-0.88,True
2026-10-04T09:24:27+11:00,2356395,2509_373,-33.89120864868164,151.22119140625,169.0,46.1,16,0.27,True
2026-10-04T09:24:27+11:00,2531728,2509_360,-33.8912353515625,151.24766540527344,123.0,9.4,21,0.35,True
2026-10-04T09:24:27+11:00,2660447,2459_320,-33.90311813354492,151.20742797851562,299.0,0.0,23,0.38,True
2026-10-04T09:24:27+11:00,2349328,2459_418,-33.888545989990234,151.1246337890625,131.0,15.5,87,1.45,True
2026-10-04T09:24:27+11:00,,_291,-33.81238555908203,151.17153930664062,82.0,0.0,,,
2026-10-04T12:51:44+11:00,2376739,2508_100,-33.866783142089844,151.20506286621094,1.0,11.5,89,1.48,True
2026-10-04T12:51:44+11:00,2376280,2508_144,-33.79732131958008,151.1796112060547,245.0,0.0,0,0.0,True
2026-10-04T12:51:44+11:00,2310612,7083_SW3,-33.905059814453125,151.1282501220703,39.0,17.3,27,0.45,True
2026-10-04T12:51:44+11:00,2377818,2508_173X,-33.82590866088867,151.23294067382812,40.0,52.2,39,0.65,True
2026-10-04T12:51:44+11:00,2415603,2508_B1,-33.807861328125,151.24668884277344,12.0,30.2,125,2.08,True
2026-10-04T12:51:44+11:00,2558716,7083_SW1,-33.9100227355957,151.1326141357422,140.0,13.0,283,4.72,True
2026-10-04T12:51:44+11:00,2281162,7083_SW3,-33.91349411010742,151.11610412597656,260.0,40.7,-53,-0.88,True
2026-10-04T12:51:44+11:00,2420823,2508_238,-33.84513473510742,151.2415008544922,62.0,24.5,197,3.28,True
2026-10-04T12:51:44+11:00,2373993,2508_100,-33.84193420410156,151.24366760253906,352.0,0.0,0,0.0,True
2026-10-04T12:51:44+11:00,2420726,2508_230,-33.83905029296875,151.20693969726562,190.0,34.9,48,0.8,True
2026-10-04T12:51:44+11:00,2377629,2508_100,-33.84212875366211,151.24362182617188,350.0,1.1,0,0.0,True
2026-10-04T12:51:44+11:00,2714109,2508_114,-33.830928802490234,151.2460479736328,259.0,0.0,153,2.55,True
2026-10-04T12:51:44+11:00,2421050,2508_238,-33.84589767456055,151.2402801513672,247.0,5.4,160,2.67,True
2026-10-04T12:51:44+11:00,2558765,7083_SW1,-33.934513092041016,151.1527862548828,0.0,0.0,2703,45.05,False
2026-10-04T12:51:44+11:00,2424318,2508_230,-33.84374237060547,151.2105255126953,0.0,1.1,151,2.52,True
2026-10-04T12:51:44+11:00,2454941,2508_225,-33.830013275146484,151.22674560546875,62.0,37.1,374,6.23,False
2026-10-04T12:51:44+11:00,2373989,2508_144,-33.83025360107422,151.2191925048828,117.0,19.8,188,3.13,True
2026-10-04T12:51:44+11:00,2589827,2508_280,-33.786197662353516,151.1829071044922,70.0,37.1,113,1.88,True
2026-10-04T12:51:44+11:00,2376395,2508_144,-33.823211669921875,151.19479370117188,81.0,0.0,317,5.28,False
2026-10-04T12:51:44+11:00,2375835,2508_100,-33.861656188964844,151.2057342529297,195.0,57.2,-134,-2.23,False
2026-10-04T12:51:44+11:00,2558722,7083_SW1,-33.91264343261719,151.1182098388672,47.0,34.2,98,1.63,True
2026-10-04T12:51:44+11:00,2714079,2508_144,-33.82324981689453,151.19508361816406,260.0,36.7,-142,-2.37,False
2026-10-04T12:51:44+11:00,2377745,2508_172X,-33.865081787109375,151.20582580566406,272.0,4.3,100,1.67,True
2026-10-04T12:51:44+11:00,2375568,2508_100,-33.82483673095703,151.23416137695312,59.0,32.0,-292,-4.87,False
2026-10-04T12:51:44+11:00,1973452,2508_162,-33.80238723754883,151.2664031982422,189.0,0.0,25,0.42,True
2026-10-04T12:51:44+11:00,2714312,2508_144,-33.8147087097168,151.17788696289062,339.0,46.1,-18,-0.3,True
2026-10-04T12:51:44+11:00,2714247,2508_144,-33.79404067993164,151.26206970214844,280.0,38.5,168,2.8,True
2026-10-04T12:51:44+11:00,2415483,2508_B1,-33.866241455078125,151.2063446044922,8.0,0.0,0,0.0,True
2026-10-04T12:51:44+11:00,2088206,2508_160X,-33.79576873779297,151.18128967285156,8.0,6.8,100,1.67,True
2026-10-04T12:51:44+11:00,2310482,7083_SW3,-33.909278869628906,151.1614990234375,125.0,26.6,91,1.52,True
2026-10-04T12:51:44+11:00,2420903,2508_238,-33.84587860107422,151.2399444580078,276.0,0.0,280,4.67,True
2026-10-04T12:51:44+11:00,2374384,2508_B1,-33.8459587097168,151.2123565673828,166.0,54.7,24,0.4,True
2026-10-04T12:51:44+11:00,2714218,2508_144,-33.8315544128418,151.2222900390625,290.0,27.4,-44,-0.73,True
2026-10-04T12:51:44+11:00,2454926,2508_225,-33.8417854309082,151.22708129882812,340.0,32.0,451,7.52,False
2026-10-04T12:51:44+11:00,2420977,2508_230,-33.825313568115234,151.24270629882812,299.0,23.4,44,0.73,True
2026-10-04T12:51:44+11:00,2388824,2508_173X,-33.813358306884766,151.24417114257812,204.0,40.0,150,2.5,True
2026-10-04T12:51:44+11:00,2424288,2508_230,-33.824527740478516,151.24017333984375,97.0,0.0,170,2.83,True
2026-10-04T12:51:44+11:00,2088221,2508_160X,-33.79618835449219,151.18096923828125,182.0,0.0,0,0.0,True
2026-10-04T12:51:44+11:00,2376907,2508_243,-33.83094787597656,151.22076416015625,114.0,35.6,40,0.67,True
2026-10-04T12:51:44+11:00,2558704,7083_SW1,-33.91584014892578,151.1503448486328,53.0,35.6,243,4.05,True
2026-10-04T12:51:44+11:00,2281206,7083_SW3,-33.91109848022461,151.15756225585938,299.0,18.7,63,1.05,True
2026-10-04T12:51:44+11:00,2677123,2503_M90,-33.875022888183594,151.10752868652344,6.0,0.0,0,0.0,True
2026-10-04T12:51:44+11:00,2589864,2508_280,-33.780853271484375,151.19590759277344,179.0,18.0,-205,-3.42,False
2026-10-04T12:51:44+11:00,2377500,2508_263,-33.82670974731445,151.2011260986328,99.0,0.0,0,0.0,True
2026-10-04T12:51:44+11:00,2415585,2508_B1,-33.82799530029297,151.23036193847656,60.0,32.0,107,1.78,True
2026-10-04T12:51:44+11:00,2374639,2508_100,-33.826175689697266,151.23269653320312,220.0,0.4,287,4.78,True
2026-10-04T12:51:44+11:00,2376572,2508_144,-33.82193374633789,151.18655395507812,150.0,32.8,-11,-0.18,True
2026-10-04T12:51:44+11:00,2375175,2508_144,-33.81401062011719,151.24378967285156,11.0,36.0,-109,-1.82,False
2026-10-04T12:51:44+11:00,2374959,2508_100,-33.82987594604492,151.24420166015625,175.0,18.0,-212,-3.53,False
2026-10-04T12:51:44+11:00,2392348,2508_114,-33.83079528808594,151.2442626953125,171.0,0.0,219,3.65,True
2026-10-04T12:51:44+11:00,2375723,2508_173X,-33.8663330078125,151.20632934570312,5.0,0.0,0,0.0,True
2026-10-04T12:51:44+11:00,2373831,2508_263,-33.85749053955078,151.20733642578125,27.0,61.2,3,0.05,True
2026-10-04T12:51:44+11:00,2415500,2508_B1,-33.851478576660156,151.2111053466797,28.0,61.6,-18,-0.3,True
2026-10-04T12:51:44+11:00,2377207,2508_173X,-33.794334411621094,151.26467895507812,106.0,3.2,123,2.05,True
2026-10-04T12:51:44+11:00,2714260,2508_114,-33.823421478271484,151.19618225097656,291.0,32.8,-76,-1.27,False
2026-10-04T12:51:44+11:00,2683089,7083_SW1,-33.91841506958008,151.1457061767578,15.0,32.8,175,2.92,True
2026-10-04T12:51:44+11:00,2377604,2508_100,-33.87065124511719,151.20623779296875,186.0,0.0,-81,-1.35,False
2026-10-04T12:51:44+11:00,2529693,7084_SW2,-33.90459060668945,151.13916015625,245.0,41.8,298,4.97,True
2026-10-04T12:51:44+11:00,2529680,7084_SW2,-33.909820556640625,151.162353515625,309.0,4.7,86,1.43,True
2026-10-04T12:51:44+11:00,2572434,7084_SW2,-33.902679443359375,151.14364624023438,63.0,37.4,-231,-3.85,False
2026-10-04T12:51:44+11:00,2529773,7084_SW2,-33.91448211669922,151.16546630859375,236.0,0.0,0,0.0,True
2026-10-04T12:51:44+11:00,2672472,2507_115,-33.80686569213867,151.1994171142578,168.0,0.0,-70,-1.17,False
2026-10-04T12:51:44+11:00,2737499,2507_533,-33.80588150024414,151.16378784179688,281.0,7.9,-23,-0.38,True
2026-10-04T12:51:44+11:00,2642865,2507_120,-33.79668045043945,151.1973876953125,339.0,52.2,-78,-1.3,False
2026-10-04T12:51:44+11:00,2737596,2507_533,-33.80061721801758,151.1439666748047,128.0,59.4,330,5.5,False
2026-10-04T12:51:44+11:00,2737484,2507_501,-33.820594787597656,151.11907958984375,313.0,38.5,70,1.17,True
2026-10-04T12:51:44+11:00,2642937,2507_501,-33.83266067504883,151.1270294189453,184.0,0.0,-182,-3.03,False
2026-10-04T12:51:44+11:00,2642944,2507_52,-33.82334518432617,151.1231231689453,124.0,43.9,50,0.83,True
2026-10-04T12:51:44+11:00,2441973,2507_202,-33.80717468261719,151.23040771484375,169.0,0.0,25,0.42,True
2026-10-04T12:51:44+11:00,2621134,2507_252,-33.838600158691406,151.2069854736328,188.0,0.0,0,0.0,True
2026-10-04T12:51:44+11:00,2643308,2507_52,-33.84684753417969,151.15188598632812,148.0,20.9,80,1.33,True
2026-10-04T12:51:44+11:00,2643860,2507_501,-33.85451889038086,151.15786743164062,142.0,0.0,232,3.87,True
2026-10-04T12:51:44+11:00,2644701,2507_120,-33.79377365112305,151.1962432861328,158.0,1.1,-12,-0.2,True
2026-10-04T12:51:44+11:00,2644098,2507_52,-33.871437072753906,151.21652221679688,42.0,0.0,0,0.0,True
2026-10-04T12:51:44+11:00,2643036,2507_120,-33.83535385131836,151.21115112304688,199.0,68.4,-96,-1.6,False
2026-10-04T12:51:44+11:00,2538084,2507_506,-33.81840896606445,151.12583923339844,116.0,1.4,-2,-0.03,True
2026-10-04T12:51:44+11:00,2644937,2507_52,-33.87350845336914,151.2126007080078,185.0,0.4,0,0.0,True
2026-10-04T12:51:44+11:00,2644017,2507_52,-33.85517883300781,151.1583251953125,323.0,23.8,-74,-1.23,False
2026-10-04T12:51:44+11:00,2407317,2507_292,-33.8199577331543,151.20346069335938,325.0,73.4,16,0.27,True
2026-10-04T12:51:44+11:00,2538010,2507_506,-33.873085021972656,151.20787048339844,98.0,0.0,112,1.87,True
2026-10-04T12:51:44+11:00,2322685,2507_506,-33.840065002441406,151.14590454101562,324.0,56.5,-240,-4.0,False
2026-10-04T12:51:44+11:00,2682136,2507_267,-33.80242919921875,151.20932006835938,91.0,40.0,160,2.67,True
2026-10-04T12:51:44+11:00,2557370,2507_291,-33.806480407714844,151.1533660888672,317.0,21.2,-151,-2.52,False
2026-10-04T12:51:44+11:00,2737503,2507_501,-33.87989807128906,151.20852661132812,182.0,0.0,0,0.0,True
2026-10-04T12:51:44+11:00,2620934,2507_288,-33.858551025390625,151.20684814453125,208.0,56.2,243,4.05,True
2026-10-04T12:51:44+11:00,2672268,2507_115,-33.838680267333984,151.20657348632812,329.0,37.1,-60,-1.0,True
2026-10-04T12:51:44+11:00,2225922,2507_292,-33.803646087646484,151.14889526367188,102.0,47.2,-382,-6.37,False
2026-10-04T12:51:44+11:00,2643107,2507_52,-33.8394660949707,151.14511108398438,313.0,69.8,273,4.55,True
2026-10-04T12:51:44+11:00,2672407,2507_115,-33.79459762573242,151.1882781982422,250.0,28.1,-595,-9.92,False
2026-10-04T12:51:44+11:00,2644123,2507_501,-33.874122619628906,151.19647216796875,155.0,33.8,65,1.08,True
2026-10-04T12:51:44+11:00,2407221,2507_252,-33.82243347167969,151.1405487060547,210.0,29.9,44,0.73,True
2026-10-04T12:51:44+11:00,2644427,2507_120,-33.865474700927734,151.2049102783203,355.0,0.0,143,2.38,True
2026-10-04T12:51:44+11:00,2644831,2507_120,-33.8702278137207,151.20619201660156,176.0,5.0,-201,-3.35,False
2026-10-04T12:51:44+11:00,2226255,2507_288,-33.86868667602539,151.20361328125,147.0,9.0,-82,-1.37,False
2026-10-04T12:51:44+11:00,2555480,2507_538,-33.829811096191406,151.1273651123047,49.0,0.0,0,0.0,True
2026-10-04T12:51:44+11:00,2643708,2507_120,-33.79538345336914,151.18133544921875,213.0,0.0,-739,-12.32,False
2026-10-04T12:51:44+11:00,2672309,2507_267,-33.80419158935547,151.2056427001953,191.0,0.0,4,0.07,True
2026-10-04T12:51:44+11:00,2227784,2507_254,-33.81642532348633,151.1701202392578,354.0,45.4,37,0.62,True
2026-10-04T12:51:44+11:00,2441993,2507_207,-33.82621765136719,151.2096710205078,189.0,1.1,-82,-1.37,False
2026-10-04T12:51:44+11:00,2230990,2507_292,-33.83611297607422,151.2114715576172,186.0,63.7,-183,-3.05,False
2026-10-04T12:51:44+11:00,2441790,2507_207,-33.863834381103516,151.20611572265625,225.0,23.4,-40,-0.67,True
2026-10-04T12:51:44+11:00,2737473,2507_501,-33.8807373046875,151.2002716064453,12.0,7.6,46,0.77,True
2026-10-04T12:51:44+11:00,2737564,2507_501,-33.86799240112305,151.17933654785156,254.0,48.6,318,5.3,False
2026-10-04T12:51:44+11:00,2620929,2507_252,-33.814788818359375,151.1540069580078,277.0,27.0,153,2.55,True
2026-10-04T12:51:44+11:00,2719208,2514_281,-33.79243087768555,151.1958770751953,249.0,17.6,-377,-6.28,False
2026-10-04T12:51:44+11:00,2719109,2514_278,-33.780982971191406,151.19573974609375,6.0,6.5,0,0.0,True
2026-10-04T12:51:44+11:00,2718940,2514_270,-33.78257751464844,151.1967010498047,334.0,39.6,21,0.35,True
2026-10-04T12:51:44+11:00,2719115,2514_270,-33.786094665527344,151.2013702392578,166.0,23.4,-4,-0.07,True
2026-10-04T12:51:44+11:00,2709914,2504_607X,-33.869937896728516,151.20616149902344,176.0,2.5,0,0.0,True
2026-10-04T12:51:44+11:00,2705247,2504_610X,-33.81324768066406,151.19140625,73.0,71.6,-39,-0.65,True
2026-10-04T12:51:44+11:00,2708531,2504_610X,-33.872711181640625,151.2063751220703,250.0,12.6,77,1.28,True
2026-10-04T12:51:44+11:00,2718810,2514_270,-33.870155334472656,151.20619201660156,170.0,0.0,0,0.0,True
2026-10-04T12:51:44+11:00,2719417,2514_271,-33.85598373413086,151.20816040039062,28.0,55.8,48,0.8,True
2026-10-04T12:51:44+11:00,2708468,2504_610X,-33.86842346191406,151.20599365234375,173.0,0.0,0,0.0,True
2026-10-04T12:51:44+11:00,2719163,2514_194,-33.87177658081055,151.2056121826172,355.0,0.0,0,0.0,True
2026-10-04T12:51:44+11:00,2719034,2514_281,-33.796295166015625,151.18096923828125,175.0,16.6,280,4.67,True
2026-10-04T12:51:44+11:00,2710159,2504_610X,-33.81376647949219,151.18597412109375,275.0,83.2,108,1.8,True
2026-10-04T12:51:44+11:00,2718943,2514_194,-33.78683853149414,151.20152282714844,340.0,39.6,95,1.58,True
2026-10-04T12:51:44+11:00,2705096,2504_607X,-33.854103088378906,151.20960998535156,27.0,65.5,91,1.52,True
2026-10-04T12:51:44+11:00,2718981,2514_283,-33.796138763427734,151.18075561523438,198.0,0.0,0,0.0,True
2026-10-04T12:51:44+11:00,2718845,2514_565,-33.79677200317383,151.1802978515625,0.0,0.0,0,0.0,True
2026-10-04T12:51:44+11:00,2628664,2509_304,-33.87491989135742,151.20970153808594,11.0,0.0,-84,-1.4,False
2026-10-04T12:51:44+11:00,2596397,2459_492,-33.87447738647461,151.10421752929688,191.0,0.0,368,6.13,False
2026-10-04T12:51:44+11:00,2675066,2509_309,-33.89276885986328,151.200439453125,204.0,0.0,0,0.0,True
2026-10-04T12:51:44+11:00,2140155,2509_375,-33.9426383972168,151.2627410888672,206.0,26.3,-108,-1.8,False
2026-10-04T12:51:44+11:00,2284342,2459_438X,-33.851318359375,151.1288604736328,335.0,36.0,95,1.58,True
2026-10-04T12:51:44+11:00,2534619,2509_325,-33.843807220458984,151.2840118408203,3.0,0.0,0,0.0,True
2026-10-04T12:51:44+11:00,2285333,2459_418,-33.907222747802734,151.13597106933594,176.0,13.7,105,1.75,True
2026-10-04T12:51:44+11:00,2666377,2459_461X,-33.87388229370117,151.2154541015625,10.0,0.0,0,0.0,True
2026-10-04T12:51:44+11:00,2531687,2509_333,-33.89156723022461,151.27374267578125,42.0,23.8,-6,-0.1,True
2026-10-04T12:51:44+11:00,2287185,2459_303,-33.92450714111328,151.21595764160156,99.0,0.0,466,7.77,False
2026-10-04T12:51:44+11:00,2736649,2459_308,-33.90644836425781,151.18118286132812,336.0,0.0,-127,-2.12,False
2026-10-04T12:51:44+11:00,2484446,2459_483,-33.88644790649414,151.1781463623047,255.0,46.1,141,2.35,True
2026-10-04T12:51:44+11:00,2532428,2509_380,-33.884098052978516,151.28297424316406,149.0,46.8,585,9.75,False
2026-10-04T12:51:44+11:00,2285985,2459_442,-33.870872497558594,151.20599365234375,84.0,0.0,68,1.13,True
2026-10-04T12:51:44+11:00,2352659,2509_392,-33.89663314819336,151.1997833251953,90.0,26.3,9,0.15,True
2026-10-04T12:51:44+11:00,2686089,2459_423,-33.86544418334961,151.21046447753906,218.0,0.0,127,2.12,True
2026-10-04T12:51:44+11:00,2666416,2459_461X,-33.884464263916016,151.13525390625,124.0,24.5,170,2.83,True
2026-10-04T12:51:44+11:00,2532930,2509_360,-33.89362335205078,151.24942016601562,356.0,19.8,-203,-3.38,False
2026-10-04T12:51:44+11:00,2308698,2459_445,-33.89402770996094,151.15576171875,68.0,34.6,319,5.32,False
2026-10-04T12:51:44+11:00,2356456,2509_370,-33.91659927368164,151.23680114746094,280.0,3.2,138,2.3,True
2026-10-04T12:51:44+11:00,2284737,2459_423,-33.88623809814453,151.1940155029297,19.0,53.3,-1,-0.02,True
2026-10-04T12:51:44+11:00,2285227,2459_433,-33.86146926879883,151.17140197753906,25.0,24.5,-261,-4.35,False
2026-10-04T12:51:44+11:00,2286806,2459_440,-33.89091110229492,151.24874877929688,96.0,0.0,0,0.0,True
2026-10-04T12:51:44+11:00,1959124,2459_413,-33.89555358886719,151.1267547607422,93.0,29.9,63,1.05,True
2026-10-04T12:51:44+11:00,2308966,2459_445,-33.856178283691406,151.17718505859375,112.0,25.2,-89,-1.48,False
2026-10-04T12:51:44+11:00,2286175,2459_442,-33.85814666748047,151.1876220703125,267.0,38.9,-3,-0.05,True
2026-10-04T12:51:44+11:00,2285411,2459_428,-33.91133499145508,151.11865234375,139.0,0.0,3,0.05,True
2026-10-04T12:51:44+11:00,2608946,2459_430,-33.89781188964844,151.1785888671875,245.0,0.0,-113,-1.88,False
2026-10-04T12:51:44+11:00,2534167,2509_360,-33.89726257324219,151.26004028320312,100.0,27.7,52,0.87,True
2026-10-04T12:51:44+11:00,2288540,2459_426,-33.89957809448242,151.17086791992188,24.0,0.0,-29,-0.48,True
2026-10-04T12:51:44+11:00,2666470,2459_530,-33.86715316772461,151.1300048828125,12.0,31.0,3,0.05,True
2026-10-04T12:51:44+11:00,2596432,2459_492,-33.87540054321289,151.10824584960938,105.0,24.1,-75,-1.25,False
2026-10-04T12:51:44+11:00,2290793,2459_437,-33.869258880615234,151.1297607421875,254.0,0.0,41,0.68,True
2026-10-04T12:51:44+11:00,2210800,2459_464,-33.88797378540039,151.12625122070312,113.0,0.0,0,0.0,True
2026-10-04T12:51:44+11:00,1959550,2459_412,-33.8835563659668,151.20333862304688,225.0,0.0,66,1.1,True
2026-10-04T12:51:44+11:00,2352525,2509_307,-33.94609451293945,151.20921325683594,150.0,48.6,64,1.07,True
2026-10-04T12:51:44+11:00,2666458,2459_461X,-33.874752044677734,151.104248046875,188.0,0.0,-136,-2.27,False
2026-10-04T12:51:44+11:00,2470789,2509_397,-33.94711685180664,151.2518310546875,204.0,11.9,-12,-0.2,True
2026-10-04T12:51:44+11:00,2475170,2459_389,-33.88801193237305,151.23973083496094,77.0,0.0,460,7.67,False
2026-10-04T12:51:44+11:00,2532446,2509_333,-33.88956832885742,151.28334045410156,214.0,0.0,0,0.0,True
2026-10-04T12:51:44+11:00,2532675,2509_350,-33.92118835449219,151.25669860839844,8.0,0.0,47,0.78,True
2026-10-04T12:51:44+11:00,2675125,2509_309,-33.943946838378906,151.19619750976562,154.0,0.0,-121,-2.02,False
2026-10-04T12:51:44+11:00,2534228,2509_333,-33.89104080200195,151.25314331054688,69.0,10.8,37,0.62,True
2026-10-04T12:51:44+11:00,2533579,2509_380,-33.891666412353516,151.25186157226562,51.0,0.0,44,0.73,True
2026-10-04T12:51:44+11:00,2475227,2459_389,-33.869720458984375,151.20370483398438,174.0,0.0,-12,-0.2,True
2026-10-04T12:51:44+11:00,2533349,2509_324,-33.90097427368164,151.24317932128906,279.0,49.0,0,0.0,True
2026-10-04T12:51:44+11:00,2036093,2459_440,-33.887962341308594,151.15875244140625,77.0,8.3,-53,-0.88,True
2026-10-04T12:51:44+11:00,2136824,2509_396,-33.9451789855957,151.2583465576172,250.0,0.4,15,0.25,True
2026-10-04T12:51:44+11:00,2628771,2509_304,-33.862361907958984,151.21205139160156,9.0,0.0,0,0.0,True
2026-10-04T12:51:44+11:00,2356855,2509_374,-33.89497756958008,151.22109985351562,130.0,0.0,244,4.07,True
2026-10-04T12:51:44+11:00,2356761,2509_343,-33.86275863647461,151.2119903564453,9.0,0.0,0,0.0,True
2026-10-04T12:51:44+11:00,2288578,2459_441,-33.850257873535156,151.18324279785156,45.0,0.0,0,0.0,True
2026-10-04T12:51:44+11:00,2290438,2459_389,-33.873863220214844,151.21343994140625,282.0,14.0,-10,-0.17,True
2026-10-04T12:51:44+11:00,2349371,2459_418,-33.90813446044922,151.12979125976562,132.0,40.7,133,2.22,True
2026-10-04T12:51:44+11:00,2532487,2509_333,-33.864990234375,151.21153259277344,333.0,22.3,0,0.0,True
2026-10-04T12:51:44+11:00,2403186,2509_311,-33.87419509887695,151.2228546142578,222.0,27.0,0,0.0,True
2026-10-04T12:51:44+11:00,2355962,2509_370,-33.91227722167969,151.21368408203125,240.0,32.0,104,1.73,True
2026-10-04T12:51:44+11:00,2628724,2509_304,-33.881587982177734,151.21478271484375,10.0,19.1,-205,-3.42,False
2026-10-04T12:51:44+11:00,2532721,2509_355,-33.889854431152344,151.23275756835938,250.0,36.4,-18,-0.3,True
2026-10-04T12:51:44+11:00,2686058,2459_423,-33.8797721862793,151.20697021484375,194.0,12.6,191,3.18,True
2026-10-04T12:51:44+11:00,2736587,2459_445,-33.884193420410156,151.1512451171875,86.0,35.6,-235,-3.92,False
2026-10-04T12:51:44+11:00,2686071,2459_423,-33.89773941040039,151.1786651611328,234.0,0.0,6,0.1,True
2026-10-04T12:51:44+11:00,2284858,2459_469,-33.8820915222168,151.17263793945312,292.0,32.8,-33,-0.55,True
2026-10-04T12:51:44+11:00,2596194,2459_491,-33.87148666381836,151.1279296875,44.0,0.0,314,5.23,False
2026-10-04T12:51:44+11:00,2357291,2509_373,-33.91999053955078,151.25704956054688,190.0,0.0,9,0.15,True
2026-10-04T12:51:44+11:00,2139552,2509_306,-33.92985534667969,151.1958770751953,275.0,34.9,98,1.63,True
2026-10-04T12:51:44+11:00,2628721,2509_304,-33.87339782714844,151.2099151611328,184.0,30.2,-2,-0.03,True
2026-10-04T12:51:44+11:00,2137574,2509_375,-33.947750091552734,151.25148010253906,18.0,0.0,15,0.25,True
2026-10-04T12:51:44+11:00,2434499,2509_390X,-33.891361236572266,151.2491912841797,163.0,18.4,246,4.1,True
2026-10-04T12:51:44+11:00,2494704,2509_343,-33.915557861328125,151.2047882080078,16.0,39.2,57,0.95,True
2026-10-04T12:51:44+11:00,2534393,2509_350,-33.93940353393555,151.21434020996094,136.0,45.0,41,0.68,True
2026-10-04T12:51:44+11:00,2140272,2509_396,-33.880462646484375,151.21670532226562,129.0,0.0,57,0.95,True
2026-10-04T12:51:44+11:00,2636665,2459_504,-33.86459732055664,151.17127990722656,133.0,34.9,159,2.65,True
2026-10-04T12:51:44+11:00,2286781,2459_389,-33.874977111816406,151.19703674316406,267.0,15.8,306,5.1,False
2026-10-04T12:51:44+11:00,2285645,2459_438X,-33.88258361816406,151.20848083496094,189.0,0.0,-70,-1.17,False
2026-10-04T12:51:44+11:00,2531369,2509_333,-33.866371154785156,151.21075439453125,5.0,0.0,-108,-1.8,False
2026-10-04T12:51:44+11:00,2531855,2509_360,-33.913475036621094,151.26910400390625,212.0,18.0,272,4.53,True
2026-10-04T12:51:44+11:00,2534638,2509_327,-33.879310607910156,151.23843383789062,272.0,6.1,9,0.15,True
2026-10-04T12:51:44+11:00,2346340,2509_390X,-33.92437744140625,151.22828674316406,307.0,3.6,9,0.15,True
2026-10-04T12:51:44+11:00,2532753,2509_333,-33.891544342041016,151.2738037109375,229.0,8.6,105,1.75,True
2026-10-04T12:51:44+11:00,2284614,2459_433,-33.857688903808594,151.18142700195312,283.0,7.2,243,4.05,True
2026-10-04T12:51:44+11:00,2283713,2459_428,-33.8937873840332,151.18307495117188,34.0,0.0,-128,-2.13,False
2026-10-04T12:51:44+11:00,2533306,2509_325,-33.87508010864258,151.220947265625,101.0,33.1,121,2.02,True
2026-10-04T12:51:44+11:00,2531718,2509_350,-33.940494537353516,151.23194885253906,100.0,42.1,160,2.67,True
2026-10-04T12:51:44+11:00,2357646,2509_343,-33.921905517578125,151.20037841796875,200.0,2.9,106,1.77,True
2026-10-04T12:51:44+11:00,2352588,2509_392,-33.92338180541992,151.22752380371094,155.0,0.0,-63,-1.05,False
2026-10-04T12:51:44+11:00,2290653,2459_440,-33.87196350097656,151.157470703125,74.0,19.1,63,1.05,True
2026-10-04T12:51:44+11:00,2532166,2509_333,-33.8784294128418,151.2171630859375,4.0,72.0,0,0.0,True
2026-10-04T12:51:44+11:00,1870994,2459_412,-33.8803596496582,151.20681762695312,13.0,5.0,-266,-4.43,False
2026-10-04T12:51:44+11:00,2289763,2459_418,-33.91559600830078,151.1655731201172,10.0,0.0,0,0.0,True
2026-10-04T12:51:44+11:00,2532585,2509_350,-33.94496154785156,151.25863647460938,106.0,19.1,59,0.98,True
2026-10-04T12:51:44+11:00,2596340,2459_492,-33.856266021728516,151.14662170410156,52.0,42.5,933,15.55,False
2026-10-04T12:51:44+11:00,1961027,2459_412,-33.91144943237305,151.1418914794922,275.0,10.8,154,2.57,True
2026-10-04T12:51:44+11:00,2534013,2509_350,-33.93286895751953,151.17950439453125,95.0,0.0,0,0.0,True
2026-10-04T12:51:44+11:00,2141085,2509_306,-33.907100677490234,151.2029266357422,187.0,0.0,34,0.57,True
2026-10-04T12:51:44+11:00,2474849,2459_389,-33.86946487426758,151.19789123535156,358.0,0.0,2,0.03,True
2026-10-04T12:51:44+11:00,2284107,2459_433,-33.88030242919922,151.18748474121094,146.0,37.1,222,3.7,True
2026-10-04T12:51:44+11:00,2283863,2459_437,-33.870887756347656,151.20584106445312,78.0,0.0,2,0.03,True
2026-10-04T12:51:44+11:00,2666603,2459_461X,-33.87623977661133,151.10398864746094,10.0,28.8,50,0.83,True
2026-10-04T12:51:44+11:00,2675097,2509_309,-33.893157958984375,151.1990509033203,21.0,0.0,0,0.0,True
2026-10-04T12:51:44+11:00,2551649,2509_379,-33.88258361816406,151.28074645996094,279.0,34.6,45,0.75,True
2026-10-04T12:51:44+11:00,2739919,2509_370,-33.901885986328125,151.19955444335938,73.0,0.0,-198,-3.3,False
2026-10-04T12:51:44+11:00,2285088,2459_438X,-33.88401412963867,151.20252990722656,252.0,0.0,324,5.4,False
2026-10-04T12:51:44+11:00,2136763,2509_396,-33.86323165893555,151.21189880371094,186.0,0.7,45,0.75,True
2026-10-04T12:51:44+11:00,2139887,2509_396,-33.94471740722656,151.2582550048828,126.0,0.0,650,10.83,False
2026-10-04T12:51:44+11:00,2139962,2509_396,-33.91010284423828,151.22329711914062,188.0,31.3,-12,-0.2,True
2026-10-04T12:51:44+11:00,2352652,2509_356,-33.91305160522461,151.24105834960938,280.0,27.0,230,3.83,True
2026-10-04T12:51:44+11:00,2596399,2459_490,-33.87535858154297,151.10411071777344,10.0,26.6,95,1.58,True
2026-10-04T12:51:44+11:00,2532382,2509_333,-33.89016342163086,151.2751922607422,44.0,30.2,87,1.45,True
2026-10-04T12:51:44+11:00,2396601,2509_392,-33.926513671875,151.2285614013672,347.0,56.5,-147,-2.45,False
2026-10-04T12:51:44+11:00,2636115,2459_504,-33.873687744140625,151.2154998779297,11.0,0.0,82,1.37,True
2026-10-04T12:51:44+11:00,2400447,2509_309,-33.95582962036133,151.2302703857422,352.0,15.5,68,1.13,True
2026-10-04T12:51:44+11:00,2554384,2459_358,-33.916629791259766,151.23939514160156,191.0,0.0,30,0.5,True
2026-10-04T12:51:44+11:00,2290490,2459_437,-33.87760925292969,151.15625,1.0,8.6,219,3.65,True
2026-10-04T12:51:44+11:00,2532459,2509_333,-33.866119384765625,151.21095275878906,221.0,0.0,142,2.37,True
2026-10-04T12:51:44+11:00,2285081,2459_438X,-33.84805679321289,151.12835693359375,180.0,0.0,-19,-0.32,True
2026-10-04T12:51:44+11:00,2288020,2459_438X,-33.87699890136719,151.13600158691406,333.0,16.9,112,1.87,True
2026-10-04T12:51:44+11:00,2285913,2459_470,-33.87708282470703,151.20944213867188,6.0,0.0,-70,-1.17,False
2026-10-04T12:51:44+11:00,2285181,2459_423,-33.909568786621094,151.16233825683594,34.0,31.3,194,3.23,True
2026-10-04T12:51:44+11:00,2036091,2459_440,-33.884246826171875,151.22354125976562,116.0,36.0,-79,-1.32,False
2026-10-04T12:51:44+11:00,2286759,2459_426,-33.86629867553711,151.21047973632812,99.0,0.0,0,0.0,True
2026-10-04T12:51:44+11:00,2531591,2509_325,-33.85215759277344,151.2761688232422,220.0,41.8,-311,-5.18,False
2026-10-04T12:51:44+11:00,2284765,2459_348,-33.90721130371094,151.20285034179688,186.0,0.4,68,1.13,True
2026-10-04T12:51:44+11:00,2533328,2509_350,-33.94440460205078,151.2263641357422,194.0,21.6,638,10.63,False
2026-10-04T12:51:44+11:00,2636160,2459_504,-33.872920989990234,151.2044219970703,246.0,20.9,-113,-1.88,False
2026-10-04T12:51:44+11:00,2288645,2459_431,-33.88450241088867,151.19375610351562,264.0,0.0,15,0.25,True
2026-10-04T12:51:44+11:00,2284280,2459_422,-33.90278244018555,151.17938232421875,332.0,24.1,-16,-0.27,True
2026-10-04T12:51:44+11:00,2286037,2459_442,-33.85728073120117,151.19345092773438,74.0,0.0,172,2.87,True
2026-10-04T12:51:44+11:00,2290627,2459_438X,-33.87755584716797,151.20938110351562,9.0,10.4,47,0.78,True
2026-10-04T12:51:44+11:00,2532955,2509_333,-33.88831329345703,151.23178100585938,135.0,20.5,-82,-1.37,False
2026-10-04T12:51:44+11:00,2532365,2509_362,-33.902469635009766,151.26808166503906,276.0,29.5,-13,-0.22,True
2026-10-04T12:51:44+11:00,2534298,2509_362,-33.905521392822266,151.259033203125,286.0,6.1,209,3.48,True
2026-10-04T12:51:44+11:00,2533256,2509_333,-33.89396286010742,151.2643585205078,98.0,22.3,0,0.0,True
2026-10-04T12:51:44+11:00,2531221,2509_324,-33.873172760009766,151.2086639404297,278.0,17.6,-18,-0.3,True
2026-10-04T12:51:44+11:00,2534063,2509_352,-33.89018249511719,151.20863342285156,295.0,38.2,-111,-1.85,False
2026-10-04T12:51:44+11:00,2532162,2509_355,-33.90007400512695,151.1704559326172,206.0,36.4,-302,-5.03,False
2026-10-04T12:51:44+11:00,1961791,2459_406,-33.890174865722656,151.12791442871094,288.0,31.7,-16,-0.27,True
2026-10-04T12:51:44+11:00,2739958,2509_370,-33.87993621826172,151.18719482421875,151.0,29.2,226,3.77,True
2026-10-04T12:51:44+11:00,2396524,2509_392,-33.953338623046875,151.23052978515625,34.0,37.4,-29,-0.48,True
2026-10-04T12:51:44+11:00,2289045,2459_470,-33.864524841308594,151.2103729248047,225.0,0.0,4,0.07,True
2026-10-04T12:51:44+11:00,2289533,2459_442,-33.866050720214844,151.17625427246094,56.0,38.2,249,4.15,True
2026-10-04T12:51:44+11:00,2532214,2509_333,-33.8747673034668,151.209716796875,14.0,0.4,-84,-1.4,False
2026-10-04T12:51:44+11:00,2470806,2509_356,-33.94491195678711,151.2262420654297,191.0,0.0,0,0.0,True
2026-10-04T12:51:44+11:00,2357300,2509_373,-33.921669006347656,151.24850463867188,280.0,35.3,37,0.62,True
2026-10-04T12:51:44+11:00,2396528,2509_392,-33.9095344543457,151.2195587158203,279.0,0.0,-109,-1.82,False
2026-10-04T12:51:44+11:00,2282985,2459_438X,-33.88135528564453,151.20614624023438,44.0,0.0,-257,-4.28,False
2026-10-04T12:51:44+11:00,2532853,2509_350,-33.92020797729492,151.25711059570312,185.0,0.0,-115,-1.92,False
2026-10-04T12:51:44+11:00,2532243,2509_333,-33.88011169433594,151.2162628173828,314.0,0.0,-35,-0.58,True
2026-10-04T12:51:44+11:00,2532884,2509_350,-33.89998245239258,151.2533416748047,323.0,36.0,-244,-4.07,False
2026-10-04T12:51:44+11:00,2137448,2509_396,-33.93870544433594,151.23895263671875,168.0,41.8,-78,-1.3,False
2026-10-04T12:51:44+11:00,2284502,2459_303,-33.921138763427734,151.23797607421875,280.0,0.0,0,0.0,True
2026-10-04T12:51:44+11:00,2531845,2509_333,-33.89425277709961,151.26580810546875,282.0,27.0,49,0.82,True
2026-10-04T12:51:44+11:00,2739965,2509_370,-33.89410400390625,151.18276977539062,215.0,13.3,197,3.28,True
2026-10-04T12:51:44+11:00,2300879,2509_399,-33.939788818359375,151.23866271972656,349.0,41.8,235,3.92,True
2026-10-04T12:51:44+11:00,2356743,2509_343,-33.864479064941406,151.21168518066406,189.0,28.8,4,0.07,True
2026-10-04T12:51:44+11:00,2514969,2459_410,-33.865562438964844,151.10610961914062,209.0,0.0,363,6.05,False
2026-10-04T12:51:44+11:00,2356384,2509_370,-33.893585205078125,151.18333435058594,43.0,0.0,-239,-3.98,False
2026-10-04T12:51:44+11:00,2554333,2459_358,-33.920867919921875,151.19247436523438,100.0,6.5,-16,-0.27,True
2026-10-04T12:51:44+11:00,2531379,2509_350,-33.93293380737305,151.1798553466797,100.0,0.0,338,5.63,False
2026-10-04T12:51:44+11:00,2470757,2509_356,-33.94099044799805,151.23544311523438,99.0,18.4,144,2.4,True
2026-10-04T12:51:44+11:00,2533812,2509_333,-33.889564514160156,151.2337188720703,110.0,40.3,184,3.07,True
2026-10-04T12:51:44+11:00,2349395,2459_418,-33.875099182128906,151.1061553955078,94.0,24.5,0,0.0,True
2026-10-04T12:51:44+11:00,2532681,2509_333,-33.89131164550781,151.2480010986328,98.0,0.0,-129,-2.15,False
2026-10-04T12:51:44+11:00,2285145,2459_470,-33.88518524169922,151.1761932373047,163.0,0.0,108,1.8,True
2026-10-04T12:51:44+11:00,2288502,2459_426,-33.89453125,151.18231201171875,218.0,24.5,-219,-3.65,False
2026-10-04T12:51:44+11:00,2531186,2509_313,-33.92200469970703,151.2508087158203,280.0,41.0,72,1.2,True
2026-10-04T12:51:44+11:00,2356157,2509_373,-33.91972732543945,151.25704956054688,9.0,10.1,0,0.0,True
2026-10-04T12:51:44+11:00,2403180,2509_311,-33.86545181274414,151.20327758789062,168.0,33.1,9,0.15,True
2026-10-04T12:51:44+11:00,2533907,2509_386,-33.883262634277344,151.2692413330078,206.0,44.6,83,1.38,True
2026-10-04T12:51:44+11:00,2534695,2509_333,-33.861610412597656,151.21144104003906,79.0,22.3,0,0.0,True
2026-10-04T12:51:44+11:00,2551638,2509_379,-33.90060043334961,151.2537841796875,157.0,25.9,201,3.35,True
2026-10-04T12:51:44+11:00,2668331,2459_420,-33.926143646240234,151.1776123046875,259.0,63.0,21,0.35,True
2026-10-04T12:51:44+11:00,2210182,2459_464,-33.85551834106445,151.10316467285156,173.0,11.9,77,1.28,True
2026-10-04T12:51:44+11:00,2551845,2509_379,-33.89188766479492,151.2498016357422,172.0,2.9,-77,-1.28,False
2026-10-04T12:51:44+11:00,2137567,2509_396,-33.937313079833984,151.23800659179688,349.0,38.2,399,6.65,False
2026-10-04T12:51:44+11:00,2531271,2509_324,-33.872440338134766,151.26075744628906,94.0,52.9,173,2.88,True
2026-10-04T12:51:44+11:00,2488497,2509_392,-33.94524002075195,151.22625732421875,186.0,0.0,35,0.58,True
2026-10-04T12:51:44+11:00,2400363,2509_309,-33.92169189453125,151.19630432128906,12.0,0.0,-103,-1.72,False
2026-10-04T12:51:44+11:00,2300912,2509_399,-33.94499588012695,151.24032592773438,170.0,38.2,231,3.85,True
2026-10-04T12:51:44+11:00,2140597,2509_396,-33.88427734375,151.21763610839844,336.0,0.0,-244,-4.07,False
2026-10-04T12:51:44+11:00,2357437,2509_370,-33.920345306396484,151.25704956054688,192.0,11.5,41,0.68,True
2026-10-04T12:51:44+11:00,2434780,2509_390X,-33.940616607666016,151.23936462402344,168.0,0.0,-229,-3.82,False
2026-10-04T12:51:44+11:00,2686181,2459_423,-33.912288665771484,151.15443420410156,224.0,29.9,289,4.82,True
2026-10-04T12:51:44+11:00,2346424,2509_390X,-33.90809631347656,151.248291015625,65.0,38.5,-63,-1.05,False
2026-10-04T12:51:44+11:00,2210786,2459_464,-33.89356231689453,151.11636352539062,256.0,10.1,-6,-0.1,True
2026-10-04T12:51:44+11:00,2668336,2459_420,-33.93925094604492,151.149169921875,96.0,0.0,-142,-2.37,False
2026-10-04T12:51:44+11:00,2290690,2459_433,-33.88008117675781,151.18045043945312,54.0,42.5,-178,-2.97,False
2026-10-04T12:51:44+11:00,2289244,2459_441,-33.87367248535156,151.21224975585938,103.0,14.4,83,1.38,True
2026-10-04T12:51:44+11:00,2736764,2459_428,-33.89956283569336,151.15513610839844,277.0,7.6,-121,-2.02,False
2026-10-04T12:51:44+11:00,2533893,2509_355,-33.89727783203125,151.17913818359375,39.0,16.9,226,3.77,True
2026-10-04T12:51:44+11:00,2533303,2509_324,-33.86674880981445,151.20350646972656,181.0,13.0,48,0.8,True
2026-10-04T12:51:44+11:00,2352506,2509_307,-33.92489242553711,151.19110107421875,100.0,12.6,46,0.77,True
2026-10-04T12:51:44+11:00,2357080,2509_373,-33.88680648803711,151.21937561035156,307.0,0.0,84,1.4,True
2026-10-04T12:51:44+11:00,2666369,2459_461X,-33.88396072387695,151.20263671875,252.0,21.6,36,0.6,True
2026-10-04T12:51:44+11:00,2470773,2509_356,-33.915653228759766,151.24057006835938,338.0,0.0,10,0.17,True
2026-10-04T12:51:44+11:00,2533721,2509_355,-33.892520904541016,151.23008728027344,32.0,26.6,0,0.0,True
2026-10-04T12:51:44+11:00,2211265,2459_464,-33.87520217895508,151.10406494140625,9.0,13.7,-82,-1.37,False
2026-10-04T12:51:44+11:00,2285069,2459_440,-33.88487243652344,151.18820190429688,270.0,30.6,235,3.92,True
2026-10-04T12:51:44+11:00,2532389,2509_380,-33.8917350769043,151.25169372558594,56.0,0.0,1247,20.78,False
2026-10-04T12:51:44+11:00,2288564,2459_422,-33.8807487487793,151.20669555664062,203.0,0.0,0,0.0,True
2026-10-04T12:51:44+11:00,2357561,2509_370,-33.895145416259766,151.18165588378906,41.0,10.4,421,7.02,False
2026-10-04T12:51:44+11:00,2534021,2509_333,-33.87600326538086,151.20956420898438,186.0,0.0,201,3.35,True
2026-10-04T12:51:44+11:00,2668469,2459_420,-33.93293380737305,151.1800079345703,86.0,0.0,46,0.77,True
2026-10-04T12:51:44+11:00,2620068,2459_530,-33.796775817871094,151.18045043945312,176.0,3.2,544,9.07,False
2026-10-04T12:51:44+11:00,2554266,2459_358,-33.915428161621094,151.1654052734375,62.0,0.0,0,0.0,True
2026-10-04T12:51:44+11:00,2283158,2459_423,-33.88416290283203,151.19847106933594,86.0,42.8,718,11.97,False
2026-10-04T12:51:44+11:00,2357485,2509_370,-33.90267562866211,151.1914520263672,213.0,0.0,-62,-1.03,False
2026-10-04T12:51:44+11:00,1960821,2459_412,-33.89483642578125,151.15145874023438,334.0,0.0,459,7.65,False
2026-10-04T12:51:44+11:00,2554152,2459_358,-33.91762924194336,151.17654418945312,322.0,58.0,-551,-9.18,False
2026-10-04T12:51:44+11:00,2666461,2459_461X,-33.87216567993164,151.2158966064453,178.0,19.8,0,0.0,True
2026-10-04T12:51:44+11:00,2736909,2459_428,-33.88381576538086,151.20289611816406,253.0,8.3,332,5.53,False
2026-10-04T12:51:44+11:00,2533484,2509_350,-33.94487380981445,151.22662353515625,359.0,41.4,-24,-0.4,True
2026-10-04T12:51:44+11:00,2628656,2509_304,-33.86201858520508,151.21209716796875,8.0,0.0,0,0.0,True
2026-10-04T12:51:44+11:00,2563942,2509_379,-33.89112091064453,151.2530517578125,73.0,0.0,555,9.25,False
2026-10-04T12:51:44+11:00,2210134,2459_413,-33.89554977416992,151.1263427734375,271.0,0.0,-239,-3.98,False
2026-10-04T12:51:44+11:00,2139530,2509_375,-33.92667770385742,151.25527954101562,278.0,10.4,599,9.98,False
2026-10-04T12:51:44+11:00,2533641,2509_325,-33.87295913696289,151.24813842773438,252.0,32.4,456,7.6,False
2026-10-04T12:51:44+11:00,2534595,2509_333,-33.894264221191406,151.2659149169922,289.0,23.4,0,0.0,True
2026-10-04T12:51:44+11:00,2488378,2509_392,-33.89608383178711,151.20689392089844,96.0,22.0,457,7.62,False
2026-10-04T12:51:44+11:00,2346298,2509_390X,-33.91619110107422,151.2348175048828,116.0,17.3,80,1.33,True
2026-10-04T12:51:44+11:00,2356076,2509_373,-33.900264739990234,151.22288513183594,175.0,46.8,-43,-0.72,True
2026-10-04T12:51:44+11:00,2289359,2459_470,-33.880126953125,151.20693969726562,223.0,15.5,69,1.15,True
2026-10-04T12:51:44+11:00,2288970,2459_348,-33.90925979614258,151.1809844970703,21.0,0.0,64,1.07,True
2026-10-04T12:51:44+11:00,2628760,2509_304,-33.900352478027344,151.21334838867188,181.0,19.4,116,1.93,True
2026-10-04T12:51:44+11:00,2283525,2459_389,-33.88865661621094,151.24005126953125,344.0,29.2,98,1.63,True
2026-10-04T12:51:44+11:00,2532831,2509_333,-33.88961410522461,151.283203125,228.0,0.0,9,0.15,True
2026-10-04T12:51:44+11:00,2531226,2509_352,-33.887516021728516,151.21356201171875,8.0,0.0,-147,-2.45,False
2026-10-04T12:51:44+11:00,2563869,2509_379,-33.88217544555664,151.2773895263672,102.0,28.8,290,4.83,True
2026-10-04T12:51:44+11:00,2740001,2509_370,-33.916622161865234,151.24114990234375,161.0,0.0,-428,-7.13,False
2026-10-04T12:51:44+11:00,2494693,2509_343,-33.87717056274414,151.20944213867188,11.0,13.3,-70,-1.17,False
2026-10-04T12:51:44+11:00,2284923,2459_438X,-33.8738899230957,151.1335906982422,148.0,44.6,95,1.58,True
2026-10-04T12:51:44+11:00,2532563,2509_333,-33.891746520996094,151.2473602294922,262.0,13.3,-25,-0.42,True
2026-10-04T12:51:44+11:00,2532439,2509_350,-33.89091491699219,151.248779296875,283.0,0.0,0,0.0,True
2026-10-04T12:51:44+11:00,2675055,2509_309,-33.918575286865234,151.19940185546875,211.0,41.0,-60,-1.0,True
2026-10-04T12:51:44+11:00,1959551,2459_412,-33.866981506347656,151.210693359375,6.0,11.2,0,0.0,True
2026-10-04T12:51:44+11:00,2666371,2459_461X,-33.888221740722656,151.16207885742188,283.0,0.0,267,4.45,True
2026-10-04T12:51:44+11:00,2356860,2509_339,-33.883785247802734,151.21578979492188,102.0,0.0,239,3.98,True
2026-10-04T12:51:44+11:00,2563831,2509_379,-33.90036392211914,151.25357055664062,333.0,27.0,63,1.05,True
2026-10-04T12:51:44+11:00,2284190,2459_428,-33.91166305541992,151.11886596679688,139.0,3.2,0,0.0,True
2026-10-04T12:51:44+11:00,2534490,2509_333,-33.891761779785156,151.2472686767578,109.0,7.9,224,3.73,True
2026-10-04T12:51:44+11:00,2531459,2509_333,-33.85971450805664,151.2107391357422,8.0,0.0,0,0.0,True
2026-10-04T12:51:44+11:00,2356672,2509_311,-33.88246154785156,151.20748901367188,121.0,0.0,161,2.68,True
2026-10-04T12:51:44+11:00,2609040,2459_430,-33.88210678100586,151.2068328857422,122.0,9.0,-34,-0.57,True
2026-10-04T12:51:44+11:00,2534317,2509_326,-33.885189056396484,151.2647705078125,123.0,11.2,233,3.88,True
2026-10-04T12:51:44+11:00,2532634,2509_333,-33.88870620727539,151.23226928710938,137.0,0.0,35,0.58,True
2026-10-04T12:51:44+11:00,2551837,2509_379,-33.888004302978516,151.26332092285156,281.0,0.0,-27,-0.45,True
2026-10-04T12:51:44+11:00,2352271,2509_356,-33.89089584350586,151.24859619140625,276.0,0.0,0,0.0,True
2026-10-04T12:51:44+11:00,2287225,2459_438X,-33.865299224853516,151.20947265625,224.0,0.0,0,0.0,True
2026-10-04T12:51:44+11:00,2036092,2459_440,-33.8840217590332,151.2018280029297,73.0,4.0,176,2.93,True
2026-10-04T12:51:44+11:00,2355950,2509_339,-33.91398239135742,151.2659454345703,141.0,0.0,0,0.0,True
2026-10-04T12:51:44+11:00,2396531,2509_392,-33.9002685546875,151.2100830078125,36.0,34.2,17,0.28,True
2026-10-04T12:51:44+11:00,2739944,2509_370,-33.91067123413086,151.20562744140625,98.0,38.2,96,1.6,True
2026-10-04T12:51:44+11:00,2284415,2459_440,-33.885040283203125,151.22642517089844,280.0,0.0,-203,-3.38,False
2026-10-04T12:51:44+11:00,2139180,2509_396,-33.86283874511719,151.2111358642578,5.0,0.0,0,0.0,True
2026-10-04T12:51:44+11:00,2534551,2509_333,-33.894466400146484,151.27317810058594,350.0,10.1,-127,-2.12,False
2026-10-04T12:51:44+11:00,2357523,2509_373,-33.912353515625,151.23924255371094,159.0,28.4,116,1.93,True
2026-10-04T12:51:44+11:00,2137861,2509_306,-33.922943115234375,151.20738220214844,280.0,0.0,-238,-3.97,False
2026-10-04T12:51:44+11:00,2533913,2509_333,-33.889930725097656,151.28065490722656,261.0,0.0,-73,-1.22,False
2026-10-04T12:51:44+11:00,2534214,2509_313,-33.9093132019043,151.2517547607422,190.0,34.6,98,1.63,True
2026-10-04T12:51:44+11:00,2210689,2459_464,-33.848052978515625,151.10748291015625,74.0,10.1,283,4.72,True
2026-10-04T12:51:44+11:00,2533984,2509_333,-33.88134002685547,151.21847534179688,304.0,10.8,-203,-3.38,False
2026-10-04T12:51:44+11:00,2636630,2459_504,-33.85512924194336,151.13870239257812,98.0,32.4,-75,-1.25,False
2026-10-04T12:51:44+11:00,2357659,2509_339,-33.90528869628906,151.2452392578125,306.0,36.4,211,3.52,True
2026-10-04T12:51:44+11:00,2533757,2509_380,-33.89155578613281,151.24229431152344,176.0,0.0,0,0.0,True
2026-10-04T12:51:44+11:00,2335498,2509_309,-33.945220947265625,151.19683837890625,335.0,40.7,-122,-2.03,False
2026-10-04T12:51:44+11:00,2564036,2509_387,-33.87745666503906,151.2705078125,34.0,37.4,-17,-0.28,True
2026-10-04T12:51:44+11:00,2635910,2459_504,-33.85728073120117,151.14483642578125,292.0,26.3,-100,-1.67,False
2026-10-04T12:51:44+11:00,2532785,2509_350,-33.9467658996582,151.2564239501953,226.0,14.4,341,5.68,False
2026-10-04T12:51:44+11:00,2564040,2509_379,-33.89185333251953,151.25135803222656,72.0,0.0,27,0.45,True
2026-10-04T12:51:44+11:00,2739920,2509_370,-33.92046356201172,151.25433349609375,98.0,4.0,-360,-6.0,False
2026-10-04T12:51:44+11:00,2335437,2509_309,-33.904052734375,151.20248413085938,339.0,41.4,-19,-0.32,True
2026-10-04T12:51:44+11:00,2356959,2509_311,-33.866756439208984,151.22369384765625,196.0,0.0,519,8.65,False
2026-10-04T12:51:44+11:00,2286677,2459_422,-33.88363265991211,151.2032012939453,223.0,0.0,212,3.53,True
2026-10-04T12:51:44+11:00,2356848,2509_343,-33.89985656738281,151.20631408691406,189.0,0.0,145,2.42,True
2026-10-04T12:51:44+11:00,2660403,2459_320,-33.8834114074707,151.20394897460938,28.0,0.0,0,0.0,True
2026-10-04T12:51:44+11:00,2494621,2509_374,-33.906673431396484,151.23159790039062,303.0,44.6,15,0.25,True
2026-10-04T12:51:44+11:00,2283265,2459_433,-33.85700988769531,151.1800994873047,125.0,31.0,-17,-0.28,True
2026-10-04T12:51:44+11:00,2666350,2459_530,-33.79905700683594,151.17880249023438,337.0,0.0,-446,-7.43,False
2026-10-04T12:51:44+11:00,2289548,2459_426,-33.87896728515625,151.20718383789062,13.0,3.2,-81,-1.35,False
2026-10-04T12:51:44+11:00,2628787,2509_304,-33.885292053222656,151.21401977539062,189.0,0.4,169,2.82,True
2026-10-04T12:51:44+11:00,1940837,2459_412,-33.892127990722656,151.16757202148438,240.0,45.0,27,0.45,True
2026-10-04T12:51:44+11:00,2533202,2509_324,-33.86958694458008,151.2700958251953,223.0,33.1,29,0.48,True
2026-10-04T12:51:44+11:00,2139160,2509_306,-33.89338684082031,151.1988983154297,21.0,0.0,0,0.0,True
2026-10-04T12:51:44+11:00,2534180,2509_333,-33.89155578613281,151.2736053466797,42.0,24.1,-541,-9.02,False
2026-10-04T12:51:44+11:00,2660530,2459_320,-33.90782928466797,151.20745849609375,31.0,27.0,-175,-2.92,False
2026-10-04T12:51:44+11:00,2736635,2459_308,-33.892887115478516,151.20516967773438,98.0,16.6,50,0.83,True
2026-10-04T12:51:44+11:00,1959123,2459_413,-33.88417434692383,151.2014923095703,82.0,18.7,172,2.87,True
2026-10-04T12:51:44+11:00,2346407,2509_390X,-33.953758239746094,151.2418975830078,349.0,39.2,211,3.52,True
2026-10-04T12:51:44+11:00,1912464,2459_483,-33.889183044433594,151.14407348632812,132.0,0.0,444,7.4,False
2026-10-04T12:51:44+11:00,2288384,2459_428,-33.89690017700195,151.14993286132812,107.0,0.0,45,0.75,True
2026-10-04T12:51:44+11:00,2620066,2459_530,-33.873538970947266,151.1043701171875,190.0,0.0,-776,-12.93,False
2026-10-04T12:51:44+11:00,2494567,2509_343,-33.925045013427734,151.22764587402344,278.0,21.6,0,0.0,True
2026-10-04T12:51:44+11:00,2618685,2459_422,-33.91230010986328,151.1796417236328,207.0,0.0,182,3.03,True
2026-10-04T12:51:44+11:00,2608998,2459_430,-33.90117645263672,151.17007446289062,25.0,29.9,83,1.38,True
2026-10-04T12:51:44+11:00,2488477,2509_392,-33.892642974853516,151.19927978515625,26.0,0.0,0,0.0,True
2026-10-04T12:51:44+11:00,2434612,2509_390X,-33.91360092163086,151.23974609375,159.0,0.7,-79,-1.32,False
2026-10-04T12:51:44+11:00,2666342,2459_461X,-33.883792877197266,151.20266723632812,71.0,33.8,-264,-4.4,False
2026-10-04T12:51:44+11:00,2435010,2509_390X,-33.915321350097656,151.22781372070312,278.0,0.4,-9,-0.15,True
2026-10-04T12:51:44+11:00,2494676,2509_343,-33.89316177368164,151.20692443847656,279.0,32.8,-38,-0.63,True
2026-10-04T12:51:44+11:00,2356122,2509_373,-33.9088134765625,151.2371063232422,279.0,31.3,109,1.82,True
2026-10-04T12:51:44+11:00,2532156,2509_324,-33.877403259277344,151.24366760253906,67.0,33.8,5,0.08,True
2026-10-04T12:51:44+11:00,2356407,2509_373,-33.87714767456055,151.21200561523438,21.0,0.0,-6,-0.1,True
2026-10-04T12:51:44+11:00,2534070,2509_350,-33.932838439941406,151.17965698242188,96.0,0.0,0,0.0,True
2026-10-04T12:51:44+11:00,2534351,2509_333,-33.889827728271484,151.23406982421875,295.0,34.6,-73,-1.22,False
2026-10-04T12:51:44+11:00,2532246,2509_350,-33.93316650390625,151.25775146484375,142.0,40.0,216,3.6,True
2026-10-04T12:51:44+11:00,2285442,2459_440,-33.88132095336914,151.21824645996094,299.0,0.0,518,8.63,False
2026-10-04T12:51:44+11:00,2287066,2459_437,-33.875572204589844,151.15618896484375,172.0,0.0,235,3.92,True
2026-10-04T12:51:44+11:00,2139198,2509_396,-33.884124755859375,151.217529296875,342.0,0.0,354,5.9,False
2026-10-04T12:51:44+11:00,2533902,2509_350,-33.891151428222656,151.24887084960938,97.0,21.6,101,1.68,True
2026-10-04T12:51:44+11:00,2736799,2459_428,-33.87179946899414,151.2100830078125,190.0,32.4,74,1.23,True
2026-10-04T12:51:44+11:00,2290154,2459_438X,-33.88795471191406,151.15863037109375,77.0,5.0,14,0.23,True
2026-10-04T12:51:44+11:00,2290664,2459_426,-33.908721923828125,151.15232849121094,292.0,29.5,117,1.95,True
2026-10-04T12:51:44+11:00,2475250,2459_389,-33.87925338745117,151.22068786621094,100.0,6.5,156,2.6,True
2026-10-04T12:51:44+11:00,2285726,2459_442,-33.868553161621094,151.17776489257812,67.0,55.8,-190,-3.17,False
2026-10-04T12:51:44+11:00,2140231,2509_396,-33.93498611450195,151.23748779296875,347.0,5.0,-262,-4.37,False
2026-10-04T12:51:44+11:00,2287872,2459_428,-33.88175582885742,151.2056884765625,43.0,0.0,106,1.77,True
2026-10-04T12:51:44+11:00,2532924,2509_350,-33.899940490722656,151.25332641601562,326.0,36.4,300,5.0,True
2026-10-04T18:39:52+11:00,2373876,2508_111,-33.836456298828125,151.26046752929688,357.0,20.2,57,0.95,True
2026-10-04T18:39:52+11:00,2415619,2508_B1,-33.83434295654297,151.21131896972656,17.0,56.9,52,0.87,True
2026-10-04T18:39:52+11:00,2373893,2508_100,-33.83018112182617,151.21798706054688,277.0,0.0,405,6.75,False
2026-10-04T18:39:52+11:00,2392404,2508_114,-33.826202392578125,151.2437744140625,164.0,32.4,165,2.75,True
2026-10-04T18:39:52+11:00,2280191,7083_SW3,-33.91264343261719,151.11842346191406,218.0,0.0,53,0.88,True
2026-10-04T18:39:52+11:00,2375259,2508_263,-33.82722854614258,151.2245330810547,291.0,34.2,-128,-2.13,False
2026-10-04T18:39:52+11:00,2683122,7083_SW1,-33.91408157348633,151.16635131835938,235.0,0.0,-249,-4.15,False
2026-10-04T18:39:52+11:00,2714139,2508_144,-33.795101165771484,151.25584411621094,72.0,47.5,3,0.05,True
2026-10-04T18:39:52+11:00,2375260,2508_100,-33.86561965942383,151.2049102783203,354.0,32.0,-129,-2.15,False
2026-10-04T18:39:52+11:00,2714115,2508_144,-33.81731414794922,151.18077087402344,283.0,39.6,435,7.25,False
2026-10-04T18:39:52+11:00,2374361,2508_100,-33.82423400878906,151.23724365234375,93.0,13.0,115,1.92,True
2026-10-04T18:39:52+11:00,2376333,2508_144,-33.81611633300781,151.2431182861328,352.0,51.8,307,5.12,False
2026-10-04T18:39:52+11:00,2377824,2508_173X,-33.86542892456055,151.20640563964844,2.0,13.0,0,0.0,True
2026-10-04T18:39:52+11:00,2683033,7083_SW1,-33.91075897216797,151.1568145751953,296.0,26.6,78,1.3,True
2026-10-04T18:39:52+11:00,2388831,2508_173X,-33.82356643676758,151.2425537109375,231.0,28.4,173,2.88,True
2026-10-04T18:39:52+11:00,2415620,2508_B1,-33.865989685058594,151.20635986328125,10.0,0.0,0,0.0,True
2026-10-04T18:39:52+11:00,2377555,2508_B1,-33.82413101196289,151.24159240722656,233.0,15.5,-53,-0.88,True
2026-10-04T18:39:52+11:00,2280295,7083_SW3,-33.91437911987305,151.1659698486328,237.0,0.0,93,1.55,True
2026-10-04T18:39:52+11:00,2375207,2508_144,-33.81597900390625,151.17860412597656,158.0,4.3,613,10.22,False
2026-10-04T18:39:52+11:00,2714110,2508_144,-33.8242301940918,151.2413787841797,231.0,15.8,348,5.8,False
2026-10-04T18:39:52+11:00,2374460,2508_100,-33.842159271240234,151.24386596679688,174.0,0.0,0,0.0,True
2026-10-04T18:39:52+11:00,2558690,7083_SW1,-33.917598724365234,151.14593505859375,167.0,37.4,-77,-1.28,False
2026-10-04T18:39:52+11:00,2376337,2508_B1,-33.85253143310547,151.21060180664062,208.0,65.9,219,3.65,True
2026-10-04T18:39:52+11:00,2714308,2508_144,-33.824405670166016,151.24119567871094,225.0,20.5,824,13.73,False
2026-10-04T18:39:52+11:00,2376049,2508_100,-33.84210968017578,151.2436065673828,351.0,0.0,0,0.0,True
2026-10-04T18:39:52+11:00,2088658,2508_160X,-33.78701400756836,151.1814422607422,162.0,29.2,19,0.32,True
2026-10-04T18:39:52+11:00,2377823,2508_173X,-33.79943084716797,151.25022888183594,66.0,64.4,74,1.23,True
2026-10-04T18:39:52+11:00,2415577,2508_B1,-33.824520111083984,151.23497009277344,64.0,51.1,176,2.93,True
2026-10-04T18:39:52+11:00,2714285,2508_144,-33.7945671081543,151.26614379882812,279.0,32.8,-2,-0.03,True
2026-10-04T18:39:52+11:00,2309978,7083_SW3,-33.909488677978516,151.12307739257812,50.0,49.7,25,0.42,True
2026-10-04T18:39:52+11:00,2375866,2508_100,-33.8281135559082,151.22998046875,61.0,0.0,-227,-3.78,False
2026-10-04T18:39:52+11:00,2373895,2508_100,-33.830692291259766,151.2200469970703,295.0,0.0,46,0.77,True
2026-10-04T18:39:52+11:00,2377358,2508_100,-33.825992584228516,151.2434539794922,343.0,32.0,69,1.15,True
2026-10-04T18:39:52+11:00,2374173,2508_B1,-33.82447814941406,151.23928833007812,277.0,46.1,388,6.47,False
2026-10-04T18:39:52+11:00,2376406,2508_144,-33.796138763427734,151.1803741455078,180.0,0.0,0,0.0,True
2026-10-04T18:39:52+11:00,2376726,2508_144,-33.81777572631836,151.1823272705078,132.0,44.3,66,1.1,True
2026-10-04T18:39:52+11:00,2420813,2508_230,-33.83005905151367,151.2176055908203,269.0,36.0,69,1.15,True
2026-10-04T18:39:52+11:00,2420741,2508_238,-33.83182907104492,151.2498016357422,217.0,29.5,113,1.88,True
2026-10-04T18:39:52+11:00,2377843,2508_172X,-33.86629867553711,151.20632934570312,4.0,0.0,0,0.0,True
2026-10-04T18:39:52+11:00,2424342,2508_230,-33.83030319213867,151.2261962890625,62.0,0.0,165,2.75,True
2026-10-04T18:39:52+11:00,2714240,2508_144,-33.8238410949707,151.19285583496094,247.0,34.9,249,4.15,True
2026-10-04T18:39:52+11:00,2714150,2508_144,-33.806392669677734,151.24668884277344,162.0,39.6,118,1.97,True
2026-10-04T18:39:52+11:00,2374663,2508_144,-33.82962417602539,151.21780395507812,113.0,39.2,404,6.73,False
2026-10-04T18:39:52+11:00,2589877,2508_280,-33.796199798583984,151.18081665039062,188.0,0.0,0,0.0,True
2026-10-04T18:39:52+11:00,2682890,7083_SW1,-33.91005325317383,151.1324920654297,-39.0,4.0,46,0.77,True
2026-10-04T18:39:52+11:00,2529673,7084_SW2,-33.914100646972656,151.16632080078125,215.0,16.6,-147,-2.45,False
2026-10-04T18:39:52+11:00,2572458,7084_SW2,-33.904632568359375,151.15638732910156,141.0,33.5,-183,-3.05,False
2026-10-04T18:39:52+11:00,2529802,7084_SW2,-33.914512634277344,151.16539001464844,231.0,0.0,1999,33.32,False
2026-10-04T18:39:52+11:00,2529619,7084_SW2,-33.914573669433594,151.16514587402344,283.0,0.4,0,0.0,True
2026-10-04T18:39:52+11:00,2644153,2507_501,-33.85655975341797,151.1598358154297,142.0,0.0,38,0.63,True
2026-10-04T18:39:52+11:00,2557185,2507_291,-33.83351135253906,151.20486450195312,348.0,0.0,10,0.17,True
2026-10-04T18:39:52+11:00,2225346,2507_292,-33.83218765258789,151.21253967285156,31.0,65.2,164,2.73,True
2026-10-04T18:39:52+11:00,2682123,2507_202,-33.822391510009766,151.2103271484375,9.0,4.0,364,6.07,False
2026-10-04T18:39:52+11:00,2322710,2507_506,-33.87314987182617,151.2084503173828,277.0,0.0,63,1.05,True
2026-10-04T18:39:52+11:00,2644878,2507_52,-33.873077392578125,151.20777893066406,97.0,0.0,-203,-3.38,False
2026-10-04T18:39:52+11:00,2737561,2507_501,-33.88005065917969,151.20848083496094,184.0,0.0,0,0.0,True
2026-10-04T18:39:52+11:00,2672338,2507_267,-33.79960632324219,151.19432067871094,0.0,16.9,-179,-2.98,False
2026-10-04T18:39:52+11:00,2737614,2507_501,-33.880035400390625,151.19985961914062,335.0,26.3,223,3.72,True
2026-10-04T18:39:52+11:00,2731653,2507_291,-33.83848190307617,151.20700073242188,193.0,10.8,4,0.07,True
2026-10-04T18:39:52+11:00,2731667,2507_507,-33.830501556396484,151.12591552734375,47.0,0.0,5,0.08,True
2026-10-04T18:39:52+11:00,2643986,2507_120,-33.83574676513672,151.21153259277344,187.0,66.6,360,6.0,False
2026-10-04T18:39:52+11:00,2737595,2507_501,-33.86088943481445,151.16415405273438,311.0,53.3,226,3.77,True
2026-10-04T18:39:52+11:00,2642918,2507_52,-33.87346649169922,151.2109832763672,282.0,0.4,0,0.0,True
2026-10-04T18:39:52+11:00,2229971,2507_261,-33.82574462890625,151.17323303222656,236.0,29.2,70,1.17,True
2026-10-04T18:39:52+11:00,2737504,2507_533,-33.80092239379883,151.14437866210938,128.0,59.0,1421,23.68,False
2026-10-04T18:39:52+11:00,2537634,2507_506,-33.86497497558594,151.17184448242188,130.0,0.0,-109,-1.82,False
2026-10-04T18:39:52+11:00,2644058,2507_52,-33.873382568359375,151.21044921875,280.0,0.7,0,0.0,True
2026-10-04T18:39:52+11:00,2643189,2507_120,-33.79659652709961,151.1808319091797,154.0,10.1,0,0.0,True
2026-10-04T18:39:52+11:00,2227197,2507_288,-33.810184478759766,151.1607666015625,281.0,32.4,652,10.87,False
2026-10-04T18:39:52+11:00,2643748,2507_120,-33.87008285522461,151.2061767578125,170.0,0.4,288,4.8,True
2026-10-04T18:39:52+11:00,2621191,2507_252,-33.82355880737305,151.19403076171875,259.0,0.0,201,3.35,True
2026-10-04T18:39:52+11:00,2644474,2507_501,-33.878353118896484,151.1988983154297,154.0,44.3,-50,-0.83,True
2026-10-04T18:39:52+11:00,2682154,2507_267,-33.8106803894043,151.2101593017578,101.0,29.5,-182,-3.03,False
2026-10-04T18:39:52+11:00,2225350,2507_292,-33.81049346923828,151.16429138183594,237.0,23.4,-170,-2.83,False
2026-10-04T18:39:52+11:00,2644706,2507_120,-33.82132339477539,151.2044677734375,324.0,65.5,276,4.6,True
2026-10-04T18:39:52+11:00,2644770,2507_120,-33.79637908935547,151.18121337890625,2.0,0.0,50,0.83,True
2026-10-04T18:39:52+11:00,2672361,2507_115,-33.822147369384766,151.200927734375,7.0,0.4,0,0.0,True
2026-10-04T18:39:52+11:00,2643693,2507_52,-33.855342864990234,151.15847778320312,321.0,0.0,482,8.03,False
2026-10-04T18:39:52+11:00,2642950,2507_120,-33.79594421386719,151.1829376220703,338.0,9.7,-123,-2.05,False
2026-10-04T18:39:52+11:00,2672375,2507_115,-33.8174934387207,151.20147705078125,212.0,17.3,216,3.6,True
2026-10-04T18:39:52+11:00,2621129,2507_288,-33.86399459838867,151.20550537109375,174.0,0.0,-116,-1.93,False
2026-10-04T18:39:52+11:00,2644944,2507_52,-33.87332534790039,151.19454956054688,148.0,58.0,-302,-5.03,False
2026-10-04T18:39:52+11:00,2620688,2507_516,-33.797279357910156,151.1798095703125,242.0,0.0,0,0.0,True
2026-10-04T18:39:52+11:00,2643854,2507_120,-33.808284759521484,151.1994171142578,181.0,48.6,116,1.93,True
2026-10-04T18:39:52+11:00,2407459,2507_252,-33.82350540161133,151.1936798095703,67.0,0.0,-371,-6.18,False
2026-10-04T18:39:52+11:00,2707505,2504_610X,-33.828895568847656,151.21400451660156,5.0,54.4,231,3.85,True
2026-10-04T18:39:52+11:00,2708114,2504_607X,-33.87044906616211,151.2062225341797,176.0,0.0,0,0.0,True
2026-10-04T18:39:52+11:00,2719223,2514_194,-33.83026885986328,151.21316528320312,14.0,59.0,133,2.22,True
2026-10-04T18:39:52+11:00,2704718,2504_610X,-33.870201110839844,151.20619201660156,175.0,0.0,0,0.0,True
2026-10-04T18:39:52+11:00,2709034,2504_610X,-33.87187957763672,151.20643615722656,178.0,0.0,0,0.0,True
2026-10-04T18:39:52+11:00,2719378,2514_277,-33.79529571533203,151.18162536621094,245.0,25.9,-632,-10.53,False
2026-10-04T18:39:52+11:00,2719169,2514_271,-33.87165832519531,151.20559692382812,354.0,0.0,0,0.0,True
2026-10-04T18:39:52+11:00,2718875,2514_270,-33.8509635925293,151.21157836914062,28.0,49.7,191,3.18,True
2026-10-04T18:39:52+11:00,2704951,2504_607X,-33.81254959106445,151.1725311279297,275.0,63.4,318,5.3,False
2026-10-04T18:39:52+11:00,2705681,2504_610X,-33.81283187866211,151.17478942871094,77.0,59.0,-136,-2.27,False
2026-10-04T18:39:52+11:00,2719462,2514_194,-33.84644317626953,151.21253967285156,165.0,55.4,-479,-7.98,False
2026-10-04T18:39:52+11:00,2719156,2514_565,-33.7869873046875,151.16676330566406,223.0,3.2,5,0.08,True
2026-10-04T18:39:52+11:00,2718983,2514_271,-33.80248260498047,151.21041870117188,271.0,44.3,-19,-0.32,True
2026-10-04T18:39:52+11:00,2705464,2504_607X,-33.80526351928711,151.1512451171875,116.0,78.1,-332,-5.53,False
2026-10-04T18:39:52+11:00,2403070,2509_311,-33.86998748779297,151.21908569335938,9.0,24.1,252,4.2,True
2026-10-04T18:39:52+11:00,2533819,2509_333,-33.889244079589844,151.27626037597656,43.0,12.2,598,9.97,False
2026-10-04T18:39:52+11:00,2514786,2459_410,-33.856727600097656,151.1033935546875,354.0,24.8,611,10.18,False
2026-10-04T18:39:52+11:00,2289409,2459_433,-33.86618423461914,151.1737823486328,286.0,43.6,-127,-2.12,False
2026-10-04T18:39:52+11:00,2139178,2509_375,-33.94467544555664,151.226318359375,192.0,0.0,0,0.0,True
2026-10-04T18:39:52+11:00,2289969,2459_428,-33.88720703125,151.1934814453125,37.0,41.4,288,4.8,True
2026-10-04T18:39:52+11:00,2531476,2509_327,-33.88957977294922,151.25579833984375,53.0,0.0,253,4.22,True
2026-10-04T18:39:52+11:00,2532816,2509_333,-33.89506530761719,151.27114868164062,115.0,29.5,-124,-2.07,False
2026-10-04T18:39:52+11:00,2666488,2459_530,-33.876983642578125,151.1020965576172,99.0,0.0,0,0.0,True
2026-10-04T18:39:52+11:00,2308960,2459_445,-33.87123489379883,151.1606903076172,64.0,35.3,5,0.08,True
2026-10-04T18:39:52+11:00,2139366,2509_396,-33.872859954833984,151.2099609375,185.0,0.0,255,4.25,True
2026-10-04T18:39:52+11:00,2434899,2509_390X,-33.891117095947266,151.2485809326172,271.0,0.0,0,0.0,True
2026-10-04T18:39:52+11:00,2736623,2459_428,-33.885013580322266,151.1945343017578,200.0,0.7,96,1.6,True
2026-10-04T18:39:52+11:00,2484384,2459_483,-33.880741119384766,151.2067108154297,208.0,0.0,0,0.0,True
2026-10-04T18:39:52+11:00,2289525,2459_438X,-33.872867584228516,151.13270568847656,326.0,41.0,-97,-1.62,False
2026-10-04T18:39:52+11:00,2620086,2459_530,-33.851619720458984,151.1533966064453,147.0,0.0,125,2.08,True
2026-10-04T18:39:52+11:00,2660232,2459_320,-33.88264083862305,151.2085723876953,190.0,0.0,35,0.58,True
2026-10-04T18:39:52+11:00,2434996,2509_390X,-33.93771743774414,151.2386474609375,169.0,41.0,491,8.18,False
2026-10-04T18:39:52+11:00,2739929,2509_370,-33.871742248535156,151.18023681640625,233.0,0.0,0,0.0,True
2026-10-04T18:39:52+11:00,2531668,2509_352,-33.88926696777344,151.19024658203125,37.0,0.0,102,1.7,True
2026-10-04T18:39:52+11:00,2136828,2509_396,-33.86277389526367,151.2111358642578,6.0,0.0,0,0.0,True
2026-10-04T18:39:52+11:00,2514993,2459_410,-33.873016357421875,151.1045379638672,190.0,0.0,109,1.82,True
2026-10-04T18:39:52+11:00,2285945,2459_348,-33.91516876220703,151.22772216796875,279.0,0.0,106,1.77,True
2026-10-04T18:39:52+11:00,2596193,2459_491,-33.88200759887695,151.12161254882812,29.0,40.0,234,3.9,True
2026-10-04T18:39:52+11:00,2289365,2459_438X,-33.863609313964844,151.13026428222656,358.0,34.2,238,3.97,True
2026-10-04T18:39:52+11:00,2533639,2509_333,-33.8946533203125,151.2686004638672,277.0,5.4,169,2.82,True
2026-10-04T18:39:52+11:00,2675056,2509_309,-33.89276123046875,151.19911193847656,23.0,0.0,0,0.0,True
2026-10-04T18:39:52+11:00,2531188,2509_333,-33.889503479003906,151.27932739257812,301.0,0.0,107,1.78,True
2026-10-04T18:39:52+11:00,2137153,2509_396,-33.939998626708984,151.23866271972656,349.0,40.0,659,10.98,False
2026-10-04T18:39:52+11:00,2283794,2459_423,-33.89867401123047,151.17437744140625,81.0,0.0,278,4.63,True
2026-10-04T18:39:52+11:00,2551689,2509_379,-33.88935089111328,151.28323364257812,40.0,0.0,0,0.0,True
2026-10-04T18:39:52+11:00,2532970,2509_333,-33.877445220947266,151.21299743652344,133.0,1.1,137,2.28,True
2026-10-04T18:39:52+11:00,2534433,2509_333,-33.89079666137695,151.24771118164062,276.0,0.0,-288,-4.8,False
2026-10-04T18:39:52+11:00,2357164,2509_373,-33.920433044433594,151.24375915527344,99.0,25.6,312,5.2,False
2026-10-04T18:39:52+11:00,2532527,2509_350,-33.947879791259766,151.25225830078125,284.0,34.9,285,4.75,True
2026-10-04T18:39:52+11:00,2533404,2509_333,-33.86642074584961,151.21075439453125,6.0,9.4,-233,-3.88,False
2026-10-04T18:39:52+11:00,2140838,2509_375,-33.94477462768555,151.22630310058594,192.0,0.0,0,0.0,True
2026-10-04T18:39:52+11:00,2515140,2459_458,-33.8748779296875,151.10421752929688,192.0,18.4,50,0.83,True
2026-10-04T18:39:52+11:00,2636030,2459_504,-33.86900329589844,151.17608642578125,315.0,17.6,-137,-2.28,False
2026-10-04T18:39:52+11:00,2533199,2509_333,-33.88504409790039,151.22694396972656,279.0,32.4,-277,-4.62,False
2026-10-04T18:39:52+11:00,2356034,2509_339,-33.914344787597656,151.266357421875,131.0,0.0,351,5.85,False
2026-10-04T18:39:52+11:00,2137338,2509_375,-33.92429733276367,151.24386596679688,190.0,26.3,30,0.5,True
2026-10-04T18:39:52+11:00,2475342,2459_389,-33.87419509887695,151.19650268554688,155.0,36.0,-30,-0.5,True
2026-10-04T18:39:52+11:00,2470842,2509_356,-33.941890716552734,151.2418975830078,101.0,26.6,60,1.0,True
2026-10-04T18:39:52+11:00,2551886,2509_379,-33.89204025268555,151.25021362304688,260.0,5.8,-15,-0.25,True
2026-10-04T18:39:52+11:00,2287142,2459_440,-33.890899658203125,151.24864196777344,97.0,0.0,0,0.0,True
2026-10-04T18:39:52+11:00,2357601,2509_339,-33.88522720336914,151.2147216796875,281.0,20.9,919,15.32,False
2026-10-04T18:39:52+11:00,2140194,2509_396,-33.9057502746582,151.22413635253906,187.0,39.2,-3,-0.05,True
2026-10-04T18:39:52+11:00,2290030,2459_431,-33.88405227661133,151.2012176513672,87.0,0.0,-38,-0.63,True
2026-10-04T18:39:52+11:00,2356101,2509_343,-33.86286163330078,151.2119598388672,9.0,0.0,0,0.0,True
2026-10-04T18:39:52+11:00,2283788,2459_438X,-33.88810348510742,151.1648712158203,84.0,50.0,-69,-1.15,False
2026-10-04T18:39:52+11:00,2533170,2509_350,-33.92530059814453,151.19412231445312,280.0,38.2,129,2.15,True
2026-10-04T18:39:52+11:00,2532764,2509_333,-33.889366149902344,151.2833251953125,38.0,0.0,0,0.0,True
2026-10-04T18:39:52+11:00,2533259,2509_333,-33.86249923706055,151.211181640625,7.0,0.0,0,0.0,True
2026-10-04T18:39:52+11:00,2532770,2509_387,-33.8836784362793,151.26898193359375,207.0,0.0,146,2.43,True
2026-10-04T18:39:52+11:00,2398243,2509_392,-33.95506286621094,151.23004150390625,1.0,43.2,118,1.97,True
2026-10-04T18:39:52+11:00,2666329,2459_530,-33.82955551147461,151.1461181640625,2.0,49.3,-64,-1.07,False
2026-10-04T18:39:52+11:00,2335387,2509_309,-33.947113037109375,151.19723510742188,360.0,0.0,106,1.77,True
2026-10-04T18:39:52+11:00,2287945,2459_433,-33.87999725341797,151.18702697753906,332.0,12.6,-3,-0.05,True
2026-10-04T18:39:52+11:00,2618769,2459_422,-33.893890380859375,151.18313598632812,232.0,12.6,-78,-1.3,False
2026-10-04T18:39:52+11:00,2399980,2509_390X,-33.90697479248047,151.25076293945312,94.0,39.6,-172,-2.87,False
2026-10-04T18:39:52+11:00,2532303,2509_380,-33.89381790161133,151.26319885253906,281.0,41.4,341,5.68,False
2026-10-04T18:39:52+11:00,2211647,2459_464,-33.895362854003906,151.1083221435547,254.0,24.5,66,1.1,True
2026-10-04T18:39:52+11:00,2531537,2509_350,-33.94221115112305,151.2398223876953,177.0,10.4,72,1.2,True
2026-10-04T18:39:52+11:00,2400456,2509_309,-33.91475296020508,151.20068359375,14.0,0.0,-2,-0.03,True
2026-10-04T18:39:52+11:00,2609031,2459_430,-33.884178161621094,151.19732666015625,88.0,34.9,848,14.13,False
2026-10-04T18:39:52+11:00,2285699,2459_438X,-33.88409423828125,151.20155334472656,72.0,45.0,-118,-1.97,False
2026-10-04T18:39:52+11:00,2357029,2509_373,-33.919212341308594,151.25730895996094,189.0,0.0,0,0.0,True
2026-10-04T18:39:52+11:00,2531770,2509_355,-33.89502716064453,151.22117614746094,123.0,0.0,-1,-0.02,True
2026-10-04T18:39:52+11:00,2736697,2459_428,-33.89995574951172,151.15782165527344,296.0,34.2,246,4.1,True
2026-10-04T18:39:52+11:00,2532081,2509_313,-33.916847229003906,151.24884033203125,194.0,22.3,66,1.1,True
2026-10-04T18:39:52+11:00,2287904,2459_437,-33.87089157104492,151.20582580566406,83.0,0.0,0,0.0,True
2026-10-04T18:39:52+11:00,2288365,2459_440,-33.88199234008789,151.20663452148438,123.0,31.3,462,7.7,False
2026-10-04T18:39:52+11:00,2209876,2459_473,-33.93409729003906,151.14784240722656,99.0,12.6,-126,-2.1,False
2026-10-04T18:39:52+11:00,1963477,2459_412,-33.86846160888672,151.21051025390625,186.0,24.1,76,1.27,True
2026-10-04T18:39:52+11:00,2531377,2509_324,-33.87772750854492,151.24302673339844,240.0,2.2,400,6.67,False
2026-10-04T18:39:52+11:00,2287018,2459_437,-33.87075424194336,151.14193725585938,309.0,22.7,-50,-0.83,True
2026-10-04T18:39:52+11:00,2739915,2509_370,-33.90087127685547,151.17837524414062,158.0,36.7,-2,-0.03,True
2026-10-04T18:39:52+11:00,2494882,2509_343,-33.90111541748047,151.2058563232422,7.0,30.6,-76,-1.27,False
2026-10-04T18:39:52+11:00,2531662,2509_352,-33.89067840576172,151.238525390625,254.0,33.5,167,2.78,True
2026-10-04T18:39:52+11:00,2399689,2509_390X,-33.9537239074707,151.24188232421875,349.0,38.9,154,2.57,True
2026-10-04T18:39:52+11:00,2736558,2459_445,-33.864261627197266,151.16966247558594,234.0,0.0,86,1.43,True
2026-10-04T18:39:52+11:00,2352344,2509_307,-33.944671630859375,151.22628784179688,191.0,0.0,0,0.0,True
2026-10-04T18:39:52+11:00,2660122,2459_320,-33.89640426635742,151.2093505859375,283.0,30.2,54,0.9,True
2026-10-04T18:39:52+11:00,2736641,2459_428,-33.86673355102539,151.21072387695312,5.0,4.0,414,6.9,False
2026-10-04T18:39:52+11:00,2283291,2459_470,-33.87862014770508,151.20924377441406,5.0,0.0,201,3.35,True
2026-10-04T18:39:52+11:00,2534215,2509_350,-33.92451095581055,151.18724060058594,358.0,0.0,-17,-0.28,True
2026-10-04T18:39:52+11:00,2531866,2509_333,-33.89180374145508,151.25254821777344,53.0,0.0,-39,-0.65,True
2026-10-04T18:39:52+11:00,2288163,2459_428,-33.89952087402344,151.1542205810547,93.0,37.1,178,2.97,True
2026-10-04T18:39:52+11:00,2534644,2509_325,-33.86907196044922,151.27049255371094,226.0,18.7,124,2.07,True
2026-10-04T18:39:52+11:00,2349534,2459_418,-33.90622329711914,151.13597106933594,355.0,20.2,154,2.57,True
2026-10-04T18:39:52+11:00,2356518,2509_373,-33.92295837402344,151.2530517578125,310.0,43.6,54,0.9,True
2026-10-04T18:39:52+11:00,2628764,2509_304,-33.86595153808594,151.21112060546875,208.0,21.2,164,2.73,True
2026-10-04T18:39:52+11:00,2356405,2509_370,-33.88250732421875,151.1903533935547,310.0,30.6,-147,-2.45,False
2026-10-04T18:39:52+11:00,2533332,2509_350,-33.90198516845703,151.2544708251953,154.0,31.0,283,4.72,True
2026-10-04T18:39:52+11:00,2285620,2459_433,-33.883033752441406,151.20382690429688,47.0,0.0,145,2.42,True
2026-10-04T18:39:52+11:00,2285382,2459_418,-33.89019012451172,151.1279754638672,283.0,19.8,108,1.8,True
2026-10-04T18:39:52+11:00,2300853,2509_399,-33.924224853515625,151.22813415527344,136.0,15.8,15,0.25,True
2026-10-04T18:39:52+11:00,2666347,2459_461X,-33.88411331176758,151.2021942138672,254.0,28.8,139,2.32,True
2026-10-04T18:39:52+11:00,2667457,2509_326,-33.87834548950195,151.25343322753906,311.0,0.0,1603,26.72,False
2026-10-04T18:39:52+11:00,2356392,2509_311,-33.87238693237305,151.22496032714844,359.0,0.0,303,5.05,False
2026-10-04T18:39:52+11:00,2533157,2509_350,-33.93281555175781,151.17965698242188,101.0,0.0,0,0.0,True
2026-10-04T18:39:52+11:00,2284797,2459_433,-33.86358642578125,151.1703643798828,202.0,13.3,59,0.98,True
2026-10-04T18:39:52+11:00,2139226,2509_306,-33.91080093383789,151.2065887451172,99.0,38.2,137,2.28,True
2026-10-04T18:39:52+11:00,2286009,2459_438X,-33.86909866333008,151.1295623779297,192.0,0.0,116,1.93,True
2026-10-04T18:39:52+11:00,2532920,2509_350,-33.92298889160156,151.25624084472656,11.0,2.2,-117,-1.95,False
2026-10-04T18:39:52+11:00,2564415,2509_379,-33.905792236328125,151.26011657714844,282.0,25.2,55,0.92,True
2026-10-04T18:39:52+11:00,2285829,2459_348,-33.90955352783203,151.22018432617188,93.0,0.0,-100,-1.67,False
2026-10-04T18:39:52+11:00,2286590,2459_442,-33.85811996459961,151.1841583251953,106.0,11.5,248,4.13,True
2026-10-04T18:39:52+11:00,2531417,2509_350,-33.93565368652344,151.20703125,98.0,17.6,49,0.82,True
2026-10-04T18:39:52+11:00,2675110,2509_309,-33.93464660644531,151.1939239501953,165.0,0.0,127,2.12,True
2026-10-04T18:39:52+11:00,2531315,2509_324,-33.875152587890625,151.22430419921875,100.0,0.0,43,0.72,True
2026-10-04T18:39:52+11:00,2283288,2459_433,-33.88114929199219,151.20635986328125,217.0,0.0,0,0.0,True
2026-10-04T18:39:52+11:00,2349425,2459_418,-33.88286209106445,151.10260009765625,187.0,19.1,222,3.7,True
2026-10-04T18:39:52+11:00,2666392,2459_461X,-33.8851203918457,151.17807006835938,147.0,2.9,657,10.95,False
2026-10-04T18:39:52+11:00,2532666,2509_380,-33.865867614746094,151.2806396484375,190.0,41.4,239,3.98,True
2026-10-04T18:39:52+11:00,2628608,2509_304,-33.90655517578125,151.20819091796875,112.0,16.9,708,11.8,False
2026-10-04T18:39:52+11:00,2352448,2509_307,-33.938507080078125,151.19459533691406,350.0,27.7,224,3.73,True
2026-10-04T18:39:52+11:00,2137356,2509_396,-33.927833557128906,151.23313903808594,141.0,4.3,3,0.05,True
2026-10-04T18:39:52+11:00,2668392,2459_420,-33.925880432128906,151.17892456054688,272.0,69.1,518,8.63,False
2026-10-04T18:39:52+11:00,2668374,2459_420,-33.92445373535156,151.188232421875,280.0,0.0,0,0.0,True
2026-10-04T18:39:52+11:00,2739939,2509_370,-33.883113861083984,151.19122314453125,132.0,16.2,2,0.03,True
2026-10-04T18:39:52+11:00,2211470,2459_464,-33.869102478027344,151.10536193847656,188.0,27.7,16,0.27,True
2026-10-04T18:39:52+11:00,2532523,2509_325,-33.87356948852539,151.25137329101562,42.0,13.7,181,3.02,True
2026-10-04T18:39:52+11:00,2434777,2509_390X,-33.8909912109375,151.2494354248047,279.0,0.0,0,0.0,True
2026-10-04T18:39:52+11:00,2284303,2459_438X,-33.88319396972656,151.2038116455078,217.0,36.7,159,2.65,True
2026-10-04T18:39:52+11:00,2357328,2509_339,-33.895484924316406,151.221923828125,352.0,0.0,107,1.78,True
2026-10-04T18:39:52+11:00,2287193,2459_389,-33.87446594238281,151.21434020996094,5.0,27.7,52,0.87,True
2026-10-04T18:39:52+11:00,2352324,2509_392,-33.89400863647461,151.1985321044922,21.0,0.0,0,0.0,True
2026-10-04T18:39:52+11:00,2740000,2509_370,-33.913124084472656,151.2248992919922,138.0,31.0,-89,-1.48,False
2026-10-04T18:39:52+11:00,2288243,2459_437,-33.870704650878906,151.14193725585938,138.0,19.4,-12,-0.2,True
2026-10-04T18:39:52+11:00,2531961,2509_333,-33.870948791503906,151.21018981933594,7.0,22.0,121,2.02,True
2026-10-04T18:39:52+11:00,2533791,2509_380,-33.86319351196289,151.28089904785156,286.0,2.2,238,3.97,True
2026-10-04T18:39:52+11:00,2356011,2509_374,-33.91153335571289,151.23928833007812,189.0,35.3,112,1.87,True
2026-10-04T18:39:52+11:00,2628643,2509_304,-33.878517150878906,151.21031188964844,99.0,0.0,384,6.4,False
2026-10-04T18:39:52+11:00,2494788,2509_374,-33.92008972167969,151.25711059570312,190.0,7.6,0,0.0,True
2026-10-04T18:39:52+11:00,2564506,2509_379,-33.90459442138672,151.26710510253906,115.0,0.0,0,0.0,True
2026-10-04T18:39:52+11:00,2533409,2509_325,-33.844261169433594,151.28399658203125,8.0,30.6,0,0.0,True
2026-10-04T18:39:52+11:00,2533889,2509_352,-33.891780853271484,151.24732971191406,103.0,6.5,-3,-0.05,True
2026-10-04T18:39:52+11:00,2356544,2509_373,-33.90604019165039,151.23068237304688,115.0,31.0,-177,-2.95,False
2026-10-04T18:39:52+11:00,2357834,2509_373,-33.90895080566406,151.23838806152344,106.0,9.7,134,2.23,True
2026-10-04T18:39:52+11:00,2290970,2459_426,-33.88143539428711,151.20606994628906,224.0,0.0,-212,-3.53,False
2026-10-04T18:39:52+11:00,2488461,2509_392,-33.92298126220703,151.22743225097656,154.0,41.4,-75,-1.25,False
2026-10-04T18:39:52+11:00,2434746,2509_390X,-33.94142150878906,151.2395477294922,168.0,9.4,-119,-1.98,False
2026-10-04T18:39:52+11:00,2356670,2509_370,-33.91667556762695,151.2393341064453,189.0,7.2,88,1.47,True
2026-10-04T18:39:52+11:00,2686070,2459_423,-33.9239387512207,151.14141845703125,254.0,23.8,50,0.83,True
2026-10-04T18:39:52+11:00,2287372,2459_422,-33.88774871826172,151.18069458007812,319.0,28.8,-183,-3.05,False
2026-10-04T18:39:52+11:00,2531260,2509_333,-33.887149810791016,151.23036193847656,130.0,39.2,192,3.2,True
2026-10-04T18:39:52+11:00,2736718,2459_445,-33.904903411865234,151.12960815429688,274.0,37.4,241,4.02,True
2026-10-04T18:39:52+11:00,2628735,2509_304,-33.902427673339844,151.21267700195312,9.0,40.3,-66,-1.1,False
2026-10-04T18:39:52+11:00,2564502,2509_379,-33.888916015625,151.2676544189453,91.0,0.0,13,0.22,True
2026-10-04T18:39:52+11:00,2356823,2509_343,-33.89516067504883,151.2068634033203,191.0,41.4,250,4.17,True
2026-10-04T18:39:52+11:00,2356295,2509_343,-33.87311553955078,151.20993041992188,186.0,4.0,257,4.28,True
2026-10-04T18:39:52+11:00,2287812,2459_438X,-33.84484100341797,151.12850952148438,3.0,0.0,0,0.0,True
2026-10-04T18:39:52+11:00,2286111,2459_469,-33.882625579833984,151.17596435546875,52.0,26.3,-17,-0.28,True
2026-10-04T18:39:52+11:00,2286702,2459_431,-33.87285232543945,151.2099609375,185.0,0.0,12,0.2,True
2026-10-04T18:39:52+11:00,2668253,2459_420,-33.87907028198242,151.10325622558594,9.0,19.4,593,9.88,False
2026-10-04T18:39:52+11:00,2636730,2459_415,-33.8704833984375,151.10494995117188,191.0,26.3,6,0.1,True
2026-10-04T18:39:52+11:00,1959653,2459_413,-33.8843879699707,151.19613647460938,92.0,11.2,-219,-3.65,False
2026-10-04T18:39:52+11:00,2533292,2509_350,-33.93928527832031,151.21414184570312,316.0,38.9,-41,-0.68,True
2026-10-04T18:39:52+11:00,2534527,2509_350,-33.92841720581055,151.2552032470703,187.0,0.0,254,4.23,True
2026-10-04T18:39:52+11:00,2533692,2509_350,-33.92155456542969,151.2566680908203,10.0,16.9,405,6.75,False
2026-10-04T18:39:52+11:00,2356016,2509_373,-33.877296447753906,151.21189880371094,22.0,0.0,21,0.35,True
2026-10-04T18:39:52+11:00,2290367,2459_440,-33.88413619995117,151.15696716308594,352.0,0.0,12,0.2,True
2026-10-04T18:39:52+11:00,2352393,2509_392,-33.942298889160156,151.22744750976562,200.0,46.1,145,2.42,True
2026-10-04T18:39:52+11:00,2531920,2509_324,-33.843711853027344,151.28407287597656,5.0,0.0,0,0.0,True
2026-10-04T18:39:52+11:00,2290427,2459_303,-33.91786193847656,151.22576904296875,277.0,0.0,0,0.0,True
2026-10-04T18:39:52+11:00,2211282,2459_464,-33.870426177978516,151.10501098632812,9.0,22.0,813,13.55,False
2026-10-04T18:39:52+11:00,2666343,2459_461X,-33.878963470458984,151.13111877441406,154.0,39.6,248,4.13,True
2026-10-04T18:39:52+11:00,2666409,2459_461X,-33.872039794921875,151.10467529296875,186.0,30.6,165,2.75,True
2026-10-04T18:39:52+11:00,2287392,2459_438X,-33.87262725830078,151.20999145507812,186.0,0.0,73,1.22,True
2026-10-04T18:39:52+11:00,2686140,2459_423,-33.88460159301758,151.19482421875,241.0,13.0,-85,-1.42,False
2026-10-04T18:39:52+11:00,2290852,2459_418,-33.91885757446289,151.16238403320312,97.0,35.3,32,0.53,True
2026-10-04T18:39:52+11:00,2532356,2509_380,-33.89430236816406,151.26678466796875,100.0,29.5,101,1.68,True
2026-10-04T18:39:52+11:00,2139508,2509_396,-33.94166946411133,151.23976135253906,280.0,0.0,104,1.73,True
2026-10-04T18:39:52+11:00,2288726,2459_433,-33.879638671875,151.18101501464844,57.0,20.5,186,3.1,True
2026-10-04T18:39:52+11:00,2548577,2509_328,-33.891109466552734,151.2486114501953,296.0,0.0,0,0.0,True
2026-10-04T18:39:52+11:00,2533720,2509_333,-33.89051055908203,151.24305725097656,288.0,40.0,-17,-0.28,True
2026-10-04T18:39:52+11:00,2534612,2509_360,-33.91264343261719,151.2626495361328,279.0,30.6,166,2.77,True
2026-10-04T18:39:52+11:00,2290917,2459_440,-33.882530212402344,151.20431518554688,196.0,23.8,-170,-2.83,False
2026-10-04T18:39:52+11:00,2357698,2509_343,-33.91496658325195,151.20497131347656,197.0,43.9,292,4.87,True
2026-10-04T18:39:52+11:00,2533854,2509_333,-33.86332321166992,151.21243286132812,86.0,0.0,0,0.0,True
2026-10-04T18:39:52+11:00,2286946,2459_426,-33.89921188354492,151.17129516601562,247.0,0.0,-59,-0.98,True
2026-10-04T18:39:52+11:00,2357824,2509_370,-33.911720275878906,151.20960998535156,290.0,11.9,-21,-0.35,True
2026-10-04T18:39:52+11:00,2554450,2459_358,-33.9233512878418,151.23995971679688,189.0,43.2,190,3.17,True
2026-10-04T18:39:52+11:00,2628737,2509_304,-33.90199279785156,151.2129364013672,189.0,2.5,-113,-1.88,False
2026-10-04T18:39:52+11:00,2736671,2459_308,-33.90596008300781,151.18093872070312,338.0,1.1,1129,18.82,False
2026-10-04T18:39:52+11:00,2286750,2459_438X,-33.865970611572266,151.2111358642578,33.0,35.6,133,2.22,True
2026-10-04T18:39:52+11:00,1941053,2459_412,-33.89276885986328,151.157958984375,287.0,4.0,16,0.27,True
2026-10-04T18:39:52+11:00,2533806,2509_350,-33.9207649230957,151.2568817138672,12.0,23.4,1011,16.85,False
2026-10-04T18:39:52+11:00,2356314,2509_370,-33.90229034423828,151.19775390625,254.0,43.2,167,2.78,True
2026-10-04T18:39:52+11:00,2288966,2459_423,-33.88719940185547,151.1934814453125,36.0,39.6,641,10.68,False
2026-10-04T18:39:52+11:00,2660249,2459_320,-33.89433288574219,151.2069854736328,190.0,57.2,113,1.88,True
2026-10-04T18:39:52+11:00,2533633,2509_333,-33.89174270629883,151.24734497070312,265.0,15.1,-151,-2.52,False
2026-10-04T18:39:52+11:00,2666462,2459_461X,-33.88066482543945,151.13211059570312,338.0,18.4,-169,-2.82,False
2026-10-04T18:39:52+11:00,2531806,2509_325,-33.8737678527832,151.21282958984375,281.0,0.0,379,6.32,False
2026-10-04T18:39:52+11:00,2532213,2509_362,-33.884124755859375,151.2687530517578,211.0,34.9,-88,-1.47,False
2026-10-04T18:39:52+11:00,2283339,2459_470,-33.878536224365234,151.16441345214844,196.0,36.4,45,0.75,True
2026-10-04T18:39:52+11:00,2532006,2509_333,-33.87683868408203,151.20974731445312,273.0,9.4,20,0.33,True
2026-10-04T18:39:52+11:00,2475174,2459_389,-33.885501861572266,151.23568725585938,130.0,17.6,52,0.87,True
2026-10-04T18:39:52+11:00,2739978,2509_370,-33.91636657714844,151.2362518310547,99.0,0.0,286,4.77,True
2026-10-04T18:39:52+11:00,2494782,2509_343,-33.88554382324219,151.20700073242188,43.0,17.6,21,0.35,True
2026-10-04T18:39:52+11:00,2532426,2509_381,-33.89645004272461,151.26878356933594,301.0,34.9,100,1.67,True
2026-10-04T18:39:52+11:00,2494871,2509_343,-33.92325973510742,151.209228515625,279.0,40.0,-51,-0.85,True
2026-10-04T18:39:52+11:00,2137323,2509_306,-33.924644470214844,151.18714904785156,6.0,0.0,0,0.0,True
2026-10-04T18:39:52+11:00,2290847,2459_442,-33.872249603271484,151.2064666748047,174.0,0.0,-94,-1.57,False
2026-10-04T18:39:52+11:00,2532758,2509_333,-33.89521408081055,151.27159118652344,114.0,0.0,184,3.07,True
2026-10-04T18:39:52+11:00,2675129,2509_309,-33.910064697265625,151.20236206054688,200.0,21.6,67,1.12,True
2026-10-04T18:39:52+11:00,2283786,2459_470,-33.883888244628906,151.1875,272.0,31.3,187,3.12,True
2026-10-04T18:39:52+11:00,2138506,2509_396,-33.86166763305664,151.2113800048828,70.0,13.3,0,0.0,True
2026-10-04T18:39:52+11:00,2286839,2459_442,-33.86103057861328,151.1769256591797,211.0,2.2,60,1.0,True
2026-10-04T18:39:52+11:00,2352497,2509_392,-33.89993667602539,151.21060180664062,213.0,0.0,262,4.37,True
2026-10-04T18:39:52+11:00,2551810,2509_379,-33.88819122314453,151.26576232910156,306.0,32.8,-9,-0.15,True
2026-10-04T18:39:52+11:00,2287845,2459_423,-33.9107780456543,151.15618896484375,46.0,5.8,2,0.03,True
2026-10-04T18:39:52+11:00,2398259,2509_392,-33.90977478027344,151.2215118408203,279.0,33.8,287,4.78,True
2026-10-04T18:39:52+11:00,2138015,2509_306,-33.922882080078125,151.20704650878906,299.0,22.0,293,4.88,True
2026-10-04T18:39:52+11:00,2356511,2509_373,-33.883304595947266,151.2174072265625,351.0,42.8,-68,-1.13,False
2026-10-04T18:39:52+11:00,2686176,2459_423,-33.89870834350586,151.1748504638672,265.0,0.0,153,2.55,True
2026-10-04T18:39:52+11:00,2534621,2509_325,-33.865028381347656,151.20321655273438,174.0,34.9,86,1.43,True
2026-10-04T18:39:52+11:00,2352721,2509_356,-33.913551330566406,151.2396697998047,170.0,5.4,665,11.08,False
2026-10-04T18:39:52+11:00,2290484,2459_422,-33.88316345214844,151.2041015625,24.0,0.0,59,0.98,True
2026-10-04T18:39:52+11:00,1958627,2459_412,-33.891578674316406,151.1736602783203,99.0,35.3,11,0.18,True
2026-10-04T18:39:52+11:00,2532586,2509_333,-33.89476013183594,151.26907348632812,281.0,19.4,-17,-0.28,True
2026-10-04T18:39:52+11:00,2399794,2509_390X,-33.92972946166992,151.23611450195312,329.0,50.4,358,5.97,False
2026-10-04T18:39:52+11:00,2596418,2459_492,-33.8945426940918,151.11111450195312,74.0,29.5,-73,-1.22,False
2026-10-04T18:39:52+11:00,2531506,2509_333,-33.889652252197266,151.28321838378906,191.0,0.0,50,0.83,True
2026-10-04T18:39:52+11:00,2284951,2459_469,-33.88022994995117,151.1789093017578,290.0,46.4,0,0.0,True
2026-10-04T18:39:52+11:00,2398219,2509_392,-33.896522521972656,151.19947814941406,274.0,0.0,-76,-1.27,False
2026-10-04T18:39:52+11:00,2531772,2509_333,-33.86164855957031,151.21185302734375,95.0,0.4,170,2.83,True
2026-10-04T18:39:52+11:00,2531212,2509_352,-33.89816665649414,151.1784210205078,213.0,4.7,126,2.1,True
2026-10-04T18:39:52+11:00,2533249,2509_333,-33.8941764831543,151.2656707763672,101.0,36.4,710,11.83,False
2026-10-04T18:39:52+11:00,2531629,2509_362,-33.87153244018555,151.27162170410156,321.0,38.2,-302,-5.03,False
2026-10-04T18:39:52+11:00,2356800,2509_370,-33.89815902709961,151.17825317382812,29.0,0.0,-79,-1.32,False
2026-10-04T18:39:52+11:00,2534061,2509_333,-33.87685775756836,151.21063232421875,271.0,34.9,-149,-2.48,False
2026-10-04T18:39:52+11:00,2686150,2459_423,-33.865692138671875,151.21023559570312,218.0,0.0,280,4.67,True
2026-10-04T18:39:52+11:00,2288859,2459_438X,-33.87089538574219,151.210205078125,6.0,0.0,0,0.0,True
2026-10-04T18:39:52+11:00,2564409,2509_379,-33.89095687866211,151.24928283691406,280.0,26.3,167,2.78,True
2026-10-04T18:39:52+11:00,2636684,2459_504,-33.85519027709961,151.15859985351562,142.0,43.2,239,3.98,True
2026-10-04T18:39:52+11:00,2554107,2459_358,-33.874900817871094,151.10443115234375,93.0,18.7,104,1.73,True
2026-10-04T18:39:52+11:00,2286262,2459_438X,-33.888145446777344,151.15750122070312,345.0,24.5,25,0.42,True
2026-10-04T18:39:52+11:00,2400282,2509_309,-33.95570755004883,151.230224609375,353.0,18.7,76,1.27,True
2026-10-04T18:39:52+11:00,2138831,2509_306,-33.89314270019531,151.19894409179688,21.0,0.0,0,0.0,True
2026-10-04T18:39:52+11:00,2531619,2509_360,-33.89500045776367,151.25048828125,150.0,38.5,51,0.85,True
2026-10-04T18:39:52+11:00,2488415,2509_392,-33.892906188964844,151.20022583007812,210.0,10.8,0,0.0,True
2026-10-04T18:39:52+11:00,2211205,2459_406,-33.90993118286133,151.1322021484375,121.0,14.4,-131,-2.18,False
2026-10-04T18:39:52+11:00,2739911,2509_370,-33.904335021972656,151.19004821777344,35.0,0.0,316,5.27,False
2026-10-04T18:39:52+11:00,2608985,2459_430,-33.91145324707031,151.1607208251953,213.0,34.9,9,0.15,True
2026-10-04T18:39:52+11:00,2137716,2509_396,-33.934749603271484,151.238037109375,169.0,34.9,414,6.9,False
2026-10-04T18:39:52+11:00,2531833,2509_333,-33.89175796508789,151.24734497070312,270.0,13.3,381,6.35,False
2026-10-04T18:39:52+11:00,2596299,2459_492,-33.87499237060547,151.1240234375,220.0,28.8,59,0.98,True
2026-10-04T18:39:52+11:00,2287322,2459_428,-33.91144943237305,151.11874389648438,141.0,0.0,63,1.05,True
2026-10-04T18:39:52+11:00,2534738,2509_333,-33.87749099731445,151.21304321289062,315.0,0.0,-274,-4.57,False
2026-10-04T18:39:52+11:00,2289808,2459_442,-33.8570671081543,151.19541931152344,78.0,0.0,0,0.0,True
2026-10-04T18:39:52+11:00,2356393,2509_373,-33.91962814331055,151.25697326660156,10.0,0.0,0,0.0,True
2026-10-04T18:39:52+11:00,2554412,2459_358,-33.92340087890625,151.2106170654297,94.0,37.8,-18,-0.3,True
2026-10-04T18:39:52+11:00,2609056,2459_430,-33.895423889160156,151.1814422607422,38.0,23.8,123,2.05,True
2026-10-04T18:39:52+11:00,2494885,2509_374,-33.89180374145508,151.21473693847656,277.0,0.0,-54,-0.9,True
2026-10-04T18:39:52+11:00,2352584,2509_356,-33.8908576965332,151.24826049804688,275.0,0.0,0,0.0,True
2026-10-04T18:39:52+11:00,2352517,2509_307,-33.94798278808594,151.20945739746094,356.0,41.4,-99,-1.65,False
2026-10-04T18:39:52+11:00,2140525,2509_375,-33.930240631103516,151.25558471679688,5.0,50.8,177,2.95,True
2026-10-04T18:39:52+11:00,2628752,2509_304,-33.87131118774414,151.21014404296875,6.0,10.8,-241,-4.02,False
2026-10-04T18:39:52+11:00,2666535,2459_461X,-33.87385559082031,151.21337890625,281.0,27.7,-258,-4.3,False
2026-10-04T18:39:52+11:00,2532569,2509_350,-33.891136169433594,151.2488250732422,282.0,0.0,60,1.0,True
2026-10-04T18:39:52+11:00,2285647,2459_426,-33.88882064819336,151.191162109375,59.0,42.5,507,8.45,False
2026-10-04T18:39:52+11:00,2554204,2459_358,-33.915470123291016,151.1656951904297,10.0,0.0,124,2.07,True
2026-10-04T18:39:52+11:00,2286610,2459_470,-33.86897277832031,151.21044921875,189.0,0.0,120,2.0,True
2026-10-04T18:39:52+11:00,2139563,2509_396,-33.89534378051758,151.22158813476562,348.0,0.0,358,5.97,False
2026-10-04T18:39:52+11:00,2564456,2509_386,-33.873634338378906,151.27340698242188,23.0,0.0,197,3.28,True
2026-10-04T18:39:52+11:00,2564425,2509_387,-33.89139938354492,151.24884033203125,98.0,0.0,0,0.0,True
2026-10-04T18:39:52+11:00,2554409,2459_358,-33.917152404785156,151.176025390625,323.0,52.6,-20,-0.33,True
2026-10-04T18:39:52+11:00,2290630,2459_442,-33.857913970947266,151.18310546875,114.0,24.8,-254,-4.23,False
2026-10-04T18:39:52+11:00,2356025,2509_373,-33.9090576171875,151.2389678955078,275.0,0.0,72,1.2,True
2026-10-04T18:39:52+11:00,2533602,2509_355,-33.89143753051758,151.21192932128906,278.0,0.0,305,5.08,False
2026-10-04T18:39:52+11:00,2284440,2459_348,-33.912269592285156,151.1795654296875,208.0,1.1,724,12.07,False
2026-10-04T18:39:52+11:00,2532525,2509_333,-33.87999725341797,151.21682739257812,183.0,45.7,15,0.25,True
2026-10-04T18:39:52+11:00,2596335,2459_492,-33.87521743774414,151.10751342773438,193.0,2.5,1076,17.93,False
2026-10-04T18:39:52+11:00,2289480,2459_440,-33.8720703125,151.15745544433594,256.0,18.4,-60,-1.0,True
